[2026-06-24T06:06:50.677+0000] {processor.py:161} INFO - Started process (PID=82) to work on /home/airflow/.local/lib/python3.12/site-packages/airflow/example_dags/example_params_ui_tutorial.py
[2026-06-24T06:06:50.678+0000] {processor.py:830} INFO - Processing file /home/airflow/.local/lib/python3.12/site-packages/airflow/example_dags/example_params_ui_tutorial.py for tasks to queue
[2026-06-24T06:06:50.680+0000] {logging_mixin.py:188} INFO - [2026-06-24T06:06:50.680+0000] {dagbag.py:545} INFO - Filling up the DagBag from /home/airflow/.local/lib/python3.12/site-packages/airflow/example_dags/example_params_ui_tutorial.py
[2026-06-24T06:06:50.706+0000] {processor.py:840} INFO - DAG(s) 'example_params_ui_tutorial' retrieved from /home/airflow/.local/lib/python3.12/site-packages/airflow/example_dags/example_params_ui_tutorial.py
[2026-06-24T06:06:51.346+0000] {logging_mixin.py:188} INFO - [2026-06-24T06:06:51.346+0000] {dag.py:3096} INFO - Sync 1 DAGs
[2026-06-24T06:06:51.361+0000] {logging_mixin.py:188} INFO - [2026-06-24T06:06:51.361+0000] {dag.py:3954} INFO - Setting next_dagrun for example_params_ui_tutorial to None, run_after=None
[2026-06-24T06:06:51.605+0000] {processor.py:183} INFO - Processing /home/airflow/.local/lib/python3.12/site-packages/airflow/example_dags/example_params_ui_tutorial.py took 0.943 seconds
[2026-06-24T06:07:22.290+0000] {processor.py:161} INFO - Started process (PID=141) to work on /home/airflow/.local/lib/python3.12/site-packages/airflow/example_dags/example_params_ui_tutorial.py
[2026-06-24T06:07:22.293+0000] {processor.py:830} INFO - Processing file /home/airflow/.local/lib/python3.12/site-packages/airflow/example_dags/example_params_ui_tutorial.py for tasks to queue
[2026-06-24T06:07:22.297+0000] {logging_mixin.py:188} INFO - [2026-06-24T06:07:22.297+0000] {dagbag.py:545} INFO - Filling up the DagBag from /home/airflow/.local/lib/python3.12/site-packages/airflow/example_dags/example_params_ui_tutorial.py
[2026-06-24T06:07:22.326+0000] {processor.py:840} INFO - DAG(s) 'example_params_ui_tutorial' retrieved from /home/airflow/.local/lib/python3.12/site-packages/airflow/example_dags/example_params_ui_tutorial.py
[2026-06-24T06:07:22.431+0000] {logging_mixin.py:188} INFO - [2026-06-24T06:07:22.430+0000] {dag.py:3096} INFO - Sync 1 DAGs
[2026-06-24T06:07:22.457+0000] {logging_mixin.py:188} INFO - [2026-06-24T06:07:22.457+0000] {dag.py:3954} INFO - Setting next_dagrun for example_params_ui_tutorial to None, run_after=None
[2026-06-24T06:07:22.481+0000] {processor.py:183} INFO - Processing /home/airflow/.local/lib/python3.12/site-packages/airflow/example_dags/example_params_ui_tutorial.py took 0.206 seconds
[2026-06-24T06:07:54.060+0000] {processor.py:161} INFO - Started process (PID=200) to work on /home/airflow/.local/lib/python3.12/site-packages/airflow/example_dags/example_params_ui_tutorial.py
[2026-06-24T06:07:54.064+0000] {processor.py:830} INFO - Processing file /home/airflow/.local/lib/python3.12/site-packages/airflow/example_dags/example_params_ui_tutorial.py for tasks to queue
[2026-06-24T06:07:54.077+0000] {logging_mixin.py:188} INFO - [2026-06-24T06:07:54.077+0000] {dagbag.py:545} INFO - Filling up the DagBag from /home/airflow/.local/lib/python3.12/site-packages/airflow/example_dags/example_params_ui_tutorial.py
[2026-06-24T06:07:54.174+0000] {processor.py:840} INFO - DAG(s) 'example_params_ui_tutorial' retrieved from /home/airflow/.local/lib/python3.12/site-packages/airflow/example_dags/example_params_ui_tutorial.py
[2026-06-24T06:07:54.477+0000] {logging_mixin.py:188} INFO - [2026-06-24T06:07:54.477+0000] {dag.py:3096} INFO - Sync 1 DAGs
[2026-06-24T06:07:54.504+0000] {logging_mixin.py:188} INFO - [2026-06-24T06:07:54.501+0000] {dag.py:3954} INFO - Setting next_dagrun for example_params_ui_tutorial to None, run_after=None
[2026-06-24T06:07:54.570+0000] {processor.py:183} INFO - Processing /home/airflow/.local/lib/python3.12/site-packages/airflow/example_dags/example_params_ui_tutorial.py took 0.560 seconds
[2026-06-24T06:08:24.962+0000] {processor.py:161} INFO - Started process (PID=259) to work on /home/airflow/.local/lib/python3.12/site-packages/airflow/example_dags/example_params_ui_tutorial.py
[2026-06-24T06:08:24.963+0000] {processor.py:830} INFO - Processing file /home/airflow/.local/lib/python3.12/site-packages/airflow/example_dags/example_params_ui_tutorial.py for tasks to queue
[2026-06-24T06:08:24.965+0000] {logging_mixin.py:188} INFO - [2026-06-24T06:08:24.965+0000] {dagbag.py:545} INFO - Filling up the DagBag from /home/airflow/.local/lib/python3.12/site-packages/airflow/example_dags/example_params_ui_tutorial.py
[2026-06-24T06:08:24.979+0000] {processor.py:840} INFO - DAG(s) 'example_params_ui_tutorial' retrieved from /home/airflow/.local/lib/python3.12/site-packages/airflow/example_dags/example_params_ui_tutorial.py
[2026-06-24T06:08:25.098+0000] {logging_mixin.py:188} INFO - [2026-06-24T06:08:25.098+0000] {dag.py:3096} INFO - Sync 1 DAGs
[2026-06-24T06:08:25.118+0000] {logging_mixin.py:188} INFO - [2026-06-24T06:08:25.118+0000] {dag.py:3954} INFO - Setting next_dagrun for example_params_ui_tutorial to None, run_after=None
[2026-06-24T06:08:25.139+0000] {processor.py:183} INFO - Processing /home/airflow/.local/lib/python3.12/site-packages/airflow/example_dags/example_params_ui_tutorial.py took 0.184 seconds
[2026-06-24T06:08:55.385+0000] {processor.py:161} INFO - Started process (PID=318) to work on /home/airflow/.local/lib/python3.12/site-packages/airflow/example_dags/example_params_ui_tutorial.py
[2026-06-24T06:08:55.386+0000] {processor.py:830} INFO - Processing file /home/airflow/.local/lib/python3.12/site-packages/airflow/example_dags/example_params_ui_tutorial.py for tasks to queue
[2026-06-24T06:08:55.389+0000] {logging_mixin.py:188} INFO - [2026-06-24T06:08:55.389+0000] {dagbag.py:545} INFO - Filling up the DagBag from /home/airflow/.local/lib/python3.12/site-packages/airflow/example_dags/example_params_ui_tutorial.py
[2026-06-24T06:08:55.405+0000] {processor.py:840} INFO - DAG(s) 'example_params_ui_tutorial' retrieved from /home/airflow/.local/lib/python3.12/site-packages/airflow/example_dags/example_params_ui_tutorial.py
[2026-06-24T06:08:55.484+0000] {logging_mixin.py:188} INFO - [2026-06-24T06:08:55.484+0000] {dag.py:3096} INFO - Sync 1 DAGs
[2026-06-24T06:08:55.502+0000] {logging_mixin.py:188} INFO - [2026-06-24T06:08:55.502+0000] {dag.py:3954} INFO - Setting next_dagrun for example_params_ui_tutorial to None, run_after=None
[2026-06-24T06:08:55.523+0000] {processor.py:183} INFO - Processing /home/airflow/.local/lib/python3.12/site-packages/airflow/example_dags/example_params_ui_tutorial.py took 0.145 seconds
[2026-06-24T06:09:25.695+0000] {processor.py:161} INFO - Started process (PID=377) to work on /home/airflow/.local/lib/python3.12/site-packages/airflow/example_dags/example_params_ui_tutorial.py
[2026-06-24T06:09:25.696+0000] {processor.py:830} INFO - Processing file /home/airflow/.local/lib/python3.12/site-packages/airflow/example_dags/example_params_ui_tutorial.py for tasks to queue
[2026-06-24T06:09:25.699+0000] {logging_mixin.py:188} INFO - [2026-06-24T06:09:25.699+0000] {dagbag.py:545} INFO - Filling up the DagBag from /home/airflow/.local/lib/python3.12/site-packages/airflow/example_dags/example_params_ui_tutorial.py
[2026-06-24T06:09:25.717+0000] {processor.py:840} INFO - DAG(s) 'example_params_ui_tutorial' retrieved from /home/airflow/.local/lib/python3.12/site-packages/airflow/example_dags/example_params_ui_tutorial.py
[2026-06-24T06:09:25.801+0000] {logging_mixin.py:188} INFO - [2026-06-24T06:09:25.800+0000] {dag.py:3096} INFO - Sync 1 DAGs
[2026-06-24T06:09:25.818+0000] {logging_mixin.py:188} INFO - [2026-06-24T06:09:25.817+0000] {dag.py:3954} INFO - Setting next_dagrun for example_params_ui_tutorial to None, run_after=None
[2026-06-24T06:09:25.840+0000] {processor.py:183} INFO - Processing /home/airflow/.local/lib/python3.12/site-packages/airflow/example_dags/example_params_ui_tutorial.py took 0.152 seconds
[2026-06-24T06:09:56.395+0000] {processor.py:161} INFO - Started process (PID=436) to work on /home/airflow/.local/lib/python3.12/site-packages/airflow/example_dags/example_params_ui_tutorial.py
[2026-06-24T06:09:56.396+0000] {processor.py:830} INFO - Processing file /home/airflow/.local/lib/python3.12/site-packages/airflow/example_dags/example_params_ui_tutorial.py for tasks to queue
[2026-06-24T06:09:56.398+0000] {logging_mixin.py:188} INFO - [2026-06-24T06:09:56.398+0000] {dagbag.py:545} INFO - Filling up the DagBag from /home/airflow/.local/lib/python3.12/site-packages/airflow/example_dags/example_params_ui_tutorial.py
[2026-06-24T06:09:56.413+0000] {processor.py:840} INFO - DAG(s) 'example_params_ui_tutorial' retrieved from /home/airflow/.local/lib/python3.12/site-packages/airflow/example_dags/example_params_ui_tutorial.py
[2026-06-24T06:09:56.500+0000] {logging_mixin.py:188} INFO - [2026-06-24T06:09:56.499+0000] {dag.py:3096} INFO - Sync 1 DAGs
[2026-06-24T06:09:56.516+0000] {logging_mixin.py:188} INFO - [2026-06-24T06:09:56.516+0000] {dag.py:3954} INFO - Setting next_dagrun for example_params_ui_tutorial to None, run_after=None
[2026-06-24T06:09:56.537+0000] {processor.py:183} INFO - Processing /home/airflow/.local/lib/python3.12/site-packages/airflow/example_dags/example_params_ui_tutorial.py took 0.151 seconds
[2026-06-24T06:10:27.371+0000] {processor.py:161} INFO - Started process (PID=495) to work on /home/airflow/.local/lib/python3.12/site-packages/airflow/example_dags/example_params_ui_tutorial.py
[2026-06-24T06:10:27.372+0000] {processor.py:830} INFO - Processing file /home/airflow/.local/lib/python3.12/site-packages/airflow/example_dags/example_params_ui_tutorial.py for tasks to queue
[2026-06-24T06:10:27.374+0000] {logging_mixin.py:188} INFO - [2026-06-24T06:10:27.374+0000] {dagbag.py:545} INFO - Filling up the DagBag from /home/airflow/.local/lib/python3.12/site-packages/airflow/example_dags/example_params_ui_tutorial.py
[2026-06-24T06:10:27.398+0000] {processor.py:840} INFO - DAG(s) 'example_params_ui_tutorial' retrieved from /home/airflow/.local/lib/python3.12/site-packages/airflow/example_dags/example_params_ui_tutorial.py
[2026-06-24T06:10:27.488+0000] {logging_mixin.py:188} INFO - [2026-06-24T06:10:27.488+0000] {dag.py:3096} INFO - Sync 1 DAGs
[2026-06-24T06:10:27.503+0000] {logging_mixin.py:188} INFO - [2026-06-24T06:10:27.503+0000] {dag.py:3954} INFO - Setting next_dagrun for example_params_ui_tutorial to None, run_after=None
[2026-06-24T06:10:27.526+0000] {processor.py:183} INFO - Processing /home/airflow/.local/lib/python3.12/site-packages/airflow/example_dags/example_params_ui_tutorial.py took 0.162 seconds
[2026-06-24T06:10:58.285+0000] {processor.py:161} INFO - Started process (PID=554) to work on /home/airflow/.local/lib/python3.12/site-packages/airflow/example_dags/example_params_ui_tutorial.py
[2026-06-24T06:10:58.286+0000] {processor.py:830} INFO - Processing file /home/airflow/.local/lib/python3.12/site-packages/airflow/example_dags/example_params_ui_tutorial.py for tasks to queue
[2026-06-24T06:10:58.288+0000] {logging_mixin.py:188} INFO - [2026-06-24T06:10:58.288+0000] {dagbag.py:545} INFO - Filling up the DagBag from /home/airflow/.local/lib/python3.12/site-packages/airflow/example_dags/example_params_ui_tutorial.py
[2026-06-24T06:10:58.302+0000] {processor.py:840} INFO - DAG(s) 'example_params_ui_tutorial' retrieved from /home/airflow/.local/lib/python3.12/site-packages/airflow/example_dags/example_params_ui_tutorial.py
[2026-06-24T06:10:58.382+0000] {logging_mixin.py:188} INFO - [2026-06-24T06:10:58.381+0000] {dag.py:3096} INFO - Sync 1 DAGs
[2026-06-24T06:10:58.398+0000] {logging_mixin.py:188} INFO - [2026-06-24T06:10:58.398+0000] {dag.py:3954} INFO - Setting next_dagrun for example_params_ui_tutorial to None, run_after=None
[2026-06-24T06:10:58.418+0000] {processor.py:183} INFO - Processing /home/airflow/.local/lib/python3.12/site-packages/airflow/example_dags/example_params_ui_tutorial.py took 0.141 seconds
[2026-06-24T06:11:29.160+0000] {processor.py:161} INFO - Started process (PID=619) to work on /home/airflow/.local/lib/python3.12/site-packages/airflow/example_dags/example_params_ui_tutorial.py
[2026-06-24T06:11:29.161+0000] {processor.py:830} INFO - Processing file /home/airflow/.local/lib/python3.12/site-packages/airflow/example_dags/example_params_ui_tutorial.py for tasks to queue
[2026-06-24T06:11:29.163+0000] {logging_mixin.py:188} INFO - [2026-06-24T06:11:29.163+0000] {dagbag.py:545} INFO - Filling up the DagBag from /home/airflow/.local/lib/python3.12/site-packages/airflow/example_dags/example_params_ui_tutorial.py
[2026-06-24T06:11:29.201+0000] {processor.py:840} INFO - DAG(s) 'example_params_ui_tutorial' retrieved from /home/airflow/.local/lib/python3.12/site-packages/airflow/example_dags/example_params_ui_tutorial.py
[2026-06-24T06:11:29.288+0000] {logging_mixin.py:188} INFO - [2026-06-24T06:11:29.287+0000] {dag.py:3096} INFO - Sync 1 DAGs
[2026-06-24T06:11:29.305+0000] {logging_mixin.py:188} INFO - [2026-06-24T06:11:29.304+0000] {dag.py:3954} INFO - Setting next_dagrun for example_params_ui_tutorial to None, run_after=None
[2026-06-24T06:11:29.326+0000] {processor.py:183} INFO - Processing /home/airflow/.local/lib/python3.12/site-packages/airflow/example_dags/example_params_ui_tutorial.py took 0.174 seconds
[2026-06-24T06:12:00.212+0000] {processor.py:161} INFO - Started process (PID=679) to work on /home/airflow/.local/lib/python3.12/site-packages/airflow/example_dags/example_params_ui_tutorial.py
[2026-06-24T06:12:00.217+0000] {processor.py:830} INFO - Processing file /home/airflow/.local/lib/python3.12/site-packages/airflow/example_dags/example_params_ui_tutorial.py for tasks to queue
[2026-06-24T06:12:00.223+0000] {logging_mixin.py:188} INFO - [2026-06-24T06:12:00.223+0000] {dagbag.py:545} INFO - Filling up the DagBag from /home/airflow/.local/lib/python3.12/site-packages/airflow/example_dags/example_params_ui_tutorial.py
[2026-06-24T06:12:00.291+0000] {processor.py:840} INFO - DAG(s) 'example_params_ui_tutorial' retrieved from /home/airflow/.local/lib/python3.12/site-packages/airflow/example_dags/example_params_ui_tutorial.py
[2026-06-24T06:12:00.546+0000] {logging_mixin.py:188} INFO - [2026-06-24T06:12:00.546+0000] {dag.py:3096} INFO - Sync 1 DAGs
[2026-06-24T06:12:00.603+0000] {logging_mixin.py:188} INFO - [2026-06-24T06:12:00.603+0000] {dag.py:3954} INFO - Setting next_dagrun for example_params_ui_tutorial to None, run_after=None
[2026-06-24T06:12:00.651+0000] {processor.py:183} INFO - Processing /home/airflow/.local/lib/python3.12/site-packages/airflow/example_dags/example_params_ui_tutorial.py took 0.470 seconds
[2026-06-24T06:12:30.844+0000] {processor.py:161} INFO - Started process (PID=738) to work on /home/airflow/.local/lib/python3.12/site-packages/airflow/example_dags/example_params_ui_tutorial.py
[2026-06-24T06:12:30.845+0000] {processor.py:830} INFO - Processing file /home/airflow/.local/lib/python3.12/site-packages/airflow/example_dags/example_params_ui_tutorial.py for tasks to queue
[2026-06-24T06:12:30.847+0000] {logging_mixin.py:188} INFO - [2026-06-24T06:12:30.846+0000] {dagbag.py:545} INFO - Filling up the DagBag from /home/airflow/.local/lib/python3.12/site-packages/airflow/example_dags/example_params_ui_tutorial.py
[2026-06-24T06:12:30.861+0000] {processor.py:840} INFO - DAG(s) 'example_params_ui_tutorial' retrieved from /home/airflow/.local/lib/python3.12/site-packages/airflow/example_dags/example_params_ui_tutorial.py
[2026-06-24T06:12:30.923+0000] {logging_mixin.py:188} INFO - [2026-06-24T06:12:30.923+0000] {dag.py:3096} INFO - Sync 1 DAGs
[2026-06-24T06:12:30.935+0000] {logging_mixin.py:188} INFO - [2026-06-24T06:12:30.934+0000] {dag.py:3954} INFO - Setting next_dagrun for example_params_ui_tutorial to None, run_after=None
[2026-06-24T06:12:30.951+0000] {processor.py:183} INFO - Processing /home/airflow/.local/lib/python3.12/site-packages/airflow/example_dags/example_params_ui_tutorial.py took 0.116 seconds
[2026-06-24T06:13:01.438+0000] {processor.py:161} INFO - Started process (PID=797) to work on /home/airflow/.local/lib/python3.12/site-packages/airflow/example_dags/example_params_ui_tutorial.py
[2026-06-24T06:13:01.439+0000] {processor.py:830} INFO - Processing file /home/airflow/.local/lib/python3.12/site-packages/airflow/example_dags/example_params_ui_tutorial.py for tasks to queue
[2026-06-24T06:13:01.441+0000] {logging_mixin.py:188} INFO - [2026-06-24T06:13:01.441+0000] {dagbag.py:545} INFO - Filling up the DagBag from /home/airflow/.local/lib/python3.12/site-packages/airflow/example_dags/example_params_ui_tutorial.py
[2026-06-24T06:13:01.455+0000] {processor.py:840} INFO - DAG(s) 'example_params_ui_tutorial' retrieved from /home/airflow/.local/lib/python3.12/site-packages/airflow/example_dags/example_params_ui_tutorial.py
[2026-06-24T06:13:01.528+0000] {logging_mixin.py:188} INFO - [2026-06-24T06:13:01.527+0000] {dag.py:3096} INFO - Sync 1 DAGs
[2026-06-24T06:13:01.538+0000] {logging_mixin.py:188} INFO - [2026-06-24T06:13:01.538+0000] {dag.py:3954} INFO - Setting next_dagrun for example_params_ui_tutorial to None, run_after=None
[2026-06-24T06:13:01.554+0000] {processor.py:183} INFO - Processing /home/airflow/.local/lib/python3.12/site-packages/airflow/example_dags/example_params_ui_tutorial.py took 0.123 seconds
[2026-06-24T06:13:31.635+0000] {processor.py:161} INFO - Started process (PID=856) to work on /home/airflow/.local/lib/python3.12/site-packages/airflow/example_dags/example_params_ui_tutorial.py
[2026-06-24T06:13:31.636+0000] {processor.py:830} INFO - Processing file /home/airflow/.local/lib/python3.12/site-packages/airflow/example_dags/example_params_ui_tutorial.py for tasks to queue
[2026-06-24T06:13:31.638+0000] {logging_mixin.py:188} INFO - [2026-06-24T06:13:31.638+0000] {dagbag.py:545} INFO - Filling up the DagBag from /home/airflow/.local/lib/python3.12/site-packages/airflow/example_dags/example_params_ui_tutorial.py
[2026-06-24T06:13:31.652+0000] {processor.py:840} INFO - DAG(s) 'example_params_ui_tutorial' retrieved from /home/airflow/.local/lib/python3.12/site-packages/airflow/example_dags/example_params_ui_tutorial.py
[2026-06-24T06:13:31.708+0000] {logging_mixin.py:188} INFO - [2026-06-24T06:13:31.708+0000] {dag.py:3096} INFO - Sync 1 DAGs
[2026-06-24T06:13:31.719+0000] {logging_mixin.py:188} INFO - [2026-06-24T06:13:31.719+0000] {dag.py:3954} INFO - Setting next_dagrun for example_params_ui_tutorial to None, run_after=None
[2026-06-24T06:13:31.735+0000] {processor.py:183} INFO - Processing /home/airflow/.local/lib/python3.12/site-packages/airflow/example_dags/example_params_ui_tutorial.py took 0.107 seconds
[2026-06-24T06:14:01.907+0000] {processor.py:161} INFO - Started process (PID=915) to work on /home/airflow/.local/lib/python3.12/site-packages/airflow/example_dags/example_params_ui_tutorial.py
[2026-06-24T06:14:01.908+0000] {processor.py:830} INFO - Processing file /home/airflow/.local/lib/python3.12/site-packages/airflow/example_dags/example_params_ui_tutorial.py for tasks to queue
[2026-06-24T06:14:01.910+0000] {logging_mixin.py:188} INFO - [2026-06-24T06:14:01.910+0000] {dagbag.py:545} INFO - Filling up the DagBag from /home/airflow/.local/lib/python3.12/site-packages/airflow/example_dags/example_params_ui_tutorial.py
[2026-06-24T06:14:01.924+0000] {processor.py:840} INFO - DAG(s) 'example_params_ui_tutorial' retrieved from /home/airflow/.local/lib/python3.12/site-packages/airflow/example_dags/example_params_ui_tutorial.py
[2026-06-24T06:14:01.976+0000] {logging_mixin.py:188} INFO - [2026-06-24T06:14:01.975+0000] {dag.py:3096} INFO - Sync 1 DAGs
[2026-06-24T06:14:01.987+0000] {logging_mixin.py:188} INFO - [2026-06-24T06:14:01.987+0000] {dag.py:3954} INFO - Setting next_dagrun for example_params_ui_tutorial to None, run_after=None
[2026-06-24T06:14:02.008+0000] {processor.py:183} INFO - Processing /home/airflow/.local/lib/python3.12/site-packages/airflow/example_dags/example_params_ui_tutorial.py took 0.108 seconds
[2026-06-24T06:14:32.172+0000] {processor.py:161} INFO - Started process (PID=974) to work on /home/airflow/.local/lib/python3.12/site-packages/airflow/example_dags/example_params_ui_tutorial.py
[2026-06-24T06:14:32.172+0000] {processor.py:830} INFO - Processing file /home/airflow/.local/lib/python3.12/site-packages/airflow/example_dags/example_params_ui_tutorial.py for tasks to queue
[2026-06-24T06:14:32.175+0000] {logging_mixin.py:188} INFO - [2026-06-24T06:14:32.174+0000] {dagbag.py:545} INFO - Filling up the DagBag from /home/airflow/.local/lib/python3.12/site-packages/airflow/example_dags/example_params_ui_tutorial.py
[2026-06-24T06:14:32.189+0000] {processor.py:840} INFO - DAG(s) 'example_params_ui_tutorial' retrieved from /home/airflow/.local/lib/python3.12/site-packages/airflow/example_dags/example_params_ui_tutorial.py
[2026-06-24T06:14:32.246+0000] {logging_mixin.py:188} INFO - [2026-06-24T06:14:32.245+0000] {dag.py:3096} INFO - Sync 1 DAGs
[2026-06-24T06:14:32.257+0000] {logging_mixin.py:188} INFO - [2026-06-24T06:14:32.257+0000] {dag.py:3954} INFO - Setting next_dagrun for example_params_ui_tutorial to None, run_after=None
[2026-06-24T06:14:32.275+0000] {processor.py:183} INFO - Processing /home/airflow/.local/lib/python3.12/site-packages/airflow/example_dags/example_params_ui_tutorial.py took 0.111 seconds
[2026-06-24T06:15:02.981+0000] {processor.py:161} INFO - Started process (PID=1033) to work on /home/airflow/.local/lib/python3.12/site-packages/airflow/example_dags/example_params_ui_tutorial.py
[2026-06-24T06:15:02.982+0000] {processor.py:830} INFO - Processing file /home/airflow/.local/lib/python3.12/site-packages/airflow/example_dags/example_params_ui_tutorial.py for tasks to queue
[2026-06-24T06:15:02.984+0000] {logging_mixin.py:188} INFO - [2026-06-24T06:15:02.983+0000] {dagbag.py:545} INFO - Filling up the DagBag from /home/airflow/.local/lib/python3.12/site-packages/airflow/example_dags/example_params_ui_tutorial.py
[2026-06-24T06:15:02.997+0000] {processor.py:840} INFO - DAG(s) 'example_params_ui_tutorial' retrieved from /home/airflow/.local/lib/python3.12/site-packages/airflow/example_dags/example_params_ui_tutorial.py
[2026-06-24T06:15:03.060+0000] {logging_mixin.py:188} INFO - [2026-06-24T06:15:03.060+0000] {dag.py:3096} INFO - Sync 1 DAGs
[2026-06-24T06:15:03.071+0000] {logging_mixin.py:188} INFO - [2026-06-24T06:15:03.071+0000] {dag.py:3954} INFO - Setting next_dagrun for example_params_ui_tutorial to None, run_after=None
[2026-06-24T06:15:03.087+0000] {processor.py:183} INFO - Processing /home/airflow/.local/lib/python3.12/site-packages/airflow/example_dags/example_params_ui_tutorial.py took 0.114 seconds
[2026-06-24T06:15:33.289+0000] {processor.py:161} INFO - Started process (PID=1092) to work on /home/airflow/.local/lib/python3.12/site-packages/airflow/example_dags/example_params_ui_tutorial.py
[2026-06-24T06:15:33.290+0000] {processor.py:830} INFO - Processing file /home/airflow/.local/lib/python3.12/site-packages/airflow/example_dags/example_params_ui_tutorial.py for tasks to queue
[2026-06-24T06:15:33.293+0000] {logging_mixin.py:188} INFO - [2026-06-24T06:15:33.292+0000] {dagbag.py:545} INFO - Filling up the DagBag from /home/airflow/.local/lib/python3.12/site-packages/airflow/example_dags/example_params_ui_tutorial.py
[2026-06-24T06:15:33.307+0000] {processor.py:840} INFO - DAG(s) 'example_params_ui_tutorial' retrieved from /home/airflow/.local/lib/python3.12/site-packages/airflow/example_dags/example_params_ui_tutorial.py
[2026-06-24T06:15:33.387+0000] {logging_mixin.py:188} INFO - [2026-06-24T06:15:33.387+0000] {dag.py:3096} INFO - Sync 1 DAGs
[2026-06-24T06:15:33.406+0000] {logging_mixin.py:188} INFO - [2026-06-24T06:15:33.406+0000] {dag.py:3954} INFO - Setting next_dagrun for example_params_ui_tutorial to None, run_after=None
[2026-06-24T06:15:33.423+0000] {processor.py:183} INFO - Processing /home/airflow/.local/lib/python3.12/site-packages/airflow/example_dags/example_params_ui_tutorial.py took 0.141 seconds
[2026-06-24T06:16:04.235+0000] {processor.py:161} INFO - Started process (PID=1152) to work on /home/airflow/.local/lib/python3.12/site-packages/airflow/example_dags/example_params_ui_tutorial.py
[2026-06-24T06:16:04.239+0000] {processor.py:830} INFO - Processing file /home/airflow/.local/lib/python3.12/site-packages/airflow/example_dags/example_params_ui_tutorial.py for tasks to queue
[2026-06-24T06:16:04.244+0000] {logging_mixin.py:188} INFO - [2026-06-24T06:16:04.244+0000] {dagbag.py:545} INFO - Filling up the DagBag from /home/airflow/.local/lib/python3.12/site-packages/airflow/example_dags/example_params_ui_tutorial.py
[2026-06-24T06:16:04.289+0000] {processor.py:840} INFO - DAG(s) 'example_params_ui_tutorial' retrieved from /home/airflow/.local/lib/python3.12/site-packages/airflow/example_dags/example_params_ui_tutorial.py
[2026-06-24T06:16:04.571+0000] {logging_mixin.py:188} INFO - [2026-06-24T06:16:04.571+0000] {dag.py:3096} INFO - Sync 1 DAGs
[2026-06-24T06:16:04.608+0000] {logging_mixin.py:188} INFO - [2026-06-24T06:16:04.608+0000] {dag.py:3954} INFO - Setting next_dagrun for example_params_ui_tutorial to None, run_after=None
[2026-06-24T06:16:04.676+0000] {processor.py:183} INFO - Processing /home/airflow/.local/lib/python3.12/site-packages/airflow/example_dags/example_params_ui_tutorial.py took 0.462 seconds
[2026-06-24T06:16:35.537+0000] {processor.py:161} INFO - Started process (PID=1210) to work on /home/airflow/.local/lib/python3.12/site-packages/airflow/example_dags/example_params_ui_tutorial.py
[2026-06-24T06:16:35.538+0000] {processor.py:830} INFO - Processing file /home/airflow/.local/lib/python3.12/site-packages/airflow/example_dags/example_params_ui_tutorial.py for tasks to queue
[2026-06-24T06:16:35.540+0000] {logging_mixin.py:188} INFO - [2026-06-24T06:16:35.540+0000] {dagbag.py:545} INFO - Filling up the DagBag from /home/airflow/.local/lib/python3.12/site-packages/airflow/example_dags/example_params_ui_tutorial.py
[2026-06-24T06:16:35.558+0000] {processor.py:840} INFO - DAG(s) 'example_params_ui_tutorial' retrieved from /home/airflow/.local/lib/python3.12/site-packages/airflow/example_dags/example_params_ui_tutorial.py
[2026-06-24T06:16:35.656+0000] {logging_mixin.py:188} INFO - [2026-06-24T06:16:35.655+0000] {dag.py:3096} INFO - Sync 1 DAGs
[2026-06-24T06:16:35.679+0000] {logging_mixin.py:188} INFO - [2026-06-24T06:16:35.678+0000] {dag.py:3954} INFO - Setting next_dagrun for example_params_ui_tutorial to None, run_after=None
[2026-06-24T06:16:35.700+0000] {processor.py:183} INFO - Processing /home/airflow/.local/lib/python3.12/site-packages/airflow/example_dags/example_params_ui_tutorial.py took 0.173 seconds
[2026-06-24T06:18:51.114+0000] {processor.py:161} INFO - Started process (PID=93) to work on /home/airflow/.local/lib/python3.12/site-packages/airflow/example_dags/example_params_ui_tutorial.py
[2026-06-24T06:18:51.120+0000] {processor.py:830} INFO - Processing file /home/airflow/.local/lib/python3.12/site-packages/airflow/example_dags/example_params_ui_tutorial.py for tasks to queue
[2026-06-24T06:18:51.128+0000] {logging_mixin.py:188} INFO - [2026-06-24T06:18:51.128+0000] {dagbag.py:545} INFO - Filling up the DagBag from /home/airflow/.local/lib/python3.12/site-packages/airflow/example_dags/example_params_ui_tutorial.py
[2026-06-24T06:18:51.204+0000] {processor.py:840} INFO - DAG(s) 'example_params_ui_tutorial' retrieved from /home/airflow/.local/lib/python3.12/site-packages/airflow/example_dags/example_params_ui_tutorial.py
[2026-06-24T06:18:51.609+0000] {logging_mixin.py:188} INFO - [2026-06-24T06:18:51.608+0000] {override.py:1829} INFO - Created Permission View: can edit on DAG:example_params_ui_tutorial
[2026-06-24T06:18:51.646+0000] {logging_mixin.py:188} INFO - [2026-06-24T06:18:51.646+0000] {override.py:1829} INFO - Created Permission View: can delete on DAG:example_params_ui_tutorial
[2026-06-24T06:18:51.675+0000] {logging_mixin.py:188} INFO - [2026-06-24T06:18:51.675+0000] {override.py:1829} INFO - Created Permission View: can read on DAG:example_params_ui_tutorial
[2026-06-24T06:18:51.679+0000] {logging_mixin.py:188} INFO - [2026-06-24T06:18:51.679+0000] {dag.py:3096} INFO - Sync 1 DAGs
[2026-06-24T06:18:51.734+0000] {logging_mixin.py:188} INFO - [2026-06-24T06:18:51.733+0000] {dag.py:3118} INFO - Creating ORM DAG for example_params_ui_tutorial
[2026-06-24T06:18:51.737+0000] {logging_mixin.py:188} INFO - [2026-06-24T06:18:51.737+0000] {dag.py:3954} INFO - Setting next_dagrun for example_params_ui_tutorial to None, run_after=None
[2026-06-24T06:18:51.836+0000] {processor.py:183} INFO - Processing /home/airflow/.local/lib/python3.12/site-packages/airflow/example_dags/example_params_ui_tutorial.py took 0.757 seconds
[2026-06-24T06:19:22.500+0000] {processor.py:161} INFO - Started process (PID=153) to work on /home/airflow/.local/lib/python3.12/site-packages/airflow/example_dags/example_params_ui_tutorial.py
[2026-06-24T06:19:22.520+0000] {processor.py:830} INFO - Processing file /home/airflow/.local/lib/python3.12/site-packages/airflow/example_dags/example_params_ui_tutorial.py for tasks to queue
[2026-06-24T06:19:22.538+0000] {logging_mixin.py:188} INFO - [2026-06-24T06:19:22.537+0000] {dagbag.py:545} INFO - Filling up the DagBag from /home/airflow/.local/lib/python3.12/site-packages/airflow/example_dags/example_params_ui_tutorial.py
[2026-06-24T06:19:22.600+0000] {processor.py:840} INFO - DAG(s) 'example_params_ui_tutorial' retrieved from /home/airflow/.local/lib/python3.12/site-packages/airflow/example_dags/example_params_ui_tutorial.py
[2026-06-24T06:19:22.963+0000] {logging_mixin.py:188} INFO - [2026-06-24T06:19:22.963+0000] {dag.py:3096} INFO - Sync 1 DAGs
[2026-06-24T06:19:22.993+0000] {logging_mixin.py:188} INFO - [2026-06-24T06:19:22.993+0000] {dag.py:3954} INFO - Setting next_dagrun for example_params_ui_tutorial to None, run_after=None
[2026-06-24T06:19:23.019+0000] {processor.py:183} INFO - Processing /home/airflow/.local/lib/python3.12/site-packages/airflow/example_dags/example_params_ui_tutorial.py took 0.575 seconds
[2026-06-24T06:19:53.186+0000] {processor.py:161} INFO - Started process (PID=213) to work on /home/airflow/.local/lib/python3.12/site-packages/airflow/example_dags/example_params_ui_tutorial.py
[2026-06-24T06:19:53.187+0000] {processor.py:830} INFO - Processing file /home/airflow/.local/lib/python3.12/site-packages/airflow/example_dags/example_params_ui_tutorial.py for tasks to queue
[2026-06-24T06:19:53.191+0000] {logging_mixin.py:188} INFO - [2026-06-24T06:19:53.191+0000] {dagbag.py:545} INFO - Filling up the DagBag from /home/airflow/.local/lib/python3.12/site-packages/airflow/example_dags/example_params_ui_tutorial.py
[2026-06-24T06:19:53.239+0000] {processor.py:840} INFO - DAG(s) 'example_params_ui_tutorial' retrieved from /home/airflow/.local/lib/python3.12/site-packages/airflow/example_dags/example_params_ui_tutorial.py
[2026-06-24T06:19:53.465+0000] {logging_mixin.py:188} INFO - [2026-06-24T06:19:53.464+0000] {dag.py:3096} INFO - Sync 1 DAGs
[2026-06-24T06:19:53.488+0000] {logging_mixin.py:188} INFO - [2026-06-24T06:19:53.488+0000] {dag.py:3954} INFO - Setting next_dagrun for example_params_ui_tutorial to None, run_after=None
[2026-06-24T06:19:53.512+0000] {processor.py:183} INFO - Processing /home/airflow/.local/lib/python3.12/site-packages/airflow/example_dags/example_params_ui_tutorial.py took 0.333 seconds
[2026-06-24T06:20:24.254+0000] {processor.py:161} INFO - Started process (PID=273) to work on /home/airflow/.local/lib/python3.12/site-packages/airflow/example_dags/example_params_ui_tutorial.py
[2026-06-24T06:20:24.255+0000] {processor.py:830} INFO - Processing file /home/airflow/.local/lib/python3.12/site-packages/airflow/example_dags/example_params_ui_tutorial.py for tasks to queue
[2026-06-24T06:20:24.257+0000] {logging_mixin.py:188} INFO - [2026-06-24T06:20:24.257+0000] {dagbag.py:545} INFO - Filling up the DagBag from /home/airflow/.local/lib/python3.12/site-packages/airflow/example_dags/example_params_ui_tutorial.py
[2026-06-24T06:20:24.273+0000] {processor.py:840} INFO - DAG(s) 'example_params_ui_tutorial' retrieved from /home/airflow/.local/lib/python3.12/site-packages/airflow/example_dags/example_params_ui_tutorial.py
[2026-06-24T06:20:24.354+0000] {logging_mixin.py:188} INFO - [2026-06-24T06:20:24.354+0000] {dag.py:3096} INFO - Sync 1 DAGs
[2026-06-24T06:20:24.372+0000] {logging_mixin.py:188} INFO - [2026-06-24T06:20:24.372+0000] {dag.py:3954} INFO - Setting next_dagrun for example_params_ui_tutorial to None, run_after=None
[2026-06-24T06:20:24.396+0000] {processor.py:183} INFO - Processing /home/airflow/.local/lib/python3.12/site-packages/airflow/example_dags/example_params_ui_tutorial.py took 0.150 seconds
[2026-06-24T06:20:54.588+0000] {processor.py:161} INFO - Started process (PID=333) to work on /home/airflow/.local/lib/python3.12/site-packages/airflow/example_dags/example_params_ui_tutorial.py
[2026-06-24T06:20:54.588+0000] {processor.py:830} INFO - Processing file /home/airflow/.local/lib/python3.12/site-packages/airflow/example_dags/example_params_ui_tutorial.py for tasks to queue
[2026-06-24T06:20:54.591+0000] {logging_mixin.py:188} INFO - [2026-06-24T06:20:54.590+0000] {dagbag.py:545} INFO - Filling up the DagBag from /home/airflow/.local/lib/python3.12/site-packages/airflow/example_dags/example_params_ui_tutorial.py
[2026-06-24T06:20:54.605+0000] {processor.py:840} INFO - DAG(s) 'example_params_ui_tutorial' retrieved from /home/airflow/.local/lib/python3.12/site-packages/airflow/example_dags/example_params_ui_tutorial.py
[2026-06-24T06:20:54.685+0000] {logging_mixin.py:188} INFO - [2026-06-24T06:20:54.685+0000] {dag.py:3096} INFO - Sync 1 DAGs
[2026-06-24T06:20:54.702+0000] {logging_mixin.py:188} INFO - [2026-06-24T06:20:54.702+0000] {dag.py:3954} INFO - Setting next_dagrun for example_params_ui_tutorial to None, run_after=None
[2026-06-24T06:20:54.721+0000] {processor.py:183} INFO - Processing /home/airflow/.local/lib/python3.12/site-packages/airflow/example_dags/example_params_ui_tutorial.py took 0.143 seconds
[2026-06-24T06:21:25.386+0000] {processor.py:161} INFO - Started process (PID=395) to work on /home/airflow/.local/lib/python3.12/site-packages/airflow/example_dags/example_params_ui_tutorial.py
[2026-06-24T06:21:25.389+0000] {processor.py:830} INFO - Processing file /home/airflow/.local/lib/python3.12/site-packages/airflow/example_dags/example_params_ui_tutorial.py for tasks to queue
[2026-06-24T06:21:25.391+0000] {logging_mixin.py:188} INFO - [2026-06-24T06:21:25.391+0000] {dagbag.py:545} INFO - Filling up the DagBag from /home/airflow/.local/lib/python3.12/site-packages/airflow/example_dags/example_params_ui_tutorial.py
[2026-06-24T06:21:25.406+0000] {processor.py:840} INFO - DAG(s) 'example_params_ui_tutorial' retrieved from /home/airflow/.local/lib/python3.12/site-packages/airflow/example_dags/example_params_ui_tutorial.py
[2026-06-24T06:21:25.488+0000] {logging_mixin.py:188} INFO - [2026-06-24T06:21:25.488+0000] {dag.py:3096} INFO - Sync 1 DAGs
[2026-06-24T06:21:25.504+0000] {logging_mixin.py:188} INFO - [2026-06-24T06:21:25.504+0000] {dag.py:3954} INFO - Setting next_dagrun for example_params_ui_tutorial to None, run_after=None
[2026-06-24T06:21:25.523+0000] {processor.py:183} INFO - Processing /home/airflow/.local/lib/python3.12/site-packages/airflow/example_dags/example_params_ui_tutorial.py took 0.144 seconds
[2026-06-24T06:21:55.959+0000] {processor.py:161} INFO - Started process (PID=457) to work on /home/airflow/.local/lib/python3.12/site-packages/airflow/example_dags/example_params_ui_tutorial.py
[2026-06-24T06:21:55.960+0000] {processor.py:830} INFO - Processing file /home/airflow/.local/lib/python3.12/site-packages/airflow/example_dags/example_params_ui_tutorial.py for tasks to queue
[2026-06-24T06:21:55.962+0000] {logging_mixin.py:188} INFO - [2026-06-24T06:21:55.962+0000] {dagbag.py:545} INFO - Filling up the DagBag from /home/airflow/.local/lib/python3.12/site-packages/airflow/example_dags/example_params_ui_tutorial.py
[2026-06-24T06:21:55.977+0000] {processor.py:840} INFO - DAG(s) 'example_params_ui_tutorial' retrieved from /home/airflow/.local/lib/python3.12/site-packages/airflow/example_dags/example_params_ui_tutorial.py
[2026-06-24T06:21:56.081+0000] {logging_mixin.py:188} INFO - [2026-06-24T06:21:56.080+0000] {dag.py:3096} INFO - Sync 1 DAGs
[2026-06-24T06:21:56.097+0000] {logging_mixin.py:188} INFO - [2026-06-24T06:21:56.097+0000] {dag.py:3954} INFO - Setting next_dagrun for example_params_ui_tutorial to None, run_after=None
[2026-06-24T06:21:56.118+0000] {processor.py:183} INFO - Processing /home/airflow/.local/lib/python3.12/site-packages/airflow/example_dags/example_params_ui_tutorial.py took 0.167 seconds
[2026-06-24T06:22:27.094+0000] {processor.py:161} INFO - Started process (PID=517) to work on /home/airflow/.local/lib/python3.12/site-packages/airflow/example_dags/example_params_ui_tutorial.py
[2026-06-24T06:22:27.095+0000] {processor.py:830} INFO - Processing file /home/airflow/.local/lib/python3.12/site-packages/airflow/example_dags/example_params_ui_tutorial.py for tasks to queue
[2026-06-24T06:22:27.097+0000] {logging_mixin.py:188} INFO - [2026-06-24T06:22:27.097+0000] {dagbag.py:545} INFO - Filling up the DagBag from /home/airflow/.local/lib/python3.12/site-packages/airflow/example_dags/example_params_ui_tutorial.py
[2026-06-24T06:22:27.111+0000] {processor.py:840} INFO - DAG(s) 'example_params_ui_tutorial' retrieved from /home/airflow/.local/lib/python3.12/site-packages/airflow/example_dags/example_params_ui_tutorial.py
[2026-06-24T06:22:27.194+0000] {logging_mixin.py:188} INFO - [2026-06-24T06:22:27.194+0000] {dag.py:3096} INFO - Sync 1 DAGs
[2026-06-24T06:22:27.212+0000] {logging_mixin.py:188} INFO - [2026-06-24T06:22:27.212+0000] {dag.py:3954} INFO - Setting next_dagrun for example_params_ui_tutorial to None, run_after=None
[2026-06-24T06:22:27.232+0000] {processor.py:183} INFO - Processing /home/airflow/.local/lib/python3.12/site-packages/airflow/example_dags/example_params_ui_tutorial.py took 0.146 seconds
[2026-06-24T06:22:58.003+0000] {processor.py:161} INFO - Started process (PID=577) to work on /home/airflow/.local/lib/python3.12/site-packages/airflow/example_dags/example_params_ui_tutorial.py
[2026-06-24T06:22:58.004+0000] {processor.py:830} INFO - Processing file /home/airflow/.local/lib/python3.12/site-packages/airflow/example_dags/example_params_ui_tutorial.py for tasks to queue
[2026-06-24T06:22:58.006+0000] {logging_mixin.py:188} INFO - [2026-06-24T06:22:58.006+0000] {dagbag.py:545} INFO - Filling up the DagBag from /home/airflow/.local/lib/python3.12/site-packages/airflow/example_dags/example_params_ui_tutorial.py
[2026-06-24T06:22:58.021+0000] {processor.py:840} INFO - DAG(s) 'example_params_ui_tutorial' retrieved from /home/airflow/.local/lib/python3.12/site-packages/airflow/example_dags/example_params_ui_tutorial.py
[2026-06-24T06:22:58.111+0000] {logging_mixin.py:188} INFO - [2026-06-24T06:22:58.110+0000] {dag.py:3096} INFO - Sync 1 DAGs
[2026-06-24T06:22:58.129+0000] {logging_mixin.py:188} INFO - [2026-06-24T06:22:58.129+0000] {dag.py:3954} INFO - Setting next_dagrun for example_params_ui_tutorial to None, run_after=None
[2026-06-24T06:22:58.154+0000] {processor.py:183} INFO - Processing /home/airflow/.local/lib/python3.12/site-packages/airflow/example_dags/example_params_ui_tutorial.py took 0.162 seconds
[2026-06-24T06:23:28.653+0000] {processor.py:161} INFO - Started process (PID=637) to work on /home/airflow/.local/lib/python3.12/site-packages/airflow/example_dags/example_params_ui_tutorial.py
[2026-06-24T06:23:28.654+0000] {processor.py:830} INFO - Processing file /home/airflow/.local/lib/python3.12/site-packages/airflow/example_dags/example_params_ui_tutorial.py for tasks to queue
[2026-06-24T06:23:28.656+0000] {logging_mixin.py:188} INFO - [2026-06-24T06:23:28.656+0000] {dagbag.py:545} INFO - Filling up the DagBag from /home/airflow/.local/lib/python3.12/site-packages/airflow/example_dags/example_params_ui_tutorial.py
[2026-06-24T06:23:28.671+0000] {processor.py:840} INFO - DAG(s) 'example_params_ui_tutorial' retrieved from /home/airflow/.local/lib/python3.12/site-packages/airflow/example_dags/example_params_ui_tutorial.py
[2026-06-24T06:23:28.786+0000] {logging_mixin.py:188} INFO - [2026-06-24T06:23:28.786+0000] {dag.py:3096} INFO - Sync 1 DAGs
[2026-06-24T06:23:28.803+0000] {logging_mixin.py:188} INFO - [2026-06-24T06:23:28.803+0000] {dag.py:3954} INFO - Setting next_dagrun for example_params_ui_tutorial to None, run_after=None
[2026-06-24T06:23:28.825+0000] {processor.py:183} INFO - Processing /home/airflow/.local/lib/python3.12/site-packages/airflow/example_dags/example_params_ui_tutorial.py took 0.179 seconds
[2026-06-24T06:23:59.348+0000] {processor.py:161} INFO - Started process (PID=696) to work on /home/airflow/.local/lib/python3.12/site-packages/airflow/example_dags/example_params_ui_tutorial.py
[2026-06-24T06:23:59.354+0000] {processor.py:830} INFO - Processing file /home/airflow/.local/lib/python3.12/site-packages/airflow/example_dags/example_params_ui_tutorial.py for tasks to queue
[2026-06-24T06:23:59.357+0000] {logging_mixin.py:188} INFO - [2026-06-24T06:23:59.357+0000] {dagbag.py:545} INFO - Filling up the DagBag from /home/airflow/.local/lib/python3.12/site-packages/airflow/example_dags/example_params_ui_tutorial.py
[2026-06-24T06:23:59.401+0000] {processor.py:840} INFO - DAG(s) 'example_params_ui_tutorial' retrieved from /home/airflow/.local/lib/python3.12/site-packages/airflow/example_dags/example_params_ui_tutorial.py
[2026-06-24T06:23:59.695+0000] {logging_mixin.py:188} INFO - [2026-06-24T06:23:59.695+0000] {dag.py:3096} INFO - Sync 1 DAGs
[2026-06-24T06:23:59.773+0000] {logging_mixin.py:188} INFO - [2026-06-24T06:23:59.773+0000] {dag.py:3954} INFO - Setting next_dagrun for example_params_ui_tutorial to None, run_after=None
[2026-06-24T06:23:59.875+0000] {processor.py:183} INFO - Processing /home/airflow/.local/lib/python3.12/site-packages/airflow/example_dags/example_params_ui_tutorial.py took 0.550 seconds
[2026-06-24T06:24:30.824+0000] {processor.py:161} INFO - Started process (PID=755) to work on /home/airflow/.local/lib/python3.12/site-packages/airflow/example_dags/example_params_ui_tutorial.py
[2026-06-24T06:24:30.824+0000] {processor.py:830} INFO - Processing file /home/airflow/.local/lib/python3.12/site-packages/airflow/example_dags/example_params_ui_tutorial.py for tasks to queue
[2026-06-24T06:24:30.827+0000] {logging_mixin.py:188} INFO - [2026-06-24T06:24:30.826+0000] {dagbag.py:545} INFO - Filling up the DagBag from /home/airflow/.local/lib/python3.12/site-packages/airflow/example_dags/example_params_ui_tutorial.py
[2026-06-24T06:24:30.853+0000] {processor.py:840} INFO - DAG(s) 'example_params_ui_tutorial' retrieved from /home/airflow/.local/lib/python3.12/site-packages/airflow/example_dags/example_params_ui_tutorial.py
[2026-06-24T06:24:30.946+0000] {logging_mixin.py:188} INFO - [2026-06-24T06:24:30.946+0000] {dag.py:3096} INFO - Sync 1 DAGs
[2026-06-24T06:24:30.962+0000] {logging_mixin.py:188} INFO - [2026-06-24T06:24:30.962+0000] {dag.py:3954} INFO - Setting next_dagrun for example_params_ui_tutorial to None, run_after=None
[2026-06-24T06:24:30.986+0000] {processor.py:183} INFO - Processing /home/airflow/.local/lib/python3.12/site-packages/airflow/example_dags/example_params_ui_tutorial.py took 0.172 seconds
[2026-06-24T06:25:01.126+0000] {processor.py:161} INFO - Started process (PID=814) to work on /home/airflow/.local/lib/python3.12/site-packages/airflow/example_dags/example_params_ui_tutorial.py
[2026-06-24T06:25:01.126+0000] {processor.py:830} INFO - Processing file /home/airflow/.local/lib/python3.12/site-packages/airflow/example_dags/example_params_ui_tutorial.py for tasks to queue
[2026-06-24T06:25:01.129+0000] {logging_mixin.py:188} INFO - [2026-06-24T06:25:01.128+0000] {dagbag.py:545} INFO - Filling up the DagBag from /home/airflow/.local/lib/python3.12/site-packages/airflow/example_dags/example_params_ui_tutorial.py
[2026-06-24T06:25:01.145+0000] {processor.py:840} INFO - DAG(s) 'example_params_ui_tutorial' retrieved from /home/airflow/.local/lib/python3.12/site-packages/airflow/example_dags/example_params_ui_tutorial.py
[2026-06-24T06:25:01.230+0000] {logging_mixin.py:188} INFO - [2026-06-24T06:25:01.230+0000] {dag.py:3096} INFO - Sync 1 DAGs
[2026-06-24T06:25:01.246+0000] {logging_mixin.py:188} INFO - [2026-06-24T06:25:01.245+0000] {dag.py:3954} INFO - Setting next_dagrun for example_params_ui_tutorial to None, run_after=None
[2026-06-24T06:25:01.267+0000] {processor.py:183} INFO - Processing /home/airflow/.local/lib/python3.12/site-packages/airflow/example_dags/example_params_ui_tutorial.py took 0.149 seconds
[2026-06-24T06:25:31.343+0000] {processor.py:161} INFO - Started process (PID=873) to work on /home/airflow/.local/lib/python3.12/site-packages/airflow/example_dags/example_params_ui_tutorial.py
[2026-06-24T06:25:31.344+0000] {processor.py:830} INFO - Processing file /home/airflow/.local/lib/python3.12/site-packages/airflow/example_dags/example_params_ui_tutorial.py for tasks to queue
[2026-06-24T06:25:31.346+0000] {logging_mixin.py:188} INFO - [2026-06-24T06:25:31.346+0000] {dagbag.py:545} INFO - Filling up the DagBag from /home/airflow/.local/lib/python3.12/site-packages/airflow/example_dags/example_params_ui_tutorial.py
[2026-06-24T06:25:31.360+0000] {processor.py:840} INFO - DAG(s) 'example_params_ui_tutorial' retrieved from /home/airflow/.local/lib/python3.12/site-packages/airflow/example_dags/example_params_ui_tutorial.py
[2026-06-24T06:25:31.458+0000] {logging_mixin.py:188} INFO - [2026-06-24T06:25:31.458+0000] {dag.py:3096} INFO - Sync 1 DAGs
[2026-06-24T06:25:31.475+0000] {logging_mixin.py:188} INFO - [2026-06-24T06:25:31.475+0000] {dag.py:3954} INFO - Setting next_dagrun for example_params_ui_tutorial to None, run_after=None
[2026-06-24T06:25:31.498+0000] {processor.py:183} INFO - Processing /home/airflow/.local/lib/python3.12/site-packages/airflow/example_dags/example_params_ui_tutorial.py took 0.163 seconds
[2026-06-24T06:26:01.781+0000] {processor.py:161} INFO - Started process (PID=932) to work on /home/airflow/.local/lib/python3.12/site-packages/airflow/example_dags/example_params_ui_tutorial.py
[2026-06-24T06:26:01.782+0000] {processor.py:830} INFO - Processing file /home/airflow/.local/lib/python3.12/site-packages/airflow/example_dags/example_params_ui_tutorial.py for tasks to queue
[2026-06-24T06:26:01.784+0000] {logging_mixin.py:188} INFO - [2026-06-24T06:26:01.784+0000] {dagbag.py:545} INFO - Filling up the DagBag from /home/airflow/.local/lib/python3.12/site-packages/airflow/example_dags/example_params_ui_tutorial.py
[2026-06-24T06:26:01.801+0000] {processor.py:840} INFO - DAG(s) 'example_params_ui_tutorial' retrieved from /home/airflow/.local/lib/python3.12/site-packages/airflow/example_dags/example_params_ui_tutorial.py
[2026-06-24T06:26:01.879+0000] {logging_mixin.py:188} INFO - [2026-06-24T06:26:01.879+0000] {dag.py:3096} INFO - Sync 1 DAGs
[2026-06-24T06:26:01.896+0000] {logging_mixin.py:188} INFO - [2026-06-24T06:26:01.895+0000] {dag.py:3954} INFO - Setting next_dagrun for example_params_ui_tutorial to None, run_after=None
[2026-06-24T06:26:01.914+0000] {processor.py:183} INFO - Processing /home/airflow/.local/lib/python3.12/site-packages/airflow/example_dags/example_params_ui_tutorial.py took 0.141 seconds
[2026-06-24T06:26:32.728+0000] {processor.py:161} INFO - Started process (PID=991) to work on /home/airflow/.local/lib/python3.12/site-packages/airflow/example_dags/example_params_ui_tutorial.py
[2026-06-24T06:26:32.728+0000] {processor.py:830} INFO - Processing file /home/airflow/.local/lib/python3.12/site-packages/airflow/example_dags/example_params_ui_tutorial.py for tasks to queue
[2026-06-24T06:26:32.730+0000] {logging_mixin.py:188} INFO - [2026-06-24T06:26:32.730+0000] {dagbag.py:545} INFO - Filling up the DagBag from /home/airflow/.local/lib/python3.12/site-packages/airflow/example_dags/example_params_ui_tutorial.py
[2026-06-24T06:26:32.744+0000] {processor.py:840} INFO - DAG(s) 'example_params_ui_tutorial' retrieved from /home/airflow/.local/lib/python3.12/site-packages/airflow/example_dags/example_params_ui_tutorial.py
[2026-06-24T06:26:32.829+0000] {logging_mixin.py:188} INFO - [2026-06-24T06:26:32.828+0000] {dag.py:3096} INFO - Sync 1 DAGs
[2026-06-24T06:26:32.845+0000] {logging_mixin.py:188} INFO - [2026-06-24T06:26:32.845+0000] {dag.py:3954} INFO - Setting next_dagrun for example_params_ui_tutorial to None, run_after=None
[2026-06-24T06:26:32.864+0000] {processor.py:183} INFO - Processing /home/airflow/.local/lib/python3.12/site-packages/airflow/example_dags/example_params_ui_tutorial.py took 0.144 seconds
[2026-06-24T06:27:03.578+0000] {processor.py:161} INFO - Started process (PID=1050) to work on /home/airflow/.local/lib/python3.12/site-packages/airflow/example_dags/example_params_ui_tutorial.py
[2026-06-24T06:27:03.579+0000] {processor.py:830} INFO - Processing file /home/airflow/.local/lib/python3.12/site-packages/airflow/example_dags/example_params_ui_tutorial.py for tasks to queue
[2026-06-24T06:27:03.581+0000] {logging_mixin.py:188} INFO - [2026-06-24T06:27:03.581+0000] {dagbag.py:545} INFO - Filling up the DagBag from /home/airflow/.local/lib/python3.12/site-packages/airflow/example_dags/example_params_ui_tutorial.py
[2026-06-24T06:27:03.595+0000] {processor.py:840} INFO - DAG(s) 'example_params_ui_tutorial' retrieved from /home/airflow/.local/lib/python3.12/site-packages/airflow/example_dags/example_params_ui_tutorial.py
[2026-06-24T06:27:03.681+0000] {logging_mixin.py:188} INFO - [2026-06-24T06:27:03.681+0000] {dag.py:3096} INFO - Sync 1 DAGs
[2026-06-24T06:27:03.700+0000] {logging_mixin.py:188} INFO - [2026-06-24T06:27:03.699+0000] {dag.py:3954} INFO - Setting next_dagrun for example_params_ui_tutorial to None, run_after=None
[2026-06-24T06:27:03.722+0000] {processor.py:183} INFO - Processing /home/airflow/.local/lib/python3.12/site-packages/airflow/example_dags/example_params_ui_tutorial.py took 0.151 seconds
[2026-06-24T06:27:34.255+0000] {processor.py:161} INFO - Started process (PID=1109) to work on /home/airflow/.local/lib/python3.12/site-packages/airflow/example_dags/example_params_ui_tutorial.py
[2026-06-24T06:27:34.256+0000] {processor.py:830} INFO - Processing file /home/airflow/.local/lib/python3.12/site-packages/airflow/example_dags/example_params_ui_tutorial.py for tasks to queue
[2026-06-24T06:27:34.258+0000] {logging_mixin.py:188} INFO - [2026-06-24T06:27:34.257+0000] {dagbag.py:545} INFO - Filling up the DagBag from /home/airflow/.local/lib/python3.12/site-packages/airflow/example_dags/example_params_ui_tutorial.py
[2026-06-24T06:27:34.272+0000] {processor.py:840} INFO - DAG(s) 'example_params_ui_tutorial' retrieved from /home/airflow/.local/lib/python3.12/site-packages/airflow/example_dags/example_params_ui_tutorial.py
[2026-06-24T06:27:34.381+0000] {logging_mixin.py:188} INFO - [2026-06-24T06:27:34.381+0000] {dag.py:3096} INFO - Sync 1 DAGs
[2026-06-24T06:27:34.398+0000] {logging_mixin.py:188} INFO - [2026-06-24T06:27:34.398+0000] {dag.py:3954} INFO - Setting next_dagrun for example_params_ui_tutorial to None, run_after=None
[2026-06-24T06:27:34.426+0000] {processor.py:183} INFO - Processing /home/airflow/.local/lib/python3.12/site-packages/airflow/example_dags/example_params_ui_tutorial.py took 0.179 seconds
[2026-06-24T06:28:04.829+0000] {processor.py:161} INFO - Started process (PID=1168) to work on /home/airflow/.local/lib/python3.12/site-packages/airflow/example_dags/example_params_ui_tutorial.py
[2026-06-24T06:28:04.835+0000] {processor.py:830} INFO - Processing file /home/airflow/.local/lib/python3.12/site-packages/airflow/example_dags/example_params_ui_tutorial.py for tasks to queue
[2026-06-24T06:28:04.841+0000] {logging_mixin.py:188} INFO - [2026-06-24T06:28:04.841+0000] {dagbag.py:545} INFO - Filling up the DagBag from /home/airflow/.local/lib/python3.12/site-packages/airflow/example_dags/example_params_ui_tutorial.py
[2026-06-24T06:28:04.890+0000] {processor.py:840} INFO - DAG(s) 'example_params_ui_tutorial' retrieved from /home/airflow/.local/lib/python3.12/site-packages/airflow/example_dags/example_params_ui_tutorial.py
[2026-06-24T06:28:05.175+0000] {logging_mixin.py:188} INFO - [2026-06-24T06:28:05.175+0000] {dag.py:3096} INFO - Sync 1 DAGs
[2026-06-24T06:28:05.227+0000] {logging_mixin.py:188} INFO - [2026-06-24T06:28:05.226+0000] {dag.py:3954} INFO - Setting next_dagrun for example_params_ui_tutorial to None, run_after=None
[2026-06-24T06:28:05.302+0000] {processor.py:183} INFO - Processing /home/airflow/.local/lib/python3.12/site-packages/airflow/example_dags/example_params_ui_tutorial.py took 0.493 seconds
[2026-06-24T06:28:36.275+0000] {processor.py:161} INFO - Started process (PID=1234) to work on /home/airflow/.local/lib/python3.12/site-packages/airflow/example_dags/example_params_ui_tutorial.py
[2026-06-24T06:28:36.280+0000] {processor.py:830} INFO - Processing file /home/airflow/.local/lib/python3.12/site-packages/airflow/example_dags/example_params_ui_tutorial.py for tasks to queue
[2026-06-24T06:28:36.287+0000] {logging_mixin.py:188} INFO - [2026-06-24T06:28:36.286+0000] {dagbag.py:545} INFO - Filling up the DagBag from /home/airflow/.local/lib/python3.12/site-packages/airflow/example_dags/example_params_ui_tutorial.py
[2026-06-24T06:28:36.319+0000] {processor.py:840} INFO - DAG(s) 'example_params_ui_tutorial' retrieved from /home/airflow/.local/lib/python3.12/site-packages/airflow/example_dags/example_params_ui_tutorial.py
[2026-06-24T06:28:36.479+0000] {logging_mixin.py:188} INFO - [2026-06-24T06:28:36.479+0000] {dag.py:3096} INFO - Sync 1 DAGs
[2026-06-24T06:28:36.503+0000] {logging_mixin.py:188} INFO - [2026-06-24T06:28:36.503+0000] {dag.py:3954} INFO - Setting next_dagrun for example_params_ui_tutorial to None, run_after=None
[2026-06-24T06:28:36.569+0000] {processor.py:183} INFO - Processing /home/airflow/.local/lib/python3.12/site-packages/airflow/example_dags/example_params_ui_tutorial.py took 0.311 seconds
[2026-06-24T06:29:06.875+0000] {processor.py:161} INFO - Started process (PID=1293) to work on /home/airflow/.local/lib/python3.12/site-packages/airflow/example_dags/example_params_ui_tutorial.py
[2026-06-24T06:29:06.876+0000] {processor.py:830} INFO - Processing file /home/airflow/.local/lib/python3.12/site-packages/airflow/example_dags/example_params_ui_tutorial.py for tasks to queue
[2026-06-24T06:29:06.878+0000] {logging_mixin.py:188} INFO - [2026-06-24T06:29:06.878+0000] {dagbag.py:545} INFO - Filling up the DagBag from /home/airflow/.local/lib/python3.12/site-packages/airflow/example_dags/example_params_ui_tutorial.py
[2026-06-24T06:29:06.891+0000] {processor.py:840} INFO - DAG(s) 'example_params_ui_tutorial' retrieved from /home/airflow/.local/lib/python3.12/site-packages/airflow/example_dags/example_params_ui_tutorial.py
[2026-06-24T06:29:06.974+0000] {logging_mixin.py:188} INFO - [2026-06-24T06:29:06.974+0000] {dag.py:3096} INFO - Sync 1 DAGs
[2026-06-24T06:29:06.991+0000] {logging_mixin.py:188} INFO - [2026-06-24T06:29:06.991+0000] {dag.py:3954} INFO - Setting next_dagrun for example_params_ui_tutorial to None, run_after=None
[2026-06-24T06:29:07.010+0000] {processor.py:183} INFO - Processing /home/airflow/.local/lib/python3.12/site-packages/airflow/example_dags/example_params_ui_tutorial.py took 0.142 seconds
[2026-06-24T06:29:37.084+0000] {processor.py:161} INFO - Started process (PID=1352) to work on /home/airflow/.local/lib/python3.12/site-packages/airflow/example_dags/example_params_ui_tutorial.py
[2026-06-24T06:29:37.085+0000] {processor.py:830} INFO - Processing file /home/airflow/.local/lib/python3.12/site-packages/airflow/example_dags/example_params_ui_tutorial.py for tasks to queue
[2026-06-24T06:29:37.087+0000] {logging_mixin.py:188} INFO - [2026-06-24T06:29:37.086+0000] {dagbag.py:545} INFO - Filling up the DagBag from /home/airflow/.local/lib/python3.12/site-packages/airflow/example_dags/example_params_ui_tutorial.py
[2026-06-24T06:29:37.101+0000] {processor.py:840} INFO - DAG(s) 'example_params_ui_tutorial' retrieved from /home/airflow/.local/lib/python3.12/site-packages/airflow/example_dags/example_params_ui_tutorial.py
[2026-06-24T06:29:37.182+0000] {logging_mixin.py:188} INFO - [2026-06-24T06:29:37.182+0000] {dag.py:3096} INFO - Sync 1 DAGs
[2026-06-24T06:29:37.199+0000] {logging_mixin.py:188} INFO - [2026-06-24T06:29:37.198+0000] {dag.py:3954} INFO - Setting next_dagrun for example_params_ui_tutorial to None, run_after=None
[2026-06-24T06:29:37.221+0000] {processor.py:183} INFO - Processing /home/airflow/.local/lib/python3.12/site-packages/airflow/example_dags/example_params_ui_tutorial.py took 0.144 seconds
[2026-06-24T06:30:07.515+0000] {processor.py:161} INFO - Started process (PID=1411) to work on /home/airflow/.local/lib/python3.12/site-packages/airflow/example_dags/example_params_ui_tutorial.py
[2026-06-24T06:30:07.516+0000] {processor.py:830} INFO - Processing file /home/airflow/.local/lib/python3.12/site-packages/airflow/example_dags/example_params_ui_tutorial.py for tasks to queue
[2026-06-24T06:30:07.518+0000] {logging_mixin.py:188} INFO - [2026-06-24T06:30:07.518+0000] {dagbag.py:545} INFO - Filling up the DagBag from /home/airflow/.local/lib/python3.12/site-packages/airflow/example_dags/example_params_ui_tutorial.py
[2026-06-24T06:30:07.532+0000] {processor.py:840} INFO - DAG(s) 'example_params_ui_tutorial' retrieved from /home/airflow/.local/lib/python3.12/site-packages/airflow/example_dags/example_params_ui_tutorial.py
[2026-06-24T06:30:07.614+0000] {logging_mixin.py:188} INFO - [2026-06-24T06:30:07.614+0000] {dag.py:3096} INFO - Sync 1 DAGs
[2026-06-24T06:30:07.634+0000] {logging_mixin.py:188} INFO - [2026-06-24T06:30:07.634+0000] {dag.py:3954} INFO - Setting next_dagrun for example_params_ui_tutorial to None, run_after=None
[2026-06-24T06:30:07.656+0000] {processor.py:183} INFO - Processing /home/airflow/.local/lib/python3.12/site-packages/airflow/example_dags/example_params_ui_tutorial.py took 0.147 seconds
[2026-06-24T06:30:37.900+0000] {processor.py:161} INFO - Started process (PID=1470) to work on /home/airflow/.local/lib/python3.12/site-packages/airflow/example_dags/example_params_ui_tutorial.py
[2026-06-24T06:30:37.901+0000] {processor.py:830} INFO - Processing file /home/airflow/.local/lib/python3.12/site-packages/airflow/example_dags/example_params_ui_tutorial.py for tasks to queue
[2026-06-24T06:30:37.903+0000] {logging_mixin.py:188} INFO - [2026-06-24T06:30:37.903+0000] {dagbag.py:545} INFO - Filling up the DagBag from /home/airflow/.local/lib/python3.12/site-packages/airflow/example_dags/example_params_ui_tutorial.py
[2026-06-24T06:30:37.927+0000] {processor.py:840} INFO - DAG(s) 'example_params_ui_tutorial' retrieved from /home/airflow/.local/lib/python3.12/site-packages/airflow/example_dags/example_params_ui_tutorial.py
[2026-06-24T06:30:38.013+0000] {logging_mixin.py:188} INFO - [2026-06-24T06:30:38.013+0000] {dag.py:3096} INFO - Sync 1 DAGs
[2026-06-24T06:30:38.031+0000] {logging_mixin.py:188} INFO - [2026-06-24T06:30:38.030+0000] {dag.py:3954} INFO - Setting next_dagrun for example_params_ui_tutorial to None, run_after=None
[2026-06-24T06:30:38.244+0000] {processor.py:183} INFO - Processing /home/airflow/.local/lib/python3.12/site-packages/airflow/example_dags/example_params_ui_tutorial.py took 0.351 seconds
[2026-06-24T06:31:08.623+0000] {processor.py:161} INFO - Started process (PID=1529) to work on /home/airflow/.local/lib/python3.12/site-packages/airflow/example_dags/example_params_ui_tutorial.py
[2026-06-24T06:31:08.624+0000] {processor.py:830} INFO - Processing file /home/airflow/.local/lib/python3.12/site-packages/airflow/example_dags/example_params_ui_tutorial.py for tasks to queue
[2026-06-24T06:31:08.626+0000] {logging_mixin.py:188} INFO - [2026-06-24T06:31:08.626+0000] {dagbag.py:545} INFO - Filling up the DagBag from /home/airflow/.local/lib/python3.12/site-packages/airflow/example_dags/example_params_ui_tutorial.py
[2026-06-24T06:31:08.640+0000] {processor.py:840} INFO - DAG(s) 'example_params_ui_tutorial' retrieved from /home/airflow/.local/lib/python3.12/site-packages/airflow/example_dags/example_params_ui_tutorial.py
[2026-06-24T06:31:08.742+0000] {logging_mixin.py:188} INFO - [2026-06-24T06:31:08.742+0000] {dag.py:3096} INFO - Sync 1 DAGs
[2026-06-24T06:31:08.758+0000] {logging_mixin.py:188} INFO - [2026-06-24T06:31:08.757+0000] {dag.py:3954} INFO - Setting next_dagrun for example_params_ui_tutorial to None, run_after=None
[2026-06-24T06:31:08.779+0000] {processor.py:183} INFO - Processing /home/airflow/.local/lib/python3.12/site-packages/airflow/example_dags/example_params_ui_tutorial.py took 0.164 seconds
[2026-06-24T06:31:38.899+0000] {processor.py:161} INFO - Started process (PID=1588) to work on /home/airflow/.local/lib/python3.12/site-packages/airflow/example_dags/example_params_ui_tutorial.py
[2026-06-24T06:31:38.900+0000] {processor.py:830} INFO - Processing file /home/airflow/.local/lib/python3.12/site-packages/airflow/example_dags/example_params_ui_tutorial.py for tasks to queue
[2026-06-24T06:31:38.902+0000] {logging_mixin.py:188} INFO - [2026-06-24T06:31:38.902+0000] {dagbag.py:545} INFO - Filling up the DagBag from /home/airflow/.local/lib/python3.12/site-packages/airflow/example_dags/example_params_ui_tutorial.py
[2026-06-24T06:31:38.917+0000] {processor.py:840} INFO - DAG(s) 'example_params_ui_tutorial' retrieved from /home/airflow/.local/lib/python3.12/site-packages/airflow/example_dags/example_params_ui_tutorial.py
[2026-06-24T06:31:39.000+0000] {logging_mixin.py:188} INFO - [2026-06-24T06:31:39.000+0000] {dag.py:3096} INFO - Sync 1 DAGs
[2026-06-24T06:31:39.017+0000] {logging_mixin.py:188} INFO - [2026-06-24T06:31:39.017+0000] {dag.py:3954} INFO - Setting next_dagrun for example_params_ui_tutorial to None, run_after=None
[2026-06-24T06:31:39.040+0000] {processor.py:183} INFO - Processing /home/airflow/.local/lib/python3.12/site-packages/airflow/example_dags/example_params_ui_tutorial.py took 0.150 seconds
[2026-06-24T06:32:09.150+0000] {processor.py:161} INFO - Started process (PID=1647) to work on /home/airflow/.local/lib/python3.12/site-packages/airflow/example_dags/example_params_ui_tutorial.py
[2026-06-24T06:32:09.151+0000] {processor.py:830} INFO - Processing file /home/airflow/.local/lib/python3.12/site-packages/airflow/example_dags/example_params_ui_tutorial.py for tasks to queue
[2026-06-24T06:32:09.153+0000] {logging_mixin.py:188} INFO - [2026-06-24T06:32:09.153+0000] {dagbag.py:545} INFO - Filling up the DagBag from /home/airflow/.local/lib/python3.12/site-packages/airflow/example_dags/example_params_ui_tutorial.py
[2026-06-24T06:32:09.167+0000] {processor.py:840} INFO - DAG(s) 'example_params_ui_tutorial' retrieved from /home/airflow/.local/lib/python3.12/site-packages/airflow/example_dags/example_params_ui_tutorial.py
[2026-06-24T06:32:09.257+0000] {logging_mixin.py:188} INFO - [2026-06-24T06:32:09.257+0000] {dag.py:3096} INFO - Sync 1 DAGs
[2026-06-24T06:32:09.274+0000] {logging_mixin.py:188} INFO - [2026-06-24T06:32:09.274+0000] {dag.py:3954} INFO - Setting next_dagrun for example_params_ui_tutorial to None, run_after=None
[2026-06-24T06:32:09.540+0000] {processor.py:183} INFO - Processing /home/airflow/.local/lib/python3.12/site-packages/airflow/example_dags/example_params_ui_tutorial.py took 0.397 seconds
[2026-06-24T06:32:40.099+0000] {processor.py:161} INFO - Started process (PID=1705) to work on /home/airflow/.local/lib/python3.12/site-packages/airflow/example_dags/example_params_ui_tutorial.py
[2026-06-24T06:32:40.100+0000] {processor.py:830} INFO - Processing file /home/airflow/.local/lib/python3.12/site-packages/airflow/example_dags/example_params_ui_tutorial.py for tasks to queue
[2026-06-24T06:32:40.102+0000] {logging_mixin.py:188} INFO - [2026-06-24T06:32:40.102+0000] {dagbag.py:545} INFO - Filling up the DagBag from /home/airflow/.local/lib/python3.12/site-packages/airflow/example_dags/example_params_ui_tutorial.py
[2026-06-24T06:32:40.120+0000] {processor.py:840} INFO - DAG(s) 'example_params_ui_tutorial' retrieved from /home/airflow/.local/lib/python3.12/site-packages/airflow/example_dags/example_params_ui_tutorial.py
[2026-06-24T06:32:40.207+0000] {logging_mixin.py:188} INFO - [2026-06-24T06:32:40.207+0000] {dag.py:3096} INFO - Sync 1 DAGs
[2026-06-24T06:32:40.225+0000] {logging_mixin.py:188} INFO - [2026-06-24T06:32:40.225+0000] {dag.py:3954} INFO - Setting next_dagrun for example_params_ui_tutorial to None, run_after=None
[2026-06-24T06:32:40.562+0000] {processor.py:183} INFO - Processing /home/airflow/.local/lib/python3.12/site-packages/airflow/example_dags/example_params_ui_tutorial.py took 0.477 seconds
[2026-06-24T06:33:11.506+0000] {processor.py:161} INFO - Started process (PID=1765) to work on /home/airflow/.local/lib/python3.12/site-packages/airflow/example_dags/example_params_ui_tutorial.py
[2026-06-24T06:33:11.509+0000] {processor.py:830} INFO - Processing file /home/airflow/.local/lib/python3.12/site-packages/airflow/example_dags/example_params_ui_tutorial.py for tasks to queue
[2026-06-24T06:33:11.513+0000] {logging_mixin.py:188} INFO - [2026-06-24T06:33:11.513+0000] {dagbag.py:545} INFO - Filling up the DagBag from /home/airflow/.local/lib/python3.12/site-packages/airflow/example_dags/example_params_ui_tutorial.py
[2026-06-24T06:33:11.573+0000] {processor.py:840} INFO - DAG(s) 'example_params_ui_tutorial' retrieved from /home/airflow/.local/lib/python3.12/site-packages/airflow/example_dags/example_params_ui_tutorial.py
[2026-06-24T06:33:11.734+0000] {logging_mixin.py:188} INFO - [2026-06-24T06:33:11.734+0000] {dag.py:3096} INFO - Sync 1 DAGs
[2026-06-24T06:33:11.768+0000] {logging_mixin.py:188} INFO - [2026-06-24T06:33:11.768+0000] {dag.py:3954} INFO - Setting next_dagrun for example_params_ui_tutorial to None, run_after=None
[2026-06-24T06:33:12.180+0000] {processor.py:183} INFO - Processing /home/airflow/.local/lib/python3.12/site-packages/airflow/example_dags/example_params_ui_tutorial.py took 0.702 seconds
[2026-06-24T06:33:42.936+0000] {processor.py:161} INFO - Started process (PID=1825) to work on /home/airflow/.local/lib/python3.12/site-packages/airflow/example_dags/example_params_ui_tutorial.py
[2026-06-24T06:33:42.939+0000] {processor.py:830} INFO - Processing file /home/airflow/.local/lib/python3.12/site-packages/airflow/example_dags/example_params_ui_tutorial.py for tasks to queue
[2026-06-24T06:33:42.943+0000] {logging_mixin.py:188} INFO - [2026-06-24T06:33:42.942+0000] {dagbag.py:545} INFO - Filling up the DagBag from /home/airflow/.local/lib/python3.12/site-packages/airflow/example_dags/example_params_ui_tutorial.py
[2026-06-24T06:33:42.990+0000] {processor.py:840} INFO - DAG(s) 'example_params_ui_tutorial' retrieved from /home/airflow/.local/lib/python3.12/site-packages/airflow/example_dags/example_params_ui_tutorial.py
[2026-06-24T06:33:43.131+0000] {logging_mixin.py:188} INFO - [2026-06-24T06:33:43.131+0000] {dag.py:3096} INFO - Sync 1 DAGs
[2026-06-24T06:33:43.164+0000] {logging_mixin.py:188} INFO - [2026-06-24T06:33:43.164+0000] {dag.py:3954} INFO - Setting next_dagrun for example_params_ui_tutorial to None, run_after=None
[2026-06-24T06:33:43.214+0000] {processor.py:183} INFO - Processing /home/airflow/.local/lib/python3.12/site-packages/airflow/example_dags/example_params_ui_tutorial.py took 0.293 seconds
[2026-06-24T06:34:13.611+0000] {processor.py:161} INFO - Started process (PID=1884) to work on /home/airflow/.local/lib/python3.12/site-packages/airflow/example_dags/example_params_ui_tutorial.py
[2026-06-24T06:34:13.612+0000] {processor.py:830} INFO - Processing file /home/airflow/.local/lib/python3.12/site-packages/airflow/example_dags/example_params_ui_tutorial.py for tasks to queue
[2026-06-24T06:34:13.614+0000] {logging_mixin.py:188} INFO - [2026-06-24T06:34:13.614+0000] {dagbag.py:545} INFO - Filling up the DagBag from /home/airflow/.local/lib/python3.12/site-packages/airflow/example_dags/example_params_ui_tutorial.py
[2026-06-24T06:34:13.630+0000] {processor.py:840} INFO - DAG(s) 'example_params_ui_tutorial' retrieved from /home/airflow/.local/lib/python3.12/site-packages/airflow/example_dags/example_params_ui_tutorial.py
[2026-06-24T06:34:13.729+0000] {logging_mixin.py:188} INFO - [2026-06-24T06:34:13.728+0000] {dag.py:3096} INFO - Sync 1 DAGs
[2026-06-24T06:34:13.750+0000] {logging_mixin.py:188} INFO - [2026-06-24T06:34:13.750+0000] {dag.py:3954} INFO - Setting next_dagrun for example_params_ui_tutorial to None, run_after=None
[2026-06-24T06:34:13.775+0000] {processor.py:183} INFO - Processing /home/airflow/.local/lib/python3.12/site-packages/airflow/example_dags/example_params_ui_tutorial.py took 0.171 seconds
[2026-06-24T06:34:44.474+0000] {processor.py:161} INFO - Started process (PID=1943) to work on /home/airflow/.local/lib/python3.12/site-packages/airflow/example_dags/example_params_ui_tutorial.py
[2026-06-24T06:34:44.474+0000] {processor.py:830} INFO - Processing file /home/airflow/.local/lib/python3.12/site-packages/airflow/example_dags/example_params_ui_tutorial.py for tasks to queue
[2026-06-24T06:34:44.477+0000] {logging_mixin.py:188} INFO - [2026-06-24T06:34:44.476+0000] {dagbag.py:545} INFO - Filling up the DagBag from /home/airflow/.local/lib/python3.12/site-packages/airflow/example_dags/example_params_ui_tutorial.py
[2026-06-24T06:34:44.491+0000] {processor.py:840} INFO - DAG(s) 'example_params_ui_tutorial' retrieved from /home/airflow/.local/lib/python3.12/site-packages/airflow/example_dags/example_params_ui_tutorial.py
[2026-06-24T06:34:44.598+0000] {logging_mixin.py:188} INFO - [2026-06-24T06:34:44.598+0000] {dag.py:3096} INFO - Sync 1 DAGs
[2026-06-24T06:34:44.614+0000] {logging_mixin.py:188} INFO - [2026-06-24T06:34:44.614+0000] {dag.py:3954} INFO - Setting next_dagrun for example_params_ui_tutorial to None, run_after=None
[2026-06-24T06:34:44.637+0000] {processor.py:183} INFO - Processing /home/airflow/.local/lib/python3.12/site-packages/airflow/example_dags/example_params_ui_tutorial.py took 0.170 seconds
[2026-06-24T06:35:14.897+0000] {processor.py:161} INFO - Started process (PID=2002) to work on /home/airflow/.local/lib/python3.12/site-packages/airflow/example_dags/example_params_ui_tutorial.py
[2026-06-24T06:35:14.898+0000] {processor.py:830} INFO - Processing file /home/airflow/.local/lib/python3.12/site-packages/airflow/example_dags/example_params_ui_tutorial.py for tasks to queue
[2026-06-24T06:35:14.900+0000] {logging_mixin.py:188} INFO - [2026-06-24T06:35:14.900+0000] {dagbag.py:545} INFO - Filling up the DagBag from /home/airflow/.local/lib/python3.12/site-packages/airflow/example_dags/example_params_ui_tutorial.py
[2026-06-24T06:35:14.914+0000] {processor.py:840} INFO - DAG(s) 'example_params_ui_tutorial' retrieved from /home/airflow/.local/lib/python3.12/site-packages/airflow/example_dags/example_params_ui_tutorial.py
[2026-06-24T06:35:14.997+0000] {logging_mixin.py:188} INFO - [2026-06-24T06:35:14.997+0000] {dag.py:3096} INFO - Sync 1 DAGs
[2026-06-24T06:35:15.013+0000] {logging_mixin.py:188} INFO - [2026-06-24T06:35:15.013+0000] {dag.py:3954} INFO - Setting next_dagrun for example_params_ui_tutorial to None, run_after=None
[2026-06-24T06:35:15.034+0000] {processor.py:183} INFO - Processing /home/airflow/.local/lib/python3.12/site-packages/airflow/example_dags/example_params_ui_tutorial.py took 0.144 seconds
[2026-06-24T06:43:47.044+0000] {processor.py:161} INFO - Started process (PID=85) to work on /home/airflow/.local/lib/python3.12/site-packages/airflow/example_dags/example_params_ui_tutorial.py
[2026-06-24T06:43:47.047+0000] {processor.py:830} INFO - Processing file /home/airflow/.local/lib/python3.12/site-packages/airflow/example_dags/example_params_ui_tutorial.py for tasks to queue
[2026-06-24T06:43:47.053+0000] {logging_mixin.py:188} INFO - [2026-06-24T06:43:47.053+0000] {dagbag.py:545} INFO - Filling up the DagBag from /home/airflow/.local/lib/python3.12/site-packages/airflow/example_dags/example_params_ui_tutorial.py
[2026-06-24T06:43:47.131+0000] {processor.py:840} INFO - DAG(s) 'example_params_ui_tutorial' retrieved from /home/airflow/.local/lib/python3.12/site-packages/airflow/example_dags/example_params_ui_tutorial.py
[2026-06-24T06:43:47.618+0000] {logging_mixin.py:188} INFO - [2026-06-24T06:43:47.618+0000] {dag.py:3096} INFO - Sync 1 DAGs
[2026-06-24T06:43:47.765+0000] {logging_mixin.py:188} INFO - [2026-06-24T06:43:47.765+0000] {dag.py:3954} INFO - Setting next_dagrun for example_params_ui_tutorial to None, run_after=None
[2026-06-24T06:43:47.925+0000] {processor.py:183} INFO - Processing /home/airflow/.local/lib/python3.12/site-packages/airflow/example_dags/example_params_ui_tutorial.py took 0.913 seconds
[2026-06-24T06:46:26.463+0000] {processor.py:161} INFO - Started process (PID=93) to work on /home/airflow/.local/lib/python3.12/site-packages/airflow/example_dags/example_params_ui_tutorial.py
[2026-06-24T06:46:26.577+0000] {processor.py:830} INFO - Processing file /home/airflow/.local/lib/python3.12/site-packages/airflow/example_dags/example_params_ui_tutorial.py for tasks to queue
[2026-06-24T06:46:26.585+0000] {logging_mixin.py:188} INFO - [2026-06-24T06:46:26.585+0000] {dagbag.py:545} INFO - Filling up the DagBag from /home/airflow/.local/lib/python3.12/site-packages/airflow/example_dags/example_params_ui_tutorial.py
[2026-06-24T06:46:26.637+0000] {processor.py:840} INFO - DAG(s) 'example_params_ui_tutorial' retrieved from /home/airflow/.local/lib/python3.12/site-packages/airflow/example_dags/example_params_ui_tutorial.py
[2026-06-24T06:46:27.212+0000] {logging_mixin.py:188} INFO - [2026-06-24T06:46:27.210+0000] {override.py:1829} INFO - Created Permission View: can delete on DAG:example_params_ui_tutorial
[2026-06-24T06:46:27.246+0000] {logging_mixin.py:188} INFO - [2026-06-24T06:46:27.246+0000] {override.py:1829} INFO - Created Permission View: can edit on DAG:example_params_ui_tutorial
[2026-06-24T06:46:27.269+0000] {logging_mixin.py:188} INFO - [2026-06-24T06:46:27.267+0000] {override.py:1829} INFO - Created Permission View: can read on DAG:example_params_ui_tutorial
[2026-06-24T06:46:27.269+0000] {logging_mixin.py:188} INFO - [2026-06-24T06:46:27.269+0000] {dag.py:3096} INFO - Sync 1 DAGs
[2026-06-24T06:46:27.307+0000] {logging_mixin.py:188} INFO - [2026-06-24T06:46:27.307+0000] {dag.py:3118} INFO - Creating ORM DAG for example_params_ui_tutorial
[2026-06-24T06:46:27.310+0000] {logging_mixin.py:188} INFO - [2026-06-24T06:46:27.310+0000] {dag.py:3954} INFO - Setting next_dagrun for example_params_ui_tutorial to None, run_after=None
[2026-06-24T06:46:27.389+0000] {processor.py:183} INFO - Processing /home/airflow/.local/lib/python3.12/site-packages/airflow/example_dags/example_params_ui_tutorial.py took 0.936 seconds
[2026-06-24T06:46:58.115+0000] {processor.py:161} INFO - Started process (PID=152) to work on /home/airflow/.local/lib/python3.12/site-packages/airflow/example_dags/example_params_ui_tutorial.py
[2026-06-24T06:46:58.124+0000] {processor.py:830} INFO - Processing file /home/airflow/.local/lib/python3.12/site-packages/airflow/example_dags/example_params_ui_tutorial.py for tasks to queue
[2026-06-24T06:46:58.129+0000] {logging_mixin.py:188} INFO - [2026-06-24T06:46:58.129+0000] {dagbag.py:545} INFO - Filling up the DagBag from /home/airflow/.local/lib/python3.12/site-packages/airflow/example_dags/example_params_ui_tutorial.py
[2026-06-24T06:46:58.148+0000] {processor.py:840} INFO - DAG(s) 'example_params_ui_tutorial' retrieved from /home/airflow/.local/lib/python3.12/site-packages/airflow/example_dags/example_params_ui_tutorial.py
[2026-06-24T06:46:58.332+0000] {logging_mixin.py:188} INFO - [2026-06-24T06:46:58.331+0000] {dag.py:3096} INFO - Sync 1 DAGs
[2026-06-24T06:46:58.348+0000] {logging_mixin.py:188} INFO - [2026-06-24T06:46:58.348+0000] {dag.py:3954} INFO - Setting next_dagrun for example_params_ui_tutorial to None, run_after=None
[2026-06-24T06:46:58.400+0000] {processor.py:183} INFO - Processing /home/airflow/.local/lib/python3.12/site-packages/airflow/example_dags/example_params_ui_tutorial.py took 0.292 seconds
[2026-06-24T06:47:29.045+0000] {processor.py:161} INFO - Started process (PID=218) to work on /home/airflow/.local/lib/python3.12/site-packages/airflow/example_dags/example_params_ui_tutorial.py
[2026-06-24T06:47:29.264+0000] {processor.py:830} INFO - Processing file /home/airflow/.local/lib/python3.12/site-packages/airflow/example_dags/example_params_ui_tutorial.py for tasks to queue
[2026-06-24T06:47:29.289+0000] {logging_mixin.py:188} INFO - [2026-06-24T06:47:29.289+0000] {dagbag.py:545} INFO - Filling up the DagBag from /home/airflow/.local/lib/python3.12/site-packages/airflow/example_dags/example_params_ui_tutorial.py
[2026-06-24T06:47:29.435+0000] {processor.py:840} INFO - DAG(s) 'example_params_ui_tutorial' retrieved from /home/airflow/.local/lib/python3.12/site-packages/airflow/example_dags/example_params_ui_tutorial.py
[2026-06-24T06:47:29.878+0000] {logging_mixin.py:188} INFO - [2026-06-24T06:47:29.872+0000] {dag.py:3096} INFO - Sync 1 DAGs
[2026-06-24T06:47:29.981+0000] {logging_mixin.py:188} INFO - [2026-06-24T06:47:29.980+0000] {dag.py:3954} INFO - Setting next_dagrun for example_params_ui_tutorial to None, run_after=None
[2026-06-24T06:47:30.103+0000] {processor.py:183} INFO - Processing /home/airflow/.local/lib/python3.12/site-packages/airflow/example_dags/example_params_ui_tutorial.py took 1.119 seconds
[2026-06-24T06:48:00.943+0000] {processor.py:161} INFO - Started process (PID=278) to work on /home/airflow/.local/lib/python3.12/site-packages/airflow/example_dags/example_params_ui_tutorial.py
[2026-06-24T06:48:00.946+0000] {processor.py:830} INFO - Processing file /home/airflow/.local/lib/python3.12/site-packages/airflow/example_dags/example_params_ui_tutorial.py for tasks to queue
[2026-06-24T06:48:00.953+0000] {logging_mixin.py:188} INFO - [2026-06-24T06:48:00.953+0000] {dagbag.py:545} INFO - Filling up the DagBag from /home/airflow/.local/lib/python3.12/site-packages/airflow/example_dags/example_params_ui_tutorial.py
[2026-06-24T06:48:01.015+0000] {processor.py:840} INFO - DAG(s) 'example_params_ui_tutorial' retrieved from /home/airflow/.local/lib/python3.12/site-packages/airflow/example_dags/example_params_ui_tutorial.py
[2026-06-24T06:48:01.372+0000] {logging_mixin.py:188} INFO - [2026-06-24T06:48:01.372+0000] {dag.py:3096} INFO - Sync 1 DAGs
[2026-06-24T06:48:01.424+0000] {logging_mixin.py:188} INFO - [2026-06-24T06:48:01.424+0000] {dag.py:3954} INFO - Setting next_dagrun for example_params_ui_tutorial to None, run_after=None
[2026-06-24T06:48:01.525+0000] {processor.py:183} INFO - Processing /home/airflow/.local/lib/python3.12/site-packages/airflow/example_dags/example_params_ui_tutorial.py took 0.602 seconds
[2026-06-24T06:48:31.812+0000] {processor.py:161} INFO - Started process (PID=337) to work on /home/airflow/.local/lib/python3.12/site-packages/airflow/example_dags/example_params_ui_tutorial.py
[2026-06-24T06:48:31.813+0000] {processor.py:830} INFO - Processing file /home/airflow/.local/lib/python3.12/site-packages/airflow/example_dags/example_params_ui_tutorial.py for tasks to queue
[2026-06-24T06:48:31.815+0000] {logging_mixin.py:188} INFO - [2026-06-24T06:48:31.814+0000] {dagbag.py:545} INFO - Filling up the DagBag from /home/airflow/.local/lib/python3.12/site-packages/airflow/example_dags/example_params_ui_tutorial.py
[2026-06-24T06:48:31.830+0000] {processor.py:840} INFO - DAG(s) 'example_params_ui_tutorial' retrieved from /home/airflow/.local/lib/python3.12/site-packages/airflow/example_dags/example_params_ui_tutorial.py
[2026-06-24T06:48:31.915+0000] {logging_mixin.py:188} INFO - [2026-06-24T06:48:31.915+0000] {dag.py:3096} INFO - Sync 1 DAGs
[2026-06-24T06:48:31.933+0000] {logging_mixin.py:188} INFO - [2026-06-24T06:48:31.932+0000] {dag.py:3954} INFO - Setting next_dagrun for example_params_ui_tutorial to None, run_after=None
[2026-06-24T06:48:31.953+0000] {processor.py:183} INFO - Processing /home/airflow/.local/lib/python3.12/site-packages/airflow/example_dags/example_params_ui_tutorial.py took 0.148 seconds
[2026-06-24T06:49:02.182+0000] {processor.py:161} INFO - Started process (PID=396) to work on /home/airflow/.local/lib/python3.12/site-packages/airflow/example_dags/example_params_ui_tutorial.py
[2026-06-24T06:49:02.183+0000] {processor.py:830} INFO - Processing file /home/airflow/.local/lib/python3.12/site-packages/airflow/example_dags/example_params_ui_tutorial.py for tasks to queue
[2026-06-24T06:49:02.185+0000] {logging_mixin.py:188} INFO - [2026-06-24T06:49:02.185+0000] {dagbag.py:545} INFO - Filling up the DagBag from /home/airflow/.local/lib/python3.12/site-packages/airflow/example_dags/example_params_ui_tutorial.py
[2026-06-24T06:49:02.200+0000] {processor.py:840} INFO - DAG(s) 'example_params_ui_tutorial' retrieved from /home/airflow/.local/lib/python3.12/site-packages/airflow/example_dags/example_params_ui_tutorial.py
[2026-06-24T06:49:02.290+0000] {logging_mixin.py:188} INFO - [2026-06-24T06:49:02.289+0000] {dag.py:3096} INFO - Sync 1 DAGs
[2026-06-24T06:49:02.306+0000] {logging_mixin.py:188} INFO - [2026-06-24T06:49:02.305+0000] {dag.py:3954} INFO - Setting next_dagrun for example_params_ui_tutorial to None, run_after=None
[2026-06-24T06:49:02.326+0000] {processor.py:183} INFO - Processing /home/airflow/.local/lib/python3.12/site-packages/airflow/example_dags/example_params_ui_tutorial.py took 0.151 seconds
[2026-06-24T06:49:32.797+0000] {processor.py:161} INFO - Started process (PID=455) to work on /home/airflow/.local/lib/python3.12/site-packages/airflow/example_dags/example_params_ui_tutorial.py
[2026-06-24T06:49:32.798+0000] {processor.py:830} INFO - Processing file /home/airflow/.local/lib/python3.12/site-packages/airflow/example_dags/example_params_ui_tutorial.py for tasks to queue
[2026-06-24T06:49:32.800+0000] {logging_mixin.py:188} INFO - [2026-06-24T06:49:32.800+0000] {dagbag.py:545} INFO - Filling up the DagBag from /home/airflow/.local/lib/python3.12/site-packages/airflow/example_dags/example_params_ui_tutorial.py
[2026-06-24T06:49:32.833+0000] {processor.py:840} INFO - DAG(s) 'example_params_ui_tutorial' retrieved from /home/airflow/.local/lib/python3.12/site-packages/airflow/example_dags/example_params_ui_tutorial.py
[2026-06-24T06:49:33.019+0000] {logging_mixin.py:188} INFO - [2026-06-24T06:49:33.016+0000] {dag.py:3096} INFO - Sync 1 DAGs
[2026-06-24T06:49:33.051+0000] {logging_mixin.py:188} INFO - [2026-06-24T06:49:33.051+0000] {dag.py:3954} INFO - Setting next_dagrun for example_params_ui_tutorial to None, run_after=None
[2026-06-24T06:49:33.101+0000] {processor.py:183} INFO - Processing /home/airflow/.local/lib/python3.12/site-packages/airflow/example_dags/example_params_ui_tutorial.py took 0.311 seconds
[2026-06-24T06:50:03.159+0000] {processor.py:161} INFO - Started process (PID=514) to work on /home/airflow/.local/lib/python3.12/site-packages/airflow/example_dags/example_params_ui_tutorial.py
[2026-06-24T06:50:03.160+0000] {processor.py:830} INFO - Processing file /home/airflow/.local/lib/python3.12/site-packages/airflow/example_dags/example_params_ui_tutorial.py for tasks to queue
[2026-06-24T06:50:03.162+0000] {logging_mixin.py:188} INFO - [2026-06-24T06:50:03.162+0000] {dagbag.py:545} INFO - Filling up the DagBag from /home/airflow/.local/lib/python3.12/site-packages/airflow/example_dags/example_params_ui_tutorial.py
[2026-06-24T06:50:03.177+0000] {processor.py:840} INFO - DAG(s) 'example_params_ui_tutorial' retrieved from /home/airflow/.local/lib/python3.12/site-packages/airflow/example_dags/example_params_ui_tutorial.py
[2026-06-24T06:50:03.308+0000] {logging_mixin.py:188} INFO - [2026-06-24T06:50:03.308+0000] {dag.py:3096} INFO - Sync 1 DAGs
[2026-06-24T06:50:03.332+0000] {logging_mixin.py:188} INFO - [2026-06-24T06:50:03.332+0000] {dag.py:3954} INFO - Setting next_dagrun for example_params_ui_tutorial to None, run_after=None
[2026-06-24T06:50:03.354+0000] {processor.py:183} INFO - Processing /home/airflow/.local/lib/python3.12/site-packages/airflow/example_dags/example_params_ui_tutorial.py took 0.204 seconds
[2026-06-24T06:50:33.424+0000] {processor.py:161} INFO - Started process (PID=573) to work on /home/airflow/.local/lib/python3.12/site-packages/airflow/example_dags/example_params_ui_tutorial.py
[2026-06-24T06:50:33.425+0000] {processor.py:830} INFO - Processing file /home/airflow/.local/lib/python3.12/site-packages/airflow/example_dags/example_params_ui_tutorial.py for tasks to queue
[2026-06-24T06:50:33.427+0000] {logging_mixin.py:188} INFO - [2026-06-24T06:50:33.427+0000] {dagbag.py:545} INFO - Filling up the DagBag from /home/airflow/.local/lib/python3.12/site-packages/airflow/example_dags/example_params_ui_tutorial.py
[2026-06-24T06:50:33.442+0000] {processor.py:840} INFO - DAG(s) 'example_params_ui_tutorial' retrieved from /home/airflow/.local/lib/python3.12/site-packages/airflow/example_dags/example_params_ui_tutorial.py
[2026-06-24T06:50:33.528+0000] {logging_mixin.py:188} INFO - [2026-06-24T06:50:33.527+0000] {dag.py:3096} INFO - Sync 1 DAGs
[2026-06-24T06:50:33.545+0000] {logging_mixin.py:188} INFO - [2026-06-24T06:50:33.544+0000] {dag.py:3954} INFO - Setting next_dagrun for example_params_ui_tutorial to None, run_after=None
[2026-06-24T06:50:33.566+0000] {processor.py:183} INFO - Processing /home/airflow/.local/lib/python3.12/site-packages/airflow/example_dags/example_params_ui_tutorial.py took 0.149 seconds
[2026-06-24T06:51:04.101+0000] {processor.py:161} INFO - Started process (PID=631) to work on /home/airflow/.local/lib/python3.12/site-packages/airflow/example_dags/example_params_ui_tutorial.py
[2026-06-24T06:51:04.109+0000] {processor.py:830} INFO - Processing file /home/airflow/.local/lib/python3.12/site-packages/airflow/example_dags/example_params_ui_tutorial.py for tasks to queue
[2026-06-24T06:51:04.121+0000] {logging_mixin.py:188} INFO - [2026-06-24T06:51:04.119+0000] {dagbag.py:545} INFO - Filling up the DagBag from /home/airflow/.local/lib/python3.12/site-packages/airflow/example_dags/example_params_ui_tutorial.py
[2026-06-24T06:51:04.186+0000] {processor.py:840} INFO - DAG(s) 'example_params_ui_tutorial' retrieved from /home/airflow/.local/lib/python3.12/site-packages/airflow/example_dags/example_params_ui_tutorial.py
[2026-06-24T06:51:04.507+0000] {logging_mixin.py:188} INFO - [2026-06-24T06:51:04.507+0000] {dag.py:3096} INFO - Sync 1 DAGs
[2026-06-24T06:51:04.596+0000] {logging_mixin.py:188} INFO - [2026-06-24T06:51:04.596+0000] {dag.py:3954} INFO - Setting next_dagrun for example_params_ui_tutorial to None, run_after=None
[2026-06-24T06:51:04.769+0000] {processor.py:183} INFO - Processing /home/airflow/.local/lib/python3.12/site-packages/airflow/example_dags/example_params_ui_tutorial.py took 0.708 seconds
[2026-06-24T06:51:35.430+0000] {processor.py:161} INFO - Started process (PID=688) to work on /home/airflow/.local/lib/python3.12/site-packages/airflow/example_dags/example_params_ui_tutorial.py
[2026-06-24T06:51:35.430+0000] {processor.py:830} INFO - Processing file /home/airflow/.local/lib/python3.12/site-packages/airflow/example_dags/example_params_ui_tutorial.py for tasks to queue
[2026-06-24T06:51:35.444+0000] {logging_mixin.py:188} INFO - [2026-06-24T06:51:35.438+0000] {dagbag.py:545} INFO - Filling up the DagBag from /home/airflow/.local/lib/python3.12/site-packages/airflow/example_dags/example_params_ui_tutorial.py
[2026-06-24T06:51:35.485+0000] {processor.py:840} INFO - DAG(s) 'example_params_ui_tutorial' retrieved from /home/airflow/.local/lib/python3.12/site-packages/airflow/example_dags/example_params_ui_tutorial.py
[2026-06-24T06:51:35.596+0000] {logging_mixin.py:188} INFO - [2026-06-24T06:51:35.595+0000] {dag.py:3096} INFO - Sync 1 DAGs
[2026-06-24T06:51:35.614+0000] {logging_mixin.py:188} INFO - [2026-06-24T06:51:35.614+0000] {dag.py:3954} INFO - Setting next_dagrun for example_params_ui_tutorial to None, run_after=None
[2026-06-24T06:51:35.640+0000] {processor.py:183} INFO - Processing /home/airflow/.local/lib/python3.12/site-packages/airflow/example_dags/example_params_ui_tutorial.py took 0.233 seconds
[2026-06-24T06:52:06.069+0000] {processor.py:161} INFO - Started process (PID=747) to work on /home/airflow/.local/lib/python3.12/site-packages/airflow/example_dags/example_params_ui_tutorial.py
[2026-06-24T06:52:06.070+0000] {processor.py:830} INFO - Processing file /home/airflow/.local/lib/python3.12/site-packages/airflow/example_dags/example_params_ui_tutorial.py for tasks to queue
[2026-06-24T06:52:06.072+0000] {logging_mixin.py:188} INFO - [2026-06-24T06:52:06.072+0000] {dagbag.py:545} INFO - Filling up the DagBag from /home/airflow/.local/lib/python3.12/site-packages/airflow/example_dags/example_params_ui_tutorial.py
[2026-06-24T06:52:06.087+0000] {processor.py:840} INFO - DAG(s) 'example_params_ui_tutorial' retrieved from /home/airflow/.local/lib/python3.12/site-packages/airflow/example_dags/example_params_ui_tutorial.py
[2026-06-24T06:52:06.175+0000] {logging_mixin.py:188} INFO - [2026-06-24T06:52:06.174+0000] {dag.py:3096} INFO - Sync 1 DAGs
[2026-06-24T06:52:06.190+0000] {logging_mixin.py:188} INFO - [2026-06-24T06:52:06.190+0000] {dag.py:3954} INFO - Setting next_dagrun for example_params_ui_tutorial to None, run_after=None
[2026-06-24T06:52:06.214+0000] {processor.py:183} INFO - Processing /home/airflow/.local/lib/python3.12/site-packages/airflow/example_dags/example_params_ui_tutorial.py took 0.151 seconds
[2026-06-24T06:52:36.613+0000] {processor.py:161} INFO - Started process (PID=806) to work on /home/airflow/.local/lib/python3.12/site-packages/airflow/example_dags/example_params_ui_tutorial.py
[2026-06-24T06:52:36.614+0000] {processor.py:830} INFO - Processing file /home/airflow/.local/lib/python3.12/site-packages/airflow/example_dags/example_params_ui_tutorial.py for tasks to queue
[2026-06-24T06:52:36.616+0000] {logging_mixin.py:188} INFO - [2026-06-24T06:52:36.616+0000] {dagbag.py:545} INFO - Filling up the DagBag from /home/airflow/.local/lib/python3.12/site-packages/airflow/example_dags/example_params_ui_tutorial.py
[2026-06-24T06:52:36.638+0000] {processor.py:840} INFO - DAG(s) 'example_params_ui_tutorial' retrieved from /home/airflow/.local/lib/python3.12/site-packages/airflow/example_dags/example_params_ui_tutorial.py
[2026-06-24T06:52:36.739+0000] {logging_mixin.py:188} INFO - [2026-06-24T06:52:36.739+0000] {dag.py:3096} INFO - Sync 1 DAGs
[2026-06-24T06:52:36.806+0000] {logging_mixin.py:188} INFO - [2026-06-24T06:52:36.806+0000] {dag.py:3954} INFO - Setting next_dagrun for example_params_ui_tutorial to None, run_after=None
[2026-06-24T06:52:36.878+0000] {processor.py:183} INFO - Processing /home/airflow/.local/lib/python3.12/site-packages/airflow/example_dags/example_params_ui_tutorial.py took 0.272 seconds
[2026-06-24T06:53:07.290+0000] {processor.py:161} INFO - Started process (PID=865) to work on /home/airflow/.local/lib/python3.12/site-packages/airflow/example_dags/example_params_ui_tutorial.py
[2026-06-24T06:53:07.292+0000] {processor.py:830} INFO - Processing file /home/airflow/.local/lib/python3.12/site-packages/airflow/example_dags/example_params_ui_tutorial.py for tasks to queue
[2026-06-24T06:53:07.295+0000] {logging_mixin.py:188} INFO - [2026-06-24T06:53:07.294+0000] {dagbag.py:545} INFO - Filling up the DagBag from /home/airflow/.local/lib/python3.12/site-packages/airflow/example_dags/example_params_ui_tutorial.py
[2026-06-24T06:53:07.314+0000] {processor.py:840} INFO - DAG(s) 'example_params_ui_tutorial' retrieved from /home/airflow/.local/lib/python3.12/site-packages/airflow/example_dags/example_params_ui_tutorial.py
[2026-06-24T06:53:07.447+0000] {logging_mixin.py:188} INFO - [2026-06-24T06:53:07.447+0000] {dag.py:3096} INFO - Sync 1 DAGs
[2026-06-24T06:53:07.496+0000] {logging_mixin.py:188} INFO - [2026-06-24T06:53:07.496+0000] {dag.py:3954} INFO - Setting next_dagrun for example_params_ui_tutorial to None, run_after=None
[2026-06-24T06:53:07.584+0000] {processor.py:183} INFO - Processing /home/airflow/.local/lib/python3.12/site-packages/airflow/example_dags/example_params_ui_tutorial.py took 0.300 seconds
[2026-06-24T06:53:37.677+0000] {processor.py:161} INFO - Started process (PID=924) to work on /home/airflow/.local/lib/python3.12/site-packages/airflow/example_dags/example_params_ui_tutorial.py
[2026-06-24T06:53:37.679+0000] {processor.py:830} INFO - Processing file /home/airflow/.local/lib/python3.12/site-packages/airflow/example_dags/example_params_ui_tutorial.py for tasks to queue
[2026-06-24T06:53:37.683+0000] {logging_mixin.py:188} INFO - [2026-06-24T06:53:37.682+0000] {dagbag.py:545} INFO - Filling up the DagBag from /home/airflow/.local/lib/python3.12/site-packages/airflow/example_dags/example_params_ui_tutorial.py
[2026-06-24T06:53:37.711+0000] {processor.py:840} INFO - DAG(s) 'example_params_ui_tutorial' retrieved from /home/airflow/.local/lib/python3.12/site-packages/airflow/example_dags/example_params_ui_tutorial.py
[2026-06-24T06:53:37.861+0000] {logging_mixin.py:188} INFO - [2026-06-24T06:53:37.860+0000] {dag.py:3096} INFO - Sync 1 DAGs
[2026-06-24T06:53:37.886+0000] {logging_mixin.py:188} INFO - [2026-06-24T06:53:37.883+0000] {dag.py:3954} INFO - Setting next_dagrun for example_params_ui_tutorial to None, run_after=None
[2026-06-24T06:53:37.959+0000] {processor.py:183} INFO - Processing /home/airflow/.local/lib/python3.12/site-packages/airflow/example_dags/example_params_ui_tutorial.py took 0.289 seconds
[2026-06-24T06:54:08.326+0000] {processor.py:161} INFO - Started process (PID=983) to work on /home/airflow/.local/lib/python3.12/site-packages/airflow/example_dags/example_params_ui_tutorial.py
[2026-06-24T06:54:08.327+0000] {processor.py:830} INFO - Processing file /home/airflow/.local/lib/python3.12/site-packages/airflow/example_dags/example_params_ui_tutorial.py for tasks to queue
[2026-06-24T06:54:08.329+0000] {logging_mixin.py:188} INFO - [2026-06-24T06:54:08.329+0000] {dagbag.py:545} INFO - Filling up the DagBag from /home/airflow/.local/lib/python3.12/site-packages/airflow/example_dags/example_params_ui_tutorial.py
[2026-06-24T06:54:08.345+0000] {processor.py:840} INFO - DAG(s) 'example_params_ui_tutorial' retrieved from /home/airflow/.local/lib/python3.12/site-packages/airflow/example_dags/example_params_ui_tutorial.py
[2026-06-24T06:54:08.430+0000] {logging_mixin.py:188} INFO - [2026-06-24T06:54:08.430+0000] {dag.py:3096} INFO - Sync 1 DAGs
[2026-06-24T06:54:08.446+0000] {logging_mixin.py:188} INFO - [2026-06-24T06:54:08.446+0000] {dag.py:3954} INFO - Setting next_dagrun for example_params_ui_tutorial to None, run_after=None
[2026-06-24T06:54:08.466+0000] {processor.py:183} INFO - Processing /home/airflow/.local/lib/python3.12/site-packages/airflow/example_dags/example_params_ui_tutorial.py took 0.147 seconds
[2026-06-24T06:54:39.106+0000] {processor.py:161} INFO - Started process (PID=1042) to work on /home/airflow/.local/lib/python3.12/site-packages/airflow/example_dags/example_params_ui_tutorial.py
[2026-06-24T06:54:39.111+0000] {processor.py:830} INFO - Processing file /home/airflow/.local/lib/python3.12/site-packages/airflow/example_dags/example_params_ui_tutorial.py for tasks to queue
[2026-06-24T06:54:39.116+0000] {logging_mixin.py:188} INFO - [2026-06-24T06:54:39.115+0000] {dagbag.py:545} INFO - Filling up the DagBag from /home/airflow/.local/lib/python3.12/site-packages/airflow/example_dags/example_params_ui_tutorial.py
[2026-06-24T06:54:39.170+0000] {processor.py:840} INFO - DAG(s) 'example_params_ui_tutorial' retrieved from /home/airflow/.local/lib/python3.12/site-packages/airflow/example_dags/example_params_ui_tutorial.py
[2026-06-24T06:54:39.404+0000] {logging_mixin.py:188} INFO - [2026-06-24T06:54:39.404+0000] {dag.py:3096} INFO - Sync 1 DAGs
[2026-06-24T06:54:39.468+0000] {logging_mixin.py:188} INFO - [2026-06-24T06:54:39.468+0000] {dag.py:3954} INFO - Setting next_dagrun for example_params_ui_tutorial to None, run_after=None
[2026-06-24T06:54:39.526+0000] {processor.py:183} INFO - Processing /home/airflow/.local/lib/python3.12/site-packages/airflow/example_dags/example_params_ui_tutorial.py took 0.437 seconds
[2026-06-24T06:55:10.340+0000] {processor.py:161} INFO - Started process (PID=1101) to work on /home/airflow/.local/lib/python3.12/site-packages/airflow/example_dags/example_params_ui_tutorial.py
[2026-06-24T06:55:10.341+0000] {processor.py:830} INFO - Processing file /home/airflow/.local/lib/python3.12/site-packages/airflow/example_dags/example_params_ui_tutorial.py for tasks to queue
[2026-06-24T06:55:10.343+0000] {logging_mixin.py:188} INFO - [2026-06-24T06:55:10.342+0000] {dagbag.py:545} INFO - Filling up the DagBag from /home/airflow/.local/lib/python3.12/site-packages/airflow/example_dags/example_params_ui_tutorial.py
[2026-06-24T06:55:10.358+0000] {processor.py:840} INFO - DAG(s) 'example_params_ui_tutorial' retrieved from /home/airflow/.local/lib/python3.12/site-packages/airflow/example_dags/example_params_ui_tutorial.py
[2026-06-24T06:55:10.487+0000] {logging_mixin.py:188} INFO - [2026-06-24T06:55:10.486+0000] {dag.py:3096} INFO - Sync 1 DAGs
[2026-06-24T06:55:10.506+0000] {logging_mixin.py:188} INFO - [2026-06-24T06:55:10.506+0000] {dag.py:3954} INFO - Setting next_dagrun for example_params_ui_tutorial to None, run_after=None
[2026-06-24T06:55:10.528+0000] {processor.py:183} INFO - Processing /home/airflow/.local/lib/python3.12/site-packages/airflow/example_dags/example_params_ui_tutorial.py took 0.195 seconds
[2026-06-24T06:55:41.218+0000] {processor.py:161} INFO - Started process (PID=1160) to work on /home/airflow/.local/lib/python3.12/site-packages/airflow/example_dags/example_params_ui_tutorial.py
[2026-06-24T06:55:41.223+0000] {processor.py:830} INFO - Processing file /home/airflow/.local/lib/python3.12/site-packages/airflow/example_dags/example_params_ui_tutorial.py for tasks to queue
[2026-06-24T06:55:41.226+0000] {logging_mixin.py:188} INFO - [2026-06-24T06:55:41.225+0000] {dagbag.py:545} INFO - Filling up the DagBag from /home/airflow/.local/lib/python3.12/site-packages/airflow/example_dags/example_params_ui_tutorial.py
[2026-06-24T06:55:41.250+0000] {processor.py:840} INFO - DAG(s) 'example_params_ui_tutorial' retrieved from /home/airflow/.local/lib/python3.12/site-packages/airflow/example_dags/example_params_ui_tutorial.py
[2026-06-24T06:55:41.351+0000] {logging_mixin.py:188} INFO - [2026-06-24T06:55:41.351+0000] {dag.py:3096} INFO - Sync 1 DAGs
[2026-06-24T06:55:41.369+0000] {logging_mixin.py:188} INFO - [2026-06-24T06:55:41.369+0000] {dag.py:3954} INFO - Setting next_dagrun for example_params_ui_tutorial to None, run_after=None
[2026-06-24T06:55:41.389+0000] {processor.py:183} INFO - Processing /home/airflow/.local/lib/python3.12/site-packages/airflow/example_dags/example_params_ui_tutorial.py took 0.193 seconds
[2026-06-24T06:56:11.468+0000] {processor.py:161} INFO - Started process (PID=1220) to work on /home/airflow/.local/lib/python3.12/site-packages/airflow/example_dags/example_params_ui_tutorial.py
[2026-06-24T06:56:11.469+0000] {processor.py:830} INFO - Processing file /home/airflow/.local/lib/python3.12/site-packages/airflow/example_dags/example_params_ui_tutorial.py for tasks to queue
[2026-06-24T06:56:11.472+0000] {logging_mixin.py:188} INFO - [2026-06-24T06:56:11.471+0000] {dagbag.py:545} INFO - Filling up the DagBag from /home/airflow/.local/lib/python3.12/site-packages/airflow/example_dags/example_params_ui_tutorial.py
[2026-06-24T06:56:11.490+0000] {processor.py:840} INFO - DAG(s) 'example_params_ui_tutorial' retrieved from /home/airflow/.local/lib/python3.12/site-packages/airflow/example_dags/example_params_ui_tutorial.py
[2026-06-24T06:56:11.573+0000] {logging_mixin.py:188} INFO - [2026-06-24T06:56:11.573+0000] {dag.py:3096} INFO - Sync 1 DAGs
[2026-06-24T06:56:11.603+0000] {logging_mixin.py:188} INFO - [2026-06-24T06:56:11.602+0000] {dag.py:3954} INFO - Setting next_dagrun for example_params_ui_tutorial to None, run_after=None
[2026-06-24T06:56:11.650+0000] {processor.py:183} INFO - Processing /home/airflow/.local/lib/python3.12/site-packages/airflow/example_dags/example_params_ui_tutorial.py took 0.191 seconds
[2026-06-24T06:56:42.530+0000] {processor.py:161} INFO - Started process (PID=1279) to work on /home/airflow/.local/lib/python3.12/site-packages/airflow/example_dags/example_params_ui_tutorial.py
[2026-06-24T06:56:42.531+0000] {processor.py:830} INFO - Processing file /home/airflow/.local/lib/python3.12/site-packages/airflow/example_dags/example_params_ui_tutorial.py for tasks to queue
[2026-06-24T06:56:42.534+0000] {logging_mixin.py:188} INFO - [2026-06-24T06:56:42.533+0000] {dagbag.py:545} INFO - Filling up the DagBag from /home/airflow/.local/lib/python3.12/site-packages/airflow/example_dags/example_params_ui_tutorial.py
[2026-06-24T06:56:42.550+0000] {processor.py:840} INFO - DAG(s) 'example_params_ui_tutorial' retrieved from /home/airflow/.local/lib/python3.12/site-packages/airflow/example_dags/example_params_ui_tutorial.py
[2026-06-24T06:56:42.643+0000] {logging_mixin.py:188} INFO - [2026-06-24T06:56:42.643+0000] {dag.py:3096} INFO - Sync 1 DAGs
[2026-06-24T06:56:42.661+0000] {logging_mixin.py:188} INFO - [2026-06-24T06:56:42.661+0000] {dag.py:3954} INFO - Setting next_dagrun for example_params_ui_tutorial to None, run_after=None
[2026-06-24T06:56:42.721+0000] {processor.py:183} INFO - Processing /home/airflow/.local/lib/python3.12/site-packages/airflow/example_dags/example_params_ui_tutorial.py took 0.198 seconds
[2026-06-24T06:57:13.049+0000] {processor.py:161} INFO - Started process (PID=1338) to work on /home/airflow/.local/lib/python3.12/site-packages/airflow/example_dags/example_params_ui_tutorial.py
[2026-06-24T06:57:13.050+0000] {processor.py:830} INFO - Processing file /home/airflow/.local/lib/python3.12/site-packages/airflow/example_dags/example_params_ui_tutorial.py for tasks to queue
[2026-06-24T06:57:13.056+0000] {logging_mixin.py:188} INFO - [2026-06-24T06:57:13.055+0000] {dagbag.py:545} INFO - Filling up the DagBag from /home/airflow/.local/lib/python3.12/site-packages/airflow/example_dags/example_params_ui_tutorial.py
[2026-06-24T06:57:13.086+0000] {processor.py:840} INFO - DAG(s) 'example_params_ui_tutorial' retrieved from /home/airflow/.local/lib/python3.12/site-packages/airflow/example_dags/example_params_ui_tutorial.py
[2026-06-24T06:57:13.168+0000] {logging_mixin.py:188} INFO - [2026-06-24T06:57:13.167+0000] {dag.py:3096} INFO - Sync 1 DAGs
[2026-06-24T06:57:13.185+0000] {logging_mixin.py:188} INFO - [2026-06-24T06:57:13.185+0000] {dag.py:3954} INFO - Setting next_dagrun for example_params_ui_tutorial to None, run_after=None
[2026-06-24T06:57:13.208+0000] {processor.py:183} INFO - Processing /home/airflow/.local/lib/python3.12/site-packages/airflow/example_dags/example_params_ui_tutorial.py took 0.166 seconds
[2026-06-24T06:57:43.987+0000] {processor.py:161} INFO - Started process (PID=1397) to work on /home/airflow/.local/lib/python3.12/site-packages/airflow/example_dags/example_params_ui_tutorial.py
[2026-06-24T06:57:43.988+0000] {processor.py:830} INFO - Processing file /home/airflow/.local/lib/python3.12/site-packages/airflow/example_dags/example_params_ui_tutorial.py for tasks to queue
[2026-06-24T06:57:43.990+0000] {logging_mixin.py:188} INFO - [2026-06-24T06:57:43.989+0000] {dagbag.py:545} INFO - Filling up the DagBag from /home/airflow/.local/lib/python3.12/site-packages/airflow/example_dags/example_params_ui_tutorial.py
[2026-06-24T06:57:44.007+0000] {processor.py:840} INFO - DAG(s) 'example_params_ui_tutorial' retrieved from /home/airflow/.local/lib/python3.12/site-packages/airflow/example_dags/example_params_ui_tutorial.py
[2026-06-24T06:57:44.091+0000] {logging_mixin.py:188} INFO - [2026-06-24T06:57:44.090+0000] {dag.py:3096} INFO - Sync 1 DAGs
[2026-06-24T06:57:44.107+0000] {logging_mixin.py:188} INFO - [2026-06-24T06:57:44.107+0000] {dag.py:3954} INFO - Setting next_dagrun for example_params_ui_tutorial to None, run_after=None
[2026-06-24T06:57:44.128+0000] {processor.py:183} INFO - Processing /home/airflow/.local/lib/python3.12/site-packages/airflow/example_dags/example_params_ui_tutorial.py took 0.148 seconds
[2026-06-24T06:58:14.948+0000] {processor.py:161} INFO - Started process (PID=1456) to work on /home/airflow/.local/lib/python3.12/site-packages/airflow/example_dags/example_params_ui_tutorial.py
[2026-06-24T06:58:14.949+0000] {processor.py:830} INFO - Processing file /home/airflow/.local/lib/python3.12/site-packages/airflow/example_dags/example_params_ui_tutorial.py for tasks to queue
[2026-06-24T06:58:14.951+0000] {logging_mixin.py:188} INFO - [2026-06-24T06:58:14.951+0000] {dagbag.py:545} INFO - Filling up the DagBag from /home/airflow/.local/lib/python3.12/site-packages/airflow/example_dags/example_params_ui_tutorial.py
[2026-06-24T06:58:14.965+0000] {processor.py:840} INFO - DAG(s) 'example_params_ui_tutorial' retrieved from /home/airflow/.local/lib/python3.12/site-packages/airflow/example_dags/example_params_ui_tutorial.py
[2026-06-24T06:58:15.051+0000] {logging_mixin.py:188} INFO - [2026-06-24T06:58:15.051+0000] {dag.py:3096} INFO - Sync 1 DAGs
[2026-06-24T06:58:15.068+0000] {logging_mixin.py:188} INFO - [2026-06-24T06:58:15.068+0000] {dag.py:3954} INFO - Setting next_dagrun for example_params_ui_tutorial to None, run_after=None
[2026-06-24T06:58:15.089+0000] {processor.py:183} INFO - Processing /home/airflow/.local/lib/python3.12/site-packages/airflow/example_dags/example_params_ui_tutorial.py took 0.148 seconds
[2026-06-24T06:58:45.498+0000] {processor.py:161} INFO - Started process (PID=1516) to work on /home/airflow/.local/lib/python3.12/site-packages/airflow/example_dags/example_params_ui_tutorial.py
[2026-06-24T06:58:45.504+0000] {processor.py:830} INFO - Processing file /home/airflow/.local/lib/python3.12/site-packages/airflow/example_dags/example_params_ui_tutorial.py for tasks to queue
[2026-06-24T06:58:45.508+0000] {logging_mixin.py:188} INFO - [2026-06-24T06:58:45.508+0000] {dagbag.py:545} INFO - Filling up the DagBag from /home/airflow/.local/lib/python3.12/site-packages/airflow/example_dags/example_params_ui_tutorial.py
[2026-06-24T06:58:45.562+0000] {processor.py:840} INFO - DAG(s) 'example_params_ui_tutorial' retrieved from /home/airflow/.local/lib/python3.12/site-packages/airflow/example_dags/example_params_ui_tutorial.py
[2026-06-24T06:58:45.927+0000] {logging_mixin.py:188} INFO - [2026-06-24T06:58:45.927+0000] {dag.py:3096} INFO - Sync 1 DAGs
[2026-06-24T06:58:46.007+0000] {logging_mixin.py:188} INFO - [2026-06-24T06:58:46.007+0000] {dag.py:3954} INFO - Setting next_dagrun for example_params_ui_tutorial to None, run_after=None
[2026-06-24T06:58:46.079+0000] {processor.py:183} INFO - Processing /home/airflow/.local/lib/python3.12/site-packages/airflow/example_dags/example_params_ui_tutorial.py took 0.610 seconds
[2026-06-24T06:59:16.221+0000] {processor.py:161} INFO - Started process (PID=1576) to work on /home/airflow/.local/lib/python3.12/site-packages/airflow/example_dags/example_params_ui_tutorial.py
[2026-06-24T06:59:16.222+0000] {processor.py:830} INFO - Processing file /home/airflow/.local/lib/python3.12/site-packages/airflow/example_dags/example_params_ui_tutorial.py for tasks to queue
[2026-06-24T06:59:16.224+0000] {logging_mixin.py:188} INFO - [2026-06-24T06:59:16.224+0000] {dagbag.py:545} INFO - Filling up the DagBag from /home/airflow/.local/lib/python3.12/site-packages/airflow/example_dags/example_params_ui_tutorial.py
[2026-06-24T06:59:16.238+0000] {processor.py:840} INFO - DAG(s) 'example_params_ui_tutorial' retrieved from /home/airflow/.local/lib/python3.12/site-packages/airflow/example_dags/example_params_ui_tutorial.py
[2026-06-24T06:59:16.324+0000] {logging_mixin.py:188} INFO - [2026-06-24T06:59:16.323+0000] {dag.py:3096} INFO - Sync 1 DAGs
[2026-06-24T06:59:16.352+0000] {logging_mixin.py:188} INFO - [2026-06-24T06:59:16.347+0000] {dag.py:3954} INFO - Setting next_dagrun for example_params_ui_tutorial to None, run_after=None
[2026-06-24T06:59:16.424+0000] {processor.py:183} INFO - Processing /home/airflow/.local/lib/python3.12/site-packages/airflow/example_dags/example_params_ui_tutorial.py took 0.210 seconds
[2026-06-24T06:59:46.646+0000] {processor.py:161} INFO - Started process (PID=1635) to work on /home/airflow/.local/lib/python3.12/site-packages/airflow/example_dags/example_params_ui_tutorial.py
[2026-06-24T06:59:46.648+0000] {processor.py:830} INFO - Processing file /home/airflow/.local/lib/python3.12/site-packages/airflow/example_dags/example_params_ui_tutorial.py for tasks to queue
[2026-06-24T06:59:46.650+0000] {logging_mixin.py:188} INFO - [2026-06-24T06:59:46.649+0000] {dagbag.py:545} INFO - Filling up the DagBag from /home/airflow/.local/lib/python3.12/site-packages/airflow/example_dags/example_params_ui_tutorial.py
[2026-06-24T06:59:46.666+0000] {processor.py:840} INFO - DAG(s) 'example_params_ui_tutorial' retrieved from /home/airflow/.local/lib/python3.12/site-packages/airflow/example_dags/example_params_ui_tutorial.py
[2026-06-24T06:59:46.754+0000] {logging_mixin.py:188} INFO - [2026-06-24T06:59:46.753+0000] {dag.py:3096} INFO - Sync 1 DAGs
[2026-06-24T06:59:46.773+0000] {logging_mixin.py:188} INFO - [2026-06-24T06:59:46.773+0000] {dag.py:3954} INFO - Setting next_dagrun for example_params_ui_tutorial to None, run_after=None
[2026-06-24T06:59:46.809+0000] {processor.py:183} INFO - Processing /home/airflow/.local/lib/python3.12/site-packages/airflow/example_dags/example_params_ui_tutorial.py took 0.170 seconds
[2026-06-24T07:00:17.417+0000] {processor.py:161} INFO - Started process (PID=1693) to work on /home/airflow/.local/lib/python3.12/site-packages/airflow/example_dags/example_params_ui_tutorial.py
[2026-06-24T07:00:17.418+0000] {processor.py:830} INFO - Processing file /home/airflow/.local/lib/python3.12/site-packages/airflow/example_dags/example_params_ui_tutorial.py for tasks to queue
[2026-06-24T07:00:17.420+0000] {logging_mixin.py:188} INFO - [2026-06-24T07:00:17.419+0000] {dagbag.py:545} INFO - Filling up the DagBag from /home/airflow/.local/lib/python3.12/site-packages/airflow/example_dags/example_params_ui_tutorial.py
[2026-06-24T07:00:17.434+0000] {processor.py:840} INFO - DAG(s) 'example_params_ui_tutorial' retrieved from /home/airflow/.local/lib/python3.12/site-packages/airflow/example_dags/example_params_ui_tutorial.py
[2026-06-24T07:00:17.525+0000] {logging_mixin.py:188} INFO - [2026-06-24T07:00:17.524+0000] {dag.py:3096} INFO - Sync 1 DAGs
[2026-06-24T07:00:17.540+0000] {logging_mixin.py:188} INFO - [2026-06-24T07:00:17.540+0000] {dag.py:3954} INFO - Setting next_dagrun for example_params_ui_tutorial to None, run_after=None
[2026-06-24T07:00:17.561+0000] {processor.py:183} INFO - Processing /home/airflow/.local/lib/python3.12/site-packages/airflow/example_dags/example_params_ui_tutorial.py took 0.151 seconds
[2026-06-24T07:00:48.399+0000] {processor.py:161} INFO - Started process (PID=1751) to work on /home/airflow/.local/lib/python3.12/site-packages/airflow/example_dags/example_params_ui_tutorial.py
[2026-06-24T07:00:48.400+0000] {processor.py:830} INFO - Processing file /home/airflow/.local/lib/python3.12/site-packages/airflow/example_dags/example_params_ui_tutorial.py for tasks to queue
[2026-06-24T07:00:48.402+0000] {logging_mixin.py:188} INFO - [2026-06-24T07:00:48.402+0000] {dagbag.py:545} INFO - Filling up the DagBag from /home/airflow/.local/lib/python3.12/site-packages/airflow/example_dags/example_params_ui_tutorial.py
[2026-06-24T07:00:48.418+0000] {processor.py:840} INFO - DAG(s) 'example_params_ui_tutorial' retrieved from /home/airflow/.local/lib/python3.12/site-packages/airflow/example_dags/example_params_ui_tutorial.py
[2026-06-24T07:00:48.504+0000] {logging_mixin.py:188} INFO - [2026-06-24T07:00:48.503+0000] {dag.py:3096} INFO - Sync 1 DAGs
[2026-06-24T07:00:48.536+0000] {logging_mixin.py:188} INFO - [2026-06-24T07:00:48.536+0000] {dag.py:3954} INFO - Setting next_dagrun for example_params_ui_tutorial to None, run_after=None
[2026-06-24T07:00:48.579+0000] {processor.py:183} INFO - Processing /home/airflow/.local/lib/python3.12/site-packages/airflow/example_dags/example_params_ui_tutorial.py took 0.186 seconds
[2026-06-24T07:01:18.930+0000] {processor.py:161} INFO - Started process (PID=1810) to work on /home/airflow/.local/lib/python3.12/site-packages/airflow/example_dags/example_params_ui_tutorial.py
[2026-06-24T07:01:18.931+0000] {processor.py:830} INFO - Processing file /home/airflow/.local/lib/python3.12/site-packages/airflow/example_dags/example_params_ui_tutorial.py for tasks to queue
[2026-06-24T07:01:18.934+0000] {logging_mixin.py:188} INFO - [2026-06-24T07:01:18.934+0000] {dagbag.py:545} INFO - Filling up the DagBag from /home/airflow/.local/lib/python3.12/site-packages/airflow/example_dags/example_params_ui_tutorial.py
[2026-06-24T07:01:18.950+0000] {processor.py:840} INFO - DAG(s) 'example_params_ui_tutorial' retrieved from /home/airflow/.local/lib/python3.12/site-packages/airflow/example_dags/example_params_ui_tutorial.py
[2026-06-24T07:01:19.038+0000] {logging_mixin.py:188} INFO - [2026-06-24T07:01:19.038+0000] {dag.py:3096} INFO - Sync 1 DAGs
[2026-06-24T07:01:19.055+0000] {logging_mixin.py:188} INFO - [2026-06-24T07:01:19.054+0000] {dag.py:3954} INFO - Setting next_dagrun for example_params_ui_tutorial to None, run_after=None
[2026-06-24T07:01:19.076+0000] {processor.py:183} INFO - Processing /home/airflow/.local/lib/python3.12/site-packages/airflow/example_dags/example_params_ui_tutorial.py took 0.153 seconds
[2026-06-24T07:01:49.169+0000] {processor.py:161} INFO - Started process (PID=1870) to work on /home/airflow/.local/lib/python3.12/site-packages/airflow/example_dags/example_params_ui_tutorial.py
[2026-06-24T07:01:49.170+0000] {processor.py:830} INFO - Processing file /home/airflow/.local/lib/python3.12/site-packages/airflow/example_dags/example_params_ui_tutorial.py for tasks to queue
[2026-06-24T07:01:49.171+0000] {logging_mixin.py:188} INFO - [2026-06-24T07:01:49.171+0000] {dagbag.py:545} INFO - Filling up the DagBag from /home/airflow/.local/lib/python3.12/site-packages/airflow/example_dags/example_params_ui_tutorial.py
[2026-06-24T07:01:49.182+0000] {processor.py:840} INFO - DAG(s) 'example_params_ui_tutorial' retrieved from /home/airflow/.local/lib/python3.12/site-packages/airflow/example_dags/example_params_ui_tutorial.py
[2026-06-24T07:01:49.233+0000] {logging_mixin.py:188} INFO - [2026-06-24T07:01:49.233+0000] {dag.py:3096} INFO - Sync 1 DAGs
[2026-06-24T07:01:49.246+0000] {logging_mixin.py:188} INFO - [2026-06-24T07:01:49.246+0000] {dag.py:3954} INFO - Setting next_dagrun for example_params_ui_tutorial to None, run_after=None
[2026-06-24T07:01:49.262+0000] {processor.py:183} INFO - Processing /home/airflow/.local/lib/python3.12/site-packages/airflow/example_dags/example_params_ui_tutorial.py took 0.099 seconds
[2026-06-24T07:02:20.076+0000] {processor.py:161} INFO - Started process (PID=1929) to work on /home/airflow/.local/lib/python3.12/site-packages/airflow/example_dags/example_params_ui_tutorial.py
[2026-06-24T07:02:20.080+0000] {processor.py:830} INFO - Processing file /home/airflow/.local/lib/python3.12/site-packages/airflow/example_dags/example_params_ui_tutorial.py for tasks to queue
[2026-06-24T07:02:20.088+0000] {logging_mixin.py:188} INFO - [2026-06-24T07:02:20.088+0000] {dagbag.py:545} INFO - Filling up the DagBag from /home/airflow/.local/lib/python3.12/site-packages/airflow/example_dags/example_params_ui_tutorial.py
[2026-06-24T07:02:20.155+0000] {processor.py:840} INFO - DAG(s) 'example_params_ui_tutorial' retrieved from /home/airflow/.local/lib/python3.12/site-packages/airflow/example_dags/example_params_ui_tutorial.py
[2026-06-24T07:02:20.590+0000] {logging_mixin.py:188} INFO - [2026-06-24T07:02:20.586+0000] {dag.py:3096} INFO - Sync 1 DAGs
[2026-06-24T07:02:20.658+0000] {logging_mixin.py:188} INFO - [2026-06-24T07:02:20.657+0000] {dag.py:3954} INFO - Setting next_dagrun for example_params_ui_tutorial to None, run_after=None
[2026-06-24T07:02:20.700+0000] {processor.py:183} INFO - Processing /home/airflow/.local/lib/python3.12/site-packages/airflow/example_dags/example_params_ui_tutorial.py took 0.654 seconds
[2026-06-24T07:02:50.824+0000] {processor.py:161} INFO - Started process (PID=1987) to work on /home/airflow/.local/lib/python3.12/site-packages/airflow/example_dags/example_params_ui_tutorial.py
[2026-06-24T07:02:50.830+0000] {processor.py:830} INFO - Processing file /home/airflow/.local/lib/python3.12/site-packages/airflow/example_dags/example_params_ui_tutorial.py for tasks to queue
[2026-06-24T07:02:50.837+0000] {logging_mixin.py:188} INFO - [2026-06-24T07:02:50.837+0000] {dagbag.py:545} INFO - Filling up the DagBag from /home/airflow/.local/lib/python3.12/site-packages/airflow/example_dags/example_params_ui_tutorial.py
[2026-06-24T07:02:50.892+0000] {processor.py:840} INFO - DAG(s) 'example_params_ui_tutorial' retrieved from /home/airflow/.local/lib/python3.12/site-packages/airflow/example_dags/example_params_ui_tutorial.py
[2026-06-24T07:02:51.146+0000] {logging_mixin.py:188} INFO - [2026-06-24T07:02:51.146+0000] {dag.py:3096} INFO - Sync 1 DAGs
[2026-06-24T07:02:51.179+0000] {logging_mixin.py:188} INFO - [2026-06-24T07:02:51.179+0000] {dag.py:3954} INFO - Setting next_dagrun for example_params_ui_tutorial to None, run_after=None
[2026-06-24T07:02:51.210+0000] {processor.py:183} INFO - Processing /home/airflow/.local/lib/python3.12/site-packages/airflow/example_dags/example_params_ui_tutorial.py took 0.413 seconds
[2026-06-24T07:03:21.268+0000] {processor.py:161} INFO - Started process (PID=2047) to work on /home/airflow/.local/lib/python3.12/site-packages/airflow/example_dags/example_params_ui_tutorial.py
[2026-06-24T07:03:21.269+0000] {processor.py:830} INFO - Processing file /home/airflow/.local/lib/python3.12/site-packages/airflow/example_dags/example_params_ui_tutorial.py for tasks to queue
[2026-06-24T07:03:21.271+0000] {logging_mixin.py:188} INFO - [2026-06-24T07:03:21.271+0000] {dagbag.py:545} INFO - Filling up the DagBag from /home/airflow/.local/lib/python3.12/site-packages/airflow/example_dags/example_params_ui_tutorial.py
[2026-06-24T07:03:21.287+0000] {processor.py:840} INFO - DAG(s) 'example_params_ui_tutorial' retrieved from /home/airflow/.local/lib/python3.12/site-packages/airflow/example_dags/example_params_ui_tutorial.py
[2026-06-24T07:03:21.353+0000] {logging_mixin.py:188} INFO - [2026-06-24T07:03:21.353+0000] {dag.py:3096} INFO - Sync 1 DAGs
[2026-06-24T07:03:21.366+0000] {logging_mixin.py:188} INFO - [2026-06-24T07:03:21.365+0000] {dag.py:3954} INFO - Setting next_dagrun for example_params_ui_tutorial to None, run_after=None
[2026-06-24T07:03:21.383+0000] {processor.py:183} INFO - Processing /home/airflow/.local/lib/python3.12/site-packages/airflow/example_dags/example_params_ui_tutorial.py took 0.125 seconds
[2026-06-24T07:03:51.473+0000] {processor.py:161} INFO - Started process (PID=2105) to work on /home/airflow/.local/lib/python3.12/site-packages/airflow/example_dags/example_params_ui_tutorial.py
[2026-06-24T07:03:51.474+0000] {processor.py:830} INFO - Processing file /home/airflow/.local/lib/python3.12/site-packages/airflow/example_dags/example_params_ui_tutorial.py for tasks to queue
[2026-06-24T07:03:51.476+0000] {logging_mixin.py:188} INFO - [2026-06-24T07:03:51.476+0000] {dagbag.py:545} INFO - Filling up the DagBag from /home/airflow/.local/lib/python3.12/site-packages/airflow/example_dags/example_params_ui_tutorial.py
[2026-06-24T07:03:51.492+0000] {processor.py:840} INFO - DAG(s) 'example_params_ui_tutorial' retrieved from /home/airflow/.local/lib/python3.12/site-packages/airflow/example_dags/example_params_ui_tutorial.py
[2026-06-24T07:03:51.580+0000] {logging_mixin.py:188} INFO - [2026-06-24T07:03:51.580+0000] {dag.py:3096} INFO - Sync 1 DAGs
[2026-06-24T07:03:51.599+0000] {logging_mixin.py:188} INFO - [2026-06-24T07:03:51.598+0000] {dag.py:3954} INFO - Setting next_dagrun for example_params_ui_tutorial to None, run_after=None
[2026-06-24T07:03:51.620+0000] {processor.py:183} INFO - Processing /home/airflow/.local/lib/python3.12/site-packages/airflow/example_dags/example_params_ui_tutorial.py took 0.154 seconds
[2026-06-24T07:04:21.709+0000] {processor.py:161} INFO - Started process (PID=2164) to work on /home/airflow/.local/lib/python3.12/site-packages/airflow/example_dags/example_params_ui_tutorial.py
[2026-06-24T07:04:21.713+0000] {processor.py:830} INFO - Processing file /home/airflow/.local/lib/python3.12/site-packages/airflow/example_dags/example_params_ui_tutorial.py for tasks to queue
[2026-06-24T07:04:21.717+0000] {logging_mixin.py:188} INFO - [2026-06-24T07:04:21.716+0000] {dagbag.py:545} INFO - Filling up the DagBag from /home/airflow/.local/lib/python3.12/site-packages/airflow/example_dags/example_params_ui_tutorial.py
[2026-06-24T07:04:21.736+0000] {processor.py:840} INFO - DAG(s) 'example_params_ui_tutorial' retrieved from /home/airflow/.local/lib/python3.12/site-packages/airflow/example_dags/example_params_ui_tutorial.py
[2026-06-24T07:04:21.887+0000] {logging_mixin.py:188} INFO - [2026-06-24T07:04:21.887+0000] {dag.py:3096} INFO - Sync 1 DAGs
[2026-06-24T07:04:21.904+0000] {logging_mixin.py:188} INFO - [2026-06-24T07:04:21.904+0000] {dag.py:3954} INFO - Setting next_dagrun for example_params_ui_tutorial to None, run_after=None
[2026-06-24T07:04:21.922+0000] {processor.py:183} INFO - Processing /home/airflow/.local/lib/python3.12/site-packages/airflow/example_dags/example_params_ui_tutorial.py took 0.229 seconds
[2026-06-24T07:04:52.558+0000] {processor.py:161} INFO - Started process (PID=2223) to work on /home/airflow/.local/lib/python3.12/site-packages/airflow/example_dags/example_params_ui_tutorial.py
[2026-06-24T07:04:52.559+0000] {processor.py:830} INFO - Processing file /home/airflow/.local/lib/python3.12/site-packages/airflow/example_dags/example_params_ui_tutorial.py for tasks to queue
[2026-06-24T07:04:52.561+0000] {logging_mixin.py:188} INFO - [2026-06-24T07:04:52.561+0000] {dagbag.py:545} INFO - Filling up the DagBag from /home/airflow/.local/lib/python3.12/site-packages/airflow/example_dags/example_params_ui_tutorial.py
[2026-06-24T07:04:52.577+0000] {processor.py:840} INFO - DAG(s) 'example_params_ui_tutorial' retrieved from /home/airflow/.local/lib/python3.12/site-packages/airflow/example_dags/example_params_ui_tutorial.py
[2026-06-24T07:04:52.660+0000] {logging_mixin.py:188} INFO - [2026-06-24T07:04:52.659+0000] {dag.py:3096} INFO - Sync 1 DAGs
[2026-06-24T07:04:52.677+0000] {logging_mixin.py:188} INFO - [2026-06-24T07:04:52.677+0000] {dag.py:3954} INFO - Setting next_dagrun for example_params_ui_tutorial to None, run_after=None
[2026-06-24T07:04:52.733+0000] {processor.py:183} INFO - Processing /home/airflow/.local/lib/python3.12/site-packages/airflow/example_dags/example_params_ui_tutorial.py took 0.182 seconds
[2026-06-24T07:05:23.424+0000] {processor.py:161} INFO - Started process (PID=2282) to work on /home/airflow/.local/lib/python3.12/site-packages/airflow/example_dags/example_params_ui_tutorial.py
[2026-06-24T07:05:23.425+0000] {processor.py:830} INFO - Processing file /home/airflow/.local/lib/python3.12/site-packages/airflow/example_dags/example_params_ui_tutorial.py for tasks to queue
[2026-06-24T07:05:23.427+0000] {logging_mixin.py:188} INFO - [2026-06-24T07:05:23.426+0000] {dagbag.py:545} INFO - Filling up the DagBag from /home/airflow/.local/lib/python3.12/site-packages/airflow/example_dags/example_params_ui_tutorial.py
[2026-06-24T07:05:23.441+0000] {processor.py:840} INFO - DAG(s) 'example_params_ui_tutorial' retrieved from /home/airflow/.local/lib/python3.12/site-packages/airflow/example_dags/example_params_ui_tutorial.py
[2026-06-24T07:05:23.569+0000] {logging_mixin.py:188} INFO - [2026-06-24T07:05:23.568+0000] {dag.py:3096} INFO - Sync 1 DAGs
[2026-06-24T07:05:23.594+0000] {logging_mixin.py:188} INFO - [2026-06-24T07:05:23.594+0000] {dag.py:3954} INFO - Setting next_dagrun for example_params_ui_tutorial to None, run_after=None
[2026-06-24T07:05:23.618+0000] {processor.py:183} INFO - Processing /home/airflow/.local/lib/python3.12/site-packages/airflow/example_dags/example_params_ui_tutorial.py took 0.201 seconds
[2026-06-24T07:05:53.658+0000] {processor.py:161} INFO - Started process (PID=2341) to work on /home/airflow/.local/lib/python3.12/site-packages/airflow/example_dags/example_params_ui_tutorial.py
[2026-06-24T07:05:53.659+0000] {processor.py:830} INFO - Processing file /home/airflow/.local/lib/python3.12/site-packages/airflow/example_dags/example_params_ui_tutorial.py for tasks to queue
[2026-06-24T07:05:53.661+0000] {logging_mixin.py:188} INFO - [2026-06-24T07:05:53.661+0000] {dagbag.py:545} INFO - Filling up the DagBag from /home/airflow/.local/lib/python3.12/site-packages/airflow/example_dags/example_params_ui_tutorial.py
[2026-06-24T07:05:53.677+0000] {processor.py:840} INFO - DAG(s) 'example_params_ui_tutorial' retrieved from /home/airflow/.local/lib/python3.12/site-packages/airflow/example_dags/example_params_ui_tutorial.py
[2026-06-24T07:05:53.821+0000] {logging_mixin.py:188} INFO - [2026-06-24T07:05:53.821+0000] {dag.py:3096} INFO - Sync 1 DAGs
[2026-06-24T07:05:53.858+0000] {logging_mixin.py:188} INFO - [2026-06-24T07:05:53.856+0000] {dag.py:3954} INFO - Setting next_dagrun for example_params_ui_tutorial to None, run_after=None
[2026-06-24T07:05:53.919+0000] {processor.py:183} INFO - Processing /home/airflow/.local/lib/python3.12/site-packages/airflow/example_dags/example_params_ui_tutorial.py took 0.267 seconds
[2026-06-24T07:06:24.350+0000] {processor.py:161} INFO - Started process (PID=2400) to work on /home/airflow/.local/lib/python3.12/site-packages/airflow/example_dags/example_params_ui_tutorial.py
[2026-06-24T07:06:24.351+0000] {processor.py:830} INFO - Processing file /home/airflow/.local/lib/python3.12/site-packages/airflow/example_dags/example_params_ui_tutorial.py for tasks to queue
[2026-06-24T07:06:24.353+0000] {logging_mixin.py:188} INFO - [2026-06-24T07:06:24.353+0000] {dagbag.py:545} INFO - Filling up the DagBag from /home/airflow/.local/lib/python3.12/site-packages/airflow/example_dags/example_params_ui_tutorial.py
[2026-06-24T07:06:24.369+0000] {processor.py:840} INFO - DAG(s) 'example_params_ui_tutorial' retrieved from /home/airflow/.local/lib/python3.12/site-packages/airflow/example_dags/example_params_ui_tutorial.py
[2026-06-24T07:06:24.458+0000] {logging_mixin.py:188} INFO - [2026-06-24T07:06:24.458+0000] {dag.py:3096} INFO - Sync 1 DAGs
[2026-06-24T07:06:24.502+0000] {logging_mixin.py:188} INFO - [2026-06-24T07:06:24.501+0000] {dag.py:3954} INFO - Setting next_dagrun for example_params_ui_tutorial to None, run_after=None
[2026-06-24T07:06:24.546+0000] {processor.py:183} INFO - Processing /home/airflow/.local/lib/python3.12/site-packages/airflow/example_dags/example_params_ui_tutorial.py took 0.204 seconds
[2026-06-24T07:06:54.658+0000] {processor.py:161} INFO - Started process (PID=2460) to work on /home/airflow/.local/lib/python3.12/site-packages/airflow/example_dags/example_params_ui_tutorial.py
[2026-06-24T07:06:54.659+0000] {processor.py:830} INFO - Processing file /home/airflow/.local/lib/python3.12/site-packages/airflow/example_dags/example_params_ui_tutorial.py for tasks to queue
[2026-06-24T07:06:54.661+0000] {logging_mixin.py:188} INFO - [2026-06-24T07:06:54.661+0000] {dagbag.py:545} INFO - Filling up the DagBag from /home/airflow/.local/lib/python3.12/site-packages/airflow/example_dags/example_params_ui_tutorial.py
[2026-06-24T07:06:54.678+0000] {processor.py:840} INFO - DAG(s) 'example_params_ui_tutorial' retrieved from /home/airflow/.local/lib/python3.12/site-packages/airflow/example_dags/example_params_ui_tutorial.py
[2026-06-24T07:06:54.782+0000] {logging_mixin.py:188} INFO - [2026-06-24T07:06:54.781+0000] {dag.py:3096} INFO - Sync 1 DAGs
[2026-06-24T07:06:54.800+0000] {logging_mixin.py:188} INFO - [2026-06-24T07:06:54.800+0000] {dag.py:3954} INFO - Setting next_dagrun for example_params_ui_tutorial to None, run_after=None
[2026-06-24T07:06:54.826+0000] {processor.py:183} INFO - Processing /home/airflow/.local/lib/python3.12/site-packages/airflow/example_dags/example_params_ui_tutorial.py took 0.176 seconds
[2026-06-24T07:07:24.876+0000] {processor.py:161} INFO - Started process (PID=2519) to work on /home/airflow/.local/lib/python3.12/site-packages/airflow/example_dags/example_params_ui_tutorial.py
[2026-06-24T07:07:24.877+0000] {processor.py:830} INFO - Processing file /home/airflow/.local/lib/python3.12/site-packages/airflow/example_dags/example_params_ui_tutorial.py for tasks to queue
[2026-06-24T07:07:24.879+0000] {logging_mixin.py:188} INFO - [2026-06-24T07:07:24.879+0000] {dagbag.py:545} INFO - Filling up the DagBag from /home/airflow/.local/lib/python3.12/site-packages/airflow/example_dags/example_params_ui_tutorial.py
[2026-06-24T07:07:24.907+0000] {processor.py:840} INFO - DAG(s) 'example_params_ui_tutorial' retrieved from /home/airflow/.local/lib/python3.12/site-packages/airflow/example_dags/example_params_ui_tutorial.py
[2026-06-24T07:07:25.133+0000] {logging_mixin.py:188} INFO - [2026-06-24T07:07:25.132+0000] {dag.py:3096} INFO - Sync 1 DAGs
[2026-06-24T07:07:25.158+0000] {logging_mixin.py:188} INFO - [2026-06-24T07:07:25.157+0000] {dag.py:3954} INFO - Setting next_dagrun for example_params_ui_tutorial to None, run_after=None
[2026-06-24T07:07:25.199+0000] {processor.py:183} INFO - Processing /home/airflow/.local/lib/python3.12/site-packages/airflow/example_dags/example_params_ui_tutorial.py took 0.331 seconds
[2026-06-24T07:07:55.761+0000] {processor.py:161} INFO - Started process (PID=2577) to work on /home/airflow/.local/lib/python3.12/site-packages/airflow/example_dags/example_params_ui_tutorial.py
[2026-06-24T07:07:55.762+0000] {processor.py:830} INFO - Processing file /home/airflow/.local/lib/python3.12/site-packages/airflow/example_dags/example_params_ui_tutorial.py for tasks to queue
[2026-06-24T07:07:55.764+0000] {logging_mixin.py:188} INFO - [2026-06-24T07:07:55.763+0000] {dagbag.py:545} INFO - Filling up the DagBag from /home/airflow/.local/lib/python3.12/site-packages/airflow/example_dags/example_params_ui_tutorial.py
[2026-06-24T07:07:55.799+0000] {processor.py:840} INFO - DAG(s) 'example_params_ui_tutorial' retrieved from /home/airflow/.local/lib/python3.12/site-packages/airflow/example_dags/example_params_ui_tutorial.py
[2026-06-24T07:07:55.891+0000] {logging_mixin.py:188} INFO - [2026-06-24T07:07:55.891+0000] {dag.py:3096} INFO - Sync 1 DAGs
[2026-06-24T07:07:55.910+0000] {logging_mixin.py:188} INFO - [2026-06-24T07:07:55.910+0000] {dag.py:3954} INFO - Setting next_dagrun for example_params_ui_tutorial to None, run_after=None
[2026-06-24T07:07:55.951+0000] {processor.py:183} INFO - Processing /home/airflow/.local/lib/python3.12/site-packages/airflow/example_dags/example_params_ui_tutorial.py took 0.200 seconds
[2026-06-24T07:08:26.132+0000] {processor.py:161} INFO - Started process (PID=2636) to work on /home/airflow/.local/lib/python3.12/site-packages/airflow/example_dags/example_params_ui_tutorial.py
[2026-06-24T07:08:26.135+0000] {processor.py:830} INFO - Processing file /home/airflow/.local/lib/python3.12/site-packages/airflow/example_dags/example_params_ui_tutorial.py for tasks to queue
[2026-06-24T07:08:26.138+0000] {logging_mixin.py:188} INFO - [2026-06-24T07:08:26.138+0000] {dagbag.py:545} INFO - Filling up the DagBag from /home/airflow/.local/lib/python3.12/site-packages/airflow/example_dags/example_params_ui_tutorial.py
[2026-06-24T07:08:26.153+0000] {processor.py:840} INFO - DAG(s) 'example_params_ui_tutorial' retrieved from /home/airflow/.local/lib/python3.12/site-packages/airflow/example_dags/example_params_ui_tutorial.py
[2026-06-24T07:08:26.258+0000] {logging_mixin.py:188} INFO - [2026-06-24T07:08:26.256+0000] {dag.py:3096} INFO - Sync 1 DAGs
[2026-06-24T07:08:26.309+0000] {logging_mixin.py:188} INFO - [2026-06-24T07:08:26.308+0000] {dag.py:3954} INFO - Setting next_dagrun for example_params_ui_tutorial to None, run_after=None
[2026-06-24T07:08:26.345+0000] {processor.py:183} INFO - Processing /home/airflow/.local/lib/python3.12/site-packages/airflow/example_dags/example_params_ui_tutorial.py took 0.220 seconds
[2026-06-24T07:08:56.971+0000] {processor.py:161} INFO - Started process (PID=2694) to work on /home/airflow/.local/lib/python3.12/site-packages/airflow/example_dags/example_params_ui_tutorial.py
[2026-06-24T07:08:56.972+0000] {processor.py:830} INFO - Processing file /home/airflow/.local/lib/python3.12/site-packages/airflow/example_dags/example_params_ui_tutorial.py for tasks to queue
[2026-06-24T07:08:56.974+0000] {logging_mixin.py:188} INFO - [2026-06-24T07:08:56.974+0000] {dagbag.py:545} INFO - Filling up the DagBag from /home/airflow/.local/lib/python3.12/site-packages/airflow/example_dags/example_params_ui_tutorial.py
[2026-06-24T07:08:56.988+0000] {processor.py:840} INFO - DAG(s) 'example_params_ui_tutorial' retrieved from /home/airflow/.local/lib/python3.12/site-packages/airflow/example_dags/example_params_ui_tutorial.py
[2026-06-24T07:08:57.133+0000] {logging_mixin.py:188} INFO - [2026-06-24T07:08:57.132+0000] {dag.py:3096} INFO - Sync 1 DAGs
[2026-06-24T07:08:57.165+0000] {logging_mixin.py:188} INFO - [2026-06-24T07:08:57.164+0000] {dag.py:3954} INFO - Setting next_dagrun for example_params_ui_tutorial to None, run_after=None
[2026-06-24T07:08:57.286+0000] {processor.py:183} INFO - Processing /home/airflow/.local/lib/python3.12/site-packages/airflow/example_dags/example_params_ui_tutorial.py took 0.321 seconds
[2026-06-24T07:09:27.387+0000] {processor.py:161} INFO - Started process (PID=2753) to work on /home/airflow/.local/lib/python3.12/site-packages/airflow/example_dags/example_params_ui_tutorial.py
[2026-06-24T07:09:27.388+0000] {processor.py:830} INFO - Processing file /home/airflow/.local/lib/python3.12/site-packages/airflow/example_dags/example_params_ui_tutorial.py for tasks to queue
[2026-06-24T07:09:27.390+0000] {logging_mixin.py:188} INFO - [2026-06-24T07:09:27.390+0000] {dagbag.py:545} INFO - Filling up the DagBag from /home/airflow/.local/lib/python3.12/site-packages/airflow/example_dags/example_params_ui_tutorial.py
[2026-06-24T07:09:27.405+0000] {processor.py:840} INFO - DAG(s) 'example_params_ui_tutorial' retrieved from /home/airflow/.local/lib/python3.12/site-packages/airflow/example_dags/example_params_ui_tutorial.py
[2026-06-24T07:09:27.494+0000] {logging_mixin.py:188} INFO - [2026-06-24T07:09:27.493+0000] {dag.py:3096} INFO - Sync 1 DAGs
[2026-06-24T07:09:27.510+0000] {logging_mixin.py:188} INFO - [2026-06-24T07:09:27.509+0000] {dag.py:3954} INFO - Setting next_dagrun for example_params_ui_tutorial to None, run_after=None
[2026-06-24T07:09:27.527+0000] {processor.py:183} INFO - Processing /home/airflow/.local/lib/python3.12/site-packages/airflow/example_dags/example_params_ui_tutorial.py took 0.147 seconds
[2026-06-24T07:09:57.756+0000] {processor.py:161} INFO - Started process (PID=2813) to work on /home/airflow/.local/lib/python3.12/site-packages/airflow/example_dags/example_params_ui_tutorial.py
[2026-06-24T07:09:57.757+0000] {processor.py:830} INFO - Processing file /home/airflow/.local/lib/python3.12/site-packages/airflow/example_dags/example_params_ui_tutorial.py for tasks to queue
[2026-06-24T07:09:57.759+0000] {logging_mixin.py:188} INFO - [2026-06-24T07:09:57.759+0000] {dagbag.py:545} INFO - Filling up the DagBag from /home/airflow/.local/lib/python3.12/site-packages/airflow/example_dags/example_params_ui_tutorial.py
[2026-06-24T07:09:57.773+0000] {processor.py:840} INFO - DAG(s) 'example_params_ui_tutorial' retrieved from /home/airflow/.local/lib/python3.12/site-packages/airflow/example_dags/example_params_ui_tutorial.py
[2026-06-24T07:09:57.859+0000] {logging_mixin.py:188} INFO - [2026-06-24T07:09:57.859+0000] {dag.py:3096} INFO - Sync 1 DAGs
[2026-06-24T07:09:57.876+0000] {logging_mixin.py:188} INFO - [2026-06-24T07:09:57.876+0000] {dag.py:3954} INFO - Setting next_dagrun for example_params_ui_tutorial to None, run_after=None
[2026-06-24T07:09:57.896+0000] {processor.py:183} INFO - Processing /home/airflow/.local/lib/python3.12/site-packages/airflow/example_dags/example_params_ui_tutorial.py took 0.147 seconds
[2026-06-24T07:10:28.378+0000] {processor.py:161} INFO - Started process (PID=2872) to work on /home/airflow/.local/lib/python3.12/site-packages/airflow/example_dags/example_params_ui_tutorial.py
[2026-06-24T07:10:28.379+0000] {processor.py:830} INFO - Processing file /home/airflow/.local/lib/python3.12/site-packages/airflow/example_dags/example_params_ui_tutorial.py for tasks to queue
[2026-06-24T07:10:28.382+0000] {logging_mixin.py:188} INFO - [2026-06-24T07:10:28.381+0000] {dagbag.py:545} INFO - Filling up the DagBag from /home/airflow/.local/lib/python3.12/site-packages/airflow/example_dags/example_params_ui_tutorial.py
[2026-06-24T07:10:28.397+0000] {processor.py:840} INFO - DAG(s) 'example_params_ui_tutorial' retrieved from /home/airflow/.local/lib/python3.12/site-packages/airflow/example_dags/example_params_ui_tutorial.py
[2026-06-24T07:10:28.503+0000] {logging_mixin.py:188} INFO - [2026-06-24T07:10:28.502+0000] {dag.py:3096} INFO - Sync 1 DAGs
[2026-06-24T07:10:28.523+0000] {logging_mixin.py:188} INFO - [2026-06-24T07:10:28.522+0000] {dag.py:3954} INFO - Setting next_dagrun for example_params_ui_tutorial to None, run_after=None
[2026-06-24T07:10:28.540+0000] {processor.py:183} INFO - Processing /home/airflow/.local/lib/python3.12/site-packages/airflow/example_dags/example_params_ui_tutorial.py took 0.168 seconds
[2026-06-24T07:10:58.906+0000] {processor.py:161} INFO - Started process (PID=2931) to work on /home/airflow/.local/lib/python3.12/site-packages/airflow/example_dags/example_params_ui_tutorial.py
[2026-06-24T07:10:58.907+0000] {processor.py:830} INFO - Processing file /home/airflow/.local/lib/python3.12/site-packages/airflow/example_dags/example_params_ui_tutorial.py for tasks to queue
[2026-06-24T07:10:58.909+0000] {logging_mixin.py:188} INFO - [2026-06-24T07:10:58.908+0000] {dagbag.py:545} INFO - Filling up the DagBag from /home/airflow/.local/lib/python3.12/site-packages/airflow/example_dags/example_params_ui_tutorial.py
[2026-06-24T07:10:58.925+0000] {processor.py:840} INFO - DAG(s) 'example_params_ui_tutorial' retrieved from /home/airflow/.local/lib/python3.12/site-packages/airflow/example_dags/example_params_ui_tutorial.py
[2026-06-24T07:10:59.012+0000] {logging_mixin.py:188} INFO - [2026-06-24T07:10:59.011+0000] {dag.py:3096} INFO - Sync 1 DAGs
[2026-06-24T07:10:59.030+0000] {logging_mixin.py:188} INFO - [2026-06-24T07:10:59.030+0000] {dag.py:3954} INFO - Setting next_dagrun for example_params_ui_tutorial to None, run_after=None
[2026-06-24T07:10:59.051+0000] {processor.py:183} INFO - Processing /home/airflow/.local/lib/python3.12/site-packages/airflow/example_dags/example_params_ui_tutorial.py took 0.152 seconds
[2026-06-24T07:11:29.729+0000] {processor.py:161} INFO - Started process (PID=2991) to work on /home/airflow/.local/lib/python3.12/site-packages/airflow/example_dags/example_params_ui_tutorial.py
[2026-06-24T07:11:29.733+0000] {processor.py:830} INFO - Processing file /home/airflow/.local/lib/python3.12/site-packages/airflow/example_dags/example_params_ui_tutorial.py for tasks to queue
[2026-06-24T07:11:29.736+0000] {logging_mixin.py:188} INFO - [2026-06-24T07:11:29.736+0000] {dagbag.py:545} INFO - Filling up the DagBag from /home/airflow/.local/lib/python3.12/site-packages/airflow/example_dags/example_params_ui_tutorial.py
[2026-06-24T07:11:29.776+0000] {processor.py:840} INFO - DAG(s) 'example_params_ui_tutorial' retrieved from /home/airflow/.local/lib/python3.12/site-packages/airflow/example_dags/example_params_ui_tutorial.py
[2026-06-24T07:11:29.860+0000] {logging_mixin.py:188} INFO - [2026-06-24T07:11:29.859+0000] {dag.py:3096} INFO - Sync 1 DAGs
[2026-06-24T07:11:29.879+0000] {logging_mixin.py:188} INFO - [2026-06-24T07:11:29.878+0000] {dag.py:3954} INFO - Setting next_dagrun for example_params_ui_tutorial to None, run_after=None
[2026-06-24T07:11:29.895+0000] {processor.py:183} INFO - Processing /home/airflow/.local/lib/python3.12/site-packages/airflow/example_dags/example_params_ui_tutorial.py took 0.183 seconds
[2026-06-24T07:12:00.490+0000] {processor.py:161} INFO - Started process (PID=3050) to work on /home/airflow/.local/lib/python3.12/site-packages/airflow/example_dags/example_params_ui_tutorial.py
[2026-06-24T07:12:00.490+0000] {processor.py:830} INFO - Processing file /home/airflow/.local/lib/python3.12/site-packages/airflow/example_dags/example_params_ui_tutorial.py for tasks to queue
[2026-06-24T07:12:00.492+0000] {logging_mixin.py:188} INFO - [2026-06-24T07:12:00.492+0000] {dagbag.py:545} INFO - Filling up the DagBag from /home/airflow/.local/lib/python3.12/site-packages/airflow/example_dags/example_params_ui_tutorial.py
[2026-06-24T07:12:00.508+0000] {processor.py:840} INFO - DAG(s) 'example_params_ui_tutorial' retrieved from /home/airflow/.local/lib/python3.12/site-packages/airflow/example_dags/example_params_ui_tutorial.py
[2026-06-24T07:12:00.690+0000] {logging_mixin.py:188} INFO - [2026-06-24T07:12:00.688+0000] {dag.py:3096} INFO - Sync 1 DAGs
[2026-06-24T07:12:00.706+0000] {logging_mixin.py:188} INFO - [2026-06-24T07:12:00.706+0000] {dag.py:3954} INFO - Setting next_dagrun for example_params_ui_tutorial to None, run_after=None
[2026-06-24T07:12:00.724+0000] {processor.py:183} INFO - Processing /home/airflow/.local/lib/python3.12/site-packages/airflow/example_dags/example_params_ui_tutorial.py took 0.241 seconds
[2026-06-24T07:12:31.216+0000] {processor.py:161} INFO - Started process (PID=3108) to work on /home/airflow/.local/lib/python3.12/site-packages/airflow/example_dags/example_params_ui_tutorial.py
[2026-06-24T07:12:31.222+0000] {processor.py:830} INFO - Processing file /home/airflow/.local/lib/python3.12/site-packages/airflow/example_dags/example_params_ui_tutorial.py for tasks to queue
[2026-06-24T07:12:31.226+0000] {logging_mixin.py:188} INFO - [2026-06-24T07:12:31.226+0000] {dagbag.py:545} INFO - Filling up the DagBag from /home/airflow/.local/lib/python3.12/site-packages/airflow/example_dags/example_params_ui_tutorial.py
[2026-06-24T07:12:31.258+0000] {processor.py:840} INFO - DAG(s) 'example_params_ui_tutorial' retrieved from /home/airflow/.local/lib/python3.12/site-packages/airflow/example_dags/example_params_ui_tutorial.py
[2026-06-24T07:12:31.465+0000] {logging_mixin.py:188} INFO - [2026-06-24T07:12:31.465+0000] {dag.py:3096} INFO - Sync 1 DAGs
[2026-06-24T07:12:31.485+0000] {logging_mixin.py:188} INFO - [2026-06-24T07:12:31.485+0000] {dag.py:3954} INFO - Setting next_dagrun for example_params_ui_tutorial to None, run_after=None
[2026-06-24T07:12:31.533+0000] {processor.py:183} INFO - Processing /home/airflow/.local/lib/python3.12/site-packages/airflow/example_dags/example_params_ui_tutorial.py took 0.330 seconds
[2026-06-24T07:13:02.467+0000] {processor.py:161} INFO - Started process (PID=3167) to work on /home/airflow/.local/lib/python3.12/site-packages/airflow/example_dags/example_params_ui_tutorial.py
[2026-06-24T07:13:02.469+0000] {processor.py:830} INFO - Processing file /home/airflow/.local/lib/python3.12/site-packages/airflow/example_dags/example_params_ui_tutorial.py for tasks to queue
[2026-06-24T07:13:02.471+0000] {logging_mixin.py:188} INFO - [2026-06-24T07:13:02.471+0000] {dagbag.py:545} INFO - Filling up the DagBag from /home/airflow/.local/lib/python3.12/site-packages/airflow/example_dags/example_params_ui_tutorial.py
[2026-06-24T07:13:02.487+0000] {processor.py:840} INFO - DAG(s) 'example_params_ui_tutorial' retrieved from /home/airflow/.local/lib/python3.12/site-packages/airflow/example_dags/example_params_ui_tutorial.py
[2026-06-24T07:13:02.577+0000] {logging_mixin.py:188} INFO - [2026-06-24T07:13:02.577+0000] {dag.py:3096} INFO - Sync 1 DAGs
[2026-06-24T07:13:02.595+0000] {logging_mixin.py:188} INFO - [2026-06-24T07:13:02.595+0000] {dag.py:3954} INFO - Setting next_dagrun for example_params_ui_tutorial to None, run_after=None
[2026-06-24T07:13:02.611+0000] {processor.py:183} INFO - Processing /home/airflow/.local/lib/python3.12/site-packages/airflow/example_dags/example_params_ui_tutorial.py took 0.155 seconds
[2026-06-24T07:13:33.448+0000] {processor.py:161} INFO - Started process (PID=3226) to work on /home/airflow/.local/lib/python3.12/site-packages/airflow/example_dags/example_params_ui_tutorial.py
[2026-06-24T07:13:33.450+0000] {processor.py:830} INFO - Processing file /home/airflow/.local/lib/python3.12/site-packages/airflow/example_dags/example_params_ui_tutorial.py for tasks to queue
[2026-06-24T07:13:33.453+0000] {logging_mixin.py:188} INFO - [2026-06-24T07:13:33.453+0000] {dagbag.py:545} INFO - Filling up the DagBag from /home/airflow/.local/lib/python3.12/site-packages/airflow/example_dags/example_params_ui_tutorial.py
[2026-06-24T07:13:33.479+0000] {processor.py:840} INFO - DAG(s) 'example_params_ui_tutorial' retrieved from /home/airflow/.local/lib/python3.12/site-packages/airflow/example_dags/example_params_ui_tutorial.py
[2026-06-24T07:13:33.651+0000] {logging_mixin.py:188} INFO - [2026-06-24T07:13:33.651+0000] {dag.py:3096} INFO - Sync 1 DAGs
[2026-06-24T07:13:33.679+0000] {logging_mixin.py:188} INFO - [2026-06-24T07:13:33.679+0000] {dag.py:3954} INFO - Setting next_dagrun for example_params_ui_tutorial to None, run_after=None
[2026-06-24T07:13:33.713+0000] {processor.py:183} INFO - Processing /home/airflow/.local/lib/python3.12/site-packages/airflow/example_dags/example_params_ui_tutorial.py took 0.280 seconds
[2026-06-24T07:14:04.632+0000] {processor.py:161} INFO - Started process (PID=3285) to work on /home/airflow/.local/lib/python3.12/site-packages/airflow/example_dags/example_params_ui_tutorial.py
[2026-06-24T07:14:04.634+0000] {processor.py:830} INFO - Processing file /home/airflow/.local/lib/python3.12/site-packages/airflow/example_dags/example_params_ui_tutorial.py for tasks to queue
[2026-06-24T07:14:04.636+0000] {logging_mixin.py:188} INFO - [2026-06-24T07:14:04.636+0000] {dagbag.py:545} INFO - Filling up the DagBag from /home/airflow/.local/lib/python3.12/site-packages/airflow/example_dags/example_params_ui_tutorial.py
[2026-06-24T07:14:04.658+0000] {processor.py:840} INFO - DAG(s) 'example_params_ui_tutorial' retrieved from /home/airflow/.local/lib/python3.12/site-packages/airflow/example_dags/example_params_ui_tutorial.py
[2026-06-24T07:14:04.815+0000] {logging_mixin.py:188} INFO - [2026-06-24T07:14:04.815+0000] {dag.py:3096} INFO - Sync 1 DAGs
[2026-06-24T07:14:04.848+0000] {logging_mixin.py:188} INFO - [2026-06-24T07:14:04.848+0000] {dag.py:3954} INFO - Setting next_dagrun for example_params_ui_tutorial to None, run_after=None
[2026-06-24T07:14:04.908+0000] {processor.py:183} INFO - Processing /home/airflow/.local/lib/python3.12/site-packages/airflow/example_dags/example_params_ui_tutorial.py took 0.292 seconds
[2026-06-24T07:14:35.271+0000] {processor.py:161} INFO - Started process (PID=3344) to work on /home/airflow/.local/lib/python3.12/site-packages/airflow/example_dags/example_params_ui_tutorial.py
[2026-06-24T07:14:35.272+0000] {processor.py:830} INFO - Processing file /home/airflow/.local/lib/python3.12/site-packages/airflow/example_dags/example_params_ui_tutorial.py for tasks to queue
[2026-06-24T07:14:35.274+0000] {logging_mixin.py:188} INFO - [2026-06-24T07:14:35.274+0000] {dagbag.py:545} INFO - Filling up the DagBag from /home/airflow/.local/lib/python3.12/site-packages/airflow/example_dags/example_params_ui_tutorial.py
[2026-06-24T07:14:35.289+0000] {processor.py:840} INFO - DAG(s) 'example_params_ui_tutorial' retrieved from /home/airflow/.local/lib/python3.12/site-packages/airflow/example_dags/example_params_ui_tutorial.py
[2026-06-24T07:14:35.374+0000] {logging_mixin.py:188} INFO - [2026-06-24T07:14:35.374+0000] {dag.py:3096} INFO - Sync 1 DAGs
[2026-06-24T07:14:35.392+0000] {logging_mixin.py:188} INFO - [2026-06-24T07:14:35.392+0000] {dag.py:3954} INFO - Setting next_dagrun for example_params_ui_tutorial to None, run_after=None
[2026-06-24T07:14:35.413+0000] {processor.py:183} INFO - Processing /home/airflow/.local/lib/python3.12/site-packages/airflow/example_dags/example_params_ui_tutorial.py took 0.148 seconds
[2026-06-24T07:15:06.302+0000] {processor.py:161} INFO - Started process (PID=3409) to work on /home/airflow/.local/lib/python3.12/site-packages/airflow/example_dags/example_params_ui_tutorial.py
[2026-06-24T07:15:06.304+0000] {processor.py:830} INFO - Processing file /home/airflow/.local/lib/python3.12/site-packages/airflow/example_dags/example_params_ui_tutorial.py for tasks to queue
[2026-06-24T07:15:06.307+0000] {logging_mixin.py:188} INFO - [2026-06-24T07:15:06.306+0000] {dagbag.py:545} INFO - Filling up the DagBag from /home/airflow/.local/lib/python3.12/site-packages/airflow/example_dags/example_params_ui_tutorial.py
[2026-06-24T07:15:06.322+0000] {processor.py:840} INFO - DAG(s) 'example_params_ui_tutorial' retrieved from /home/airflow/.local/lib/python3.12/site-packages/airflow/example_dags/example_params_ui_tutorial.py
[2026-06-24T07:15:06.410+0000] {logging_mixin.py:188} INFO - [2026-06-24T07:15:06.409+0000] {dag.py:3096} INFO - Sync 1 DAGs
[2026-06-24T07:15:06.427+0000] {logging_mixin.py:188} INFO - [2026-06-24T07:15:06.426+0000] {dag.py:3954} INFO - Setting next_dagrun for example_params_ui_tutorial to None, run_after=None
[2026-06-24T07:15:06.448+0000] {processor.py:183} INFO - Processing /home/airflow/.local/lib/python3.12/site-packages/airflow/example_dags/example_params_ui_tutorial.py took 0.153 seconds
[2026-06-24T07:15:36.609+0000] {processor.py:161} INFO - Started process (PID=3468) to work on /home/airflow/.local/lib/python3.12/site-packages/airflow/example_dags/example_params_ui_tutorial.py
[2026-06-24T07:15:36.610+0000] {processor.py:830} INFO - Processing file /home/airflow/.local/lib/python3.12/site-packages/airflow/example_dags/example_params_ui_tutorial.py for tasks to queue
[2026-06-24T07:15:36.612+0000] {logging_mixin.py:188} INFO - [2026-06-24T07:15:36.612+0000] {dagbag.py:545} INFO - Filling up the DagBag from /home/airflow/.local/lib/python3.12/site-packages/airflow/example_dags/example_params_ui_tutorial.py
[2026-06-24T07:15:36.628+0000] {processor.py:840} INFO - DAG(s) 'example_params_ui_tutorial' retrieved from /home/airflow/.local/lib/python3.12/site-packages/airflow/example_dags/example_params_ui_tutorial.py
[2026-06-24T07:15:36.713+0000] {logging_mixin.py:188} INFO - [2026-06-24T07:15:36.713+0000] {dag.py:3096} INFO - Sync 1 DAGs
[2026-06-24T07:15:36.731+0000] {logging_mixin.py:188} INFO - [2026-06-24T07:15:36.731+0000] {dag.py:3954} INFO - Setting next_dagrun for example_params_ui_tutorial to None, run_after=None
[2026-06-24T07:15:36.754+0000] {processor.py:183} INFO - Processing /home/airflow/.local/lib/python3.12/site-packages/airflow/example_dags/example_params_ui_tutorial.py took 0.152 seconds
[2026-06-24T07:16:07.351+0000] {processor.py:161} INFO - Started process (PID=3527) to work on /home/airflow/.local/lib/python3.12/site-packages/airflow/example_dags/example_params_ui_tutorial.py
[2026-06-24T07:16:07.354+0000] {processor.py:830} INFO - Processing file /home/airflow/.local/lib/python3.12/site-packages/airflow/example_dags/example_params_ui_tutorial.py for tasks to queue
[2026-06-24T07:16:07.357+0000] {logging_mixin.py:188} INFO - [2026-06-24T07:16:07.356+0000] {dagbag.py:545} INFO - Filling up the DagBag from /home/airflow/.local/lib/python3.12/site-packages/airflow/example_dags/example_params_ui_tutorial.py
[2026-06-24T07:16:07.378+0000] {processor.py:840} INFO - DAG(s) 'example_params_ui_tutorial' retrieved from /home/airflow/.local/lib/python3.12/site-packages/airflow/example_dags/example_params_ui_tutorial.py
[2026-06-24T07:16:07.475+0000] {logging_mixin.py:188} INFO - [2026-06-24T07:16:07.475+0000] {dag.py:3096} INFO - Sync 1 DAGs
[2026-06-24T07:16:07.492+0000] {logging_mixin.py:188} INFO - [2026-06-24T07:16:07.491+0000] {dag.py:3954} INFO - Setting next_dagrun for example_params_ui_tutorial to None, run_after=None
[2026-06-24T07:16:07.514+0000] {processor.py:183} INFO - Processing /home/airflow/.local/lib/python3.12/site-packages/airflow/example_dags/example_params_ui_tutorial.py took 0.171 seconds
[2026-06-24T07:16:37.758+0000] {processor.py:161} INFO - Started process (PID=3586) to work on /home/airflow/.local/lib/python3.12/site-packages/airflow/example_dags/example_params_ui_tutorial.py
[2026-06-24T07:16:37.759+0000] {processor.py:830} INFO - Processing file /home/airflow/.local/lib/python3.12/site-packages/airflow/example_dags/example_params_ui_tutorial.py for tasks to queue
[2026-06-24T07:16:37.761+0000] {logging_mixin.py:188} INFO - [2026-06-24T07:16:37.761+0000] {dagbag.py:545} INFO - Filling up the DagBag from /home/airflow/.local/lib/python3.12/site-packages/airflow/example_dags/example_params_ui_tutorial.py
[2026-06-24T07:16:37.777+0000] {processor.py:840} INFO - DAG(s) 'example_params_ui_tutorial' retrieved from /home/airflow/.local/lib/python3.12/site-packages/airflow/example_dags/example_params_ui_tutorial.py
[2026-06-24T07:16:37.861+0000] {logging_mixin.py:188} INFO - [2026-06-24T07:16:37.861+0000] {dag.py:3096} INFO - Sync 1 DAGs
[2026-06-24T07:16:37.878+0000] {logging_mixin.py:188} INFO - [2026-06-24T07:16:37.877+0000] {dag.py:3954} INFO - Setting next_dagrun for example_params_ui_tutorial to None, run_after=None
[2026-06-24T07:16:37.899+0000] {processor.py:183} INFO - Processing /home/airflow/.local/lib/python3.12/site-packages/airflow/example_dags/example_params_ui_tutorial.py took 0.147 seconds
[2026-06-24T07:17:07.962+0000] {processor.py:161} INFO - Started process (PID=3645) to work on /home/airflow/.local/lib/python3.12/site-packages/airflow/example_dags/example_params_ui_tutorial.py
[2026-06-24T07:17:07.964+0000] {processor.py:830} INFO - Processing file /home/airflow/.local/lib/python3.12/site-packages/airflow/example_dags/example_params_ui_tutorial.py for tasks to queue
[2026-06-24T07:17:07.967+0000] {logging_mixin.py:188} INFO - [2026-06-24T07:17:07.967+0000] {dagbag.py:545} INFO - Filling up the DagBag from /home/airflow/.local/lib/python3.12/site-packages/airflow/example_dags/example_params_ui_tutorial.py
[2026-06-24T07:17:07.984+0000] {processor.py:840} INFO - DAG(s) 'example_params_ui_tutorial' retrieved from /home/airflow/.local/lib/python3.12/site-packages/airflow/example_dags/example_params_ui_tutorial.py
[2026-06-24T07:17:08.072+0000] {logging_mixin.py:188} INFO - [2026-06-24T07:17:08.072+0000] {dag.py:3096} INFO - Sync 1 DAGs
[2026-06-24T07:17:08.089+0000] {logging_mixin.py:188} INFO - [2026-06-24T07:17:08.089+0000] {dag.py:3954} INFO - Setting next_dagrun for example_params_ui_tutorial to None, run_after=None
[2026-06-24T07:17:08.126+0000] {processor.py:183} INFO - Processing /home/airflow/.local/lib/python3.12/site-packages/airflow/example_dags/example_params_ui_tutorial.py took 0.171 seconds
[2026-06-24T07:17:38.254+0000] {processor.py:161} INFO - Started process (PID=3704) to work on /home/airflow/.local/lib/python3.12/site-packages/airflow/example_dags/example_params_ui_tutorial.py
[2026-06-24T07:17:38.255+0000] {processor.py:830} INFO - Processing file /home/airflow/.local/lib/python3.12/site-packages/airflow/example_dags/example_params_ui_tutorial.py for tasks to queue
[2026-06-24T07:17:38.257+0000] {logging_mixin.py:188} INFO - [2026-06-24T07:17:38.257+0000] {dagbag.py:545} INFO - Filling up the DagBag from /home/airflow/.local/lib/python3.12/site-packages/airflow/example_dags/example_params_ui_tutorial.py
[2026-06-24T07:17:38.273+0000] {processor.py:840} INFO - DAG(s) 'example_params_ui_tutorial' retrieved from /home/airflow/.local/lib/python3.12/site-packages/airflow/example_dags/example_params_ui_tutorial.py
[2026-06-24T07:17:38.357+0000] {logging_mixin.py:188} INFO - [2026-06-24T07:17:38.357+0000] {dag.py:3096} INFO - Sync 1 DAGs
[2026-06-24T07:17:38.374+0000] {logging_mixin.py:188} INFO - [2026-06-24T07:17:38.374+0000] {dag.py:3954} INFO - Setting next_dagrun for example_params_ui_tutorial to None, run_after=None
[2026-06-24T07:17:38.393+0000] {processor.py:183} INFO - Processing /home/airflow/.local/lib/python3.12/site-packages/airflow/example_dags/example_params_ui_tutorial.py took 0.147 seconds
[2026-06-24T07:18:08.844+0000] {processor.py:161} INFO - Started process (PID=3763) to work on /home/airflow/.local/lib/python3.12/site-packages/airflow/example_dags/example_params_ui_tutorial.py
[2026-06-24T07:18:08.845+0000] {processor.py:830} INFO - Processing file /home/airflow/.local/lib/python3.12/site-packages/airflow/example_dags/example_params_ui_tutorial.py for tasks to queue
[2026-06-24T07:18:08.847+0000] {logging_mixin.py:188} INFO - [2026-06-24T07:18:08.847+0000] {dagbag.py:545} INFO - Filling up the DagBag from /home/airflow/.local/lib/python3.12/site-packages/airflow/example_dags/example_params_ui_tutorial.py
[2026-06-24T07:18:08.862+0000] {processor.py:840} INFO - DAG(s) 'example_params_ui_tutorial' retrieved from /home/airflow/.local/lib/python3.12/site-packages/airflow/example_dags/example_params_ui_tutorial.py
[2026-06-24T07:18:08.957+0000] {logging_mixin.py:188} INFO - [2026-06-24T07:18:08.956+0000] {dag.py:3096} INFO - Sync 1 DAGs
[2026-06-24T07:18:08.982+0000] {logging_mixin.py:188} INFO - [2026-06-24T07:18:08.981+0000] {dag.py:3954} INFO - Setting next_dagrun for example_params_ui_tutorial to None, run_after=None
[2026-06-24T07:18:09.005+0000] {processor.py:183} INFO - Processing /home/airflow/.local/lib/python3.12/site-packages/airflow/example_dags/example_params_ui_tutorial.py took 0.168 seconds
[2026-06-24T07:18:39.589+0000] {processor.py:161} INFO - Started process (PID=3821) to work on /home/airflow/.local/lib/python3.12/site-packages/airflow/example_dags/example_params_ui_tutorial.py
[2026-06-24T07:18:39.591+0000] {processor.py:830} INFO - Processing file /home/airflow/.local/lib/python3.12/site-packages/airflow/example_dags/example_params_ui_tutorial.py for tasks to queue
[2026-06-24T07:18:39.593+0000] {logging_mixin.py:188} INFO - [2026-06-24T07:18:39.593+0000] {dagbag.py:545} INFO - Filling up the DagBag from /home/airflow/.local/lib/python3.12/site-packages/airflow/example_dags/example_params_ui_tutorial.py
[2026-06-24T07:18:39.608+0000] {processor.py:840} INFO - DAG(s) 'example_params_ui_tutorial' retrieved from /home/airflow/.local/lib/python3.12/site-packages/airflow/example_dags/example_params_ui_tutorial.py
[2026-06-24T07:18:39.813+0000] {logging_mixin.py:188} INFO - [2026-06-24T07:18:39.813+0000] {dag.py:3096} INFO - Sync 1 DAGs
[2026-06-24T07:18:39.853+0000] {logging_mixin.py:188} INFO - [2026-06-24T07:18:39.852+0000] {dag.py:3954} INFO - Setting next_dagrun for example_params_ui_tutorial to None, run_after=None
[2026-06-24T07:18:39.912+0000] {processor.py:183} INFO - Processing /home/airflow/.local/lib/python3.12/site-packages/airflow/example_dags/example_params_ui_tutorial.py took 0.338 seconds
[2026-06-24T07:19:10.839+0000] {processor.py:161} INFO - Started process (PID=3881) to work on /home/airflow/.local/lib/python3.12/site-packages/airflow/example_dags/example_params_ui_tutorial.py
[2026-06-24T07:19:10.840+0000] {processor.py:830} INFO - Processing file /home/airflow/.local/lib/python3.12/site-packages/airflow/example_dags/example_params_ui_tutorial.py for tasks to queue
[2026-06-24T07:19:10.842+0000] {logging_mixin.py:188} INFO - [2026-06-24T07:19:10.842+0000] {dagbag.py:545} INFO - Filling up the DagBag from /home/airflow/.local/lib/python3.12/site-packages/airflow/example_dags/example_params_ui_tutorial.py
[2026-06-24T07:19:10.858+0000] {processor.py:840} INFO - DAG(s) 'example_params_ui_tutorial' retrieved from /home/airflow/.local/lib/python3.12/site-packages/airflow/example_dags/example_params_ui_tutorial.py
[2026-06-24T07:19:11.013+0000] {logging_mixin.py:188} INFO - [2026-06-24T07:19:11.013+0000] {dag.py:3096} INFO - Sync 1 DAGs
[2026-06-24T07:19:11.031+0000] {logging_mixin.py:188} INFO - [2026-06-24T07:19:11.030+0000] {dag.py:3954} INFO - Setting next_dagrun for example_params_ui_tutorial to None, run_after=None
[2026-06-24T07:19:11.056+0000] {processor.py:183} INFO - Processing /home/airflow/.local/lib/python3.12/site-packages/airflow/example_dags/example_params_ui_tutorial.py took 0.224 seconds
[2026-06-24T07:19:41.449+0000] {processor.py:161} INFO - Started process (PID=3940) to work on /home/airflow/.local/lib/python3.12/site-packages/airflow/example_dags/example_params_ui_tutorial.py
[2026-06-24T07:19:41.452+0000] {processor.py:830} INFO - Processing file /home/airflow/.local/lib/python3.12/site-packages/airflow/example_dags/example_params_ui_tutorial.py for tasks to queue
[2026-06-24T07:19:41.455+0000] {logging_mixin.py:188} INFO - [2026-06-24T07:19:41.455+0000] {dagbag.py:545} INFO - Filling up the DagBag from /home/airflow/.local/lib/python3.12/site-packages/airflow/example_dags/example_params_ui_tutorial.py
[2026-06-24T07:19:41.489+0000] {processor.py:840} INFO - DAG(s) 'example_params_ui_tutorial' retrieved from /home/airflow/.local/lib/python3.12/site-packages/airflow/example_dags/example_params_ui_tutorial.py
[2026-06-24T07:19:41.701+0000] {logging_mixin.py:188} INFO - [2026-06-24T07:19:41.701+0000] {dag.py:3096} INFO - Sync 1 DAGs
[2026-06-24T07:19:41.720+0000] {logging_mixin.py:188} INFO - [2026-06-24T07:19:41.720+0000] {dag.py:3954} INFO - Setting next_dagrun for example_params_ui_tutorial to None, run_after=None
[2026-06-24T07:19:41.762+0000] {processor.py:183} INFO - Processing /home/airflow/.local/lib/python3.12/site-packages/airflow/example_dags/example_params_ui_tutorial.py took 0.332 seconds
[2026-06-24T07:20:11.954+0000] {processor.py:161} INFO - Started process (PID=3999) to work on /home/airflow/.local/lib/python3.12/site-packages/airflow/example_dags/example_params_ui_tutorial.py
[2026-06-24T07:20:11.956+0000] {processor.py:830} INFO - Processing file /home/airflow/.local/lib/python3.12/site-packages/airflow/example_dags/example_params_ui_tutorial.py for tasks to queue
[2026-06-24T07:20:11.958+0000] {logging_mixin.py:188} INFO - [2026-06-24T07:20:11.957+0000] {dagbag.py:545} INFO - Filling up the DagBag from /home/airflow/.local/lib/python3.12/site-packages/airflow/example_dags/example_params_ui_tutorial.py
[2026-06-24T07:20:11.973+0000] {processor.py:840} INFO - DAG(s) 'example_params_ui_tutorial' retrieved from /home/airflow/.local/lib/python3.12/site-packages/airflow/example_dags/example_params_ui_tutorial.py
[2026-06-24T07:20:12.062+0000] {logging_mixin.py:188} INFO - [2026-06-24T07:20:12.062+0000] {dag.py:3096} INFO - Sync 1 DAGs
[2026-06-24T07:20:12.078+0000] {logging_mixin.py:188} INFO - [2026-06-24T07:20:12.078+0000] {dag.py:3954} INFO - Setting next_dagrun for example_params_ui_tutorial to None, run_after=None
[2026-06-24T07:20:12.105+0000] {processor.py:183} INFO - Processing /home/airflow/.local/lib/python3.12/site-packages/airflow/example_dags/example_params_ui_tutorial.py took 0.158 seconds
[2026-06-24T07:20:42.750+0000] {processor.py:161} INFO - Started process (PID=4058) to work on /home/airflow/.local/lib/python3.12/site-packages/airflow/example_dags/example_params_ui_tutorial.py
[2026-06-24T07:20:42.751+0000] {processor.py:830} INFO - Processing file /home/airflow/.local/lib/python3.12/site-packages/airflow/example_dags/example_params_ui_tutorial.py for tasks to queue
[2026-06-24T07:20:42.753+0000] {logging_mixin.py:188} INFO - [2026-06-24T07:20:42.753+0000] {dagbag.py:545} INFO - Filling up the DagBag from /home/airflow/.local/lib/python3.12/site-packages/airflow/example_dags/example_params_ui_tutorial.py
[2026-06-24T07:20:42.768+0000] {processor.py:840} INFO - DAG(s) 'example_params_ui_tutorial' retrieved from /home/airflow/.local/lib/python3.12/site-packages/airflow/example_dags/example_params_ui_tutorial.py
[2026-06-24T07:20:42.857+0000] {logging_mixin.py:188} INFO - [2026-06-24T07:20:42.857+0000] {dag.py:3096} INFO - Sync 1 DAGs
[2026-06-24T07:20:42.874+0000] {logging_mixin.py:188} INFO - [2026-06-24T07:20:42.874+0000] {dag.py:3954} INFO - Setting next_dagrun for example_params_ui_tutorial to None, run_after=None
[2026-06-24T07:20:42.896+0000] {processor.py:183} INFO - Processing /home/airflow/.local/lib/python3.12/site-packages/airflow/example_dags/example_params_ui_tutorial.py took 0.164 seconds
[2026-06-24T07:21:12.938+0000] {processor.py:161} INFO - Started process (PID=4117) to work on /home/airflow/.local/lib/python3.12/site-packages/airflow/example_dags/example_params_ui_tutorial.py
[2026-06-24T07:21:12.939+0000] {processor.py:830} INFO - Processing file /home/airflow/.local/lib/python3.12/site-packages/airflow/example_dags/example_params_ui_tutorial.py for tasks to queue
[2026-06-24T07:21:12.942+0000] {logging_mixin.py:188} INFO - [2026-06-24T07:21:12.941+0000] {dagbag.py:545} INFO - Filling up the DagBag from /home/airflow/.local/lib/python3.12/site-packages/airflow/example_dags/example_params_ui_tutorial.py
[2026-06-24T07:21:12.957+0000] {processor.py:840} INFO - DAG(s) 'example_params_ui_tutorial' retrieved from /home/airflow/.local/lib/python3.12/site-packages/airflow/example_dags/example_params_ui_tutorial.py
[2026-06-24T07:21:13.046+0000] {logging_mixin.py:188} INFO - [2026-06-24T07:21:13.045+0000] {dag.py:3096} INFO - Sync 1 DAGs
[2026-06-24T07:21:13.065+0000] {logging_mixin.py:188} INFO - [2026-06-24T07:21:13.065+0000] {dag.py:3954} INFO - Setting next_dagrun for example_params_ui_tutorial to None, run_after=None
[2026-06-24T07:21:13.088+0000] {processor.py:183} INFO - Processing /home/airflow/.local/lib/python3.12/site-packages/airflow/example_dags/example_params_ui_tutorial.py took 0.157 seconds
[2026-06-24T07:21:43.211+0000] {processor.py:161} INFO - Started process (PID=4175) to work on /home/airflow/.local/lib/python3.12/site-packages/airflow/example_dags/example_params_ui_tutorial.py
[2026-06-24T07:21:43.212+0000] {processor.py:830} INFO - Processing file /home/airflow/.local/lib/python3.12/site-packages/airflow/example_dags/example_params_ui_tutorial.py for tasks to queue
[2026-06-24T07:21:43.215+0000] {logging_mixin.py:188} INFO - [2026-06-24T07:21:43.214+0000] {dagbag.py:545} INFO - Filling up the DagBag from /home/airflow/.local/lib/python3.12/site-packages/airflow/example_dags/example_params_ui_tutorial.py
[2026-06-24T07:21:43.230+0000] {processor.py:840} INFO - DAG(s) 'example_params_ui_tutorial' retrieved from /home/airflow/.local/lib/python3.12/site-packages/airflow/example_dags/example_params_ui_tutorial.py
[2026-06-24T07:21:43.367+0000] {logging_mixin.py:188} INFO - [2026-06-24T07:21:43.366+0000] {dag.py:3096} INFO - Sync 1 DAGs
[2026-06-24T07:21:43.406+0000] {logging_mixin.py:188} INFO - [2026-06-24T07:21:43.406+0000] {dag.py:3954} INFO - Setting next_dagrun for example_params_ui_tutorial to None, run_after=None
[2026-06-24T07:21:43.428+0000] {processor.py:183} INFO - Processing /home/airflow/.local/lib/python3.12/site-packages/airflow/example_dags/example_params_ui_tutorial.py took 0.227 seconds
[2026-06-24T07:22:13.789+0000] {processor.py:161} INFO - Started process (PID=4234) to work on /home/airflow/.local/lib/python3.12/site-packages/airflow/example_dags/example_params_ui_tutorial.py
[2026-06-24T07:22:13.790+0000] {processor.py:830} INFO - Processing file /home/airflow/.local/lib/python3.12/site-packages/airflow/example_dags/example_params_ui_tutorial.py for tasks to queue
[2026-06-24T07:22:13.792+0000] {logging_mixin.py:188} INFO - [2026-06-24T07:22:13.792+0000] {dagbag.py:545} INFO - Filling up the DagBag from /home/airflow/.local/lib/python3.12/site-packages/airflow/example_dags/example_params_ui_tutorial.py
[2026-06-24T07:22:13.808+0000] {processor.py:840} INFO - DAG(s) 'example_params_ui_tutorial' retrieved from /home/airflow/.local/lib/python3.12/site-packages/airflow/example_dags/example_params_ui_tutorial.py
[2026-06-24T07:22:13.892+0000] {logging_mixin.py:188} INFO - [2026-06-24T07:22:13.892+0000] {dag.py:3096} INFO - Sync 1 DAGs
[2026-06-24T07:22:13.910+0000] {logging_mixin.py:188} INFO - [2026-06-24T07:22:13.910+0000] {dag.py:3954} INFO - Setting next_dagrun for example_params_ui_tutorial to None, run_after=None
[2026-06-24T07:22:13.933+0000] {processor.py:183} INFO - Processing /home/airflow/.local/lib/python3.12/site-packages/airflow/example_dags/example_params_ui_tutorial.py took 0.151 seconds
[2026-06-24T07:22:44.055+0000] {processor.py:161} INFO - Started process (PID=4294) to work on /home/airflow/.local/lib/python3.12/site-packages/airflow/example_dags/example_params_ui_tutorial.py
[2026-06-24T07:22:44.056+0000] {processor.py:830} INFO - Processing file /home/airflow/.local/lib/python3.12/site-packages/airflow/example_dags/example_params_ui_tutorial.py for tasks to queue
[2026-06-24T07:22:44.059+0000] {logging_mixin.py:188} INFO - [2026-06-24T07:22:44.058+0000] {dagbag.py:545} INFO - Filling up the DagBag from /home/airflow/.local/lib/python3.12/site-packages/airflow/example_dags/example_params_ui_tutorial.py
[2026-06-24T07:22:44.074+0000] {processor.py:840} INFO - DAG(s) 'example_params_ui_tutorial' retrieved from /home/airflow/.local/lib/python3.12/site-packages/airflow/example_dags/example_params_ui_tutorial.py
[2026-06-24T07:22:44.159+0000] {logging_mixin.py:188} INFO - [2026-06-24T07:22:44.159+0000] {dag.py:3096} INFO - Sync 1 DAGs
[2026-06-24T07:22:44.179+0000] {logging_mixin.py:188} INFO - [2026-06-24T07:22:44.179+0000] {dag.py:3954} INFO - Setting next_dagrun for example_params_ui_tutorial to None, run_after=None
[2026-06-24T07:22:44.199+0000] {processor.py:183} INFO - Processing /home/airflow/.local/lib/python3.12/site-packages/airflow/example_dags/example_params_ui_tutorial.py took 0.150 seconds
[2026-06-24T07:23:14.516+0000] {processor.py:161} INFO - Started process (PID=4350) to work on /home/airflow/.local/lib/python3.12/site-packages/airflow/example_dags/example_params_ui_tutorial.py
[2026-06-24T07:23:14.517+0000] {processor.py:830} INFO - Processing file /home/airflow/.local/lib/python3.12/site-packages/airflow/example_dags/example_params_ui_tutorial.py for tasks to queue
[2026-06-24T07:23:14.520+0000] {logging_mixin.py:188} INFO - [2026-06-24T07:23:14.519+0000] {dagbag.py:545} INFO - Filling up the DagBag from /home/airflow/.local/lib/python3.12/site-packages/airflow/example_dags/example_params_ui_tutorial.py
[2026-06-24T07:23:14.535+0000] {processor.py:840} INFO - DAG(s) 'example_params_ui_tutorial' retrieved from /home/airflow/.local/lib/python3.12/site-packages/airflow/example_dags/example_params_ui_tutorial.py
[2026-06-24T07:23:14.621+0000] {logging_mixin.py:188} INFO - [2026-06-24T07:23:14.621+0000] {dag.py:3096} INFO - Sync 1 DAGs
[2026-06-24T07:23:14.640+0000] {logging_mixin.py:188} INFO - [2026-06-24T07:23:14.640+0000] {dag.py:3954} INFO - Setting next_dagrun for example_params_ui_tutorial to None, run_after=None
[2026-06-24T07:23:14.660+0000] {processor.py:183} INFO - Processing /home/airflow/.local/lib/python3.12/site-packages/airflow/example_dags/example_params_ui_tutorial.py took 0.151 seconds
[2026-06-24T07:23:45.211+0000] {processor.py:161} INFO - Started process (PID=4409) to work on /home/airflow/.local/lib/python3.12/site-packages/airflow/example_dags/example_params_ui_tutorial.py
[2026-06-24T07:23:45.212+0000] {processor.py:830} INFO - Processing file /home/airflow/.local/lib/python3.12/site-packages/airflow/example_dags/example_params_ui_tutorial.py for tasks to queue
[2026-06-24T07:23:45.215+0000] {logging_mixin.py:188} INFO - [2026-06-24T07:23:45.214+0000] {dagbag.py:545} INFO - Filling up the DagBag from /home/airflow/.local/lib/python3.12/site-packages/airflow/example_dags/example_params_ui_tutorial.py
[2026-06-24T07:23:45.229+0000] {processor.py:840} INFO - DAG(s) 'example_params_ui_tutorial' retrieved from /home/airflow/.local/lib/python3.12/site-packages/airflow/example_dags/example_params_ui_tutorial.py
[2026-06-24T07:23:45.318+0000] {logging_mixin.py:188} INFO - [2026-06-24T07:23:45.318+0000] {dag.py:3096} INFO - Sync 1 DAGs
[2026-06-24T07:23:45.335+0000] {logging_mixin.py:188} INFO - [2026-06-24T07:23:45.334+0000] {dag.py:3954} INFO - Setting next_dagrun for example_params_ui_tutorial to None, run_after=None
[2026-06-24T07:23:45.356+0000] {processor.py:183} INFO - Processing /home/airflow/.local/lib/python3.12/site-packages/airflow/example_dags/example_params_ui_tutorial.py took 0.152 seconds
[2026-06-24T07:24:15.933+0000] {processor.py:161} INFO - Started process (PID=4468) to work on /home/airflow/.local/lib/python3.12/site-packages/airflow/example_dags/example_params_ui_tutorial.py
[2026-06-24T07:24:15.934+0000] {processor.py:830} INFO - Processing file /home/airflow/.local/lib/python3.12/site-packages/airflow/example_dags/example_params_ui_tutorial.py for tasks to queue
[2026-06-24T07:24:15.936+0000] {logging_mixin.py:188} INFO - [2026-06-24T07:24:15.936+0000] {dagbag.py:545} INFO - Filling up the DagBag from /home/airflow/.local/lib/python3.12/site-packages/airflow/example_dags/example_params_ui_tutorial.py
[2026-06-24T07:24:15.951+0000] {processor.py:840} INFO - DAG(s) 'example_params_ui_tutorial' retrieved from /home/airflow/.local/lib/python3.12/site-packages/airflow/example_dags/example_params_ui_tutorial.py
[2026-06-24T07:24:16.043+0000] {logging_mixin.py:188} INFO - [2026-06-24T07:24:16.042+0000] {dag.py:3096} INFO - Sync 1 DAGs
[2026-06-24T07:24:16.061+0000] {logging_mixin.py:188} INFO - [2026-06-24T07:24:16.060+0000] {dag.py:3954} INFO - Setting next_dagrun for example_params_ui_tutorial to None, run_after=None
[2026-06-24T07:24:16.082+0000] {processor.py:183} INFO - Processing /home/airflow/.local/lib/python3.12/site-packages/airflow/example_dags/example_params_ui_tutorial.py took 0.156 seconds
[2026-06-24T07:24:46.416+0000] {processor.py:161} INFO - Started process (PID=4526) to work on /home/airflow/.local/lib/python3.12/site-packages/airflow/example_dags/example_params_ui_tutorial.py
[2026-06-24T07:24:46.417+0000] {processor.py:830} INFO - Processing file /home/airflow/.local/lib/python3.12/site-packages/airflow/example_dags/example_params_ui_tutorial.py for tasks to queue
[2026-06-24T07:24:46.419+0000] {logging_mixin.py:188} INFO - [2026-06-24T07:24:46.419+0000] {dagbag.py:545} INFO - Filling up the DagBag from /home/airflow/.local/lib/python3.12/site-packages/airflow/example_dags/example_params_ui_tutorial.py
[2026-06-24T07:24:46.434+0000] {processor.py:840} INFO - DAG(s) 'example_params_ui_tutorial' retrieved from /home/airflow/.local/lib/python3.12/site-packages/airflow/example_dags/example_params_ui_tutorial.py
[2026-06-24T07:24:46.672+0000] {logging_mixin.py:188} INFO - [2026-06-24T07:24:46.671+0000] {dag.py:3096} INFO - Sync 1 DAGs
[2026-06-24T07:24:46.703+0000] {logging_mixin.py:188} INFO - [2026-06-24T07:24:46.703+0000] {dag.py:3954} INFO - Setting next_dagrun for example_params_ui_tutorial to None, run_after=None
[2026-06-24T07:24:46.750+0000] {processor.py:183} INFO - Processing /home/airflow/.local/lib/python3.12/site-packages/airflow/example_dags/example_params_ui_tutorial.py took 0.350 seconds
[2026-06-24T07:25:17.568+0000] {processor.py:161} INFO - Started process (PID=4584) to work on /home/airflow/.local/lib/python3.12/site-packages/airflow/example_dags/example_params_ui_tutorial.py
[2026-06-24T07:25:17.569+0000] {processor.py:830} INFO - Processing file /home/airflow/.local/lib/python3.12/site-packages/airflow/example_dags/example_params_ui_tutorial.py for tasks to queue
[2026-06-24T07:25:17.571+0000] {logging_mixin.py:188} INFO - [2026-06-24T07:25:17.571+0000] {dagbag.py:545} INFO - Filling up the DagBag from /home/airflow/.local/lib/python3.12/site-packages/airflow/example_dags/example_params_ui_tutorial.py
[2026-06-24T07:25:17.586+0000] {processor.py:840} INFO - DAG(s) 'example_params_ui_tutorial' retrieved from /home/airflow/.local/lib/python3.12/site-packages/airflow/example_dags/example_params_ui_tutorial.py
[2026-06-24T07:25:17.673+0000] {logging_mixin.py:188} INFO - [2026-06-24T07:25:17.673+0000] {dag.py:3096} INFO - Sync 1 DAGs
[2026-06-24T07:25:17.691+0000] {logging_mixin.py:188} INFO - [2026-06-24T07:25:17.691+0000] {dag.py:3954} INFO - Setting next_dagrun for example_params_ui_tutorial to None, run_after=None
[2026-06-24T07:25:17.717+0000] {processor.py:183} INFO - Processing /home/airflow/.local/lib/python3.12/site-packages/airflow/example_dags/example_params_ui_tutorial.py took 0.156 seconds
[2026-06-24T07:25:48.346+0000] {processor.py:161} INFO - Started process (PID=4643) to work on /home/airflow/.local/lib/python3.12/site-packages/airflow/example_dags/example_params_ui_tutorial.py
[2026-06-24T07:25:48.347+0000] {processor.py:830} INFO - Processing file /home/airflow/.local/lib/python3.12/site-packages/airflow/example_dags/example_params_ui_tutorial.py for tasks to queue
[2026-06-24T07:25:48.349+0000] {logging_mixin.py:188} INFO - [2026-06-24T07:25:48.349+0000] {dagbag.py:545} INFO - Filling up the DagBag from /home/airflow/.local/lib/python3.12/site-packages/airflow/example_dags/example_params_ui_tutorial.py
[2026-06-24T07:25:48.364+0000] {processor.py:840} INFO - DAG(s) 'example_params_ui_tutorial' retrieved from /home/airflow/.local/lib/python3.12/site-packages/airflow/example_dags/example_params_ui_tutorial.py
[2026-06-24T07:25:48.451+0000] {logging_mixin.py:188} INFO - [2026-06-24T07:25:48.451+0000] {dag.py:3096} INFO - Sync 1 DAGs
[2026-06-24T07:25:48.468+0000] {logging_mixin.py:188} INFO - [2026-06-24T07:25:48.467+0000] {dag.py:3954} INFO - Setting next_dagrun for example_params_ui_tutorial to None, run_after=None
[2026-06-24T07:25:48.488+0000] {processor.py:183} INFO - Processing /home/airflow/.local/lib/python3.12/site-packages/airflow/example_dags/example_params_ui_tutorial.py took 0.150 seconds
[2026-06-24T07:26:19.125+0000] {processor.py:161} INFO - Started process (PID=4701) to work on /home/airflow/.local/lib/python3.12/site-packages/airflow/example_dags/example_params_ui_tutorial.py
[2026-06-24T07:26:19.126+0000] {processor.py:830} INFO - Processing file /home/airflow/.local/lib/python3.12/site-packages/airflow/example_dags/example_params_ui_tutorial.py for tasks to queue
[2026-06-24T07:26:19.129+0000] {logging_mixin.py:188} INFO - [2026-06-24T07:26:19.129+0000] {dagbag.py:545} INFO - Filling up the DagBag from /home/airflow/.local/lib/python3.12/site-packages/airflow/example_dags/example_params_ui_tutorial.py
[2026-06-24T07:26:19.146+0000] {processor.py:840} INFO - DAG(s) 'example_params_ui_tutorial' retrieved from /home/airflow/.local/lib/python3.12/site-packages/airflow/example_dags/example_params_ui_tutorial.py
[2026-06-24T07:26:19.478+0000] {logging_mixin.py:188} INFO - [2026-06-24T07:26:19.476+0000] {dag.py:3096} INFO - Sync 1 DAGs
[2026-06-24T07:26:19.500+0000] {logging_mixin.py:188} INFO - [2026-06-24T07:26:19.500+0000] {dag.py:3954} INFO - Setting next_dagrun for example_params_ui_tutorial to None, run_after=None
[2026-06-24T07:26:19.539+0000] {processor.py:183} INFO - Processing /home/airflow/.local/lib/python3.12/site-packages/airflow/example_dags/example_params_ui_tutorial.py took 0.433 seconds
[2026-06-24T07:26:50.510+0000] {processor.py:161} INFO - Started process (PID=4761) to work on /home/airflow/.local/lib/python3.12/site-packages/airflow/example_dags/example_params_ui_tutorial.py
[2026-06-24T07:26:50.511+0000] {processor.py:830} INFO - Processing file /home/airflow/.local/lib/python3.12/site-packages/airflow/example_dags/example_params_ui_tutorial.py for tasks to queue
[2026-06-24T07:26:50.517+0000] {logging_mixin.py:188} INFO - [2026-06-24T07:26:50.515+0000] {dagbag.py:545} INFO - Filling up the DagBag from /home/airflow/.local/lib/python3.12/site-packages/airflow/example_dags/example_params_ui_tutorial.py
[2026-06-24T07:26:50.558+0000] {processor.py:840} INFO - DAG(s) 'example_params_ui_tutorial' retrieved from /home/airflow/.local/lib/python3.12/site-packages/airflow/example_dags/example_params_ui_tutorial.py
[2026-06-24T07:26:50.720+0000] {logging_mixin.py:188} INFO - [2026-06-24T07:26:50.714+0000] {dag.py:3096} INFO - Sync 1 DAGs
[2026-06-24T07:26:50.791+0000] {logging_mixin.py:188} INFO - [2026-06-24T07:26:50.788+0000] {dag.py:3954} INFO - Setting next_dagrun for example_params_ui_tutorial to None, run_after=None
[2026-06-24T07:26:50.845+0000] {processor.py:183} INFO - Processing /home/airflow/.local/lib/python3.12/site-packages/airflow/example_dags/example_params_ui_tutorial.py took 0.352 seconds
[2026-06-24T07:27:20.984+0000] {processor.py:161} INFO - Started process (PID=4821) to work on /home/airflow/.local/lib/python3.12/site-packages/airflow/example_dags/example_params_ui_tutorial.py
[2026-06-24T07:27:20.987+0000] {processor.py:830} INFO - Processing file /home/airflow/.local/lib/python3.12/site-packages/airflow/example_dags/example_params_ui_tutorial.py for tasks to queue
[2026-06-24T07:27:20.989+0000] {logging_mixin.py:188} INFO - [2026-06-24T07:27:20.989+0000] {dagbag.py:545} INFO - Filling up the DagBag from /home/airflow/.local/lib/python3.12/site-packages/airflow/example_dags/example_params_ui_tutorial.py
[2026-06-24T07:27:21.005+0000] {processor.py:840} INFO - DAG(s) 'example_params_ui_tutorial' retrieved from /home/airflow/.local/lib/python3.12/site-packages/airflow/example_dags/example_params_ui_tutorial.py
[2026-06-24T07:27:21.098+0000] {logging_mixin.py:188} INFO - [2026-06-24T07:27:21.097+0000] {dag.py:3096} INFO - Sync 1 DAGs
[2026-06-24T07:27:21.125+0000] {logging_mixin.py:188} INFO - [2026-06-24T07:27:21.124+0000] {dag.py:3954} INFO - Setting next_dagrun for example_params_ui_tutorial to None, run_after=None
[2026-06-24T07:27:21.169+0000] {processor.py:183} INFO - Processing /home/airflow/.local/lib/python3.12/site-packages/airflow/example_dags/example_params_ui_tutorial.py took 0.192 seconds
[2026-06-24T07:27:51.407+0000] {processor.py:161} INFO - Started process (PID=4880) to work on /home/airflow/.local/lib/python3.12/site-packages/airflow/example_dags/example_params_ui_tutorial.py
[2026-06-24T07:27:51.409+0000] {processor.py:830} INFO - Processing file /home/airflow/.local/lib/python3.12/site-packages/airflow/example_dags/example_params_ui_tutorial.py for tasks to queue
[2026-06-24T07:27:51.411+0000] {logging_mixin.py:188} INFO - [2026-06-24T07:27:51.411+0000] {dagbag.py:545} INFO - Filling up the DagBag from /home/airflow/.local/lib/python3.12/site-packages/airflow/example_dags/example_params_ui_tutorial.py
[2026-06-24T07:27:51.426+0000] {processor.py:840} INFO - DAG(s) 'example_params_ui_tutorial' retrieved from /home/airflow/.local/lib/python3.12/site-packages/airflow/example_dags/example_params_ui_tutorial.py
[2026-06-24T07:27:51.579+0000] {logging_mixin.py:188} INFO - [2026-06-24T07:27:51.579+0000] {dag.py:3096} INFO - Sync 1 DAGs
[2026-06-24T07:27:51.610+0000] {logging_mixin.py:188} INFO - [2026-06-24T07:27:51.609+0000] {dag.py:3954} INFO - Setting next_dagrun for example_params_ui_tutorial to None, run_after=None
[2026-06-24T07:27:51.641+0000] {processor.py:183} INFO - Processing /home/airflow/.local/lib/python3.12/site-packages/airflow/example_dags/example_params_ui_tutorial.py took 0.241 seconds
[2026-06-24T07:28:21.708+0000] {processor.py:161} INFO - Started process (PID=4939) to work on /home/airflow/.local/lib/python3.12/site-packages/airflow/example_dags/example_params_ui_tutorial.py
[2026-06-24T07:28:21.709+0000] {processor.py:830} INFO - Processing file /home/airflow/.local/lib/python3.12/site-packages/airflow/example_dags/example_params_ui_tutorial.py for tasks to queue
[2026-06-24T07:28:21.711+0000] {logging_mixin.py:188} INFO - [2026-06-24T07:28:21.711+0000] {dagbag.py:545} INFO - Filling up the DagBag from /home/airflow/.local/lib/python3.12/site-packages/airflow/example_dags/example_params_ui_tutorial.py
[2026-06-24T07:28:21.726+0000] {processor.py:840} INFO - DAG(s) 'example_params_ui_tutorial' retrieved from /home/airflow/.local/lib/python3.12/site-packages/airflow/example_dags/example_params_ui_tutorial.py
[2026-06-24T07:28:21.813+0000] {logging_mixin.py:188} INFO - [2026-06-24T07:28:21.813+0000] {dag.py:3096} INFO - Sync 1 DAGs
[2026-06-24T07:28:21.829+0000] {logging_mixin.py:188} INFO - [2026-06-24T07:28:21.829+0000] {dag.py:3954} INFO - Setting next_dagrun for example_params_ui_tutorial to None, run_after=None
[2026-06-24T07:28:21.851+0000] {processor.py:183} INFO - Processing /home/airflow/.local/lib/python3.12/site-packages/airflow/example_dags/example_params_ui_tutorial.py took 0.149 seconds
[2026-06-24T07:28:52.523+0000] {processor.py:161} INFO - Started process (PID=4998) to work on /home/airflow/.local/lib/python3.12/site-packages/airflow/example_dags/example_params_ui_tutorial.py
[2026-06-24T07:28:52.527+0000] {processor.py:830} INFO - Processing file /home/airflow/.local/lib/python3.12/site-packages/airflow/example_dags/example_params_ui_tutorial.py for tasks to queue
[2026-06-24T07:28:52.534+0000] {logging_mixin.py:188} INFO - [2026-06-24T07:28:52.533+0000] {dagbag.py:545} INFO - Filling up the DagBag from /home/airflow/.local/lib/python3.12/site-packages/airflow/example_dags/example_params_ui_tutorial.py
[2026-06-24T07:28:52.558+0000] {processor.py:840} INFO - DAG(s) 'example_params_ui_tutorial' retrieved from /home/airflow/.local/lib/python3.12/site-packages/airflow/example_dags/example_params_ui_tutorial.py
[2026-06-24T07:28:52.652+0000] {logging_mixin.py:188} INFO - [2026-06-24T07:28:52.652+0000] {dag.py:3096} INFO - Sync 1 DAGs
[2026-06-24T07:28:52.671+0000] {logging_mixin.py:188} INFO - [2026-06-24T07:28:52.670+0000] {dag.py:3954} INFO - Setting next_dagrun for example_params_ui_tutorial to None, run_after=None
[2026-06-24T07:28:52.715+0000] {processor.py:183} INFO - Processing /home/airflow/.local/lib/python3.12/site-packages/airflow/example_dags/example_params_ui_tutorial.py took 0.219 seconds
[2026-06-24T07:29:23.140+0000] {processor.py:161} INFO - Started process (PID=5057) to work on /home/airflow/.local/lib/python3.12/site-packages/airflow/example_dags/example_params_ui_tutorial.py
[2026-06-24T07:29:23.141+0000] {processor.py:830} INFO - Processing file /home/airflow/.local/lib/python3.12/site-packages/airflow/example_dags/example_params_ui_tutorial.py for tasks to queue
[2026-06-24T07:29:23.143+0000] {logging_mixin.py:188} INFO - [2026-06-24T07:29:23.143+0000] {dagbag.py:545} INFO - Filling up the DagBag from /home/airflow/.local/lib/python3.12/site-packages/airflow/example_dags/example_params_ui_tutorial.py
[2026-06-24T07:29:23.158+0000] {processor.py:840} INFO - DAG(s) 'example_params_ui_tutorial' retrieved from /home/airflow/.local/lib/python3.12/site-packages/airflow/example_dags/example_params_ui_tutorial.py
[2026-06-24T07:29:23.244+0000] {logging_mixin.py:188} INFO - [2026-06-24T07:29:23.244+0000] {dag.py:3096} INFO - Sync 1 DAGs
[2026-06-24T07:29:23.262+0000] {logging_mixin.py:188} INFO - [2026-06-24T07:29:23.261+0000] {dag.py:3954} INFO - Setting next_dagrun for example_params_ui_tutorial to None, run_after=None
[2026-06-24T07:29:23.284+0000] {processor.py:183} INFO - Processing /home/airflow/.local/lib/python3.12/site-packages/airflow/example_dags/example_params_ui_tutorial.py took 0.150 seconds
[2026-06-24T07:29:53.512+0000] {processor.py:161} INFO - Started process (PID=5116) to work on /home/airflow/.local/lib/python3.12/site-packages/airflow/example_dags/example_params_ui_tutorial.py
[2026-06-24T07:29:53.513+0000] {processor.py:830} INFO - Processing file /home/airflow/.local/lib/python3.12/site-packages/airflow/example_dags/example_params_ui_tutorial.py for tasks to queue
[2026-06-24T07:29:53.515+0000] {logging_mixin.py:188} INFO - [2026-06-24T07:29:53.515+0000] {dagbag.py:545} INFO - Filling up the DagBag from /home/airflow/.local/lib/python3.12/site-packages/airflow/example_dags/example_params_ui_tutorial.py
[2026-06-24T07:29:53.530+0000] {processor.py:840} INFO - DAG(s) 'example_params_ui_tutorial' retrieved from /home/airflow/.local/lib/python3.12/site-packages/airflow/example_dags/example_params_ui_tutorial.py
[2026-06-24T07:29:53.619+0000] {logging_mixin.py:188} INFO - [2026-06-24T07:29:53.618+0000] {dag.py:3096} INFO - Sync 1 DAGs
[2026-06-24T07:29:53.636+0000] {logging_mixin.py:188} INFO - [2026-06-24T07:29:53.635+0000] {dag.py:3954} INFO - Setting next_dagrun for example_params_ui_tutorial to None, run_after=None
[2026-06-24T07:29:53.657+0000] {processor.py:183} INFO - Processing /home/airflow/.local/lib/python3.12/site-packages/airflow/example_dags/example_params_ui_tutorial.py took 0.152 seconds
[2026-06-24T07:30:24.246+0000] {processor.py:161} INFO - Started process (PID=5175) to work on /home/airflow/.local/lib/python3.12/site-packages/airflow/example_dags/example_params_ui_tutorial.py
[2026-06-24T07:30:24.249+0000] {processor.py:830} INFO - Processing file /home/airflow/.local/lib/python3.12/site-packages/airflow/example_dags/example_params_ui_tutorial.py for tasks to queue
[2026-06-24T07:30:24.255+0000] {logging_mixin.py:188} INFO - [2026-06-24T07:30:24.255+0000] {dagbag.py:545} INFO - Filling up the DagBag from /home/airflow/.local/lib/python3.12/site-packages/airflow/example_dags/example_params_ui_tutorial.py
[2026-06-24T07:30:24.291+0000] {processor.py:840} INFO - DAG(s) 'example_params_ui_tutorial' retrieved from /home/airflow/.local/lib/python3.12/site-packages/airflow/example_dags/example_params_ui_tutorial.py
[2026-06-24T07:30:24.446+0000] {logging_mixin.py:188} INFO - [2026-06-24T07:30:24.446+0000] {dag.py:3096} INFO - Sync 1 DAGs
[2026-06-24T07:30:24.495+0000] {logging_mixin.py:188} INFO - [2026-06-24T07:30:24.495+0000] {dag.py:3954} INFO - Setting next_dagrun for example_params_ui_tutorial to None, run_after=None
[2026-06-24T07:30:24.559+0000] {processor.py:183} INFO - Processing /home/airflow/.local/lib/python3.12/site-packages/airflow/example_dags/example_params_ui_tutorial.py took 0.332 seconds
[2026-06-24T07:30:55.007+0000] {processor.py:161} INFO - Started process (PID=5234) to work on /home/airflow/.local/lib/python3.12/site-packages/airflow/example_dags/example_params_ui_tutorial.py
[2026-06-24T07:30:55.008+0000] {processor.py:830} INFO - Processing file /home/airflow/.local/lib/python3.12/site-packages/airflow/example_dags/example_params_ui_tutorial.py for tasks to queue
[2026-06-24T07:30:55.011+0000] {logging_mixin.py:188} INFO - [2026-06-24T07:30:55.010+0000] {dagbag.py:545} INFO - Filling up the DagBag from /home/airflow/.local/lib/python3.12/site-packages/airflow/example_dags/example_params_ui_tutorial.py
[2026-06-24T07:30:55.026+0000] {processor.py:840} INFO - DAG(s) 'example_params_ui_tutorial' retrieved from /home/airflow/.local/lib/python3.12/site-packages/airflow/example_dags/example_params_ui_tutorial.py
[2026-06-24T07:30:55.113+0000] {logging_mixin.py:188} INFO - [2026-06-24T07:30:55.112+0000] {dag.py:3096} INFO - Sync 1 DAGs
[2026-06-24T07:30:55.129+0000] {logging_mixin.py:188} INFO - [2026-06-24T07:30:55.129+0000] {dag.py:3954} INFO - Setting next_dagrun for example_params_ui_tutorial to None, run_after=None
[2026-06-24T07:30:55.150+0000] {processor.py:183} INFO - Processing /home/airflow/.local/lib/python3.12/site-packages/airflow/example_dags/example_params_ui_tutorial.py took 0.150 seconds
[2026-06-24T07:31:25.258+0000] {processor.py:161} INFO - Started process (PID=5292) to work on /home/airflow/.local/lib/python3.12/site-packages/airflow/example_dags/example_params_ui_tutorial.py
[2026-06-24T07:31:25.259+0000] {processor.py:830} INFO - Processing file /home/airflow/.local/lib/python3.12/site-packages/airflow/example_dags/example_params_ui_tutorial.py for tasks to queue
[2026-06-24T07:31:25.261+0000] {logging_mixin.py:188} INFO - [2026-06-24T07:31:25.261+0000] {dagbag.py:545} INFO - Filling up the DagBag from /home/airflow/.local/lib/python3.12/site-packages/airflow/example_dags/example_params_ui_tutorial.py
[2026-06-24T07:31:25.276+0000] {processor.py:840} INFO - DAG(s) 'example_params_ui_tutorial' retrieved from /home/airflow/.local/lib/python3.12/site-packages/airflow/example_dags/example_params_ui_tutorial.py
[2026-06-24T07:31:25.425+0000] {logging_mixin.py:188} INFO - [2026-06-24T07:31:25.424+0000] {dag.py:3096} INFO - Sync 1 DAGs
[2026-06-24T07:31:25.442+0000] {logging_mixin.py:188} INFO - [2026-06-24T07:31:25.441+0000] {dag.py:3954} INFO - Setting next_dagrun for example_params_ui_tutorial to None, run_after=None
[2026-06-24T07:31:25.464+0000] {processor.py:183} INFO - Processing /home/airflow/.local/lib/python3.12/site-packages/airflow/example_dags/example_params_ui_tutorial.py took 0.213 seconds
[2026-06-24T07:31:55.713+0000] {processor.py:161} INFO - Started process (PID=5351) to work on /home/airflow/.local/lib/python3.12/site-packages/airflow/example_dags/example_params_ui_tutorial.py
[2026-06-24T07:31:55.715+0000] {processor.py:830} INFO - Processing file /home/airflow/.local/lib/python3.12/site-packages/airflow/example_dags/example_params_ui_tutorial.py for tasks to queue
[2026-06-24T07:31:55.717+0000] {logging_mixin.py:188} INFO - [2026-06-24T07:31:55.717+0000] {dagbag.py:545} INFO - Filling up the DagBag from /home/airflow/.local/lib/python3.12/site-packages/airflow/example_dags/example_params_ui_tutorial.py
[2026-06-24T07:31:55.735+0000] {processor.py:840} INFO - DAG(s) 'example_params_ui_tutorial' retrieved from /home/airflow/.local/lib/python3.12/site-packages/airflow/example_dags/example_params_ui_tutorial.py
[2026-06-24T07:31:55.881+0000] {logging_mixin.py:188} INFO - [2026-06-24T07:31:55.881+0000] {dag.py:3096} INFO - Sync 1 DAGs
[2026-06-24T07:31:55.905+0000] {logging_mixin.py:188} INFO - [2026-06-24T07:31:55.905+0000] {dag.py:3954} INFO - Setting next_dagrun for example_params_ui_tutorial to None, run_after=None
[2026-06-24T07:31:55.931+0000] {processor.py:183} INFO - Processing /home/airflow/.local/lib/python3.12/site-packages/airflow/example_dags/example_params_ui_tutorial.py took 0.225 seconds
[2026-06-24T07:32:26.191+0000] {processor.py:161} INFO - Started process (PID=5410) to work on /home/airflow/.local/lib/python3.12/site-packages/airflow/example_dags/example_params_ui_tutorial.py
[2026-06-24T07:32:26.192+0000] {processor.py:830} INFO - Processing file /home/airflow/.local/lib/python3.12/site-packages/airflow/example_dags/example_params_ui_tutorial.py for tasks to queue
[2026-06-24T07:32:26.199+0000] {logging_mixin.py:188} INFO - [2026-06-24T07:32:26.196+0000] {dagbag.py:545} INFO - Filling up the DagBag from /home/airflow/.local/lib/python3.12/site-packages/airflow/example_dags/example_params_ui_tutorial.py
[2026-06-24T07:32:26.231+0000] {processor.py:840} INFO - DAG(s) 'example_params_ui_tutorial' retrieved from /home/airflow/.local/lib/python3.12/site-packages/airflow/example_dags/example_params_ui_tutorial.py
[2026-06-24T07:32:26.405+0000] {logging_mixin.py:188} INFO - [2026-06-24T07:32:26.404+0000] {dag.py:3096} INFO - Sync 1 DAGs
[2026-06-24T07:32:26.443+0000] {logging_mixin.py:188} INFO - [2026-06-24T07:32:26.442+0000] {dag.py:3954} INFO - Setting next_dagrun for example_params_ui_tutorial to None, run_after=None
[2026-06-24T07:32:26.502+0000] {processor.py:183} INFO - Processing /home/airflow/.local/lib/python3.12/site-packages/airflow/example_dags/example_params_ui_tutorial.py took 0.330 seconds
