[2026-06-24T06:06:48.252+0000] {processor.py:161} INFO - Started process (PID=68) to work on /home/airflow/.local/lib/python3.12/site-packages/airflow/example_dags/example_subdag_operator.py
[2026-06-24T06:06:48.254+0000] {processor.py:830} INFO - Processing file /home/airflow/.local/lib/python3.12/site-packages/airflow/example_dags/example_subdag_operator.py for tasks to queue
[2026-06-24T06:06:48.257+0000] {logging_mixin.py:188} INFO - [2026-06-24T06:06:48.256+0000] {dagbag.py:545} INFO - Filling up the DagBag from /home/airflow/.local/lib/python3.12/site-packages/airflow/example_dags/example_subdag_operator.py
[2026-06-24T06:06:48.311+0000] {processor.py:840} INFO - DAG(s) 'example_subdag_operator.section-1', 'example_subdag_operator.section-2', 'example_subdag_operator' retrieved from /home/airflow/.local/lib/python3.12/site-packages/airflow/example_dags/example_subdag_operator.py
[2026-06-24T06:06:48.338+0000] {logging_mixin.py:188} INFO - [2026-06-24T06:06:48.338+0000] {dag.py:3096} INFO - Sync 3 DAGs
[2026-06-24T06:06:48.382+0000] {logging_mixin.py:188} INFO - [2026-06-24T06:06:48.382+0000] {dag.py:3954} INFO - Setting next_dagrun for example_subdag_operator to 2022-01-01 00:00:00+00:00, run_after=2022-01-01 00:00:00+00:00
[2026-06-24T06:06:48.387+0000] {logging_mixin.py:188} INFO - [2026-06-24T06:06:48.387+0000] {dag.py:3954} INFO - Setting next_dagrun for example_subdag_operator.section-1 to None, run_after=None
[2026-06-24T06:06:48.389+0000] {logging_mixin.py:188} INFO - [2026-06-24T06:06:48.389+0000] {dag.py:3954} INFO - Setting next_dagrun for example_subdag_operator.section-2 to None, run_after=None
[2026-06-24T06:06:48.430+0000] {logging_mixin.py:188} INFO - [2026-06-24T06:06:48.430+0000] {dag.py:3096} INFO - Sync 2 DAGs
[2026-06-24T06:06:48.452+0000] {logging_mixin.py:188} INFO - [2026-06-24T06:06:48.451+0000] {dag.py:3954} INFO - Setting next_dagrun for example_subdag_operator.section-1 to None, run_after=None
[2026-06-24T06:06:48.452+0000] {logging_mixin.py:188} INFO - [2026-06-24T06:06:48.452+0000] {dag.py:3954} INFO - Setting next_dagrun for example_subdag_operator.section-2 to None, run_after=None
[2026-06-24T06:06:48.476+0000] {processor.py:183} INFO - Processing /home/airflow/.local/lib/python3.12/site-packages/airflow/example_dags/example_subdag_operator.py took 0.246 seconds
[2026-06-24T06:07:19.806+0000] {processor.py:161} INFO - Started process (PID=127) to work on /home/airflow/.local/lib/python3.12/site-packages/airflow/example_dags/example_subdag_operator.py
[2026-06-24T06:07:19.815+0000] {processor.py:830} INFO - Processing file /home/airflow/.local/lib/python3.12/site-packages/airflow/example_dags/example_subdag_operator.py for tasks to queue
[2026-06-24T06:07:19.826+0000] {logging_mixin.py:188} INFO - [2026-06-24T06:07:19.825+0000] {dagbag.py:545} INFO - Filling up the DagBag from /home/airflow/.local/lib/python3.12/site-packages/airflow/example_dags/example_subdag_operator.py
[2026-06-24T06:07:19.927+0000] {processor.py:840} INFO - DAG(s) 'example_subdag_operator.section-1', 'example_subdag_operator.section-2', 'example_subdag_operator' retrieved from /home/airflow/.local/lib/python3.12/site-packages/airflow/example_dags/example_subdag_operator.py
[2026-06-24T06:07:19.989+0000] {logging_mixin.py:188} INFO - [2026-06-24T06:07:19.989+0000] {dag.py:3096} INFO - Sync 3 DAGs
[2026-06-24T06:07:20.068+0000] {logging_mixin.py:188} INFO - [2026-06-24T06:07:20.067+0000] {dag.py:3954} INFO - Setting next_dagrun for example_subdag_operator to 2022-01-01 00:00:00+00:00, run_after=2022-01-01 00:00:00+00:00
[2026-06-24T06:07:20.085+0000] {logging_mixin.py:188} INFO - [2026-06-24T06:07:20.085+0000] {dag.py:3954} INFO - Setting next_dagrun for example_subdag_operator.section-1 to None, run_after=None
[2026-06-24T06:07:20.094+0000] {logging_mixin.py:188} INFO - [2026-06-24T06:07:20.093+0000] {dag.py:3954} INFO - Setting next_dagrun for example_subdag_operator.section-2 to None, run_after=None
[2026-06-24T06:07:20.126+0000] {logging_mixin.py:188} INFO - [2026-06-24T06:07:20.126+0000] {dag.py:3096} INFO - Sync 2 DAGs
[2026-06-24T06:07:20.134+0000] {logging_mixin.py:188} INFO - [2026-06-24T06:07:20.133+0000] {dag.py:3954} INFO - Setting next_dagrun for example_subdag_operator.section-1 to None, run_after=None
[2026-06-24T06:07:20.134+0000] {logging_mixin.py:188} INFO - [2026-06-24T06:07:20.134+0000] {dag.py:3954} INFO - Setting next_dagrun for example_subdag_operator.section-2 to None, run_after=None
[2026-06-24T06:07:20.155+0000] {processor.py:183} INFO - Processing /home/airflow/.local/lib/python3.12/site-packages/airflow/example_dags/example_subdag_operator.py took 0.376 seconds
[2026-06-24T06:07:50.863+0000] {processor.py:161} INFO - Started process (PID=186) to work on /home/airflow/.local/lib/python3.12/site-packages/airflow/example_dags/example_subdag_operator.py
[2026-06-24T06:07:50.866+0000] {processor.py:830} INFO - Processing file /home/airflow/.local/lib/python3.12/site-packages/airflow/example_dags/example_subdag_operator.py for tasks to queue
[2026-06-24T06:07:50.870+0000] {logging_mixin.py:188} INFO - [2026-06-24T06:07:50.870+0000] {dagbag.py:545} INFO - Filling up the DagBag from /home/airflow/.local/lib/python3.12/site-packages/airflow/example_dags/example_subdag_operator.py
[2026-06-24T06:07:50.905+0000] {processor.py:840} INFO - DAG(s) 'example_subdag_operator.section-1', 'example_subdag_operator.section-2', 'example_subdag_operator' retrieved from /home/airflow/.local/lib/python3.12/site-packages/airflow/example_dags/example_subdag_operator.py
[2026-06-24T06:07:50.927+0000] {logging_mixin.py:188} INFO - [2026-06-24T06:07:50.927+0000] {dag.py:3096} INFO - Sync 3 DAGs
[2026-06-24T06:07:50.968+0000] {logging_mixin.py:188} INFO - [2026-06-24T06:07:50.968+0000] {dag.py:3954} INFO - Setting next_dagrun for example_subdag_operator to 2022-01-01 00:00:00+00:00, run_after=2022-01-01 00:00:00+00:00
[2026-06-24T06:07:50.980+0000] {logging_mixin.py:188} INFO - [2026-06-24T06:07:50.979+0000] {dag.py:3954} INFO - Setting next_dagrun for example_subdag_operator.section-1 to None, run_after=None
[2026-06-24T06:07:50.983+0000] {logging_mixin.py:188} INFO - [2026-06-24T06:07:50.983+0000] {dag.py:3954} INFO - Setting next_dagrun for example_subdag_operator.section-2 to None, run_after=None
[2026-06-24T06:07:51.000+0000] {logging_mixin.py:188} INFO - [2026-06-24T06:07:51.000+0000] {dag.py:3096} INFO - Sync 2 DAGs
[2026-06-24T06:07:51.010+0000] {logging_mixin.py:188} INFO - [2026-06-24T06:07:51.010+0000] {dag.py:3954} INFO - Setting next_dagrun for example_subdag_operator.section-1 to None, run_after=None
[2026-06-24T06:07:51.011+0000] {logging_mixin.py:188} INFO - [2026-06-24T06:07:51.010+0000] {dag.py:3954} INFO - Setting next_dagrun for example_subdag_operator.section-2 to None, run_after=None
[2026-06-24T06:07:51.038+0000] {processor.py:183} INFO - Processing /home/airflow/.local/lib/python3.12/site-packages/airflow/example_dags/example_subdag_operator.py took 0.190 seconds
[2026-06-24T06:08:21.993+0000] {processor.py:161} INFO - Started process (PID=245) to work on /home/airflow/.local/lib/python3.12/site-packages/airflow/example_dags/example_subdag_operator.py
[2026-06-24T06:08:21.994+0000] {processor.py:830} INFO - Processing file /home/airflow/.local/lib/python3.12/site-packages/airflow/example_dags/example_subdag_operator.py for tasks to queue
[2026-06-24T06:08:21.997+0000] {logging_mixin.py:188} INFO - [2026-06-24T06:08:21.997+0000] {dagbag.py:545} INFO - Filling up the DagBag from /home/airflow/.local/lib/python3.12/site-packages/airflow/example_dags/example_subdag_operator.py
[2026-06-24T06:08:22.029+0000] {processor.py:840} INFO - DAG(s) 'example_subdag_operator.section-1', 'example_subdag_operator.section-2', 'example_subdag_operator' retrieved from /home/airflow/.local/lib/python3.12/site-packages/airflow/example_dags/example_subdag_operator.py
[2026-06-24T06:08:22.050+0000] {logging_mixin.py:188} INFO - [2026-06-24T06:08:22.050+0000] {dag.py:3096} INFO - Sync 3 DAGs
[2026-06-24T06:08:22.082+0000] {logging_mixin.py:188} INFO - [2026-06-24T06:08:22.082+0000] {dag.py:3954} INFO - Setting next_dagrun for example_subdag_operator to 2022-01-01 00:00:00+00:00, run_after=2022-01-01 00:00:00+00:00
[2026-06-24T06:08:22.087+0000] {logging_mixin.py:188} INFO - [2026-06-24T06:08:22.086+0000] {dag.py:3954} INFO - Setting next_dagrun for example_subdag_operator.section-1 to None, run_after=None
[2026-06-24T06:08:22.088+0000] {logging_mixin.py:188} INFO - [2026-06-24T06:08:22.088+0000] {dag.py:3954} INFO - Setting next_dagrun for example_subdag_operator.section-2 to None, run_after=None
[2026-06-24T06:08:22.096+0000] {logging_mixin.py:188} INFO - [2026-06-24T06:08:22.096+0000] {dag.py:3096} INFO - Sync 2 DAGs
[2026-06-24T06:08:22.102+0000] {logging_mixin.py:188} INFO - [2026-06-24T06:08:22.102+0000] {dag.py:3954} INFO - Setting next_dagrun for example_subdag_operator.section-1 to None, run_after=None
[2026-06-24T06:08:22.103+0000] {logging_mixin.py:188} INFO - [2026-06-24T06:08:22.102+0000] {dag.py:3954} INFO - Setting next_dagrun for example_subdag_operator.section-2 to None, run_after=None
[2026-06-24T06:08:22.114+0000] {processor.py:183} INFO - Processing /home/airflow/.local/lib/python3.12/site-packages/airflow/example_dags/example_subdag_operator.py took 0.128 seconds
[2026-06-24T06:08:52.480+0000] {processor.py:161} INFO - Started process (PID=304) to work on /home/airflow/.local/lib/python3.12/site-packages/airflow/example_dags/example_subdag_operator.py
[2026-06-24T06:08:52.481+0000] {processor.py:830} INFO - Processing file /home/airflow/.local/lib/python3.12/site-packages/airflow/example_dags/example_subdag_operator.py for tasks to queue
[2026-06-24T06:08:52.483+0000] {logging_mixin.py:188} INFO - [2026-06-24T06:08:52.483+0000] {dagbag.py:545} INFO - Filling up the DagBag from /home/airflow/.local/lib/python3.12/site-packages/airflow/example_dags/example_subdag_operator.py
[2026-06-24T06:08:52.514+0000] {processor.py:840} INFO - DAG(s) 'example_subdag_operator.section-1', 'example_subdag_operator.section-2', 'example_subdag_operator' retrieved from /home/airflow/.local/lib/python3.12/site-packages/airflow/example_dags/example_subdag_operator.py
[2026-06-24T06:08:52.537+0000] {logging_mixin.py:188} INFO - [2026-06-24T06:08:52.537+0000] {dag.py:3096} INFO - Sync 3 DAGs
[2026-06-24T06:08:52.566+0000] {logging_mixin.py:188} INFO - [2026-06-24T06:08:52.566+0000] {dag.py:3954} INFO - Setting next_dagrun for example_subdag_operator to 2022-01-01 00:00:00+00:00, run_after=2022-01-01 00:00:00+00:00
[2026-06-24T06:08:52.571+0000] {logging_mixin.py:188} INFO - [2026-06-24T06:08:52.571+0000] {dag.py:3954} INFO - Setting next_dagrun for example_subdag_operator.section-1 to None, run_after=None
[2026-06-24T06:08:52.572+0000] {logging_mixin.py:188} INFO - [2026-06-24T06:08:52.572+0000] {dag.py:3954} INFO - Setting next_dagrun for example_subdag_operator.section-2 to None, run_after=None
[2026-06-24T06:08:52.581+0000] {logging_mixin.py:188} INFO - [2026-06-24T06:08:52.581+0000] {dag.py:3096} INFO - Sync 2 DAGs
[2026-06-24T06:08:52.588+0000] {logging_mixin.py:188} INFO - [2026-06-24T06:08:52.587+0000] {dag.py:3954} INFO - Setting next_dagrun for example_subdag_operator.section-1 to None, run_after=None
[2026-06-24T06:08:52.588+0000] {logging_mixin.py:188} INFO - [2026-06-24T06:08:52.588+0000] {dag.py:3954} INFO - Setting next_dagrun for example_subdag_operator.section-2 to None, run_after=None
[2026-06-24T06:08:52.600+0000] {processor.py:183} INFO - Processing /home/airflow/.local/lib/python3.12/site-packages/airflow/example_dags/example_subdag_operator.py took 0.126 seconds
[2026-06-24T06:09:22.685+0000] {processor.py:161} INFO - Started process (PID=363) to work on /home/airflow/.local/lib/python3.12/site-packages/airflow/example_dags/example_subdag_operator.py
[2026-06-24T06:09:22.686+0000] {processor.py:830} INFO - Processing file /home/airflow/.local/lib/python3.12/site-packages/airflow/example_dags/example_subdag_operator.py for tasks to queue
[2026-06-24T06:09:22.688+0000] {logging_mixin.py:188} INFO - [2026-06-24T06:09:22.688+0000] {dagbag.py:545} INFO - Filling up the DagBag from /home/airflow/.local/lib/python3.12/site-packages/airflow/example_dags/example_subdag_operator.py
[2026-06-24T06:09:22.721+0000] {processor.py:840} INFO - DAG(s) 'example_subdag_operator.section-1', 'example_subdag_operator.section-2', 'example_subdag_operator' retrieved from /home/airflow/.local/lib/python3.12/site-packages/airflow/example_dags/example_subdag_operator.py
[2026-06-24T06:09:22.741+0000] {logging_mixin.py:188} INFO - [2026-06-24T06:09:22.741+0000] {dag.py:3096} INFO - Sync 3 DAGs
[2026-06-24T06:09:22.770+0000] {logging_mixin.py:188} INFO - [2026-06-24T06:09:22.769+0000] {dag.py:3954} INFO - Setting next_dagrun for example_subdag_operator to 2022-01-01 00:00:00+00:00, run_after=2022-01-01 00:00:00+00:00
[2026-06-24T06:09:22.774+0000] {logging_mixin.py:188} INFO - [2026-06-24T06:09:22.774+0000] {dag.py:3954} INFO - Setting next_dagrun for example_subdag_operator.section-1 to None, run_after=None
[2026-06-24T06:09:22.776+0000] {logging_mixin.py:188} INFO - [2026-06-24T06:09:22.776+0000] {dag.py:3954} INFO - Setting next_dagrun for example_subdag_operator.section-2 to None, run_after=None
[2026-06-24T06:09:22.784+0000] {logging_mixin.py:188} INFO - [2026-06-24T06:09:22.784+0000] {dag.py:3096} INFO - Sync 2 DAGs
[2026-06-24T06:09:22.790+0000] {logging_mixin.py:188} INFO - [2026-06-24T06:09:22.790+0000] {dag.py:3954} INFO - Setting next_dagrun for example_subdag_operator.section-1 to None, run_after=None
[2026-06-24T06:09:22.791+0000] {logging_mixin.py:188} INFO - [2026-06-24T06:09:22.791+0000] {dag.py:3954} INFO - Setting next_dagrun for example_subdag_operator.section-2 to None, run_after=None
[2026-06-24T06:09:22.801+0000] {processor.py:183} INFO - Processing /home/airflow/.local/lib/python3.12/site-packages/airflow/example_dags/example_subdag_operator.py took 0.122 seconds
[2026-06-24T06:09:53.491+0000] {processor.py:161} INFO - Started process (PID=422) to work on /home/airflow/.local/lib/python3.12/site-packages/airflow/example_dags/example_subdag_operator.py
[2026-06-24T06:09:53.492+0000] {processor.py:830} INFO - Processing file /home/airflow/.local/lib/python3.12/site-packages/airflow/example_dags/example_subdag_operator.py for tasks to queue
[2026-06-24T06:09:53.494+0000] {logging_mixin.py:188} INFO - [2026-06-24T06:09:53.494+0000] {dagbag.py:545} INFO - Filling up the DagBag from /home/airflow/.local/lib/python3.12/site-packages/airflow/example_dags/example_subdag_operator.py
[2026-06-24T06:09:53.524+0000] {processor.py:840} INFO - DAG(s) 'example_subdag_operator.section-1', 'example_subdag_operator.section-2', 'example_subdag_operator' retrieved from /home/airflow/.local/lib/python3.12/site-packages/airflow/example_dags/example_subdag_operator.py
[2026-06-24T06:09:53.544+0000] {logging_mixin.py:188} INFO - [2026-06-24T06:09:53.544+0000] {dag.py:3096} INFO - Sync 3 DAGs
[2026-06-24T06:09:53.573+0000] {logging_mixin.py:188} INFO - [2026-06-24T06:09:53.572+0000] {dag.py:3954} INFO - Setting next_dagrun for example_subdag_operator to 2022-01-01 00:00:00+00:00, run_after=2022-01-01 00:00:00+00:00
[2026-06-24T06:09:53.577+0000] {logging_mixin.py:188} INFO - [2026-06-24T06:09:53.577+0000] {dag.py:3954} INFO - Setting next_dagrun for example_subdag_operator.section-1 to None, run_after=None
[2026-06-24T06:09:53.578+0000] {logging_mixin.py:188} INFO - [2026-06-24T06:09:53.578+0000] {dag.py:3954} INFO - Setting next_dagrun for example_subdag_operator.section-2 to None, run_after=None
[2026-06-24T06:09:53.587+0000] {logging_mixin.py:188} INFO - [2026-06-24T06:09:53.586+0000] {dag.py:3096} INFO - Sync 2 DAGs
[2026-06-24T06:09:53.593+0000] {logging_mixin.py:188} INFO - [2026-06-24T06:09:53.592+0000] {dag.py:3954} INFO - Setting next_dagrun for example_subdag_operator.section-1 to None, run_after=None
[2026-06-24T06:09:53.593+0000] {logging_mixin.py:188} INFO - [2026-06-24T06:09:53.593+0000] {dag.py:3954} INFO - Setting next_dagrun for example_subdag_operator.section-2 to None, run_after=None
[2026-06-24T06:09:53.604+0000] {processor.py:183} INFO - Processing /home/airflow/.local/lib/python3.12/site-packages/airflow/example_dags/example_subdag_operator.py took 0.119 seconds
[2026-06-24T06:10:24.518+0000] {processor.py:161} INFO - Started process (PID=481) to work on /home/airflow/.local/lib/python3.12/site-packages/airflow/example_dags/example_subdag_operator.py
[2026-06-24T06:10:24.520+0000] {processor.py:830} INFO - Processing file /home/airflow/.local/lib/python3.12/site-packages/airflow/example_dags/example_subdag_operator.py for tasks to queue
[2026-06-24T06:10:24.522+0000] {logging_mixin.py:188} INFO - [2026-06-24T06:10:24.522+0000] {dagbag.py:545} INFO - Filling up the DagBag from /home/airflow/.local/lib/python3.12/site-packages/airflow/example_dags/example_subdag_operator.py
[2026-06-24T06:10:24.560+0000] {processor.py:840} INFO - DAG(s) 'example_subdag_operator.section-1', 'example_subdag_operator.section-2', 'example_subdag_operator' retrieved from /home/airflow/.local/lib/python3.12/site-packages/airflow/example_dags/example_subdag_operator.py
[2026-06-24T06:10:24.580+0000] {logging_mixin.py:188} INFO - [2026-06-24T06:10:24.580+0000] {dag.py:3096} INFO - Sync 3 DAGs
[2026-06-24T06:10:24.612+0000] {logging_mixin.py:188} INFO - [2026-06-24T06:10:24.611+0000] {dag.py:3954} INFO - Setting next_dagrun for example_subdag_operator to 2022-01-01 00:00:00+00:00, run_after=2022-01-01 00:00:00+00:00
[2026-06-24T06:10:24.616+0000] {logging_mixin.py:188} INFO - [2026-06-24T06:10:24.616+0000] {dag.py:3954} INFO - Setting next_dagrun for example_subdag_operator.section-1 to None, run_after=None
[2026-06-24T06:10:24.618+0000] {logging_mixin.py:188} INFO - [2026-06-24T06:10:24.617+0000] {dag.py:3954} INFO - Setting next_dagrun for example_subdag_operator.section-2 to None, run_after=None
[2026-06-24T06:10:24.626+0000] {logging_mixin.py:188} INFO - [2026-06-24T06:10:24.626+0000] {dag.py:3096} INFO - Sync 2 DAGs
[2026-06-24T06:10:24.632+0000] {logging_mixin.py:188} INFO - [2026-06-24T06:10:24.631+0000] {dag.py:3954} INFO - Setting next_dagrun for example_subdag_operator.section-1 to None, run_after=None
[2026-06-24T06:10:24.632+0000] {logging_mixin.py:188} INFO - [2026-06-24T06:10:24.632+0000] {dag.py:3954} INFO - Setting next_dagrun for example_subdag_operator.section-2 to None, run_after=None
[2026-06-24T06:10:24.643+0000] {processor.py:183} INFO - Processing /home/airflow/.local/lib/python3.12/site-packages/airflow/example_dags/example_subdag_operator.py took 0.133 seconds
[2026-06-24T06:10:55.288+0000] {processor.py:161} INFO - Started process (PID=540) to work on /home/airflow/.local/lib/python3.12/site-packages/airflow/example_dags/example_subdag_operator.py
[2026-06-24T06:10:55.289+0000] {processor.py:830} INFO - Processing file /home/airflow/.local/lib/python3.12/site-packages/airflow/example_dags/example_subdag_operator.py for tasks to queue
[2026-06-24T06:10:55.292+0000] {logging_mixin.py:188} INFO - [2026-06-24T06:10:55.291+0000] {dagbag.py:545} INFO - Filling up the DagBag from /home/airflow/.local/lib/python3.12/site-packages/airflow/example_dags/example_subdag_operator.py
[2026-06-24T06:10:55.322+0000] {processor.py:840} INFO - DAG(s) 'example_subdag_operator.section-1', 'example_subdag_operator.section-2', 'example_subdag_operator' retrieved from /home/airflow/.local/lib/python3.12/site-packages/airflow/example_dags/example_subdag_operator.py
[2026-06-24T06:10:55.343+0000] {logging_mixin.py:188} INFO - [2026-06-24T06:10:55.343+0000] {dag.py:3096} INFO - Sync 3 DAGs
[2026-06-24T06:10:55.375+0000] {logging_mixin.py:188} INFO - [2026-06-24T06:10:55.375+0000] {dag.py:3954} INFO - Setting next_dagrun for example_subdag_operator to 2022-01-01 00:00:00+00:00, run_after=2022-01-01 00:00:00+00:00
[2026-06-24T06:10:55.380+0000] {logging_mixin.py:188} INFO - [2026-06-24T06:10:55.380+0000] {dag.py:3954} INFO - Setting next_dagrun for example_subdag_operator.section-1 to None, run_after=None
[2026-06-24T06:10:55.382+0000] {logging_mixin.py:188} INFO - [2026-06-24T06:10:55.382+0000] {dag.py:3954} INFO - Setting next_dagrun for example_subdag_operator.section-2 to None, run_after=None
[2026-06-24T06:10:55.393+0000] {logging_mixin.py:188} INFO - [2026-06-24T06:10:55.393+0000] {dag.py:3096} INFO - Sync 2 DAGs
[2026-06-24T06:10:55.414+0000] {logging_mixin.py:188} INFO - [2026-06-24T06:10:55.413+0000] {dag.py:3954} INFO - Setting next_dagrun for example_subdag_operator.section-1 to None, run_after=None
[2026-06-24T06:10:55.415+0000] {logging_mixin.py:188} INFO - [2026-06-24T06:10:55.414+0000] {dag.py:3954} INFO - Setting next_dagrun for example_subdag_operator.section-2 to None, run_after=None
[2026-06-24T06:10:55.443+0000] {processor.py:183} INFO - Processing /home/airflow/.local/lib/python3.12/site-packages/airflow/example_dags/example_subdag_operator.py took 0.161 seconds
[2026-06-24T06:11:25.947+0000] {processor.py:161} INFO - Started process (PID=599) to work on /home/airflow/.local/lib/python3.12/site-packages/airflow/example_dags/example_subdag_operator.py
[2026-06-24T06:11:25.952+0000] {processor.py:830} INFO - Processing file /home/airflow/.local/lib/python3.12/site-packages/airflow/example_dags/example_subdag_operator.py for tasks to queue
[2026-06-24T06:11:25.955+0000] {logging_mixin.py:188} INFO - [2026-06-24T06:11:25.955+0000] {dagbag.py:545} INFO - Filling up the DagBag from /home/airflow/.local/lib/python3.12/site-packages/airflow/example_dags/example_subdag_operator.py
[2026-06-24T06:11:26.015+0000] {processor.py:840} INFO - DAG(s) 'example_subdag_operator.section-1', 'example_subdag_operator.section-2', 'example_subdag_operator' retrieved from /home/airflow/.local/lib/python3.12/site-packages/airflow/example_dags/example_subdag_operator.py
[2026-06-24T06:11:26.071+0000] {logging_mixin.py:188} INFO - [2026-06-24T06:11:26.070+0000] {dag.py:3096} INFO - Sync 3 DAGs
[2026-06-24T06:11:26.202+0000] {logging_mixin.py:188} INFO - [2026-06-24T06:11:26.198+0000] {dag.py:3954} INFO - Setting next_dagrun for example_subdag_operator to 2022-01-01 00:00:00+00:00, run_after=2022-01-01 00:00:00+00:00
[2026-06-24T06:11:26.220+0000] {logging_mixin.py:188} INFO - [2026-06-24T06:11:26.219+0000] {dag.py:3954} INFO - Setting next_dagrun for example_subdag_operator.section-1 to None, run_after=None
[2026-06-24T06:11:26.227+0000] {logging_mixin.py:188} INFO - [2026-06-24T06:11:26.227+0000] {dag.py:3954} INFO - Setting next_dagrun for example_subdag_operator.section-2 to None, run_after=None
[2026-06-24T06:11:26.263+0000] {logging_mixin.py:188} INFO - [2026-06-24T06:11:26.263+0000] {dag.py:3096} INFO - Sync 2 DAGs
[2026-06-24T06:11:26.300+0000] {logging_mixin.py:188} INFO - [2026-06-24T06:11:26.300+0000] {dag.py:3954} INFO - Setting next_dagrun for example_subdag_operator.section-1 to None, run_after=None
[2026-06-24T06:11:26.302+0000] {logging_mixin.py:188} INFO - [2026-06-24T06:11:26.302+0000] {dag.py:3954} INFO - Setting next_dagrun for example_subdag_operator.section-2 to None, run_after=None
[2026-06-24T06:11:26.337+0000] {processor.py:183} INFO - Processing /home/airflow/.local/lib/python3.12/site-packages/airflow/example_dags/example_subdag_operator.py took 0.402 seconds
[2026-06-24T06:11:56.457+0000] {processor.py:161} INFO - Started process (PID=659) to work on /home/airflow/.local/lib/python3.12/site-packages/airflow/example_dags/example_subdag_operator.py
[2026-06-24T06:11:56.462+0000] {processor.py:830} INFO - Processing file /home/airflow/.local/lib/python3.12/site-packages/airflow/example_dags/example_subdag_operator.py for tasks to queue
[2026-06-24T06:11:56.473+0000] {logging_mixin.py:188} INFO - [2026-06-24T06:11:56.473+0000] {dagbag.py:545} INFO - Filling up the DagBag from /home/airflow/.local/lib/python3.12/site-packages/airflow/example_dags/example_subdag_operator.py
[2026-06-24T06:11:56.541+0000] {processor.py:840} INFO - DAG(s) 'example_subdag_operator.section-1', 'example_subdag_operator.section-2', 'example_subdag_operator' retrieved from /home/airflow/.local/lib/python3.12/site-packages/airflow/example_dags/example_subdag_operator.py
[2026-06-24T06:11:56.603+0000] {logging_mixin.py:188} INFO - [2026-06-24T06:11:56.602+0000] {dag.py:3096} INFO - Sync 3 DAGs
[2026-06-24T06:11:56.651+0000] {logging_mixin.py:188} INFO - [2026-06-24T06:11:56.650+0000] {dag.py:3954} INFO - Setting next_dagrun for example_subdag_operator to 2022-01-01 00:00:00+00:00, run_after=2022-01-01 00:00:00+00:00
[2026-06-24T06:11:56.671+0000] {logging_mixin.py:188} INFO - [2026-06-24T06:11:56.667+0000] {dag.py:3954} INFO - Setting next_dagrun for example_subdag_operator.section-1 to None, run_after=None
[2026-06-24T06:11:56.675+0000] {logging_mixin.py:188} INFO - [2026-06-24T06:11:56.675+0000] {dag.py:3954} INFO - Setting next_dagrun for example_subdag_operator.section-2 to None, run_after=None
[2026-06-24T06:11:56.699+0000] {logging_mixin.py:188} INFO - [2026-06-24T06:11:56.699+0000] {dag.py:3096} INFO - Sync 2 DAGs
[2026-06-24T06:11:56.719+0000] {logging_mixin.py:188} INFO - [2026-06-24T06:11:56.719+0000] {dag.py:3954} INFO - Setting next_dagrun for example_subdag_operator.section-1 to None, run_after=None
[2026-06-24T06:11:56.720+0000] {logging_mixin.py:188} INFO - [2026-06-24T06:11:56.720+0000] {dag.py:3954} INFO - Setting next_dagrun for example_subdag_operator.section-2 to None, run_after=None
[2026-06-24T06:11:56.774+0000] {processor.py:183} INFO - Processing /home/airflow/.local/lib/python3.12/site-packages/airflow/example_dags/example_subdag_operator.py took 0.337 seconds
[2026-06-24T06:12:26.904+0000] {processor.py:161} INFO - Started process (PID=718) to work on /home/airflow/.local/lib/python3.12/site-packages/airflow/example_dags/example_subdag_operator.py
[2026-06-24T06:12:26.905+0000] {processor.py:830} INFO - Processing file /home/airflow/.local/lib/python3.12/site-packages/airflow/example_dags/example_subdag_operator.py for tasks to queue
[2026-06-24T06:12:26.908+0000] {logging_mixin.py:188} INFO - [2026-06-24T06:12:26.907+0000] {dagbag.py:545} INFO - Filling up the DagBag from /home/airflow/.local/lib/python3.12/site-packages/airflow/example_dags/example_subdag_operator.py
[2026-06-24T06:12:26.939+0000] {processor.py:840} INFO - DAG(s) 'example_subdag_operator.section-1', 'example_subdag_operator.section-2', 'example_subdag_operator' retrieved from /home/airflow/.local/lib/python3.12/site-packages/airflow/example_dags/example_subdag_operator.py
[2026-06-24T06:12:26.966+0000] {logging_mixin.py:188} INFO - [2026-06-24T06:12:26.966+0000] {dag.py:3096} INFO - Sync 3 DAGs
[2026-06-24T06:12:26.998+0000] {logging_mixin.py:188} INFO - [2026-06-24T06:12:26.997+0000] {dag.py:3954} INFO - Setting next_dagrun for example_subdag_operator to 2022-01-01 00:00:00+00:00, run_after=2022-01-01 00:00:00+00:00
[2026-06-24T06:12:27.003+0000] {logging_mixin.py:188} INFO - [2026-06-24T06:12:27.003+0000] {dag.py:3954} INFO - Setting next_dagrun for example_subdag_operator.section-1 to None, run_after=None
[2026-06-24T06:12:27.005+0000] {logging_mixin.py:188} INFO - [2026-06-24T06:12:27.005+0000] {dag.py:3954} INFO - Setting next_dagrun for example_subdag_operator.section-2 to None, run_after=None
[2026-06-24T06:12:27.014+0000] {logging_mixin.py:188} INFO - [2026-06-24T06:12:27.014+0000] {dag.py:3096} INFO - Sync 2 DAGs
[2026-06-24T06:12:27.021+0000] {logging_mixin.py:188} INFO - [2026-06-24T06:12:27.021+0000] {dag.py:3954} INFO - Setting next_dagrun for example_subdag_operator.section-1 to None, run_after=None
[2026-06-24T06:12:27.022+0000] {logging_mixin.py:188} INFO - [2026-06-24T06:12:27.022+0000] {dag.py:3954} INFO - Setting next_dagrun for example_subdag_operator.section-2 to None, run_after=None
[2026-06-24T06:12:27.034+0000] {processor.py:183} INFO - Processing /home/airflow/.local/lib/python3.12/site-packages/airflow/example_dags/example_subdag_operator.py took 0.137 seconds
[2026-06-24T06:12:57.494+0000] {processor.py:161} INFO - Started process (PID=777) to work on /home/airflow/.local/lib/python3.12/site-packages/airflow/example_dags/example_subdag_operator.py
[2026-06-24T06:12:57.497+0000] {processor.py:830} INFO - Processing file /home/airflow/.local/lib/python3.12/site-packages/airflow/example_dags/example_subdag_operator.py for tasks to queue
[2026-06-24T06:12:57.501+0000] {logging_mixin.py:188} INFO - [2026-06-24T06:12:57.500+0000] {dagbag.py:545} INFO - Filling up the DagBag from /home/airflow/.local/lib/python3.12/site-packages/airflow/example_dags/example_subdag_operator.py
[2026-06-24T06:12:57.562+0000] {processor.py:840} INFO - DAG(s) 'example_subdag_operator.section-1', 'example_subdag_operator.section-2', 'example_subdag_operator' retrieved from /home/airflow/.local/lib/python3.12/site-packages/airflow/example_dags/example_subdag_operator.py
[2026-06-24T06:12:57.617+0000] {logging_mixin.py:188} INFO - [2026-06-24T06:12:57.617+0000] {dag.py:3096} INFO - Sync 3 DAGs
[2026-06-24T06:12:57.680+0000] {logging_mixin.py:188} INFO - [2026-06-24T06:12:57.680+0000] {dag.py:3954} INFO - Setting next_dagrun for example_subdag_operator to 2022-01-01 00:00:00+00:00, run_after=2022-01-01 00:00:00+00:00
[2026-06-24T06:12:57.684+0000] {logging_mixin.py:188} INFO - [2026-06-24T06:12:57.684+0000] {dag.py:3954} INFO - Setting next_dagrun for example_subdag_operator.section-1 to None, run_after=None
[2026-06-24T06:12:57.685+0000] {logging_mixin.py:188} INFO - [2026-06-24T06:12:57.685+0000] {dag.py:3954} INFO - Setting next_dagrun for example_subdag_operator.section-2 to None, run_after=None
[2026-06-24T06:12:57.693+0000] {logging_mixin.py:188} INFO - [2026-06-24T06:12:57.693+0000] {dag.py:3096} INFO - Sync 2 DAGs
[2026-06-24T06:12:57.699+0000] {logging_mixin.py:188} INFO - [2026-06-24T06:12:57.699+0000] {dag.py:3954} INFO - Setting next_dagrun for example_subdag_operator.section-1 to None, run_after=None
[2026-06-24T06:12:57.700+0000] {logging_mixin.py:188} INFO - [2026-06-24T06:12:57.699+0000] {dag.py:3954} INFO - Setting next_dagrun for example_subdag_operator.section-2 to None, run_after=None
[2026-06-24T06:12:57.711+0000] {processor.py:183} INFO - Processing /home/airflow/.local/lib/python3.12/site-packages/airflow/example_dags/example_subdag_operator.py took 0.225 seconds
[2026-06-24T06:13:27.764+0000] {processor.py:161} INFO - Started process (PID=836) to work on /home/airflow/.local/lib/python3.12/site-packages/airflow/example_dags/example_subdag_operator.py
[2026-06-24T06:13:27.766+0000] {processor.py:830} INFO - Processing file /home/airflow/.local/lib/python3.12/site-packages/airflow/example_dags/example_subdag_operator.py for tasks to queue
[2026-06-24T06:13:27.769+0000] {logging_mixin.py:188} INFO - [2026-06-24T06:13:27.769+0000] {dagbag.py:545} INFO - Filling up the DagBag from /home/airflow/.local/lib/python3.12/site-packages/airflow/example_dags/example_subdag_operator.py
[2026-06-24T06:13:27.822+0000] {processor.py:840} INFO - DAG(s) 'example_subdag_operator.section-1', 'example_subdag_operator.section-2', 'example_subdag_operator' retrieved from /home/airflow/.local/lib/python3.12/site-packages/airflow/example_dags/example_subdag_operator.py
[2026-06-24T06:13:27.844+0000] {logging_mixin.py:188} INFO - [2026-06-24T06:13:27.844+0000] {dag.py:3096} INFO - Sync 3 DAGs
[2026-06-24T06:13:27.872+0000] {logging_mixin.py:188} INFO - [2026-06-24T06:13:27.872+0000] {dag.py:3954} INFO - Setting next_dagrun for example_subdag_operator to 2022-01-01 00:00:00+00:00, run_after=2022-01-01 00:00:00+00:00
[2026-06-24T06:13:27.876+0000] {logging_mixin.py:188} INFO - [2026-06-24T06:13:27.876+0000] {dag.py:3954} INFO - Setting next_dagrun for example_subdag_operator.section-1 to None, run_after=None
[2026-06-24T06:13:27.878+0000] {logging_mixin.py:188} INFO - [2026-06-24T06:13:27.877+0000] {dag.py:3954} INFO - Setting next_dagrun for example_subdag_operator.section-2 to None, run_after=None
[2026-06-24T06:13:27.886+0000] {logging_mixin.py:188} INFO - [2026-06-24T06:13:27.885+0000] {dag.py:3096} INFO - Sync 2 DAGs
[2026-06-24T06:13:27.891+0000] {logging_mixin.py:188} INFO - [2026-06-24T06:13:27.891+0000] {dag.py:3954} INFO - Setting next_dagrun for example_subdag_operator.section-1 to None, run_after=None
[2026-06-24T06:13:27.892+0000] {logging_mixin.py:188} INFO - [2026-06-24T06:13:27.891+0000] {dag.py:3954} INFO - Setting next_dagrun for example_subdag_operator.section-2 to None, run_after=None
[2026-06-24T06:13:27.903+0000] {processor.py:183} INFO - Processing /home/airflow/.local/lib/python3.12/site-packages/airflow/example_dags/example_subdag_operator.py took 0.156 seconds
[2026-06-24T06:13:58.109+0000] {processor.py:161} INFO - Started process (PID=895) to work on /home/airflow/.local/lib/python3.12/site-packages/airflow/example_dags/example_subdag_operator.py
[2026-06-24T06:13:58.110+0000] {processor.py:830} INFO - Processing file /home/airflow/.local/lib/python3.12/site-packages/airflow/example_dags/example_subdag_operator.py for tasks to queue
[2026-06-24T06:13:58.112+0000] {logging_mixin.py:188} INFO - [2026-06-24T06:13:58.111+0000] {dagbag.py:545} INFO - Filling up the DagBag from /home/airflow/.local/lib/python3.12/site-packages/airflow/example_dags/example_subdag_operator.py
[2026-06-24T06:13:58.140+0000] {processor.py:840} INFO - DAG(s) 'example_subdag_operator.section-1', 'example_subdag_operator.section-2', 'example_subdag_operator' retrieved from /home/airflow/.local/lib/python3.12/site-packages/airflow/example_dags/example_subdag_operator.py
[2026-06-24T06:13:58.162+0000] {logging_mixin.py:188} INFO - [2026-06-24T06:13:58.162+0000] {dag.py:3096} INFO - Sync 3 DAGs
[2026-06-24T06:13:58.190+0000] {logging_mixin.py:188} INFO - [2026-06-24T06:13:58.189+0000] {dag.py:3954} INFO - Setting next_dagrun for example_subdag_operator to 2022-01-01 00:00:00+00:00, run_after=2022-01-01 00:00:00+00:00
[2026-06-24T06:13:58.196+0000] {logging_mixin.py:188} INFO - [2026-06-24T06:13:58.195+0000] {dag.py:3954} INFO - Setting next_dagrun for example_subdag_operator.section-1 to None, run_after=None
[2026-06-24T06:13:58.197+0000] {logging_mixin.py:188} INFO - [2026-06-24T06:13:58.197+0000] {dag.py:3954} INFO - Setting next_dagrun for example_subdag_operator.section-2 to None, run_after=None
[2026-06-24T06:13:58.205+0000] {logging_mixin.py:188} INFO - [2026-06-24T06:13:58.205+0000] {dag.py:3096} INFO - Sync 2 DAGs
[2026-06-24T06:13:58.210+0000] {logging_mixin.py:188} INFO - [2026-06-24T06:13:58.210+0000] {dag.py:3954} INFO - Setting next_dagrun for example_subdag_operator.section-1 to None, run_after=None
[2026-06-24T06:13:58.211+0000] {logging_mixin.py:188} INFO - [2026-06-24T06:13:58.211+0000] {dag.py:3954} INFO - Setting next_dagrun for example_subdag_operator.section-2 to None, run_after=None
[2026-06-24T06:13:58.221+0000] {processor.py:183} INFO - Processing /home/airflow/.local/lib/python3.12/site-packages/airflow/example_dags/example_subdag_operator.py took 0.119 seconds
[2026-06-24T06:14:28.362+0000] {processor.py:161} INFO - Started process (PID=954) to work on /home/airflow/.local/lib/python3.12/site-packages/airflow/example_dags/example_subdag_operator.py
[2026-06-24T06:14:28.362+0000] {processor.py:830} INFO - Processing file /home/airflow/.local/lib/python3.12/site-packages/airflow/example_dags/example_subdag_operator.py for tasks to queue
[2026-06-24T06:14:28.365+0000] {logging_mixin.py:188} INFO - [2026-06-24T06:14:28.364+0000] {dagbag.py:545} INFO - Filling up the DagBag from /home/airflow/.local/lib/python3.12/site-packages/airflow/example_dags/example_subdag_operator.py
[2026-06-24T06:14:28.393+0000] {processor.py:840} INFO - DAG(s) 'example_subdag_operator.section-1', 'example_subdag_operator.section-2', 'example_subdag_operator' retrieved from /home/airflow/.local/lib/python3.12/site-packages/airflow/example_dags/example_subdag_operator.py
[2026-06-24T06:14:28.414+0000] {logging_mixin.py:188} INFO - [2026-06-24T06:14:28.413+0000] {dag.py:3096} INFO - Sync 3 DAGs
[2026-06-24T06:14:28.443+0000] {logging_mixin.py:188} INFO - [2026-06-24T06:14:28.443+0000] {dag.py:3954} INFO - Setting next_dagrun for example_subdag_operator to 2022-01-01 00:00:00+00:00, run_after=2022-01-01 00:00:00+00:00
[2026-06-24T06:14:28.448+0000] {logging_mixin.py:188} INFO - [2026-06-24T06:14:28.448+0000] {dag.py:3954} INFO - Setting next_dagrun for example_subdag_operator.section-1 to None, run_after=None
[2026-06-24T06:14:28.449+0000] {logging_mixin.py:188} INFO - [2026-06-24T06:14:28.449+0000] {dag.py:3954} INFO - Setting next_dagrun for example_subdag_operator.section-2 to None, run_after=None
[2026-06-24T06:14:28.458+0000] {logging_mixin.py:188} INFO - [2026-06-24T06:14:28.458+0000] {dag.py:3096} INFO - Sync 2 DAGs
[2026-06-24T06:14:28.466+0000] {logging_mixin.py:188} INFO - [2026-06-24T06:14:28.466+0000] {dag.py:3954} INFO - Setting next_dagrun for example_subdag_operator.section-1 to None, run_after=None
[2026-06-24T06:14:28.468+0000] {logging_mixin.py:188} INFO - [2026-06-24T06:14:28.467+0000] {dag.py:3954} INFO - Setting next_dagrun for example_subdag_operator.section-2 to None, run_after=None
[2026-06-24T06:14:28.478+0000] {processor.py:183} INFO - Processing /home/airflow/.local/lib/python3.12/site-packages/airflow/example_dags/example_subdag_operator.py took 0.123 seconds
[2026-06-24T06:14:59.189+0000] {processor.py:161} INFO - Started process (PID=1013) to work on /home/airflow/.local/lib/python3.12/site-packages/airflow/example_dags/example_subdag_operator.py
[2026-06-24T06:14:59.190+0000] {processor.py:830} INFO - Processing file /home/airflow/.local/lib/python3.12/site-packages/airflow/example_dags/example_subdag_operator.py for tasks to queue
[2026-06-24T06:14:59.192+0000] {logging_mixin.py:188} INFO - [2026-06-24T06:14:59.192+0000] {dagbag.py:545} INFO - Filling up the DagBag from /home/airflow/.local/lib/python3.12/site-packages/airflow/example_dags/example_subdag_operator.py
[2026-06-24T06:14:59.221+0000] {processor.py:840} INFO - DAG(s) 'example_subdag_operator.section-1', 'example_subdag_operator.section-2', 'example_subdag_operator' retrieved from /home/airflow/.local/lib/python3.12/site-packages/airflow/example_dags/example_subdag_operator.py
[2026-06-24T06:14:59.241+0000] {logging_mixin.py:188} INFO - [2026-06-24T06:14:59.241+0000] {dag.py:3096} INFO - Sync 3 DAGs
[2026-06-24T06:14:59.274+0000] {logging_mixin.py:188} INFO - [2026-06-24T06:14:59.274+0000] {dag.py:3954} INFO - Setting next_dagrun for example_subdag_operator to 2022-01-01 00:00:00+00:00, run_after=2022-01-01 00:00:00+00:00
[2026-06-24T06:14:59.279+0000] {logging_mixin.py:188} INFO - [2026-06-24T06:14:59.279+0000] {dag.py:3954} INFO - Setting next_dagrun for example_subdag_operator.section-1 to None, run_after=None
[2026-06-24T06:14:59.280+0000] {logging_mixin.py:188} INFO - [2026-06-24T06:14:59.280+0000] {dag.py:3954} INFO - Setting next_dagrun for example_subdag_operator.section-2 to None, run_after=None
[2026-06-24T06:14:59.289+0000] {logging_mixin.py:188} INFO - [2026-06-24T06:14:59.288+0000] {dag.py:3096} INFO - Sync 2 DAGs
[2026-06-24T06:14:59.295+0000] {logging_mixin.py:188} INFO - [2026-06-24T06:14:59.295+0000] {dag.py:3954} INFO - Setting next_dagrun for example_subdag_operator.section-1 to None, run_after=None
[2026-06-24T06:14:59.295+0000] {logging_mixin.py:188} INFO - [2026-06-24T06:14:59.295+0000] {dag.py:3954} INFO - Setting next_dagrun for example_subdag_operator.section-2 to None, run_after=None
[2026-06-24T06:14:59.306+0000] {processor.py:183} INFO - Processing /home/airflow/.local/lib/python3.12/site-packages/airflow/example_dags/example_subdag_operator.py took 0.123 seconds
[2026-06-24T06:15:30.069+0000] {processor.py:161} INFO - Started process (PID=1078) to work on /home/airflow/.local/lib/python3.12/site-packages/airflow/example_dags/example_subdag_operator.py
[2026-06-24T06:15:30.072+0000] {processor.py:830} INFO - Processing file /home/airflow/.local/lib/python3.12/site-packages/airflow/example_dags/example_subdag_operator.py for tasks to queue
[2026-06-24T06:15:30.077+0000] {logging_mixin.py:188} INFO - [2026-06-24T06:15:30.077+0000] {dagbag.py:545} INFO - Filling up the DagBag from /home/airflow/.local/lib/python3.12/site-packages/airflow/example_dags/example_subdag_operator.py
[2026-06-24T06:15:30.196+0000] {processor.py:840} INFO - DAG(s) 'example_subdag_operator.section-1', 'example_subdag_operator.section-2', 'example_subdag_operator' retrieved from /home/airflow/.local/lib/python3.12/site-packages/airflow/example_dags/example_subdag_operator.py
[2026-06-24T06:15:30.265+0000] {logging_mixin.py:188} INFO - [2026-06-24T06:15:30.265+0000] {dag.py:3096} INFO - Sync 3 DAGs
[2026-06-24T06:15:30.364+0000] {logging_mixin.py:188} INFO - [2026-06-24T06:15:30.364+0000] {dag.py:3954} INFO - Setting next_dagrun for example_subdag_operator to 2022-01-01 00:00:00+00:00, run_after=2022-01-01 00:00:00+00:00
[2026-06-24T06:15:30.379+0000] {logging_mixin.py:188} INFO - [2026-06-24T06:15:30.379+0000] {dag.py:3954} INFO - Setting next_dagrun for example_subdag_operator.section-1 to None, run_after=None
[2026-06-24T06:15:30.386+0000] {logging_mixin.py:188} INFO - [2026-06-24T06:15:30.386+0000] {dag.py:3954} INFO - Setting next_dagrun for example_subdag_operator.section-2 to None, run_after=None
[2026-06-24T06:15:30.410+0000] {logging_mixin.py:188} INFO - [2026-06-24T06:15:30.410+0000] {dag.py:3096} INFO - Sync 2 DAGs
[2026-06-24T06:15:30.435+0000] {logging_mixin.py:188} INFO - [2026-06-24T06:15:30.435+0000] {dag.py:3954} INFO - Setting next_dagrun for example_subdag_operator.section-1 to None, run_after=None
[2026-06-24T06:15:30.438+0000] {logging_mixin.py:188} INFO - [2026-06-24T06:15:30.438+0000] {dag.py:3954} INFO - Setting next_dagrun for example_subdag_operator.section-2 to None, run_after=None
[2026-06-24T06:15:30.470+0000] {processor.py:183} INFO - Processing /home/airflow/.local/lib/python3.12/site-packages/airflow/example_dags/example_subdag_operator.py took 0.459 seconds
[2026-06-24T06:16:00.918+0000] {processor.py:161} INFO - Started process (PID=1138) to work on /home/airflow/.local/lib/python3.12/site-packages/airflow/example_dags/example_subdag_operator.py
[2026-06-24T06:16:00.919+0000] {processor.py:830} INFO - Processing file /home/airflow/.local/lib/python3.12/site-packages/airflow/example_dags/example_subdag_operator.py for tasks to queue
[2026-06-24T06:16:00.921+0000] {logging_mixin.py:188} INFO - [2026-06-24T06:16:00.921+0000] {dagbag.py:545} INFO - Filling up the DagBag from /home/airflow/.local/lib/python3.12/site-packages/airflow/example_dags/example_subdag_operator.py
[2026-06-24T06:16:00.955+0000] {processor.py:840} INFO - DAG(s) 'example_subdag_operator.section-1', 'example_subdag_operator.section-2', 'example_subdag_operator' retrieved from /home/airflow/.local/lib/python3.12/site-packages/airflow/example_dags/example_subdag_operator.py
[2026-06-24T06:16:00.976+0000] {logging_mixin.py:188} INFO - [2026-06-24T06:16:00.976+0000] {dag.py:3096} INFO - Sync 3 DAGs
[2026-06-24T06:16:01.009+0000] {logging_mixin.py:188} INFO - [2026-06-24T06:16:01.009+0000] {dag.py:3954} INFO - Setting next_dagrun for example_subdag_operator to 2022-01-01 00:00:00+00:00, run_after=2022-01-01 00:00:00+00:00
[2026-06-24T06:16:01.014+0000] {logging_mixin.py:188} INFO - [2026-06-24T06:16:01.014+0000] {dag.py:3954} INFO - Setting next_dagrun for example_subdag_operator.section-1 to None, run_after=None
[2026-06-24T06:16:01.015+0000] {logging_mixin.py:188} INFO - [2026-06-24T06:16:01.015+0000] {dag.py:3954} INFO - Setting next_dagrun for example_subdag_operator.section-2 to None, run_after=None
[2026-06-24T06:16:01.024+0000] {logging_mixin.py:188} INFO - [2026-06-24T06:16:01.024+0000] {dag.py:3096} INFO - Sync 2 DAGs
[2026-06-24T06:16:01.032+0000] {logging_mixin.py:188} INFO - [2026-06-24T06:16:01.032+0000] {dag.py:3954} INFO - Setting next_dagrun for example_subdag_operator.section-1 to None, run_after=None
[2026-06-24T06:16:01.033+0000] {logging_mixin.py:188} INFO - [2026-06-24T06:16:01.033+0000] {dag.py:3954} INFO - Setting next_dagrun for example_subdag_operator.section-2 to None, run_after=None
[2026-06-24T06:16:01.046+0000] {processor.py:183} INFO - Processing /home/airflow/.local/lib/python3.12/site-packages/airflow/example_dags/example_subdag_operator.py took 0.134 seconds
[2026-06-24T06:16:31.578+0000] {processor.py:161} INFO - Started process (PID=1196) to work on /home/airflow/.local/lib/python3.12/site-packages/airflow/example_dags/example_subdag_operator.py
[2026-06-24T06:16:31.579+0000] {processor.py:830} INFO - Processing file /home/airflow/.local/lib/python3.12/site-packages/airflow/example_dags/example_subdag_operator.py for tasks to queue
[2026-06-24T06:16:31.581+0000] {logging_mixin.py:188} INFO - [2026-06-24T06:16:31.581+0000] {dagbag.py:545} INFO - Filling up the DagBag from /home/airflow/.local/lib/python3.12/site-packages/airflow/example_dags/example_subdag_operator.py
[2026-06-24T06:16:31.611+0000] {processor.py:840} INFO - DAG(s) 'example_subdag_operator.section-1', 'example_subdag_operator.section-2', 'example_subdag_operator' retrieved from /home/airflow/.local/lib/python3.12/site-packages/airflow/example_dags/example_subdag_operator.py
[2026-06-24T06:16:31.631+0000] {logging_mixin.py:188} INFO - [2026-06-24T06:16:31.630+0000] {dag.py:3096} INFO - Sync 3 DAGs
[2026-06-24T06:16:31.661+0000] {logging_mixin.py:188} INFO - [2026-06-24T06:16:31.660+0000] {dag.py:3954} INFO - Setting next_dagrun for example_subdag_operator to 2022-01-01 00:00:00+00:00, run_after=2022-01-01 00:00:00+00:00
[2026-06-24T06:16:31.665+0000] {logging_mixin.py:188} INFO - [2026-06-24T06:16:31.665+0000] {dag.py:3954} INFO - Setting next_dagrun for example_subdag_operator.section-1 to None, run_after=None
[2026-06-24T06:16:31.666+0000] {logging_mixin.py:188} INFO - [2026-06-24T06:16:31.666+0000] {dag.py:3954} INFO - Setting next_dagrun for example_subdag_operator.section-2 to None, run_after=None
[2026-06-24T06:16:31.675+0000] {logging_mixin.py:188} INFO - [2026-06-24T06:16:31.675+0000] {dag.py:3096} INFO - Sync 2 DAGs
[2026-06-24T06:16:31.680+0000] {logging_mixin.py:188} INFO - [2026-06-24T06:16:31.680+0000] {dag.py:3954} INFO - Setting next_dagrun for example_subdag_operator.section-1 to None, run_after=None
[2026-06-24T06:16:31.681+0000] {logging_mixin.py:188} INFO - [2026-06-24T06:16:31.681+0000] {dag.py:3954} INFO - Setting next_dagrun for example_subdag_operator.section-2 to None, run_after=None
[2026-06-24T06:16:31.693+0000] {processor.py:183} INFO - Processing /home/airflow/.local/lib/python3.12/site-packages/airflow/example_dags/example_subdag_operator.py took 0.121 seconds
[2026-06-24T06:18:44.855+0000] {processor.py:161} INFO - Started process (PID=79) to work on /home/airflow/.local/lib/python3.12/site-packages/airflow/example_dags/example_subdag_operator.py
[2026-06-24T06:18:44.856+0000] {processor.py:830} INFO - Processing file /home/airflow/.local/lib/python3.12/site-packages/airflow/example_dags/example_subdag_operator.py for tasks to queue
[2026-06-24T06:18:44.861+0000] {logging_mixin.py:188} INFO - [2026-06-24T06:18:44.860+0000] {dagbag.py:545} INFO - Filling up the DagBag from /home/airflow/.local/lib/python3.12/site-packages/airflow/example_dags/example_subdag_operator.py
[2026-06-24T06:18:44.946+0000] {processor.py:840} INFO - DAG(s) 'example_subdag_operator.section-1', 'example_subdag_operator.section-2', 'example_subdag_operator' retrieved from /home/airflow/.local/lib/python3.12/site-packages/airflow/example_dags/example_subdag_operator.py
[2026-06-24T06:18:45.449+0000] {logging_mixin.py:188} INFO - [2026-06-24T06:18:45.446+0000] {override.py:1829} INFO - Created Permission View: can edit on DAG:example_subdag_operator
[2026-06-24T06:18:45.520+0000] {logging_mixin.py:188} INFO - [2026-06-24T06:18:45.520+0000] {override.py:1829} INFO - Created Permission View: can delete on DAG:example_subdag_operator
[2026-06-24T06:18:45.570+0000] {logging_mixin.py:188} INFO - [2026-06-24T06:18:45.570+0000] {override.py:1829} INFO - Created Permission View: can read on DAG:example_subdag_operator
[2026-06-24T06:18:45.572+0000] {logging_mixin.py:188} INFO - [2026-06-24T06:18:45.572+0000] {dag.py:3096} INFO - Sync 3 DAGs
[2026-06-24T06:18:45.656+0000] {logging_mixin.py:188} INFO - [2026-06-24T06:18:45.655+0000] {dag.py:3118} INFO - Creating ORM DAG for example_subdag_operator
[2026-06-24T06:18:45.674+0000] {logging_mixin.py:188} INFO - [2026-06-24T06:18:45.656+0000] {dag.py:3118} INFO - Creating ORM DAG for example_subdag_operator.section-1
[2026-06-24T06:18:45.684+0000] {logging_mixin.py:188} INFO - [2026-06-24T06:18:45.683+0000] {dag.py:3118} INFO - Creating ORM DAG for example_subdag_operator.section-2
[2026-06-24T06:18:45.770+0000] {logging_mixin.py:188} INFO - [2026-06-24T06:18:45.766+0000] {dag.py:3954} INFO - Setting next_dagrun for example_subdag_operator to 2022-01-01 00:00:00+00:00, run_after=2022-01-01 00:00:00+00:00
[2026-06-24T06:18:45.772+0000] {logging_mixin.py:188} INFO - [2026-06-24T06:18:45.772+0000] {dag.py:3954} INFO - Setting next_dagrun for example_subdag_operator.section-1 to None, run_after=None
[2026-06-24T06:18:45.776+0000] {logging_mixin.py:188} INFO - [2026-06-24T06:18:45.776+0000] {dag.py:3954} INFO - Setting next_dagrun for example_subdag_operator.section-2 to None, run_after=None
[2026-06-24T06:18:45.833+0000] {logging_mixin.py:188} INFO - [2026-06-24T06:18:45.833+0000] {dag.py:3096} INFO - Sync 2 DAGs
[2026-06-24T06:18:45.861+0000] {logging_mixin.py:188} INFO - [2026-06-24T06:18:45.861+0000] {dag.py:3954} INFO - Setting next_dagrun for example_subdag_operator.section-1 to None, run_after=None
[2026-06-24T06:18:45.870+0000] {logging_mixin.py:188} INFO - [2026-06-24T06:18:45.870+0000] {dag.py:3954} INFO - Setting next_dagrun for example_subdag_operator.section-2 to None, run_after=None
[2026-06-24T06:18:45.905+0000] {processor.py:183} INFO - Processing /home/airflow/.local/lib/python3.12/site-packages/airflow/example_dags/example_subdag_operator.py took 1.065 seconds
[2026-06-24T06:19:16.291+0000] {processor.py:161} INFO - Started process (PID=139) to work on /home/airflow/.local/lib/python3.12/site-packages/airflow/example_dags/example_subdag_operator.py
[2026-06-24T06:19:16.319+0000] {processor.py:830} INFO - Processing file /home/airflow/.local/lib/python3.12/site-packages/airflow/example_dags/example_subdag_operator.py for tasks to queue
[2026-06-24T06:19:16.329+0000] {logging_mixin.py:188} INFO - [2026-06-24T06:19:16.325+0000] {dagbag.py:545} INFO - Filling up the DagBag from /home/airflow/.local/lib/python3.12/site-packages/airflow/example_dags/example_subdag_operator.py
[2026-06-24T06:19:16.466+0000] {processor.py:840} INFO - DAG(s) 'example_subdag_operator.section-1', 'example_subdag_operator.section-2', 'example_subdag_operator' retrieved from /home/airflow/.local/lib/python3.12/site-packages/airflow/example_dags/example_subdag_operator.py
[2026-06-24T06:19:16.538+0000] {logging_mixin.py:188} INFO - [2026-06-24T06:19:16.537+0000] {dag.py:3096} INFO - Sync 3 DAGs
[2026-06-24T06:19:16.669+0000] {logging_mixin.py:188} INFO - [2026-06-24T06:19:16.669+0000] {dag.py:3954} INFO - Setting next_dagrun for example_subdag_operator to 2022-01-01 00:00:00+00:00, run_after=2022-01-01 00:00:00+00:00
[2026-06-24T06:19:16.692+0000] {logging_mixin.py:188} INFO - [2026-06-24T06:19:16.692+0000] {dag.py:3954} INFO - Setting next_dagrun for example_subdag_operator.section-1 to None, run_after=None
[2026-06-24T06:19:16.699+0000] {logging_mixin.py:188} INFO - [2026-06-24T06:19:16.699+0000] {dag.py:3954} INFO - Setting next_dagrun for example_subdag_operator.section-2 to None, run_after=None
[2026-06-24T06:19:16.732+0000] {logging_mixin.py:188} INFO - [2026-06-24T06:19:16.732+0000] {dag.py:3096} INFO - Sync 2 DAGs
[2026-06-24T06:19:16.754+0000] {logging_mixin.py:188} INFO - [2026-06-24T06:19:16.754+0000] {dag.py:3954} INFO - Setting next_dagrun for example_subdag_operator.section-1 to None, run_after=None
[2026-06-24T06:19:16.756+0000] {logging_mixin.py:188} INFO - [2026-06-24T06:19:16.756+0000] {dag.py:3954} INFO - Setting next_dagrun for example_subdag_operator.section-2 to None, run_after=None
[2026-06-24T06:19:16.879+0000] {processor.py:183} INFO - Processing /home/airflow/.local/lib/python3.12/site-packages/airflow/example_dags/example_subdag_operator.py took 0.610 seconds
[2026-06-24T06:19:47.198+0000] {processor.py:161} INFO - Started process (PID=199) to work on /home/airflow/.local/lib/python3.12/site-packages/airflow/example_dags/example_subdag_operator.py
[2026-06-24T06:19:47.199+0000] {processor.py:830} INFO - Processing file /home/airflow/.local/lib/python3.12/site-packages/airflow/example_dags/example_subdag_operator.py for tasks to queue
[2026-06-24T06:19:47.201+0000] {logging_mixin.py:188} INFO - [2026-06-24T06:19:47.200+0000] {dagbag.py:545} INFO - Filling up the DagBag from /home/airflow/.local/lib/python3.12/site-packages/airflow/example_dags/example_subdag_operator.py
[2026-06-24T06:19:47.238+0000] {processor.py:840} INFO - DAG(s) 'example_subdag_operator.section-1', 'example_subdag_operator.section-2', 'example_subdag_operator' retrieved from /home/airflow/.local/lib/python3.12/site-packages/airflow/example_dags/example_subdag_operator.py
[2026-06-24T06:19:47.260+0000] {logging_mixin.py:188} INFO - [2026-06-24T06:19:47.260+0000] {dag.py:3096} INFO - Sync 3 DAGs
[2026-06-24T06:19:47.288+0000] {logging_mixin.py:188} INFO - [2026-06-24T06:19:47.288+0000] {dag.py:3954} INFO - Setting next_dagrun for example_subdag_operator to 2022-01-01 00:00:00+00:00, run_after=2022-01-01 00:00:00+00:00
[2026-06-24T06:19:47.293+0000] {logging_mixin.py:188} INFO - [2026-06-24T06:19:47.292+0000] {dag.py:3954} INFO - Setting next_dagrun for example_subdag_operator.section-1 to None, run_after=None
[2026-06-24T06:19:47.294+0000] {logging_mixin.py:188} INFO - [2026-06-24T06:19:47.294+0000] {dag.py:3954} INFO - Setting next_dagrun for example_subdag_operator.section-2 to None, run_after=None
[2026-06-24T06:19:47.302+0000] {logging_mixin.py:188} INFO - [2026-06-24T06:19:47.302+0000] {dag.py:3096} INFO - Sync 2 DAGs
[2026-06-24T06:19:47.311+0000] {logging_mixin.py:188} INFO - [2026-06-24T06:19:47.310+0000] {dag.py:3954} INFO - Setting next_dagrun for example_subdag_operator.section-1 to None, run_after=None
[2026-06-24T06:19:47.312+0000] {logging_mixin.py:188} INFO - [2026-06-24T06:19:47.312+0000] {dag.py:3954} INFO - Setting next_dagrun for example_subdag_operator.section-2 to None, run_after=None
[2026-06-24T06:19:47.328+0000] {processor.py:183} INFO - Processing /home/airflow/.local/lib/python3.12/site-packages/airflow/example_dags/example_subdag_operator.py took 0.137 seconds
[2026-06-24T06:20:17.523+0000] {processor.py:161} INFO - Started process (PID=259) to work on /home/airflow/.local/lib/python3.12/site-packages/airflow/example_dags/example_subdag_operator.py
[2026-06-24T06:20:17.524+0000] {processor.py:830} INFO - Processing file /home/airflow/.local/lib/python3.12/site-packages/airflow/example_dags/example_subdag_operator.py for tasks to queue
[2026-06-24T06:20:17.526+0000] {logging_mixin.py:188} INFO - [2026-06-24T06:20:17.525+0000] {dagbag.py:545} INFO - Filling up the DagBag from /home/airflow/.local/lib/python3.12/site-packages/airflow/example_dags/example_subdag_operator.py
[2026-06-24T06:20:17.556+0000] {processor.py:840} INFO - DAG(s) 'example_subdag_operator.section-1', 'example_subdag_operator.section-2', 'example_subdag_operator' retrieved from /home/airflow/.local/lib/python3.12/site-packages/airflow/example_dags/example_subdag_operator.py
[2026-06-24T06:20:17.577+0000] {logging_mixin.py:188} INFO - [2026-06-24T06:20:17.576+0000] {dag.py:3096} INFO - Sync 3 DAGs
[2026-06-24T06:20:17.608+0000] {logging_mixin.py:188} INFO - [2026-06-24T06:20:17.607+0000] {dag.py:3954} INFO - Setting next_dagrun for example_subdag_operator to 2022-01-01 00:00:00+00:00, run_after=2022-01-01 00:00:00+00:00
[2026-06-24T06:20:17.612+0000] {logging_mixin.py:188} INFO - [2026-06-24T06:20:17.612+0000] {dag.py:3954} INFO - Setting next_dagrun for example_subdag_operator.section-1 to None, run_after=None
[2026-06-24T06:20:17.614+0000] {logging_mixin.py:188} INFO - [2026-06-24T06:20:17.613+0000] {dag.py:3954} INFO - Setting next_dagrun for example_subdag_operator.section-2 to None, run_after=None
[2026-06-24T06:20:17.622+0000] {logging_mixin.py:188} INFO - [2026-06-24T06:20:17.622+0000] {dag.py:3096} INFO - Sync 2 DAGs
[2026-06-24T06:20:17.628+0000] {logging_mixin.py:188} INFO - [2026-06-24T06:20:17.628+0000] {dag.py:3954} INFO - Setting next_dagrun for example_subdag_operator.section-1 to None, run_after=None
[2026-06-24T06:20:17.628+0000] {logging_mixin.py:188} INFO - [2026-06-24T06:20:17.628+0000] {dag.py:3954} INFO - Setting next_dagrun for example_subdag_operator.section-2 to None, run_after=None
[2026-06-24T06:20:17.638+0000] {processor.py:183} INFO - Processing /home/airflow/.local/lib/python3.12/site-packages/airflow/example_dags/example_subdag_operator.py took 0.122 seconds
[2026-06-24T06:20:47.735+0000] {processor.py:161} INFO - Started process (PID=319) to work on /home/airflow/.local/lib/python3.12/site-packages/airflow/example_dags/example_subdag_operator.py
[2026-06-24T06:20:47.736+0000] {processor.py:830} INFO - Processing file /home/airflow/.local/lib/python3.12/site-packages/airflow/example_dags/example_subdag_operator.py for tasks to queue
[2026-06-24T06:20:47.739+0000] {logging_mixin.py:188} INFO - [2026-06-24T06:20:47.738+0000] {dagbag.py:545} INFO - Filling up the DagBag from /home/airflow/.local/lib/python3.12/site-packages/airflow/example_dags/example_subdag_operator.py
[2026-06-24T06:20:47.780+0000] {processor.py:840} INFO - DAG(s) 'example_subdag_operator.section-1', 'example_subdag_operator.section-2', 'example_subdag_operator' retrieved from /home/airflow/.local/lib/python3.12/site-packages/airflow/example_dags/example_subdag_operator.py
[2026-06-24T06:20:47.821+0000] {logging_mixin.py:188} INFO - [2026-06-24T06:20:47.821+0000] {dag.py:3096} INFO - Sync 3 DAGs
[2026-06-24T06:20:47.852+0000] {logging_mixin.py:188} INFO - [2026-06-24T06:20:47.852+0000] {dag.py:3954} INFO - Setting next_dagrun for example_subdag_operator to 2022-01-01 00:00:00+00:00, run_after=2022-01-01 00:00:00+00:00
[2026-06-24T06:20:47.857+0000] {logging_mixin.py:188} INFO - [2026-06-24T06:20:47.857+0000] {dag.py:3954} INFO - Setting next_dagrun for example_subdag_operator.section-1 to None, run_after=None
[2026-06-24T06:20:47.858+0000] {logging_mixin.py:188} INFO - [2026-06-24T06:20:47.858+0000] {dag.py:3954} INFO - Setting next_dagrun for example_subdag_operator.section-2 to None, run_after=None
[2026-06-24T06:20:47.866+0000] {logging_mixin.py:188} INFO - [2026-06-24T06:20:47.866+0000] {dag.py:3096} INFO - Sync 2 DAGs
[2026-06-24T06:20:47.872+0000] {logging_mixin.py:188} INFO - [2026-06-24T06:20:47.872+0000] {dag.py:3954} INFO - Setting next_dagrun for example_subdag_operator.section-1 to None, run_after=None
[2026-06-24T06:20:47.873+0000] {logging_mixin.py:188} INFO - [2026-06-24T06:20:47.873+0000] {dag.py:3954} INFO - Setting next_dagrun for example_subdag_operator.section-2 to None, run_after=None
[2026-06-24T06:20:47.884+0000] {processor.py:183} INFO - Processing /home/airflow/.local/lib/python3.12/site-packages/airflow/example_dags/example_subdag_operator.py took 0.155 seconds
[2026-06-24T06:21:18.577+0000] {processor.py:161} INFO - Started process (PID=380) to work on /home/airflow/.local/lib/python3.12/site-packages/airflow/example_dags/example_subdag_operator.py
[2026-06-24T06:21:18.582+0000] {processor.py:830} INFO - Processing file /home/airflow/.local/lib/python3.12/site-packages/airflow/example_dags/example_subdag_operator.py for tasks to queue
[2026-06-24T06:21:18.589+0000] {logging_mixin.py:188} INFO - [2026-06-24T06:21:18.588+0000] {dagbag.py:545} INFO - Filling up the DagBag from /home/airflow/.local/lib/python3.12/site-packages/airflow/example_dags/example_subdag_operator.py
[2026-06-24T06:21:18.620+0000] {processor.py:840} INFO - DAG(s) 'example_subdag_operator.section-1', 'example_subdag_operator.section-2', 'example_subdag_operator' retrieved from /home/airflow/.local/lib/python3.12/site-packages/airflow/example_dags/example_subdag_operator.py
[2026-06-24T06:21:18.641+0000] {logging_mixin.py:188} INFO - [2026-06-24T06:21:18.641+0000] {dag.py:3096} INFO - Sync 3 DAGs
[2026-06-24T06:21:18.670+0000] {logging_mixin.py:188} INFO - [2026-06-24T06:21:18.670+0000] {dag.py:3954} INFO - Setting next_dagrun for example_subdag_operator to 2022-01-01 00:00:00+00:00, run_after=2022-01-01 00:00:00+00:00
[2026-06-24T06:21:18.675+0000] {logging_mixin.py:188} INFO - [2026-06-24T06:21:18.674+0000] {dag.py:3954} INFO - Setting next_dagrun for example_subdag_operator.section-1 to None, run_after=None
[2026-06-24T06:21:18.676+0000] {logging_mixin.py:188} INFO - [2026-06-24T06:21:18.676+0000] {dag.py:3954} INFO - Setting next_dagrun for example_subdag_operator.section-2 to None, run_after=None
[2026-06-24T06:21:18.684+0000] {logging_mixin.py:188} INFO - [2026-06-24T06:21:18.684+0000] {dag.py:3096} INFO - Sync 2 DAGs
[2026-06-24T06:21:18.689+0000] {logging_mixin.py:188} INFO - [2026-06-24T06:21:18.689+0000] {dag.py:3954} INFO - Setting next_dagrun for example_subdag_operator.section-1 to None, run_after=None
[2026-06-24T06:21:18.690+0000] {logging_mixin.py:188} INFO - [2026-06-24T06:21:18.690+0000] {dag.py:3954} INFO - Setting next_dagrun for example_subdag_operator.section-2 to None, run_after=None
[2026-06-24T06:21:18.701+0000] {processor.py:183} INFO - Processing /home/airflow/.local/lib/python3.12/site-packages/airflow/example_dags/example_subdag_operator.py took 0.130 seconds
[2026-06-24T06:21:49.267+0000] {processor.py:161} INFO - Started process (PID=442) to work on /home/airflow/.local/lib/python3.12/site-packages/airflow/example_dags/example_subdag_operator.py
[2026-06-24T06:21:49.268+0000] {processor.py:830} INFO - Processing file /home/airflow/.local/lib/python3.12/site-packages/airflow/example_dags/example_subdag_operator.py for tasks to queue
[2026-06-24T06:21:49.271+0000] {logging_mixin.py:188} INFO - [2026-06-24T06:21:49.270+0000] {dagbag.py:545} INFO - Filling up the DagBag from /home/airflow/.local/lib/python3.12/site-packages/airflow/example_dags/example_subdag_operator.py
[2026-06-24T06:21:49.300+0000] {processor.py:840} INFO - DAG(s) 'example_subdag_operator.section-1', 'example_subdag_operator.section-2', 'example_subdag_operator' retrieved from /home/airflow/.local/lib/python3.12/site-packages/airflow/example_dags/example_subdag_operator.py
[2026-06-24T06:21:49.321+0000] {logging_mixin.py:188} INFO - [2026-06-24T06:21:49.321+0000] {dag.py:3096} INFO - Sync 3 DAGs
[2026-06-24T06:21:49.353+0000] {logging_mixin.py:188} INFO - [2026-06-24T06:21:49.353+0000] {dag.py:3954} INFO - Setting next_dagrun for example_subdag_operator to 2022-01-01 00:00:00+00:00, run_after=2022-01-01 00:00:00+00:00
[2026-06-24T06:21:49.359+0000] {logging_mixin.py:188} INFO - [2026-06-24T06:21:49.359+0000] {dag.py:3954} INFO - Setting next_dagrun for example_subdag_operator.section-1 to None, run_after=None
[2026-06-24T06:21:49.361+0000] {logging_mixin.py:188} INFO - [2026-06-24T06:21:49.360+0000] {dag.py:3954} INFO - Setting next_dagrun for example_subdag_operator.section-2 to None, run_after=None
[2026-06-24T06:21:49.370+0000] {logging_mixin.py:188} INFO - [2026-06-24T06:21:49.369+0000] {dag.py:3096} INFO - Sync 2 DAGs
[2026-06-24T06:21:49.376+0000] {logging_mixin.py:188} INFO - [2026-06-24T06:21:49.376+0000] {dag.py:3954} INFO - Setting next_dagrun for example_subdag_operator.section-1 to None, run_after=None
[2026-06-24T06:21:49.376+0000] {logging_mixin.py:188} INFO - [2026-06-24T06:21:49.376+0000] {dag.py:3954} INFO - Setting next_dagrun for example_subdag_operator.section-2 to None, run_after=None
[2026-06-24T06:21:49.393+0000] {processor.py:183} INFO - Processing /home/airflow/.local/lib/python3.12/site-packages/airflow/example_dags/example_subdag_operator.py took 0.132 seconds
[2026-06-24T06:22:20.147+0000] {processor.py:161} INFO - Started process (PID=502) to work on /home/airflow/.local/lib/python3.12/site-packages/airflow/example_dags/example_subdag_operator.py
[2026-06-24T06:22:20.150+0000] {processor.py:830} INFO - Processing file /home/airflow/.local/lib/python3.12/site-packages/airflow/example_dags/example_subdag_operator.py for tasks to queue
[2026-06-24T06:22:20.154+0000] {logging_mixin.py:188} INFO - [2026-06-24T06:22:20.153+0000] {dagbag.py:545} INFO - Filling up the DagBag from /home/airflow/.local/lib/python3.12/site-packages/airflow/example_dags/example_subdag_operator.py
[2026-06-24T06:22:20.185+0000] {processor.py:840} INFO - DAG(s) 'example_subdag_operator.section-1', 'example_subdag_operator.section-2', 'example_subdag_operator' retrieved from /home/airflow/.local/lib/python3.12/site-packages/airflow/example_dags/example_subdag_operator.py
[2026-06-24T06:22:20.207+0000] {logging_mixin.py:188} INFO - [2026-06-24T06:22:20.207+0000] {dag.py:3096} INFO - Sync 3 DAGs
[2026-06-24T06:22:20.244+0000] {logging_mixin.py:188} INFO - [2026-06-24T06:22:20.244+0000] {dag.py:3954} INFO - Setting next_dagrun for example_subdag_operator to 2022-01-01 00:00:00+00:00, run_after=2022-01-01 00:00:00+00:00
[2026-06-24T06:22:20.249+0000] {logging_mixin.py:188} INFO - [2026-06-24T06:22:20.249+0000] {dag.py:3954} INFO - Setting next_dagrun for example_subdag_operator.section-1 to None, run_after=None
[2026-06-24T06:22:20.250+0000] {logging_mixin.py:188} INFO - [2026-06-24T06:22:20.250+0000] {dag.py:3954} INFO - Setting next_dagrun for example_subdag_operator.section-2 to None, run_after=None
[2026-06-24T06:22:20.259+0000] {logging_mixin.py:188} INFO - [2026-06-24T06:22:20.259+0000] {dag.py:3096} INFO - Sync 2 DAGs
[2026-06-24T06:22:20.265+0000] {logging_mixin.py:188} INFO - [2026-06-24T06:22:20.265+0000] {dag.py:3954} INFO - Setting next_dagrun for example_subdag_operator.section-1 to None, run_after=None
[2026-06-24T06:22:20.266+0000] {logging_mixin.py:188} INFO - [2026-06-24T06:22:20.266+0000] {dag.py:3954} INFO - Setting next_dagrun for example_subdag_operator.section-2 to None, run_after=None
[2026-06-24T06:22:20.278+0000] {processor.py:183} INFO - Processing /home/airflow/.local/lib/python3.12/site-packages/airflow/example_dags/example_subdag_operator.py took 0.138 seconds
[2026-06-24T06:22:51.175+0000] {processor.py:161} INFO - Started process (PID=562) to work on /home/airflow/.local/lib/python3.12/site-packages/airflow/example_dags/example_subdag_operator.py
[2026-06-24T06:22:51.176+0000] {processor.py:830} INFO - Processing file /home/airflow/.local/lib/python3.12/site-packages/airflow/example_dags/example_subdag_operator.py for tasks to queue
[2026-06-24T06:22:51.179+0000] {logging_mixin.py:188} INFO - [2026-06-24T06:22:51.178+0000] {dagbag.py:545} INFO - Filling up the DagBag from /home/airflow/.local/lib/python3.12/site-packages/airflow/example_dags/example_subdag_operator.py
[2026-06-24T06:22:51.208+0000] {processor.py:840} INFO - DAG(s) 'example_subdag_operator.section-1', 'example_subdag_operator.section-2', 'example_subdag_operator' retrieved from /home/airflow/.local/lib/python3.12/site-packages/airflow/example_dags/example_subdag_operator.py
[2026-06-24T06:22:51.230+0000] {logging_mixin.py:188} INFO - [2026-06-24T06:22:51.229+0000] {dag.py:3096} INFO - Sync 3 DAGs
[2026-06-24T06:22:51.265+0000] {logging_mixin.py:188} INFO - [2026-06-24T06:22:51.264+0000] {dag.py:3954} INFO - Setting next_dagrun for example_subdag_operator to 2022-01-01 00:00:00+00:00, run_after=2022-01-01 00:00:00+00:00
[2026-06-24T06:22:51.270+0000] {logging_mixin.py:188} INFO - [2026-06-24T06:22:51.269+0000] {dag.py:3954} INFO - Setting next_dagrun for example_subdag_operator.section-1 to None, run_after=None
[2026-06-24T06:22:51.271+0000] {logging_mixin.py:188} INFO - [2026-06-24T06:22:51.271+0000] {dag.py:3954} INFO - Setting next_dagrun for example_subdag_operator.section-2 to None, run_after=None
[2026-06-24T06:22:51.281+0000] {logging_mixin.py:188} INFO - [2026-06-24T06:22:51.280+0000] {dag.py:3096} INFO - Sync 2 DAGs
[2026-06-24T06:22:51.286+0000] {logging_mixin.py:188} INFO - [2026-06-24T06:22:51.286+0000] {dag.py:3954} INFO - Setting next_dagrun for example_subdag_operator.section-1 to None, run_after=None
[2026-06-24T06:22:51.287+0000] {logging_mixin.py:188} INFO - [2026-06-24T06:22:51.287+0000] {dag.py:3954} INFO - Setting next_dagrun for example_subdag_operator.section-2 to None, run_after=None
[2026-06-24T06:22:51.298+0000] {processor.py:183} INFO - Processing /home/airflow/.local/lib/python3.12/site-packages/airflow/example_dags/example_subdag_operator.py took 0.130 seconds
[2026-06-24T06:23:21.633+0000] {processor.py:161} INFO - Started process (PID=622) to work on /home/airflow/.local/lib/python3.12/site-packages/airflow/example_dags/example_subdag_operator.py
[2026-06-24T06:23:21.641+0000] {processor.py:830} INFO - Processing file /home/airflow/.local/lib/python3.12/site-packages/airflow/example_dags/example_subdag_operator.py for tasks to queue
[2026-06-24T06:23:21.645+0000] {logging_mixin.py:188} INFO - [2026-06-24T06:23:21.645+0000] {dagbag.py:545} INFO - Filling up the DagBag from /home/airflow/.local/lib/python3.12/site-packages/airflow/example_dags/example_subdag_operator.py
[2026-06-24T06:23:21.787+0000] {processor.py:840} INFO - DAG(s) 'example_subdag_operator.section-1', 'example_subdag_operator.section-2', 'example_subdag_operator' retrieved from /home/airflow/.local/lib/python3.12/site-packages/airflow/example_dags/example_subdag_operator.py
[2026-06-24T06:23:21.854+0000] {logging_mixin.py:188} INFO - [2026-06-24T06:23:21.854+0000] {dag.py:3096} INFO - Sync 3 DAGs
[2026-06-24T06:23:21.976+0000] {logging_mixin.py:188} INFO - [2026-06-24T06:23:21.975+0000] {dag.py:3954} INFO - Setting next_dagrun for example_subdag_operator to 2022-01-01 00:00:00+00:00, run_after=2022-01-01 00:00:00+00:00
[2026-06-24T06:23:22.000+0000] {logging_mixin.py:188} INFO - [2026-06-24T06:23:21.999+0000] {dag.py:3954} INFO - Setting next_dagrun for example_subdag_operator.section-1 to None, run_after=None
[2026-06-24T06:23:22.005+0000] {logging_mixin.py:188} INFO - [2026-06-24T06:23:22.005+0000] {dag.py:3954} INFO - Setting next_dagrun for example_subdag_operator.section-2 to None, run_after=None
[2026-06-24T06:23:22.039+0000] {logging_mixin.py:188} INFO - [2026-06-24T06:23:22.039+0000] {dag.py:3096} INFO - Sync 2 DAGs
[2026-06-24T06:23:22.064+0000] {logging_mixin.py:188} INFO - [2026-06-24T06:23:22.064+0000] {dag.py:3954} INFO - Setting next_dagrun for example_subdag_operator.section-1 to None, run_after=None
[2026-06-24T06:23:22.069+0000] {logging_mixin.py:188} INFO - [2026-06-24T06:23:22.069+0000] {dag.py:3954} INFO - Setting next_dagrun for example_subdag_operator.section-2 to None, run_after=None
[2026-06-24T06:23:22.117+0000] {processor.py:183} INFO - Processing /home/airflow/.local/lib/python3.12/site-packages/airflow/example_dags/example_subdag_operator.py took 0.502 seconds
[2026-06-24T06:23:52.795+0000] {processor.py:161} INFO - Started process (PID=682) to work on /home/airflow/.local/lib/python3.12/site-packages/airflow/example_dags/example_subdag_operator.py
[2026-06-24T06:23:52.801+0000] {processor.py:830} INFO - Processing file /home/airflow/.local/lib/python3.12/site-packages/airflow/example_dags/example_subdag_operator.py for tasks to queue
[2026-06-24T06:23:52.807+0000] {logging_mixin.py:188} INFO - [2026-06-24T06:23:52.806+0000] {dagbag.py:545} INFO - Filling up the DagBag from /home/airflow/.local/lib/python3.12/site-packages/airflow/example_dags/example_subdag_operator.py
[2026-06-24T06:23:52.844+0000] {processor.py:840} INFO - DAG(s) 'example_subdag_operator.section-1', 'example_subdag_operator.section-2', 'example_subdag_operator' retrieved from /home/airflow/.local/lib/python3.12/site-packages/airflow/example_dags/example_subdag_operator.py
[2026-06-24T06:23:52.869+0000] {logging_mixin.py:188} INFO - [2026-06-24T06:23:52.868+0000] {dag.py:3096} INFO - Sync 3 DAGs
[2026-06-24T06:23:52.905+0000] {logging_mixin.py:188} INFO - [2026-06-24T06:23:52.905+0000] {dag.py:3954} INFO - Setting next_dagrun for example_subdag_operator to 2022-01-01 00:00:00+00:00, run_after=2022-01-01 00:00:00+00:00
[2026-06-24T06:23:52.909+0000] {logging_mixin.py:188} INFO - [2026-06-24T06:23:52.909+0000] {dag.py:3954} INFO - Setting next_dagrun for example_subdag_operator.section-1 to None, run_after=None
[2026-06-24T06:23:52.910+0000] {logging_mixin.py:188} INFO - [2026-06-24T06:23:52.910+0000] {dag.py:3954} INFO - Setting next_dagrun for example_subdag_operator.section-2 to None, run_after=None
[2026-06-24T06:23:52.918+0000] {logging_mixin.py:188} INFO - [2026-06-24T06:23:52.918+0000] {dag.py:3096} INFO - Sync 2 DAGs
[2026-06-24T06:23:52.925+0000] {logging_mixin.py:188} INFO - [2026-06-24T06:23:52.924+0000] {dag.py:3954} INFO - Setting next_dagrun for example_subdag_operator.section-1 to None, run_after=None
[2026-06-24T06:23:52.925+0000] {logging_mixin.py:188} INFO - [2026-06-24T06:23:52.925+0000] {dag.py:3954} INFO - Setting next_dagrun for example_subdag_operator.section-2 to None, run_after=None
[2026-06-24T06:23:52.937+0000] {processor.py:183} INFO - Processing /home/airflow/.local/lib/python3.12/site-packages/airflow/example_dags/example_subdag_operator.py took 0.149 seconds
[2026-06-24T06:24:23.003+0000] {processor.py:161} INFO - Started process (PID=742) to work on /home/airflow/.local/lib/python3.12/site-packages/airflow/example_dags/example_subdag_operator.py
[2026-06-24T06:24:23.004+0000] {processor.py:830} INFO - Processing file /home/airflow/.local/lib/python3.12/site-packages/airflow/example_dags/example_subdag_operator.py for tasks to queue
[2026-06-24T06:24:23.006+0000] {logging_mixin.py:188} INFO - [2026-06-24T06:24:23.006+0000] {dagbag.py:545} INFO - Filling up the DagBag from /home/airflow/.local/lib/python3.12/site-packages/airflow/example_dags/example_subdag_operator.py
[2026-06-24T06:24:23.034+0000] {processor.py:840} INFO - DAG(s) 'example_subdag_operator.section-1', 'example_subdag_operator.section-2', 'example_subdag_operator' retrieved from /home/airflow/.local/lib/python3.12/site-packages/airflow/example_dags/example_subdag_operator.py
[2026-06-24T06:24:23.056+0000] {logging_mixin.py:188} INFO - [2026-06-24T06:24:23.056+0000] {dag.py:3096} INFO - Sync 3 DAGs
[2026-06-24T06:24:23.086+0000] {logging_mixin.py:188} INFO - [2026-06-24T06:24:23.086+0000] {dag.py:3954} INFO - Setting next_dagrun for example_subdag_operator to 2022-01-01 00:00:00+00:00, run_after=2022-01-01 00:00:00+00:00
[2026-06-24T06:24:23.091+0000] {logging_mixin.py:188} INFO - [2026-06-24T06:24:23.091+0000] {dag.py:3954} INFO - Setting next_dagrun for example_subdag_operator.section-1 to None, run_after=None
[2026-06-24T06:24:23.092+0000] {logging_mixin.py:188} INFO - [2026-06-24T06:24:23.092+0000] {dag.py:3954} INFO - Setting next_dagrun for example_subdag_operator.section-2 to None, run_after=None
[2026-06-24T06:24:23.100+0000] {logging_mixin.py:188} INFO - [2026-06-24T06:24:23.100+0000] {dag.py:3096} INFO - Sync 2 DAGs
[2026-06-24T06:24:23.106+0000] {logging_mixin.py:188} INFO - [2026-06-24T06:24:23.106+0000] {dag.py:3954} INFO - Setting next_dagrun for example_subdag_operator.section-1 to None, run_after=None
[2026-06-24T06:24:23.107+0000] {logging_mixin.py:188} INFO - [2026-06-24T06:24:23.107+0000] {dag.py:3954} INFO - Setting next_dagrun for example_subdag_operator.section-2 to None, run_after=None
[2026-06-24T06:24:23.120+0000] {processor.py:183} INFO - Processing /home/airflow/.local/lib/python3.12/site-packages/airflow/example_dags/example_subdag_operator.py took 0.124 seconds
[2026-06-24T06:24:53.235+0000] {processor.py:161} INFO - Started process (PID=800) to work on /home/airflow/.local/lib/python3.12/site-packages/airflow/example_dags/example_subdag_operator.py
[2026-06-24T06:24:53.236+0000] {processor.py:830} INFO - Processing file /home/airflow/.local/lib/python3.12/site-packages/airflow/example_dags/example_subdag_operator.py for tasks to queue
[2026-06-24T06:24:53.238+0000] {logging_mixin.py:188} INFO - [2026-06-24T06:24:53.238+0000] {dagbag.py:545} INFO - Filling up the DagBag from /home/airflow/.local/lib/python3.12/site-packages/airflow/example_dags/example_subdag_operator.py
[2026-06-24T06:24:53.267+0000] {processor.py:840} INFO - DAG(s) 'example_subdag_operator.section-1', 'example_subdag_operator.section-2', 'example_subdag_operator' retrieved from /home/airflow/.local/lib/python3.12/site-packages/airflow/example_dags/example_subdag_operator.py
[2026-06-24T06:24:53.292+0000] {logging_mixin.py:188} INFO - [2026-06-24T06:24:53.291+0000] {dag.py:3096} INFO - Sync 3 DAGs
[2026-06-24T06:24:53.320+0000] {logging_mixin.py:188} INFO - [2026-06-24T06:24:53.320+0000] {dag.py:3954} INFO - Setting next_dagrun for example_subdag_operator to 2022-01-01 00:00:00+00:00, run_after=2022-01-01 00:00:00+00:00
[2026-06-24T06:24:53.325+0000] {logging_mixin.py:188} INFO - [2026-06-24T06:24:53.325+0000] {dag.py:3954} INFO - Setting next_dagrun for example_subdag_operator.section-1 to None, run_after=None
[2026-06-24T06:24:53.326+0000] {logging_mixin.py:188} INFO - [2026-06-24T06:24:53.326+0000] {dag.py:3954} INFO - Setting next_dagrun for example_subdag_operator.section-2 to None, run_after=None
[2026-06-24T06:24:53.334+0000] {logging_mixin.py:188} INFO - [2026-06-24T06:24:53.334+0000] {dag.py:3096} INFO - Sync 2 DAGs
[2026-06-24T06:24:53.340+0000] {logging_mixin.py:188} INFO - [2026-06-24T06:24:53.340+0000] {dag.py:3954} INFO - Setting next_dagrun for example_subdag_operator.section-1 to None, run_after=None
[2026-06-24T06:24:53.341+0000] {logging_mixin.py:188} INFO - [2026-06-24T06:24:53.341+0000] {dag.py:3954} INFO - Setting next_dagrun for example_subdag_operator.section-2 to None, run_after=None
[2026-06-24T06:24:53.352+0000] {processor.py:183} INFO - Processing /home/airflow/.local/lib/python3.12/site-packages/airflow/example_dags/example_subdag_operator.py took 0.124 seconds
[2026-06-24T06:25:23.584+0000] {processor.py:161} INFO - Started process (PID=859) to work on /home/airflow/.local/lib/python3.12/site-packages/airflow/example_dags/example_subdag_operator.py
[2026-06-24T06:25:23.585+0000] {processor.py:830} INFO - Processing file /home/airflow/.local/lib/python3.12/site-packages/airflow/example_dags/example_subdag_operator.py for tasks to queue
[2026-06-24T06:25:23.587+0000] {logging_mixin.py:188} INFO - [2026-06-24T06:25:23.587+0000] {dagbag.py:545} INFO - Filling up the DagBag from /home/airflow/.local/lib/python3.12/site-packages/airflow/example_dags/example_subdag_operator.py
[2026-06-24T06:25:23.617+0000] {processor.py:840} INFO - DAG(s) 'example_subdag_operator.section-1', 'example_subdag_operator.section-2', 'example_subdag_operator' retrieved from /home/airflow/.local/lib/python3.12/site-packages/airflow/example_dags/example_subdag_operator.py
[2026-06-24T06:25:23.639+0000] {logging_mixin.py:188} INFO - [2026-06-24T06:25:23.639+0000] {dag.py:3096} INFO - Sync 3 DAGs
[2026-06-24T06:25:23.670+0000] {logging_mixin.py:188} INFO - [2026-06-24T06:25:23.670+0000] {dag.py:3954} INFO - Setting next_dagrun for example_subdag_operator to 2022-01-01 00:00:00+00:00, run_after=2022-01-01 00:00:00+00:00
[2026-06-24T06:25:23.675+0000] {logging_mixin.py:188} INFO - [2026-06-24T06:25:23.675+0000] {dag.py:3954} INFO - Setting next_dagrun for example_subdag_operator.section-1 to None, run_after=None
[2026-06-24T06:25:23.676+0000] {logging_mixin.py:188} INFO - [2026-06-24T06:25:23.676+0000] {dag.py:3954} INFO - Setting next_dagrun for example_subdag_operator.section-2 to None, run_after=None
[2026-06-24T06:25:23.685+0000] {logging_mixin.py:188} INFO - [2026-06-24T06:25:23.685+0000] {dag.py:3096} INFO - Sync 2 DAGs
[2026-06-24T06:25:23.693+0000] {logging_mixin.py:188} INFO - [2026-06-24T06:25:23.693+0000] {dag.py:3954} INFO - Setting next_dagrun for example_subdag_operator.section-1 to None, run_after=None
[2026-06-24T06:25:23.693+0000] {logging_mixin.py:188} INFO - [2026-06-24T06:25:23.693+0000] {dag.py:3954} INFO - Setting next_dagrun for example_subdag_operator.section-2 to None, run_after=None
[2026-06-24T06:25:23.718+0000] {processor.py:183} INFO - Processing /home/airflow/.local/lib/python3.12/site-packages/airflow/example_dags/example_subdag_operator.py took 0.140 seconds
[2026-06-24T06:25:54.124+0000] {processor.py:161} INFO - Started process (PID=918) to work on /home/airflow/.local/lib/python3.12/site-packages/airflow/example_dags/example_subdag_operator.py
[2026-06-24T06:25:54.125+0000] {processor.py:830} INFO - Processing file /home/airflow/.local/lib/python3.12/site-packages/airflow/example_dags/example_subdag_operator.py for tasks to queue
[2026-06-24T06:25:54.127+0000] {logging_mixin.py:188} INFO - [2026-06-24T06:25:54.127+0000] {dagbag.py:545} INFO - Filling up the DagBag from /home/airflow/.local/lib/python3.12/site-packages/airflow/example_dags/example_subdag_operator.py
[2026-06-24T06:25:54.156+0000] {processor.py:840} INFO - DAG(s) 'example_subdag_operator.section-1', 'example_subdag_operator.section-2', 'example_subdag_operator' retrieved from /home/airflow/.local/lib/python3.12/site-packages/airflow/example_dags/example_subdag_operator.py
[2026-06-24T06:25:54.178+0000] {logging_mixin.py:188} INFO - [2026-06-24T06:25:54.178+0000] {dag.py:3096} INFO - Sync 3 DAGs
[2026-06-24T06:25:54.212+0000] {logging_mixin.py:188} INFO - [2026-06-24T06:25:54.212+0000] {dag.py:3954} INFO - Setting next_dagrun for example_subdag_operator to 2022-01-01 00:00:00+00:00, run_after=2022-01-01 00:00:00+00:00
[2026-06-24T06:25:54.219+0000] {logging_mixin.py:188} INFO - [2026-06-24T06:25:54.219+0000] {dag.py:3954} INFO - Setting next_dagrun for example_subdag_operator.section-1 to None, run_after=None
[2026-06-24T06:25:54.225+0000] {logging_mixin.py:188} INFO - [2026-06-24T06:25:54.225+0000] {dag.py:3954} INFO - Setting next_dagrun for example_subdag_operator.section-2 to None, run_after=None
[2026-06-24T06:25:54.247+0000] {logging_mixin.py:188} INFO - [2026-06-24T06:25:54.247+0000] {dag.py:3096} INFO - Sync 2 DAGs
[2026-06-24T06:25:54.253+0000] {logging_mixin.py:188} INFO - [2026-06-24T06:25:54.253+0000] {dag.py:3954} INFO - Setting next_dagrun for example_subdag_operator.section-1 to None, run_after=None
[2026-06-24T06:25:54.254+0000] {logging_mixin.py:188} INFO - [2026-06-24T06:25:54.254+0000] {dag.py:3954} INFO - Setting next_dagrun for example_subdag_operator.section-2 to None, run_after=None
[2026-06-24T06:25:54.266+0000] {processor.py:183} INFO - Processing /home/airflow/.local/lib/python3.12/site-packages/airflow/example_dags/example_subdag_operator.py took 0.148 seconds
[2026-06-24T06:26:24.893+0000] {processor.py:161} INFO - Started process (PID=977) to work on /home/airflow/.local/lib/python3.12/site-packages/airflow/example_dags/example_subdag_operator.py
[2026-06-24T06:26:24.894+0000] {processor.py:830} INFO - Processing file /home/airflow/.local/lib/python3.12/site-packages/airflow/example_dags/example_subdag_operator.py for tasks to queue
[2026-06-24T06:26:24.896+0000] {logging_mixin.py:188} INFO - [2026-06-24T06:26:24.896+0000] {dagbag.py:545} INFO - Filling up the DagBag from /home/airflow/.local/lib/python3.12/site-packages/airflow/example_dags/example_subdag_operator.py
[2026-06-24T06:26:24.928+0000] {processor.py:840} INFO - DAG(s) 'example_subdag_operator.section-1', 'example_subdag_operator.section-2', 'example_subdag_operator' retrieved from /home/airflow/.local/lib/python3.12/site-packages/airflow/example_dags/example_subdag_operator.py
[2026-06-24T06:26:24.950+0000] {logging_mixin.py:188} INFO - [2026-06-24T06:26:24.950+0000] {dag.py:3096} INFO - Sync 3 DAGs
[2026-06-24T06:26:24.980+0000] {logging_mixin.py:188} INFO - [2026-06-24T06:26:24.979+0000] {dag.py:3954} INFO - Setting next_dagrun for example_subdag_operator to 2022-01-01 00:00:00+00:00, run_after=2022-01-01 00:00:00+00:00
[2026-06-24T06:26:24.985+0000] {logging_mixin.py:188} INFO - [2026-06-24T06:26:24.985+0000] {dag.py:3954} INFO - Setting next_dagrun for example_subdag_operator.section-1 to None, run_after=None
[2026-06-24T06:26:24.986+0000] {logging_mixin.py:188} INFO - [2026-06-24T06:26:24.986+0000] {dag.py:3954} INFO - Setting next_dagrun for example_subdag_operator.section-2 to None, run_after=None
[2026-06-24T06:26:24.996+0000] {logging_mixin.py:188} INFO - [2026-06-24T06:26:24.996+0000] {dag.py:3096} INFO - Sync 2 DAGs
[2026-06-24T06:26:25.002+0000] {logging_mixin.py:188} INFO - [2026-06-24T06:26:25.002+0000] {dag.py:3954} INFO - Setting next_dagrun for example_subdag_operator.section-1 to None, run_after=None
[2026-06-24T06:26:25.003+0000] {logging_mixin.py:188} INFO - [2026-06-24T06:26:25.002+0000] {dag.py:3954} INFO - Setting next_dagrun for example_subdag_operator.section-2 to None, run_after=None
[2026-06-24T06:26:25.014+0000] {processor.py:183} INFO - Processing /home/airflow/.local/lib/python3.12/site-packages/airflow/example_dags/example_subdag_operator.py took 0.128 seconds
[2026-06-24T06:26:55.653+0000] {processor.py:161} INFO - Started process (PID=1036) to work on /home/airflow/.local/lib/python3.12/site-packages/airflow/example_dags/example_subdag_operator.py
[2026-06-24T06:26:55.656+0000] {processor.py:830} INFO - Processing file /home/airflow/.local/lib/python3.12/site-packages/airflow/example_dags/example_subdag_operator.py for tasks to queue
[2026-06-24T06:26:55.660+0000] {logging_mixin.py:188} INFO - [2026-06-24T06:26:55.660+0000] {dagbag.py:545} INFO - Filling up the DagBag from /home/airflow/.local/lib/python3.12/site-packages/airflow/example_dags/example_subdag_operator.py
[2026-06-24T06:26:55.763+0000] {processor.py:840} INFO - DAG(s) 'example_subdag_operator.section-1', 'example_subdag_operator.section-2', 'example_subdag_operator' retrieved from /home/airflow/.local/lib/python3.12/site-packages/airflow/example_dags/example_subdag_operator.py
[2026-06-24T06:26:55.841+0000] {logging_mixin.py:188} INFO - [2026-06-24T06:26:55.841+0000] {dag.py:3096} INFO - Sync 3 DAGs
[2026-06-24T06:26:55.902+0000] {logging_mixin.py:188} INFO - [2026-06-24T06:26:55.902+0000] {dag.py:3954} INFO - Setting next_dagrun for example_subdag_operator to 2022-01-01 00:00:00+00:00, run_after=2022-01-01 00:00:00+00:00
[2026-06-24T06:26:55.912+0000] {logging_mixin.py:188} INFO - [2026-06-24T06:26:55.912+0000] {dag.py:3954} INFO - Setting next_dagrun for example_subdag_operator.section-1 to None, run_after=None
[2026-06-24T06:26:55.915+0000] {logging_mixin.py:188} INFO - [2026-06-24T06:26:55.915+0000] {dag.py:3954} INFO - Setting next_dagrun for example_subdag_operator.section-2 to None, run_after=None
[2026-06-24T06:26:55.932+0000] {logging_mixin.py:188} INFO - [2026-06-24T06:26:55.932+0000] {dag.py:3096} INFO - Sync 2 DAGs
[2026-06-24T06:26:55.944+0000] {logging_mixin.py:188} INFO - [2026-06-24T06:26:55.944+0000] {dag.py:3954} INFO - Setting next_dagrun for example_subdag_operator.section-1 to None, run_after=None
[2026-06-24T06:26:55.945+0000] {logging_mixin.py:188} INFO - [2026-06-24T06:26:55.945+0000] {dag.py:3954} INFO - Setting next_dagrun for example_subdag_operator.section-2 to None, run_after=None
[2026-06-24T06:26:55.957+0000] {processor.py:183} INFO - Processing /home/airflow/.local/lib/python3.12/site-packages/airflow/example_dags/example_subdag_operator.py took 0.324 seconds
[2026-06-24T06:27:26.101+0000] {processor.py:161} INFO - Started process (PID=1095) to work on /home/airflow/.local/lib/python3.12/site-packages/airflow/example_dags/example_subdag_operator.py
[2026-06-24T06:27:26.102+0000] {processor.py:830} INFO - Processing file /home/airflow/.local/lib/python3.12/site-packages/airflow/example_dags/example_subdag_operator.py for tasks to queue
[2026-06-24T06:27:26.106+0000] {logging_mixin.py:188} INFO - [2026-06-24T06:27:26.105+0000] {dagbag.py:545} INFO - Filling up the DagBag from /home/airflow/.local/lib/python3.12/site-packages/airflow/example_dags/example_subdag_operator.py
[2026-06-24T06:27:26.138+0000] {processor.py:840} INFO - DAG(s) 'example_subdag_operator.section-1', 'example_subdag_operator.section-2', 'example_subdag_operator' retrieved from /home/airflow/.local/lib/python3.12/site-packages/airflow/example_dags/example_subdag_operator.py
[2026-06-24T06:27:26.160+0000] {logging_mixin.py:188} INFO - [2026-06-24T06:27:26.159+0000] {dag.py:3096} INFO - Sync 3 DAGs
[2026-06-24T06:27:26.203+0000] {logging_mixin.py:188} INFO - [2026-06-24T06:27:26.202+0000] {dag.py:3954} INFO - Setting next_dagrun for example_subdag_operator to 2022-01-01 00:00:00+00:00, run_after=2022-01-01 00:00:00+00:00
[2026-06-24T06:27:26.210+0000] {logging_mixin.py:188} INFO - [2026-06-24T06:27:26.209+0000] {dag.py:3954} INFO - Setting next_dagrun for example_subdag_operator.section-1 to None, run_after=None
[2026-06-24T06:27:26.211+0000] {logging_mixin.py:188} INFO - [2026-06-24T06:27:26.211+0000] {dag.py:3954} INFO - Setting next_dagrun for example_subdag_operator.section-2 to None, run_after=None
[2026-06-24T06:27:26.223+0000] {logging_mixin.py:188} INFO - [2026-06-24T06:27:26.223+0000] {dag.py:3096} INFO - Sync 2 DAGs
[2026-06-24T06:27:26.238+0000] {logging_mixin.py:188} INFO - [2026-06-24T06:27:26.238+0000] {dag.py:3954} INFO - Setting next_dagrun for example_subdag_operator.section-1 to None, run_after=None
[2026-06-24T06:27:26.239+0000] {logging_mixin.py:188} INFO - [2026-06-24T06:27:26.239+0000] {dag.py:3954} INFO - Setting next_dagrun for example_subdag_operator.section-2 to None, run_after=None
[2026-06-24T06:27:26.256+0000] {processor.py:183} INFO - Processing /home/airflow/.local/lib/python3.12/site-packages/airflow/example_dags/example_subdag_operator.py took 0.173 seconds
[2026-06-24T06:27:56.626+0000] {processor.py:161} INFO - Started process (PID=1154) to work on /home/airflow/.local/lib/python3.12/site-packages/airflow/example_dags/example_subdag_operator.py
[2026-06-24T06:27:56.627+0000] {processor.py:830} INFO - Processing file /home/airflow/.local/lib/python3.12/site-packages/airflow/example_dags/example_subdag_operator.py for tasks to queue
[2026-06-24T06:27:56.629+0000] {logging_mixin.py:188} INFO - [2026-06-24T06:27:56.629+0000] {dagbag.py:545} INFO - Filling up the DagBag from /home/airflow/.local/lib/python3.12/site-packages/airflow/example_dags/example_subdag_operator.py
[2026-06-24T06:27:56.660+0000] {processor.py:840} INFO - DAG(s) 'example_subdag_operator.section-1', 'example_subdag_operator.section-2', 'example_subdag_operator' retrieved from /home/airflow/.local/lib/python3.12/site-packages/airflow/example_dags/example_subdag_operator.py
[2026-06-24T06:27:56.682+0000] {logging_mixin.py:188} INFO - [2026-06-24T06:27:56.681+0000] {dag.py:3096} INFO - Sync 3 DAGs
[2026-06-24T06:27:56.712+0000] {logging_mixin.py:188} INFO - [2026-06-24T06:27:56.712+0000] {dag.py:3954} INFO - Setting next_dagrun for example_subdag_operator to 2022-01-01 00:00:00+00:00, run_after=2022-01-01 00:00:00+00:00
[2026-06-24T06:27:56.717+0000] {logging_mixin.py:188} INFO - [2026-06-24T06:27:56.717+0000] {dag.py:3954} INFO - Setting next_dagrun for example_subdag_operator.section-1 to None, run_after=None
[2026-06-24T06:27:56.718+0000] {logging_mixin.py:188} INFO - [2026-06-24T06:27:56.718+0000] {dag.py:3954} INFO - Setting next_dagrun for example_subdag_operator.section-2 to None, run_after=None
[2026-06-24T06:27:56.727+0000] {logging_mixin.py:188} INFO - [2026-06-24T06:27:56.727+0000] {dag.py:3096} INFO - Sync 2 DAGs
[2026-06-24T06:27:56.734+0000] {logging_mixin.py:188} INFO - [2026-06-24T06:27:56.733+0000] {dag.py:3954} INFO - Setting next_dagrun for example_subdag_operator.section-1 to None, run_after=None
[2026-06-24T06:27:56.734+0000] {logging_mixin.py:188} INFO - [2026-06-24T06:27:56.734+0000] {dag.py:3954} INFO - Setting next_dagrun for example_subdag_operator.section-2 to None, run_after=None
[2026-06-24T06:27:56.745+0000] {processor.py:183} INFO - Processing /home/airflow/.local/lib/python3.12/site-packages/airflow/example_dags/example_subdag_operator.py took 0.126 seconds
[2026-06-24T06:28:27.334+0000] {processor.py:161} INFO - Started process (PID=1213) to work on /home/airflow/.local/lib/python3.12/site-packages/airflow/example_dags/example_subdag_operator.py
[2026-06-24T06:28:27.335+0000] {processor.py:830} INFO - Processing file /home/airflow/.local/lib/python3.12/site-packages/airflow/example_dags/example_subdag_operator.py for tasks to queue
[2026-06-24T06:28:27.337+0000] {logging_mixin.py:188} INFO - [2026-06-24T06:28:27.337+0000] {dagbag.py:545} INFO - Filling up the DagBag from /home/airflow/.local/lib/python3.12/site-packages/airflow/example_dags/example_subdag_operator.py
[2026-06-24T06:28:27.367+0000] {processor.py:840} INFO - DAG(s) 'example_subdag_operator.section-1', 'example_subdag_operator.section-2', 'example_subdag_operator' retrieved from /home/airflow/.local/lib/python3.12/site-packages/airflow/example_dags/example_subdag_operator.py
[2026-06-24T06:28:27.387+0000] {logging_mixin.py:188} INFO - [2026-06-24T06:28:27.387+0000] {dag.py:3096} INFO - Sync 3 DAGs
[2026-06-24T06:28:27.413+0000] {logging_mixin.py:188} INFO - [2026-06-24T06:28:27.413+0000] {dag.py:3954} INFO - Setting next_dagrun for example_subdag_operator to 2022-01-01 00:00:00+00:00, run_after=2022-01-01 00:00:00+00:00
[2026-06-24T06:28:27.418+0000] {logging_mixin.py:188} INFO - [2026-06-24T06:28:27.418+0000] {dag.py:3954} INFO - Setting next_dagrun for example_subdag_operator.section-1 to None, run_after=None
[2026-06-24T06:28:27.420+0000] {logging_mixin.py:188} INFO - [2026-06-24T06:28:27.420+0000] {dag.py:3954} INFO - Setting next_dagrun for example_subdag_operator.section-2 to None, run_after=None
[2026-06-24T06:28:27.428+0000] {logging_mixin.py:188} INFO - [2026-06-24T06:28:27.428+0000] {dag.py:3096} INFO - Sync 2 DAGs
[2026-06-24T06:28:27.434+0000] {logging_mixin.py:188} INFO - [2026-06-24T06:28:27.434+0000] {dag.py:3954} INFO - Setting next_dagrun for example_subdag_operator.section-1 to None, run_after=None
[2026-06-24T06:28:27.435+0000] {logging_mixin.py:188} INFO - [2026-06-24T06:28:27.435+0000] {dag.py:3954} INFO - Setting next_dagrun for example_subdag_operator.section-2 to None, run_after=None
[2026-06-24T06:28:27.445+0000] {processor.py:183} INFO - Processing /home/airflow/.local/lib/python3.12/site-packages/airflow/example_dags/example_subdag_operator.py took 0.118 seconds
[2026-06-24T06:28:57.849+0000] {processor.py:161} INFO - Started process (PID=1272) to work on /home/airflow/.local/lib/python3.12/site-packages/airflow/example_dags/example_subdag_operator.py
[2026-06-24T06:28:57.850+0000] {processor.py:830} INFO - Processing file /home/airflow/.local/lib/python3.12/site-packages/airflow/example_dags/example_subdag_operator.py for tasks to queue
[2026-06-24T06:28:57.852+0000] {logging_mixin.py:188} INFO - [2026-06-24T06:28:57.852+0000] {dagbag.py:545} INFO - Filling up the DagBag from /home/airflow/.local/lib/python3.12/site-packages/airflow/example_dags/example_subdag_operator.py
[2026-06-24T06:28:57.882+0000] {processor.py:840} INFO - DAG(s) 'example_subdag_operator.section-1', 'example_subdag_operator.section-2', 'example_subdag_operator' retrieved from /home/airflow/.local/lib/python3.12/site-packages/airflow/example_dags/example_subdag_operator.py
[2026-06-24T06:28:57.902+0000] {logging_mixin.py:188} INFO - [2026-06-24T06:28:57.902+0000] {dag.py:3096} INFO - Sync 3 DAGs
[2026-06-24T06:28:57.936+0000] {logging_mixin.py:188} INFO - [2026-06-24T06:28:57.935+0000] {dag.py:3954} INFO - Setting next_dagrun for example_subdag_operator to 2022-01-01 00:00:00+00:00, run_after=2022-01-01 00:00:00+00:00
[2026-06-24T06:28:57.940+0000] {logging_mixin.py:188} INFO - [2026-06-24T06:28:57.940+0000] {dag.py:3954} INFO - Setting next_dagrun for example_subdag_operator.section-1 to None, run_after=None
[2026-06-24T06:28:57.941+0000] {logging_mixin.py:188} INFO - [2026-06-24T06:28:57.941+0000] {dag.py:3954} INFO - Setting next_dagrun for example_subdag_operator.section-2 to None, run_after=None
[2026-06-24T06:28:57.950+0000] {logging_mixin.py:188} INFO - [2026-06-24T06:28:57.950+0000] {dag.py:3096} INFO - Sync 2 DAGs
[2026-06-24T06:28:57.955+0000] {logging_mixin.py:188} INFO - [2026-06-24T06:28:57.955+0000] {dag.py:3954} INFO - Setting next_dagrun for example_subdag_operator.section-1 to None, run_after=None
[2026-06-24T06:28:57.956+0000] {logging_mixin.py:188} INFO - [2026-06-24T06:28:57.956+0000] {dag.py:3954} INFO - Setting next_dagrun for example_subdag_operator.section-2 to None, run_after=None
[2026-06-24T06:28:57.966+0000] {processor.py:183} INFO - Processing /home/airflow/.local/lib/python3.12/site-packages/airflow/example_dags/example_subdag_operator.py took 0.124 seconds
[2026-06-24T06:29:28.147+0000] {processor.py:161} INFO - Started process (PID=1331) to work on /home/airflow/.local/lib/python3.12/site-packages/airflow/example_dags/example_subdag_operator.py
[2026-06-24T06:29:28.150+0000] {processor.py:830} INFO - Processing file /home/airflow/.local/lib/python3.12/site-packages/airflow/example_dags/example_subdag_operator.py for tasks to queue
[2026-06-24T06:29:28.152+0000] {logging_mixin.py:188} INFO - [2026-06-24T06:29:28.151+0000] {dagbag.py:545} INFO - Filling up the DagBag from /home/airflow/.local/lib/python3.12/site-packages/airflow/example_dags/example_subdag_operator.py
[2026-06-24T06:29:28.183+0000] {processor.py:840} INFO - DAG(s) 'example_subdag_operator.section-1', 'example_subdag_operator.section-2', 'example_subdag_operator' retrieved from /home/airflow/.local/lib/python3.12/site-packages/airflow/example_dags/example_subdag_operator.py
[2026-06-24T06:29:28.204+0000] {logging_mixin.py:188} INFO - [2026-06-24T06:29:28.204+0000] {dag.py:3096} INFO - Sync 3 DAGs
[2026-06-24T06:29:28.235+0000] {logging_mixin.py:188} INFO - [2026-06-24T06:29:28.235+0000] {dag.py:3954} INFO - Setting next_dagrun for example_subdag_operator to 2022-01-01 00:00:00+00:00, run_after=2022-01-01 00:00:00+00:00
[2026-06-24T06:29:28.239+0000] {logging_mixin.py:188} INFO - [2026-06-24T06:29:28.239+0000] {dag.py:3954} INFO - Setting next_dagrun for example_subdag_operator.section-1 to None, run_after=None
[2026-06-24T06:29:28.241+0000] {logging_mixin.py:188} INFO - [2026-06-24T06:29:28.241+0000] {dag.py:3954} INFO - Setting next_dagrun for example_subdag_operator.section-2 to None, run_after=None
[2026-06-24T06:29:28.248+0000] {logging_mixin.py:188} INFO - [2026-06-24T06:29:28.248+0000] {dag.py:3096} INFO - Sync 2 DAGs
[2026-06-24T06:29:28.254+0000] {logging_mixin.py:188} INFO - [2026-06-24T06:29:28.254+0000] {dag.py:3954} INFO - Setting next_dagrun for example_subdag_operator.section-1 to None, run_after=None
[2026-06-24T06:29:28.255+0000] {logging_mixin.py:188} INFO - [2026-06-24T06:29:28.254+0000] {dag.py:3954} INFO - Setting next_dagrun for example_subdag_operator.section-2 to None, run_after=None
[2026-06-24T06:29:28.265+0000] {processor.py:183} INFO - Processing /home/airflow/.local/lib/python3.12/site-packages/airflow/example_dags/example_subdag_operator.py took 0.125 seconds
[2026-06-24T06:29:58.450+0000] {processor.py:161} INFO - Started process (PID=1390) to work on /home/airflow/.local/lib/python3.12/site-packages/airflow/example_dags/example_subdag_operator.py
[2026-06-24T06:29:58.451+0000] {processor.py:830} INFO - Processing file /home/airflow/.local/lib/python3.12/site-packages/airflow/example_dags/example_subdag_operator.py for tasks to queue
[2026-06-24T06:29:58.453+0000] {logging_mixin.py:188} INFO - [2026-06-24T06:29:58.453+0000] {dagbag.py:545} INFO - Filling up the DagBag from /home/airflow/.local/lib/python3.12/site-packages/airflow/example_dags/example_subdag_operator.py
[2026-06-24T06:29:58.527+0000] {processor.py:840} INFO - DAG(s) 'example_subdag_operator.section-1', 'example_subdag_operator.section-2', 'example_subdag_operator' retrieved from /home/airflow/.local/lib/python3.12/site-packages/airflow/example_dags/example_subdag_operator.py
[2026-06-24T06:29:58.564+0000] {logging_mixin.py:188} INFO - [2026-06-24T06:29:58.563+0000] {dag.py:3096} INFO - Sync 3 DAGs
[2026-06-24T06:29:58.608+0000] {logging_mixin.py:188} INFO - [2026-06-24T06:29:58.608+0000] {dag.py:3954} INFO - Setting next_dagrun for example_subdag_operator to 2022-01-01 00:00:00+00:00, run_after=2022-01-01 00:00:00+00:00
[2026-06-24T06:29:58.613+0000] {logging_mixin.py:188} INFO - [2026-06-24T06:29:58.613+0000] {dag.py:3954} INFO - Setting next_dagrun for example_subdag_operator.section-1 to None, run_after=None
[2026-06-24T06:29:58.614+0000] {logging_mixin.py:188} INFO - [2026-06-24T06:29:58.614+0000] {dag.py:3954} INFO - Setting next_dagrun for example_subdag_operator.section-2 to None, run_after=None
[2026-06-24T06:29:58.623+0000] {logging_mixin.py:188} INFO - [2026-06-24T06:29:58.622+0000] {dag.py:3096} INFO - Sync 2 DAGs
[2026-06-24T06:29:58.628+0000] {logging_mixin.py:188} INFO - [2026-06-24T06:29:58.628+0000] {dag.py:3954} INFO - Setting next_dagrun for example_subdag_operator.section-1 to None, run_after=None
[2026-06-24T06:29:58.629+0000] {logging_mixin.py:188} INFO - [2026-06-24T06:29:58.629+0000] {dag.py:3954} INFO - Setting next_dagrun for example_subdag_operator.section-2 to None, run_after=None
[2026-06-24T06:29:58.644+0000] {processor.py:183} INFO - Processing /home/airflow/.local/lib/python3.12/site-packages/airflow/example_dags/example_subdag_operator.py took 0.203 seconds
[2026-06-24T06:30:28.871+0000] {processor.py:161} INFO - Started process (PID=1449) to work on /home/airflow/.local/lib/python3.12/site-packages/airflow/example_dags/example_subdag_operator.py
[2026-06-24T06:30:28.872+0000] {processor.py:830} INFO - Processing file /home/airflow/.local/lib/python3.12/site-packages/airflow/example_dags/example_subdag_operator.py for tasks to queue
[2026-06-24T06:30:28.874+0000] {logging_mixin.py:188} INFO - [2026-06-24T06:30:28.874+0000] {dagbag.py:545} INFO - Filling up the DagBag from /home/airflow/.local/lib/python3.12/site-packages/airflow/example_dags/example_subdag_operator.py
[2026-06-24T06:30:28.905+0000] {processor.py:840} INFO - DAG(s) 'example_subdag_operator.section-1', 'example_subdag_operator.section-2', 'example_subdag_operator' retrieved from /home/airflow/.local/lib/python3.12/site-packages/airflow/example_dags/example_subdag_operator.py
[2026-06-24T06:30:28.926+0000] {logging_mixin.py:188} INFO - [2026-06-24T06:30:28.926+0000] {dag.py:3096} INFO - Sync 3 DAGs
[2026-06-24T06:30:28.959+0000] {logging_mixin.py:188} INFO - [2026-06-24T06:30:28.959+0000] {dag.py:3954} INFO - Setting next_dagrun for example_subdag_operator to 2022-01-01 00:00:00+00:00, run_after=2022-01-01 00:00:00+00:00
[2026-06-24T06:30:28.963+0000] {logging_mixin.py:188} INFO - [2026-06-24T06:30:28.963+0000] {dag.py:3954} INFO - Setting next_dagrun for example_subdag_operator.section-1 to None, run_after=None
[2026-06-24T06:30:28.965+0000] {logging_mixin.py:188} INFO - [2026-06-24T06:30:28.965+0000] {dag.py:3954} INFO - Setting next_dagrun for example_subdag_operator.section-2 to None, run_after=None
[2026-06-24T06:30:28.975+0000] {logging_mixin.py:188} INFO - [2026-06-24T06:30:28.975+0000] {dag.py:3096} INFO - Sync 2 DAGs
[2026-06-24T06:30:28.981+0000] {logging_mixin.py:188} INFO - [2026-06-24T06:30:28.981+0000] {dag.py:3954} INFO - Setting next_dagrun for example_subdag_operator.section-1 to None, run_after=None
[2026-06-24T06:30:28.981+0000] {logging_mixin.py:188} INFO - [2026-06-24T06:30:28.981+0000] {dag.py:3954} INFO - Setting next_dagrun for example_subdag_operator.section-2 to None, run_after=None
[2026-06-24T06:30:28.992+0000] {processor.py:183} INFO - Processing /home/airflow/.local/lib/python3.12/site-packages/airflow/example_dags/example_subdag_operator.py took 0.128 seconds
[2026-06-24T06:30:59.674+0000] {processor.py:161} INFO - Started process (PID=1508) to work on /home/airflow/.local/lib/python3.12/site-packages/airflow/example_dags/example_subdag_operator.py
[2026-06-24T06:30:59.678+0000] {processor.py:830} INFO - Processing file /home/airflow/.local/lib/python3.12/site-packages/airflow/example_dags/example_subdag_operator.py for tasks to queue
[2026-06-24T06:30:59.681+0000] {logging_mixin.py:188} INFO - [2026-06-24T06:30:59.681+0000] {dagbag.py:545} INFO - Filling up the DagBag from /home/airflow/.local/lib/python3.12/site-packages/airflow/example_dags/example_subdag_operator.py
[2026-06-24T06:30:59.722+0000] {processor.py:840} INFO - DAG(s) 'example_subdag_operator.section-1', 'example_subdag_operator.section-2', 'example_subdag_operator' retrieved from /home/airflow/.local/lib/python3.12/site-packages/airflow/example_dags/example_subdag_operator.py
[2026-06-24T06:30:59.743+0000] {logging_mixin.py:188} INFO - [2026-06-24T06:30:59.743+0000] {dag.py:3096} INFO - Sync 3 DAGs
[2026-06-24T06:30:59.773+0000] {logging_mixin.py:188} INFO - [2026-06-24T06:30:59.773+0000] {dag.py:3954} INFO - Setting next_dagrun for example_subdag_operator to 2022-01-01 00:00:00+00:00, run_after=2022-01-01 00:00:00+00:00
[2026-06-24T06:30:59.777+0000] {logging_mixin.py:188} INFO - [2026-06-24T06:30:59.777+0000] {dag.py:3954} INFO - Setting next_dagrun for example_subdag_operator.section-1 to None, run_after=None
[2026-06-24T06:30:59.779+0000] {logging_mixin.py:188} INFO - [2026-06-24T06:30:59.779+0000] {dag.py:3954} INFO - Setting next_dagrun for example_subdag_operator.section-2 to None, run_after=None
[2026-06-24T06:30:59.787+0000] {logging_mixin.py:188} INFO - [2026-06-24T06:30:59.787+0000] {dag.py:3096} INFO - Sync 2 DAGs
[2026-06-24T06:30:59.793+0000] {logging_mixin.py:188} INFO - [2026-06-24T06:30:59.793+0000] {dag.py:3954} INFO - Setting next_dagrun for example_subdag_operator.section-1 to None, run_after=None
[2026-06-24T06:30:59.793+0000] {logging_mixin.py:188} INFO - [2026-06-24T06:30:59.793+0000] {dag.py:3954} INFO - Setting next_dagrun for example_subdag_operator.section-2 to None, run_after=None
[2026-06-24T06:30:59.805+0000] {processor.py:183} INFO - Processing /home/airflow/.local/lib/python3.12/site-packages/airflow/example_dags/example_subdag_operator.py took 0.138 seconds
[2026-06-24T06:31:30.491+0000] {processor.py:161} INFO - Started process (PID=1567) to work on /home/airflow/.local/lib/python3.12/site-packages/airflow/example_dags/example_subdag_operator.py
[2026-06-24T06:31:30.500+0000] {processor.py:830} INFO - Processing file /home/airflow/.local/lib/python3.12/site-packages/airflow/example_dags/example_subdag_operator.py for tasks to queue
[2026-06-24T06:31:30.507+0000] {logging_mixin.py:188} INFO - [2026-06-24T06:31:30.506+0000] {dagbag.py:545} INFO - Filling up the DagBag from /home/airflow/.local/lib/python3.12/site-packages/airflow/example_dags/example_subdag_operator.py
[2026-06-24T06:31:30.666+0000] {processor.py:840} INFO - DAG(s) 'example_subdag_operator.section-1', 'example_subdag_operator.section-2', 'example_subdag_operator' retrieved from /home/airflow/.local/lib/python3.12/site-packages/airflow/example_dags/example_subdag_operator.py
[2026-06-24T06:31:30.771+0000] {logging_mixin.py:188} INFO - [2026-06-24T06:31:30.771+0000] {dag.py:3096} INFO - Sync 3 DAGs
[2026-06-24T06:31:30.841+0000] {logging_mixin.py:188} INFO - [2026-06-24T06:31:30.841+0000] {dag.py:3954} INFO - Setting next_dagrun for example_subdag_operator to 2022-01-01 00:00:00+00:00, run_after=2022-01-01 00:00:00+00:00
[2026-06-24T06:31:30.856+0000] {logging_mixin.py:188} INFO - [2026-06-24T06:31:30.856+0000] {dag.py:3954} INFO - Setting next_dagrun for example_subdag_operator.section-1 to None, run_after=None
[2026-06-24T06:31:30.862+0000] {logging_mixin.py:188} INFO - [2026-06-24T06:31:30.862+0000] {dag.py:3954} INFO - Setting next_dagrun for example_subdag_operator.section-2 to None, run_after=None
[2026-06-24T06:31:30.888+0000] {logging_mixin.py:188} INFO - [2026-06-24T06:31:30.888+0000] {dag.py:3096} INFO - Sync 2 DAGs
[2026-06-24T06:31:30.903+0000] {logging_mixin.py:188} INFO - [2026-06-24T06:31:30.903+0000] {dag.py:3954} INFO - Setting next_dagrun for example_subdag_operator.section-1 to None, run_after=None
[2026-06-24T06:31:30.906+0000] {logging_mixin.py:188} INFO - [2026-06-24T06:31:30.906+0000] {dag.py:3954} INFO - Setting next_dagrun for example_subdag_operator.section-2 to None, run_after=None
[2026-06-24T06:31:30.946+0000] {processor.py:183} INFO - Processing /home/airflow/.local/lib/python3.12/site-packages/airflow/example_dags/example_subdag_operator.py took 0.510 seconds
[2026-06-24T06:32:01.186+0000] {processor.py:161} INFO - Started process (PID=1626) to work on /home/airflow/.local/lib/python3.12/site-packages/airflow/example_dags/example_subdag_operator.py
[2026-06-24T06:32:01.187+0000] {processor.py:830} INFO - Processing file /home/airflow/.local/lib/python3.12/site-packages/airflow/example_dags/example_subdag_operator.py for tasks to queue
[2026-06-24T06:32:01.191+0000] {logging_mixin.py:188} INFO - [2026-06-24T06:32:01.190+0000] {dagbag.py:545} INFO - Filling up the DagBag from /home/airflow/.local/lib/python3.12/site-packages/airflow/example_dags/example_subdag_operator.py
[2026-06-24T06:32:01.228+0000] {processor.py:840} INFO - DAG(s) 'example_subdag_operator.section-1', 'example_subdag_operator.section-2', 'example_subdag_operator' retrieved from /home/airflow/.local/lib/python3.12/site-packages/airflow/example_dags/example_subdag_operator.py
[2026-06-24T06:32:01.258+0000] {logging_mixin.py:188} INFO - [2026-06-24T06:32:01.258+0000] {dag.py:3096} INFO - Sync 3 DAGs
[2026-06-24T06:32:01.336+0000] {logging_mixin.py:188} INFO - [2026-06-24T06:32:01.335+0000] {dag.py:3954} INFO - Setting next_dagrun for example_subdag_operator to 2022-01-01 00:00:00+00:00, run_after=2022-01-01 00:00:00+00:00
[2026-06-24T06:32:01.355+0000] {logging_mixin.py:188} INFO - [2026-06-24T06:32:01.355+0000] {dag.py:3954} INFO - Setting next_dagrun for example_subdag_operator.section-1 to None, run_after=None
[2026-06-24T06:32:01.359+0000] {logging_mixin.py:188} INFO - [2026-06-24T06:32:01.359+0000] {dag.py:3954} INFO - Setting next_dagrun for example_subdag_operator.section-2 to None, run_after=None
[2026-06-24T06:32:01.385+0000] {logging_mixin.py:188} INFO - [2026-06-24T06:32:01.384+0000] {dag.py:3096} INFO - Sync 2 DAGs
[2026-06-24T06:32:01.412+0000] {logging_mixin.py:188} INFO - [2026-06-24T06:32:01.411+0000] {dag.py:3954} INFO - Setting next_dagrun for example_subdag_operator.section-1 to None, run_after=None
[2026-06-24T06:32:01.417+0000] {logging_mixin.py:188} INFO - [2026-06-24T06:32:01.416+0000] {dag.py:3954} INFO - Setting next_dagrun for example_subdag_operator.section-2 to None, run_after=None
[2026-06-24T06:32:01.456+0000] {processor.py:183} INFO - Processing /home/airflow/.local/lib/python3.12/site-packages/airflow/example_dags/example_subdag_operator.py took 0.305 seconds
[2026-06-24T06:32:31.859+0000] {processor.py:161} INFO - Started process (PID=1685) to work on /home/airflow/.local/lib/python3.12/site-packages/airflow/example_dags/example_subdag_operator.py
[2026-06-24T06:32:31.861+0000] {processor.py:830} INFO - Processing file /home/airflow/.local/lib/python3.12/site-packages/airflow/example_dags/example_subdag_operator.py for tasks to queue
[2026-06-24T06:32:31.863+0000] {logging_mixin.py:188} INFO - [2026-06-24T06:32:31.863+0000] {dagbag.py:545} INFO - Filling up the DagBag from /home/airflow/.local/lib/python3.12/site-packages/airflow/example_dags/example_subdag_operator.py
[2026-06-24T06:32:31.914+0000] {processor.py:840} INFO - DAG(s) 'example_subdag_operator.section-1', 'example_subdag_operator.section-2', 'example_subdag_operator' retrieved from /home/airflow/.local/lib/python3.12/site-packages/airflow/example_dags/example_subdag_operator.py
[2026-06-24T06:32:31.956+0000] {logging_mixin.py:188} INFO - [2026-06-24T06:32:31.955+0000] {dag.py:3096} INFO - Sync 3 DAGs
[2026-06-24T06:32:32.006+0000] {logging_mixin.py:188} INFO - [2026-06-24T06:32:32.005+0000] {dag.py:3954} INFO - Setting next_dagrun for example_subdag_operator to 2022-01-01 00:00:00+00:00, run_after=2022-01-01 00:00:00+00:00
[2026-06-24T06:32:32.021+0000] {logging_mixin.py:188} INFO - [2026-06-24T06:32:32.021+0000] {dag.py:3954} INFO - Setting next_dagrun for example_subdag_operator.section-1 to None, run_after=None
[2026-06-24T06:32:32.024+0000] {logging_mixin.py:188} INFO - [2026-06-24T06:32:32.024+0000] {dag.py:3954} INFO - Setting next_dagrun for example_subdag_operator.section-2 to None, run_after=None
[2026-06-24T06:32:32.039+0000] {logging_mixin.py:188} INFO - [2026-06-24T06:32:32.039+0000] {dag.py:3096} INFO - Sync 2 DAGs
[2026-06-24T06:32:32.057+0000] {logging_mixin.py:188} INFO - [2026-06-24T06:32:32.057+0000] {dag.py:3954} INFO - Setting next_dagrun for example_subdag_operator.section-1 to None, run_after=None
[2026-06-24T06:32:32.059+0000] {logging_mixin.py:188} INFO - [2026-06-24T06:32:32.059+0000] {dag.py:3954} INFO - Setting next_dagrun for example_subdag_operator.section-2 to None, run_after=None
[2026-06-24T06:32:32.078+0000] {processor.py:183} INFO - Processing /home/airflow/.local/lib/python3.12/site-packages/airflow/example_dags/example_subdag_operator.py took 0.237 seconds
[2026-06-24T06:33:02.442+0000] {processor.py:161} INFO - Started process (PID=1743) to work on /home/airflow/.local/lib/python3.12/site-packages/airflow/example_dags/example_subdag_operator.py
[2026-06-24T06:33:02.443+0000] {processor.py:830} INFO - Processing file /home/airflow/.local/lib/python3.12/site-packages/airflow/example_dags/example_subdag_operator.py for tasks to queue
[2026-06-24T06:33:02.445+0000] {logging_mixin.py:188} INFO - [2026-06-24T06:33:02.445+0000] {dagbag.py:545} INFO - Filling up the DagBag from /home/airflow/.local/lib/python3.12/site-packages/airflow/example_dags/example_subdag_operator.py
[2026-06-24T06:33:02.474+0000] {processor.py:840} INFO - DAG(s) 'example_subdag_operator.section-1', 'example_subdag_operator.section-2', 'example_subdag_operator' retrieved from /home/airflow/.local/lib/python3.12/site-packages/airflow/example_dags/example_subdag_operator.py
[2026-06-24T06:33:02.495+0000] {logging_mixin.py:188} INFO - [2026-06-24T06:33:02.495+0000] {dag.py:3096} INFO - Sync 3 DAGs
[2026-06-24T06:33:02.523+0000] {logging_mixin.py:188} INFO - [2026-06-24T06:33:02.523+0000] {dag.py:3954} INFO - Setting next_dagrun for example_subdag_operator to 2022-01-01 00:00:00+00:00, run_after=2022-01-01 00:00:00+00:00
[2026-06-24T06:33:02.528+0000] {logging_mixin.py:188} INFO - [2026-06-24T06:33:02.528+0000] {dag.py:3954} INFO - Setting next_dagrun for example_subdag_operator.section-1 to None, run_after=None
[2026-06-24T06:33:02.530+0000] {logging_mixin.py:188} INFO - [2026-06-24T06:33:02.529+0000] {dag.py:3954} INFO - Setting next_dagrun for example_subdag_operator.section-2 to None, run_after=None
[2026-06-24T06:33:02.538+0000] {logging_mixin.py:188} INFO - [2026-06-24T06:33:02.538+0000] {dag.py:3096} INFO - Sync 2 DAGs
[2026-06-24T06:33:02.543+0000] {logging_mixin.py:188} INFO - [2026-06-24T06:33:02.543+0000] {dag.py:3954} INFO - Setting next_dagrun for example_subdag_operator.section-1 to None, run_after=None
[2026-06-24T06:33:02.544+0000] {logging_mixin.py:188} INFO - [2026-06-24T06:33:02.544+0000] {dag.py:3954} INFO - Setting next_dagrun for example_subdag_operator.section-2 to None, run_after=None
[2026-06-24T06:33:02.571+0000] {processor.py:183} INFO - Processing /home/airflow/.local/lib/python3.12/site-packages/airflow/example_dags/example_subdag_operator.py took 0.136 seconds
[2026-06-24T06:33:33.027+0000] {processor.py:161} INFO - Started process (PID=1802) to work on /home/airflow/.local/lib/python3.12/site-packages/airflow/example_dags/example_subdag_operator.py
[2026-06-24T06:33:33.028+0000] {processor.py:830} INFO - Processing file /home/airflow/.local/lib/python3.12/site-packages/airflow/example_dags/example_subdag_operator.py for tasks to queue
[2026-06-24T06:33:33.030+0000] {logging_mixin.py:188} INFO - [2026-06-24T06:33:33.030+0000] {dagbag.py:545} INFO - Filling up the DagBag from /home/airflow/.local/lib/python3.12/site-packages/airflow/example_dags/example_subdag_operator.py
[2026-06-24T06:33:33.060+0000] {processor.py:840} INFO - DAG(s) 'example_subdag_operator.section-1', 'example_subdag_operator.section-2', 'example_subdag_operator' retrieved from /home/airflow/.local/lib/python3.12/site-packages/airflow/example_dags/example_subdag_operator.py
[2026-06-24T06:33:33.080+0000] {logging_mixin.py:188} INFO - [2026-06-24T06:33:33.080+0000] {dag.py:3096} INFO - Sync 3 DAGs
[2026-06-24T06:33:33.109+0000] {logging_mixin.py:188} INFO - [2026-06-24T06:33:33.108+0000] {dag.py:3954} INFO - Setting next_dagrun for example_subdag_operator to 2022-01-01 00:00:00+00:00, run_after=2022-01-01 00:00:00+00:00
[2026-06-24T06:33:33.113+0000] {logging_mixin.py:188} INFO - [2026-06-24T06:33:33.113+0000] {dag.py:3954} INFO - Setting next_dagrun for example_subdag_operator.section-1 to None, run_after=None
[2026-06-24T06:33:33.115+0000] {logging_mixin.py:188} INFO - [2026-06-24T06:33:33.115+0000] {dag.py:3954} INFO - Setting next_dagrun for example_subdag_operator.section-2 to None, run_after=None
[2026-06-24T06:33:33.123+0000] {logging_mixin.py:188} INFO - [2026-06-24T06:33:33.123+0000] {dag.py:3096} INFO - Sync 2 DAGs
[2026-06-24T06:33:33.129+0000] {logging_mixin.py:188} INFO - [2026-06-24T06:33:33.129+0000] {dag.py:3954} INFO - Setting next_dagrun for example_subdag_operator.section-1 to None, run_after=None
[2026-06-24T06:33:33.129+0000] {logging_mixin.py:188} INFO - [2026-06-24T06:33:33.129+0000] {dag.py:3954} INFO - Setting next_dagrun for example_subdag_operator.section-2 to None, run_after=None
[2026-06-24T06:33:33.139+0000] {processor.py:183} INFO - Processing /home/airflow/.local/lib/python3.12/site-packages/airflow/example_dags/example_subdag_operator.py took 0.119 seconds
[2026-06-24T06:34:03.812+0000] {processor.py:161} INFO - Started process (PID=1862) to work on /home/airflow/.local/lib/python3.12/site-packages/airflow/example_dags/example_subdag_operator.py
[2026-06-24T06:34:03.815+0000] {processor.py:830} INFO - Processing file /home/airflow/.local/lib/python3.12/site-packages/airflow/example_dags/example_subdag_operator.py for tasks to queue
[2026-06-24T06:34:03.822+0000] {logging_mixin.py:188} INFO - [2026-06-24T06:34:03.821+0000] {dagbag.py:545} INFO - Filling up the DagBag from /home/airflow/.local/lib/python3.12/site-packages/airflow/example_dags/example_subdag_operator.py
[2026-06-24T06:34:03.857+0000] {processor.py:840} INFO - DAG(s) 'example_subdag_operator.section-1', 'example_subdag_operator.section-2', 'example_subdag_operator' retrieved from /home/airflow/.local/lib/python3.12/site-packages/airflow/example_dags/example_subdag_operator.py
[2026-06-24T06:34:03.878+0000] {logging_mixin.py:188} INFO - [2026-06-24T06:34:03.878+0000] {dag.py:3096} INFO - Sync 3 DAGs
[2026-06-24T06:34:03.907+0000] {logging_mixin.py:188} INFO - [2026-06-24T06:34:03.907+0000] {dag.py:3954} INFO - Setting next_dagrun for example_subdag_operator to 2022-01-01 00:00:00+00:00, run_after=2022-01-01 00:00:00+00:00
[2026-06-24T06:34:03.912+0000] {logging_mixin.py:188} INFO - [2026-06-24T06:34:03.912+0000] {dag.py:3954} INFO - Setting next_dagrun for example_subdag_operator.section-1 to None, run_after=None
[2026-06-24T06:34:03.913+0000] {logging_mixin.py:188} INFO - [2026-06-24T06:34:03.913+0000] {dag.py:3954} INFO - Setting next_dagrun for example_subdag_operator.section-2 to None, run_after=None
[2026-06-24T06:34:03.922+0000] {logging_mixin.py:188} INFO - [2026-06-24T06:34:03.922+0000] {dag.py:3096} INFO - Sync 2 DAGs
[2026-06-24T06:34:03.930+0000] {logging_mixin.py:188} INFO - [2026-06-24T06:34:03.930+0000] {dag.py:3954} INFO - Setting next_dagrun for example_subdag_operator.section-1 to None, run_after=None
[2026-06-24T06:34:03.930+0000] {logging_mixin.py:188} INFO - [2026-06-24T06:34:03.930+0000] {dag.py:3954} INFO - Setting next_dagrun for example_subdag_operator.section-2 to None, run_after=None
[2026-06-24T06:34:03.941+0000] {processor.py:183} INFO - Processing /home/airflow/.local/lib/python3.12/site-packages/airflow/example_dags/example_subdag_operator.py took 0.136 seconds
[2026-06-24T06:34:34.616+0000] {processor.py:161} INFO - Started process (PID=1921) to work on /home/airflow/.local/lib/python3.12/site-packages/airflow/example_dags/example_subdag_operator.py
[2026-06-24T06:34:34.617+0000] {processor.py:830} INFO - Processing file /home/airflow/.local/lib/python3.12/site-packages/airflow/example_dags/example_subdag_operator.py for tasks to queue
[2026-06-24T06:34:34.619+0000] {logging_mixin.py:188} INFO - [2026-06-24T06:34:34.619+0000] {dagbag.py:545} INFO - Filling up the DagBag from /home/airflow/.local/lib/python3.12/site-packages/airflow/example_dags/example_subdag_operator.py
[2026-06-24T06:34:34.650+0000] {processor.py:840} INFO - DAG(s) 'example_subdag_operator.section-1', 'example_subdag_operator.section-2', 'example_subdag_operator' retrieved from /home/airflow/.local/lib/python3.12/site-packages/airflow/example_dags/example_subdag_operator.py
[2026-06-24T06:34:34.670+0000] {logging_mixin.py:188} INFO - [2026-06-24T06:34:34.670+0000] {dag.py:3096} INFO - Sync 3 DAGs
[2026-06-24T06:34:34.706+0000] {logging_mixin.py:188} INFO - [2026-06-24T06:34:34.703+0000] {dag.py:3954} INFO - Setting next_dagrun for example_subdag_operator to 2022-01-01 00:00:00+00:00, run_after=2022-01-01 00:00:00+00:00
[2026-06-24T06:34:34.717+0000] {logging_mixin.py:188} INFO - [2026-06-24T06:34:34.717+0000] {dag.py:3954} INFO - Setting next_dagrun for example_subdag_operator.section-1 to None, run_after=None
[2026-06-24T06:34:34.719+0000] {logging_mixin.py:188} INFO - [2026-06-24T06:34:34.719+0000] {dag.py:3954} INFO - Setting next_dagrun for example_subdag_operator.section-2 to None, run_after=None
[2026-06-24T06:34:34.739+0000] {logging_mixin.py:188} INFO - [2026-06-24T06:34:34.737+0000] {dag.py:3096} INFO - Sync 2 DAGs
[2026-06-24T06:34:34.754+0000] {logging_mixin.py:188} INFO - [2026-06-24T06:34:34.754+0000] {dag.py:3954} INFO - Setting next_dagrun for example_subdag_operator.section-1 to None, run_after=None
[2026-06-24T06:34:34.756+0000] {logging_mixin.py:188} INFO - [2026-06-24T06:34:34.755+0000] {dag.py:3954} INFO - Setting next_dagrun for example_subdag_operator.section-2 to None, run_after=None
[2026-06-24T06:34:34.780+0000] {processor.py:183} INFO - Processing /home/airflow/.local/lib/python3.12/site-packages/airflow/example_dags/example_subdag_operator.py took 0.171 seconds
[2026-06-24T06:35:05.010+0000] {processor.py:161} INFO - Started process (PID=1980) to work on /home/airflow/.local/lib/python3.12/site-packages/airflow/example_dags/example_subdag_operator.py
[2026-06-24T06:35:05.011+0000] {processor.py:830} INFO - Processing file /home/airflow/.local/lib/python3.12/site-packages/airflow/example_dags/example_subdag_operator.py for tasks to queue
[2026-06-24T06:35:05.013+0000] {logging_mixin.py:188} INFO - [2026-06-24T06:35:05.013+0000] {dagbag.py:545} INFO - Filling up the DagBag from /home/airflow/.local/lib/python3.12/site-packages/airflow/example_dags/example_subdag_operator.py
[2026-06-24T06:35:05.043+0000] {processor.py:840} INFO - DAG(s) 'example_subdag_operator.section-1', 'example_subdag_operator.section-2', 'example_subdag_operator' retrieved from /home/airflow/.local/lib/python3.12/site-packages/airflow/example_dags/example_subdag_operator.py
[2026-06-24T06:35:05.063+0000] {logging_mixin.py:188} INFO - [2026-06-24T06:35:05.063+0000] {dag.py:3096} INFO - Sync 3 DAGs
[2026-06-24T06:35:05.093+0000] {logging_mixin.py:188} INFO - [2026-06-24T06:35:05.092+0000] {dag.py:3954} INFO - Setting next_dagrun for example_subdag_operator to 2022-01-01 00:00:00+00:00, run_after=2022-01-01 00:00:00+00:00
[2026-06-24T06:35:05.097+0000] {logging_mixin.py:188} INFO - [2026-06-24T06:35:05.097+0000] {dag.py:3954} INFO - Setting next_dagrun for example_subdag_operator.section-1 to None, run_after=None
[2026-06-24T06:35:05.099+0000] {logging_mixin.py:188} INFO - [2026-06-24T06:35:05.098+0000] {dag.py:3954} INFO - Setting next_dagrun for example_subdag_operator.section-2 to None, run_after=None
[2026-06-24T06:35:05.109+0000] {logging_mixin.py:188} INFO - [2026-06-24T06:35:05.109+0000] {dag.py:3096} INFO - Sync 2 DAGs
[2026-06-24T06:35:05.115+0000] {logging_mixin.py:188} INFO - [2026-06-24T06:35:05.115+0000] {dag.py:3954} INFO - Setting next_dagrun for example_subdag_operator.section-1 to None, run_after=None
[2026-06-24T06:35:05.115+0000] {logging_mixin.py:188} INFO - [2026-06-24T06:35:05.115+0000] {dag.py:3954} INFO - Setting next_dagrun for example_subdag_operator.section-2 to None, run_after=None
[2026-06-24T06:35:05.127+0000] {processor.py:183} INFO - Processing /home/airflow/.local/lib/python3.12/site-packages/airflow/example_dags/example_subdag_operator.py took 0.124 seconds
[2026-06-24T06:43:42.289+0000] {processor.py:161} INFO - Started process (PID=71) to work on /home/airflow/.local/lib/python3.12/site-packages/airflow/example_dags/example_subdag_operator.py
[2026-06-24T06:43:42.302+0000] {processor.py:830} INFO - Processing file /home/airflow/.local/lib/python3.12/site-packages/airflow/example_dags/example_subdag_operator.py for tasks to queue
[2026-06-24T06:43:42.308+0000] {logging_mixin.py:188} INFO - [2026-06-24T06:43:42.308+0000] {dagbag.py:545} INFO - Filling up the DagBag from /home/airflow/.local/lib/python3.12/site-packages/airflow/example_dags/example_subdag_operator.py
[2026-06-24T06:43:42.411+0000] {processor.py:840} INFO - DAG(s) 'example_subdag_operator.section-1', 'example_subdag_operator.section-2', 'example_subdag_operator' retrieved from /home/airflow/.local/lib/python3.12/site-packages/airflow/example_dags/example_subdag_operator.py
[2026-06-24T06:43:42.471+0000] {logging_mixin.py:188} INFO - [2026-06-24T06:43:42.471+0000] {dag.py:3096} INFO - Sync 3 DAGs
[2026-06-24T06:43:42.574+0000] {logging_mixin.py:188} INFO - [2026-06-24T06:43:42.574+0000] {dag.py:3954} INFO - Setting next_dagrun for example_subdag_operator to 2022-01-01 00:00:00+00:00, run_after=2022-01-01 00:00:00+00:00
[2026-06-24T06:43:42.596+0000] {logging_mixin.py:188} INFO - [2026-06-24T06:43:42.595+0000] {dag.py:3954} INFO - Setting next_dagrun for example_subdag_operator.section-1 to None, run_after=None
[2026-06-24T06:43:42.602+0000] {logging_mixin.py:188} INFO - [2026-06-24T06:43:42.602+0000] {dag.py:3954} INFO - Setting next_dagrun for example_subdag_operator.section-2 to None, run_after=None
[2026-06-24T06:43:42.641+0000] {logging_mixin.py:188} INFO - [2026-06-24T06:43:42.641+0000] {dag.py:3096} INFO - Sync 2 DAGs
[2026-06-24T06:43:42.680+0000] {logging_mixin.py:188} INFO - [2026-06-24T06:43:42.680+0000] {dag.py:3954} INFO - Setting next_dagrun for example_subdag_operator.section-1 to None, run_after=None
[2026-06-24T06:43:42.685+0000] {logging_mixin.py:188} INFO - [2026-06-24T06:43:42.685+0000] {dag.py:3954} INFO - Setting next_dagrun for example_subdag_operator.section-2 to None, run_after=None
[2026-06-24T06:43:42.747+0000] {processor.py:183} INFO - Processing /home/airflow/.local/lib/python3.12/site-packages/airflow/example_dags/example_subdag_operator.py took 0.479 seconds
[2026-06-24T06:46:20.169+0000] {processor.py:161} INFO - Started process (PID=79) to work on /home/airflow/.local/lib/python3.12/site-packages/airflow/example_dags/example_subdag_operator.py
[2026-06-24T06:46:20.181+0000] {processor.py:830} INFO - Processing file /home/airflow/.local/lib/python3.12/site-packages/airflow/example_dags/example_subdag_operator.py for tasks to queue
[2026-06-24T06:46:20.184+0000] {logging_mixin.py:188} INFO - [2026-06-24T06:46:20.183+0000] {dagbag.py:545} INFO - Filling up the DagBag from /home/airflow/.local/lib/python3.12/site-packages/airflow/example_dags/example_subdag_operator.py
[2026-06-24T06:46:20.221+0000] {processor.py:840} INFO - DAG(s) 'example_subdag_operator.section-1', 'example_subdag_operator.section-2', 'example_subdag_operator' retrieved from /home/airflow/.local/lib/python3.12/site-packages/airflow/example_dags/example_subdag_operator.py
[2026-06-24T06:46:20.618+0000] {logging_mixin.py:188} INFO - [2026-06-24T06:46:20.606+0000] {override.py:1829} INFO - Created Permission View: can delete on DAG:example_subdag_operator
[2026-06-24T06:46:20.702+0000] {logging_mixin.py:188} INFO - [2026-06-24T06:46:20.702+0000] {override.py:1829} INFO - Created Permission View: can edit on DAG:example_subdag_operator
[2026-06-24T06:46:20.726+0000] {logging_mixin.py:188} INFO - [2026-06-24T06:46:20.726+0000] {override.py:1829} INFO - Created Permission View: can read on DAG:example_subdag_operator
[2026-06-24T06:46:20.727+0000] {logging_mixin.py:188} INFO - [2026-06-24T06:46:20.727+0000] {dag.py:3096} INFO - Sync 3 DAGs
[2026-06-24T06:46:20.784+0000] {logging_mixin.py:188} INFO - [2026-06-24T06:46:20.784+0000] {dag.py:3118} INFO - Creating ORM DAG for example_subdag_operator
[2026-06-24T06:46:20.787+0000] {logging_mixin.py:188} INFO - [2026-06-24T06:46:20.787+0000] {dag.py:3118} INFO - Creating ORM DAG for example_subdag_operator.section-1
[2026-06-24T06:46:20.790+0000] {logging_mixin.py:188} INFO - [2026-06-24T06:46:20.790+0000] {dag.py:3118} INFO - Creating ORM DAG for example_subdag_operator.section-2
[2026-06-24T06:46:20.857+0000] {logging_mixin.py:188} INFO - [2026-06-24T06:46:20.855+0000] {dag.py:3954} INFO - Setting next_dagrun for example_subdag_operator to 2022-01-01 00:00:00+00:00, run_after=2022-01-01 00:00:00+00:00
[2026-06-24T06:46:20.862+0000] {logging_mixin.py:188} INFO - [2026-06-24T06:46:20.862+0000] {dag.py:3954} INFO - Setting next_dagrun for example_subdag_operator.section-1 to None, run_after=None
[2026-06-24T06:46:20.866+0000] {logging_mixin.py:188} INFO - [2026-06-24T06:46:20.865+0000] {dag.py:3954} INFO - Setting next_dagrun for example_subdag_operator.section-2 to None, run_after=None
[2026-06-24T06:46:20.929+0000] {logging_mixin.py:188} INFO - [2026-06-24T06:46:20.928+0000] {dag.py:3096} INFO - Sync 2 DAGs
[2026-06-24T06:46:20.981+0000] {logging_mixin.py:188} INFO - [2026-06-24T06:46:20.981+0000] {dag.py:3954} INFO - Setting next_dagrun for example_subdag_operator.section-1 to None, run_after=None
[2026-06-24T06:46:21.018+0000] {logging_mixin.py:188} INFO - [2026-06-24T06:46:21.018+0000] {dag.py:3954} INFO - Setting next_dagrun for example_subdag_operator.section-2 to None, run_after=None
[2026-06-24T06:46:21.061+0000] {processor.py:183} INFO - Processing /home/airflow/.local/lib/python3.12/site-packages/airflow/example_dags/example_subdag_operator.py took 0.906 seconds
[2026-06-24T06:46:51.518+0000] {processor.py:161} INFO - Started process (PID=138) to work on /home/airflow/.local/lib/python3.12/site-packages/airflow/example_dags/example_subdag_operator.py
[2026-06-24T06:46:51.530+0000] {processor.py:830} INFO - Processing file /home/airflow/.local/lib/python3.12/site-packages/airflow/example_dags/example_subdag_operator.py for tasks to queue
[2026-06-24T06:46:51.539+0000] {logging_mixin.py:188} INFO - [2026-06-24T06:46:51.539+0000] {dagbag.py:545} INFO - Filling up the DagBag from /home/airflow/.local/lib/python3.12/site-packages/airflow/example_dags/example_subdag_operator.py
[2026-06-24T06:46:51.629+0000] {processor.py:840} INFO - DAG(s) 'example_subdag_operator.section-1', 'example_subdag_operator.section-2', 'example_subdag_operator' retrieved from /home/airflow/.local/lib/python3.12/site-packages/airflow/example_dags/example_subdag_operator.py
[2026-06-24T06:46:51.661+0000] {logging_mixin.py:188} INFO - [2026-06-24T06:46:51.660+0000] {dag.py:3096} INFO - Sync 3 DAGs
[2026-06-24T06:46:51.718+0000] {logging_mixin.py:188} INFO - [2026-06-24T06:46:51.718+0000] {dag.py:3954} INFO - Setting next_dagrun for example_subdag_operator to 2022-01-01 00:00:00+00:00, run_after=2022-01-01 00:00:00+00:00
[2026-06-24T06:46:51.728+0000] {logging_mixin.py:188} INFO - [2026-06-24T06:46:51.728+0000] {dag.py:3954} INFO - Setting next_dagrun for example_subdag_operator.section-1 to None, run_after=None
[2026-06-24T06:46:51.730+0000] {logging_mixin.py:188} INFO - [2026-06-24T06:46:51.729+0000] {dag.py:3954} INFO - Setting next_dagrun for example_subdag_operator.section-2 to None, run_after=None
[2026-06-24T06:46:51.739+0000] {logging_mixin.py:188} INFO - [2026-06-24T06:46:51.738+0000] {dag.py:3096} INFO - Sync 2 DAGs
[2026-06-24T06:46:51.750+0000] {logging_mixin.py:188} INFO - [2026-06-24T06:46:51.748+0000] {dag.py:3954} INFO - Setting next_dagrun for example_subdag_operator.section-1 to None, run_after=None
[2026-06-24T06:46:51.751+0000] {logging_mixin.py:188} INFO - [2026-06-24T06:46:51.750+0000] {dag.py:3954} INFO - Setting next_dagrun for example_subdag_operator.section-2 to None, run_after=None
[2026-06-24T06:46:51.876+0000] {processor.py:183} INFO - Processing /home/airflow/.local/lib/python3.12/site-packages/airflow/example_dags/example_subdag_operator.py took 0.370 seconds
[2026-06-24T06:47:24.188+0000] {processor.py:161} INFO - Started process (PID=197) to work on /home/airflow/.local/lib/python3.12/site-packages/airflow/example_dags/example_subdag_operator.py
[2026-06-24T06:47:24.189+0000] {processor.py:830} INFO - Processing file /home/airflow/.local/lib/python3.12/site-packages/airflow/example_dags/example_subdag_operator.py for tasks to queue
[2026-06-24T06:47:24.193+0000] {logging_mixin.py:188} INFO - [2026-06-24T06:47:24.193+0000] {dagbag.py:545} INFO - Filling up the DagBag from /home/airflow/.local/lib/python3.12/site-packages/airflow/example_dags/example_subdag_operator.py
[2026-06-24T06:47:24.442+0000] {processor.py:840} INFO - DAG(s) 'example_subdag_operator.section-1', 'example_subdag_operator.section-2', 'example_subdag_operator' retrieved from /home/airflow/.local/lib/python3.12/site-packages/airflow/example_dags/example_subdag_operator.py
[2026-06-24T06:47:24.542+0000] {logging_mixin.py:188} INFO - [2026-06-24T06:47:24.542+0000] {dag.py:3096} INFO - Sync 3 DAGs
[2026-06-24T06:47:24.639+0000] {logging_mixin.py:188} INFO - [2026-06-24T06:47:24.638+0000] {dag.py:3954} INFO - Setting next_dagrun for example_subdag_operator to 2022-01-01 00:00:00+00:00, run_after=2022-01-01 00:00:00+00:00
[2026-06-24T06:47:24.654+0000] {logging_mixin.py:188} INFO - [2026-06-24T06:47:24.654+0000] {dag.py:3954} INFO - Setting next_dagrun for example_subdag_operator.section-1 to None, run_after=None
[2026-06-24T06:47:24.666+0000] {logging_mixin.py:188} INFO - [2026-06-24T06:47:24.665+0000] {dag.py:3954} INFO - Setting next_dagrun for example_subdag_operator.section-2 to None, run_after=None
[2026-06-24T06:47:24.698+0000] {logging_mixin.py:188} INFO - [2026-06-24T06:47:24.698+0000] {dag.py:3096} INFO - Sync 2 DAGs
[2026-06-24T06:47:24.718+0000] {logging_mixin.py:188} INFO - [2026-06-24T06:47:24.717+0000] {dag.py:3954} INFO - Setting next_dagrun for example_subdag_operator.section-1 to None, run_after=None
[2026-06-24T06:47:24.718+0000] {logging_mixin.py:188} INFO - [2026-06-24T06:47:24.718+0000] {dag.py:3954} INFO - Setting next_dagrun for example_subdag_operator.section-2 to None, run_after=None
[2026-06-24T06:47:24.759+0000] {processor.py:183} INFO - Processing /home/airflow/.local/lib/python3.12/site-packages/airflow/example_dags/example_subdag_operator.py took 0.599 seconds
[2026-06-24T06:47:55.010+0000] {processor.py:161} INFO - Started process (PID=256) to work on /home/airflow/.local/lib/python3.12/site-packages/airflow/example_dags/example_subdag_operator.py
[2026-06-24T06:47:55.015+0000] {processor.py:830} INFO - Processing file /home/airflow/.local/lib/python3.12/site-packages/airflow/example_dags/example_subdag_operator.py for tasks to queue
[2026-06-24T06:47:55.019+0000] {logging_mixin.py:188} INFO - [2026-06-24T06:47:55.018+0000] {dagbag.py:545} INFO - Filling up the DagBag from /home/airflow/.local/lib/python3.12/site-packages/airflow/example_dags/example_subdag_operator.py
[2026-06-24T06:47:55.079+0000] {processor.py:840} INFO - DAG(s) 'example_subdag_operator.section-1', 'example_subdag_operator.section-2', 'example_subdag_operator' retrieved from /home/airflow/.local/lib/python3.12/site-packages/airflow/example_dags/example_subdag_operator.py
[2026-06-24T06:47:55.120+0000] {logging_mixin.py:188} INFO - [2026-06-24T06:47:55.120+0000] {dag.py:3096} INFO - Sync 3 DAGs
[2026-06-24T06:47:55.149+0000] {logging_mixin.py:188} INFO - [2026-06-24T06:47:55.149+0000] {dag.py:3954} INFO - Setting next_dagrun for example_subdag_operator to 2022-01-01 00:00:00+00:00, run_after=2022-01-01 00:00:00+00:00
[2026-06-24T06:47:55.162+0000] {logging_mixin.py:188} INFO - [2026-06-24T06:47:55.162+0000] {dag.py:3954} INFO - Setting next_dagrun for example_subdag_operator.section-1 to None, run_after=None
[2026-06-24T06:47:55.166+0000] {logging_mixin.py:188} INFO - [2026-06-24T06:47:55.166+0000] {dag.py:3954} INFO - Setting next_dagrun for example_subdag_operator.section-2 to None, run_after=None
[2026-06-24T06:47:55.177+0000] {logging_mixin.py:188} INFO - [2026-06-24T06:47:55.177+0000] {dag.py:3096} INFO - Sync 2 DAGs
[2026-06-24T06:47:55.183+0000] {logging_mixin.py:188} INFO - [2026-06-24T06:47:55.183+0000] {dag.py:3954} INFO - Setting next_dagrun for example_subdag_operator.section-1 to None, run_after=None
[2026-06-24T06:47:55.184+0000] {logging_mixin.py:188} INFO - [2026-06-24T06:47:55.184+0000] {dag.py:3954} INFO - Setting next_dagrun for example_subdag_operator.section-2 to None, run_after=None
[2026-06-24T06:47:55.196+0000] {processor.py:183} INFO - Processing /home/airflow/.local/lib/python3.12/site-packages/airflow/example_dags/example_subdag_operator.py took 0.200 seconds
[2026-06-24T06:48:25.384+0000] {processor.py:161} INFO - Started process (PID=316) to work on /home/airflow/.local/lib/python3.12/site-packages/airflow/example_dags/example_subdag_operator.py
[2026-06-24T06:48:25.387+0000] {processor.py:830} INFO - Processing file /home/airflow/.local/lib/python3.12/site-packages/airflow/example_dags/example_subdag_operator.py for tasks to queue
[2026-06-24T06:48:25.391+0000] {logging_mixin.py:188} INFO - [2026-06-24T06:48:25.391+0000] {dagbag.py:545} INFO - Filling up the DagBag from /home/airflow/.local/lib/python3.12/site-packages/airflow/example_dags/example_subdag_operator.py
[2026-06-24T06:48:25.437+0000] {processor.py:840} INFO - DAG(s) 'example_subdag_operator.section-1', 'example_subdag_operator.section-2', 'example_subdag_operator' retrieved from /home/airflow/.local/lib/python3.12/site-packages/airflow/example_dags/example_subdag_operator.py
[2026-06-24T06:48:25.468+0000] {logging_mixin.py:188} INFO - [2026-06-24T06:48:25.467+0000] {dag.py:3096} INFO - Sync 3 DAGs
[2026-06-24T06:48:25.524+0000] {logging_mixin.py:188} INFO - [2026-06-24T06:48:25.523+0000] {dag.py:3954} INFO - Setting next_dagrun for example_subdag_operator to 2022-01-01 00:00:00+00:00, run_after=2022-01-01 00:00:00+00:00
[2026-06-24T06:48:25.531+0000] {logging_mixin.py:188} INFO - [2026-06-24T06:48:25.530+0000] {dag.py:3954} INFO - Setting next_dagrun for example_subdag_operator.section-1 to None, run_after=None
[2026-06-24T06:48:25.533+0000] {logging_mixin.py:188} INFO - [2026-06-24T06:48:25.532+0000] {dag.py:3954} INFO - Setting next_dagrun for example_subdag_operator.section-2 to None, run_after=None
[2026-06-24T06:48:25.545+0000] {logging_mixin.py:188} INFO - [2026-06-24T06:48:25.545+0000] {dag.py:3096} INFO - Sync 2 DAGs
[2026-06-24T06:48:25.554+0000] {logging_mixin.py:188} INFO - [2026-06-24T06:48:25.553+0000] {dag.py:3954} INFO - Setting next_dagrun for example_subdag_operator.section-1 to None, run_after=None
[2026-06-24T06:48:25.555+0000] {logging_mixin.py:188} INFO - [2026-06-24T06:48:25.554+0000] {dag.py:3954} INFO - Setting next_dagrun for example_subdag_operator.section-2 to None, run_after=None
[2026-06-24T06:48:25.576+0000] {processor.py:183} INFO - Processing /home/airflow/.local/lib/python3.12/site-packages/airflow/example_dags/example_subdag_operator.py took 0.208 seconds
[2026-06-24T06:48:56.559+0000] {processor.py:161} INFO - Started process (PID=373) to work on /home/airflow/.local/lib/python3.12/site-packages/airflow/example_dags/example_subdag_operator.py
[2026-06-24T06:48:56.560+0000] {processor.py:830} INFO - Processing file /home/airflow/.local/lib/python3.12/site-packages/airflow/example_dags/example_subdag_operator.py for tasks to queue
[2026-06-24T06:48:56.565+0000] {logging_mixin.py:188} INFO - [2026-06-24T06:48:56.565+0000] {dagbag.py:545} INFO - Filling up the DagBag from /home/airflow/.local/lib/python3.12/site-packages/airflow/example_dags/example_subdag_operator.py
[2026-06-24T06:48:56.617+0000] {processor.py:840} INFO - DAG(s) 'example_subdag_operator.section-1', 'example_subdag_operator.section-2', 'example_subdag_operator' retrieved from /home/airflow/.local/lib/python3.12/site-packages/airflow/example_dags/example_subdag_operator.py
[2026-06-24T06:48:56.639+0000] {logging_mixin.py:188} INFO - [2026-06-24T06:48:56.639+0000] {dag.py:3096} INFO - Sync 3 DAGs
[2026-06-24T06:48:56.668+0000] {logging_mixin.py:188} INFO - [2026-06-24T06:48:56.667+0000] {dag.py:3954} INFO - Setting next_dagrun for example_subdag_operator to 2022-01-01 00:00:00+00:00, run_after=2022-01-01 00:00:00+00:00
[2026-06-24T06:48:56.672+0000] {logging_mixin.py:188} INFO - [2026-06-24T06:48:56.672+0000] {dag.py:3954} INFO - Setting next_dagrun for example_subdag_operator.section-1 to None, run_after=None
[2026-06-24T06:48:56.674+0000] {logging_mixin.py:188} INFO - [2026-06-24T06:48:56.674+0000] {dag.py:3954} INFO - Setting next_dagrun for example_subdag_operator.section-2 to None, run_after=None
[2026-06-24T06:48:56.683+0000] {logging_mixin.py:188} INFO - [2026-06-24T06:48:56.683+0000] {dag.py:3096} INFO - Sync 2 DAGs
[2026-06-24T06:48:56.689+0000] {logging_mixin.py:188} INFO - [2026-06-24T06:48:56.689+0000] {dag.py:3954} INFO - Setting next_dagrun for example_subdag_operator.section-1 to None, run_after=None
[2026-06-24T06:48:56.690+0000] {logging_mixin.py:188} INFO - [2026-06-24T06:48:56.690+0000] {dag.py:3954} INFO - Setting next_dagrun for example_subdag_operator.section-2 to None, run_after=None
[2026-06-24T06:48:56.701+0000] {processor.py:183} INFO - Processing /home/airflow/.local/lib/python3.12/site-packages/airflow/example_dags/example_subdag_operator.py took 0.150 seconds
[2026-06-24T06:49:27.006+0000] {processor.py:161} INFO - Started process (PID=432) to work on /home/airflow/.local/lib/python3.12/site-packages/airflow/example_dags/example_subdag_operator.py
[2026-06-24T06:49:27.009+0000] {processor.py:830} INFO - Processing file /home/airflow/.local/lib/python3.12/site-packages/airflow/example_dags/example_subdag_operator.py for tasks to queue
[2026-06-24T06:49:27.012+0000] {logging_mixin.py:188} INFO - [2026-06-24T06:49:27.012+0000] {dagbag.py:545} INFO - Filling up the DagBag from /home/airflow/.local/lib/python3.12/site-packages/airflow/example_dags/example_subdag_operator.py
[2026-06-24T06:49:27.053+0000] {processor.py:840} INFO - DAG(s) 'example_subdag_operator.section-1', 'example_subdag_operator.section-2', 'example_subdag_operator' retrieved from /home/airflow/.local/lib/python3.12/site-packages/airflow/example_dags/example_subdag_operator.py
[2026-06-24T06:49:27.113+0000] {logging_mixin.py:188} INFO - [2026-06-24T06:49:27.113+0000] {dag.py:3096} INFO - Sync 3 DAGs
[2026-06-24T06:49:27.147+0000] {logging_mixin.py:188} INFO - [2026-06-24T06:49:27.146+0000] {dag.py:3954} INFO - Setting next_dagrun for example_subdag_operator to 2022-01-01 00:00:00+00:00, run_after=2022-01-01 00:00:00+00:00
[2026-06-24T06:49:27.158+0000] {logging_mixin.py:188} INFO - [2026-06-24T06:49:27.158+0000] {dag.py:3954} INFO - Setting next_dagrun for example_subdag_operator.section-1 to None, run_after=None
[2026-06-24T06:49:27.159+0000] {logging_mixin.py:188} INFO - [2026-06-24T06:49:27.159+0000] {dag.py:3954} INFO - Setting next_dagrun for example_subdag_operator.section-2 to None, run_after=None
[2026-06-24T06:49:27.168+0000] {logging_mixin.py:188} INFO - [2026-06-24T06:49:27.167+0000] {dag.py:3096} INFO - Sync 2 DAGs
[2026-06-24T06:49:27.173+0000] {logging_mixin.py:188} INFO - [2026-06-24T06:49:27.173+0000] {dag.py:3954} INFO - Setting next_dagrun for example_subdag_operator.section-1 to None, run_after=None
[2026-06-24T06:49:27.174+0000] {logging_mixin.py:188} INFO - [2026-06-24T06:49:27.174+0000] {dag.py:3954} INFO - Setting next_dagrun for example_subdag_operator.section-2 to None, run_after=None
[2026-06-24T06:49:27.186+0000] {processor.py:183} INFO - Processing /home/airflow/.local/lib/python3.12/site-packages/airflow/example_dags/example_subdag_operator.py took 0.187 seconds
[2026-06-24T06:49:57.326+0000] {processor.py:161} INFO - Started process (PID=491) to work on /home/airflow/.local/lib/python3.12/site-packages/airflow/example_dags/example_subdag_operator.py
[2026-06-24T06:49:57.327+0000] {processor.py:830} INFO - Processing file /home/airflow/.local/lib/python3.12/site-packages/airflow/example_dags/example_subdag_operator.py for tasks to queue
[2026-06-24T06:49:57.330+0000] {logging_mixin.py:188} INFO - [2026-06-24T06:49:57.329+0000] {dagbag.py:545} INFO - Filling up the DagBag from /home/airflow/.local/lib/python3.12/site-packages/airflow/example_dags/example_subdag_operator.py
[2026-06-24T06:49:57.375+0000] {processor.py:840} INFO - DAG(s) 'example_subdag_operator.section-1', 'example_subdag_operator.section-2', 'example_subdag_operator' retrieved from /home/airflow/.local/lib/python3.12/site-packages/airflow/example_dags/example_subdag_operator.py
[2026-06-24T06:49:57.405+0000] {logging_mixin.py:188} INFO - [2026-06-24T06:49:57.404+0000] {dag.py:3096} INFO - Sync 3 DAGs
[2026-06-24T06:49:57.435+0000] {logging_mixin.py:188} INFO - [2026-06-24T06:49:57.434+0000] {dag.py:3954} INFO - Setting next_dagrun for example_subdag_operator to 2022-01-01 00:00:00+00:00, run_after=2022-01-01 00:00:00+00:00
[2026-06-24T06:49:57.439+0000] {logging_mixin.py:188} INFO - [2026-06-24T06:49:57.439+0000] {dag.py:3954} INFO - Setting next_dagrun for example_subdag_operator.section-1 to None, run_after=None
[2026-06-24T06:49:57.440+0000] {logging_mixin.py:188} INFO - [2026-06-24T06:49:57.440+0000] {dag.py:3954} INFO - Setting next_dagrun for example_subdag_operator.section-2 to None, run_after=None
[2026-06-24T06:49:57.448+0000] {logging_mixin.py:188} INFO - [2026-06-24T06:49:57.448+0000] {dag.py:3096} INFO - Sync 2 DAGs
[2026-06-24T06:49:57.454+0000] {logging_mixin.py:188} INFO - [2026-06-24T06:49:57.454+0000] {dag.py:3954} INFO - Setting next_dagrun for example_subdag_operator.section-1 to None, run_after=None
[2026-06-24T06:49:57.455+0000] {logging_mixin.py:188} INFO - [2026-06-24T06:49:57.455+0000] {dag.py:3954} INFO - Setting next_dagrun for example_subdag_operator.section-2 to None, run_after=None
[2026-06-24T06:49:57.467+0000] {processor.py:183} INFO - Processing /home/airflow/.local/lib/python3.12/site-packages/airflow/example_dags/example_subdag_operator.py took 0.147 seconds
[2026-06-24T06:50:28.114+0000] {processor.py:161} INFO - Started process (PID=549) to work on /home/airflow/.local/lib/python3.12/site-packages/airflow/example_dags/example_subdag_operator.py
[2026-06-24T06:50:28.117+0000] {processor.py:830} INFO - Processing file /home/airflow/.local/lib/python3.12/site-packages/airflow/example_dags/example_subdag_operator.py for tasks to queue
[2026-06-24T06:50:28.123+0000] {logging_mixin.py:188} INFO - [2026-06-24T06:50:28.123+0000] {dagbag.py:545} INFO - Filling up the DagBag from /home/airflow/.local/lib/python3.12/site-packages/airflow/example_dags/example_subdag_operator.py
[2026-06-24T06:50:28.222+0000] {processor.py:840} INFO - DAG(s) 'example_subdag_operator.section-1', 'example_subdag_operator.section-2', 'example_subdag_operator' retrieved from /home/airflow/.local/lib/python3.12/site-packages/airflow/example_dags/example_subdag_operator.py
[2026-06-24T06:50:28.294+0000] {logging_mixin.py:188} INFO - [2026-06-24T06:50:28.294+0000] {dag.py:3096} INFO - Sync 3 DAGs
[2026-06-24T06:50:28.424+0000] {logging_mixin.py:188} INFO - [2026-06-24T06:50:28.423+0000] {dag.py:3954} INFO - Setting next_dagrun for example_subdag_operator to 2022-01-01 00:00:00+00:00, run_after=2022-01-01 00:00:00+00:00
[2026-06-24T06:50:28.445+0000] {logging_mixin.py:188} INFO - [2026-06-24T06:50:28.444+0000] {dag.py:3954} INFO - Setting next_dagrun for example_subdag_operator.section-1 to None, run_after=None
[2026-06-24T06:50:28.456+0000] {logging_mixin.py:188} INFO - [2026-06-24T06:50:28.454+0000] {dag.py:3954} INFO - Setting next_dagrun for example_subdag_operator.section-2 to None, run_after=None
[2026-06-24T06:50:28.519+0000] {logging_mixin.py:188} INFO - [2026-06-24T06:50:28.510+0000] {dag.py:3096} INFO - Sync 2 DAGs
[2026-06-24T06:50:28.559+0000] {logging_mixin.py:188} INFO - [2026-06-24T06:50:28.559+0000] {dag.py:3954} INFO - Setting next_dagrun for example_subdag_operator.section-1 to None, run_after=None
[2026-06-24T06:50:28.564+0000] {logging_mixin.py:188} INFO - [2026-06-24T06:50:28.564+0000] {dag.py:3954} INFO - Setting next_dagrun for example_subdag_operator.section-2 to None, run_after=None
[2026-06-24T06:50:28.664+0000] {processor.py:183} INFO - Processing /home/airflow/.local/lib/python3.12/site-packages/airflow/example_dags/example_subdag_operator.py took 0.567 seconds
[2026-06-24T06:50:59.005+0000] {processor.py:161} INFO - Started process (PID=608) to work on /home/airflow/.local/lib/python3.12/site-packages/airflow/example_dags/example_subdag_operator.py
[2026-06-24T06:50:59.006+0000] {processor.py:830} INFO - Processing file /home/airflow/.local/lib/python3.12/site-packages/airflow/example_dags/example_subdag_operator.py for tasks to queue
[2026-06-24T06:50:59.009+0000] {logging_mixin.py:188} INFO - [2026-06-24T06:50:59.009+0000] {dagbag.py:545} INFO - Filling up the DagBag from /home/airflow/.local/lib/python3.12/site-packages/airflow/example_dags/example_subdag_operator.py
[2026-06-24T06:50:59.039+0000] {processor.py:840} INFO - DAG(s) 'example_subdag_operator.section-1', 'example_subdag_operator.section-2', 'example_subdag_operator' retrieved from /home/airflow/.local/lib/python3.12/site-packages/airflow/example_dags/example_subdag_operator.py
[2026-06-24T06:50:59.060+0000] {logging_mixin.py:188} INFO - [2026-06-24T06:50:59.060+0000] {dag.py:3096} INFO - Sync 3 DAGs
[2026-06-24T06:50:59.096+0000] {logging_mixin.py:188} INFO - [2026-06-24T06:50:59.095+0000] {dag.py:3954} INFO - Setting next_dagrun for example_subdag_operator to 2022-01-01 00:00:00+00:00, run_after=2022-01-01 00:00:00+00:00
[2026-06-24T06:50:59.100+0000] {logging_mixin.py:188} INFO - [2026-06-24T06:50:59.100+0000] {dag.py:3954} INFO - Setting next_dagrun for example_subdag_operator.section-1 to None, run_after=None
[2026-06-24T06:50:59.101+0000] {logging_mixin.py:188} INFO - [2026-06-24T06:50:59.101+0000] {dag.py:3954} INFO - Setting next_dagrun for example_subdag_operator.section-2 to None, run_after=None
[2026-06-24T06:50:59.109+0000] {logging_mixin.py:188} INFO - [2026-06-24T06:50:59.109+0000] {dag.py:3096} INFO - Sync 2 DAGs
[2026-06-24T06:50:59.113+0000] {logging_mixin.py:188} INFO - [2026-06-24T06:50:59.113+0000] {dag.py:3954} INFO - Setting next_dagrun for example_subdag_operator.section-1 to None, run_after=None
[2026-06-24T06:50:59.114+0000] {logging_mixin.py:188} INFO - [2026-06-24T06:50:59.114+0000] {dag.py:3954} INFO - Setting next_dagrun for example_subdag_operator.section-2 to None, run_after=None
[2026-06-24T06:50:59.124+0000] {processor.py:183} INFO - Processing /home/airflow/.local/lib/python3.12/site-packages/airflow/example_dags/example_subdag_operator.py took 0.125 seconds
[2026-06-24T06:51:29.261+0000] {processor.py:161} INFO - Started process (PID=667) to work on /home/airflow/.local/lib/python3.12/site-packages/airflow/example_dags/example_subdag_operator.py
[2026-06-24T06:51:29.262+0000] {processor.py:830} INFO - Processing file /home/airflow/.local/lib/python3.12/site-packages/airflow/example_dags/example_subdag_operator.py for tasks to queue
[2026-06-24T06:51:29.264+0000] {logging_mixin.py:188} INFO - [2026-06-24T06:51:29.264+0000] {dagbag.py:545} INFO - Filling up the DagBag from /home/airflow/.local/lib/python3.12/site-packages/airflow/example_dags/example_subdag_operator.py
[2026-06-24T06:51:29.297+0000] {processor.py:840} INFO - DAG(s) 'example_subdag_operator.section-1', 'example_subdag_operator.section-2', 'example_subdag_operator' retrieved from /home/airflow/.local/lib/python3.12/site-packages/airflow/example_dags/example_subdag_operator.py
[2026-06-24T06:51:29.326+0000] {logging_mixin.py:188} INFO - [2026-06-24T06:51:29.326+0000] {dag.py:3096} INFO - Sync 3 DAGs
[2026-06-24T06:51:29.375+0000] {logging_mixin.py:188} INFO - [2026-06-24T06:51:29.375+0000] {dag.py:3954} INFO - Setting next_dagrun for example_subdag_operator to 2022-01-01 00:00:00+00:00, run_after=2022-01-01 00:00:00+00:00
[2026-06-24T06:51:29.380+0000] {logging_mixin.py:188} INFO - [2026-06-24T06:51:29.379+0000] {dag.py:3954} INFO - Setting next_dagrun for example_subdag_operator.section-1 to None, run_after=None
[2026-06-24T06:51:29.381+0000] {logging_mixin.py:188} INFO - [2026-06-24T06:51:29.381+0000] {dag.py:3954} INFO - Setting next_dagrun for example_subdag_operator.section-2 to None, run_after=None
[2026-06-24T06:51:29.389+0000] {logging_mixin.py:188} INFO - [2026-06-24T06:51:29.389+0000] {dag.py:3096} INFO - Sync 2 DAGs
[2026-06-24T06:51:29.395+0000] {logging_mixin.py:188} INFO - [2026-06-24T06:51:29.395+0000] {dag.py:3954} INFO - Setting next_dagrun for example_subdag_operator.section-1 to None, run_after=None
[2026-06-24T06:51:29.396+0000] {logging_mixin.py:188} INFO - [2026-06-24T06:51:29.396+0000] {dag.py:3954} INFO - Setting next_dagrun for example_subdag_operator.section-2 to None, run_after=None
[2026-06-24T06:51:29.407+0000] {processor.py:183} INFO - Processing /home/airflow/.local/lib/python3.12/site-packages/airflow/example_dags/example_subdag_operator.py took 0.152 seconds
[2026-06-24T06:51:59.877+0000] {processor.py:161} INFO - Started process (PID=726) to work on /home/airflow/.local/lib/python3.12/site-packages/airflow/example_dags/example_subdag_operator.py
[2026-06-24T06:51:59.878+0000] {processor.py:830} INFO - Processing file /home/airflow/.local/lib/python3.12/site-packages/airflow/example_dags/example_subdag_operator.py for tasks to queue
[2026-06-24T06:51:59.880+0000] {logging_mixin.py:188} INFO - [2026-06-24T06:51:59.880+0000] {dagbag.py:545} INFO - Filling up the DagBag from /home/airflow/.local/lib/python3.12/site-packages/airflow/example_dags/example_subdag_operator.py
[2026-06-24T06:51:59.913+0000] {processor.py:840} INFO - DAG(s) 'example_subdag_operator.section-1', 'example_subdag_operator.section-2', 'example_subdag_operator' retrieved from /home/airflow/.local/lib/python3.12/site-packages/airflow/example_dags/example_subdag_operator.py
[2026-06-24T06:51:59.949+0000] {logging_mixin.py:188} INFO - [2026-06-24T06:51:59.949+0000] {dag.py:3096} INFO - Sync 3 DAGs
[2026-06-24T06:51:59.995+0000] {logging_mixin.py:188} INFO - [2026-06-24T06:51:59.994+0000] {dag.py:3954} INFO - Setting next_dagrun for example_subdag_operator to 2022-01-01 00:00:00+00:00, run_after=2022-01-01 00:00:00+00:00
[2026-06-24T06:51:59.999+0000] {logging_mixin.py:188} INFO - [2026-06-24T06:51:59.999+0000] {dag.py:3954} INFO - Setting next_dagrun for example_subdag_operator.section-1 to None, run_after=None
[2026-06-24T06:52:00.001+0000] {logging_mixin.py:188} INFO - [2026-06-24T06:52:00.001+0000] {dag.py:3954} INFO - Setting next_dagrun for example_subdag_operator.section-2 to None, run_after=None
[2026-06-24T06:52:00.010+0000] {logging_mixin.py:188} INFO - [2026-06-24T06:52:00.010+0000] {dag.py:3096} INFO - Sync 2 DAGs
[2026-06-24T06:52:00.016+0000] {logging_mixin.py:188} INFO - [2026-06-24T06:52:00.016+0000] {dag.py:3954} INFO - Setting next_dagrun for example_subdag_operator.section-1 to None, run_after=None
[2026-06-24T06:52:00.017+0000] {logging_mixin.py:188} INFO - [2026-06-24T06:52:00.017+0000] {dag.py:3954} INFO - Setting next_dagrun for example_subdag_operator.section-2 to None, run_after=None
[2026-06-24T06:52:00.026+0000] {processor.py:183} INFO - Processing /home/airflow/.local/lib/python3.12/site-packages/airflow/example_dags/example_subdag_operator.py took 0.161 seconds
[2026-06-24T06:52:30.532+0000] {processor.py:161} INFO - Started process (PID=785) to work on /home/airflow/.local/lib/python3.12/site-packages/airflow/example_dags/example_subdag_operator.py
[2026-06-24T06:52:30.534+0000] {processor.py:830} INFO - Processing file /home/airflow/.local/lib/python3.12/site-packages/airflow/example_dags/example_subdag_operator.py for tasks to queue
[2026-06-24T06:52:30.536+0000] {logging_mixin.py:188} INFO - [2026-06-24T06:52:30.535+0000] {dagbag.py:545} INFO - Filling up the DagBag from /home/airflow/.local/lib/python3.12/site-packages/airflow/example_dags/example_subdag_operator.py
[2026-06-24T06:52:30.566+0000] {processor.py:840} INFO - DAG(s) 'example_subdag_operator.section-1', 'example_subdag_operator.section-2', 'example_subdag_operator' retrieved from /home/airflow/.local/lib/python3.12/site-packages/airflow/example_dags/example_subdag_operator.py
[2026-06-24T06:52:30.636+0000] {logging_mixin.py:188} INFO - [2026-06-24T06:52:30.636+0000] {dag.py:3096} INFO - Sync 3 DAGs
[2026-06-24T06:52:30.676+0000] {logging_mixin.py:188} INFO - [2026-06-24T06:52:30.676+0000] {dag.py:3954} INFO - Setting next_dagrun for example_subdag_operator to 2022-01-01 00:00:00+00:00, run_after=2022-01-01 00:00:00+00:00
[2026-06-24T06:52:30.682+0000] {logging_mixin.py:188} INFO - [2026-06-24T06:52:30.681+0000] {dag.py:3954} INFO - Setting next_dagrun for example_subdag_operator.section-1 to None, run_after=None
[2026-06-24T06:52:30.684+0000] {logging_mixin.py:188} INFO - [2026-06-24T06:52:30.683+0000] {dag.py:3954} INFO - Setting next_dagrun for example_subdag_operator.section-2 to None, run_after=None
[2026-06-24T06:52:30.693+0000] {logging_mixin.py:188} INFO - [2026-06-24T06:52:30.692+0000] {dag.py:3096} INFO - Sync 2 DAGs
[2026-06-24T06:52:30.703+0000] {logging_mixin.py:188} INFO - [2026-06-24T06:52:30.703+0000] {dag.py:3954} INFO - Setting next_dagrun for example_subdag_operator.section-1 to None, run_after=None
[2026-06-24T06:52:30.703+0000] {logging_mixin.py:188} INFO - [2026-06-24T06:52:30.703+0000] {dag.py:3954} INFO - Setting next_dagrun for example_subdag_operator.section-2 to None, run_after=None
[2026-06-24T06:52:30.725+0000] {processor.py:183} INFO - Processing /home/airflow/.local/lib/python3.12/site-packages/airflow/example_dags/example_subdag_operator.py took 0.199 seconds
[2026-06-24T06:53:00.801+0000] {processor.py:161} INFO - Started process (PID=844) to work on /home/airflow/.local/lib/python3.12/site-packages/airflow/example_dags/example_subdag_operator.py
[2026-06-24T06:53:00.803+0000] {processor.py:830} INFO - Processing file /home/airflow/.local/lib/python3.12/site-packages/airflow/example_dags/example_subdag_operator.py for tasks to queue
[2026-06-24T06:53:00.805+0000] {logging_mixin.py:188} INFO - [2026-06-24T06:53:00.804+0000] {dagbag.py:545} INFO - Filling up the DagBag from /home/airflow/.local/lib/python3.12/site-packages/airflow/example_dags/example_subdag_operator.py
[2026-06-24T06:53:00.839+0000] {processor.py:840} INFO - DAG(s) 'example_subdag_operator.section-1', 'example_subdag_operator.section-2', 'example_subdag_operator' retrieved from /home/airflow/.local/lib/python3.12/site-packages/airflow/example_dags/example_subdag_operator.py
[2026-06-24T06:53:00.862+0000] {logging_mixin.py:188} INFO - [2026-06-24T06:53:00.862+0000] {dag.py:3096} INFO - Sync 3 DAGs
[2026-06-24T06:53:00.898+0000] {logging_mixin.py:188} INFO - [2026-06-24T06:53:00.898+0000] {dag.py:3954} INFO - Setting next_dagrun for example_subdag_operator to 2022-01-01 00:00:00+00:00, run_after=2022-01-01 00:00:00+00:00
[2026-06-24T06:53:00.908+0000] {logging_mixin.py:188} INFO - [2026-06-24T06:53:00.908+0000] {dag.py:3954} INFO - Setting next_dagrun for example_subdag_operator.section-1 to None, run_after=None
[2026-06-24T06:53:00.910+0000] {logging_mixin.py:188} INFO - [2026-06-24T06:53:00.909+0000] {dag.py:3954} INFO - Setting next_dagrun for example_subdag_operator.section-2 to None, run_after=None
[2026-06-24T06:53:00.926+0000] {logging_mixin.py:188} INFO - [2026-06-24T06:53:00.925+0000] {dag.py:3096} INFO - Sync 2 DAGs
[2026-06-24T06:53:00.934+0000] {logging_mixin.py:188} INFO - [2026-06-24T06:53:00.934+0000] {dag.py:3954} INFO - Setting next_dagrun for example_subdag_operator.section-1 to None, run_after=None
[2026-06-24T06:53:00.936+0000] {logging_mixin.py:188} INFO - [2026-06-24T06:53:00.935+0000] {dag.py:3954} INFO - Setting next_dagrun for example_subdag_operator.section-2 to None, run_after=None
[2026-06-24T06:53:00.951+0000] {processor.py:183} INFO - Processing /home/airflow/.local/lib/python3.12/site-packages/airflow/example_dags/example_subdag_operator.py took 0.156 seconds
[2026-06-24T06:53:31.374+0000] {processor.py:161} INFO - Started process (PID=909) to work on /home/airflow/.local/lib/python3.12/site-packages/airflow/example_dags/example_subdag_operator.py
[2026-06-24T06:53:31.375+0000] {processor.py:830} INFO - Processing file /home/airflow/.local/lib/python3.12/site-packages/airflow/example_dags/example_subdag_operator.py for tasks to queue
[2026-06-24T06:53:31.377+0000] {logging_mixin.py:188} INFO - [2026-06-24T06:53:31.377+0000] {dagbag.py:545} INFO - Filling up the DagBag from /home/airflow/.local/lib/python3.12/site-packages/airflow/example_dags/example_subdag_operator.py
[2026-06-24T06:53:31.425+0000] {processor.py:840} INFO - DAG(s) 'example_subdag_operator.section-1', 'example_subdag_operator.section-2', 'example_subdag_operator' retrieved from /home/airflow/.local/lib/python3.12/site-packages/airflow/example_dags/example_subdag_operator.py
[2026-06-24T06:53:31.456+0000] {logging_mixin.py:188} INFO - [2026-06-24T06:53:31.456+0000] {dag.py:3096} INFO - Sync 3 DAGs
[2026-06-24T06:53:31.492+0000] {logging_mixin.py:188} INFO - [2026-06-24T06:53:31.492+0000] {dag.py:3954} INFO - Setting next_dagrun for example_subdag_operator to 2022-01-01 00:00:00+00:00, run_after=2022-01-01 00:00:00+00:00
[2026-06-24T06:53:31.496+0000] {logging_mixin.py:188} INFO - [2026-06-24T06:53:31.496+0000] {dag.py:3954} INFO - Setting next_dagrun for example_subdag_operator.section-1 to None, run_after=None
[2026-06-24T06:53:31.497+0000] {logging_mixin.py:188} INFO - [2026-06-24T06:53:31.497+0000] {dag.py:3954} INFO - Setting next_dagrun for example_subdag_operator.section-2 to None, run_after=None
[2026-06-24T06:53:31.505+0000] {logging_mixin.py:188} INFO - [2026-06-24T06:53:31.505+0000] {dag.py:3096} INFO - Sync 2 DAGs
[2026-06-24T06:53:31.510+0000] {logging_mixin.py:188} INFO - [2026-06-24T06:53:31.510+0000] {dag.py:3954} INFO - Setting next_dagrun for example_subdag_operator.section-1 to None, run_after=None
[2026-06-24T06:53:31.510+0000] {logging_mixin.py:188} INFO - [2026-06-24T06:53:31.510+0000] {dag.py:3954} INFO - Setting next_dagrun for example_subdag_operator.section-2 to None, run_after=None
[2026-06-24T06:53:31.523+0000] {processor.py:183} INFO - Processing /home/airflow/.local/lib/python3.12/site-packages/airflow/example_dags/example_subdag_operator.py took 0.156 seconds
[2026-06-24T06:54:02.488+0000] {processor.py:161} INFO - Started process (PID=968) to work on /home/airflow/.local/lib/python3.12/site-packages/airflow/example_dags/example_subdag_operator.py
[2026-06-24T06:54:02.491+0000] {processor.py:830} INFO - Processing file /home/airflow/.local/lib/python3.12/site-packages/airflow/example_dags/example_subdag_operator.py for tasks to queue
[2026-06-24T06:54:02.495+0000] {logging_mixin.py:188} INFO - [2026-06-24T06:54:02.495+0000] {dagbag.py:545} INFO - Filling up the DagBag from /home/airflow/.local/lib/python3.12/site-packages/airflow/example_dags/example_subdag_operator.py
[2026-06-24T06:54:02.604+0000] {processor.py:840} INFO - DAG(s) 'example_subdag_operator.section-1', 'example_subdag_operator.section-2', 'example_subdag_operator' retrieved from /home/airflow/.local/lib/python3.12/site-packages/airflow/example_dags/example_subdag_operator.py
[2026-06-24T06:54:02.696+0000] {logging_mixin.py:188} INFO - [2026-06-24T06:54:02.696+0000] {dag.py:3096} INFO - Sync 3 DAGs
[2026-06-24T06:54:02.835+0000] {logging_mixin.py:188} INFO - [2026-06-24T06:54:02.828+0000] {dag.py:3954} INFO - Setting next_dagrun for example_subdag_operator to 2022-01-01 00:00:00+00:00, run_after=2022-01-01 00:00:00+00:00
[2026-06-24T06:54:02.861+0000] {logging_mixin.py:188} INFO - [2026-06-24T06:54:02.855+0000] {dag.py:3954} INFO - Setting next_dagrun for example_subdag_operator.section-1 to None, run_after=None
[2026-06-24T06:54:02.867+0000] {logging_mixin.py:188} INFO - [2026-06-24T06:54:02.867+0000] {dag.py:3954} INFO - Setting next_dagrun for example_subdag_operator.section-2 to None, run_after=None
[2026-06-24T06:54:02.905+0000] {logging_mixin.py:188} INFO - [2026-06-24T06:54:02.905+0000] {dag.py:3096} INFO - Sync 2 DAGs
[2026-06-24T06:54:02.924+0000] {logging_mixin.py:188} INFO - [2026-06-24T06:54:02.924+0000] {dag.py:3954} INFO - Setting next_dagrun for example_subdag_operator.section-1 to None, run_after=None
[2026-06-24T06:54:02.928+0000] {logging_mixin.py:188} INFO - [2026-06-24T06:54:02.928+0000] {dag.py:3954} INFO - Setting next_dagrun for example_subdag_operator.section-2 to None, run_after=None
[2026-06-24T06:54:02.967+0000] {processor.py:183} INFO - Processing /home/airflow/.local/lib/python3.12/site-packages/airflow/example_dags/example_subdag_operator.py took 0.499 seconds
[2026-06-24T06:54:33.883+0000] {processor.py:161} INFO - Started process (PID=1027) to work on /home/airflow/.local/lib/python3.12/site-packages/airflow/example_dags/example_subdag_operator.py
[2026-06-24T06:54:33.884+0000] {processor.py:830} INFO - Processing file /home/airflow/.local/lib/python3.12/site-packages/airflow/example_dags/example_subdag_operator.py for tasks to queue
[2026-06-24T06:54:33.886+0000] {logging_mixin.py:188} INFO - [2026-06-24T06:54:33.886+0000] {dagbag.py:545} INFO - Filling up the DagBag from /home/airflow/.local/lib/python3.12/site-packages/airflow/example_dags/example_subdag_operator.py
[2026-06-24T06:54:33.928+0000] {processor.py:840} INFO - DAG(s) 'example_subdag_operator.section-1', 'example_subdag_operator.section-2', 'example_subdag_operator' retrieved from /home/airflow/.local/lib/python3.12/site-packages/airflow/example_dags/example_subdag_operator.py
[2026-06-24T06:54:33.969+0000] {logging_mixin.py:188} INFO - [2026-06-24T06:54:33.968+0000] {dag.py:3096} INFO - Sync 3 DAGs
[2026-06-24T06:54:34.087+0000] {logging_mixin.py:188} INFO - [2026-06-24T06:54:34.086+0000] {dag.py:3954} INFO - Setting next_dagrun for example_subdag_operator to 2022-01-01 00:00:00+00:00, run_after=2022-01-01 00:00:00+00:00
[2026-06-24T06:54:34.091+0000] {logging_mixin.py:188} INFO - [2026-06-24T06:54:34.091+0000] {dag.py:3954} INFO - Setting next_dagrun for example_subdag_operator.section-1 to None, run_after=None
[2026-06-24T06:54:34.093+0000] {logging_mixin.py:188} INFO - [2026-06-24T06:54:34.093+0000] {dag.py:3954} INFO - Setting next_dagrun for example_subdag_operator.section-2 to None, run_after=None
[2026-06-24T06:54:34.105+0000] {logging_mixin.py:188} INFO - [2026-06-24T06:54:34.104+0000] {dag.py:3096} INFO - Sync 2 DAGs
[2026-06-24T06:54:34.113+0000] {logging_mixin.py:188} INFO - [2026-06-24T06:54:34.113+0000] {dag.py:3954} INFO - Setting next_dagrun for example_subdag_operator.section-1 to None, run_after=None
[2026-06-24T06:54:34.113+0000] {logging_mixin.py:188} INFO - [2026-06-24T06:54:34.113+0000] {dag.py:3954} INFO - Setting next_dagrun for example_subdag_operator.section-2 to None, run_after=None
[2026-06-24T06:54:34.137+0000] {processor.py:183} INFO - Processing /home/airflow/.local/lib/python3.12/site-packages/airflow/example_dags/example_subdag_operator.py took 0.274 seconds
[2026-06-24T06:55:04.286+0000] {processor.py:161} INFO - Started process (PID=1086) to work on /home/airflow/.local/lib/python3.12/site-packages/airflow/example_dags/example_subdag_operator.py
[2026-06-24T06:55:04.288+0000] {processor.py:830} INFO - Processing file /home/airflow/.local/lib/python3.12/site-packages/airflow/example_dags/example_subdag_operator.py for tasks to queue
[2026-06-24T06:55:04.290+0000] {logging_mixin.py:188} INFO - [2026-06-24T06:55:04.290+0000] {dagbag.py:545} INFO - Filling up the DagBag from /home/airflow/.local/lib/python3.12/site-packages/airflow/example_dags/example_subdag_operator.py
[2026-06-24T06:55:04.319+0000] {processor.py:840} INFO - DAG(s) 'example_subdag_operator.section-1', 'example_subdag_operator.section-2', 'example_subdag_operator' retrieved from /home/airflow/.local/lib/python3.12/site-packages/airflow/example_dags/example_subdag_operator.py
[2026-06-24T06:55:04.348+0000] {logging_mixin.py:188} INFO - [2026-06-24T06:55:04.348+0000] {dag.py:3096} INFO - Sync 3 DAGs
[2026-06-24T06:55:04.384+0000] {logging_mixin.py:188} INFO - [2026-06-24T06:55:04.384+0000] {dag.py:3954} INFO - Setting next_dagrun for example_subdag_operator to 2022-01-01 00:00:00+00:00, run_after=2022-01-01 00:00:00+00:00
[2026-06-24T06:55:04.389+0000] {logging_mixin.py:188} INFO - [2026-06-24T06:55:04.388+0000] {dag.py:3954} INFO - Setting next_dagrun for example_subdag_operator.section-1 to None, run_after=None
[2026-06-24T06:55:04.390+0000] {logging_mixin.py:188} INFO - [2026-06-24T06:55:04.390+0000] {dag.py:3954} INFO - Setting next_dagrun for example_subdag_operator.section-2 to None, run_after=None
[2026-06-24T06:55:04.398+0000] {logging_mixin.py:188} INFO - [2026-06-24T06:55:04.398+0000] {dag.py:3096} INFO - Sync 2 DAGs
[2026-06-24T06:55:04.404+0000] {logging_mixin.py:188} INFO - [2026-06-24T06:55:04.404+0000] {dag.py:3954} INFO - Setting next_dagrun for example_subdag_operator.section-1 to None, run_after=None
[2026-06-24T06:55:04.405+0000] {logging_mixin.py:188} INFO - [2026-06-24T06:55:04.404+0000] {dag.py:3954} INFO - Setting next_dagrun for example_subdag_operator.section-2 to None, run_after=None
[2026-06-24T06:55:04.415+0000] {processor.py:183} INFO - Processing /home/airflow/.local/lib/python3.12/site-packages/airflow/example_dags/example_subdag_operator.py took 0.145 seconds
[2026-06-24T06:55:35.014+0000] {processor.py:161} INFO - Started process (PID=1145) to work on /home/airflow/.local/lib/python3.12/site-packages/airflow/example_dags/example_subdag_operator.py
[2026-06-24T06:55:35.015+0000] {processor.py:830} INFO - Processing file /home/airflow/.local/lib/python3.12/site-packages/airflow/example_dags/example_subdag_operator.py for tasks to queue
[2026-06-24T06:55:35.017+0000] {logging_mixin.py:188} INFO - [2026-06-24T06:55:35.017+0000] {dagbag.py:545} INFO - Filling up the DagBag from /home/airflow/.local/lib/python3.12/site-packages/airflow/example_dags/example_subdag_operator.py
[2026-06-24T06:55:35.047+0000] {processor.py:840} INFO - DAG(s) 'example_subdag_operator.section-1', 'example_subdag_operator.section-2', 'example_subdag_operator' retrieved from /home/airflow/.local/lib/python3.12/site-packages/airflow/example_dags/example_subdag_operator.py
[2026-06-24T06:55:35.071+0000] {logging_mixin.py:188} INFO - [2026-06-24T06:55:35.071+0000] {dag.py:3096} INFO - Sync 3 DAGs
[2026-06-24T06:55:35.105+0000] {logging_mixin.py:188} INFO - [2026-06-24T06:55:35.104+0000] {dag.py:3954} INFO - Setting next_dagrun for example_subdag_operator to 2022-01-01 00:00:00+00:00, run_after=2022-01-01 00:00:00+00:00
[2026-06-24T06:55:35.121+0000] {logging_mixin.py:188} INFO - [2026-06-24T06:55:35.121+0000] {dag.py:3954} INFO - Setting next_dagrun for example_subdag_operator.section-1 to None, run_after=None
[2026-06-24T06:55:35.122+0000] {logging_mixin.py:188} INFO - [2026-06-24T06:55:35.122+0000] {dag.py:3954} INFO - Setting next_dagrun for example_subdag_operator.section-2 to None, run_after=None
[2026-06-24T06:55:35.131+0000] {logging_mixin.py:188} INFO - [2026-06-24T06:55:35.131+0000] {dag.py:3096} INFO - Sync 2 DAGs
[2026-06-24T06:55:35.137+0000] {logging_mixin.py:188} INFO - [2026-06-24T06:55:35.137+0000] {dag.py:3954} INFO - Setting next_dagrun for example_subdag_operator.section-1 to None, run_after=None
[2026-06-24T06:55:35.137+0000] {logging_mixin.py:188} INFO - [2026-06-24T06:55:35.137+0000] {dag.py:3954} INFO - Setting next_dagrun for example_subdag_operator.section-2 to None, run_after=None
[2026-06-24T06:55:35.147+0000] {processor.py:183} INFO - Processing /home/airflow/.local/lib/python3.12/site-packages/airflow/example_dags/example_subdag_operator.py took 0.140 seconds
[2026-06-24T06:56:05.199+0000] {processor.py:161} INFO - Started process (PID=1204) to work on /home/airflow/.local/lib/python3.12/site-packages/airflow/example_dags/example_subdag_operator.py
[2026-06-24T06:56:05.200+0000] {processor.py:830} INFO - Processing file /home/airflow/.local/lib/python3.12/site-packages/airflow/example_dags/example_subdag_operator.py for tasks to queue
[2026-06-24T06:56:05.202+0000] {logging_mixin.py:188} INFO - [2026-06-24T06:56:05.202+0000] {dagbag.py:545} INFO - Filling up the DagBag from /home/airflow/.local/lib/python3.12/site-packages/airflow/example_dags/example_subdag_operator.py
[2026-06-24T06:56:05.236+0000] {processor.py:840} INFO - DAG(s) 'example_subdag_operator.section-1', 'example_subdag_operator.section-2', 'example_subdag_operator' retrieved from /home/airflow/.local/lib/python3.12/site-packages/airflow/example_dags/example_subdag_operator.py
[2026-06-24T06:56:05.258+0000] {logging_mixin.py:188} INFO - [2026-06-24T06:56:05.257+0000] {dag.py:3096} INFO - Sync 3 DAGs
[2026-06-24T06:56:05.289+0000] {logging_mixin.py:188} INFO - [2026-06-24T06:56:05.289+0000] {dag.py:3954} INFO - Setting next_dagrun for example_subdag_operator to 2022-01-01 00:00:00+00:00, run_after=2022-01-01 00:00:00+00:00
[2026-06-24T06:56:05.294+0000] {logging_mixin.py:188} INFO - [2026-06-24T06:56:05.294+0000] {dag.py:3954} INFO - Setting next_dagrun for example_subdag_operator.section-1 to None, run_after=None
[2026-06-24T06:56:05.295+0000] {logging_mixin.py:188} INFO - [2026-06-24T06:56:05.295+0000] {dag.py:3954} INFO - Setting next_dagrun for example_subdag_operator.section-2 to None, run_after=None
[2026-06-24T06:56:05.303+0000] {logging_mixin.py:188} INFO - [2026-06-24T06:56:05.302+0000] {dag.py:3096} INFO - Sync 2 DAGs
[2026-06-24T06:56:05.308+0000] {logging_mixin.py:188} INFO - [2026-06-24T06:56:05.308+0000] {dag.py:3954} INFO - Setting next_dagrun for example_subdag_operator.section-1 to None, run_after=None
[2026-06-24T06:56:05.309+0000] {logging_mixin.py:188} INFO - [2026-06-24T06:56:05.309+0000] {dag.py:3954} INFO - Setting next_dagrun for example_subdag_operator.section-2 to None, run_after=None
[2026-06-24T06:56:05.320+0000] {processor.py:183} INFO - Processing /home/airflow/.local/lib/python3.12/site-packages/airflow/example_dags/example_subdag_operator.py took 0.127 seconds
[2026-06-24T06:56:35.417+0000] {processor.py:161} INFO - Started process (PID=1263) to work on /home/airflow/.local/lib/python3.12/site-packages/airflow/example_dags/example_subdag_operator.py
[2026-06-24T06:56:35.420+0000] {processor.py:830} INFO - Processing file /home/airflow/.local/lib/python3.12/site-packages/airflow/example_dags/example_subdag_operator.py for tasks to queue
[2026-06-24T06:56:35.424+0000] {logging_mixin.py:188} INFO - [2026-06-24T06:56:35.423+0000] {dagbag.py:545} INFO - Filling up the DagBag from /home/airflow/.local/lib/python3.12/site-packages/airflow/example_dags/example_subdag_operator.py
[2026-06-24T06:56:35.455+0000] {processor.py:840} INFO - DAG(s) 'example_subdag_operator.section-1', 'example_subdag_operator.section-2', 'example_subdag_operator' retrieved from /home/airflow/.local/lib/python3.12/site-packages/airflow/example_dags/example_subdag_operator.py
[2026-06-24T06:56:35.477+0000] {logging_mixin.py:188} INFO - [2026-06-24T06:56:35.477+0000] {dag.py:3096} INFO - Sync 3 DAGs
[2026-06-24T06:56:35.509+0000] {logging_mixin.py:188} INFO - [2026-06-24T06:56:35.509+0000] {dag.py:3954} INFO - Setting next_dagrun for example_subdag_operator to 2022-01-01 00:00:00+00:00, run_after=2022-01-01 00:00:00+00:00
[2026-06-24T06:56:35.514+0000] {logging_mixin.py:188} INFO - [2026-06-24T06:56:35.513+0000] {dag.py:3954} INFO - Setting next_dagrun for example_subdag_operator.section-1 to None, run_after=None
[2026-06-24T06:56:35.515+0000] {logging_mixin.py:188} INFO - [2026-06-24T06:56:35.515+0000] {dag.py:3954} INFO - Setting next_dagrun for example_subdag_operator.section-2 to None, run_after=None
[2026-06-24T06:56:35.525+0000] {logging_mixin.py:188} INFO - [2026-06-24T06:56:35.525+0000] {dag.py:3096} INFO - Sync 2 DAGs
[2026-06-24T06:56:35.531+0000] {logging_mixin.py:188} INFO - [2026-06-24T06:56:35.531+0000] {dag.py:3954} INFO - Setting next_dagrun for example_subdag_operator.section-1 to None, run_after=None
[2026-06-24T06:56:35.532+0000] {logging_mixin.py:188} INFO - [2026-06-24T06:56:35.532+0000] {dag.py:3954} INFO - Setting next_dagrun for example_subdag_operator.section-2 to None, run_after=None
[2026-06-24T06:56:35.569+0000] {processor.py:183} INFO - Processing /home/airflow/.local/lib/python3.12/site-packages/airflow/example_dags/example_subdag_operator.py took 0.159 seconds
[2026-06-24T06:57:05.862+0000] {processor.py:161} INFO - Started process (PID=1322) to work on /home/airflow/.local/lib/python3.12/site-packages/airflow/example_dags/example_subdag_operator.py
[2026-06-24T06:57:05.864+0000] {processor.py:830} INFO - Processing file /home/airflow/.local/lib/python3.12/site-packages/airflow/example_dags/example_subdag_operator.py for tasks to queue
[2026-06-24T06:57:05.870+0000] {logging_mixin.py:188} INFO - [2026-06-24T06:57:05.870+0000] {dagbag.py:545} INFO - Filling up the DagBag from /home/airflow/.local/lib/python3.12/site-packages/airflow/example_dags/example_subdag_operator.py
[2026-06-24T06:57:05.937+0000] {processor.py:840} INFO - DAG(s) 'example_subdag_operator.section-1', 'example_subdag_operator.section-2', 'example_subdag_operator' retrieved from /home/airflow/.local/lib/python3.12/site-packages/airflow/example_dags/example_subdag_operator.py
[2026-06-24T06:57:05.977+0000] {logging_mixin.py:188} INFO - [2026-06-24T06:57:05.976+0000] {dag.py:3096} INFO - Sync 3 DAGs
[2026-06-24T06:57:06.008+0000] {logging_mixin.py:188} INFO - [2026-06-24T06:57:06.008+0000] {dag.py:3954} INFO - Setting next_dagrun for example_subdag_operator to 2022-01-01 00:00:00+00:00, run_after=2022-01-01 00:00:00+00:00
[2026-06-24T06:57:06.013+0000] {logging_mixin.py:188} INFO - [2026-06-24T06:57:06.012+0000] {dag.py:3954} INFO - Setting next_dagrun for example_subdag_operator.section-1 to None, run_after=None
[2026-06-24T06:57:06.014+0000] {logging_mixin.py:188} INFO - [2026-06-24T06:57:06.014+0000] {dag.py:3954} INFO - Setting next_dagrun for example_subdag_operator.section-2 to None, run_after=None
[2026-06-24T06:57:06.021+0000] {logging_mixin.py:188} INFO - [2026-06-24T06:57:06.020+0000] {dag.py:3096} INFO - Sync 2 DAGs
[2026-06-24T06:57:06.025+0000] {logging_mixin.py:188} INFO - [2026-06-24T06:57:06.025+0000] {dag.py:3954} INFO - Setting next_dagrun for example_subdag_operator.section-1 to None, run_after=None
[2026-06-24T06:57:06.025+0000] {logging_mixin.py:188} INFO - [2026-06-24T06:57:06.025+0000] {dag.py:3954} INFO - Setting next_dagrun for example_subdag_operator.section-2 to None, run_after=None
[2026-06-24T06:57:06.035+0000] {processor.py:183} INFO - Processing /home/airflow/.local/lib/python3.12/site-packages/airflow/example_dags/example_subdag_operator.py took 0.188 seconds
[2026-06-24T06:57:36.392+0000] {processor.py:161} INFO - Started process (PID=1381) to work on /home/airflow/.local/lib/python3.12/site-packages/airflow/example_dags/example_subdag_operator.py
[2026-06-24T06:57:36.397+0000] {processor.py:830} INFO - Processing file /home/airflow/.local/lib/python3.12/site-packages/airflow/example_dags/example_subdag_operator.py for tasks to queue
[2026-06-24T06:57:36.404+0000] {logging_mixin.py:188} INFO - [2026-06-24T06:57:36.403+0000] {dagbag.py:545} INFO - Filling up the DagBag from /home/airflow/.local/lib/python3.12/site-packages/airflow/example_dags/example_subdag_operator.py
[2026-06-24T06:57:36.525+0000] {processor.py:840} INFO - DAG(s) 'example_subdag_operator.section-1', 'example_subdag_operator.section-2', 'example_subdag_operator' retrieved from /home/airflow/.local/lib/python3.12/site-packages/airflow/example_dags/example_subdag_operator.py
[2026-06-24T06:57:36.619+0000] {logging_mixin.py:188} INFO - [2026-06-24T06:57:36.619+0000] {dag.py:3096} INFO - Sync 3 DAGs
[2026-06-24T06:57:36.818+0000] {logging_mixin.py:188} INFO - [2026-06-24T06:57:36.815+0000] {dag.py:3954} INFO - Setting next_dagrun for example_subdag_operator to 2022-01-01 00:00:00+00:00, run_after=2022-01-01 00:00:00+00:00
[2026-06-24T06:57:36.845+0000] {logging_mixin.py:188} INFO - [2026-06-24T06:57:36.845+0000] {dag.py:3954} INFO - Setting next_dagrun for example_subdag_operator.section-1 to None, run_after=None
[2026-06-24T06:57:36.849+0000] {logging_mixin.py:188} INFO - [2026-06-24T06:57:36.849+0000] {dag.py:3954} INFO - Setting next_dagrun for example_subdag_operator.section-2 to None, run_after=None
[2026-06-24T06:57:36.865+0000] {logging_mixin.py:188} INFO - [2026-06-24T06:57:36.865+0000] {dag.py:3096} INFO - Sync 2 DAGs
[2026-06-24T06:57:36.881+0000] {logging_mixin.py:188} INFO - [2026-06-24T06:57:36.881+0000] {dag.py:3954} INFO - Setting next_dagrun for example_subdag_operator.section-1 to None, run_after=None
[2026-06-24T06:57:36.884+0000] {logging_mixin.py:188} INFO - [2026-06-24T06:57:36.884+0000] {dag.py:3954} INFO - Setting next_dagrun for example_subdag_operator.section-2 to None, run_after=None
[2026-06-24T06:57:36.907+0000] {processor.py:183} INFO - Processing /home/airflow/.local/lib/python3.12/site-packages/airflow/example_dags/example_subdag_operator.py took 0.530 seconds
[2026-06-24T06:58:07.468+0000] {processor.py:161} INFO - Started process (PID=1439) to work on /home/airflow/.local/lib/python3.12/site-packages/airflow/example_dags/example_subdag_operator.py
[2026-06-24T06:58:07.474+0000] {processor.py:830} INFO - Processing file /home/airflow/.local/lib/python3.12/site-packages/airflow/example_dags/example_subdag_operator.py for tasks to queue
[2026-06-24T06:58:07.479+0000] {logging_mixin.py:188} INFO - [2026-06-24T06:58:07.479+0000] {dagbag.py:545} INFO - Filling up the DagBag from /home/airflow/.local/lib/python3.12/site-packages/airflow/example_dags/example_subdag_operator.py
[2026-06-24T06:58:07.574+0000] {processor.py:840} INFO - DAG(s) 'example_subdag_operator.section-1', 'example_subdag_operator.section-2', 'example_subdag_operator' retrieved from /home/airflow/.local/lib/python3.12/site-packages/airflow/example_dags/example_subdag_operator.py
[2026-06-24T06:58:07.647+0000] {logging_mixin.py:188} INFO - [2026-06-24T06:58:07.646+0000] {dag.py:3096} INFO - Sync 3 DAGs
[2026-06-24T06:58:07.696+0000] {logging_mixin.py:188} INFO - [2026-06-24T06:58:07.695+0000] {dag.py:3954} INFO - Setting next_dagrun for example_subdag_operator to 2022-01-01 00:00:00+00:00, run_after=2022-01-01 00:00:00+00:00
[2026-06-24T06:58:07.701+0000] {logging_mixin.py:188} INFO - [2026-06-24T06:58:07.700+0000] {dag.py:3954} INFO - Setting next_dagrun for example_subdag_operator.section-1 to None, run_after=None
[2026-06-24T06:58:07.702+0000] {logging_mixin.py:188} INFO - [2026-06-24T06:58:07.702+0000] {dag.py:3954} INFO - Setting next_dagrun for example_subdag_operator.section-2 to None, run_after=None
[2026-06-24T06:58:07.710+0000] {logging_mixin.py:188} INFO - [2026-06-24T06:58:07.710+0000] {dag.py:3096} INFO - Sync 2 DAGs
[2026-06-24T06:58:07.717+0000] {logging_mixin.py:188} INFO - [2026-06-24T06:58:07.716+0000] {dag.py:3954} INFO - Setting next_dagrun for example_subdag_operator.section-1 to None, run_after=None
[2026-06-24T06:58:07.717+0000] {logging_mixin.py:188} INFO - [2026-06-24T06:58:07.717+0000] {dag.py:3954} INFO - Setting next_dagrun for example_subdag_operator.section-2 to None, run_after=None
[2026-06-24T06:58:07.742+0000] {processor.py:183} INFO - Processing /home/airflow/.local/lib/python3.12/site-packages/airflow/example_dags/example_subdag_operator.py took 0.295 seconds
[2026-06-24T06:58:38.273+0000] {processor.py:161} INFO - Started process (PID=1498) to work on /home/airflow/.local/lib/python3.12/site-packages/airflow/example_dags/example_subdag_operator.py
[2026-06-24T06:58:38.274+0000] {processor.py:830} INFO - Processing file /home/airflow/.local/lib/python3.12/site-packages/airflow/example_dags/example_subdag_operator.py for tasks to queue
[2026-06-24T06:58:38.276+0000] {logging_mixin.py:188} INFO - [2026-06-24T06:58:38.276+0000] {dagbag.py:545} INFO - Filling up the DagBag from /home/airflow/.local/lib/python3.12/site-packages/airflow/example_dags/example_subdag_operator.py
[2026-06-24T06:58:38.304+0000] {processor.py:840} INFO - DAG(s) 'example_subdag_operator.section-1', 'example_subdag_operator.section-2', 'example_subdag_operator' retrieved from /home/airflow/.local/lib/python3.12/site-packages/airflow/example_dags/example_subdag_operator.py
[2026-06-24T06:58:38.334+0000] {logging_mixin.py:188} INFO - [2026-06-24T06:58:38.334+0000] {dag.py:3096} INFO - Sync 3 DAGs
[2026-06-24T06:58:38.383+0000] {logging_mixin.py:188} INFO - [2026-06-24T06:58:38.383+0000] {dag.py:3954} INFO - Setting next_dagrun for example_subdag_operator to 2022-01-01 00:00:00+00:00, run_after=2022-01-01 00:00:00+00:00
[2026-06-24T06:58:38.391+0000] {logging_mixin.py:188} INFO - [2026-06-24T06:58:38.391+0000] {dag.py:3954} INFO - Setting next_dagrun for example_subdag_operator.section-1 to None, run_after=None
[2026-06-24T06:58:38.394+0000] {logging_mixin.py:188} INFO - [2026-06-24T06:58:38.394+0000] {dag.py:3954} INFO - Setting next_dagrun for example_subdag_operator.section-2 to None, run_after=None
[2026-06-24T06:58:38.409+0000] {logging_mixin.py:188} INFO - [2026-06-24T06:58:38.408+0000] {dag.py:3096} INFO - Sync 2 DAGs
[2026-06-24T06:58:38.421+0000] {logging_mixin.py:188} INFO - [2026-06-24T06:58:38.421+0000] {dag.py:3954} INFO - Setting next_dagrun for example_subdag_operator.section-1 to None, run_after=None
[2026-06-24T06:58:38.422+0000] {logging_mixin.py:188} INFO - [2026-06-24T06:58:38.421+0000] {dag.py:3954} INFO - Setting next_dagrun for example_subdag_operator.section-2 to None, run_after=None
[2026-06-24T06:58:38.437+0000] {processor.py:183} INFO - Processing /home/airflow/.local/lib/python3.12/site-packages/airflow/example_dags/example_subdag_operator.py took 0.172 seconds
[2026-06-24T06:59:08.685+0000] {processor.py:161} INFO - Started process (PID=1558) to work on /home/airflow/.local/lib/python3.12/site-packages/airflow/example_dags/example_subdag_operator.py
[2026-06-24T06:59:08.687+0000] {processor.py:830} INFO - Processing file /home/airflow/.local/lib/python3.12/site-packages/airflow/example_dags/example_subdag_operator.py for tasks to queue
[2026-06-24T06:59:08.689+0000] {logging_mixin.py:188} INFO - [2026-06-24T06:59:08.688+0000] {dagbag.py:545} INFO - Filling up the DagBag from /home/airflow/.local/lib/python3.12/site-packages/airflow/example_dags/example_subdag_operator.py
[2026-06-24T06:59:08.753+0000] {processor.py:840} INFO - DAG(s) 'example_subdag_operator.section-1', 'example_subdag_operator.section-2', 'example_subdag_operator' retrieved from /home/airflow/.local/lib/python3.12/site-packages/airflow/example_dags/example_subdag_operator.py
[2026-06-24T06:59:08.777+0000] {logging_mixin.py:188} INFO - [2026-06-24T06:59:08.776+0000] {dag.py:3096} INFO - Sync 3 DAGs
[2026-06-24T06:59:08.806+0000] {logging_mixin.py:188} INFO - [2026-06-24T06:59:08.805+0000] {dag.py:3954} INFO - Setting next_dagrun for example_subdag_operator to 2022-01-01 00:00:00+00:00, run_after=2022-01-01 00:00:00+00:00
[2026-06-24T06:59:08.810+0000] {logging_mixin.py:188} INFO - [2026-06-24T06:59:08.810+0000] {dag.py:3954} INFO - Setting next_dagrun for example_subdag_operator.section-1 to None, run_after=None
[2026-06-24T06:59:08.812+0000] {logging_mixin.py:188} INFO - [2026-06-24T06:59:08.811+0000] {dag.py:3954} INFO - Setting next_dagrun for example_subdag_operator.section-2 to None, run_after=None
[2026-06-24T06:59:08.820+0000] {logging_mixin.py:188} INFO - [2026-06-24T06:59:08.820+0000] {dag.py:3096} INFO - Sync 2 DAGs
[2026-06-24T06:59:08.830+0000] {logging_mixin.py:188} INFO - [2026-06-24T06:59:08.830+0000] {dag.py:3954} INFO - Setting next_dagrun for example_subdag_operator.section-1 to None, run_after=None
[2026-06-24T06:59:08.831+0000] {logging_mixin.py:188} INFO - [2026-06-24T06:59:08.831+0000] {dag.py:3954} INFO - Setting next_dagrun for example_subdag_operator.section-2 to None, run_after=None
[2026-06-24T06:59:08.840+0000] {processor.py:183} INFO - Processing /home/airflow/.local/lib/python3.12/site-packages/airflow/example_dags/example_subdag_operator.py took 0.164 seconds
[2026-06-24T06:59:39.743+0000] {processor.py:161} INFO - Started process (PID=1617) to work on /home/airflow/.local/lib/python3.12/site-packages/airflow/example_dags/example_subdag_operator.py
[2026-06-24T06:59:39.744+0000] {processor.py:830} INFO - Processing file /home/airflow/.local/lib/python3.12/site-packages/airflow/example_dags/example_subdag_operator.py for tasks to queue
[2026-06-24T06:59:39.746+0000] {logging_mixin.py:188} INFO - [2026-06-24T06:59:39.746+0000] {dagbag.py:545} INFO - Filling up the DagBag from /home/airflow/.local/lib/python3.12/site-packages/airflow/example_dags/example_subdag_operator.py
[2026-06-24T06:59:39.780+0000] {processor.py:840} INFO - DAG(s) 'example_subdag_operator.section-1', 'example_subdag_operator.section-2', 'example_subdag_operator' retrieved from /home/airflow/.local/lib/python3.12/site-packages/airflow/example_dags/example_subdag_operator.py
[2026-06-24T06:59:39.804+0000] {logging_mixin.py:188} INFO - [2026-06-24T06:59:39.803+0000] {dag.py:3096} INFO - Sync 3 DAGs
[2026-06-24T06:59:39.844+0000] {logging_mixin.py:188} INFO - [2026-06-24T06:59:39.844+0000] {dag.py:3954} INFO - Setting next_dagrun for example_subdag_operator to 2022-01-01 00:00:00+00:00, run_after=2022-01-01 00:00:00+00:00
[2026-06-24T06:59:39.856+0000] {logging_mixin.py:188} INFO - [2026-06-24T06:59:39.855+0000] {dag.py:3954} INFO - Setting next_dagrun for example_subdag_operator.section-1 to None, run_after=None
[2026-06-24T06:59:39.858+0000] {logging_mixin.py:188} INFO - [2026-06-24T06:59:39.857+0000] {dag.py:3954} INFO - Setting next_dagrun for example_subdag_operator.section-2 to None, run_after=None
[2026-06-24T06:59:39.868+0000] {logging_mixin.py:188} INFO - [2026-06-24T06:59:39.867+0000] {dag.py:3096} INFO - Sync 2 DAGs
[2026-06-24T06:59:39.874+0000] {logging_mixin.py:188} INFO - [2026-06-24T06:59:39.874+0000] {dag.py:3954} INFO - Setting next_dagrun for example_subdag_operator.section-1 to None, run_after=None
[2026-06-24T06:59:39.875+0000] {logging_mixin.py:188} INFO - [2026-06-24T06:59:39.874+0000] {dag.py:3954} INFO - Setting next_dagrun for example_subdag_operator.section-2 to None, run_after=None
[2026-06-24T06:59:39.888+0000] {processor.py:183} INFO - Processing /home/airflow/.local/lib/python3.12/site-packages/airflow/example_dags/example_subdag_operator.py took 0.152 seconds
[2026-06-24T07:00:09.955+0000] {processor.py:161} INFO - Started process (PID=1677) to work on /home/airflow/.local/lib/python3.12/site-packages/airflow/example_dags/example_subdag_operator.py
[2026-06-24T07:00:09.956+0000] {processor.py:830} INFO - Processing file /home/airflow/.local/lib/python3.12/site-packages/airflow/example_dags/example_subdag_operator.py for tasks to queue
[2026-06-24T07:00:09.958+0000] {logging_mixin.py:188} INFO - [2026-06-24T07:00:09.958+0000] {dagbag.py:545} INFO - Filling up the DagBag from /home/airflow/.local/lib/python3.12/site-packages/airflow/example_dags/example_subdag_operator.py
[2026-06-24T07:00:09.988+0000] {processor.py:840} INFO - DAG(s) 'example_subdag_operator.section-1', 'example_subdag_operator.section-2', 'example_subdag_operator' retrieved from /home/airflow/.local/lib/python3.12/site-packages/airflow/example_dags/example_subdag_operator.py
[2026-06-24T07:00:10.010+0000] {logging_mixin.py:188} INFO - [2026-06-24T07:00:10.010+0000] {dag.py:3096} INFO - Sync 3 DAGs
[2026-06-24T07:00:10.040+0000] {logging_mixin.py:188} INFO - [2026-06-24T07:00:10.039+0000] {dag.py:3954} INFO - Setting next_dagrun for example_subdag_operator to 2022-01-01 00:00:00+00:00, run_after=2022-01-01 00:00:00+00:00
[2026-06-24T07:00:10.046+0000] {logging_mixin.py:188} INFO - [2026-06-24T07:00:10.045+0000] {dag.py:3954} INFO - Setting next_dagrun for example_subdag_operator.section-1 to None, run_after=None
[2026-06-24T07:00:10.047+0000] {logging_mixin.py:188} INFO - [2026-06-24T07:00:10.047+0000] {dag.py:3954} INFO - Setting next_dagrun for example_subdag_operator.section-2 to None, run_after=None
[2026-06-24T07:00:10.056+0000] {logging_mixin.py:188} INFO - [2026-06-24T07:00:10.056+0000] {dag.py:3096} INFO - Sync 2 DAGs
[2026-06-24T07:00:10.062+0000] {logging_mixin.py:188} INFO - [2026-06-24T07:00:10.061+0000] {dag.py:3954} INFO - Setting next_dagrun for example_subdag_operator.section-1 to None, run_after=None
[2026-06-24T07:00:10.062+0000] {logging_mixin.py:188} INFO - [2026-06-24T07:00:10.062+0000] {dag.py:3954} INFO - Setting next_dagrun for example_subdag_operator.section-2 to None, run_after=None
[2026-06-24T07:00:10.080+0000] {processor.py:183} INFO - Processing /home/airflow/.local/lib/python3.12/site-packages/airflow/example_dags/example_subdag_operator.py took 0.132 seconds
[2026-06-24T07:00:41.006+0000] {processor.py:161} INFO - Started process (PID=1735) to work on /home/airflow/.local/lib/python3.12/site-packages/airflow/example_dags/example_subdag_operator.py
[2026-06-24T07:00:41.011+0000] {processor.py:830} INFO - Processing file /home/airflow/.local/lib/python3.12/site-packages/airflow/example_dags/example_subdag_operator.py for tasks to queue
[2026-06-24T07:00:41.013+0000] {logging_mixin.py:188} INFO - [2026-06-24T07:00:41.013+0000] {dagbag.py:545} INFO - Filling up the DagBag from /home/airflow/.local/lib/python3.12/site-packages/airflow/example_dags/example_subdag_operator.py
[2026-06-24T07:00:41.053+0000] {processor.py:840} INFO - DAG(s) 'example_subdag_operator.section-1', 'example_subdag_operator.section-2', 'example_subdag_operator' retrieved from /home/airflow/.local/lib/python3.12/site-packages/airflow/example_dags/example_subdag_operator.py
[2026-06-24T07:00:41.088+0000] {logging_mixin.py:188} INFO - [2026-06-24T07:00:41.088+0000] {dag.py:3096} INFO - Sync 3 DAGs
[2026-06-24T07:00:41.143+0000] {logging_mixin.py:188} INFO - [2026-06-24T07:00:41.142+0000] {dag.py:3954} INFO - Setting next_dagrun for example_subdag_operator to 2022-01-01 00:00:00+00:00, run_after=2022-01-01 00:00:00+00:00
[2026-06-24T07:00:41.159+0000] {logging_mixin.py:188} INFO - [2026-06-24T07:00:41.159+0000] {dag.py:3954} INFO - Setting next_dagrun for example_subdag_operator.section-1 to None, run_after=None
[2026-06-24T07:00:41.163+0000] {logging_mixin.py:188} INFO - [2026-06-24T07:00:41.163+0000] {dag.py:3954} INFO - Setting next_dagrun for example_subdag_operator.section-2 to None, run_after=None
[2026-06-24T07:00:41.178+0000] {logging_mixin.py:188} INFO - [2026-06-24T07:00:41.178+0000] {dag.py:3096} INFO - Sync 2 DAGs
[2026-06-24T07:00:41.186+0000] {logging_mixin.py:188} INFO - [2026-06-24T07:00:41.186+0000] {dag.py:3954} INFO - Setting next_dagrun for example_subdag_operator.section-1 to None, run_after=None
[2026-06-24T07:00:41.186+0000] {logging_mixin.py:188} INFO - [2026-06-24T07:00:41.186+0000] {dag.py:3954} INFO - Setting next_dagrun for example_subdag_operator.section-2 to None, run_after=None
[2026-06-24T07:00:41.196+0000] {processor.py:183} INFO - Processing /home/airflow/.local/lib/python3.12/site-packages/airflow/example_dags/example_subdag_operator.py took 0.196 seconds
[2026-06-24T07:01:11.385+0000] {processor.py:161} INFO - Started process (PID=1794) to work on /home/airflow/.local/lib/python3.12/site-packages/airflow/example_dags/example_subdag_operator.py
[2026-06-24T07:01:11.388+0000] {processor.py:830} INFO - Processing file /home/airflow/.local/lib/python3.12/site-packages/airflow/example_dags/example_subdag_operator.py for tasks to queue
[2026-06-24T07:01:11.392+0000] {logging_mixin.py:188} INFO - [2026-06-24T07:01:11.392+0000] {dagbag.py:545} INFO - Filling up the DagBag from /home/airflow/.local/lib/python3.12/site-packages/airflow/example_dags/example_subdag_operator.py
[2026-06-24T07:01:11.460+0000] {processor.py:840} INFO - DAG(s) 'example_subdag_operator.section-1', 'example_subdag_operator.section-2', 'example_subdag_operator' retrieved from /home/airflow/.local/lib/python3.12/site-packages/airflow/example_dags/example_subdag_operator.py
[2026-06-24T07:01:11.949+0000] {logging_mixin.py:188} INFO - [2026-06-24T07:01:11.949+0000] {dag.py:3096} INFO - Sync 3 DAGs
[2026-06-24T07:01:12.124+0000] {logging_mixin.py:188} INFO - [2026-06-24T07:01:12.124+0000] {dag.py:3954} INFO - Setting next_dagrun for example_subdag_operator to 2022-01-01 00:00:00+00:00, run_after=2022-01-01 00:00:00+00:00
[2026-06-24T07:01:12.149+0000] {logging_mixin.py:188} INFO - [2026-06-24T07:01:12.149+0000] {dag.py:3954} INFO - Setting next_dagrun for example_subdag_operator.section-1 to None, run_after=None
[2026-06-24T07:01:12.153+0000] {logging_mixin.py:188} INFO - [2026-06-24T07:01:12.153+0000] {dag.py:3954} INFO - Setting next_dagrun for example_subdag_operator.section-2 to None, run_after=None
[2026-06-24T07:01:12.172+0000] {logging_mixin.py:188} INFO - [2026-06-24T07:01:12.172+0000] {dag.py:3096} INFO - Sync 2 DAGs
[2026-06-24T07:01:12.188+0000] {logging_mixin.py:188} INFO - [2026-06-24T07:01:12.188+0000] {dag.py:3954} INFO - Setting next_dagrun for example_subdag_operator.section-1 to None, run_after=None
[2026-06-24T07:01:12.191+0000] {logging_mixin.py:188} INFO - [2026-06-24T07:01:12.191+0000] {dag.py:3954} INFO - Setting next_dagrun for example_subdag_operator.section-2 to None, run_after=None
[2026-06-24T07:01:12.226+0000] {processor.py:183} INFO - Processing /home/airflow/.local/lib/python3.12/site-packages/airflow/example_dags/example_subdag_operator.py took 0.859 seconds
[2026-06-24T07:01:42.771+0000] {processor.py:161} INFO - Started process (PID=1853) to work on /home/airflow/.local/lib/python3.12/site-packages/airflow/example_dags/example_subdag_operator.py
[2026-06-24T07:01:42.773+0000] {processor.py:830} INFO - Processing file /home/airflow/.local/lib/python3.12/site-packages/airflow/example_dags/example_subdag_operator.py for tasks to queue
[2026-06-24T07:01:42.776+0000] {logging_mixin.py:188} INFO - [2026-06-24T07:01:42.776+0000] {dagbag.py:545} INFO - Filling up the DagBag from /home/airflow/.local/lib/python3.12/site-packages/airflow/example_dags/example_subdag_operator.py
[2026-06-24T07:01:42.825+0000] {processor.py:840} INFO - DAG(s) 'example_subdag_operator.section-1', 'example_subdag_operator.section-2', 'example_subdag_operator' retrieved from /home/airflow/.local/lib/python3.12/site-packages/airflow/example_dags/example_subdag_operator.py
[2026-06-24T07:01:42.875+0000] {logging_mixin.py:188} INFO - [2026-06-24T07:01:42.874+0000] {dag.py:3096} INFO - Sync 3 DAGs
[2026-06-24T07:01:43.014+0000] {logging_mixin.py:188} INFO - [2026-06-24T07:01:43.014+0000] {dag.py:3954} INFO - Setting next_dagrun for example_subdag_operator to 2022-01-01 00:00:00+00:00, run_after=2022-01-01 00:00:00+00:00
[2026-06-24T07:01:43.039+0000] {logging_mixin.py:188} INFO - [2026-06-24T07:01:43.036+0000] {dag.py:3954} INFO - Setting next_dagrun for example_subdag_operator.section-1 to None, run_after=None
[2026-06-24T07:01:43.046+0000] {logging_mixin.py:188} INFO - [2026-06-24T07:01:43.046+0000] {dag.py:3954} INFO - Setting next_dagrun for example_subdag_operator.section-2 to None, run_after=None
[2026-06-24T07:01:43.089+0000] {logging_mixin.py:188} INFO - [2026-06-24T07:01:43.089+0000] {dag.py:3096} INFO - Sync 2 DAGs
[2026-06-24T07:01:43.134+0000] {logging_mixin.py:188} INFO - [2026-06-24T07:01:43.134+0000] {dag.py:3954} INFO - Setting next_dagrun for example_subdag_operator.section-1 to None, run_after=None
[2026-06-24T07:01:43.138+0000] {logging_mixin.py:188} INFO - [2026-06-24T07:01:43.138+0000] {dag.py:3954} INFO - Setting next_dagrun for example_subdag_operator.section-2 to None, run_after=None
[2026-06-24T07:01:43.278+0000] {processor.py:183} INFO - Processing /home/airflow/.local/lib/python3.12/site-packages/airflow/example_dags/example_subdag_operator.py took 0.523 seconds
[2026-06-24T07:02:13.853+0000] {processor.py:161} INFO - Started process (PID=1912) to work on /home/airflow/.local/lib/python3.12/site-packages/airflow/example_dags/example_subdag_operator.py
[2026-06-24T07:02:13.854+0000] {processor.py:830} INFO - Processing file /home/airflow/.local/lib/python3.12/site-packages/airflow/example_dags/example_subdag_operator.py for tasks to queue
[2026-06-24T07:02:13.856+0000] {logging_mixin.py:188} INFO - [2026-06-24T07:02:13.856+0000] {dagbag.py:545} INFO - Filling up the DagBag from /home/airflow/.local/lib/python3.12/site-packages/airflow/example_dags/example_subdag_operator.py
[2026-06-24T07:02:13.887+0000] {processor.py:840} INFO - DAG(s) 'example_subdag_operator.section-1', 'example_subdag_operator.section-2', 'example_subdag_operator' retrieved from /home/airflow/.local/lib/python3.12/site-packages/airflow/example_dags/example_subdag_operator.py
[2026-06-24T07:02:13.909+0000] {logging_mixin.py:188} INFO - [2026-06-24T07:02:13.909+0000] {dag.py:3096} INFO - Sync 3 DAGs
[2026-06-24T07:02:13.944+0000] {logging_mixin.py:188} INFO - [2026-06-24T07:02:13.944+0000] {dag.py:3954} INFO - Setting next_dagrun for example_subdag_operator to 2022-01-01 00:00:00+00:00, run_after=2022-01-01 00:00:00+00:00
[2026-06-24T07:02:13.949+0000] {logging_mixin.py:188} INFO - [2026-06-24T07:02:13.949+0000] {dag.py:3954} INFO - Setting next_dagrun for example_subdag_operator.section-1 to None, run_after=None
[2026-06-24T07:02:13.951+0000] {logging_mixin.py:188} INFO - [2026-06-24T07:02:13.951+0000] {dag.py:3954} INFO - Setting next_dagrun for example_subdag_operator.section-2 to None, run_after=None
[2026-06-24T07:02:13.959+0000] {logging_mixin.py:188} INFO - [2026-06-24T07:02:13.958+0000] {dag.py:3096} INFO - Sync 2 DAGs
[2026-06-24T07:02:13.964+0000] {logging_mixin.py:188} INFO - [2026-06-24T07:02:13.964+0000] {dag.py:3954} INFO - Setting next_dagrun for example_subdag_operator.section-1 to None, run_after=None
[2026-06-24T07:02:13.965+0000] {logging_mixin.py:188} INFO - [2026-06-24T07:02:13.965+0000] {dag.py:3954} INFO - Setting next_dagrun for example_subdag_operator.section-2 to None, run_after=None
[2026-06-24T07:02:13.979+0000] {processor.py:183} INFO - Processing /home/airflow/.local/lib/python3.12/site-packages/airflow/example_dags/example_subdag_operator.py took 0.133 seconds
[2026-06-24T07:02:44.164+0000] {processor.py:161} INFO - Started process (PID=1971) to work on /home/airflow/.local/lib/python3.12/site-packages/airflow/example_dags/example_subdag_operator.py
[2026-06-24T07:02:44.164+0000] {processor.py:830} INFO - Processing file /home/airflow/.local/lib/python3.12/site-packages/airflow/example_dags/example_subdag_operator.py for tasks to queue
[2026-06-24T07:02:44.169+0000] {logging_mixin.py:188} INFO - [2026-06-24T07:02:44.168+0000] {dagbag.py:545} INFO - Filling up the DagBag from /home/airflow/.local/lib/python3.12/site-packages/airflow/example_dags/example_subdag_operator.py
[2026-06-24T07:02:44.214+0000] {processor.py:840} INFO - DAG(s) 'example_subdag_operator.section-1', 'example_subdag_operator.section-2', 'example_subdag_operator' retrieved from /home/airflow/.local/lib/python3.12/site-packages/airflow/example_dags/example_subdag_operator.py
[2026-06-24T07:02:44.299+0000] {logging_mixin.py:188} INFO - [2026-06-24T07:02:44.299+0000] {dag.py:3096} INFO - Sync 3 DAGs
[2026-06-24T07:02:44.348+0000] {logging_mixin.py:188} INFO - [2026-06-24T07:02:44.347+0000] {dag.py:3954} INFO - Setting next_dagrun for example_subdag_operator to 2022-01-01 00:00:00+00:00, run_after=2022-01-01 00:00:00+00:00
[2026-06-24T07:02:44.358+0000] {logging_mixin.py:188} INFO - [2026-06-24T07:02:44.358+0000] {dag.py:3954} INFO - Setting next_dagrun for example_subdag_operator.section-1 to None, run_after=None
[2026-06-24T07:02:44.362+0000] {logging_mixin.py:188} INFO - [2026-06-24T07:02:44.361+0000] {dag.py:3954} INFO - Setting next_dagrun for example_subdag_operator.section-2 to None, run_after=None
[2026-06-24T07:02:44.391+0000] {logging_mixin.py:188} INFO - [2026-06-24T07:02:44.390+0000] {dag.py:3096} INFO - Sync 2 DAGs
[2026-06-24T07:02:44.416+0000] {logging_mixin.py:188} INFO - [2026-06-24T07:02:44.416+0000] {dag.py:3954} INFO - Setting next_dagrun for example_subdag_operator.section-1 to None, run_after=None
[2026-06-24T07:02:44.417+0000] {logging_mixin.py:188} INFO - [2026-06-24T07:02:44.416+0000] {dag.py:3954} INFO - Setting next_dagrun for example_subdag_operator.section-2 to None, run_after=None
[2026-06-24T07:02:44.450+0000] {processor.py:183} INFO - Processing /home/airflow/.local/lib/python3.12/site-packages/airflow/example_dags/example_subdag_operator.py took 0.293 seconds
[2026-06-24T07:03:14.991+0000] {processor.py:161} INFO - Started process (PID=2030) to work on /home/airflow/.local/lib/python3.12/site-packages/airflow/example_dags/example_subdag_operator.py
[2026-06-24T07:03:14.992+0000] {processor.py:830} INFO - Processing file /home/airflow/.local/lib/python3.12/site-packages/airflow/example_dags/example_subdag_operator.py for tasks to queue
[2026-06-24T07:03:14.995+0000] {logging_mixin.py:188} INFO - [2026-06-24T07:03:14.994+0000] {dagbag.py:545} INFO - Filling up the DagBag from /home/airflow/.local/lib/python3.12/site-packages/airflow/example_dags/example_subdag_operator.py
[2026-06-24T07:03:15.026+0000] {processor.py:840} INFO - DAG(s) 'example_subdag_operator.section-1', 'example_subdag_operator.section-2', 'example_subdag_operator' retrieved from /home/airflow/.local/lib/python3.12/site-packages/airflow/example_dags/example_subdag_operator.py
[2026-06-24T07:03:15.050+0000] {logging_mixin.py:188} INFO - [2026-06-24T07:03:15.050+0000] {dag.py:3096} INFO - Sync 3 DAGs
[2026-06-24T07:03:15.082+0000] {logging_mixin.py:188} INFO - [2026-06-24T07:03:15.081+0000] {dag.py:3954} INFO - Setting next_dagrun for example_subdag_operator to 2022-01-01 00:00:00+00:00, run_after=2022-01-01 00:00:00+00:00
[2026-06-24T07:03:15.087+0000] {logging_mixin.py:188} INFO - [2026-06-24T07:03:15.087+0000] {dag.py:3954} INFO - Setting next_dagrun for example_subdag_operator.section-1 to None, run_after=None
[2026-06-24T07:03:15.090+0000] {logging_mixin.py:188} INFO - [2026-06-24T07:03:15.090+0000] {dag.py:3954} INFO - Setting next_dagrun for example_subdag_operator.section-2 to None, run_after=None
[2026-06-24T07:03:15.106+0000] {logging_mixin.py:188} INFO - [2026-06-24T07:03:15.106+0000] {dag.py:3096} INFO - Sync 2 DAGs
[2026-06-24T07:03:15.126+0000] {logging_mixin.py:188} INFO - [2026-06-24T07:03:15.125+0000] {dag.py:3954} INFO - Setting next_dagrun for example_subdag_operator.section-1 to None, run_after=None
[2026-06-24T07:03:15.126+0000] {logging_mixin.py:188} INFO - [2026-06-24T07:03:15.126+0000] {dag.py:3954} INFO - Setting next_dagrun for example_subdag_operator.section-2 to None, run_after=None
[2026-06-24T07:03:15.156+0000] {processor.py:183} INFO - Processing /home/airflow/.local/lib/python3.12/site-packages/airflow/example_dags/example_subdag_operator.py took 0.171 seconds
[2026-06-24T07:03:45.215+0000] {processor.py:161} INFO - Started process (PID=2089) to work on /home/airflow/.local/lib/python3.12/site-packages/airflow/example_dags/example_subdag_operator.py
[2026-06-24T07:03:45.221+0000] {processor.py:830} INFO - Processing file /home/airflow/.local/lib/python3.12/site-packages/airflow/example_dags/example_subdag_operator.py for tasks to queue
[2026-06-24T07:03:45.228+0000] {logging_mixin.py:188} INFO - [2026-06-24T07:03:45.227+0000] {dagbag.py:545} INFO - Filling up the DagBag from /home/airflow/.local/lib/python3.12/site-packages/airflow/example_dags/example_subdag_operator.py
[2026-06-24T07:03:45.276+0000] {processor.py:840} INFO - DAG(s) 'example_subdag_operator.section-1', 'example_subdag_operator.section-2', 'example_subdag_operator' retrieved from /home/airflow/.local/lib/python3.12/site-packages/airflow/example_dags/example_subdag_operator.py
[2026-06-24T07:03:45.332+0000] {logging_mixin.py:188} INFO - [2026-06-24T07:03:45.331+0000] {dag.py:3096} INFO - Sync 3 DAGs
[2026-06-24T07:03:45.362+0000] {logging_mixin.py:188} INFO - [2026-06-24T07:03:45.362+0000] {dag.py:3954} INFO - Setting next_dagrun for example_subdag_operator to 2022-01-01 00:00:00+00:00, run_after=2022-01-01 00:00:00+00:00
[2026-06-24T07:03:45.367+0000] {logging_mixin.py:188} INFO - [2026-06-24T07:03:45.366+0000] {dag.py:3954} INFO - Setting next_dagrun for example_subdag_operator.section-1 to None, run_after=None
[2026-06-24T07:03:45.368+0000] {logging_mixin.py:188} INFO - [2026-06-24T07:03:45.368+0000] {dag.py:3954} INFO - Setting next_dagrun for example_subdag_operator.section-2 to None, run_after=None
[2026-06-24T07:03:45.376+0000] {logging_mixin.py:188} INFO - [2026-06-24T07:03:45.376+0000] {dag.py:3096} INFO - Sync 2 DAGs
[2026-06-24T07:03:45.382+0000] {logging_mixin.py:188} INFO - [2026-06-24T07:03:45.382+0000] {dag.py:3954} INFO - Setting next_dagrun for example_subdag_operator.section-1 to None, run_after=None
[2026-06-24T07:03:45.383+0000] {logging_mixin.py:188} INFO - [2026-06-24T07:03:45.382+0000] {dag.py:3954} INFO - Setting next_dagrun for example_subdag_operator.section-2 to None, run_after=None
[2026-06-24T07:03:45.396+0000] {processor.py:183} INFO - Processing /home/airflow/.local/lib/python3.12/site-packages/airflow/example_dags/example_subdag_operator.py took 0.189 seconds
[2026-06-24T07:04:15.496+0000] {processor.py:161} INFO - Started process (PID=2148) to work on /home/airflow/.local/lib/python3.12/site-packages/airflow/example_dags/example_subdag_operator.py
[2026-06-24T07:04:15.497+0000] {processor.py:830} INFO - Processing file /home/airflow/.local/lib/python3.12/site-packages/airflow/example_dags/example_subdag_operator.py for tasks to queue
[2026-06-24T07:04:15.499+0000] {logging_mixin.py:188} INFO - [2026-06-24T07:04:15.498+0000] {dagbag.py:545} INFO - Filling up the DagBag from /home/airflow/.local/lib/python3.12/site-packages/airflow/example_dags/example_subdag_operator.py
[2026-06-24T07:04:15.532+0000] {processor.py:840} INFO - DAG(s) 'example_subdag_operator.section-1', 'example_subdag_operator.section-2', 'example_subdag_operator' retrieved from /home/airflow/.local/lib/python3.12/site-packages/airflow/example_dags/example_subdag_operator.py
[2026-06-24T07:04:15.553+0000] {logging_mixin.py:188} INFO - [2026-06-24T07:04:15.553+0000] {dag.py:3096} INFO - Sync 3 DAGs
[2026-06-24T07:04:15.585+0000] {logging_mixin.py:188} INFO - [2026-06-24T07:04:15.585+0000] {dag.py:3954} INFO - Setting next_dagrun for example_subdag_operator to 2022-01-01 00:00:00+00:00, run_after=2022-01-01 00:00:00+00:00
[2026-06-24T07:04:15.590+0000] {logging_mixin.py:188} INFO - [2026-06-24T07:04:15.590+0000] {dag.py:3954} INFO - Setting next_dagrun for example_subdag_operator.section-1 to None, run_after=None
[2026-06-24T07:04:15.592+0000] {logging_mixin.py:188} INFO - [2026-06-24T07:04:15.591+0000] {dag.py:3954} INFO - Setting next_dagrun for example_subdag_operator.section-2 to None, run_after=None
[2026-06-24T07:04:15.600+0000] {logging_mixin.py:188} INFO - [2026-06-24T07:04:15.600+0000] {dag.py:3096} INFO - Sync 2 DAGs
[2026-06-24T07:04:15.606+0000] {logging_mixin.py:188} INFO - [2026-06-24T07:04:15.606+0000] {dag.py:3954} INFO - Setting next_dagrun for example_subdag_operator.section-1 to None, run_after=None
[2026-06-24T07:04:15.607+0000] {logging_mixin.py:188} INFO - [2026-06-24T07:04:15.606+0000] {dag.py:3954} INFO - Setting next_dagrun for example_subdag_operator.section-2 to None, run_after=None
[2026-06-24T07:04:15.618+0000] {processor.py:183} INFO - Processing /home/airflow/.local/lib/python3.12/site-packages/airflow/example_dags/example_subdag_operator.py took 0.129 seconds
[2026-06-24T07:04:46.257+0000] {processor.py:161} INFO - Started process (PID=2207) to work on /home/airflow/.local/lib/python3.12/site-packages/airflow/example_dags/example_subdag_operator.py
[2026-06-24T07:04:46.261+0000] {processor.py:830} INFO - Processing file /home/airflow/.local/lib/python3.12/site-packages/airflow/example_dags/example_subdag_operator.py for tasks to queue
[2026-06-24T07:04:46.263+0000] {logging_mixin.py:188} INFO - [2026-06-24T07:04:46.263+0000] {dagbag.py:545} INFO - Filling up the DagBag from /home/airflow/.local/lib/python3.12/site-packages/airflow/example_dags/example_subdag_operator.py
[2026-06-24T07:04:46.303+0000] {processor.py:840} INFO - DAG(s) 'example_subdag_operator.section-1', 'example_subdag_operator.section-2', 'example_subdag_operator' retrieved from /home/airflow/.local/lib/python3.12/site-packages/airflow/example_dags/example_subdag_operator.py
[2026-06-24T07:04:46.353+0000] {logging_mixin.py:188} INFO - [2026-06-24T07:04:46.352+0000] {dag.py:3096} INFO - Sync 3 DAGs
[2026-06-24T07:04:46.384+0000] {logging_mixin.py:188} INFO - [2026-06-24T07:04:46.383+0000] {dag.py:3954} INFO - Setting next_dagrun for example_subdag_operator to 2022-01-01 00:00:00+00:00, run_after=2022-01-01 00:00:00+00:00
[2026-06-24T07:04:46.389+0000] {logging_mixin.py:188} INFO - [2026-06-24T07:04:46.389+0000] {dag.py:3954} INFO - Setting next_dagrun for example_subdag_operator.section-1 to None, run_after=None
[2026-06-24T07:04:46.391+0000] {logging_mixin.py:188} INFO - [2026-06-24T07:04:46.390+0000] {dag.py:3954} INFO - Setting next_dagrun for example_subdag_operator.section-2 to None, run_after=None
[2026-06-24T07:04:46.406+0000] {logging_mixin.py:188} INFO - [2026-06-24T07:04:46.406+0000] {dag.py:3096} INFO - Sync 2 DAGs
[2026-06-24T07:04:46.413+0000] {logging_mixin.py:188} INFO - [2026-06-24T07:04:46.413+0000] {dag.py:3954} INFO - Setting next_dagrun for example_subdag_operator.section-1 to None, run_after=None
[2026-06-24T07:04:46.414+0000] {logging_mixin.py:188} INFO - [2026-06-24T07:04:46.414+0000] {dag.py:3954} INFO - Setting next_dagrun for example_subdag_operator.section-2 to None, run_after=None
[2026-06-24T07:04:46.427+0000] {processor.py:183} INFO - Processing /home/airflow/.local/lib/python3.12/site-packages/airflow/example_dags/example_subdag_operator.py took 0.177 seconds
[2026-06-24T07:05:17.037+0000] {processor.py:161} INFO - Started process (PID=2266) to work on /home/airflow/.local/lib/python3.12/site-packages/airflow/example_dags/example_subdag_operator.py
[2026-06-24T07:05:17.038+0000] {processor.py:830} INFO - Processing file /home/airflow/.local/lib/python3.12/site-packages/airflow/example_dags/example_subdag_operator.py for tasks to queue
[2026-06-24T07:05:17.040+0000] {logging_mixin.py:188} INFO - [2026-06-24T07:05:17.040+0000] {dagbag.py:545} INFO - Filling up the DagBag from /home/airflow/.local/lib/python3.12/site-packages/airflow/example_dags/example_subdag_operator.py
[2026-06-24T07:05:17.071+0000] {processor.py:840} INFO - DAG(s) 'example_subdag_operator.section-1', 'example_subdag_operator.section-2', 'example_subdag_operator' retrieved from /home/airflow/.local/lib/python3.12/site-packages/airflow/example_dags/example_subdag_operator.py
[2026-06-24T07:05:17.093+0000] {logging_mixin.py:188} INFO - [2026-06-24T07:05:17.093+0000] {dag.py:3096} INFO - Sync 3 DAGs
[2026-06-24T07:05:17.127+0000] {logging_mixin.py:188} INFO - [2026-06-24T07:05:17.126+0000] {dag.py:3954} INFO - Setting next_dagrun for example_subdag_operator to 2022-01-01 00:00:00+00:00, run_after=2022-01-01 00:00:00+00:00
[2026-06-24T07:05:17.132+0000] {logging_mixin.py:188} INFO - [2026-06-24T07:05:17.132+0000] {dag.py:3954} INFO - Setting next_dagrun for example_subdag_operator.section-1 to None, run_after=None
[2026-06-24T07:05:17.133+0000] {logging_mixin.py:188} INFO - [2026-06-24T07:05:17.133+0000] {dag.py:3954} INFO - Setting next_dagrun for example_subdag_operator.section-2 to None, run_after=None
[2026-06-24T07:05:17.142+0000] {logging_mixin.py:188} INFO - [2026-06-24T07:05:17.142+0000] {dag.py:3096} INFO - Sync 2 DAGs
[2026-06-24T07:05:17.149+0000] {logging_mixin.py:188} INFO - [2026-06-24T07:05:17.148+0000] {dag.py:3954} INFO - Setting next_dagrun for example_subdag_operator.section-1 to None, run_after=None
[2026-06-24T07:05:17.149+0000] {logging_mixin.py:188} INFO - [2026-06-24T07:05:17.149+0000] {dag.py:3954} INFO - Setting next_dagrun for example_subdag_operator.section-2 to None, run_after=None
[2026-06-24T07:05:17.163+0000] {processor.py:183} INFO - Processing /home/airflow/.local/lib/python3.12/site-packages/airflow/example_dags/example_subdag_operator.py took 0.136 seconds
[2026-06-24T07:05:47.964+0000] {processor.py:161} INFO - Started process (PID=2325) to work on /home/airflow/.local/lib/python3.12/site-packages/airflow/example_dags/example_subdag_operator.py
[2026-06-24T07:05:47.965+0000] {processor.py:830} INFO - Processing file /home/airflow/.local/lib/python3.12/site-packages/airflow/example_dags/example_subdag_operator.py for tasks to queue
[2026-06-24T07:05:47.970+0000] {logging_mixin.py:188} INFO - [2026-06-24T07:05:47.970+0000] {dagbag.py:545} INFO - Filling up the DagBag from /home/airflow/.local/lib/python3.12/site-packages/airflow/example_dags/example_subdag_operator.py
[2026-06-24T07:05:48.092+0000] {processor.py:840} INFO - DAG(s) 'example_subdag_operator.section-1', 'example_subdag_operator.section-2', 'example_subdag_operator' retrieved from /home/airflow/.local/lib/python3.12/site-packages/airflow/example_dags/example_subdag_operator.py
[2026-06-24T07:05:48.143+0000] {logging_mixin.py:188} INFO - [2026-06-24T07:05:48.143+0000] {dag.py:3096} INFO - Sync 3 DAGs
[2026-06-24T07:05:48.200+0000] {logging_mixin.py:188} INFO - [2026-06-24T07:05:48.200+0000] {dag.py:3954} INFO - Setting next_dagrun for example_subdag_operator to 2022-01-01 00:00:00+00:00, run_after=2022-01-01 00:00:00+00:00
[2026-06-24T07:05:48.208+0000] {logging_mixin.py:188} INFO - [2026-06-24T07:05:48.208+0000] {dag.py:3954} INFO - Setting next_dagrun for example_subdag_operator.section-1 to None, run_after=None
[2026-06-24T07:05:48.211+0000] {logging_mixin.py:188} INFO - [2026-06-24T07:05:48.211+0000] {dag.py:3954} INFO - Setting next_dagrun for example_subdag_operator.section-2 to None, run_after=None
[2026-06-24T07:05:48.226+0000] {logging_mixin.py:188} INFO - [2026-06-24T07:05:48.223+0000] {dag.py:3096} INFO - Sync 2 DAGs
[2026-06-24T07:05:48.238+0000] {logging_mixin.py:188} INFO - [2026-06-24T07:05:48.238+0000] {dag.py:3954} INFO - Setting next_dagrun for example_subdag_operator.section-1 to None, run_after=None
[2026-06-24T07:05:48.239+0000] {logging_mixin.py:188} INFO - [2026-06-24T07:05:48.239+0000] {dag.py:3954} INFO - Setting next_dagrun for example_subdag_operator.section-2 to None, run_after=None
[2026-06-24T07:05:48.266+0000] {processor.py:183} INFO - Processing /home/airflow/.local/lib/python3.12/site-packages/airflow/example_dags/example_subdag_operator.py took 0.329 seconds
[2026-06-24T07:06:18.332+0000] {processor.py:161} INFO - Started process (PID=2384) to work on /home/airflow/.local/lib/python3.12/site-packages/airflow/example_dags/example_subdag_operator.py
[2026-06-24T07:06:18.333+0000] {processor.py:830} INFO - Processing file /home/airflow/.local/lib/python3.12/site-packages/airflow/example_dags/example_subdag_operator.py for tasks to queue
[2026-06-24T07:06:18.335+0000] {logging_mixin.py:188} INFO - [2026-06-24T07:06:18.335+0000] {dagbag.py:545} INFO - Filling up the DagBag from /home/airflow/.local/lib/python3.12/site-packages/airflow/example_dags/example_subdag_operator.py
[2026-06-24T07:06:18.369+0000] {processor.py:840} INFO - DAG(s) 'example_subdag_operator.section-1', 'example_subdag_operator.section-2', 'example_subdag_operator' retrieved from /home/airflow/.local/lib/python3.12/site-packages/airflow/example_dags/example_subdag_operator.py
[2026-06-24T07:06:18.394+0000] {logging_mixin.py:188} INFO - [2026-06-24T07:06:18.394+0000] {dag.py:3096} INFO - Sync 3 DAGs
[2026-06-24T07:06:18.449+0000] {logging_mixin.py:188} INFO - [2026-06-24T07:06:18.449+0000] {dag.py:3954} INFO - Setting next_dagrun for example_subdag_operator to 2022-01-01 00:00:00+00:00, run_after=2022-01-01 00:00:00+00:00
[2026-06-24T07:06:18.458+0000] {logging_mixin.py:188} INFO - [2026-06-24T07:06:18.457+0000] {dag.py:3954} INFO - Setting next_dagrun for example_subdag_operator.section-1 to None, run_after=None
[2026-06-24T07:06:18.464+0000] {logging_mixin.py:188} INFO - [2026-06-24T07:06:18.463+0000] {dag.py:3954} INFO - Setting next_dagrun for example_subdag_operator.section-2 to None, run_after=None
[2026-06-24T07:06:18.483+0000] {logging_mixin.py:188} INFO - [2026-06-24T07:06:18.482+0000] {dag.py:3096} INFO - Sync 2 DAGs
[2026-06-24T07:06:18.498+0000] {logging_mixin.py:188} INFO - [2026-06-24T07:06:18.498+0000] {dag.py:3954} INFO - Setting next_dagrun for example_subdag_operator.section-1 to None, run_after=None
[2026-06-24T07:06:18.500+0000] {logging_mixin.py:188} INFO - [2026-06-24T07:06:18.500+0000] {dag.py:3954} INFO - Setting next_dagrun for example_subdag_operator.section-2 to None, run_after=None
[2026-06-24T07:06:18.524+0000] {processor.py:183} INFO - Processing /home/airflow/.local/lib/python3.12/site-packages/airflow/example_dags/example_subdag_operator.py took 0.208 seconds
[2026-06-24T07:06:48.986+0000] {processor.py:161} INFO - Started process (PID=2443) to work on /home/airflow/.local/lib/python3.12/site-packages/airflow/example_dags/example_subdag_operator.py
[2026-06-24T07:06:48.988+0000] {processor.py:830} INFO - Processing file /home/airflow/.local/lib/python3.12/site-packages/airflow/example_dags/example_subdag_operator.py for tasks to queue
[2026-06-24T07:06:48.990+0000] {logging_mixin.py:188} INFO - [2026-06-24T07:06:48.990+0000] {dagbag.py:545} INFO - Filling up the DagBag from /home/airflow/.local/lib/python3.12/site-packages/airflow/example_dags/example_subdag_operator.py
[2026-06-24T07:06:49.027+0000] {processor.py:840} INFO - DAG(s) 'example_subdag_operator.section-1', 'example_subdag_operator.section-2', 'example_subdag_operator' retrieved from /home/airflow/.local/lib/python3.12/site-packages/airflow/example_dags/example_subdag_operator.py
[2026-06-24T07:06:49.051+0000] {logging_mixin.py:188} INFO - [2026-06-24T07:06:49.051+0000] {dag.py:3096} INFO - Sync 3 DAGs
[2026-06-24T07:06:49.084+0000] {logging_mixin.py:188} INFO - [2026-06-24T07:06:49.084+0000] {dag.py:3954} INFO - Setting next_dagrun for example_subdag_operator to 2022-01-01 00:00:00+00:00, run_after=2022-01-01 00:00:00+00:00
[2026-06-24T07:06:49.090+0000] {logging_mixin.py:188} INFO - [2026-06-24T07:06:49.089+0000] {dag.py:3954} INFO - Setting next_dagrun for example_subdag_operator.section-1 to None, run_after=None
[2026-06-24T07:06:49.091+0000] {logging_mixin.py:188} INFO - [2026-06-24T07:06:49.091+0000] {dag.py:3954} INFO - Setting next_dagrun for example_subdag_operator.section-2 to None, run_after=None
[2026-06-24T07:06:49.102+0000] {logging_mixin.py:188} INFO - [2026-06-24T07:06:49.102+0000] {dag.py:3096} INFO - Sync 2 DAGs
[2026-06-24T07:06:49.109+0000] {logging_mixin.py:188} INFO - [2026-06-24T07:06:49.109+0000] {dag.py:3954} INFO - Setting next_dagrun for example_subdag_operator.section-1 to None, run_after=None
[2026-06-24T07:06:49.110+0000] {logging_mixin.py:188} INFO - [2026-06-24T07:06:49.110+0000] {dag.py:3954} INFO - Setting next_dagrun for example_subdag_operator.section-2 to None, run_after=None
[2026-06-24T07:06:49.124+0000] {processor.py:183} INFO - Processing /home/airflow/.local/lib/python3.12/site-packages/airflow/example_dags/example_subdag_operator.py took 0.145 seconds
[2026-06-24T07:07:19.500+0000] {processor.py:161} INFO - Started process (PID=2502) to work on /home/airflow/.local/lib/python3.12/site-packages/airflow/example_dags/example_subdag_operator.py
[2026-06-24T07:07:19.500+0000] {processor.py:830} INFO - Processing file /home/airflow/.local/lib/python3.12/site-packages/airflow/example_dags/example_subdag_operator.py for tasks to queue
[2026-06-24T07:07:19.502+0000] {logging_mixin.py:188} INFO - [2026-06-24T07:07:19.502+0000] {dagbag.py:545} INFO - Filling up the DagBag from /home/airflow/.local/lib/python3.12/site-packages/airflow/example_dags/example_subdag_operator.py
[2026-06-24T07:07:19.534+0000] {processor.py:840} INFO - DAG(s) 'example_subdag_operator.section-1', 'example_subdag_operator.section-2', 'example_subdag_operator' retrieved from /home/airflow/.local/lib/python3.12/site-packages/airflow/example_dags/example_subdag_operator.py
[2026-06-24T07:07:19.556+0000] {logging_mixin.py:188} INFO - [2026-06-24T07:07:19.555+0000] {dag.py:3096} INFO - Sync 3 DAGs
[2026-06-24T07:07:19.588+0000] {logging_mixin.py:188} INFO - [2026-06-24T07:07:19.587+0000] {dag.py:3954} INFO - Setting next_dagrun for example_subdag_operator to 2022-01-01 00:00:00+00:00, run_after=2022-01-01 00:00:00+00:00
[2026-06-24T07:07:19.594+0000] {logging_mixin.py:188} INFO - [2026-06-24T07:07:19.594+0000] {dag.py:3954} INFO - Setting next_dagrun for example_subdag_operator.section-1 to None, run_after=None
[2026-06-24T07:07:19.597+0000] {logging_mixin.py:188} INFO - [2026-06-24T07:07:19.596+0000] {dag.py:3954} INFO - Setting next_dagrun for example_subdag_operator.section-2 to None, run_after=None
[2026-06-24T07:07:19.605+0000] {logging_mixin.py:188} INFO - [2026-06-24T07:07:19.605+0000] {dag.py:3096} INFO - Sync 2 DAGs
[2026-06-24T07:07:19.611+0000] {logging_mixin.py:188} INFO - [2026-06-24T07:07:19.611+0000] {dag.py:3954} INFO - Setting next_dagrun for example_subdag_operator.section-1 to None, run_after=None
[2026-06-24T07:07:19.612+0000] {logging_mixin.py:188} INFO - [2026-06-24T07:07:19.612+0000] {dag.py:3954} INFO - Setting next_dagrun for example_subdag_operator.section-2 to None, run_after=None
[2026-06-24T07:07:19.624+0000] {processor.py:183} INFO - Processing /home/airflow/.local/lib/python3.12/site-packages/airflow/example_dags/example_subdag_operator.py took 0.132 seconds
[2026-06-24T07:07:49.771+0000] {processor.py:161} INFO - Started process (PID=2561) to work on /home/airflow/.local/lib/python3.12/site-packages/airflow/example_dags/example_subdag_operator.py
[2026-06-24T07:07:49.773+0000] {processor.py:830} INFO - Processing file /home/airflow/.local/lib/python3.12/site-packages/airflow/example_dags/example_subdag_operator.py for tasks to queue
[2026-06-24T07:07:49.775+0000] {logging_mixin.py:188} INFO - [2026-06-24T07:07:49.775+0000] {dagbag.py:545} INFO - Filling up the DagBag from /home/airflow/.local/lib/python3.12/site-packages/airflow/example_dags/example_subdag_operator.py
[2026-06-24T07:07:49.806+0000] {processor.py:840} INFO - DAG(s) 'example_subdag_operator.section-1', 'example_subdag_operator.section-2', 'example_subdag_operator' retrieved from /home/airflow/.local/lib/python3.12/site-packages/airflow/example_dags/example_subdag_operator.py
[2026-06-24T07:07:49.827+0000] {logging_mixin.py:188} INFO - [2026-06-24T07:07:49.827+0000] {dag.py:3096} INFO - Sync 3 DAGs
[2026-06-24T07:07:49.858+0000] {logging_mixin.py:188} INFO - [2026-06-24T07:07:49.857+0000] {dag.py:3954} INFO - Setting next_dagrun for example_subdag_operator to 2022-01-01 00:00:00+00:00, run_after=2022-01-01 00:00:00+00:00
[2026-06-24T07:07:49.862+0000] {logging_mixin.py:188} INFO - [2026-06-24T07:07:49.862+0000] {dag.py:3954} INFO - Setting next_dagrun for example_subdag_operator.section-1 to None, run_after=None
[2026-06-24T07:07:49.867+0000] {logging_mixin.py:188} INFO - [2026-06-24T07:07:49.867+0000] {dag.py:3954} INFO - Setting next_dagrun for example_subdag_operator.section-2 to None, run_after=None
[2026-06-24T07:07:49.874+0000] {logging_mixin.py:188} INFO - [2026-06-24T07:07:49.874+0000] {dag.py:3096} INFO - Sync 2 DAGs
[2026-06-24T07:07:49.884+0000] {logging_mixin.py:188} INFO - [2026-06-24T07:07:49.883+0000] {dag.py:3954} INFO - Setting next_dagrun for example_subdag_operator.section-1 to None, run_after=None
[2026-06-24T07:07:49.884+0000] {logging_mixin.py:188} INFO - [2026-06-24T07:07:49.884+0000] {dag.py:3954} INFO - Setting next_dagrun for example_subdag_operator.section-2 to None, run_after=None
[2026-06-24T07:07:49.895+0000] {processor.py:183} INFO - Processing /home/airflow/.local/lib/python3.12/site-packages/airflow/example_dags/example_subdag_operator.py took 0.130 seconds
[2026-06-24T07:08:20.086+0000] {processor.py:161} INFO - Started process (PID=2620) to work on /home/airflow/.local/lib/python3.12/site-packages/airflow/example_dags/example_subdag_operator.py
[2026-06-24T07:08:20.087+0000] {processor.py:830} INFO - Processing file /home/airflow/.local/lib/python3.12/site-packages/airflow/example_dags/example_subdag_operator.py for tasks to queue
[2026-06-24T07:08:20.090+0000] {logging_mixin.py:188} INFO - [2026-06-24T07:08:20.089+0000] {dagbag.py:545} INFO - Filling up the DagBag from /home/airflow/.local/lib/python3.12/site-packages/airflow/example_dags/example_subdag_operator.py
[2026-06-24T07:08:20.122+0000] {processor.py:840} INFO - DAG(s) 'example_subdag_operator.section-1', 'example_subdag_operator.section-2', 'example_subdag_operator' retrieved from /home/airflow/.local/lib/python3.12/site-packages/airflow/example_dags/example_subdag_operator.py
[2026-06-24T07:08:20.145+0000] {logging_mixin.py:188} INFO - [2026-06-24T07:08:20.145+0000] {dag.py:3096} INFO - Sync 3 DAGs
[2026-06-24T07:08:20.180+0000] {logging_mixin.py:188} INFO - [2026-06-24T07:08:20.179+0000] {dag.py:3954} INFO - Setting next_dagrun for example_subdag_operator to 2022-01-01 00:00:00+00:00, run_after=2022-01-01 00:00:00+00:00
[2026-06-24T07:08:20.184+0000] {logging_mixin.py:188} INFO - [2026-06-24T07:08:20.184+0000] {dag.py:3954} INFO - Setting next_dagrun for example_subdag_operator.section-1 to None, run_after=None
[2026-06-24T07:08:20.186+0000] {logging_mixin.py:188} INFO - [2026-06-24T07:08:20.186+0000] {dag.py:3954} INFO - Setting next_dagrun for example_subdag_operator.section-2 to None, run_after=None
[2026-06-24T07:08:20.194+0000] {logging_mixin.py:188} INFO - [2026-06-24T07:08:20.194+0000] {dag.py:3096} INFO - Sync 2 DAGs
[2026-06-24T07:08:20.200+0000] {logging_mixin.py:188} INFO - [2026-06-24T07:08:20.200+0000] {dag.py:3954} INFO - Setting next_dagrun for example_subdag_operator.section-1 to None, run_after=None
[2026-06-24T07:08:20.201+0000] {logging_mixin.py:188} INFO - [2026-06-24T07:08:20.201+0000] {dag.py:3954} INFO - Setting next_dagrun for example_subdag_operator.section-2 to None, run_after=None
[2026-06-24T07:08:20.213+0000] {processor.py:183} INFO - Processing /home/airflow/.local/lib/python3.12/site-packages/airflow/example_dags/example_subdag_operator.py took 0.133 seconds
[2026-06-24T07:08:50.970+0000] {processor.py:161} INFO - Started process (PID=2678) to work on /home/airflow/.local/lib/python3.12/site-packages/airflow/example_dags/example_subdag_operator.py
[2026-06-24T07:08:50.972+0000] {processor.py:830} INFO - Processing file /home/airflow/.local/lib/python3.12/site-packages/airflow/example_dags/example_subdag_operator.py for tasks to queue
[2026-06-24T07:08:50.984+0000] {logging_mixin.py:188} INFO - [2026-06-24T07:08:50.980+0000] {dagbag.py:545} INFO - Filling up the DagBag from /home/airflow/.local/lib/python3.12/site-packages/airflow/example_dags/example_subdag_operator.py
[2026-06-24T07:08:51.025+0000] {processor.py:840} INFO - DAG(s) 'example_subdag_operator.section-1', 'example_subdag_operator.section-2', 'example_subdag_operator' retrieved from /home/airflow/.local/lib/python3.12/site-packages/airflow/example_dags/example_subdag_operator.py
[2026-06-24T07:08:51.047+0000] {logging_mixin.py:188} INFO - [2026-06-24T07:08:51.047+0000] {dag.py:3096} INFO - Sync 3 DAGs
[2026-06-24T07:08:51.077+0000] {logging_mixin.py:188} INFO - [2026-06-24T07:08:51.076+0000] {dag.py:3954} INFO - Setting next_dagrun for example_subdag_operator to 2022-01-01 00:00:00+00:00, run_after=2022-01-01 00:00:00+00:00
[2026-06-24T07:08:51.082+0000] {logging_mixin.py:188} INFO - [2026-06-24T07:08:51.082+0000] {dag.py:3954} INFO - Setting next_dagrun for example_subdag_operator.section-1 to None, run_after=None
[2026-06-24T07:08:51.083+0000] {logging_mixin.py:188} INFO - [2026-06-24T07:08:51.083+0000] {dag.py:3954} INFO - Setting next_dagrun for example_subdag_operator.section-2 to None, run_after=None
[2026-06-24T07:08:51.092+0000] {logging_mixin.py:188} INFO - [2026-06-24T07:08:51.091+0000] {dag.py:3096} INFO - Sync 2 DAGs
[2026-06-24T07:08:51.098+0000] {logging_mixin.py:188} INFO - [2026-06-24T07:08:51.098+0000] {dag.py:3954} INFO - Setting next_dagrun for example_subdag_operator.section-1 to None, run_after=None
[2026-06-24T07:08:51.099+0000] {logging_mixin.py:188} INFO - [2026-06-24T07:08:51.098+0000] {dag.py:3954} INFO - Setting next_dagrun for example_subdag_operator.section-2 to None, run_after=None
[2026-06-24T07:08:51.110+0000] {processor.py:183} INFO - Processing /home/airflow/.local/lib/python3.12/site-packages/airflow/example_dags/example_subdag_operator.py took 0.158 seconds
[2026-06-24T07:09:21.313+0000] {processor.py:161} INFO - Started process (PID=2737) to work on /home/airflow/.local/lib/python3.12/site-packages/airflow/example_dags/example_subdag_operator.py
[2026-06-24T07:09:21.315+0000] {processor.py:830} INFO - Processing file /home/airflow/.local/lib/python3.12/site-packages/airflow/example_dags/example_subdag_operator.py for tasks to queue
[2026-06-24T07:09:21.318+0000] {logging_mixin.py:188} INFO - [2026-06-24T07:09:21.317+0000] {dagbag.py:545} INFO - Filling up the DagBag from /home/airflow/.local/lib/python3.12/site-packages/airflow/example_dags/example_subdag_operator.py
[2026-06-24T07:09:21.348+0000] {processor.py:840} INFO - DAG(s) 'example_subdag_operator.section-1', 'example_subdag_operator.section-2', 'example_subdag_operator' retrieved from /home/airflow/.local/lib/python3.12/site-packages/airflow/example_dags/example_subdag_operator.py
[2026-06-24T07:09:21.373+0000] {logging_mixin.py:188} INFO - [2026-06-24T07:09:21.373+0000] {dag.py:3096} INFO - Sync 3 DAGs
[2026-06-24T07:09:21.441+0000] {logging_mixin.py:188} INFO - [2026-06-24T07:09:21.440+0000] {dag.py:3954} INFO - Setting next_dagrun for example_subdag_operator to 2022-01-01 00:00:00+00:00, run_after=2022-01-01 00:00:00+00:00
[2026-06-24T07:09:21.457+0000] {logging_mixin.py:188} INFO - [2026-06-24T07:09:21.456+0000] {dag.py:3954} INFO - Setting next_dagrun for example_subdag_operator.section-1 to None, run_after=None
[2026-06-24T07:09:21.459+0000] {logging_mixin.py:188} INFO - [2026-06-24T07:09:21.458+0000] {dag.py:3954} INFO - Setting next_dagrun for example_subdag_operator.section-2 to None, run_after=None
[2026-06-24T07:09:21.467+0000] {logging_mixin.py:188} INFO - [2026-06-24T07:09:21.467+0000] {dag.py:3096} INFO - Sync 2 DAGs
[2026-06-24T07:09:21.474+0000] {logging_mixin.py:188} INFO - [2026-06-24T07:09:21.473+0000] {dag.py:3954} INFO - Setting next_dagrun for example_subdag_operator.section-1 to None, run_after=None
[2026-06-24T07:09:21.474+0000] {logging_mixin.py:188} INFO - [2026-06-24T07:09:21.474+0000] {dag.py:3954} INFO - Setting next_dagrun for example_subdag_operator.section-2 to None, run_after=None
[2026-06-24T07:09:21.488+0000] {processor.py:183} INFO - Processing /home/airflow/.local/lib/python3.12/site-packages/airflow/example_dags/example_subdag_operator.py took 0.182 seconds
[2026-06-24T07:09:51.755+0000] {processor.py:161} INFO - Started process (PID=2797) to work on /home/airflow/.local/lib/python3.12/site-packages/airflow/example_dags/example_subdag_operator.py
[2026-06-24T07:09:51.756+0000] {processor.py:830} INFO - Processing file /home/airflow/.local/lib/python3.12/site-packages/airflow/example_dags/example_subdag_operator.py for tasks to queue
[2026-06-24T07:09:51.758+0000] {logging_mixin.py:188} INFO - [2026-06-24T07:09:51.757+0000] {dagbag.py:545} INFO - Filling up the DagBag from /home/airflow/.local/lib/python3.12/site-packages/airflow/example_dags/example_subdag_operator.py
[2026-06-24T07:09:51.788+0000] {processor.py:840} INFO - DAG(s) 'example_subdag_operator.section-1', 'example_subdag_operator.section-2', 'example_subdag_operator' retrieved from /home/airflow/.local/lib/python3.12/site-packages/airflow/example_dags/example_subdag_operator.py
[2026-06-24T07:09:51.810+0000] {logging_mixin.py:188} INFO - [2026-06-24T07:09:51.809+0000] {dag.py:3096} INFO - Sync 3 DAGs
[2026-06-24T07:09:51.847+0000] {logging_mixin.py:188} INFO - [2026-06-24T07:09:51.847+0000] {dag.py:3954} INFO - Setting next_dagrun for example_subdag_operator to 2022-01-01 00:00:00+00:00, run_after=2022-01-01 00:00:00+00:00
[2026-06-24T07:09:51.856+0000] {logging_mixin.py:188} INFO - [2026-06-24T07:09:51.856+0000] {dag.py:3954} INFO - Setting next_dagrun for example_subdag_operator.section-1 to None, run_after=None
[2026-06-24T07:09:51.857+0000] {logging_mixin.py:188} INFO - [2026-06-24T07:09:51.857+0000] {dag.py:3954} INFO - Setting next_dagrun for example_subdag_operator.section-2 to None, run_after=None
[2026-06-24T07:09:51.866+0000] {logging_mixin.py:188} INFO - [2026-06-24T07:09:51.866+0000] {dag.py:3096} INFO - Sync 2 DAGs
[2026-06-24T07:09:51.872+0000] {logging_mixin.py:188} INFO - [2026-06-24T07:09:51.872+0000] {dag.py:3954} INFO - Setting next_dagrun for example_subdag_operator.section-1 to None, run_after=None
[2026-06-24T07:09:51.873+0000] {logging_mixin.py:188} INFO - [2026-06-24T07:09:51.873+0000] {dag.py:3954} INFO - Setting next_dagrun for example_subdag_operator.section-2 to None, run_after=None
[2026-06-24T07:09:51.885+0000] {processor.py:183} INFO - Processing /home/airflow/.local/lib/python3.12/site-packages/airflow/example_dags/example_subdag_operator.py took 0.137 seconds
[2026-06-24T07:10:22.392+0000] {processor.py:161} INFO - Started process (PID=2856) to work on /home/airflow/.local/lib/python3.12/site-packages/airflow/example_dags/example_subdag_operator.py
[2026-06-24T07:10:22.393+0000] {processor.py:830} INFO - Processing file /home/airflow/.local/lib/python3.12/site-packages/airflow/example_dags/example_subdag_operator.py for tasks to queue
[2026-06-24T07:10:22.395+0000] {logging_mixin.py:188} INFO - [2026-06-24T07:10:22.395+0000] {dagbag.py:545} INFO - Filling up the DagBag from /home/airflow/.local/lib/python3.12/site-packages/airflow/example_dags/example_subdag_operator.py
[2026-06-24T07:10:22.426+0000] {processor.py:840} INFO - DAG(s) 'example_subdag_operator.section-1', 'example_subdag_operator.section-2', 'example_subdag_operator' retrieved from /home/airflow/.local/lib/python3.12/site-packages/airflow/example_dags/example_subdag_operator.py
[2026-06-24T07:10:22.460+0000] {logging_mixin.py:188} INFO - [2026-06-24T07:10:22.459+0000] {dag.py:3096} INFO - Sync 3 DAGs
[2026-06-24T07:10:22.490+0000] {logging_mixin.py:188} INFO - [2026-06-24T07:10:22.490+0000] {dag.py:3954} INFO - Setting next_dagrun for example_subdag_operator to 2022-01-01 00:00:00+00:00, run_after=2022-01-01 00:00:00+00:00
[2026-06-24T07:10:22.494+0000] {logging_mixin.py:188} INFO - [2026-06-24T07:10:22.494+0000] {dag.py:3954} INFO - Setting next_dagrun for example_subdag_operator.section-1 to None, run_after=None
[2026-06-24T07:10:22.496+0000] {logging_mixin.py:188} INFO - [2026-06-24T07:10:22.496+0000] {dag.py:3954} INFO - Setting next_dagrun for example_subdag_operator.section-2 to None, run_after=None
[2026-06-24T07:10:22.504+0000] {logging_mixin.py:188} INFO - [2026-06-24T07:10:22.504+0000] {dag.py:3096} INFO - Sync 2 DAGs
[2026-06-24T07:10:22.510+0000] {logging_mixin.py:188} INFO - [2026-06-24T07:10:22.509+0000] {dag.py:3954} INFO - Setting next_dagrun for example_subdag_operator.section-1 to None, run_after=None
[2026-06-24T07:10:22.510+0000] {logging_mixin.py:188} INFO - [2026-06-24T07:10:22.510+0000] {dag.py:3954} INFO - Setting next_dagrun for example_subdag_operator.section-2 to None, run_after=None
[2026-06-24T07:10:22.522+0000] {processor.py:183} INFO - Processing /home/airflow/.local/lib/python3.12/site-packages/airflow/example_dags/example_subdag_operator.py took 0.137 seconds
[2026-06-24T07:10:52.573+0000] {processor.py:161} INFO - Started process (PID=2913) to work on /home/airflow/.local/lib/python3.12/site-packages/airflow/example_dags/example_subdag_operator.py
[2026-06-24T07:10:52.574+0000] {processor.py:830} INFO - Processing file /home/airflow/.local/lib/python3.12/site-packages/airflow/example_dags/example_subdag_operator.py for tasks to queue
[2026-06-24T07:10:52.576+0000] {logging_mixin.py:188} INFO - [2026-06-24T07:10:52.576+0000] {dagbag.py:545} INFO - Filling up the DagBag from /home/airflow/.local/lib/python3.12/site-packages/airflow/example_dags/example_subdag_operator.py
[2026-06-24T07:10:52.606+0000] {processor.py:840} INFO - DAG(s) 'example_subdag_operator.section-1', 'example_subdag_operator.section-2', 'example_subdag_operator' retrieved from /home/airflow/.local/lib/python3.12/site-packages/airflow/example_dags/example_subdag_operator.py
[2026-06-24T07:10:52.628+0000] {logging_mixin.py:188} INFO - [2026-06-24T07:10:52.628+0000] {dag.py:3096} INFO - Sync 3 DAGs
[2026-06-24T07:10:52.660+0000] {logging_mixin.py:188} INFO - [2026-06-24T07:10:52.660+0000] {dag.py:3954} INFO - Setting next_dagrun for example_subdag_operator to 2022-01-01 00:00:00+00:00, run_after=2022-01-01 00:00:00+00:00
[2026-06-24T07:10:52.666+0000] {logging_mixin.py:188} INFO - [2026-06-24T07:10:52.665+0000] {dag.py:3954} INFO - Setting next_dagrun for example_subdag_operator.section-1 to None, run_after=None
[2026-06-24T07:10:52.667+0000] {logging_mixin.py:188} INFO - [2026-06-24T07:10:52.667+0000] {dag.py:3954} INFO - Setting next_dagrun for example_subdag_operator.section-2 to None, run_after=None
[2026-06-24T07:10:52.675+0000] {logging_mixin.py:188} INFO - [2026-06-24T07:10:52.675+0000] {dag.py:3096} INFO - Sync 2 DAGs
[2026-06-24T07:10:52.681+0000] {logging_mixin.py:188} INFO - [2026-06-24T07:10:52.681+0000] {dag.py:3954} INFO - Setting next_dagrun for example_subdag_operator.section-1 to None, run_after=None
[2026-06-24T07:10:52.682+0000] {logging_mixin.py:188} INFO - [2026-06-24T07:10:52.681+0000] {dag.py:3954} INFO - Setting next_dagrun for example_subdag_operator.section-2 to None, run_after=None
[2026-06-24T07:10:52.693+0000] {processor.py:183} INFO - Processing /home/airflow/.local/lib/python3.12/site-packages/airflow/example_dags/example_subdag_operator.py took 0.127 seconds
[2026-06-24T07:11:22.804+0000] {processor.py:161} INFO - Started process (PID=2973) to work on /home/airflow/.local/lib/python3.12/site-packages/airflow/example_dags/example_subdag_operator.py
[2026-06-24T07:11:22.808+0000] {processor.py:830} INFO - Processing file /home/airflow/.local/lib/python3.12/site-packages/airflow/example_dags/example_subdag_operator.py for tasks to queue
[2026-06-24T07:11:22.816+0000] {logging_mixin.py:188} INFO - [2026-06-24T07:11:22.816+0000] {dagbag.py:545} INFO - Filling up the DagBag from /home/airflow/.local/lib/python3.12/site-packages/airflow/example_dags/example_subdag_operator.py
[2026-06-24T07:11:22.912+0000] {processor.py:840} INFO - DAG(s) 'example_subdag_operator.section-1', 'example_subdag_operator.section-2', 'example_subdag_operator' retrieved from /home/airflow/.local/lib/python3.12/site-packages/airflow/example_dags/example_subdag_operator.py
[2026-06-24T07:11:22.961+0000] {logging_mixin.py:188} INFO - [2026-06-24T07:11:22.960+0000] {dag.py:3096} INFO - Sync 3 DAGs
[2026-06-24T07:11:23.042+0000] {logging_mixin.py:188} INFO - [2026-06-24T07:11:23.042+0000] {dag.py:3954} INFO - Setting next_dagrun for example_subdag_operator to 2022-01-01 00:00:00+00:00, run_after=2022-01-01 00:00:00+00:00
[2026-06-24T07:11:23.067+0000] {logging_mixin.py:188} INFO - [2026-06-24T07:11:23.066+0000] {dag.py:3954} INFO - Setting next_dagrun for example_subdag_operator.section-1 to None, run_after=None
[2026-06-24T07:11:23.074+0000] {logging_mixin.py:188} INFO - [2026-06-24T07:11:23.074+0000] {dag.py:3954} INFO - Setting next_dagrun for example_subdag_operator.section-2 to None, run_after=None
[2026-06-24T07:11:23.118+0000] {logging_mixin.py:188} INFO - [2026-06-24T07:11:23.114+0000] {dag.py:3096} INFO - Sync 2 DAGs
[2026-06-24T07:11:23.130+0000] {logging_mixin.py:188} INFO - [2026-06-24T07:11:23.130+0000] {dag.py:3954} INFO - Setting next_dagrun for example_subdag_operator.section-1 to None, run_after=None
[2026-06-24T07:11:23.131+0000] {logging_mixin.py:188} INFO - [2026-06-24T07:11:23.131+0000] {dag.py:3954} INFO - Setting next_dagrun for example_subdag_operator.section-2 to None, run_after=None
[2026-06-24T07:11:23.159+0000] {processor.py:183} INFO - Processing /home/airflow/.local/lib/python3.12/site-packages/airflow/example_dags/example_subdag_operator.py took 0.409 seconds
[2026-06-24T07:11:53.819+0000] {processor.py:161} INFO - Started process (PID=3031) to work on /home/airflow/.local/lib/python3.12/site-packages/airflow/example_dags/example_subdag_operator.py
[2026-06-24T07:11:53.820+0000] {processor.py:830} INFO - Processing file /home/airflow/.local/lib/python3.12/site-packages/airflow/example_dags/example_subdag_operator.py for tasks to queue
[2026-06-24T07:11:53.823+0000] {logging_mixin.py:188} INFO - [2026-06-24T07:11:53.822+0000] {dagbag.py:545} INFO - Filling up the DagBag from /home/airflow/.local/lib/python3.12/site-packages/airflow/example_dags/example_subdag_operator.py
[2026-06-24T07:11:53.856+0000] {processor.py:840} INFO - DAG(s) 'example_subdag_operator.section-1', 'example_subdag_operator.section-2', 'example_subdag_operator' retrieved from /home/airflow/.local/lib/python3.12/site-packages/airflow/example_dags/example_subdag_operator.py
[2026-06-24T07:11:53.879+0000] {logging_mixin.py:188} INFO - [2026-06-24T07:11:53.879+0000] {dag.py:3096} INFO - Sync 3 DAGs
[2026-06-24T07:11:53.915+0000] {logging_mixin.py:188} INFO - [2026-06-24T07:11:53.914+0000] {dag.py:3954} INFO - Setting next_dagrun for example_subdag_operator to 2022-01-01 00:00:00+00:00, run_after=2022-01-01 00:00:00+00:00
[2026-06-24T07:11:53.920+0000] {logging_mixin.py:188} INFO - [2026-06-24T07:11:53.920+0000] {dag.py:3954} INFO - Setting next_dagrun for example_subdag_operator.section-1 to None, run_after=None
[2026-06-24T07:11:53.921+0000] {logging_mixin.py:188} INFO - [2026-06-24T07:11:53.921+0000] {dag.py:3954} INFO - Setting next_dagrun for example_subdag_operator.section-2 to None, run_after=None
[2026-06-24T07:11:53.930+0000] {logging_mixin.py:188} INFO - [2026-06-24T07:11:53.930+0000] {dag.py:3096} INFO - Sync 2 DAGs
[2026-06-24T07:11:53.936+0000] {logging_mixin.py:188} INFO - [2026-06-24T07:11:53.935+0000] {dag.py:3954} INFO - Setting next_dagrun for example_subdag_operator.section-1 to None, run_after=None
[2026-06-24T07:11:53.936+0000] {logging_mixin.py:188} INFO - [2026-06-24T07:11:53.936+0000] {dag.py:3954} INFO - Setting next_dagrun for example_subdag_operator.section-2 to None, run_after=None
[2026-06-24T07:11:53.953+0000] {processor.py:183} INFO - Processing /home/airflow/.local/lib/python3.12/site-packages/airflow/example_dags/example_subdag_operator.py took 0.140 seconds
[2026-06-24T07:12:24.552+0000] {processor.py:161} INFO - Started process (PID=3089) to work on /home/airflow/.local/lib/python3.12/site-packages/airflow/example_dags/example_subdag_operator.py
[2026-06-24T07:12:24.555+0000] {processor.py:830} INFO - Processing file /home/airflow/.local/lib/python3.12/site-packages/airflow/example_dags/example_subdag_operator.py for tasks to queue
[2026-06-24T07:12:24.559+0000] {logging_mixin.py:188} INFO - [2026-06-24T07:12:24.557+0000] {dagbag.py:545} INFO - Filling up the DagBag from /home/airflow/.local/lib/python3.12/site-packages/airflow/example_dags/example_subdag_operator.py
[2026-06-24T07:12:24.628+0000] {processor.py:840} INFO - DAG(s) 'example_subdag_operator.section-1', 'example_subdag_operator.section-2', 'example_subdag_operator' retrieved from /home/airflow/.local/lib/python3.12/site-packages/airflow/example_dags/example_subdag_operator.py
[2026-06-24T07:12:24.688+0000] {logging_mixin.py:188} INFO - [2026-06-24T07:12:24.688+0000] {dag.py:3096} INFO - Sync 3 DAGs
[2026-06-24T07:12:24.757+0000] {logging_mixin.py:188} INFO - [2026-06-24T07:12:24.757+0000] {dag.py:3954} INFO - Setting next_dagrun for example_subdag_operator to 2022-01-01 00:00:00+00:00, run_after=2022-01-01 00:00:00+00:00
[2026-06-24T07:12:24.772+0000] {logging_mixin.py:188} INFO - [2026-06-24T07:12:24.771+0000] {dag.py:3954} INFO - Setting next_dagrun for example_subdag_operator.section-1 to None, run_after=None
[2026-06-24T07:12:24.776+0000] {logging_mixin.py:188} INFO - [2026-06-24T07:12:24.776+0000] {dag.py:3954} INFO - Setting next_dagrun for example_subdag_operator.section-2 to None, run_after=None
[2026-06-24T07:12:24.794+0000] {logging_mixin.py:188} INFO - [2026-06-24T07:12:24.794+0000] {dag.py:3096} INFO - Sync 2 DAGs
[2026-06-24T07:12:24.809+0000] {logging_mixin.py:188} INFO - [2026-06-24T07:12:24.809+0000] {dag.py:3954} INFO - Setting next_dagrun for example_subdag_operator.section-1 to None, run_after=None
[2026-06-24T07:12:24.812+0000] {logging_mixin.py:188} INFO - [2026-06-24T07:12:24.812+0000] {dag.py:3954} INFO - Setting next_dagrun for example_subdag_operator.section-2 to None, run_after=None
[2026-06-24T07:12:24.837+0000] {processor.py:183} INFO - Processing /home/airflow/.local/lib/python3.12/site-packages/airflow/example_dags/example_subdag_operator.py took 0.304 seconds
[2026-06-24T07:12:55.045+0000] {processor.py:161} INFO - Started process (PID=3148) to work on /home/airflow/.local/lib/python3.12/site-packages/airflow/example_dags/example_subdag_operator.py
[2026-06-24T07:12:55.046+0000] {processor.py:830} INFO - Processing file /home/airflow/.local/lib/python3.12/site-packages/airflow/example_dags/example_subdag_operator.py for tasks to queue
[2026-06-24T07:12:55.048+0000] {logging_mixin.py:188} INFO - [2026-06-24T07:12:55.048+0000] {dagbag.py:545} INFO - Filling up the DagBag from /home/airflow/.local/lib/python3.12/site-packages/airflow/example_dags/example_subdag_operator.py
[2026-06-24T07:12:55.079+0000] {processor.py:840} INFO - DAG(s) 'example_subdag_operator.section-1', 'example_subdag_operator.section-2', 'example_subdag_operator' retrieved from /home/airflow/.local/lib/python3.12/site-packages/airflow/example_dags/example_subdag_operator.py
[2026-06-24T07:12:55.101+0000] {logging_mixin.py:188} INFO - [2026-06-24T07:12:55.101+0000] {dag.py:3096} INFO - Sync 3 DAGs
[2026-06-24T07:12:55.135+0000] {logging_mixin.py:188} INFO - [2026-06-24T07:12:55.134+0000] {dag.py:3954} INFO - Setting next_dagrun for example_subdag_operator to 2022-01-01 00:00:00+00:00, run_after=2022-01-01 00:00:00+00:00
[2026-06-24T07:12:55.139+0000] {logging_mixin.py:188} INFO - [2026-06-24T07:12:55.139+0000] {dag.py:3954} INFO - Setting next_dagrun for example_subdag_operator.section-1 to None, run_after=None
[2026-06-24T07:12:55.141+0000] {logging_mixin.py:188} INFO - [2026-06-24T07:12:55.141+0000] {dag.py:3954} INFO - Setting next_dagrun for example_subdag_operator.section-2 to None, run_after=None
[2026-06-24T07:12:55.151+0000] {logging_mixin.py:188} INFO - [2026-06-24T07:12:55.150+0000] {dag.py:3096} INFO - Sync 2 DAGs
[2026-06-24T07:12:55.156+0000] {logging_mixin.py:188} INFO - [2026-06-24T07:12:55.156+0000] {dag.py:3954} INFO - Setting next_dagrun for example_subdag_operator.section-1 to None, run_after=None
[2026-06-24T07:12:55.157+0000] {logging_mixin.py:188} INFO - [2026-06-24T07:12:55.157+0000] {dag.py:3954} INFO - Setting next_dagrun for example_subdag_operator.section-2 to None, run_after=None
[2026-06-24T07:12:55.169+0000] {processor.py:183} INFO - Processing /home/airflow/.local/lib/python3.12/site-packages/airflow/example_dags/example_subdag_operator.py took 0.131 seconds
[2026-06-24T07:13:25.870+0000] {processor.py:161} INFO - Started process (PID=3207) to work on /home/airflow/.local/lib/python3.12/site-packages/airflow/example_dags/example_subdag_operator.py
[2026-06-24T07:13:25.871+0000] {processor.py:830} INFO - Processing file /home/airflow/.local/lib/python3.12/site-packages/airflow/example_dags/example_subdag_operator.py for tasks to queue
[2026-06-24T07:13:25.874+0000] {logging_mixin.py:188} INFO - [2026-06-24T07:13:25.873+0000] {dagbag.py:545} INFO - Filling up the DagBag from /home/airflow/.local/lib/python3.12/site-packages/airflow/example_dags/example_subdag_operator.py
[2026-06-24T07:13:25.909+0000] {processor.py:840} INFO - DAG(s) 'example_subdag_operator.section-1', 'example_subdag_operator.section-2', 'example_subdag_operator' retrieved from /home/airflow/.local/lib/python3.12/site-packages/airflow/example_dags/example_subdag_operator.py
[2026-06-24T07:13:25.932+0000] {logging_mixin.py:188} INFO - [2026-06-24T07:13:25.931+0000] {dag.py:3096} INFO - Sync 3 DAGs
[2026-06-24T07:13:25.965+0000] {logging_mixin.py:188} INFO - [2026-06-24T07:13:25.964+0000] {dag.py:3954} INFO - Setting next_dagrun for example_subdag_operator to 2022-01-01 00:00:00+00:00, run_after=2022-01-01 00:00:00+00:00
[2026-06-24T07:13:25.970+0000] {logging_mixin.py:188} INFO - [2026-06-24T07:13:25.969+0000] {dag.py:3954} INFO - Setting next_dagrun for example_subdag_operator.section-1 to None, run_after=None
[2026-06-24T07:13:25.971+0000] {logging_mixin.py:188} INFO - [2026-06-24T07:13:25.971+0000] {dag.py:3954} INFO - Setting next_dagrun for example_subdag_operator.section-2 to None, run_after=None
[2026-06-24T07:13:25.980+0000] {logging_mixin.py:188} INFO - [2026-06-24T07:13:25.980+0000] {dag.py:3096} INFO - Sync 2 DAGs
[2026-06-24T07:13:25.986+0000] {logging_mixin.py:188} INFO - [2026-06-24T07:13:25.986+0000] {dag.py:3954} INFO - Setting next_dagrun for example_subdag_operator.section-1 to None, run_after=None
[2026-06-24T07:13:25.987+0000] {logging_mixin.py:188} INFO - [2026-06-24T07:13:25.987+0000] {dag.py:3954} INFO - Setting next_dagrun for example_subdag_operator.section-2 to None, run_after=None
[2026-06-24T07:13:26.000+0000] {processor.py:183} INFO - Processing /home/airflow/.local/lib/python3.12/site-packages/airflow/example_dags/example_subdag_operator.py took 0.137 seconds
[2026-06-24T07:13:56.228+0000] {processor.py:161} INFO - Started process (PID=3266) to work on /home/airflow/.local/lib/python3.12/site-packages/airflow/example_dags/example_subdag_operator.py
[2026-06-24T07:13:56.229+0000] {processor.py:830} INFO - Processing file /home/airflow/.local/lib/python3.12/site-packages/airflow/example_dags/example_subdag_operator.py for tasks to queue
[2026-06-24T07:13:56.231+0000] {logging_mixin.py:188} INFO - [2026-06-24T07:13:56.231+0000] {dagbag.py:545} INFO - Filling up the DagBag from /home/airflow/.local/lib/python3.12/site-packages/airflow/example_dags/example_subdag_operator.py
[2026-06-24T07:13:56.263+0000] {processor.py:840} INFO - DAG(s) 'example_subdag_operator.section-1', 'example_subdag_operator.section-2', 'example_subdag_operator' retrieved from /home/airflow/.local/lib/python3.12/site-packages/airflow/example_dags/example_subdag_operator.py
[2026-06-24T07:13:56.284+0000] {logging_mixin.py:188} INFO - [2026-06-24T07:13:56.284+0000] {dag.py:3096} INFO - Sync 3 DAGs
[2026-06-24T07:13:56.322+0000] {logging_mixin.py:188} INFO - [2026-06-24T07:13:56.321+0000] {dag.py:3954} INFO - Setting next_dagrun for example_subdag_operator to 2022-01-01 00:00:00+00:00, run_after=2022-01-01 00:00:00+00:00
[2026-06-24T07:13:56.328+0000] {logging_mixin.py:188} INFO - [2026-06-24T07:13:56.328+0000] {dag.py:3954} INFO - Setting next_dagrun for example_subdag_operator.section-1 to None, run_after=None
[2026-06-24T07:13:56.330+0000] {logging_mixin.py:188} INFO - [2026-06-24T07:13:56.329+0000] {dag.py:3954} INFO - Setting next_dagrun for example_subdag_operator.section-2 to None, run_after=None
[2026-06-24T07:13:56.342+0000] {logging_mixin.py:188} INFO - [2026-06-24T07:13:56.342+0000] {dag.py:3096} INFO - Sync 2 DAGs
[2026-06-24T07:13:56.350+0000] {logging_mixin.py:188} INFO - [2026-06-24T07:13:56.350+0000] {dag.py:3954} INFO - Setting next_dagrun for example_subdag_operator.section-1 to None, run_after=None
[2026-06-24T07:13:56.351+0000] {logging_mixin.py:188} INFO - [2026-06-24T07:13:56.350+0000] {dag.py:3954} INFO - Setting next_dagrun for example_subdag_operator.section-2 to None, run_after=None
[2026-06-24T07:13:56.362+0000] {processor.py:183} INFO - Processing /home/airflow/.local/lib/python3.12/site-packages/airflow/example_dags/example_subdag_operator.py took 0.141 seconds
[2026-06-24T07:14:26.933+0000] {processor.py:161} INFO - Started process (PID=3325) to work on /home/airflow/.local/lib/python3.12/site-packages/airflow/example_dags/example_subdag_operator.py
[2026-06-24T07:14:26.934+0000] {processor.py:830} INFO - Processing file /home/airflow/.local/lib/python3.12/site-packages/airflow/example_dags/example_subdag_operator.py for tasks to queue
[2026-06-24T07:14:26.937+0000] {logging_mixin.py:188} INFO - [2026-06-24T07:14:26.936+0000] {dagbag.py:545} INFO - Filling up the DagBag from /home/airflow/.local/lib/python3.12/site-packages/airflow/example_dags/example_subdag_operator.py
[2026-06-24T07:14:26.985+0000] {processor.py:840} INFO - DAG(s) 'example_subdag_operator.section-1', 'example_subdag_operator.section-2', 'example_subdag_operator' retrieved from /home/airflow/.local/lib/python3.12/site-packages/airflow/example_dags/example_subdag_operator.py
[2026-06-24T07:14:27.007+0000] {logging_mixin.py:188} INFO - [2026-06-24T07:14:27.007+0000] {dag.py:3096} INFO - Sync 3 DAGs
[2026-06-24T07:14:27.062+0000] {logging_mixin.py:188} INFO - [2026-06-24T07:14:27.062+0000] {dag.py:3954} INFO - Setting next_dagrun for example_subdag_operator to 2022-01-01 00:00:00+00:00, run_after=2022-01-01 00:00:00+00:00
[2026-06-24T07:14:27.067+0000] {logging_mixin.py:188} INFO - [2026-06-24T07:14:27.067+0000] {dag.py:3954} INFO - Setting next_dagrun for example_subdag_operator.section-1 to None, run_after=None
[2026-06-24T07:14:27.069+0000] {logging_mixin.py:188} INFO - [2026-06-24T07:14:27.069+0000] {dag.py:3954} INFO - Setting next_dagrun for example_subdag_operator.section-2 to None, run_after=None
[2026-06-24T07:14:27.078+0000] {logging_mixin.py:188} INFO - [2026-06-24T07:14:27.078+0000] {dag.py:3096} INFO - Sync 2 DAGs
[2026-06-24T07:14:27.085+0000] {logging_mixin.py:188} INFO - [2026-06-24T07:14:27.084+0000] {dag.py:3954} INFO - Setting next_dagrun for example_subdag_operator.section-1 to None, run_after=None
[2026-06-24T07:14:27.085+0000] {logging_mixin.py:188} INFO - [2026-06-24T07:14:27.085+0000] {dag.py:3954} INFO - Setting next_dagrun for example_subdag_operator.section-2 to None, run_after=None
[2026-06-24T07:14:27.098+0000] {processor.py:183} INFO - Processing /home/airflow/.local/lib/python3.12/site-packages/airflow/example_dags/example_subdag_operator.py took 0.171 seconds
[2026-06-24T07:14:57.805+0000] {processor.py:161} INFO - Started process (PID=3384) to work on /home/airflow/.local/lib/python3.12/site-packages/airflow/example_dags/example_subdag_operator.py
[2026-06-24T07:14:57.806+0000] {processor.py:830} INFO - Processing file /home/airflow/.local/lib/python3.12/site-packages/airflow/example_dags/example_subdag_operator.py for tasks to queue
[2026-06-24T07:14:57.808+0000] {logging_mixin.py:188} INFO - [2026-06-24T07:14:57.808+0000] {dagbag.py:545} INFO - Filling up the DagBag from /home/airflow/.local/lib/python3.12/site-packages/airflow/example_dags/example_subdag_operator.py
[2026-06-24T07:14:57.843+0000] {processor.py:840} INFO - DAG(s) 'example_subdag_operator.section-1', 'example_subdag_operator.section-2', 'example_subdag_operator' retrieved from /home/airflow/.local/lib/python3.12/site-packages/airflow/example_dags/example_subdag_operator.py
[2026-06-24T07:14:57.865+0000] {logging_mixin.py:188} INFO - [2026-06-24T07:14:57.865+0000] {dag.py:3096} INFO - Sync 3 DAGs
[2026-06-24T07:14:57.895+0000] {logging_mixin.py:188} INFO - [2026-06-24T07:14:57.895+0000] {dag.py:3954} INFO - Setting next_dagrun for example_subdag_operator to 2022-01-01 00:00:00+00:00, run_after=2022-01-01 00:00:00+00:00
[2026-06-24T07:14:57.900+0000] {logging_mixin.py:188} INFO - [2026-06-24T07:14:57.899+0000] {dag.py:3954} INFO - Setting next_dagrun for example_subdag_operator.section-1 to None, run_after=None
[2026-06-24T07:14:57.901+0000] {logging_mixin.py:188} INFO - [2026-06-24T07:14:57.901+0000] {dag.py:3954} INFO - Setting next_dagrun for example_subdag_operator.section-2 to None, run_after=None
[2026-06-24T07:14:57.909+0000] {logging_mixin.py:188} INFO - [2026-06-24T07:14:57.909+0000] {dag.py:3096} INFO - Sync 2 DAGs
[2026-06-24T07:14:57.915+0000] {logging_mixin.py:188} INFO - [2026-06-24T07:14:57.915+0000] {dag.py:3954} INFO - Setting next_dagrun for example_subdag_operator.section-1 to None, run_after=None
[2026-06-24T07:14:57.915+0000] {logging_mixin.py:188} INFO - [2026-06-24T07:14:57.915+0000] {dag.py:3954} INFO - Setting next_dagrun for example_subdag_operator.section-2 to None, run_after=None
[2026-06-24T07:14:57.926+0000] {processor.py:183} INFO - Processing /home/airflow/.local/lib/python3.12/site-packages/airflow/example_dags/example_subdag_operator.py took 0.129 seconds
[2026-06-24T07:15:28.887+0000] {processor.py:161} INFO - Started process (PID=3443) to work on /home/airflow/.local/lib/python3.12/site-packages/airflow/example_dags/example_subdag_operator.py
[2026-06-24T07:15:28.888+0000] {processor.py:830} INFO - Processing file /home/airflow/.local/lib/python3.12/site-packages/airflow/example_dags/example_subdag_operator.py for tasks to queue
[2026-06-24T07:15:28.890+0000] {logging_mixin.py:188} INFO - [2026-06-24T07:15:28.890+0000] {dagbag.py:545} INFO - Filling up the DagBag from /home/airflow/.local/lib/python3.12/site-packages/airflow/example_dags/example_subdag_operator.py
[2026-06-24T07:15:28.926+0000] {processor.py:840} INFO - DAG(s) 'example_subdag_operator.section-1', 'example_subdag_operator.section-2', 'example_subdag_operator' retrieved from /home/airflow/.local/lib/python3.12/site-packages/airflow/example_dags/example_subdag_operator.py
[2026-06-24T07:15:28.949+0000] {logging_mixin.py:188} INFO - [2026-06-24T07:15:28.949+0000] {dag.py:3096} INFO - Sync 3 DAGs
[2026-06-24T07:15:28.981+0000] {logging_mixin.py:188} INFO - [2026-06-24T07:15:28.981+0000] {dag.py:3954} INFO - Setting next_dagrun for example_subdag_operator to 2022-01-01 00:00:00+00:00, run_after=2022-01-01 00:00:00+00:00
[2026-06-24T07:15:28.989+0000] {logging_mixin.py:188} INFO - [2026-06-24T07:15:28.989+0000] {dag.py:3954} INFO - Setting next_dagrun for example_subdag_operator.section-1 to None, run_after=None
[2026-06-24T07:15:28.990+0000] {logging_mixin.py:188} INFO - [2026-06-24T07:15:28.990+0000] {dag.py:3954} INFO - Setting next_dagrun for example_subdag_operator.section-2 to None, run_after=None
[2026-06-24T07:15:28.998+0000] {logging_mixin.py:188} INFO - [2026-06-24T07:15:28.998+0000] {dag.py:3096} INFO - Sync 2 DAGs
[2026-06-24T07:15:29.005+0000] {logging_mixin.py:188} INFO - [2026-06-24T07:15:29.004+0000] {dag.py:3954} INFO - Setting next_dagrun for example_subdag_operator.section-1 to None, run_after=None
[2026-06-24T07:15:29.005+0000] {logging_mixin.py:188} INFO - [2026-06-24T07:15:29.005+0000] {dag.py:3954} INFO - Setting next_dagrun for example_subdag_operator.section-2 to None, run_after=None
[2026-06-24T07:15:29.017+0000] {processor.py:183} INFO - Processing /home/airflow/.local/lib/python3.12/site-packages/airflow/example_dags/example_subdag_operator.py took 0.137 seconds
[2026-06-24T07:15:59.734+0000] {processor.py:161} INFO - Started process (PID=3502) to work on /home/airflow/.local/lib/python3.12/site-packages/airflow/example_dags/example_subdag_operator.py
[2026-06-24T07:15:59.734+0000] {processor.py:830} INFO - Processing file /home/airflow/.local/lib/python3.12/site-packages/airflow/example_dags/example_subdag_operator.py for tasks to queue
[2026-06-24T07:15:59.737+0000] {logging_mixin.py:188} INFO - [2026-06-24T07:15:59.736+0000] {dagbag.py:545} INFO - Filling up the DagBag from /home/airflow/.local/lib/python3.12/site-packages/airflow/example_dags/example_subdag_operator.py
[2026-06-24T07:15:59.768+0000] {processor.py:840} INFO - DAG(s) 'example_subdag_operator.section-1', 'example_subdag_operator.section-2', 'example_subdag_operator' retrieved from /home/airflow/.local/lib/python3.12/site-packages/airflow/example_dags/example_subdag_operator.py
[2026-06-24T07:15:59.791+0000] {logging_mixin.py:188} INFO - [2026-06-24T07:15:59.790+0000] {dag.py:3096} INFO - Sync 3 DAGs
[2026-06-24T07:15:59.821+0000] {logging_mixin.py:188} INFO - [2026-06-24T07:15:59.821+0000] {dag.py:3954} INFO - Setting next_dagrun for example_subdag_operator to 2022-01-01 00:00:00+00:00, run_after=2022-01-01 00:00:00+00:00
[2026-06-24T07:15:59.826+0000] {logging_mixin.py:188} INFO - [2026-06-24T07:15:59.826+0000] {dag.py:3954} INFO - Setting next_dagrun for example_subdag_operator.section-1 to None, run_after=None
[2026-06-24T07:15:59.827+0000] {logging_mixin.py:188} INFO - [2026-06-24T07:15:59.827+0000] {dag.py:3954} INFO - Setting next_dagrun for example_subdag_operator.section-2 to None, run_after=None
[2026-06-24T07:15:59.836+0000] {logging_mixin.py:188} INFO - [2026-06-24T07:15:59.836+0000] {dag.py:3096} INFO - Sync 2 DAGs
[2026-06-24T07:15:59.842+0000] {logging_mixin.py:188} INFO - [2026-06-24T07:15:59.842+0000] {dag.py:3954} INFO - Setting next_dagrun for example_subdag_operator.section-1 to None, run_after=None
[2026-06-24T07:15:59.843+0000] {logging_mixin.py:188} INFO - [2026-06-24T07:15:59.843+0000] {dag.py:3954} INFO - Setting next_dagrun for example_subdag_operator.section-2 to None, run_after=None
[2026-06-24T07:15:59.855+0000] {processor.py:183} INFO - Processing /home/airflow/.local/lib/python3.12/site-packages/airflow/example_dags/example_subdag_operator.py took 0.128 seconds
[2026-06-24T07:16:30.296+0000] {processor.py:161} INFO - Started process (PID=3561) to work on /home/airflow/.local/lib/python3.12/site-packages/airflow/example_dags/example_subdag_operator.py
[2026-06-24T07:16:30.297+0000] {processor.py:830} INFO - Processing file /home/airflow/.local/lib/python3.12/site-packages/airflow/example_dags/example_subdag_operator.py for tasks to queue
[2026-06-24T07:16:30.299+0000] {logging_mixin.py:188} INFO - [2026-06-24T07:16:30.298+0000] {dagbag.py:545} INFO - Filling up the DagBag from /home/airflow/.local/lib/python3.12/site-packages/airflow/example_dags/example_subdag_operator.py
[2026-06-24T07:16:30.332+0000] {processor.py:840} INFO - DAG(s) 'example_subdag_operator.section-1', 'example_subdag_operator.section-2', 'example_subdag_operator' retrieved from /home/airflow/.local/lib/python3.12/site-packages/airflow/example_dags/example_subdag_operator.py
[2026-06-24T07:16:30.356+0000] {logging_mixin.py:188} INFO - [2026-06-24T07:16:30.355+0000] {dag.py:3096} INFO - Sync 3 DAGs
[2026-06-24T07:16:30.387+0000] {logging_mixin.py:188} INFO - [2026-06-24T07:16:30.386+0000] {dag.py:3954} INFO - Setting next_dagrun for example_subdag_operator to 2022-01-01 00:00:00+00:00, run_after=2022-01-01 00:00:00+00:00
[2026-06-24T07:16:30.392+0000] {logging_mixin.py:188} INFO - [2026-06-24T07:16:30.391+0000] {dag.py:3954} INFO - Setting next_dagrun for example_subdag_operator.section-1 to None, run_after=None
[2026-06-24T07:16:30.393+0000] {logging_mixin.py:188} INFO - [2026-06-24T07:16:30.393+0000] {dag.py:3954} INFO - Setting next_dagrun for example_subdag_operator.section-2 to None, run_after=None
[2026-06-24T07:16:30.408+0000] {logging_mixin.py:188} INFO - [2026-06-24T07:16:30.408+0000] {dag.py:3096} INFO - Sync 2 DAGs
[2026-06-24T07:16:30.414+0000] {logging_mixin.py:188} INFO - [2026-06-24T07:16:30.414+0000] {dag.py:3954} INFO - Setting next_dagrun for example_subdag_operator.section-1 to None, run_after=None
[2026-06-24T07:16:30.415+0000] {logging_mixin.py:188} INFO - [2026-06-24T07:16:30.415+0000] {dag.py:3954} INFO - Setting next_dagrun for example_subdag_operator.section-2 to None, run_after=None
[2026-06-24T07:16:30.427+0000] {processor.py:183} INFO - Processing /home/airflow/.local/lib/python3.12/site-packages/airflow/example_dags/example_subdag_operator.py took 0.139 seconds
[2026-06-24T07:17:01.122+0000] {processor.py:161} INFO - Started process (PID=3620) to work on /home/airflow/.local/lib/python3.12/site-packages/airflow/example_dags/example_subdag_operator.py
[2026-06-24T07:17:01.124+0000] {processor.py:830} INFO - Processing file /home/airflow/.local/lib/python3.12/site-packages/airflow/example_dags/example_subdag_operator.py for tasks to queue
[2026-06-24T07:17:01.126+0000] {logging_mixin.py:188} INFO - [2026-06-24T07:17:01.126+0000] {dagbag.py:545} INFO - Filling up the DagBag from /home/airflow/.local/lib/python3.12/site-packages/airflow/example_dags/example_subdag_operator.py
[2026-06-24T07:17:01.162+0000] {processor.py:840} INFO - DAG(s) 'example_subdag_operator.section-1', 'example_subdag_operator.section-2', 'example_subdag_operator' retrieved from /home/airflow/.local/lib/python3.12/site-packages/airflow/example_dags/example_subdag_operator.py
[2026-06-24T07:17:01.183+0000] {logging_mixin.py:188} INFO - [2026-06-24T07:17:01.183+0000] {dag.py:3096} INFO - Sync 3 DAGs
[2026-06-24T07:17:01.213+0000] {logging_mixin.py:188} INFO - [2026-06-24T07:17:01.213+0000] {dag.py:3954} INFO - Setting next_dagrun for example_subdag_operator to 2022-01-01 00:00:00+00:00, run_after=2022-01-01 00:00:00+00:00
[2026-06-24T07:17:01.217+0000] {logging_mixin.py:188} INFO - [2026-06-24T07:17:01.217+0000] {dag.py:3954} INFO - Setting next_dagrun for example_subdag_operator.section-1 to None, run_after=None
[2026-06-24T07:17:01.219+0000] {logging_mixin.py:188} INFO - [2026-06-24T07:17:01.219+0000] {dag.py:3954} INFO - Setting next_dagrun for example_subdag_operator.section-2 to None, run_after=None
[2026-06-24T07:17:01.227+0000] {logging_mixin.py:188} INFO - [2026-06-24T07:17:01.227+0000] {dag.py:3096} INFO - Sync 2 DAGs
[2026-06-24T07:17:01.234+0000] {logging_mixin.py:188} INFO - [2026-06-24T07:17:01.233+0000] {dag.py:3954} INFO - Setting next_dagrun for example_subdag_operator.section-1 to None, run_after=None
[2026-06-24T07:17:01.234+0000] {logging_mixin.py:188} INFO - [2026-06-24T07:17:01.234+0000] {dag.py:3954} INFO - Setting next_dagrun for example_subdag_operator.section-2 to None, run_after=None
[2026-06-24T07:17:01.246+0000] {processor.py:183} INFO - Processing /home/airflow/.local/lib/python3.12/site-packages/airflow/example_dags/example_subdag_operator.py took 0.131 seconds
[2026-06-24T07:17:31.925+0000] {processor.py:161} INFO - Started process (PID=3679) to work on /home/airflow/.local/lib/python3.12/site-packages/airflow/example_dags/example_subdag_operator.py
[2026-06-24T07:17:31.928+0000] {processor.py:830} INFO - Processing file /home/airflow/.local/lib/python3.12/site-packages/airflow/example_dags/example_subdag_operator.py for tasks to queue
[2026-06-24T07:17:31.931+0000] {logging_mixin.py:188} INFO - [2026-06-24T07:17:31.931+0000] {dagbag.py:545} INFO - Filling up the DagBag from /home/airflow/.local/lib/python3.12/site-packages/airflow/example_dags/example_subdag_operator.py
[2026-06-24T07:17:31.987+0000] {processor.py:840} INFO - DAG(s) 'example_subdag_operator.section-1', 'example_subdag_operator.section-2', 'example_subdag_operator' retrieved from /home/airflow/.local/lib/python3.12/site-packages/airflow/example_dags/example_subdag_operator.py
[2026-06-24T07:17:32.016+0000] {logging_mixin.py:188} INFO - [2026-06-24T07:17:32.016+0000] {dag.py:3096} INFO - Sync 3 DAGs
[2026-06-24T07:17:32.082+0000] {logging_mixin.py:188} INFO - [2026-06-24T07:17:32.082+0000] {dag.py:3954} INFO - Setting next_dagrun for example_subdag_operator to 2022-01-01 00:00:00+00:00, run_after=2022-01-01 00:00:00+00:00
[2026-06-24T07:17:32.089+0000] {logging_mixin.py:188} INFO - [2026-06-24T07:17:32.089+0000] {dag.py:3954} INFO - Setting next_dagrun for example_subdag_operator.section-1 to None, run_after=None
[2026-06-24T07:17:32.091+0000] {logging_mixin.py:188} INFO - [2026-06-24T07:17:32.091+0000] {dag.py:3954} INFO - Setting next_dagrun for example_subdag_operator.section-2 to None, run_after=None
[2026-06-24T07:17:32.100+0000] {logging_mixin.py:188} INFO - [2026-06-24T07:17:32.099+0000] {dag.py:3096} INFO - Sync 2 DAGs
[2026-06-24T07:17:32.106+0000] {logging_mixin.py:188} INFO - [2026-06-24T07:17:32.105+0000] {dag.py:3954} INFO - Setting next_dagrun for example_subdag_operator.section-1 to None, run_after=None
[2026-06-24T07:17:32.106+0000] {logging_mixin.py:188} INFO - [2026-06-24T07:17:32.106+0000] {dag.py:3954} INFO - Setting next_dagrun for example_subdag_operator.section-2 to None, run_after=None
[2026-06-24T07:17:32.119+0000] {processor.py:183} INFO - Processing /home/airflow/.local/lib/python3.12/site-packages/airflow/example_dags/example_subdag_operator.py took 0.213 seconds
[2026-06-24T07:18:03.055+0000] {processor.py:161} INFO - Started process (PID=3738) to work on /home/airflow/.local/lib/python3.12/site-packages/airflow/example_dags/example_subdag_operator.py
[2026-06-24T07:18:03.056+0000] {processor.py:830} INFO - Processing file /home/airflow/.local/lib/python3.12/site-packages/airflow/example_dags/example_subdag_operator.py for tasks to queue
[2026-06-24T07:18:03.058+0000] {logging_mixin.py:188} INFO - [2026-06-24T07:18:03.058+0000] {dagbag.py:545} INFO - Filling up the DagBag from /home/airflow/.local/lib/python3.12/site-packages/airflow/example_dags/example_subdag_operator.py
[2026-06-24T07:18:03.089+0000] {processor.py:840} INFO - DAG(s) 'example_subdag_operator.section-1', 'example_subdag_operator.section-2', 'example_subdag_operator' retrieved from /home/airflow/.local/lib/python3.12/site-packages/airflow/example_dags/example_subdag_operator.py
[2026-06-24T07:18:03.110+0000] {logging_mixin.py:188} INFO - [2026-06-24T07:18:03.110+0000] {dag.py:3096} INFO - Sync 3 DAGs
[2026-06-24T07:18:03.144+0000] {logging_mixin.py:188} INFO - [2026-06-24T07:18:03.143+0000] {dag.py:3954} INFO - Setting next_dagrun for example_subdag_operator to 2022-01-01 00:00:00+00:00, run_after=2022-01-01 00:00:00+00:00
[2026-06-24T07:18:03.154+0000] {logging_mixin.py:188} INFO - [2026-06-24T07:18:03.154+0000] {dag.py:3954} INFO - Setting next_dagrun for example_subdag_operator.section-1 to None, run_after=None
[2026-06-24T07:18:03.158+0000] {logging_mixin.py:188} INFO - [2026-06-24T07:18:03.158+0000] {dag.py:3954} INFO - Setting next_dagrun for example_subdag_operator.section-2 to None, run_after=None
[2026-06-24T07:18:03.169+0000] {logging_mixin.py:188} INFO - [2026-06-24T07:18:03.169+0000] {dag.py:3096} INFO - Sync 2 DAGs
[2026-06-24T07:18:03.176+0000] {logging_mixin.py:188} INFO - [2026-06-24T07:18:03.175+0000] {dag.py:3954} INFO - Setting next_dagrun for example_subdag_operator.section-1 to None, run_after=None
[2026-06-24T07:18:03.176+0000] {logging_mixin.py:188} INFO - [2026-06-24T07:18:03.176+0000] {dag.py:3954} INFO - Setting next_dagrun for example_subdag_operator.section-2 to None, run_after=None
[2026-06-24T07:18:03.188+0000] {processor.py:183} INFO - Processing /home/airflow/.local/lib/python3.12/site-packages/airflow/example_dags/example_subdag_operator.py took 0.140 seconds
[2026-06-24T07:18:33.758+0000] {processor.py:161} INFO - Started process (PID=3797) to work on /home/airflow/.local/lib/python3.12/site-packages/airflow/example_dags/example_subdag_operator.py
[2026-06-24T07:18:33.760+0000] {processor.py:830} INFO - Processing file /home/airflow/.local/lib/python3.12/site-packages/airflow/example_dags/example_subdag_operator.py for tasks to queue
[2026-06-24T07:18:33.762+0000] {logging_mixin.py:188} INFO - [2026-06-24T07:18:33.762+0000] {dagbag.py:545} INFO - Filling up the DagBag from /home/airflow/.local/lib/python3.12/site-packages/airflow/example_dags/example_subdag_operator.py
[2026-06-24T07:18:33.794+0000] {processor.py:840} INFO - DAG(s) 'example_subdag_operator.section-1', 'example_subdag_operator.section-2', 'example_subdag_operator' retrieved from /home/airflow/.local/lib/python3.12/site-packages/airflow/example_dags/example_subdag_operator.py
[2026-06-24T07:18:33.817+0000] {logging_mixin.py:188} INFO - [2026-06-24T07:18:33.817+0000] {dag.py:3096} INFO - Sync 3 DAGs
[2026-06-24T07:18:33.850+0000] {logging_mixin.py:188} INFO - [2026-06-24T07:18:33.849+0000] {dag.py:3954} INFO - Setting next_dagrun for example_subdag_operator to 2022-01-01 00:00:00+00:00, run_after=2022-01-01 00:00:00+00:00
[2026-06-24T07:18:33.856+0000] {logging_mixin.py:188} INFO - [2026-06-24T07:18:33.855+0000] {dag.py:3954} INFO - Setting next_dagrun for example_subdag_operator.section-1 to None, run_after=None
[2026-06-24T07:18:33.857+0000] {logging_mixin.py:188} INFO - [2026-06-24T07:18:33.857+0000] {dag.py:3954} INFO - Setting next_dagrun for example_subdag_operator.section-2 to None, run_after=None
[2026-06-24T07:18:33.866+0000] {logging_mixin.py:188} INFO - [2026-06-24T07:18:33.866+0000] {dag.py:3096} INFO - Sync 2 DAGs
[2026-06-24T07:18:33.872+0000] {logging_mixin.py:188} INFO - [2026-06-24T07:18:33.872+0000] {dag.py:3954} INFO - Setting next_dagrun for example_subdag_operator.section-1 to None, run_after=None
[2026-06-24T07:18:33.873+0000] {logging_mixin.py:188} INFO - [2026-06-24T07:18:33.873+0000] {dag.py:3954} INFO - Setting next_dagrun for example_subdag_operator.section-2 to None, run_after=None
[2026-06-24T07:18:33.885+0000] {processor.py:183} INFO - Processing /home/airflow/.local/lib/python3.12/site-packages/airflow/example_dags/example_subdag_operator.py took 0.142 seconds
[2026-06-24T07:19:04.217+0000] {processor.py:161} INFO - Started process (PID=3855) to work on /home/airflow/.local/lib/python3.12/site-packages/airflow/example_dags/example_subdag_operator.py
[2026-06-24T07:19:04.218+0000] {processor.py:830} INFO - Processing file /home/airflow/.local/lib/python3.12/site-packages/airflow/example_dags/example_subdag_operator.py for tasks to queue
[2026-06-24T07:19:04.220+0000] {logging_mixin.py:188} INFO - [2026-06-24T07:19:04.219+0000] {dagbag.py:545} INFO - Filling up the DagBag from /home/airflow/.local/lib/python3.12/site-packages/airflow/example_dags/example_subdag_operator.py
[2026-06-24T07:19:04.256+0000] {processor.py:840} INFO - DAG(s) 'example_subdag_operator.section-1', 'example_subdag_operator.section-2', 'example_subdag_operator' retrieved from /home/airflow/.local/lib/python3.12/site-packages/airflow/example_dags/example_subdag_operator.py
[2026-06-24T07:19:04.305+0000] {logging_mixin.py:188} INFO - [2026-06-24T07:19:04.305+0000] {dag.py:3096} INFO - Sync 3 DAGs
[2026-06-24T07:19:04.357+0000] {logging_mixin.py:188} INFO - [2026-06-24T07:19:04.356+0000] {dag.py:3954} INFO - Setting next_dagrun for example_subdag_operator to 2022-01-01 00:00:00+00:00, run_after=2022-01-01 00:00:00+00:00
[2026-06-24T07:19:04.363+0000] {logging_mixin.py:188} INFO - [2026-06-24T07:19:04.363+0000] {dag.py:3954} INFO - Setting next_dagrun for example_subdag_operator.section-1 to None, run_after=None
[2026-06-24T07:19:04.365+0000] {logging_mixin.py:188} INFO - [2026-06-24T07:19:04.364+0000] {dag.py:3954} INFO - Setting next_dagrun for example_subdag_operator.section-2 to None, run_after=None
[2026-06-24T07:19:04.376+0000] {logging_mixin.py:188} INFO - [2026-06-24T07:19:04.376+0000] {dag.py:3096} INFO - Sync 2 DAGs
[2026-06-24T07:19:04.386+0000] {logging_mixin.py:188} INFO - [2026-06-24T07:19:04.386+0000] {dag.py:3954} INFO - Setting next_dagrun for example_subdag_operator.section-1 to None, run_after=None
[2026-06-24T07:19:04.387+0000] {logging_mixin.py:188} INFO - [2026-06-24T07:19:04.387+0000] {dag.py:3954} INFO - Setting next_dagrun for example_subdag_operator.section-2 to None, run_after=None
[2026-06-24T07:19:04.410+0000] {processor.py:183} INFO - Processing /home/airflow/.local/lib/python3.12/site-packages/airflow/example_dags/example_subdag_operator.py took 0.200 seconds
[2026-06-24T07:19:34.636+0000] {processor.py:161} INFO - Started process (PID=3914) to work on /home/airflow/.local/lib/python3.12/site-packages/airflow/example_dags/example_subdag_operator.py
[2026-06-24T07:19:34.637+0000] {processor.py:830} INFO - Processing file /home/airflow/.local/lib/python3.12/site-packages/airflow/example_dags/example_subdag_operator.py for tasks to queue
[2026-06-24T07:19:34.639+0000] {logging_mixin.py:188} INFO - [2026-06-24T07:19:34.638+0000] {dagbag.py:545} INFO - Filling up the DagBag from /home/airflow/.local/lib/python3.12/site-packages/airflow/example_dags/example_subdag_operator.py
[2026-06-24T07:19:34.672+0000] {processor.py:840} INFO - DAG(s) 'example_subdag_operator.section-1', 'example_subdag_operator.section-2', 'example_subdag_operator' retrieved from /home/airflow/.local/lib/python3.12/site-packages/airflow/example_dags/example_subdag_operator.py
[2026-06-24T07:19:34.697+0000] {logging_mixin.py:188} INFO - [2026-06-24T07:19:34.696+0000] {dag.py:3096} INFO - Sync 3 DAGs
[2026-06-24T07:19:34.739+0000] {logging_mixin.py:188} INFO - [2026-06-24T07:19:34.739+0000] {dag.py:3954} INFO - Setting next_dagrun for example_subdag_operator to 2022-01-01 00:00:00+00:00, run_after=2022-01-01 00:00:00+00:00
[2026-06-24T07:19:34.746+0000] {logging_mixin.py:188} INFO - [2026-06-24T07:19:34.746+0000] {dag.py:3954} INFO - Setting next_dagrun for example_subdag_operator.section-1 to None, run_after=None
[2026-06-24T07:19:34.748+0000] {logging_mixin.py:188} INFO - [2026-06-24T07:19:34.748+0000] {dag.py:3954} INFO - Setting next_dagrun for example_subdag_operator.section-2 to None, run_after=None
[2026-06-24T07:19:34.757+0000] {logging_mixin.py:188} INFO - [2026-06-24T07:19:34.757+0000] {dag.py:3096} INFO - Sync 2 DAGs
[2026-06-24T07:19:34.764+0000] {logging_mixin.py:188} INFO - [2026-06-24T07:19:34.764+0000] {dag.py:3954} INFO - Setting next_dagrun for example_subdag_operator.section-1 to None, run_after=None
[2026-06-24T07:19:34.765+0000] {logging_mixin.py:188} INFO - [2026-06-24T07:19:34.765+0000] {dag.py:3954} INFO - Setting next_dagrun for example_subdag_operator.section-2 to None, run_after=None
[2026-06-24T07:19:34.797+0000] {processor.py:183} INFO - Processing /home/airflow/.local/lib/python3.12/site-packages/airflow/example_dags/example_subdag_operator.py took 0.168 seconds
[2026-06-24T07:20:05.245+0000] {processor.py:161} INFO - Started process (PID=3973) to work on /home/airflow/.local/lib/python3.12/site-packages/airflow/example_dags/example_subdag_operator.py
[2026-06-24T07:20:05.246+0000] {processor.py:830} INFO - Processing file /home/airflow/.local/lib/python3.12/site-packages/airflow/example_dags/example_subdag_operator.py for tasks to queue
[2026-06-24T07:20:05.248+0000] {logging_mixin.py:188} INFO - [2026-06-24T07:20:05.248+0000] {dagbag.py:545} INFO - Filling up the DagBag from /home/airflow/.local/lib/python3.12/site-packages/airflow/example_dags/example_subdag_operator.py
[2026-06-24T07:20:05.278+0000] {processor.py:840} INFO - DAG(s) 'example_subdag_operator.section-1', 'example_subdag_operator.section-2', 'example_subdag_operator' retrieved from /home/airflow/.local/lib/python3.12/site-packages/airflow/example_dags/example_subdag_operator.py
[2026-06-24T07:20:05.300+0000] {logging_mixin.py:188} INFO - [2026-06-24T07:20:05.299+0000] {dag.py:3096} INFO - Sync 3 DAGs
[2026-06-24T07:20:05.330+0000] {logging_mixin.py:188} INFO - [2026-06-24T07:20:05.329+0000] {dag.py:3954} INFO - Setting next_dagrun for example_subdag_operator to 2022-01-01 00:00:00+00:00, run_after=2022-01-01 00:00:00+00:00
[2026-06-24T07:20:05.335+0000] {logging_mixin.py:188} INFO - [2026-06-24T07:20:05.334+0000] {dag.py:3954} INFO - Setting next_dagrun for example_subdag_operator.section-1 to None, run_after=None
[2026-06-24T07:20:05.336+0000] {logging_mixin.py:188} INFO - [2026-06-24T07:20:05.336+0000] {dag.py:3954} INFO - Setting next_dagrun for example_subdag_operator.section-2 to None, run_after=None
[2026-06-24T07:20:05.344+0000] {logging_mixin.py:188} INFO - [2026-06-24T07:20:05.344+0000] {dag.py:3096} INFO - Sync 2 DAGs
[2026-06-24T07:20:05.350+0000] {logging_mixin.py:188} INFO - [2026-06-24T07:20:05.349+0000] {dag.py:3954} INFO - Setting next_dagrun for example_subdag_operator.section-1 to None, run_after=None
[2026-06-24T07:20:05.350+0000] {logging_mixin.py:188} INFO - [2026-06-24T07:20:05.350+0000] {dag.py:3954} INFO - Setting next_dagrun for example_subdag_operator.section-2 to None, run_after=None
[2026-06-24T07:20:05.361+0000] {processor.py:183} INFO - Processing /home/airflow/.local/lib/python3.12/site-packages/airflow/example_dags/example_subdag_operator.py took 0.123 seconds
[2026-06-24T07:20:36.106+0000] {processor.py:161} INFO - Started process (PID=4032) to work on /home/airflow/.local/lib/python3.12/site-packages/airflow/example_dags/example_subdag_operator.py
[2026-06-24T07:20:36.108+0000] {processor.py:830} INFO - Processing file /home/airflow/.local/lib/python3.12/site-packages/airflow/example_dags/example_subdag_operator.py for tasks to queue
[2026-06-24T07:20:36.113+0000] {logging_mixin.py:188} INFO - [2026-06-24T07:20:36.113+0000] {dagbag.py:545} INFO - Filling up the DagBag from /home/airflow/.local/lib/python3.12/site-packages/airflow/example_dags/example_subdag_operator.py
[2026-06-24T07:20:36.144+0000] {processor.py:840} INFO - DAG(s) 'example_subdag_operator.section-1', 'example_subdag_operator.section-2', 'example_subdag_operator' retrieved from /home/airflow/.local/lib/python3.12/site-packages/airflow/example_dags/example_subdag_operator.py
[2026-06-24T07:20:36.167+0000] {logging_mixin.py:188} INFO - [2026-06-24T07:20:36.166+0000] {dag.py:3096} INFO - Sync 3 DAGs
[2026-06-24T07:20:36.198+0000] {logging_mixin.py:188} INFO - [2026-06-24T07:20:36.198+0000] {dag.py:3954} INFO - Setting next_dagrun for example_subdag_operator to 2022-01-01 00:00:00+00:00, run_after=2022-01-01 00:00:00+00:00
[2026-06-24T07:20:36.206+0000] {logging_mixin.py:188} INFO - [2026-06-24T07:20:36.206+0000] {dag.py:3954} INFO - Setting next_dagrun for example_subdag_operator.section-1 to None, run_after=None
[2026-06-24T07:20:36.208+0000] {logging_mixin.py:188} INFO - [2026-06-24T07:20:36.207+0000] {dag.py:3954} INFO - Setting next_dagrun for example_subdag_operator.section-2 to None, run_after=None
[2026-06-24T07:20:36.221+0000] {logging_mixin.py:188} INFO - [2026-06-24T07:20:36.221+0000] {dag.py:3096} INFO - Sync 2 DAGs
[2026-06-24T07:20:36.229+0000] {logging_mixin.py:188} INFO - [2026-06-24T07:20:36.229+0000] {dag.py:3954} INFO - Setting next_dagrun for example_subdag_operator.section-1 to None, run_after=None
[2026-06-24T07:20:36.230+0000] {logging_mixin.py:188} INFO - [2026-06-24T07:20:36.229+0000] {dag.py:3954} INFO - Setting next_dagrun for example_subdag_operator.section-2 to None, run_after=None
[2026-06-24T07:20:36.243+0000] {processor.py:183} INFO - Processing /home/airflow/.local/lib/python3.12/site-packages/airflow/example_dags/example_subdag_operator.py took 0.148 seconds
[2026-06-24T07:21:06.385+0000] {processor.py:161} INFO - Started process (PID=4091) to work on /home/airflow/.local/lib/python3.12/site-packages/airflow/example_dags/example_subdag_operator.py
[2026-06-24T07:21:06.386+0000] {processor.py:830} INFO - Processing file /home/airflow/.local/lib/python3.12/site-packages/airflow/example_dags/example_subdag_operator.py for tasks to queue
[2026-06-24T07:21:06.388+0000] {logging_mixin.py:188} INFO - [2026-06-24T07:21:06.388+0000] {dagbag.py:545} INFO - Filling up the DagBag from /home/airflow/.local/lib/python3.12/site-packages/airflow/example_dags/example_subdag_operator.py
[2026-06-24T07:21:06.419+0000] {processor.py:840} INFO - DAG(s) 'example_subdag_operator.section-1', 'example_subdag_operator.section-2', 'example_subdag_operator' retrieved from /home/airflow/.local/lib/python3.12/site-packages/airflow/example_dags/example_subdag_operator.py
[2026-06-24T07:21:06.486+0000] {logging_mixin.py:188} INFO - [2026-06-24T07:21:06.486+0000] {dag.py:3096} INFO - Sync 3 DAGs
[2026-06-24T07:21:06.554+0000] {logging_mixin.py:188} INFO - [2026-06-24T07:21:06.554+0000] {dag.py:3954} INFO - Setting next_dagrun for example_subdag_operator to 2022-01-01 00:00:00+00:00, run_after=2022-01-01 00:00:00+00:00
[2026-06-24T07:21:06.562+0000] {logging_mixin.py:188} INFO - [2026-06-24T07:21:06.562+0000] {dag.py:3954} INFO - Setting next_dagrun for example_subdag_operator.section-1 to None, run_after=None
[2026-06-24T07:21:06.565+0000] {logging_mixin.py:188} INFO - [2026-06-24T07:21:06.565+0000] {dag.py:3954} INFO - Setting next_dagrun for example_subdag_operator.section-2 to None, run_after=None
[2026-06-24T07:21:06.581+0000] {logging_mixin.py:188} INFO - [2026-06-24T07:21:06.581+0000] {dag.py:3096} INFO - Sync 2 DAGs
[2026-06-24T07:21:06.599+0000] {logging_mixin.py:188} INFO - [2026-06-24T07:21:06.599+0000] {dag.py:3954} INFO - Setting next_dagrun for example_subdag_operator.section-1 to None, run_after=None
[2026-06-24T07:21:06.601+0000] {logging_mixin.py:188} INFO - [2026-06-24T07:21:06.601+0000] {dag.py:3954} INFO - Setting next_dagrun for example_subdag_operator.section-2 to None, run_after=None
[2026-06-24T07:21:06.629+0000] {processor.py:183} INFO - Processing /home/airflow/.local/lib/python3.12/site-packages/airflow/example_dags/example_subdag_operator.py took 0.251 seconds
[2026-06-24T07:21:36.682+0000] {processor.py:161} INFO - Started process (PID=4150) to work on /home/airflow/.local/lib/python3.12/site-packages/airflow/example_dags/example_subdag_operator.py
[2026-06-24T07:21:36.683+0000] {processor.py:830} INFO - Processing file /home/airflow/.local/lib/python3.12/site-packages/airflow/example_dags/example_subdag_operator.py for tasks to queue
[2026-06-24T07:21:36.685+0000] {logging_mixin.py:188} INFO - [2026-06-24T07:21:36.684+0000] {dagbag.py:545} INFO - Filling up the DagBag from /home/airflow/.local/lib/python3.12/site-packages/airflow/example_dags/example_subdag_operator.py
[2026-06-24T07:21:36.717+0000] {processor.py:840} INFO - DAG(s) 'example_subdag_operator.section-1', 'example_subdag_operator.section-2', 'example_subdag_operator' retrieved from /home/airflow/.local/lib/python3.12/site-packages/airflow/example_dags/example_subdag_operator.py
[2026-06-24T07:21:36.739+0000] {logging_mixin.py:188} INFO - [2026-06-24T07:21:36.738+0000] {dag.py:3096} INFO - Sync 3 DAGs
[2026-06-24T07:21:36.770+0000] {logging_mixin.py:188} INFO - [2026-06-24T07:21:36.769+0000] {dag.py:3954} INFO - Setting next_dagrun for example_subdag_operator to 2022-01-01 00:00:00+00:00, run_after=2022-01-01 00:00:00+00:00
[2026-06-24T07:21:36.775+0000] {logging_mixin.py:188} INFO - [2026-06-24T07:21:36.774+0000] {dag.py:3954} INFO - Setting next_dagrun for example_subdag_operator.section-1 to None, run_after=None
[2026-06-24T07:21:36.776+0000] {logging_mixin.py:188} INFO - [2026-06-24T07:21:36.776+0000] {dag.py:3954} INFO - Setting next_dagrun for example_subdag_operator.section-2 to None, run_after=None
[2026-06-24T07:21:36.784+0000] {logging_mixin.py:188} INFO - [2026-06-24T07:21:36.784+0000] {dag.py:3096} INFO - Sync 2 DAGs
[2026-06-24T07:21:36.790+0000] {logging_mixin.py:188} INFO - [2026-06-24T07:21:36.790+0000] {dag.py:3954} INFO - Setting next_dagrun for example_subdag_operator.section-1 to None, run_after=None
[2026-06-24T07:21:36.790+0000] {logging_mixin.py:188} INFO - [2026-06-24T07:21:36.790+0000] {dag.py:3954} INFO - Setting next_dagrun for example_subdag_operator.section-2 to None, run_after=None
[2026-06-24T07:21:36.801+0000] {processor.py:183} INFO - Processing /home/airflow/.local/lib/python3.12/site-packages/airflow/example_dags/example_subdag_operator.py took 0.126 seconds
[2026-06-24T07:22:07.174+0000] {processor.py:161} INFO - Started process (PID=4214) to work on /home/airflow/.local/lib/python3.12/site-packages/airflow/example_dags/example_subdag_operator.py
[2026-06-24T07:22:07.176+0000] {processor.py:830} INFO - Processing file /home/airflow/.local/lib/python3.12/site-packages/airflow/example_dags/example_subdag_operator.py for tasks to queue
[2026-06-24T07:22:07.182+0000] {logging_mixin.py:188} INFO - [2026-06-24T07:22:07.181+0000] {dagbag.py:545} INFO - Filling up the DagBag from /home/airflow/.local/lib/python3.12/site-packages/airflow/example_dags/example_subdag_operator.py
[2026-06-24T07:22:07.230+0000] {processor.py:840} INFO - DAG(s) 'example_subdag_operator.section-1', 'example_subdag_operator.section-2', 'example_subdag_operator' retrieved from /home/airflow/.local/lib/python3.12/site-packages/airflow/example_dags/example_subdag_operator.py
[2026-06-24T07:22:07.254+0000] {logging_mixin.py:188} INFO - [2026-06-24T07:22:07.253+0000] {dag.py:3096} INFO - Sync 3 DAGs
[2026-06-24T07:22:07.333+0000] {logging_mixin.py:188} INFO - [2026-06-24T07:22:07.329+0000] {dag.py:3954} INFO - Setting next_dagrun for example_subdag_operator to 2022-01-01 00:00:00+00:00, run_after=2022-01-01 00:00:00+00:00
[2026-06-24T07:22:07.346+0000] {logging_mixin.py:188} INFO - [2026-06-24T07:22:07.344+0000] {dag.py:3954} INFO - Setting next_dagrun for example_subdag_operator.section-1 to None, run_after=None
[2026-06-24T07:22:07.354+0000] {logging_mixin.py:188} INFO - [2026-06-24T07:22:07.354+0000] {dag.py:3954} INFO - Setting next_dagrun for example_subdag_operator.section-2 to None, run_after=None
[2026-06-24T07:22:07.442+0000] {logging_mixin.py:188} INFO - [2026-06-24T07:22:07.441+0000] {dag.py:3096} INFO - Sync 2 DAGs
[2026-06-24T07:22:07.511+0000] {logging_mixin.py:188} INFO - [2026-06-24T07:22:07.509+0000] {dag.py:3954} INFO - Setting next_dagrun for example_subdag_operator.section-1 to None, run_after=None
[2026-06-24T07:22:07.514+0000] {logging_mixin.py:188} INFO - [2026-06-24T07:22:07.513+0000] {dag.py:3954} INFO - Setting next_dagrun for example_subdag_operator.section-2 to None, run_after=None
[2026-06-24T07:22:07.565+0000] {processor.py:183} INFO - Processing /home/airflow/.local/lib/python3.12/site-packages/airflow/example_dags/example_subdag_operator.py took 0.405 seconds
[2026-06-24T07:22:38.047+0000] {processor.py:161} INFO - Started process (PID=4273) to work on /home/airflow/.local/lib/python3.12/site-packages/airflow/example_dags/example_subdag_operator.py
[2026-06-24T07:22:38.048+0000] {processor.py:830} INFO - Processing file /home/airflow/.local/lib/python3.12/site-packages/airflow/example_dags/example_subdag_operator.py for tasks to queue
[2026-06-24T07:22:38.051+0000] {logging_mixin.py:188} INFO - [2026-06-24T07:22:38.050+0000] {dagbag.py:545} INFO - Filling up the DagBag from /home/airflow/.local/lib/python3.12/site-packages/airflow/example_dags/example_subdag_operator.py
[2026-06-24T07:22:38.081+0000] {processor.py:840} INFO - DAG(s) 'example_subdag_operator.section-1', 'example_subdag_operator.section-2', 'example_subdag_operator' retrieved from /home/airflow/.local/lib/python3.12/site-packages/airflow/example_dags/example_subdag_operator.py
[2026-06-24T07:22:38.102+0000] {logging_mixin.py:188} INFO - [2026-06-24T07:22:38.102+0000] {dag.py:3096} INFO - Sync 3 DAGs
[2026-06-24T07:22:38.132+0000] {logging_mixin.py:188} INFO - [2026-06-24T07:22:38.132+0000] {dag.py:3954} INFO - Setting next_dagrun for example_subdag_operator to 2022-01-01 00:00:00+00:00, run_after=2022-01-01 00:00:00+00:00
[2026-06-24T07:22:38.137+0000] {logging_mixin.py:188} INFO - [2026-06-24T07:22:38.137+0000] {dag.py:3954} INFO - Setting next_dagrun for example_subdag_operator.section-1 to None, run_after=None
[2026-06-24T07:22:38.138+0000] {logging_mixin.py:188} INFO - [2026-06-24T07:22:38.138+0000] {dag.py:3954} INFO - Setting next_dagrun for example_subdag_operator.section-2 to None, run_after=None
[2026-06-24T07:22:38.146+0000] {logging_mixin.py:188} INFO - [2026-06-24T07:22:38.146+0000] {dag.py:3096} INFO - Sync 2 DAGs
[2026-06-24T07:22:38.154+0000] {logging_mixin.py:188} INFO - [2026-06-24T07:22:38.154+0000] {dag.py:3954} INFO - Setting next_dagrun for example_subdag_operator.section-1 to None, run_after=None
[2026-06-24T07:22:38.155+0000] {logging_mixin.py:188} INFO - [2026-06-24T07:22:38.155+0000] {dag.py:3954} INFO - Setting next_dagrun for example_subdag_operator.section-2 to None, run_after=None
[2026-06-24T07:22:38.167+0000] {processor.py:183} INFO - Processing /home/airflow/.local/lib/python3.12/site-packages/airflow/example_dags/example_subdag_operator.py took 0.127 seconds
[2026-06-24T07:23:09.024+0000] {processor.py:161} INFO - Started process (PID=4332) to work on /home/airflow/.local/lib/python3.12/site-packages/airflow/example_dags/example_subdag_operator.py
[2026-06-24T07:23:09.026+0000] {processor.py:830} INFO - Processing file /home/airflow/.local/lib/python3.12/site-packages/airflow/example_dags/example_subdag_operator.py for tasks to queue
[2026-06-24T07:23:09.028+0000] {logging_mixin.py:188} INFO - [2026-06-24T07:23:09.028+0000] {dagbag.py:545} INFO - Filling up the DagBag from /home/airflow/.local/lib/python3.12/site-packages/airflow/example_dags/example_subdag_operator.py
[2026-06-24T07:23:09.058+0000] {processor.py:840} INFO - DAG(s) 'example_subdag_operator.section-1', 'example_subdag_operator.section-2', 'example_subdag_operator' retrieved from /home/airflow/.local/lib/python3.12/site-packages/airflow/example_dags/example_subdag_operator.py
[2026-06-24T07:23:09.081+0000] {logging_mixin.py:188} INFO - [2026-06-24T07:23:09.081+0000] {dag.py:3096} INFO - Sync 3 DAGs
[2026-06-24T07:23:09.113+0000] {logging_mixin.py:188} INFO - [2026-06-24T07:23:09.113+0000] {dag.py:3954} INFO - Setting next_dagrun for example_subdag_operator to 2022-01-01 00:00:00+00:00, run_after=2022-01-01 00:00:00+00:00
[2026-06-24T07:23:09.118+0000] {logging_mixin.py:188} INFO - [2026-06-24T07:23:09.118+0000] {dag.py:3954} INFO - Setting next_dagrun for example_subdag_operator.section-1 to None, run_after=None
[2026-06-24T07:23:09.119+0000] {logging_mixin.py:188} INFO - [2026-06-24T07:23:09.119+0000] {dag.py:3954} INFO - Setting next_dagrun for example_subdag_operator.section-2 to None, run_after=None
[2026-06-24T07:23:09.128+0000] {logging_mixin.py:188} INFO - [2026-06-24T07:23:09.128+0000] {dag.py:3096} INFO - Sync 2 DAGs
[2026-06-24T07:23:09.133+0000] {logging_mixin.py:188} INFO - [2026-06-24T07:23:09.133+0000] {dag.py:3954} INFO - Setting next_dagrun for example_subdag_operator.section-1 to None, run_after=None
[2026-06-24T07:23:09.134+0000] {logging_mixin.py:188} INFO - [2026-06-24T07:23:09.134+0000] {dag.py:3954} INFO - Setting next_dagrun for example_subdag_operator.section-2 to None, run_after=None
[2026-06-24T07:23:09.147+0000] {processor.py:183} INFO - Processing /home/airflow/.local/lib/python3.12/site-packages/airflow/example_dags/example_subdag_operator.py took 0.130 seconds
[2026-06-24T07:23:40.003+0000] {processor.py:161} INFO - Started process (PID=4391) to work on /home/airflow/.local/lib/python3.12/site-packages/airflow/example_dags/example_subdag_operator.py
[2026-06-24T07:23:40.004+0000] {processor.py:830} INFO - Processing file /home/airflow/.local/lib/python3.12/site-packages/airflow/example_dags/example_subdag_operator.py for tasks to queue
[2026-06-24T07:23:40.007+0000] {logging_mixin.py:188} INFO - [2026-06-24T07:23:40.007+0000] {dagbag.py:545} INFO - Filling up the DagBag from /home/airflow/.local/lib/python3.12/site-packages/airflow/example_dags/example_subdag_operator.py
[2026-06-24T07:23:40.066+0000] {processor.py:840} INFO - DAG(s) 'example_subdag_operator.section-1', 'example_subdag_operator.section-2', 'example_subdag_operator' retrieved from /home/airflow/.local/lib/python3.12/site-packages/airflow/example_dags/example_subdag_operator.py
[2026-06-24T07:23:40.156+0000] {logging_mixin.py:188} INFO - [2026-06-24T07:23:40.155+0000] {dag.py:3096} INFO - Sync 3 DAGs
[2026-06-24T07:23:40.204+0000] {logging_mixin.py:188} INFO - [2026-06-24T07:23:40.204+0000] {dag.py:3954} INFO - Setting next_dagrun for example_subdag_operator to 2022-01-01 00:00:00+00:00, run_after=2022-01-01 00:00:00+00:00
[2026-06-24T07:23:40.209+0000] {logging_mixin.py:188} INFO - [2026-06-24T07:23:40.208+0000] {dag.py:3954} INFO - Setting next_dagrun for example_subdag_operator.section-1 to None, run_after=None
[2026-06-24T07:23:40.210+0000] {logging_mixin.py:188} INFO - [2026-06-24T07:23:40.210+0000] {dag.py:3954} INFO - Setting next_dagrun for example_subdag_operator.section-2 to None, run_after=None
[2026-06-24T07:23:40.242+0000] {logging_mixin.py:188} INFO - [2026-06-24T07:23:40.242+0000] {dag.py:3096} INFO - Sync 2 DAGs
[2026-06-24T07:23:40.250+0000] {logging_mixin.py:188} INFO - [2026-06-24T07:23:40.249+0000] {dag.py:3954} INFO - Setting next_dagrun for example_subdag_operator.section-1 to None, run_after=None
[2026-06-24T07:23:40.250+0000] {logging_mixin.py:188} INFO - [2026-06-24T07:23:40.250+0000] {dag.py:3954} INFO - Setting next_dagrun for example_subdag_operator.section-2 to None, run_after=None
[2026-06-24T07:23:40.263+0000] {processor.py:183} INFO - Processing /home/airflow/.local/lib/python3.12/site-packages/airflow/example_dags/example_subdag_operator.py took 0.277 seconds
[2026-06-24T07:24:11.264+0000] {processor.py:161} INFO - Started process (PID=4451) to work on /home/airflow/.local/lib/python3.12/site-packages/airflow/example_dags/example_subdag_operator.py
[2026-06-24T07:24:11.264+0000] {processor.py:830} INFO - Processing file /home/airflow/.local/lib/python3.12/site-packages/airflow/example_dags/example_subdag_operator.py for tasks to queue
[2026-06-24T07:24:11.267+0000] {logging_mixin.py:188} INFO - [2026-06-24T07:24:11.266+0000] {dagbag.py:545} INFO - Filling up the DagBag from /home/airflow/.local/lib/python3.12/site-packages/airflow/example_dags/example_subdag_operator.py
[2026-06-24T07:24:11.296+0000] {processor.py:840} INFO - DAG(s) 'example_subdag_operator.section-1', 'example_subdag_operator.section-2', 'example_subdag_operator' retrieved from /home/airflow/.local/lib/python3.12/site-packages/airflow/example_dags/example_subdag_operator.py
[2026-06-24T07:24:11.318+0000] {logging_mixin.py:188} INFO - [2026-06-24T07:24:11.318+0000] {dag.py:3096} INFO - Sync 3 DAGs
[2026-06-24T07:24:11.350+0000] {logging_mixin.py:188} INFO - [2026-06-24T07:24:11.350+0000] {dag.py:3954} INFO - Setting next_dagrun for example_subdag_operator to 2022-01-01 00:00:00+00:00, run_after=2022-01-01 00:00:00+00:00
[2026-06-24T07:24:11.355+0000] {logging_mixin.py:188} INFO - [2026-06-24T07:24:11.355+0000] {dag.py:3954} INFO - Setting next_dagrun for example_subdag_operator.section-1 to None, run_after=None
[2026-06-24T07:24:11.357+0000] {logging_mixin.py:188} INFO - [2026-06-24T07:24:11.357+0000] {dag.py:3954} INFO - Setting next_dagrun for example_subdag_operator.section-2 to None, run_after=None
[2026-06-24T07:24:11.365+0000] {logging_mixin.py:188} INFO - [2026-06-24T07:24:11.365+0000] {dag.py:3096} INFO - Sync 2 DAGs
[2026-06-24T07:24:11.372+0000] {logging_mixin.py:188} INFO - [2026-06-24T07:24:11.371+0000] {dag.py:3954} INFO - Setting next_dagrun for example_subdag_operator.section-1 to None, run_after=None
[2026-06-24T07:24:11.372+0000] {logging_mixin.py:188} INFO - [2026-06-24T07:24:11.372+0000] {dag.py:3954} INFO - Setting next_dagrun for example_subdag_operator.section-2 to None, run_after=None
[2026-06-24T07:24:11.384+0000] {processor.py:183} INFO - Processing /home/airflow/.local/lib/python3.12/site-packages/airflow/example_dags/example_subdag_operator.py took 0.127 seconds
[2026-06-24T07:24:42.074+0000] {processor.py:161} INFO - Started process (PID=4509) to work on /home/airflow/.local/lib/python3.12/site-packages/airflow/example_dags/example_subdag_operator.py
[2026-06-24T07:24:42.077+0000] {processor.py:830} INFO - Processing file /home/airflow/.local/lib/python3.12/site-packages/airflow/example_dags/example_subdag_operator.py for tasks to queue
[2026-06-24T07:24:42.081+0000] {logging_mixin.py:188} INFO - [2026-06-24T07:24:42.080+0000] {dagbag.py:545} INFO - Filling up the DagBag from /home/airflow/.local/lib/python3.12/site-packages/airflow/example_dags/example_subdag_operator.py
[2026-06-24T07:24:42.145+0000] {processor.py:840} INFO - DAG(s) 'example_subdag_operator.section-1', 'example_subdag_operator.section-2', 'example_subdag_operator' retrieved from /home/airflow/.local/lib/python3.12/site-packages/airflow/example_dags/example_subdag_operator.py
[2026-06-24T07:24:42.170+0000] {logging_mixin.py:188} INFO - [2026-06-24T07:24:42.169+0000] {dag.py:3096} INFO - Sync 3 DAGs
[2026-06-24T07:24:42.200+0000] {logging_mixin.py:188} INFO - [2026-06-24T07:24:42.200+0000] {dag.py:3954} INFO - Setting next_dagrun for example_subdag_operator to 2022-01-01 00:00:00+00:00, run_after=2022-01-01 00:00:00+00:00
[2026-06-24T07:24:42.205+0000] {logging_mixin.py:188} INFO - [2026-06-24T07:24:42.205+0000] {dag.py:3954} INFO - Setting next_dagrun for example_subdag_operator.section-1 to None, run_after=None
[2026-06-24T07:24:42.207+0000] {logging_mixin.py:188} INFO - [2026-06-24T07:24:42.206+0000] {dag.py:3954} INFO - Setting next_dagrun for example_subdag_operator.section-2 to None, run_after=None
[2026-06-24T07:24:42.216+0000] {logging_mixin.py:188} INFO - [2026-06-24T07:24:42.216+0000] {dag.py:3096} INFO - Sync 2 DAGs
[2026-06-24T07:24:42.223+0000] {logging_mixin.py:188} INFO - [2026-06-24T07:24:42.223+0000] {dag.py:3954} INFO - Setting next_dagrun for example_subdag_operator.section-1 to None, run_after=None
[2026-06-24T07:24:42.224+0000] {logging_mixin.py:188} INFO - [2026-06-24T07:24:42.223+0000] {dag.py:3954} INFO - Setting next_dagrun for example_subdag_operator.section-2 to None, run_after=None
[2026-06-24T07:24:42.235+0000] {processor.py:183} INFO - Processing /home/airflow/.local/lib/python3.12/site-packages/airflow/example_dags/example_subdag_operator.py took 0.167 seconds
[2026-06-24T07:25:12.320+0000] {processor.py:161} INFO - Started process (PID=4567) to work on /home/airflow/.local/lib/python3.12/site-packages/airflow/example_dags/example_subdag_operator.py
[2026-06-24T07:25:12.326+0000] {processor.py:830} INFO - Processing file /home/airflow/.local/lib/python3.12/site-packages/airflow/example_dags/example_subdag_operator.py for tasks to queue
[2026-06-24T07:25:12.331+0000] {logging_mixin.py:188} INFO - [2026-06-24T07:25:12.330+0000] {dagbag.py:545} INFO - Filling up the DagBag from /home/airflow/.local/lib/python3.12/site-packages/airflow/example_dags/example_subdag_operator.py
[2026-06-24T07:25:12.414+0000] {processor.py:840} INFO - DAG(s) 'example_subdag_operator.section-1', 'example_subdag_operator.section-2', 'example_subdag_operator' retrieved from /home/airflow/.local/lib/python3.12/site-packages/airflow/example_dags/example_subdag_operator.py
[2026-06-24T07:25:12.457+0000] {logging_mixin.py:188} INFO - [2026-06-24T07:25:12.457+0000] {dag.py:3096} INFO - Sync 3 DAGs
[2026-06-24T07:25:12.512+0000] {logging_mixin.py:188} INFO - [2026-06-24T07:25:12.512+0000] {dag.py:3954} INFO - Setting next_dagrun for example_subdag_operator to 2022-01-01 00:00:00+00:00, run_after=2022-01-01 00:00:00+00:00
[2026-06-24T07:25:12.528+0000] {logging_mixin.py:188} INFO - [2026-06-24T07:25:12.528+0000] {dag.py:3954} INFO - Setting next_dagrun for example_subdag_operator.section-1 to None, run_after=None
[2026-06-24T07:25:12.532+0000] {logging_mixin.py:188} INFO - [2026-06-24T07:25:12.532+0000] {dag.py:3954} INFO - Setting next_dagrun for example_subdag_operator.section-2 to None, run_after=None
[2026-06-24T07:25:12.546+0000] {logging_mixin.py:188} INFO - [2026-06-24T07:25:12.545+0000] {dag.py:3096} INFO - Sync 2 DAGs
[2026-06-24T07:25:12.552+0000] {logging_mixin.py:188} INFO - [2026-06-24T07:25:12.552+0000] {dag.py:3954} INFO - Setting next_dagrun for example_subdag_operator.section-1 to None, run_after=None
[2026-06-24T07:25:12.552+0000] {logging_mixin.py:188} INFO - [2026-06-24T07:25:12.552+0000] {dag.py:3954} INFO - Setting next_dagrun for example_subdag_operator.section-2 to None, run_after=None
[2026-06-24T07:25:12.564+0000] {processor.py:183} INFO - Processing /home/airflow/.local/lib/python3.12/site-packages/airflow/example_dags/example_subdag_operator.py took 0.259 seconds
[2026-06-24T07:25:42.608+0000] {processor.py:161} INFO - Started process (PID=4626) to work on /home/airflow/.local/lib/python3.12/site-packages/airflow/example_dags/example_subdag_operator.py
[2026-06-24T07:25:42.609+0000] {processor.py:830} INFO - Processing file /home/airflow/.local/lib/python3.12/site-packages/airflow/example_dags/example_subdag_operator.py for tasks to queue
[2026-06-24T07:25:42.612+0000] {logging_mixin.py:188} INFO - [2026-06-24T07:25:42.611+0000] {dagbag.py:545} INFO - Filling up the DagBag from /home/airflow/.local/lib/python3.12/site-packages/airflow/example_dags/example_subdag_operator.py
[2026-06-24T07:25:42.643+0000] {processor.py:840} INFO - DAG(s) 'example_subdag_operator.section-1', 'example_subdag_operator.section-2', 'example_subdag_operator' retrieved from /home/airflow/.local/lib/python3.12/site-packages/airflow/example_dags/example_subdag_operator.py
[2026-06-24T07:25:42.666+0000] {logging_mixin.py:188} INFO - [2026-06-24T07:25:42.666+0000] {dag.py:3096} INFO - Sync 3 DAGs
[2026-06-24T07:25:42.717+0000] {logging_mixin.py:188} INFO - [2026-06-24T07:25:42.717+0000] {dag.py:3954} INFO - Setting next_dagrun for example_subdag_operator to 2022-01-01 00:00:00+00:00, run_after=2022-01-01 00:00:00+00:00
[2026-06-24T07:25:42.722+0000] {logging_mixin.py:188} INFO - [2026-06-24T07:25:42.722+0000] {dag.py:3954} INFO - Setting next_dagrun for example_subdag_operator.section-1 to None, run_after=None
[2026-06-24T07:25:42.724+0000] {logging_mixin.py:188} INFO - [2026-06-24T07:25:42.723+0000] {dag.py:3954} INFO - Setting next_dagrun for example_subdag_operator.section-2 to None, run_after=None
[2026-06-24T07:25:42.732+0000] {logging_mixin.py:188} INFO - [2026-06-24T07:25:42.732+0000] {dag.py:3096} INFO - Sync 2 DAGs
[2026-06-24T07:25:42.738+0000] {logging_mixin.py:188} INFO - [2026-06-24T07:25:42.737+0000] {dag.py:3954} INFO - Setting next_dagrun for example_subdag_operator.section-1 to None, run_after=None
[2026-06-24T07:25:42.738+0000] {logging_mixin.py:188} INFO - [2026-06-24T07:25:42.738+0000] {dag.py:3954} INFO - Setting next_dagrun for example_subdag_operator.section-2 to None, run_after=None
[2026-06-24T07:25:42.750+0000] {processor.py:183} INFO - Processing /home/airflow/.local/lib/python3.12/site-packages/airflow/example_dags/example_subdag_operator.py took 0.149 seconds
[2026-06-24T07:26:12.840+0000] {processor.py:161} INFO - Started process (PID=4684) to work on /home/airflow/.local/lib/python3.12/site-packages/airflow/example_dags/example_subdag_operator.py
[2026-06-24T07:26:12.843+0000] {processor.py:830} INFO - Processing file /home/airflow/.local/lib/python3.12/site-packages/airflow/example_dags/example_subdag_operator.py for tasks to queue
[2026-06-24T07:26:12.847+0000] {logging_mixin.py:188} INFO - [2026-06-24T07:26:12.847+0000] {dagbag.py:545} INFO - Filling up the DagBag from /home/airflow/.local/lib/python3.12/site-packages/airflow/example_dags/example_subdag_operator.py
[2026-06-24T07:26:12.892+0000] {processor.py:840} INFO - DAG(s) 'example_subdag_operator.section-1', 'example_subdag_operator.section-2', 'example_subdag_operator' retrieved from /home/airflow/.local/lib/python3.12/site-packages/airflow/example_dags/example_subdag_operator.py
[2026-06-24T07:26:12.915+0000] {logging_mixin.py:188} INFO - [2026-06-24T07:26:12.915+0000] {dag.py:3096} INFO - Sync 3 DAGs
[2026-06-24T07:26:12.949+0000] {logging_mixin.py:188} INFO - [2026-06-24T07:26:12.948+0000] {dag.py:3954} INFO - Setting next_dagrun for example_subdag_operator to 2022-01-01 00:00:00+00:00, run_after=2022-01-01 00:00:00+00:00
[2026-06-24T07:26:12.954+0000] {logging_mixin.py:188} INFO - [2026-06-24T07:26:12.954+0000] {dag.py:3954} INFO - Setting next_dagrun for example_subdag_operator.section-1 to None, run_after=None
[2026-06-24T07:26:12.955+0000] {logging_mixin.py:188} INFO - [2026-06-24T07:26:12.955+0000] {dag.py:3954} INFO - Setting next_dagrun for example_subdag_operator.section-2 to None, run_after=None
[2026-06-24T07:26:12.965+0000] {logging_mixin.py:188} INFO - [2026-06-24T07:26:12.965+0000] {dag.py:3096} INFO - Sync 2 DAGs
[2026-06-24T07:26:12.971+0000] {logging_mixin.py:188} INFO - [2026-06-24T07:26:12.971+0000] {dag.py:3954} INFO - Setting next_dagrun for example_subdag_operator.section-1 to None, run_after=None
[2026-06-24T07:26:12.972+0000] {logging_mixin.py:188} INFO - [2026-06-24T07:26:12.972+0000] {dag.py:3954} INFO - Setting next_dagrun for example_subdag_operator.section-2 to None, run_after=None
[2026-06-24T07:26:12.986+0000] {processor.py:183} INFO - Processing /home/airflow/.local/lib/python3.12/site-packages/airflow/example_dags/example_subdag_operator.py took 0.153 seconds
[2026-06-24T07:26:43.152+0000] {processor.py:161} INFO - Started process (PID=4743) to work on /home/airflow/.local/lib/python3.12/site-packages/airflow/example_dags/example_subdag_operator.py
[2026-06-24T07:26:43.153+0000] {processor.py:830} INFO - Processing file /home/airflow/.local/lib/python3.12/site-packages/airflow/example_dags/example_subdag_operator.py for tasks to queue
[2026-06-24T07:26:43.155+0000] {logging_mixin.py:188} INFO - [2026-06-24T07:26:43.154+0000] {dagbag.py:545} INFO - Filling up the DagBag from /home/airflow/.local/lib/python3.12/site-packages/airflow/example_dags/example_subdag_operator.py
[2026-06-24T07:26:43.185+0000] {processor.py:840} INFO - DAG(s) 'example_subdag_operator.section-1', 'example_subdag_operator.section-2', 'example_subdag_operator' retrieved from /home/airflow/.local/lib/python3.12/site-packages/airflow/example_dags/example_subdag_operator.py
[2026-06-24T07:26:43.210+0000] {logging_mixin.py:188} INFO - [2026-06-24T07:26:43.210+0000] {dag.py:3096} INFO - Sync 3 DAGs
[2026-06-24T07:26:43.244+0000] {logging_mixin.py:188} INFO - [2026-06-24T07:26:43.243+0000] {dag.py:3954} INFO - Setting next_dagrun for example_subdag_operator to 2022-01-01 00:00:00+00:00, run_after=2022-01-01 00:00:00+00:00
[2026-06-24T07:26:43.249+0000] {logging_mixin.py:188} INFO - [2026-06-24T07:26:43.249+0000] {dag.py:3954} INFO - Setting next_dagrun for example_subdag_operator.section-1 to None, run_after=None
[2026-06-24T07:26:43.251+0000] {logging_mixin.py:188} INFO - [2026-06-24T07:26:43.251+0000] {dag.py:3954} INFO - Setting next_dagrun for example_subdag_operator.section-2 to None, run_after=None
[2026-06-24T07:26:43.260+0000] {logging_mixin.py:188} INFO - [2026-06-24T07:26:43.259+0000] {dag.py:3096} INFO - Sync 2 DAGs
[2026-06-24T07:26:43.266+0000] {logging_mixin.py:188} INFO - [2026-06-24T07:26:43.266+0000] {dag.py:3954} INFO - Setting next_dagrun for example_subdag_operator.section-1 to None, run_after=None
[2026-06-24T07:26:43.267+0000] {logging_mixin.py:188} INFO - [2026-06-24T07:26:43.267+0000] {dag.py:3954} INFO - Setting next_dagrun for example_subdag_operator.section-2 to None, run_after=None
[2026-06-24T07:26:43.280+0000] {processor.py:183} INFO - Processing /home/airflow/.local/lib/python3.12/site-packages/airflow/example_dags/example_subdag_operator.py took 0.135 seconds
[2026-06-24T07:27:13.669+0000] {processor.py:161} INFO - Started process (PID=4803) to work on /home/airflow/.local/lib/python3.12/site-packages/airflow/example_dags/example_subdag_operator.py
[2026-06-24T07:27:13.670+0000] {processor.py:830} INFO - Processing file /home/airflow/.local/lib/python3.12/site-packages/airflow/example_dags/example_subdag_operator.py for tasks to queue
[2026-06-24T07:27:13.674+0000] {logging_mixin.py:188} INFO - [2026-06-24T07:27:13.674+0000] {dagbag.py:545} INFO - Filling up the DagBag from /home/airflow/.local/lib/python3.12/site-packages/airflow/example_dags/example_subdag_operator.py
[2026-06-24T07:27:13.748+0000] {processor.py:840} INFO - DAG(s) 'example_subdag_operator.section-1', 'example_subdag_operator.section-2', 'example_subdag_operator' retrieved from /home/airflow/.local/lib/python3.12/site-packages/airflow/example_dags/example_subdag_operator.py
[2026-06-24T07:27:13.823+0000] {logging_mixin.py:188} INFO - [2026-06-24T07:27:13.822+0000] {dag.py:3096} INFO - Sync 3 DAGs
[2026-06-24T07:27:13.896+0000] {logging_mixin.py:188} INFO - [2026-06-24T07:27:13.896+0000] {dag.py:3954} INFO - Setting next_dagrun for example_subdag_operator to 2022-01-01 00:00:00+00:00, run_after=2022-01-01 00:00:00+00:00
[2026-06-24T07:27:13.902+0000] {logging_mixin.py:188} INFO - [2026-06-24T07:27:13.902+0000] {dag.py:3954} INFO - Setting next_dagrun for example_subdag_operator.section-1 to None, run_after=None
[2026-06-24T07:27:13.904+0000] {logging_mixin.py:188} INFO - [2026-06-24T07:27:13.904+0000] {dag.py:3954} INFO - Setting next_dagrun for example_subdag_operator.section-2 to None, run_after=None
[2026-06-24T07:27:13.914+0000] {logging_mixin.py:188} INFO - [2026-06-24T07:27:13.913+0000] {dag.py:3096} INFO - Sync 2 DAGs
[2026-06-24T07:27:13.920+0000] {logging_mixin.py:188} INFO - [2026-06-24T07:27:13.920+0000] {dag.py:3954} INFO - Setting next_dagrun for example_subdag_operator.section-1 to None, run_after=None
[2026-06-24T07:27:13.921+0000] {logging_mixin.py:188} INFO - [2026-06-24T07:27:13.921+0000] {dag.py:3954} INFO - Setting next_dagrun for example_subdag_operator.section-2 to None, run_after=None
[2026-06-24T07:27:13.932+0000] {processor.py:183} INFO - Processing /home/airflow/.local/lib/python3.12/site-packages/airflow/example_dags/example_subdag_operator.py took 0.272 seconds
[2026-06-24T07:27:44.012+0000] {processor.py:161} INFO - Started process (PID=4862) to work on /home/airflow/.local/lib/python3.12/site-packages/airflow/example_dags/example_subdag_operator.py
[2026-06-24T07:27:44.013+0000] {processor.py:830} INFO - Processing file /home/airflow/.local/lib/python3.12/site-packages/airflow/example_dags/example_subdag_operator.py for tasks to queue
[2026-06-24T07:27:44.015+0000] {logging_mixin.py:188} INFO - [2026-06-24T07:27:44.015+0000] {dagbag.py:545} INFO - Filling up the DagBag from /home/airflow/.local/lib/python3.12/site-packages/airflow/example_dags/example_subdag_operator.py
[2026-06-24T07:27:44.048+0000] {processor.py:840} INFO - DAG(s) 'example_subdag_operator.section-1', 'example_subdag_operator.section-2', 'example_subdag_operator' retrieved from /home/airflow/.local/lib/python3.12/site-packages/airflow/example_dags/example_subdag_operator.py
[2026-06-24T07:27:44.074+0000] {logging_mixin.py:188} INFO - [2026-06-24T07:27:44.074+0000] {dag.py:3096} INFO - Sync 3 DAGs
[2026-06-24T07:27:44.111+0000] {logging_mixin.py:188} INFO - [2026-06-24T07:27:44.110+0000] {dag.py:3954} INFO - Setting next_dagrun for example_subdag_operator to 2022-01-01 00:00:00+00:00, run_after=2022-01-01 00:00:00+00:00
[2026-06-24T07:27:44.116+0000] {logging_mixin.py:188} INFO - [2026-06-24T07:27:44.116+0000] {dag.py:3954} INFO - Setting next_dagrun for example_subdag_operator.section-1 to None, run_after=None
[2026-06-24T07:27:44.118+0000] {logging_mixin.py:188} INFO - [2026-06-24T07:27:44.117+0000] {dag.py:3954} INFO - Setting next_dagrun for example_subdag_operator.section-2 to None, run_after=None
[2026-06-24T07:27:44.129+0000] {logging_mixin.py:188} INFO - [2026-06-24T07:27:44.129+0000] {dag.py:3096} INFO - Sync 2 DAGs
[2026-06-24T07:27:44.136+0000] {logging_mixin.py:188} INFO - [2026-06-24T07:27:44.136+0000] {dag.py:3954} INFO - Setting next_dagrun for example_subdag_operator.section-1 to None, run_after=None
[2026-06-24T07:27:44.137+0000] {logging_mixin.py:188} INFO - [2026-06-24T07:27:44.137+0000] {dag.py:3954} INFO - Setting next_dagrun for example_subdag_operator.section-2 to None, run_after=None
[2026-06-24T07:27:44.150+0000] {processor.py:183} INFO - Processing /home/airflow/.local/lib/python3.12/site-packages/airflow/example_dags/example_subdag_operator.py took 0.145 seconds
[2026-06-24T07:28:15.051+0000] {processor.py:161} INFO - Started process (PID=4921) to work on /home/airflow/.local/lib/python3.12/site-packages/airflow/example_dags/example_subdag_operator.py
[2026-06-24T07:28:15.055+0000] {processor.py:830} INFO - Processing file /home/airflow/.local/lib/python3.12/site-packages/airflow/example_dags/example_subdag_operator.py for tasks to queue
[2026-06-24T07:28:15.062+0000] {logging_mixin.py:188} INFO - [2026-06-24T07:28:15.062+0000] {dagbag.py:545} INFO - Filling up the DagBag from /home/airflow/.local/lib/python3.12/site-packages/airflow/example_dags/example_subdag_operator.py
[2026-06-24T07:28:15.162+0000] {processor.py:840} INFO - DAG(s) 'example_subdag_operator.section-1', 'example_subdag_operator.section-2', 'example_subdag_operator' retrieved from /home/airflow/.local/lib/python3.12/site-packages/airflow/example_dags/example_subdag_operator.py
[2026-06-24T07:28:15.255+0000] {logging_mixin.py:188} INFO - [2026-06-24T07:28:15.254+0000] {dag.py:3096} INFO - Sync 3 DAGs
[2026-06-24T07:28:15.289+0000] {logging_mixin.py:188} INFO - [2026-06-24T07:28:15.288+0000] {dag.py:3954} INFO - Setting next_dagrun for example_subdag_operator to 2022-01-01 00:00:00+00:00, run_after=2022-01-01 00:00:00+00:00
[2026-06-24T07:28:15.324+0000] {logging_mixin.py:188} INFO - [2026-06-24T07:28:15.324+0000] {dag.py:3954} INFO - Setting next_dagrun for example_subdag_operator.section-1 to None, run_after=None
[2026-06-24T07:28:15.328+0000] {logging_mixin.py:188} INFO - [2026-06-24T07:28:15.328+0000] {dag.py:3954} INFO - Setting next_dagrun for example_subdag_operator.section-2 to None, run_after=None
[2026-06-24T07:28:15.360+0000] {logging_mixin.py:188} INFO - [2026-06-24T07:28:15.359+0000] {dag.py:3096} INFO - Sync 2 DAGs
[2026-06-24T07:28:15.373+0000] {logging_mixin.py:188} INFO - [2026-06-24T07:28:15.373+0000] {dag.py:3954} INFO - Setting next_dagrun for example_subdag_operator.section-1 to None, run_after=None
[2026-06-24T07:28:15.375+0000] {logging_mixin.py:188} INFO - [2026-06-24T07:28:15.373+0000] {dag.py:3954} INFO - Setting next_dagrun for example_subdag_operator.section-2 to None, run_after=None
[2026-06-24T07:28:15.418+0000] {processor.py:183} INFO - Processing /home/airflow/.local/lib/python3.12/site-packages/airflow/example_dags/example_subdag_operator.py took 0.383 seconds
[2026-06-24T07:28:46.146+0000] {processor.py:161} INFO - Started process (PID=4980) to work on /home/airflow/.local/lib/python3.12/site-packages/airflow/example_dags/example_subdag_operator.py
[2026-06-24T07:28:46.147+0000] {processor.py:830} INFO - Processing file /home/airflow/.local/lib/python3.12/site-packages/airflow/example_dags/example_subdag_operator.py for tasks to queue
[2026-06-24T07:28:46.149+0000] {logging_mixin.py:188} INFO - [2026-06-24T07:28:46.149+0000] {dagbag.py:545} INFO - Filling up the DagBag from /home/airflow/.local/lib/python3.12/site-packages/airflow/example_dags/example_subdag_operator.py
[2026-06-24T07:28:46.190+0000] {processor.py:840} INFO - DAG(s) 'example_subdag_operator.section-1', 'example_subdag_operator.section-2', 'example_subdag_operator' retrieved from /home/airflow/.local/lib/python3.12/site-packages/airflow/example_dags/example_subdag_operator.py
[2026-06-24T07:28:46.213+0000] {logging_mixin.py:188} INFO - [2026-06-24T07:28:46.213+0000] {dag.py:3096} INFO - Sync 3 DAGs
[2026-06-24T07:28:46.247+0000] {logging_mixin.py:188} INFO - [2026-06-24T07:28:46.247+0000] {dag.py:3954} INFO - Setting next_dagrun for example_subdag_operator to 2022-01-01 00:00:00+00:00, run_after=2022-01-01 00:00:00+00:00
[2026-06-24T07:28:46.252+0000] {logging_mixin.py:188} INFO - [2026-06-24T07:28:46.252+0000] {dag.py:3954} INFO - Setting next_dagrun for example_subdag_operator.section-1 to None, run_after=None
[2026-06-24T07:28:46.254+0000] {logging_mixin.py:188} INFO - [2026-06-24T07:28:46.253+0000] {dag.py:3954} INFO - Setting next_dagrun for example_subdag_operator.section-2 to None, run_after=None
[2026-06-24T07:28:46.262+0000] {logging_mixin.py:188} INFO - [2026-06-24T07:28:46.262+0000] {dag.py:3096} INFO - Sync 2 DAGs
[2026-06-24T07:28:46.268+0000] {logging_mixin.py:188} INFO - [2026-06-24T07:28:46.268+0000] {dag.py:3954} INFO - Setting next_dagrun for example_subdag_operator.section-1 to None, run_after=None
[2026-06-24T07:28:46.269+0000] {logging_mixin.py:188} INFO - [2026-06-24T07:28:46.269+0000] {dag.py:3954} INFO - Setting next_dagrun for example_subdag_operator.section-2 to None, run_after=None
[2026-06-24T07:28:46.280+0000] {processor.py:183} INFO - Processing /home/airflow/.local/lib/python3.12/site-packages/airflow/example_dags/example_subdag_operator.py took 0.149 seconds
[2026-06-24T07:29:16.886+0000] {processor.py:161} INFO - Started process (PID=5039) to work on /home/airflow/.local/lib/python3.12/site-packages/airflow/example_dags/example_subdag_operator.py
[2026-06-24T07:29:16.892+0000] {processor.py:830} INFO - Processing file /home/airflow/.local/lib/python3.12/site-packages/airflow/example_dags/example_subdag_operator.py for tasks to queue
[2026-06-24T07:29:16.898+0000] {logging_mixin.py:188} INFO - [2026-06-24T07:29:16.898+0000] {dagbag.py:545} INFO - Filling up the DagBag from /home/airflow/.local/lib/python3.12/site-packages/airflow/example_dags/example_subdag_operator.py
[2026-06-24T07:29:17.015+0000] {processor.py:840} INFO - DAG(s) 'example_subdag_operator.section-1', 'example_subdag_operator.section-2', 'example_subdag_operator' retrieved from /home/airflow/.local/lib/python3.12/site-packages/airflow/example_dags/example_subdag_operator.py
[2026-06-24T07:29:17.116+0000] {logging_mixin.py:188} INFO - [2026-06-24T07:29:17.116+0000] {dag.py:3096} INFO - Sync 3 DAGs
[2026-06-24T07:29:17.218+0000] {logging_mixin.py:188} INFO - [2026-06-24T07:29:17.218+0000] {dag.py:3954} INFO - Setting next_dagrun for example_subdag_operator to 2022-01-01 00:00:00+00:00, run_after=2022-01-01 00:00:00+00:00
[2026-06-24T07:29:17.225+0000] {logging_mixin.py:188} INFO - [2026-06-24T07:29:17.225+0000] {dag.py:3954} INFO - Setting next_dagrun for example_subdag_operator.section-1 to None, run_after=None
[2026-06-24T07:29:17.230+0000] {logging_mixin.py:188} INFO - [2026-06-24T07:29:17.228+0000] {dag.py:3954} INFO - Setting next_dagrun for example_subdag_operator.section-2 to None, run_after=None
[2026-06-24T07:29:17.252+0000] {logging_mixin.py:188} INFO - [2026-06-24T07:29:17.252+0000] {dag.py:3096} INFO - Sync 2 DAGs
[2026-06-24T07:29:17.276+0000] {logging_mixin.py:188} INFO - [2026-06-24T07:29:17.276+0000] {dag.py:3954} INFO - Setting next_dagrun for example_subdag_operator.section-1 to None, run_after=None
[2026-06-24T07:29:17.278+0000] {logging_mixin.py:188} INFO - [2026-06-24T07:29:17.278+0000] {dag.py:3954} INFO - Setting next_dagrun for example_subdag_operator.section-2 to None, run_after=None
[2026-06-24T07:29:17.315+0000] {processor.py:183} INFO - Processing /home/airflow/.local/lib/python3.12/site-packages/airflow/example_dags/example_subdag_operator.py took 0.457 seconds
[2026-06-24T07:29:47.989+0000] {processor.py:161} INFO - Started process (PID=5098) to work on /home/airflow/.local/lib/python3.12/site-packages/airflow/example_dags/example_subdag_operator.py
[2026-06-24T07:29:47.990+0000] {processor.py:830} INFO - Processing file /home/airflow/.local/lib/python3.12/site-packages/airflow/example_dags/example_subdag_operator.py for tasks to queue
[2026-06-24T07:29:47.993+0000] {logging_mixin.py:188} INFO - [2026-06-24T07:29:47.993+0000] {dagbag.py:545} INFO - Filling up the DagBag from /home/airflow/.local/lib/python3.12/site-packages/airflow/example_dags/example_subdag_operator.py
[2026-06-24T07:29:48.026+0000] {processor.py:840} INFO - DAG(s) 'example_subdag_operator.section-1', 'example_subdag_operator.section-2', 'example_subdag_operator' retrieved from /home/airflow/.local/lib/python3.12/site-packages/airflow/example_dags/example_subdag_operator.py
[2026-06-24T07:29:48.052+0000] {logging_mixin.py:188} INFO - [2026-06-24T07:29:48.052+0000] {dag.py:3096} INFO - Sync 3 DAGs
[2026-06-24T07:29:48.082+0000] {logging_mixin.py:188} INFO - [2026-06-24T07:29:48.082+0000] {dag.py:3954} INFO - Setting next_dagrun for example_subdag_operator to 2022-01-01 00:00:00+00:00, run_after=2022-01-01 00:00:00+00:00
[2026-06-24T07:29:48.087+0000] {logging_mixin.py:188} INFO - [2026-06-24T07:29:48.087+0000] {dag.py:3954} INFO - Setting next_dagrun for example_subdag_operator.section-1 to None, run_after=None
[2026-06-24T07:29:48.088+0000] {logging_mixin.py:188} INFO - [2026-06-24T07:29:48.088+0000] {dag.py:3954} INFO - Setting next_dagrun for example_subdag_operator.section-2 to None, run_after=None
[2026-06-24T07:29:48.097+0000] {logging_mixin.py:188} INFO - [2026-06-24T07:29:48.097+0000] {dag.py:3096} INFO - Sync 2 DAGs
[2026-06-24T07:29:48.103+0000] {logging_mixin.py:188} INFO - [2026-06-24T07:29:48.103+0000] {dag.py:3954} INFO - Setting next_dagrun for example_subdag_operator.section-1 to None, run_after=None
[2026-06-24T07:29:48.104+0000] {logging_mixin.py:188} INFO - [2026-06-24T07:29:48.104+0000] {dag.py:3954} INFO - Setting next_dagrun for example_subdag_operator.section-2 to None, run_after=None
[2026-06-24T07:29:48.115+0000] {processor.py:183} INFO - Processing /home/airflow/.local/lib/python3.12/site-packages/airflow/example_dags/example_subdag_operator.py took 0.133 seconds
[2026-06-24T07:30:18.699+0000] {processor.py:161} INFO - Started process (PID=5157) to work on /home/airflow/.local/lib/python3.12/site-packages/airflow/example_dags/example_subdag_operator.py
[2026-06-24T07:30:18.700+0000] {processor.py:830} INFO - Processing file /home/airflow/.local/lib/python3.12/site-packages/airflow/example_dags/example_subdag_operator.py for tasks to queue
[2026-06-24T07:30:18.702+0000] {logging_mixin.py:188} INFO - [2026-06-24T07:30:18.701+0000] {dagbag.py:545} INFO - Filling up the DagBag from /home/airflow/.local/lib/python3.12/site-packages/airflow/example_dags/example_subdag_operator.py
[2026-06-24T07:30:18.733+0000] {processor.py:840} INFO - DAG(s) 'example_subdag_operator.section-1', 'example_subdag_operator.section-2', 'example_subdag_operator' retrieved from /home/airflow/.local/lib/python3.12/site-packages/airflow/example_dags/example_subdag_operator.py
[2026-06-24T07:30:18.769+0000] {logging_mixin.py:188} INFO - [2026-06-24T07:30:18.769+0000] {dag.py:3096} INFO - Sync 3 DAGs
[2026-06-24T07:30:18.804+0000] {logging_mixin.py:188} INFO - [2026-06-24T07:30:18.804+0000] {dag.py:3954} INFO - Setting next_dagrun for example_subdag_operator to 2022-01-01 00:00:00+00:00, run_after=2022-01-01 00:00:00+00:00
[2026-06-24T07:30:18.810+0000] {logging_mixin.py:188} INFO - [2026-06-24T07:30:18.809+0000] {dag.py:3954} INFO - Setting next_dagrun for example_subdag_operator.section-1 to None, run_after=None
[2026-06-24T07:30:18.811+0000] {logging_mixin.py:188} INFO - [2026-06-24T07:30:18.811+0000] {dag.py:3954} INFO - Setting next_dagrun for example_subdag_operator.section-2 to None, run_after=None
[2026-06-24T07:30:18.821+0000] {logging_mixin.py:188} INFO - [2026-06-24T07:30:18.820+0000] {dag.py:3096} INFO - Sync 2 DAGs
[2026-06-24T07:30:18.827+0000] {logging_mixin.py:188} INFO - [2026-06-24T07:30:18.827+0000] {dag.py:3954} INFO - Setting next_dagrun for example_subdag_operator.section-1 to None, run_after=None
[2026-06-24T07:30:18.828+0000] {logging_mixin.py:188} INFO - [2026-06-24T07:30:18.827+0000] {dag.py:3954} INFO - Setting next_dagrun for example_subdag_operator.section-2 to None, run_after=None
[2026-06-24T07:30:18.840+0000] {processor.py:183} INFO - Processing /home/airflow/.local/lib/python3.12/site-packages/airflow/example_dags/example_subdag_operator.py took 0.149 seconds
[2026-06-24T07:30:49.456+0000] {processor.py:161} INFO - Started process (PID=5216) to work on /home/airflow/.local/lib/python3.12/site-packages/airflow/example_dags/example_subdag_operator.py
[2026-06-24T07:30:49.457+0000] {processor.py:830} INFO - Processing file /home/airflow/.local/lib/python3.12/site-packages/airflow/example_dags/example_subdag_operator.py for tasks to queue
[2026-06-24T07:30:49.459+0000] {logging_mixin.py:188} INFO - [2026-06-24T07:30:49.458+0000] {dagbag.py:545} INFO - Filling up the DagBag from /home/airflow/.local/lib/python3.12/site-packages/airflow/example_dags/example_subdag_operator.py
[2026-06-24T07:30:49.493+0000] {processor.py:840} INFO - DAG(s) 'example_subdag_operator.section-1', 'example_subdag_operator.section-2', 'example_subdag_operator' retrieved from /home/airflow/.local/lib/python3.12/site-packages/airflow/example_dags/example_subdag_operator.py
[2026-06-24T07:30:49.517+0000] {logging_mixin.py:188} INFO - [2026-06-24T07:30:49.517+0000] {dag.py:3096} INFO - Sync 3 DAGs
[2026-06-24T07:30:49.554+0000] {logging_mixin.py:188} INFO - [2026-06-24T07:30:49.554+0000] {dag.py:3954} INFO - Setting next_dagrun for example_subdag_operator to 2022-01-01 00:00:00+00:00, run_after=2022-01-01 00:00:00+00:00
[2026-06-24T07:30:49.560+0000] {logging_mixin.py:188} INFO - [2026-06-24T07:30:49.560+0000] {dag.py:3954} INFO - Setting next_dagrun for example_subdag_operator.section-1 to None, run_after=None
[2026-06-24T07:30:49.562+0000] {logging_mixin.py:188} INFO - [2026-06-24T07:30:49.562+0000] {dag.py:3954} INFO - Setting next_dagrun for example_subdag_operator.section-2 to None, run_after=None
[2026-06-24T07:30:49.572+0000] {logging_mixin.py:188} INFO - [2026-06-24T07:30:49.571+0000] {dag.py:3096} INFO - Sync 2 DAGs
[2026-06-24T07:30:49.579+0000] {logging_mixin.py:188} INFO - [2026-06-24T07:30:49.578+0000] {dag.py:3954} INFO - Setting next_dagrun for example_subdag_operator.section-1 to None, run_after=None
[2026-06-24T07:30:49.579+0000] {logging_mixin.py:188} INFO - [2026-06-24T07:30:49.579+0000] {dag.py:3954} INFO - Setting next_dagrun for example_subdag_operator.section-2 to None, run_after=None
[2026-06-24T07:30:49.593+0000] {processor.py:183} INFO - Processing /home/airflow/.local/lib/python3.12/site-packages/airflow/example_dags/example_subdag_operator.py took 0.145 seconds
[2026-06-24T07:31:19.699+0000] {processor.py:161} INFO - Started process (PID=5274) to work on /home/airflow/.local/lib/python3.12/site-packages/airflow/example_dags/example_subdag_operator.py
[2026-06-24T07:31:19.703+0000] {processor.py:830} INFO - Processing file /home/airflow/.local/lib/python3.12/site-packages/airflow/example_dags/example_subdag_operator.py for tasks to queue
[2026-06-24T07:31:19.710+0000] {logging_mixin.py:188} INFO - [2026-06-24T07:31:19.710+0000] {dagbag.py:545} INFO - Filling up the DagBag from /home/airflow/.local/lib/python3.12/site-packages/airflow/example_dags/example_subdag_operator.py
[2026-06-24T07:31:19.872+0000] {processor.py:840} INFO - DAG(s) 'example_subdag_operator.section-1', 'example_subdag_operator.section-2', 'example_subdag_operator' retrieved from /home/airflow/.local/lib/python3.12/site-packages/airflow/example_dags/example_subdag_operator.py
[2026-06-24T07:31:19.930+0000] {logging_mixin.py:188} INFO - [2026-06-24T07:31:19.929+0000] {dag.py:3096} INFO - Sync 3 DAGs
[2026-06-24T07:31:20.007+0000] {logging_mixin.py:188} INFO - [2026-06-24T07:31:20.004+0000] {dag.py:3954} INFO - Setting next_dagrun for example_subdag_operator to 2022-01-01 00:00:00+00:00, run_after=2022-01-01 00:00:00+00:00
[2026-06-24T07:31:20.018+0000] {logging_mixin.py:188} INFO - [2026-06-24T07:31:20.018+0000] {dag.py:3954} INFO - Setting next_dagrun for example_subdag_operator.section-1 to None, run_after=None
[2026-06-24T07:31:20.024+0000] {logging_mixin.py:188} INFO - [2026-06-24T07:31:20.023+0000] {dag.py:3954} INFO - Setting next_dagrun for example_subdag_operator.section-2 to None, run_after=None
[2026-06-24T07:31:20.033+0000] {logging_mixin.py:188} INFO - [2026-06-24T07:31:20.033+0000] {dag.py:3096} INFO - Sync 2 DAGs
[2026-06-24T07:31:20.040+0000] {logging_mixin.py:188} INFO - [2026-06-24T07:31:20.039+0000] {dag.py:3954} INFO - Setting next_dagrun for example_subdag_operator.section-1 to None, run_after=None
[2026-06-24T07:31:20.040+0000] {logging_mixin.py:188} INFO - [2026-06-24T07:31:20.040+0000] {dag.py:3954} INFO - Setting next_dagrun for example_subdag_operator.section-2 to None, run_after=None
[2026-06-24T07:31:20.062+0000] {processor.py:183} INFO - Processing /home/airflow/.local/lib/python3.12/site-packages/airflow/example_dags/example_subdag_operator.py took 0.389 seconds
[2026-06-24T07:31:50.318+0000] {processor.py:161} INFO - Started process (PID=5333) to work on /home/airflow/.local/lib/python3.12/site-packages/airflow/example_dags/example_subdag_operator.py
[2026-06-24T07:31:50.320+0000] {processor.py:830} INFO - Processing file /home/airflow/.local/lib/python3.12/site-packages/airflow/example_dags/example_subdag_operator.py for tasks to queue
[2026-06-24T07:31:50.322+0000] {logging_mixin.py:188} INFO - [2026-06-24T07:31:50.321+0000] {dagbag.py:545} INFO - Filling up the DagBag from /home/airflow/.local/lib/python3.12/site-packages/airflow/example_dags/example_subdag_operator.py
[2026-06-24T07:31:50.355+0000] {processor.py:840} INFO - DAG(s) 'example_subdag_operator.section-1', 'example_subdag_operator.section-2', 'example_subdag_operator' retrieved from /home/airflow/.local/lib/python3.12/site-packages/airflow/example_dags/example_subdag_operator.py
[2026-06-24T07:31:50.378+0000] {logging_mixin.py:188} INFO - [2026-06-24T07:31:50.378+0000] {dag.py:3096} INFO - Sync 3 DAGs
[2026-06-24T07:31:50.408+0000] {logging_mixin.py:188} INFO - [2026-06-24T07:31:50.408+0000] {dag.py:3954} INFO - Setting next_dagrun for example_subdag_operator to 2022-01-01 00:00:00+00:00, run_after=2022-01-01 00:00:00+00:00
[2026-06-24T07:31:50.414+0000] {logging_mixin.py:188} INFO - [2026-06-24T07:31:50.413+0000] {dag.py:3954} INFO - Setting next_dagrun for example_subdag_operator.section-1 to None, run_after=None
[2026-06-24T07:31:50.415+0000] {logging_mixin.py:188} INFO - [2026-06-24T07:31:50.415+0000] {dag.py:3954} INFO - Setting next_dagrun for example_subdag_operator.section-2 to None, run_after=None
[2026-06-24T07:31:50.426+0000] {logging_mixin.py:188} INFO - [2026-06-24T07:31:50.426+0000] {dag.py:3096} INFO - Sync 2 DAGs
[2026-06-24T07:31:50.434+0000] {logging_mixin.py:188} INFO - [2026-06-24T07:31:50.434+0000] {dag.py:3954} INFO - Setting next_dagrun for example_subdag_operator.section-1 to None, run_after=None
[2026-06-24T07:31:50.435+0000] {logging_mixin.py:188} INFO - [2026-06-24T07:31:50.435+0000] {dag.py:3954} INFO - Setting next_dagrun for example_subdag_operator.section-2 to None, run_after=None
[2026-06-24T07:31:50.450+0000] {processor.py:183} INFO - Processing /home/airflow/.local/lib/python3.12/site-packages/airflow/example_dags/example_subdag_operator.py took 0.140 seconds
[2026-06-24T07:32:20.665+0000] {processor.py:161} INFO - Started process (PID=5392) to work on /home/airflow/.local/lib/python3.12/site-packages/airflow/example_dags/example_subdag_operator.py
[2026-06-24T07:32:20.667+0000] {processor.py:830} INFO - Processing file /home/airflow/.local/lib/python3.12/site-packages/airflow/example_dags/example_subdag_operator.py for tasks to queue
[2026-06-24T07:32:20.670+0000] {logging_mixin.py:188} INFO - [2026-06-24T07:32:20.669+0000] {dagbag.py:545} INFO - Filling up the DagBag from /home/airflow/.local/lib/python3.12/site-packages/airflow/example_dags/example_subdag_operator.py
[2026-06-24T07:32:20.718+0000] {processor.py:840} INFO - DAG(s) 'example_subdag_operator.section-1', 'example_subdag_operator.section-2', 'example_subdag_operator' retrieved from /home/airflow/.local/lib/python3.12/site-packages/airflow/example_dags/example_subdag_operator.py
[2026-06-24T07:32:20.743+0000] {logging_mixin.py:188} INFO - [2026-06-24T07:32:20.743+0000] {dag.py:3096} INFO - Sync 3 DAGs
[2026-06-24T07:32:20.776+0000] {logging_mixin.py:188} INFO - [2026-06-24T07:32:20.776+0000] {dag.py:3954} INFO - Setting next_dagrun for example_subdag_operator to 2022-01-01 00:00:00+00:00, run_after=2022-01-01 00:00:00+00:00
[2026-06-24T07:32:20.781+0000] {logging_mixin.py:188} INFO - [2026-06-24T07:32:20.781+0000] {dag.py:3954} INFO - Setting next_dagrun for example_subdag_operator.section-1 to None, run_after=None
[2026-06-24T07:32:20.783+0000] {logging_mixin.py:188} INFO - [2026-06-24T07:32:20.782+0000] {dag.py:3954} INFO - Setting next_dagrun for example_subdag_operator.section-2 to None, run_after=None
[2026-06-24T07:32:20.791+0000] {logging_mixin.py:188} INFO - [2026-06-24T07:32:20.790+0000] {dag.py:3096} INFO - Sync 2 DAGs
[2026-06-24T07:32:20.796+0000] {logging_mixin.py:188} INFO - [2026-06-24T07:32:20.796+0000] {dag.py:3954} INFO - Setting next_dagrun for example_subdag_operator.section-1 to None, run_after=None
[2026-06-24T07:32:20.797+0000] {logging_mixin.py:188} INFO - [2026-06-24T07:32:20.797+0000] {dag.py:3954} INFO - Setting next_dagrun for example_subdag_operator.section-2 to None, run_after=None
[2026-06-24T07:32:20.809+0000] {processor.py:183} INFO - Processing /home/airflow/.local/lib/python3.12/site-packages/airflow/example_dags/example_subdag_operator.py took 0.171 seconds
