[2026-06-24T06:06:55.370+0000] {processor.py:161} INFO - Started process (PID=95) to work on /home/airflow/.local/lib/python3.12/site-packages/airflow/example_dags/example_xcom.py
[2026-06-24T06:06:55.383+0000] {processor.py:830} INFO - Processing file /home/airflow/.local/lib/python3.12/site-packages/airflow/example_dags/example_xcom.py for tasks to queue
[2026-06-24T06:06:55.398+0000] {logging_mixin.py:188} INFO - [2026-06-24T06:06:55.398+0000] {dagbag.py:545} INFO - Filling up the DagBag from /home/airflow/.local/lib/python3.12/site-packages/airflow/example_dags/example_xcom.py
[2026-06-24T06:06:55.440+0000] {processor.py:840} INFO - DAG(s) 'example_xcom' retrieved from /home/airflow/.local/lib/python3.12/site-packages/airflow/example_dags/example_xcom.py
[2026-06-24T06:06:55.521+0000] {logging_mixin.py:188} INFO - [2026-06-24T06:06:55.521+0000] {dag.py:3096} INFO - Sync 1 DAGs
[2026-06-24T06:06:55.601+0000] {logging_mixin.py:188} INFO - [2026-06-24T06:06:55.601+0000] {dag.py:3954} INFO - Setting next_dagrun for example_xcom to 2021-01-01 00:00:00+00:00, run_after=2021-01-01 00:00:00+00:00
[2026-06-24T06:06:55.659+0000] {processor.py:183} INFO - Processing /home/airflow/.local/lib/python3.12/site-packages/airflow/example_dags/example_xcom.py took 0.321 seconds
[2026-06-24T06:07:26.232+0000] {processor.py:161} INFO - Started process (PID=154) to work on /home/airflow/.local/lib/python3.12/site-packages/airflow/example_dags/example_xcom.py
[2026-06-24T06:07:26.233+0000] {processor.py:830} INFO - Processing file /home/airflow/.local/lib/python3.12/site-packages/airflow/example_dags/example_xcom.py for tasks to queue
[2026-06-24T06:07:26.234+0000] {logging_mixin.py:188} INFO - [2026-06-24T06:07:26.234+0000] {dagbag.py:545} INFO - Filling up the DagBag from /home/airflow/.local/lib/python3.12/site-packages/airflow/example_dags/example_xcom.py
[2026-06-24T06:07:26.241+0000] {processor.py:840} INFO - DAG(s) 'example_xcom' retrieved from /home/airflow/.local/lib/python3.12/site-packages/airflow/example_dags/example_xcom.py
[2026-06-24T06:07:26.260+0000] {logging_mixin.py:188} INFO - [2026-06-24T06:07:26.260+0000] {dag.py:3096} INFO - Sync 1 DAGs
[2026-06-24T06:07:26.293+0000] {logging_mixin.py:188} INFO - [2026-06-24T06:07:26.292+0000] {dag.py:3954} INFO - Setting next_dagrun for example_xcom to 2021-01-01 00:00:00+00:00, run_after=2021-01-01 00:00:00+00:00
[2026-06-24T06:07:26.309+0000] {processor.py:183} INFO - Processing /home/airflow/.local/lib/python3.12/site-packages/airflow/example_dags/example_xcom.py took 0.082 seconds
[2026-06-24T06:07:56.453+0000] {processor.py:161} INFO - Started process (PID=213) to work on /home/airflow/.local/lib/python3.12/site-packages/airflow/example_dags/example_xcom.py
[2026-06-24T06:07:56.454+0000] {processor.py:830} INFO - Processing file /home/airflow/.local/lib/python3.12/site-packages/airflow/example_dags/example_xcom.py for tasks to queue
[2026-06-24T06:07:56.456+0000] {logging_mixin.py:188} INFO - [2026-06-24T06:07:56.456+0000] {dagbag.py:545} INFO - Filling up the DagBag from /home/airflow/.local/lib/python3.12/site-packages/airflow/example_dags/example_xcom.py
[2026-06-24T06:07:56.463+0000] {processor.py:840} INFO - DAG(s) 'example_xcom' retrieved from /home/airflow/.local/lib/python3.12/site-packages/airflow/example_dags/example_xcom.py
[2026-06-24T06:07:56.482+0000] {logging_mixin.py:188} INFO - [2026-06-24T06:07:56.482+0000] {dag.py:3096} INFO - Sync 1 DAGs
[2026-06-24T06:07:56.500+0000] {logging_mixin.py:188} INFO - [2026-06-24T06:07:56.500+0000] {dag.py:3954} INFO - Setting next_dagrun for example_xcom to 2021-01-01 00:00:00+00:00, run_after=2021-01-01 00:00:00+00:00
[2026-06-24T06:07:56.521+0000] {processor.py:183} INFO - Processing /home/airflow/.local/lib/python3.12/site-packages/airflow/example_dags/example_xcom.py took 0.076 seconds
[2026-06-24T06:08:29.013+0000] {processor.py:161} INFO - Started process (PID=278) to work on /home/airflow/.local/lib/python3.12/site-packages/airflow/example_dags/example_xcom.py
[2026-06-24T06:08:29.013+0000] {processor.py:830} INFO - Processing file /home/airflow/.local/lib/python3.12/site-packages/airflow/example_dags/example_xcom.py for tasks to queue
[2026-06-24T06:08:29.020+0000] {logging_mixin.py:188} INFO - [2026-06-24T06:08:29.019+0000] {dagbag.py:545} INFO - Filling up the DagBag from /home/airflow/.local/lib/python3.12/site-packages/airflow/example_dags/example_xcom.py
[2026-06-24T06:08:29.058+0000] {processor.py:840} INFO - DAG(s) 'example_xcom' retrieved from /home/airflow/.local/lib/python3.12/site-packages/airflow/example_dags/example_xcom.py
[2026-06-24T06:08:29.139+0000] {logging_mixin.py:188} INFO - [2026-06-24T06:08:29.139+0000] {dag.py:3096} INFO - Sync 1 DAGs
[2026-06-24T06:08:29.225+0000] {logging_mixin.py:188} INFO - [2026-06-24T06:08:29.225+0000] {dag.py:3954} INFO - Setting next_dagrun for example_xcom to 2021-01-01 00:00:00+00:00, run_after=2021-01-01 00:00:00+00:00
[2026-06-24T06:08:29.313+0000] {processor.py:183} INFO - Processing /home/airflow/.local/lib/python3.12/site-packages/airflow/example_dags/example_xcom.py took 0.335 seconds
[2026-06-24T06:08:59.849+0000] {processor.py:161} INFO - Started process (PID=337) to work on /home/airflow/.local/lib/python3.12/site-packages/airflow/example_dags/example_xcom.py
[2026-06-24T06:08:59.853+0000] {processor.py:830} INFO - Processing file /home/airflow/.local/lib/python3.12/site-packages/airflow/example_dags/example_xcom.py for tasks to queue
[2026-06-24T06:08:59.860+0000] {logging_mixin.py:188} INFO - [2026-06-24T06:08:59.860+0000] {dagbag.py:545} INFO - Filling up the DagBag from /home/airflow/.local/lib/python3.12/site-packages/airflow/example_dags/example_xcom.py
[2026-06-24T06:08:59.877+0000] {processor.py:840} INFO - DAG(s) 'example_xcom' retrieved from /home/airflow/.local/lib/python3.12/site-packages/airflow/example_dags/example_xcom.py
[2026-06-24T06:08:59.934+0000] {logging_mixin.py:188} INFO - [2026-06-24T06:08:59.934+0000] {dag.py:3096} INFO - Sync 1 DAGs
[2026-06-24T06:08:59.988+0000] {logging_mixin.py:188} INFO - [2026-06-24T06:08:59.988+0000] {dag.py:3954} INFO - Setting next_dagrun for example_xcom to 2021-01-01 00:00:00+00:00, run_after=2021-01-01 00:00:00+00:00
[2026-06-24T06:09:00.010+0000] {processor.py:183} INFO - Processing /home/airflow/.local/lib/python3.12/site-packages/airflow/example_dags/example_xcom.py took 0.172 seconds
[2026-06-24T06:09:30.676+0000] {processor.py:161} INFO - Started process (PID=396) to work on /home/airflow/.local/lib/python3.12/site-packages/airflow/example_dags/example_xcom.py
[2026-06-24T06:09:30.677+0000] {processor.py:830} INFO - Processing file /home/airflow/.local/lib/python3.12/site-packages/airflow/example_dags/example_xcom.py for tasks to queue
[2026-06-24T06:09:30.679+0000] {logging_mixin.py:188} INFO - [2026-06-24T06:09:30.679+0000] {dagbag.py:545} INFO - Filling up the DagBag from /home/airflow/.local/lib/python3.12/site-packages/airflow/example_dags/example_xcom.py
[2026-06-24T06:09:30.691+0000] {processor.py:840} INFO - DAG(s) 'example_xcom' retrieved from /home/airflow/.local/lib/python3.12/site-packages/airflow/example_dags/example_xcom.py
[2026-06-24T06:09:30.718+0000] {logging_mixin.py:188} INFO - [2026-06-24T06:09:30.718+0000] {dag.py:3096} INFO - Sync 1 DAGs
[2026-06-24T06:09:30.748+0000] {logging_mixin.py:188} INFO - [2026-06-24T06:09:30.747+0000] {dag.py:3954} INFO - Setting next_dagrun for example_xcom to 2021-01-01 00:00:00+00:00, run_after=2021-01-01 00:00:00+00:00
[2026-06-24T06:09:30.765+0000] {processor.py:183} INFO - Processing /home/airflow/.local/lib/python3.12/site-packages/airflow/example_dags/example_xcom.py took 0.095 seconds
[2026-06-24T06:10:01.374+0000] {processor.py:161} INFO - Started process (PID=455) to work on /home/airflow/.local/lib/python3.12/site-packages/airflow/example_dags/example_xcom.py
[2026-06-24T06:10:01.374+0000] {processor.py:830} INFO - Processing file /home/airflow/.local/lib/python3.12/site-packages/airflow/example_dags/example_xcom.py for tasks to queue
[2026-06-24T06:10:01.376+0000] {logging_mixin.py:188} INFO - [2026-06-24T06:10:01.376+0000] {dagbag.py:545} INFO - Filling up the DagBag from /home/airflow/.local/lib/python3.12/site-packages/airflow/example_dags/example_xcom.py
[2026-06-24T06:10:01.385+0000] {processor.py:840} INFO - DAG(s) 'example_xcom' retrieved from /home/airflow/.local/lib/python3.12/site-packages/airflow/example_dags/example_xcom.py
[2026-06-24T06:10:01.414+0000] {logging_mixin.py:188} INFO - [2026-06-24T06:10:01.413+0000] {dag.py:3096} INFO - Sync 1 DAGs
[2026-06-24T06:10:01.441+0000] {logging_mixin.py:188} INFO - [2026-06-24T06:10:01.441+0000] {dag.py:3954} INFO - Setting next_dagrun for example_xcom to 2021-01-01 00:00:00+00:00, run_after=2021-01-01 00:00:00+00:00
[2026-06-24T06:10:01.460+0000] {processor.py:183} INFO - Processing /home/airflow/.local/lib/python3.12/site-packages/airflow/example_dags/example_xcom.py took 0.093 seconds
[2026-06-24T06:10:32.345+0000] {processor.py:161} INFO - Started process (PID=514) to work on /home/airflow/.local/lib/python3.12/site-packages/airflow/example_dags/example_xcom.py
[2026-06-24T06:10:32.346+0000] {processor.py:830} INFO - Processing file /home/airflow/.local/lib/python3.12/site-packages/airflow/example_dags/example_xcom.py for tasks to queue
[2026-06-24T06:10:32.348+0000] {logging_mixin.py:188} INFO - [2026-06-24T06:10:32.347+0000] {dagbag.py:545} INFO - Filling up the DagBag from /home/airflow/.local/lib/python3.12/site-packages/airflow/example_dags/example_xcom.py
[2026-06-24T06:10:32.356+0000] {processor.py:840} INFO - DAG(s) 'example_xcom' retrieved from /home/airflow/.local/lib/python3.12/site-packages/airflow/example_dags/example_xcom.py
[2026-06-24T06:10:32.381+0000] {logging_mixin.py:188} INFO - [2026-06-24T06:10:32.380+0000] {dag.py:3096} INFO - Sync 1 DAGs
[2026-06-24T06:10:32.405+0000] {logging_mixin.py:188} INFO - [2026-06-24T06:10:32.405+0000] {dag.py:3954} INFO - Setting next_dagrun for example_xcom to 2021-01-01 00:00:00+00:00, run_after=2021-01-01 00:00:00+00:00
[2026-06-24T06:10:32.425+0000] {processor.py:183} INFO - Processing /home/airflow/.local/lib/python3.12/site-packages/airflow/example_dags/example_xcom.py took 0.087 seconds
[2026-06-24T06:11:03.252+0000] {processor.py:161} INFO - Started process (PID=573) to work on /home/airflow/.local/lib/python3.12/site-packages/airflow/example_dags/example_xcom.py
[2026-06-24T06:11:03.253+0000] {processor.py:830} INFO - Processing file /home/airflow/.local/lib/python3.12/site-packages/airflow/example_dags/example_xcom.py for tasks to queue
[2026-06-24T06:11:03.255+0000] {logging_mixin.py:188} INFO - [2026-06-24T06:11:03.254+0000] {dagbag.py:545} INFO - Filling up the DagBag from /home/airflow/.local/lib/python3.12/site-packages/airflow/example_dags/example_xcom.py
[2026-06-24T06:11:03.264+0000] {processor.py:840} INFO - DAG(s) 'example_xcom' retrieved from /home/airflow/.local/lib/python3.12/site-packages/airflow/example_dags/example_xcom.py
[2026-06-24T06:11:03.294+0000] {logging_mixin.py:188} INFO - [2026-06-24T06:11:03.294+0000] {dag.py:3096} INFO - Sync 1 DAGs
[2026-06-24T06:11:03.324+0000] {logging_mixin.py:188} INFO - [2026-06-24T06:11:03.324+0000] {dag.py:3954} INFO - Setting next_dagrun for example_xcom to 2021-01-01 00:00:00+00:00, run_after=2021-01-01 00:00:00+00:00
[2026-06-24T06:11:03.348+0000] {processor.py:183} INFO - Processing /home/airflow/.local/lib/python3.12/site-packages/airflow/example_dags/example_xcom.py took 0.106 seconds
[2026-06-24T06:11:34.110+0000] {processor.py:161} INFO - Started process (PID=632) to work on /home/airflow/.local/lib/python3.12/site-packages/airflow/example_dags/example_xcom.py
[2026-06-24T06:11:34.111+0000] {processor.py:830} INFO - Processing file /home/airflow/.local/lib/python3.12/site-packages/airflow/example_dags/example_xcom.py for tasks to queue
[2026-06-24T06:11:34.114+0000] {logging_mixin.py:188} INFO - [2026-06-24T06:11:34.113+0000] {dagbag.py:545} INFO - Filling up the DagBag from /home/airflow/.local/lib/python3.12/site-packages/airflow/example_dags/example_xcom.py
[2026-06-24T06:11:34.124+0000] {processor.py:840} INFO - DAG(s) 'example_xcom' retrieved from /home/airflow/.local/lib/python3.12/site-packages/airflow/example_dags/example_xcom.py
[2026-06-24T06:11:34.152+0000] {logging_mixin.py:188} INFO - [2026-06-24T06:11:34.152+0000] {dag.py:3096} INFO - Sync 1 DAGs
[2026-06-24T06:11:34.180+0000] {logging_mixin.py:188} INFO - [2026-06-24T06:11:34.180+0000] {dag.py:3954} INFO - Setting next_dagrun for example_xcom to 2021-01-01 00:00:00+00:00, run_after=2021-01-01 00:00:00+00:00
[2026-06-24T06:11:34.204+0000] {processor.py:183} INFO - Processing /home/airflow/.local/lib/python3.12/site-packages/airflow/example_dags/example_xcom.py took 0.101 seconds
[2026-06-24T06:12:05.129+0000] {processor.py:161} INFO - Started process (PID=692) to work on /home/airflow/.local/lib/python3.12/site-packages/airflow/example_dags/example_xcom.py
[2026-06-24T06:12:05.133+0000] {processor.py:830} INFO - Processing file /home/airflow/.local/lib/python3.12/site-packages/airflow/example_dags/example_xcom.py for tasks to queue
[2026-06-24T06:12:05.136+0000] {logging_mixin.py:188} INFO - [2026-06-24T06:12:05.136+0000] {dagbag.py:545} INFO - Filling up the DagBag from /home/airflow/.local/lib/python3.12/site-packages/airflow/example_dags/example_xcom.py
[2026-06-24T06:12:05.147+0000] {processor.py:840} INFO - DAG(s) 'example_xcom' retrieved from /home/airflow/.local/lib/python3.12/site-packages/airflow/example_dags/example_xcom.py
[2026-06-24T06:12:05.182+0000] {logging_mixin.py:188} INFO - [2026-06-24T06:12:05.181+0000] {dag.py:3096} INFO - Sync 1 DAGs
[2026-06-24T06:12:05.209+0000] {logging_mixin.py:188} INFO - [2026-06-24T06:12:05.208+0000] {dag.py:3954} INFO - Setting next_dagrun for example_xcom to 2021-01-01 00:00:00+00:00, run_after=2021-01-01 00:00:00+00:00
[2026-06-24T06:12:05.230+0000] {processor.py:183} INFO - Processing /home/airflow/.local/lib/python3.12/site-packages/airflow/example_dags/example_xcom.py took 0.108 seconds
[2026-06-24T06:12:37.214+0000] {processor.py:161} INFO - Started process (PID=751) to work on /home/airflow/.local/lib/python3.12/site-packages/airflow/example_dags/example_xcom.py
[2026-06-24T06:12:37.215+0000] {processor.py:830} INFO - Processing file /home/airflow/.local/lib/python3.12/site-packages/airflow/example_dags/example_xcom.py for tasks to queue
[2026-06-24T06:12:37.218+0000] {logging_mixin.py:188} INFO - [2026-06-24T06:12:37.217+0000] {dagbag.py:545} INFO - Filling up the DagBag from /home/airflow/.local/lib/python3.12/site-packages/airflow/example_dags/example_xcom.py
[2026-06-24T06:12:37.226+0000] {processor.py:840} INFO - DAG(s) 'example_xcom' retrieved from /home/airflow/.local/lib/python3.12/site-packages/airflow/example_dags/example_xcom.py
[2026-06-24T06:12:37.305+0000] {logging_mixin.py:188} INFO - [2026-06-24T06:12:37.305+0000] {dag.py:3096} INFO - Sync 1 DAGs
[2026-06-24T06:12:37.399+0000] {logging_mixin.py:188} INFO - [2026-06-24T06:12:37.399+0000] {dag.py:3954} INFO - Setting next_dagrun for example_xcom to 2021-01-01 00:00:00+00:00, run_after=2021-01-01 00:00:00+00:00
[2026-06-24T06:12:37.435+0000] {processor.py:183} INFO - Processing /home/airflow/.local/lib/python3.12/site-packages/airflow/example_dags/example_xcom.py took 0.228 seconds
[2026-06-24T06:13:07.904+0000] {processor.py:161} INFO - Started process (PID=810) to work on /home/airflow/.local/lib/python3.12/site-packages/airflow/example_dags/example_xcom.py
[2026-06-24T06:13:07.909+0000] {processor.py:830} INFO - Processing file /home/airflow/.local/lib/python3.12/site-packages/airflow/example_dags/example_xcom.py for tasks to queue
[2026-06-24T06:13:07.913+0000] {logging_mixin.py:188} INFO - [2026-06-24T06:13:07.913+0000] {dagbag.py:545} INFO - Filling up the DagBag from /home/airflow/.local/lib/python3.12/site-packages/airflow/example_dags/example_xcom.py
[2026-06-24T06:13:07.946+0000] {processor.py:840} INFO - DAG(s) 'example_xcom' retrieved from /home/airflow/.local/lib/python3.12/site-packages/airflow/example_dags/example_xcom.py
[2026-06-24T06:13:08.048+0000] {logging_mixin.py:188} INFO - [2026-06-24T06:13:08.048+0000] {dag.py:3096} INFO - Sync 1 DAGs
[2026-06-24T06:13:08.139+0000] {logging_mixin.py:188} INFO - [2026-06-24T06:13:08.139+0000] {dag.py:3954} INFO - Setting next_dagrun for example_xcom to 2021-01-01 00:00:00+00:00, run_after=2021-01-01 00:00:00+00:00
[2026-06-24T06:13:08.211+0000] {processor.py:183} INFO - Processing /home/airflow/.local/lib/python3.12/site-packages/airflow/example_dags/example_xcom.py took 0.324 seconds
[2026-06-24T06:13:38.325+0000] {processor.py:161} INFO - Started process (PID=868) to work on /home/airflow/.local/lib/python3.12/site-packages/airflow/example_dags/example_xcom.py
[2026-06-24T06:13:38.326+0000] {processor.py:830} INFO - Processing file /home/airflow/.local/lib/python3.12/site-packages/airflow/example_dags/example_xcom.py for tasks to queue
[2026-06-24T06:13:38.327+0000] {logging_mixin.py:188} INFO - [2026-06-24T06:13:38.327+0000] {dagbag.py:545} INFO - Filling up the DagBag from /home/airflow/.local/lib/python3.12/site-packages/airflow/example_dags/example_xcom.py
[2026-06-24T06:13:38.334+0000] {processor.py:840} INFO - DAG(s) 'example_xcom' retrieved from /home/airflow/.local/lib/python3.12/site-packages/airflow/example_dags/example_xcom.py
[2026-06-24T06:13:38.353+0000] {logging_mixin.py:188} INFO - [2026-06-24T06:13:38.352+0000] {dag.py:3096} INFO - Sync 1 DAGs
[2026-06-24T06:13:38.372+0000] {logging_mixin.py:188} INFO - [2026-06-24T06:13:38.371+0000] {dag.py:3954} INFO - Setting next_dagrun for example_xcom to 2021-01-01 00:00:00+00:00, run_after=2021-01-01 00:00:00+00:00
[2026-06-24T06:13:38.388+0000] {processor.py:183} INFO - Processing /home/airflow/.local/lib/python3.12/site-packages/airflow/example_dags/example_xcom.py took 0.068 seconds
[2026-06-24T06:14:08.617+0000] {processor.py:161} INFO - Started process (PID=927) to work on /home/airflow/.local/lib/python3.12/site-packages/airflow/example_dags/example_xcom.py
[2026-06-24T06:14:08.618+0000] {processor.py:830} INFO - Processing file /home/airflow/.local/lib/python3.12/site-packages/airflow/example_dags/example_xcom.py for tasks to queue
[2026-06-24T06:14:08.619+0000] {logging_mixin.py:188} INFO - [2026-06-24T06:14:08.619+0000] {dagbag.py:545} INFO - Filling up the DagBag from /home/airflow/.local/lib/python3.12/site-packages/airflow/example_dags/example_xcom.py
[2026-06-24T06:14:08.625+0000] {processor.py:840} INFO - DAG(s) 'example_xcom' retrieved from /home/airflow/.local/lib/python3.12/site-packages/airflow/example_dags/example_xcom.py
[2026-06-24T06:14:08.643+0000] {logging_mixin.py:188} INFO - [2026-06-24T06:14:08.643+0000] {dag.py:3096} INFO - Sync 1 DAGs
[2026-06-24T06:14:08.662+0000] {logging_mixin.py:188} INFO - [2026-06-24T06:14:08.662+0000] {dag.py:3954} INFO - Setting next_dagrun for example_xcom to 2021-01-01 00:00:00+00:00, run_after=2021-01-01 00:00:00+00:00
[2026-06-24T06:14:08.677+0000] {processor.py:183} INFO - Processing /home/airflow/.local/lib/python3.12/site-packages/airflow/example_dags/example_xcom.py took 0.065 seconds
[2026-06-24T06:14:38.768+0000] {processor.py:161} INFO - Started process (PID=986) to work on /home/airflow/.local/lib/python3.12/site-packages/airflow/example_dags/example_xcom.py
[2026-06-24T06:14:38.769+0000] {processor.py:830} INFO - Processing file /home/airflow/.local/lib/python3.12/site-packages/airflow/example_dags/example_xcom.py for tasks to queue
[2026-06-24T06:14:38.770+0000] {logging_mixin.py:188} INFO - [2026-06-24T06:14:38.770+0000] {dagbag.py:545} INFO - Filling up the DagBag from /home/airflow/.local/lib/python3.12/site-packages/airflow/example_dags/example_xcom.py
[2026-06-24T06:14:38.777+0000] {processor.py:840} INFO - DAG(s) 'example_xcom' retrieved from /home/airflow/.local/lib/python3.12/site-packages/airflow/example_dags/example_xcom.py
[2026-06-24T06:14:38.797+0000] {logging_mixin.py:188} INFO - [2026-06-24T06:14:38.797+0000] {dag.py:3096} INFO - Sync 1 DAGs
[2026-06-24T06:14:38.817+0000] {logging_mixin.py:188} INFO - [2026-06-24T06:14:38.817+0000] {dag.py:3954} INFO - Setting next_dagrun for example_xcom to 2021-01-01 00:00:00+00:00, run_after=2021-01-01 00:00:00+00:00
[2026-06-24T06:14:38.833+0000] {processor.py:183} INFO - Processing /home/airflow/.local/lib/python3.12/site-packages/airflow/example_dags/example_xcom.py took 0.071 seconds
[2026-06-24T06:15:09.690+0000] {processor.py:161} INFO - Started process (PID=1045) to work on /home/airflow/.local/lib/python3.12/site-packages/airflow/example_dags/example_xcom.py
[2026-06-24T06:15:09.691+0000] {processor.py:830} INFO - Processing file /home/airflow/.local/lib/python3.12/site-packages/airflow/example_dags/example_xcom.py for tasks to queue
[2026-06-24T06:15:09.693+0000] {logging_mixin.py:188} INFO - [2026-06-24T06:15:09.692+0000] {dagbag.py:545} INFO - Filling up the DagBag from /home/airflow/.local/lib/python3.12/site-packages/airflow/example_dags/example_xcom.py
[2026-06-24T06:15:09.699+0000] {processor.py:840} INFO - DAG(s) 'example_xcom' retrieved from /home/airflow/.local/lib/python3.12/site-packages/airflow/example_dags/example_xcom.py
[2026-06-24T06:15:09.719+0000] {logging_mixin.py:188} INFO - [2026-06-24T06:15:09.719+0000] {dag.py:3096} INFO - Sync 1 DAGs
[2026-06-24T06:15:09.739+0000] {logging_mixin.py:188} INFO - [2026-06-24T06:15:09.739+0000] {dag.py:3954} INFO - Setting next_dagrun for example_xcom to 2021-01-01 00:00:00+00:00, run_after=2021-01-01 00:00:00+00:00
[2026-06-24T06:15:09.756+0000] {processor.py:183} INFO - Processing /home/airflow/.local/lib/python3.12/site-packages/airflow/example_dags/example_xcom.py took 0.071 seconds
[2026-06-24T06:15:39.993+0000] {processor.py:161} INFO - Started process (PID=1104) to work on /home/airflow/.local/lib/python3.12/site-packages/airflow/example_dags/example_xcom.py
[2026-06-24T06:15:39.994+0000] {processor.py:830} INFO - Processing file /home/airflow/.local/lib/python3.12/site-packages/airflow/example_dags/example_xcom.py for tasks to queue
[2026-06-24T06:15:39.996+0000] {logging_mixin.py:188} INFO - [2026-06-24T06:15:39.996+0000] {dagbag.py:545} INFO - Filling up the DagBag from /home/airflow/.local/lib/python3.12/site-packages/airflow/example_dags/example_xcom.py
[2026-06-24T06:15:40.006+0000] {processor.py:840} INFO - DAG(s) 'example_xcom' retrieved from /home/airflow/.local/lib/python3.12/site-packages/airflow/example_dags/example_xcom.py
[2026-06-24T06:15:40.031+0000] {logging_mixin.py:188} INFO - [2026-06-24T06:15:40.030+0000] {dag.py:3096} INFO - Sync 1 DAGs
[2026-06-24T06:15:40.078+0000] {logging_mixin.py:188} INFO - [2026-06-24T06:15:40.077+0000] {dag.py:3954} INFO - Setting next_dagrun for example_xcom to 2021-01-01 00:00:00+00:00, run_after=2021-01-01 00:00:00+00:00
[2026-06-24T06:15:40.093+0000] {processor.py:183} INFO - Processing /home/airflow/.local/lib/python3.12/site-packages/airflow/example_dags/example_xcom.py took 0.107 seconds
[2026-06-24T06:16:10.237+0000] {processor.py:161} INFO - Started process (PID=1164) to work on /home/airflow/.local/lib/python3.12/site-packages/airflow/example_dags/example_xcom.py
[2026-06-24T06:16:10.238+0000] {processor.py:830} INFO - Processing file /home/airflow/.local/lib/python3.12/site-packages/airflow/example_dags/example_xcom.py for tasks to queue
[2026-06-24T06:16:10.240+0000] {logging_mixin.py:188} INFO - [2026-06-24T06:16:10.239+0000] {dagbag.py:545} INFO - Filling up the DagBag from /home/airflow/.local/lib/python3.12/site-packages/airflow/example_dags/example_xcom.py
[2026-06-24T06:16:10.249+0000] {processor.py:840} INFO - DAG(s) 'example_xcom' retrieved from /home/airflow/.local/lib/python3.12/site-packages/airflow/example_dags/example_xcom.py
[2026-06-24T06:16:10.275+0000] {logging_mixin.py:188} INFO - [2026-06-24T06:16:10.275+0000] {dag.py:3096} INFO - Sync 1 DAGs
[2026-06-24T06:16:10.303+0000] {logging_mixin.py:188} INFO - [2026-06-24T06:16:10.303+0000] {dag.py:3954} INFO - Setting next_dagrun for example_xcom to 2021-01-01 00:00:00+00:00, run_after=2021-01-01 00:00:00+00:00
[2026-06-24T06:16:10.324+0000] {processor.py:183} INFO - Processing /home/airflow/.local/lib/python3.12/site-packages/airflow/example_dags/example_xcom.py took 0.095 seconds
[2026-06-24T06:18:57.665+0000] {processor.py:161} INFO - Started process (PID=106) to work on /home/airflow/.local/lib/python3.12/site-packages/airflow/example_dags/example_xcom.py
[2026-06-24T06:18:57.672+0000] {processor.py:830} INFO - Processing file /home/airflow/.local/lib/python3.12/site-packages/airflow/example_dags/example_xcom.py for tasks to queue
[2026-06-24T06:18:57.680+0000] {logging_mixin.py:188} INFO - [2026-06-24T06:18:57.680+0000] {dagbag.py:545} INFO - Filling up the DagBag from /home/airflow/.local/lib/python3.12/site-packages/airflow/example_dags/example_xcom.py
[2026-06-24T06:18:57.719+0000] {processor.py:840} INFO - DAG(s) 'example_xcom' retrieved from /home/airflow/.local/lib/python3.12/site-packages/airflow/example_dags/example_xcom.py
[2026-06-24T06:18:58.083+0000] {logging_mixin.py:188} INFO - [2026-06-24T06:18:58.083+0000] {override.py:1829} INFO - Created Permission View: can edit on DAG:example_xcom
[2026-06-24T06:18:58.119+0000] {logging_mixin.py:188} INFO - [2026-06-24T06:18:58.118+0000] {override.py:1829} INFO - Created Permission View: can delete on DAG:example_xcom
[2026-06-24T06:18:58.135+0000] {logging_mixin.py:188} INFO - [2026-06-24T06:18:58.135+0000] {override.py:1829} INFO - Created Permission View: can read on DAG:example_xcom
[2026-06-24T06:18:58.137+0000] {logging_mixin.py:188} INFO - [2026-06-24T06:18:58.136+0000] {dag.py:3096} INFO - Sync 1 DAGs
[2026-06-24T06:18:58.171+0000] {logging_mixin.py:188} INFO - [2026-06-24T06:18:58.170+0000] {dag.py:3118} INFO - Creating ORM DAG for example_xcom
[2026-06-24T06:18:58.194+0000] {logging_mixin.py:188} INFO - [2026-06-24T06:18:58.194+0000] {dag.py:3954} INFO - Setting next_dagrun for example_xcom to 2021-01-01 00:00:00+00:00, run_after=2021-01-01 00:00:00+00:00
[2026-06-24T06:18:58.245+0000] {processor.py:183} INFO - Processing /home/airflow/.local/lib/python3.12/site-packages/airflow/example_dags/example_xcom.py took 0.596 seconds
[2026-06-24T06:19:28.506+0000] {processor.py:161} INFO - Started process (PID=166) to work on /home/airflow/.local/lib/python3.12/site-packages/airflow/example_dags/example_xcom.py
[2026-06-24T06:19:28.507+0000] {processor.py:830} INFO - Processing file /home/airflow/.local/lib/python3.12/site-packages/airflow/example_dags/example_xcom.py for tasks to queue
[2026-06-24T06:19:28.510+0000] {logging_mixin.py:188} INFO - [2026-06-24T06:19:28.510+0000] {dagbag.py:545} INFO - Filling up the DagBag from /home/airflow/.local/lib/python3.12/site-packages/airflow/example_dags/example_xcom.py
[2026-06-24T06:19:28.528+0000] {processor.py:840} INFO - DAG(s) 'example_xcom' retrieved from /home/airflow/.local/lib/python3.12/site-packages/airflow/example_dags/example_xcom.py
[2026-06-24T06:19:28.554+0000] {logging_mixin.py:188} INFO - [2026-06-24T06:19:28.554+0000] {dag.py:3096} INFO - Sync 1 DAGs
[2026-06-24T06:19:28.631+0000] {logging_mixin.py:188} INFO - [2026-06-24T06:19:28.625+0000] {dag.py:3954} INFO - Setting next_dagrun for example_xcom to 2021-01-01 00:00:00+00:00, run_after=2021-01-01 00:00:00+00:00
[2026-06-24T06:19:28.680+0000] {processor.py:183} INFO - Processing /home/airflow/.local/lib/python3.12/site-packages/airflow/example_dags/example_xcom.py took 0.201 seconds
[2026-06-24T06:19:58.928+0000] {processor.py:161} INFO - Started process (PID=226) to work on /home/airflow/.local/lib/python3.12/site-packages/airflow/example_dags/example_xcom.py
[2026-06-24T06:19:58.929+0000] {processor.py:830} INFO - Processing file /home/airflow/.local/lib/python3.12/site-packages/airflow/example_dags/example_xcom.py for tasks to queue
[2026-06-24T06:19:58.931+0000] {logging_mixin.py:188} INFO - [2026-06-24T06:19:58.931+0000] {dagbag.py:545} INFO - Filling up the DagBag from /home/airflow/.local/lib/python3.12/site-packages/airflow/example_dags/example_xcom.py
[2026-06-24T06:19:58.937+0000] {processor.py:840} INFO - DAG(s) 'example_xcom' retrieved from /home/airflow/.local/lib/python3.12/site-packages/airflow/example_dags/example_xcom.py
[2026-06-24T06:19:58.956+0000] {logging_mixin.py:188} INFO - [2026-06-24T06:19:58.955+0000] {dag.py:3096} INFO - Sync 1 DAGs
[2026-06-24T06:19:58.974+0000] {logging_mixin.py:188} INFO - [2026-06-24T06:19:58.974+0000] {dag.py:3954} INFO - Setting next_dagrun for example_xcom to 2021-01-01 00:00:00+00:00, run_after=2021-01-01 00:00:00+00:00
[2026-06-24T06:19:58.990+0000] {processor.py:183} INFO - Processing /home/airflow/.local/lib/python3.12/site-packages/airflow/example_dags/example_xcom.py took 0.068 seconds
[2026-06-24T06:20:30.105+0000] {processor.py:161} INFO - Started process (PID=286) to work on /home/airflow/.local/lib/python3.12/site-packages/airflow/example_dags/example_xcom.py
[2026-06-24T06:20:30.108+0000] {processor.py:830} INFO - Processing file /home/airflow/.local/lib/python3.12/site-packages/airflow/example_dags/example_xcom.py for tasks to queue
[2026-06-24T06:20:30.114+0000] {logging_mixin.py:188} INFO - [2026-06-24T06:20:30.114+0000] {dagbag.py:545} INFO - Filling up the DagBag from /home/airflow/.local/lib/python3.12/site-packages/airflow/example_dags/example_xcom.py
[2026-06-24T06:20:30.148+0000] {processor.py:840} INFO - DAG(s) 'example_xcom' retrieved from /home/airflow/.local/lib/python3.12/site-packages/airflow/example_dags/example_xcom.py
[2026-06-24T06:20:30.234+0000] {logging_mixin.py:188} INFO - [2026-06-24T06:20:30.234+0000] {dag.py:3096} INFO - Sync 1 DAGs
[2026-06-24T06:20:30.348+0000] {logging_mixin.py:188} INFO - [2026-06-24T06:20:30.348+0000] {dag.py:3954} INFO - Setting next_dagrun for example_xcom to 2021-01-01 00:00:00+00:00, run_after=2021-01-01 00:00:00+00:00
[2026-06-24T06:20:30.429+0000] {processor.py:183} INFO - Processing /home/airflow/.local/lib/python3.12/site-packages/airflow/example_dags/example_xcom.py took 0.345 seconds
[2026-06-24T06:21:00.514+0000] {processor.py:161} INFO - Started process (PID=346) to work on /home/airflow/.local/lib/python3.12/site-packages/airflow/example_dags/example_xcom.py
[2026-06-24T06:21:00.514+0000] {processor.py:830} INFO - Processing file /home/airflow/.local/lib/python3.12/site-packages/airflow/example_dags/example_xcom.py for tasks to queue
[2026-06-24T06:21:00.516+0000] {logging_mixin.py:188} INFO - [2026-06-24T06:21:00.516+0000] {dagbag.py:545} INFO - Filling up the DagBag from /home/airflow/.local/lib/python3.12/site-packages/airflow/example_dags/example_xcom.py
[2026-06-24T06:21:00.522+0000] {processor.py:840} INFO - DAG(s) 'example_xcom' retrieved from /home/airflow/.local/lib/python3.12/site-packages/airflow/example_dags/example_xcom.py
[2026-06-24T06:21:00.541+0000] {logging_mixin.py:188} INFO - [2026-06-24T06:21:00.541+0000] {dag.py:3096} INFO - Sync 1 DAGs
[2026-06-24T06:21:00.560+0000] {logging_mixin.py:188} INFO - [2026-06-24T06:21:00.560+0000] {dag.py:3954} INFO - Setting next_dagrun for example_xcom to 2021-01-01 00:00:00+00:00, run_after=2021-01-01 00:00:00+00:00
[2026-06-24T06:21:00.576+0000] {processor.py:183} INFO - Processing /home/airflow/.local/lib/python3.12/site-packages/airflow/example_dags/example_xcom.py took 0.067 seconds
[2026-06-24T06:21:31.376+0000] {processor.py:161} INFO - Started process (PID=409) to work on /home/airflow/.local/lib/python3.12/site-packages/airflow/example_dags/example_xcom.py
[2026-06-24T06:21:31.377+0000] {processor.py:830} INFO - Processing file /home/airflow/.local/lib/python3.12/site-packages/airflow/example_dags/example_xcom.py for tasks to queue
[2026-06-24T06:21:31.378+0000] {logging_mixin.py:188} INFO - [2026-06-24T06:21:31.378+0000] {dagbag.py:545} INFO - Filling up the DagBag from /home/airflow/.local/lib/python3.12/site-packages/airflow/example_dags/example_xcom.py
[2026-06-24T06:21:31.385+0000] {processor.py:840} INFO - DAG(s) 'example_xcom' retrieved from /home/airflow/.local/lib/python3.12/site-packages/airflow/example_dags/example_xcom.py
[2026-06-24T06:21:31.403+0000] {logging_mixin.py:188} INFO - [2026-06-24T06:21:31.403+0000] {dag.py:3096} INFO - Sync 1 DAGs
[2026-06-24T06:21:31.422+0000] {logging_mixin.py:188} INFO - [2026-06-24T06:21:31.422+0000] {dag.py:3954} INFO - Setting next_dagrun for example_xcom to 2021-01-01 00:00:00+00:00, run_after=2021-01-01 00:00:00+00:00
[2026-06-24T06:21:31.438+0000] {processor.py:183} INFO - Processing /home/airflow/.local/lib/python3.12/site-packages/airflow/example_dags/example_xcom.py took 0.067 seconds
[2026-06-24T06:22:01.841+0000] {processor.py:161} INFO - Started process (PID=470) to work on /home/airflow/.local/lib/python3.12/site-packages/airflow/example_dags/example_xcom.py
[2026-06-24T06:22:01.842+0000] {processor.py:830} INFO - Processing file /home/airflow/.local/lib/python3.12/site-packages/airflow/example_dags/example_xcom.py for tasks to queue
[2026-06-24T06:22:01.843+0000] {logging_mixin.py:188} INFO - [2026-06-24T06:22:01.843+0000] {dagbag.py:545} INFO - Filling up the DagBag from /home/airflow/.local/lib/python3.12/site-packages/airflow/example_dags/example_xcom.py
[2026-06-24T06:22:01.850+0000] {processor.py:840} INFO - DAG(s) 'example_xcom' retrieved from /home/airflow/.local/lib/python3.12/site-packages/airflow/example_dags/example_xcom.py
[2026-06-24T06:22:01.869+0000] {logging_mixin.py:188} INFO - [2026-06-24T06:22:01.869+0000] {dag.py:3096} INFO - Sync 1 DAGs
[2026-06-24T06:22:01.888+0000] {logging_mixin.py:188} INFO - [2026-06-24T06:22:01.888+0000] {dag.py:3954} INFO - Setting next_dagrun for example_xcom to 2021-01-01 00:00:00+00:00, run_after=2021-01-01 00:00:00+00:00
[2026-06-24T06:22:01.904+0000] {processor.py:183} INFO - Processing /home/airflow/.local/lib/python3.12/site-packages/airflow/example_dags/example_xcom.py took 0.068 seconds
[2026-06-24T06:22:32.056+0000] {processor.py:161} INFO - Started process (PID=530) to work on /home/airflow/.local/lib/python3.12/site-packages/airflow/example_dags/example_xcom.py
[2026-06-24T06:22:32.057+0000] {processor.py:830} INFO - Processing file /home/airflow/.local/lib/python3.12/site-packages/airflow/example_dags/example_xcom.py for tasks to queue
[2026-06-24T06:22:32.059+0000] {logging_mixin.py:188} INFO - [2026-06-24T06:22:32.058+0000] {dagbag.py:545} INFO - Filling up the DagBag from /home/airflow/.local/lib/python3.12/site-packages/airflow/example_dags/example_xcom.py
[2026-06-24T06:22:32.066+0000] {processor.py:840} INFO - DAG(s) 'example_xcom' retrieved from /home/airflow/.local/lib/python3.12/site-packages/airflow/example_dags/example_xcom.py
[2026-06-24T06:22:32.088+0000] {logging_mixin.py:188} INFO - [2026-06-24T06:22:32.088+0000] {dag.py:3096} INFO - Sync 1 DAGs
[2026-06-24T06:22:32.109+0000] {logging_mixin.py:188} INFO - [2026-06-24T06:22:32.108+0000] {dag.py:3954} INFO - Setting next_dagrun for example_xcom to 2021-01-01 00:00:00+00:00, run_after=2021-01-01 00:00:00+00:00
[2026-06-24T06:22:32.126+0000] {processor.py:183} INFO - Processing /home/airflow/.local/lib/python3.12/site-packages/airflow/example_dags/example_xcom.py took 0.076 seconds
[2026-06-24T06:23:02.975+0000] {processor.py:161} INFO - Started process (PID=590) to work on /home/airflow/.local/lib/python3.12/site-packages/airflow/example_dags/example_xcom.py
[2026-06-24T06:23:02.975+0000] {processor.py:830} INFO - Processing file /home/airflow/.local/lib/python3.12/site-packages/airflow/example_dags/example_xcom.py for tasks to queue
[2026-06-24T06:23:02.977+0000] {logging_mixin.py:188} INFO - [2026-06-24T06:23:02.977+0000] {dagbag.py:545} INFO - Filling up the DagBag from /home/airflow/.local/lib/python3.12/site-packages/airflow/example_dags/example_xcom.py
[2026-06-24T06:23:02.984+0000] {processor.py:840} INFO - DAG(s) 'example_xcom' retrieved from /home/airflow/.local/lib/python3.12/site-packages/airflow/example_dags/example_xcom.py
[2026-06-24T06:23:03.004+0000] {logging_mixin.py:188} INFO - [2026-06-24T06:23:03.004+0000] {dag.py:3096} INFO - Sync 1 DAGs
[2026-06-24T06:23:03.024+0000] {logging_mixin.py:188} INFO - [2026-06-24T06:23:03.023+0000] {dag.py:3954} INFO - Setting next_dagrun for example_xcom to 2021-01-01 00:00:00+00:00, run_after=2021-01-01 00:00:00+00:00
[2026-06-24T06:23:03.041+0000] {processor.py:183} INFO - Processing /home/airflow/.local/lib/python3.12/site-packages/airflow/example_dags/example_xcom.py took 0.072 seconds
[2026-06-24T06:23:33.570+0000] {processor.py:161} INFO - Started process (PID=650) to work on /home/airflow/.local/lib/python3.12/site-packages/airflow/example_dags/example_xcom.py
[2026-06-24T06:23:33.571+0000] {processor.py:830} INFO - Processing file /home/airflow/.local/lib/python3.12/site-packages/airflow/example_dags/example_xcom.py for tasks to queue
[2026-06-24T06:23:33.573+0000] {logging_mixin.py:188} INFO - [2026-06-24T06:23:33.572+0000] {dagbag.py:545} INFO - Filling up the DagBag from /home/airflow/.local/lib/python3.12/site-packages/airflow/example_dags/example_xcom.py
[2026-06-24T06:23:33.580+0000] {processor.py:840} INFO - DAG(s) 'example_xcom' retrieved from /home/airflow/.local/lib/python3.12/site-packages/airflow/example_dags/example_xcom.py
[2026-06-24T06:23:33.604+0000] {logging_mixin.py:188} INFO - [2026-06-24T06:23:33.604+0000] {dag.py:3096} INFO - Sync 1 DAGs
[2026-06-24T06:23:33.624+0000] {logging_mixin.py:188} INFO - [2026-06-24T06:23:33.624+0000] {dag.py:3954} INFO - Setting next_dagrun for example_xcom to 2021-01-01 00:00:00+00:00, run_after=2021-01-01 00:00:00+00:00
[2026-06-24T06:23:33.640+0000] {processor.py:183} INFO - Processing /home/airflow/.local/lib/python3.12/site-packages/airflow/example_dags/example_xcom.py took 0.075 seconds
[2026-06-24T06:24:04.270+0000] {processor.py:161} INFO - Started process (PID=709) to work on /home/airflow/.local/lib/python3.12/site-packages/airflow/example_dags/example_xcom.py
[2026-06-24T06:24:04.271+0000] {processor.py:830} INFO - Processing file /home/airflow/.local/lib/python3.12/site-packages/airflow/example_dags/example_xcom.py for tasks to queue
[2026-06-24T06:24:04.273+0000] {logging_mixin.py:188} INFO - [2026-06-24T06:24:04.272+0000] {dagbag.py:545} INFO - Filling up the DagBag from /home/airflow/.local/lib/python3.12/site-packages/airflow/example_dags/example_xcom.py
[2026-06-24T06:24:04.279+0000] {processor.py:840} INFO - DAG(s) 'example_xcom' retrieved from /home/airflow/.local/lib/python3.12/site-packages/airflow/example_dags/example_xcom.py
[2026-06-24T06:24:04.298+0000] {logging_mixin.py:188} INFO - [2026-06-24T06:24:04.297+0000] {dag.py:3096} INFO - Sync 1 DAGs
[2026-06-24T06:24:04.316+0000] {logging_mixin.py:188} INFO - [2026-06-24T06:24:04.316+0000] {dag.py:3954} INFO - Setting next_dagrun for example_xcom to 2021-01-01 00:00:00+00:00, run_after=2021-01-01 00:00:00+00:00
[2026-06-24T06:24:04.332+0000] {processor.py:183} INFO - Processing /home/airflow/.local/lib/python3.12/site-packages/airflow/example_dags/example_xcom.py took 0.067 seconds
[2026-06-24T06:24:35.205+0000] {processor.py:161} INFO - Started process (PID=774) to work on /home/airflow/.local/lib/python3.12/site-packages/airflow/example_dags/example_xcom.py
[2026-06-24T06:24:35.210+0000] {processor.py:830} INFO - Processing file /home/airflow/.local/lib/python3.12/site-packages/airflow/example_dags/example_xcom.py for tasks to queue
[2026-06-24T06:24:35.218+0000] {logging_mixin.py:188} INFO - [2026-06-24T06:24:35.218+0000] {dagbag.py:545} INFO - Filling up the DagBag from /home/airflow/.local/lib/python3.12/site-packages/airflow/example_dags/example_xcom.py
[2026-06-24T06:24:35.257+0000] {processor.py:840} INFO - DAG(s) 'example_xcom' retrieved from /home/airflow/.local/lib/python3.12/site-packages/airflow/example_dags/example_xcom.py
[2026-06-24T06:24:35.351+0000] {logging_mixin.py:188} INFO - [2026-06-24T06:24:35.351+0000] {dag.py:3096} INFO - Sync 1 DAGs
[2026-06-24T06:24:35.450+0000] {logging_mixin.py:188} INFO - [2026-06-24T06:24:35.450+0000] {dag.py:3954} INFO - Setting next_dagrun for example_xcom to 2021-01-01 00:00:00+00:00, run_after=2021-01-01 00:00:00+00:00
[2026-06-24T06:24:35.515+0000] {processor.py:183} INFO - Processing /home/airflow/.local/lib/python3.12/site-packages/airflow/example_dags/example_xcom.py took 0.335 seconds
[2026-06-24T06:25:05.991+0000] {processor.py:161} INFO - Started process (PID=833) to work on /home/airflow/.local/lib/python3.12/site-packages/airflow/example_dags/example_xcom.py
[2026-06-24T06:25:05.992+0000] {processor.py:830} INFO - Processing file /home/airflow/.local/lib/python3.12/site-packages/airflow/example_dags/example_xcom.py for tasks to queue
[2026-06-24T06:25:05.994+0000] {logging_mixin.py:188} INFO - [2026-06-24T06:25:05.994+0000] {dagbag.py:545} INFO - Filling up the DagBag from /home/airflow/.local/lib/python3.12/site-packages/airflow/example_dags/example_xcom.py
[2026-06-24T06:25:06.004+0000] {processor.py:840} INFO - DAG(s) 'example_xcom' retrieved from /home/airflow/.local/lib/python3.12/site-packages/airflow/example_dags/example_xcom.py
[2026-06-24T06:25:06.031+0000] {logging_mixin.py:188} INFO - [2026-06-24T06:25:06.031+0000] {dag.py:3096} INFO - Sync 1 DAGs
[2026-06-24T06:25:06.059+0000] {logging_mixin.py:188} INFO - [2026-06-24T06:25:06.058+0000] {dag.py:3954} INFO - Setting next_dagrun for example_xcom to 2021-01-01 00:00:00+00:00, run_after=2021-01-01 00:00:00+00:00
[2026-06-24T06:25:06.081+0000] {processor.py:183} INFO - Processing /home/airflow/.local/lib/python3.12/site-packages/airflow/example_dags/example_xcom.py took 0.100 seconds
[2026-06-24T06:25:36.256+0000] {processor.py:161} INFO - Started process (PID=892) to work on /home/airflow/.local/lib/python3.12/site-packages/airflow/example_dags/example_xcom.py
[2026-06-24T06:25:36.257+0000] {processor.py:830} INFO - Processing file /home/airflow/.local/lib/python3.12/site-packages/airflow/example_dags/example_xcom.py for tasks to queue
[2026-06-24T06:25:36.259+0000] {logging_mixin.py:188} INFO - [2026-06-24T06:25:36.259+0000] {dagbag.py:545} INFO - Filling up the DagBag from /home/airflow/.local/lib/python3.12/site-packages/airflow/example_dags/example_xcom.py
[2026-06-24T06:25:36.269+0000] {processor.py:840} INFO - DAG(s) 'example_xcom' retrieved from /home/airflow/.local/lib/python3.12/site-packages/airflow/example_dags/example_xcom.py
[2026-06-24T06:25:36.297+0000] {logging_mixin.py:188} INFO - [2026-06-24T06:25:36.296+0000] {dag.py:3096} INFO - Sync 1 DAGs
[2026-06-24T06:25:36.328+0000] {logging_mixin.py:188} INFO - [2026-06-24T06:25:36.328+0000] {dag.py:3954} INFO - Setting next_dagrun for example_xcom to 2021-01-01 00:00:00+00:00, run_after=2021-01-01 00:00:00+00:00
[2026-06-24T06:25:36.351+0000] {processor.py:183} INFO - Processing /home/airflow/.local/lib/python3.12/site-packages/airflow/example_dags/example_xcom.py took 0.101 seconds
[2026-06-24T06:26:06.710+0000] {processor.py:161} INFO - Started process (PID=951) to work on /home/airflow/.local/lib/python3.12/site-packages/airflow/example_dags/example_xcom.py
[2026-06-24T06:26:06.711+0000] {processor.py:830} INFO - Processing file /home/airflow/.local/lib/python3.12/site-packages/airflow/example_dags/example_xcom.py for tasks to queue
[2026-06-24T06:26:06.713+0000] {logging_mixin.py:188} INFO - [2026-06-24T06:26:06.713+0000] {dagbag.py:545} INFO - Filling up the DagBag from /home/airflow/.local/lib/python3.12/site-packages/airflow/example_dags/example_xcom.py
[2026-06-24T06:26:06.734+0000] {processor.py:840} INFO - DAG(s) 'example_xcom' retrieved from /home/airflow/.local/lib/python3.12/site-packages/airflow/example_dags/example_xcom.py
[2026-06-24T06:26:06.784+0000] {logging_mixin.py:188} INFO - [2026-06-24T06:26:06.783+0000] {dag.py:3096} INFO - Sync 1 DAGs
[2026-06-24T06:26:06.819+0000] {logging_mixin.py:188} INFO - [2026-06-24T06:26:06.819+0000] {dag.py:3954} INFO - Setting next_dagrun for example_xcom to 2021-01-01 00:00:00+00:00, run_after=2021-01-01 00:00:00+00:00
[2026-06-24T06:26:06.879+0000] {processor.py:183} INFO - Processing /home/airflow/.local/lib/python3.12/site-packages/airflow/example_dags/example_xcom.py took 0.177 seconds
[2026-06-24T06:26:37.857+0000] {processor.py:161} INFO - Started process (PID=1010) to work on /home/airflow/.local/lib/python3.12/site-packages/airflow/example_dags/example_xcom.py
[2026-06-24T06:26:37.858+0000] {processor.py:830} INFO - Processing file /home/airflow/.local/lib/python3.12/site-packages/airflow/example_dags/example_xcom.py for tasks to queue
[2026-06-24T06:26:37.864+0000] {logging_mixin.py:188} INFO - [2026-06-24T06:26:37.864+0000] {dagbag.py:545} INFO - Filling up the DagBag from /home/airflow/.local/lib/python3.12/site-packages/airflow/example_dags/example_xcom.py
[2026-06-24T06:26:37.878+0000] {processor.py:840} INFO - DAG(s) 'example_xcom' retrieved from /home/airflow/.local/lib/python3.12/site-packages/airflow/example_dags/example_xcom.py
[2026-06-24T06:26:37.910+0000] {logging_mixin.py:188} INFO - [2026-06-24T06:26:37.910+0000] {dag.py:3096} INFO - Sync 1 DAGs
[2026-06-24T06:26:37.944+0000] {logging_mixin.py:188} INFO - [2026-06-24T06:26:37.944+0000] {dag.py:3954} INFO - Setting next_dagrun for example_xcom to 2021-01-01 00:00:00+00:00, run_after=2021-01-01 00:00:00+00:00
[2026-06-24T06:26:37.966+0000] {processor.py:183} INFO - Processing /home/airflow/.local/lib/python3.12/site-packages/airflow/example_dags/example_xcom.py took 0.116 seconds
[2026-06-24T06:27:08.574+0000] {processor.py:161} INFO - Started process (PID=1069) to work on /home/airflow/.local/lib/python3.12/site-packages/airflow/example_dags/example_xcom.py
[2026-06-24T06:27:08.575+0000] {processor.py:830} INFO - Processing file /home/airflow/.local/lib/python3.12/site-packages/airflow/example_dags/example_xcom.py for tasks to queue
[2026-06-24T06:27:08.577+0000] {logging_mixin.py:188} INFO - [2026-06-24T06:27:08.576+0000] {dagbag.py:545} INFO - Filling up the DagBag from /home/airflow/.local/lib/python3.12/site-packages/airflow/example_dags/example_xcom.py
[2026-06-24T06:27:08.586+0000] {processor.py:840} INFO - DAG(s) 'example_xcom' retrieved from /home/airflow/.local/lib/python3.12/site-packages/airflow/example_dags/example_xcom.py
[2026-06-24T06:27:08.614+0000] {logging_mixin.py:188} INFO - [2026-06-24T06:27:08.614+0000] {dag.py:3096} INFO - Sync 1 DAGs
[2026-06-24T06:27:08.641+0000] {logging_mixin.py:188} INFO - [2026-06-24T06:27:08.641+0000] {dag.py:3954} INFO - Setting next_dagrun for example_xcom to 2021-01-01 00:00:00+00:00, run_after=2021-01-01 00:00:00+00:00
[2026-06-24T06:27:08.661+0000] {processor.py:183} INFO - Processing /home/airflow/.local/lib/python3.12/site-packages/airflow/example_dags/example_xcom.py took 0.094 seconds
[2026-06-24T06:27:39.244+0000] {processor.py:161} INFO - Started process (PID=1128) to work on /home/airflow/.local/lib/python3.12/site-packages/airflow/example_dags/example_xcom.py
[2026-06-24T06:27:39.245+0000] {processor.py:830} INFO - Processing file /home/airflow/.local/lib/python3.12/site-packages/airflow/example_dags/example_xcom.py for tasks to queue
[2026-06-24T06:27:39.247+0000] {logging_mixin.py:188} INFO - [2026-06-24T06:27:39.247+0000] {dagbag.py:545} INFO - Filling up the DagBag from /home/airflow/.local/lib/python3.12/site-packages/airflow/example_dags/example_xcom.py
[2026-06-24T06:27:39.257+0000] {processor.py:840} INFO - DAG(s) 'example_xcom' retrieved from /home/airflow/.local/lib/python3.12/site-packages/airflow/example_dags/example_xcom.py
[2026-06-24T06:27:39.283+0000] {logging_mixin.py:188} INFO - [2026-06-24T06:27:39.283+0000] {dag.py:3096} INFO - Sync 1 DAGs
[2026-06-24T06:27:39.309+0000] {logging_mixin.py:188} INFO - [2026-06-24T06:27:39.309+0000] {dag.py:3954} INFO - Setting next_dagrun for example_xcom to 2021-01-01 00:00:00+00:00, run_after=2021-01-01 00:00:00+00:00
[2026-06-24T06:27:39.329+0000] {processor.py:183} INFO - Processing /home/airflow/.local/lib/python3.12/site-packages/airflow/example_dags/example_xcom.py took 0.092 seconds
[2026-06-24T06:28:09.634+0000] {processor.py:161} INFO - Started process (PID=1186) to work on /home/airflow/.local/lib/python3.12/site-packages/airflow/example_dags/example_xcom.py
[2026-06-24T06:28:09.635+0000] {processor.py:830} INFO - Processing file /home/airflow/.local/lib/python3.12/site-packages/airflow/example_dags/example_xcom.py for tasks to queue
[2026-06-24T06:28:09.638+0000] {logging_mixin.py:188} INFO - [2026-06-24T06:28:09.637+0000] {dagbag.py:545} INFO - Filling up the DagBag from /home/airflow/.local/lib/python3.12/site-packages/airflow/example_dags/example_xcom.py
[2026-06-24T06:28:09.647+0000] {processor.py:840} INFO - DAG(s) 'example_xcom' retrieved from /home/airflow/.local/lib/python3.12/site-packages/airflow/example_dags/example_xcom.py
[2026-06-24T06:28:09.667+0000] {logging_mixin.py:188} INFO - [2026-06-24T06:28:09.667+0000] {dag.py:3096} INFO - Sync 1 DAGs
[2026-06-24T06:28:09.691+0000] {logging_mixin.py:188} INFO - [2026-06-24T06:28:09.691+0000] {dag.py:3954} INFO - Setting next_dagrun for example_xcom to 2021-01-01 00:00:00+00:00, run_after=2021-01-01 00:00:00+00:00
[2026-06-24T06:28:09.709+0000] {processor.py:183} INFO - Processing /home/airflow/.local/lib/python3.12/site-packages/airflow/example_dags/example_xcom.py took 0.083 seconds
[2026-06-24T06:28:40.381+0000] {processor.py:161} INFO - Started process (PID=1245) to work on /home/airflow/.local/lib/python3.12/site-packages/airflow/example_dags/example_xcom.py
[2026-06-24T06:28:40.384+0000] {processor.py:830} INFO - Processing file /home/airflow/.local/lib/python3.12/site-packages/airflow/example_dags/example_xcom.py for tasks to queue
[2026-06-24T06:28:40.392+0000] {logging_mixin.py:188} INFO - [2026-06-24T06:28:40.392+0000] {dagbag.py:545} INFO - Filling up the DagBag from /home/airflow/.local/lib/python3.12/site-packages/airflow/example_dags/example_xcom.py
[2026-06-24T06:28:40.411+0000] {processor.py:840} INFO - DAG(s) 'example_xcom' retrieved from /home/airflow/.local/lib/python3.12/site-packages/airflow/example_dags/example_xcom.py
[2026-06-24T06:28:40.470+0000] {logging_mixin.py:188} INFO - [2026-06-24T06:28:40.469+0000] {dag.py:3096} INFO - Sync 1 DAGs
[2026-06-24T06:28:40.527+0000] {logging_mixin.py:188} INFO - [2026-06-24T06:28:40.527+0000] {dag.py:3954} INFO - Setting next_dagrun for example_xcom to 2021-01-01 00:00:00+00:00, run_after=2021-01-01 00:00:00+00:00
[2026-06-24T06:28:40.579+0000] {processor.py:183} INFO - Processing /home/airflow/.local/lib/python3.12/site-packages/airflow/example_dags/example_xcom.py took 0.215 seconds
[2026-06-24T06:29:11.445+0000] {processor.py:161} INFO - Started process (PID=1304) to work on /home/airflow/.local/lib/python3.12/site-packages/airflow/example_dags/example_xcom.py
[2026-06-24T06:29:11.446+0000] {processor.py:830} INFO - Processing file /home/airflow/.local/lib/python3.12/site-packages/airflow/example_dags/example_xcom.py for tasks to queue
[2026-06-24T06:29:11.448+0000] {logging_mixin.py:188} INFO - [2026-06-24T06:29:11.448+0000] {dagbag.py:545} INFO - Filling up the DagBag from /home/airflow/.local/lib/python3.12/site-packages/airflow/example_dags/example_xcom.py
[2026-06-24T06:29:11.457+0000] {processor.py:840} INFO - DAG(s) 'example_xcom' retrieved from /home/airflow/.local/lib/python3.12/site-packages/airflow/example_dags/example_xcom.py
[2026-06-24T06:29:11.484+0000] {logging_mixin.py:188} INFO - [2026-06-24T06:29:11.484+0000] {dag.py:3096} INFO - Sync 1 DAGs
[2026-06-24T06:29:11.510+0000] {logging_mixin.py:188} INFO - [2026-06-24T06:29:11.510+0000] {dag.py:3954} INFO - Setting next_dagrun for example_xcom to 2021-01-01 00:00:00+00:00, run_after=2021-01-01 00:00:00+00:00
[2026-06-24T06:29:11.534+0000] {processor.py:183} INFO - Processing /home/airflow/.local/lib/python3.12/site-packages/airflow/example_dags/example_xcom.py took 0.103 seconds
[2026-06-24T06:29:41.680+0000] {processor.py:161} INFO - Started process (PID=1363) to work on /home/airflow/.local/lib/python3.12/site-packages/airflow/example_dags/example_xcom.py
[2026-06-24T06:29:41.681+0000] {processor.py:830} INFO - Processing file /home/airflow/.local/lib/python3.12/site-packages/airflow/example_dags/example_xcom.py for tasks to queue
[2026-06-24T06:29:41.682+0000] {logging_mixin.py:188} INFO - [2026-06-24T06:29:41.682+0000] {dagbag.py:545} INFO - Filling up the DagBag from /home/airflow/.local/lib/python3.12/site-packages/airflow/example_dags/example_xcom.py
[2026-06-24T06:29:41.690+0000] {processor.py:840} INFO - DAG(s) 'example_xcom' retrieved from /home/airflow/.local/lib/python3.12/site-packages/airflow/example_dags/example_xcom.py
[2026-06-24T06:29:41.708+0000] {logging_mixin.py:188} INFO - [2026-06-24T06:29:41.708+0000] {dag.py:3096} INFO - Sync 1 DAGs
[2026-06-24T06:29:41.726+0000] {logging_mixin.py:188} INFO - [2026-06-24T06:29:41.726+0000] {dag.py:3954} INFO - Setting next_dagrun for example_xcom to 2021-01-01 00:00:00+00:00, run_after=2021-01-01 00:00:00+00:00
[2026-06-24T06:29:41.742+0000] {processor.py:183} INFO - Processing /home/airflow/.local/lib/python3.12/site-packages/airflow/example_dags/example_xcom.py took 0.067 seconds
[2026-06-24T06:30:12.416+0000] {processor.py:161} INFO - Started process (PID=1422) to work on /home/airflow/.local/lib/python3.12/site-packages/airflow/example_dags/example_xcom.py
[2026-06-24T06:30:12.417+0000] {processor.py:830} INFO - Processing file /home/airflow/.local/lib/python3.12/site-packages/airflow/example_dags/example_xcom.py for tasks to queue
[2026-06-24T06:30:12.419+0000] {logging_mixin.py:188} INFO - [2026-06-24T06:30:12.419+0000] {dagbag.py:545} INFO - Filling up the DagBag from /home/airflow/.local/lib/python3.12/site-packages/airflow/example_dags/example_xcom.py
[2026-06-24T06:30:12.429+0000] {processor.py:840} INFO - DAG(s) 'example_xcom' retrieved from /home/airflow/.local/lib/python3.12/site-packages/airflow/example_dags/example_xcom.py
[2026-06-24T06:30:12.456+0000] {logging_mixin.py:188} INFO - [2026-06-24T06:30:12.456+0000] {dag.py:3096} INFO - Sync 1 DAGs
[2026-06-24T06:30:12.485+0000] {logging_mixin.py:188} INFO - [2026-06-24T06:30:12.485+0000] {dag.py:3954} INFO - Setting next_dagrun for example_xcom to 2021-01-01 00:00:00+00:00, run_after=2021-01-01 00:00:00+00:00
[2026-06-24T06:30:12.508+0000] {processor.py:183} INFO - Processing /home/airflow/.local/lib/python3.12/site-packages/airflow/example_dags/example_xcom.py took 0.098 seconds
[2026-06-24T06:30:42.736+0000] {processor.py:161} INFO - Started process (PID=1481) to work on /home/airflow/.local/lib/python3.12/site-packages/airflow/example_dags/example_xcom.py
[2026-06-24T06:30:42.737+0000] {processor.py:830} INFO - Processing file /home/airflow/.local/lib/python3.12/site-packages/airflow/example_dags/example_xcom.py for tasks to queue
[2026-06-24T06:30:42.739+0000] {logging_mixin.py:188} INFO - [2026-06-24T06:30:42.738+0000] {dagbag.py:545} INFO - Filling up the DagBag from /home/airflow/.local/lib/python3.12/site-packages/airflow/example_dags/example_xcom.py
[2026-06-24T06:30:42.748+0000] {processor.py:840} INFO - DAG(s) 'example_xcom' retrieved from /home/airflow/.local/lib/python3.12/site-packages/airflow/example_dags/example_xcom.py
[2026-06-24T06:30:42.778+0000] {logging_mixin.py:188} INFO - [2026-06-24T06:30:42.777+0000] {dag.py:3096} INFO - Sync 1 DAGs
[2026-06-24T06:30:42.815+0000] {logging_mixin.py:188} INFO - [2026-06-24T06:30:42.815+0000] {dag.py:3954} INFO - Setting next_dagrun for example_xcom to 2021-01-01 00:00:00+00:00, run_after=2021-01-01 00:00:00+00:00
[2026-06-24T06:30:42.837+0000] {processor.py:183} INFO - Processing /home/airflow/.local/lib/python3.12/site-packages/airflow/example_dags/example_xcom.py took 0.108 seconds
[2026-06-24T06:31:13.540+0000] {processor.py:161} INFO - Started process (PID=1540) to work on /home/airflow/.local/lib/python3.12/site-packages/airflow/example_dags/example_xcom.py
[2026-06-24T06:31:13.541+0000] {processor.py:830} INFO - Processing file /home/airflow/.local/lib/python3.12/site-packages/airflow/example_dags/example_xcom.py for tasks to queue
[2026-06-24T06:31:13.543+0000] {logging_mixin.py:188} INFO - [2026-06-24T06:31:13.542+0000] {dagbag.py:545} INFO - Filling up the DagBag from /home/airflow/.local/lib/python3.12/site-packages/airflow/example_dags/example_xcom.py
[2026-06-24T06:31:13.552+0000] {processor.py:840} INFO - DAG(s) 'example_xcom' retrieved from /home/airflow/.local/lib/python3.12/site-packages/airflow/example_dags/example_xcom.py
[2026-06-24T06:31:13.579+0000] {logging_mixin.py:188} INFO - [2026-06-24T06:31:13.578+0000] {dag.py:3096} INFO - Sync 1 DAGs
[2026-06-24T06:31:13.606+0000] {logging_mixin.py:188} INFO - [2026-06-24T06:31:13.606+0000] {dag.py:3954} INFO - Setting next_dagrun for example_xcom to 2021-01-01 00:00:00+00:00, run_after=2021-01-01 00:00:00+00:00
[2026-06-24T06:31:13.827+0000] {processor.py:183} INFO - Processing /home/airflow/.local/lib/python3.12/site-packages/airflow/example_dags/example_xcom.py took 0.294 seconds
[2026-06-24T06:31:44.002+0000] {processor.py:161} INFO - Started process (PID=1600) to work on /home/airflow/.local/lib/python3.12/site-packages/airflow/example_dags/example_xcom.py
[2026-06-24T06:31:44.002+0000] {processor.py:830} INFO - Processing file /home/airflow/.local/lib/python3.12/site-packages/airflow/example_dags/example_xcom.py for tasks to queue
[2026-06-24T06:31:44.005+0000] {logging_mixin.py:188} INFO - [2026-06-24T06:31:44.004+0000] {dagbag.py:545} INFO - Filling up the DagBag from /home/airflow/.local/lib/python3.12/site-packages/airflow/example_dags/example_xcom.py
[2026-06-24T06:31:44.014+0000] {processor.py:840} INFO - DAG(s) 'example_xcom' retrieved from /home/airflow/.local/lib/python3.12/site-packages/airflow/example_dags/example_xcom.py
[2026-06-24T06:31:44.042+0000] {logging_mixin.py:188} INFO - [2026-06-24T06:31:44.041+0000] {dag.py:3096} INFO - Sync 1 DAGs
[2026-06-24T06:31:44.070+0000] {logging_mixin.py:188} INFO - [2026-06-24T06:31:44.070+0000] {dag.py:3954} INFO - Setting next_dagrun for example_xcom to 2021-01-01 00:00:00+00:00, run_after=2021-01-01 00:00:00+00:00
[2026-06-24T06:31:44.267+0000] {processor.py:183} INFO - Processing /home/airflow/.local/lib/python3.12/site-packages/airflow/example_dags/example_xcom.py took 0.272 seconds
[2026-06-24T06:32:14.741+0000] {processor.py:161} INFO - Started process (PID=1659) to work on /home/airflow/.local/lib/python3.12/site-packages/airflow/example_dags/example_xcom.py
[2026-06-24T06:32:14.742+0000] {processor.py:830} INFO - Processing file /home/airflow/.local/lib/python3.12/site-packages/airflow/example_dags/example_xcom.py for tasks to queue
[2026-06-24T06:32:14.744+0000] {logging_mixin.py:188} INFO - [2026-06-24T06:32:14.743+0000] {dagbag.py:545} INFO - Filling up the DagBag from /home/airflow/.local/lib/python3.12/site-packages/airflow/example_dags/example_xcom.py
[2026-06-24T06:32:14.753+0000] {processor.py:840} INFO - DAG(s) 'example_xcom' retrieved from /home/airflow/.local/lib/python3.12/site-packages/airflow/example_dags/example_xcom.py
[2026-06-24T06:32:14.779+0000] {logging_mixin.py:188} INFO - [2026-06-24T06:32:14.779+0000] {dag.py:3096} INFO - Sync 1 DAGs
[2026-06-24T06:32:14.997+0000] {logging_mixin.py:188} INFO - [2026-06-24T06:32:14.997+0000] {dag.py:3954} INFO - Setting next_dagrun for example_xcom to 2021-01-01 00:00:00+00:00, run_after=2021-01-01 00:00:00+00:00
[2026-06-24T06:32:15.015+0000] {processor.py:183} INFO - Processing /home/airflow/.local/lib/python3.12/site-packages/airflow/example_dags/example_xcom.py took 0.284 seconds
[2026-06-24T06:32:45.627+0000] {processor.py:161} INFO - Started process (PID=1716) to work on /home/airflow/.local/lib/python3.12/site-packages/airflow/example_dags/example_xcom.py
[2026-06-24T06:32:45.628+0000] {processor.py:830} INFO - Processing file /home/airflow/.local/lib/python3.12/site-packages/airflow/example_dags/example_xcom.py for tasks to queue
[2026-06-24T06:32:45.629+0000] {logging_mixin.py:188} INFO - [2026-06-24T06:32:45.629+0000] {dagbag.py:545} INFO - Filling up the DagBag from /home/airflow/.local/lib/python3.12/site-packages/airflow/example_dags/example_xcom.py
[2026-06-24T06:32:45.635+0000] {processor.py:840} INFO - DAG(s) 'example_xcom' retrieved from /home/airflow/.local/lib/python3.12/site-packages/airflow/example_dags/example_xcom.py
[2026-06-24T06:32:45.654+0000] {logging_mixin.py:188} INFO - [2026-06-24T06:32:45.654+0000] {dag.py:3096} INFO - Sync 1 DAGs
[2026-06-24T06:32:45.800+0000] {logging_mixin.py:188} INFO - [2026-06-24T06:32:45.800+0000] {dag.py:3954} INFO - Setting next_dagrun for example_xcom to 2021-01-01 00:00:00+00:00, run_after=2021-01-01 00:00:00+00:00
[2026-06-24T06:32:45.815+0000] {processor.py:183} INFO - Processing /home/airflow/.local/lib/python3.12/site-packages/airflow/example_dags/example_xcom.py took 0.193 seconds
[2026-06-24T06:33:16.449+0000] {processor.py:161} INFO - Started process (PID=1775) to work on /home/airflow/.local/lib/python3.12/site-packages/airflow/example_dags/example_xcom.py
[2026-06-24T06:33:16.450+0000] {processor.py:830} INFO - Processing file /home/airflow/.local/lib/python3.12/site-packages/airflow/example_dags/example_xcom.py for tasks to queue
[2026-06-24T06:33:16.452+0000] {logging_mixin.py:188} INFO - [2026-06-24T06:33:16.452+0000] {dagbag.py:545} INFO - Filling up the DagBag from /home/airflow/.local/lib/python3.12/site-packages/airflow/example_dags/example_xcom.py
[2026-06-24T06:33:16.464+0000] {processor.py:840} INFO - DAG(s) 'example_xcom' retrieved from /home/airflow/.local/lib/python3.12/site-packages/airflow/example_dags/example_xcom.py
[2026-06-24T06:33:16.494+0000] {logging_mixin.py:188} INFO - [2026-06-24T06:33:16.493+0000] {dag.py:3096} INFO - Sync 1 DAGs
[2026-06-24T06:33:16.704+0000] {logging_mixin.py:188} INFO - [2026-06-24T06:33:16.703+0000] {dag.py:3954} INFO - Setting next_dagrun for example_xcom to 2021-01-01 00:00:00+00:00, run_after=2021-01-01 00:00:00+00:00
[2026-06-24T06:33:16.721+0000] {processor.py:183} INFO - Processing /home/airflow/.local/lib/python3.12/site-packages/airflow/example_dags/example_xcom.py took 0.279 seconds
[2026-06-24T06:33:47.038+0000] {processor.py:161} INFO - Started process (PID=1835) to work on /home/airflow/.local/lib/python3.12/site-packages/airflow/example_dags/example_xcom.py
[2026-06-24T06:33:47.039+0000] {processor.py:830} INFO - Processing file /home/airflow/.local/lib/python3.12/site-packages/airflow/example_dags/example_xcom.py for tasks to queue
[2026-06-24T06:33:47.041+0000] {logging_mixin.py:188} INFO - [2026-06-24T06:33:47.041+0000] {dagbag.py:545} INFO - Filling up the DagBag from /home/airflow/.local/lib/python3.12/site-packages/airflow/example_dags/example_xcom.py
[2026-06-24T06:33:47.051+0000] {processor.py:840} INFO - DAG(s) 'example_xcom' retrieved from /home/airflow/.local/lib/python3.12/site-packages/airflow/example_dags/example_xcom.py
[2026-06-24T06:33:47.079+0000] {logging_mixin.py:188} INFO - [2026-06-24T06:33:47.079+0000] {dag.py:3096} INFO - Sync 1 DAGs
[2026-06-24T06:33:47.111+0000] {logging_mixin.py:188} INFO - [2026-06-24T06:33:47.110+0000] {dag.py:3954} INFO - Setting next_dagrun for example_xcom to 2021-01-01 00:00:00+00:00, run_after=2021-01-01 00:00:00+00:00
[2026-06-24T06:33:47.134+0000] {processor.py:183} INFO - Processing /home/airflow/.local/lib/python3.12/site-packages/airflow/example_dags/example_xcom.py took 0.104 seconds
[2026-06-24T06:34:17.622+0000] {processor.py:161} INFO - Started process (PID=1894) to work on /home/airflow/.local/lib/python3.12/site-packages/airflow/example_dags/example_xcom.py
[2026-06-24T06:34:17.623+0000] {processor.py:830} INFO - Processing file /home/airflow/.local/lib/python3.12/site-packages/airflow/example_dags/example_xcom.py for tasks to queue
[2026-06-24T06:34:17.626+0000] {logging_mixin.py:188} INFO - [2026-06-24T06:34:17.625+0000] {dagbag.py:545} INFO - Filling up the DagBag from /home/airflow/.local/lib/python3.12/site-packages/airflow/example_dags/example_xcom.py
[2026-06-24T06:34:17.635+0000] {processor.py:840} INFO - DAG(s) 'example_xcom' retrieved from /home/airflow/.local/lib/python3.12/site-packages/airflow/example_dags/example_xcom.py
[2026-06-24T06:34:17.686+0000] {logging_mixin.py:188} INFO - [2026-06-24T06:34:17.685+0000] {dag.py:3096} INFO - Sync 1 DAGs
[2026-06-24T06:34:17.809+0000] {logging_mixin.py:188} INFO - [2026-06-24T06:34:17.809+0000] {dag.py:3954} INFO - Setting next_dagrun for example_xcom to 2021-01-01 00:00:00+00:00, run_after=2021-01-01 00:00:00+00:00
[2026-06-24T06:34:17.901+0000] {processor.py:183} INFO - Processing /home/airflow/.local/lib/python3.12/site-packages/airflow/example_dags/example_xcom.py took 0.287 seconds
[2026-06-24T06:34:48.178+0000] {processor.py:161} INFO - Started process (PID=1954) to work on /home/airflow/.local/lib/python3.12/site-packages/airflow/example_dags/example_xcom.py
[2026-06-24T06:34:48.178+0000] {processor.py:830} INFO - Processing file /home/airflow/.local/lib/python3.12/site-packages/airflow/example_dags/example_xcom.py for tasks to queue
[2026-06-24T06:34:48.180+0000] {logging_mixin.py:188} INFO - [2026-06-24T06:34:48.180+0000] {dagbag.py:545} INFO - Filling up the DagBag from /home/airflow/.local/lib/python3.12/site-packages/airflow/example_dags/example_xcom.py
[2026-06-24T06:34:48.187+0000] {processor.py:840} INFO - DAG(s) 'example_xcom' retrieved from /home/airflow/.local/lib/python3.12/site-packages/airflow/example_dags/example_xcom.py
[2026-06-24T06:34:48.205+0000] {logging_mixin.py:188} INFO - [2026-06-24T06:34:48.205+0000] {dag.py:3096} INFO - Sync 1 DAGs
[2026-06-24T06:34:48.230+0000] {logging_mixin.py:188} INFO - [2026-06-24T06:34:48.230+0000] {dag.py:3954} INFO - Setting next_dagrun for example_xcom to 2021-01-01 00:00:00+00:00, run_after=2021-01-01 00:00:00+00:00
[2026-06-24T06:34:48.256+0000] {processor.py:183} INFO - Processing /home/airflow/.local/lib/python3.12/site-packages/airflow/example_dags/example_xcom.py took 0.083 seconds
[2026-06-24T06:43:53.848+0000] {processor.py:161} INFO - Started process (PID=98) to work on /home/airflow/.local/lib/python3.12/site-packages/airflow/example_dags/example_xcom.py
[2026-06-24T06:43:53.866+0000] {processor.py:830} INFO - Processing file /home/airflow/.local/lib/python3.12/site-packages/airflow/example_dags/example_xcom.py for tasks to queue
[2026-06-24T06:43:53.878+0000] {logging_mixin.py:188} INFO - [2026-06-24T06:43:53.867+0000] {dagbag.py:545} INFO - Filling up the DagBag from /home/airflow/.local/lib/python3.12/site-packages/airflow/example_dags/example_xcom.py
[2026-06-24T06:43:53.974+0000] {processor.py:840} INFO - DAG(s) 'example_xcom' retrieved from /home/airflow/.local/lib/python3.12/site-packages/airflow/example_dags/example_xcom.py
[2026-06-24T06:43:54.047+0000] {logging_mixin.py:188} INFO - [2026-06-24T06:43:54.047+0000] {dag.py:3096} INFO - Sync 1 DAGs
[2026-06-24T06:43:54.107+0000] {logging_mixin.py:188} INFO - [2026-06-24T06:43:54.106+0000] {dag.py:3954} INFO - Setting next_dagrun for example_xcom to 2021-01-01 00:00:00+00:00, run_after=2021-01-01 00:00:00+00:00
[2026-06-24T06:43:54.190+0000] {processor.py:183} INFO - Processing /home/airflow/.local/lib/python3.12/site-packages/airflow/example_dags/example_xcom.py took 0.379 seconds
[2026-06-24T06:46:34.381+0000] {processor.py:161} INFO - Started process (PID=112) to work on /home/airflow/.local/lib/python3.12/site-packages/airflow/example_dags/example_xcom.py
[2026-06-24T06:46:34.386+0000] {processor.py:830} INFO - Processing file /home/airflow/.local/lib/python3.12/site-packages/airflow/example_dags/example_xcom.py for tasks to queue
[2026-06-24T06:46:34.391+0000] {logging_mixin.py:188} INFO - [2026-06-24T06:46:34.390+0000] {dagbag.py:545} INFO - Filling up the DagBag from /home/airflow/.local/lib/python3.12/site-packages/airflow/example_dags/example_xcom.py
[2026-06-24T06:46:34.412+0000] {processor.py:840} INFO - DAG(s) 'example_xcom' retrieved from /home/airflow/.local/lib/python3.12/site-packages/airflow/example_dags/example_xcom.py
[2026-06-24T06:46:34.794+0000] {logging_mixin.py:188} INFO - [2026-06-24T06:46:34.793+0000] {override.py:1829} INFO - Created Permission View: can delete on DAG:example_xcom
[2026-06-24T06:46:34.846+0000] {logging_mixin.py:188} INFO - [2026-06-24T06:46:34.845+0000] {override.py:1829} INFO - Created Permission View: can edit on DAG:example_xcom
[2026-06-24T06:46:34.867+0000] {logging_mixin.py:188} INFO - [2026-06-24T06:46:34.867+0000] {override.py:1829} INFO - Created Permission View: can read on DAG:example_xcom
[2026-06-24T06:46:34.870+0000] {logging_mixin.py:188} INFO - [2026-06-24T06:46:34.870+0000] {dag.py:3096} INFO - Sync 1 DAGs
[2026-06-24T06:46:34.936+0000] {logging_mixin.py:188} INFO - [2026-06-24T06:46:34.935+0000] {dag.py:3118} INFO - Creating ORM DAG for example_xcom
[2026-06-24T06:46:34.977+0000] {logging_mixin.py:188} INFO - [2026-06-24T06:46:34.977+0000] {dag.py:3954} INFO - Setting next_dagrun for example_xcom to 2021-01-01 00:00:00+00:00, run_after=2021-01-01 00:00:00+00:00
[2026-06-24T06:46:35.053+0000] {processor.py:183} INFO - Processing /home/airflow/.local/lib/python3.12/site-packages/airflow/example_dags/example_xcom.py took 0.703 seconds
[2026-06-24T06:47:05.959+0000] {processor.py:161} INFO - Started process (PID=171) to work on /home/airflow/.local/lib/python3.12/site-packages/airflow/example_dags/example_xcom.py
[2026-06-24T06:47:05.965+0000] {processor.py:830} INFO - Processing file /home/airflow/.local/lib/python3.12/site-packages/airflow/example_dags/example_xcom.py for tasks to queue
[2026-06-24T06:47:05.968+0000] {logging_mixin.py:188} INFO - [2026-06-24T06:47:05.967+0000] {dagbag.py:545} INFO - Filling up the DagBag from /home/airflow/.local/lib/python3.12/site-packages/airflow/example_dags/example_xcom.py
[2026-06-24T06:47:05.992+0000] {processor.py:840} INFO - DAG(s) 'example_xcom' retrieved from /home/airflow/.local/lib/python3.12/site-packages/airflow/example_dags/example_xcom.py
[2026-06-24T06:47:06.031+0000] {logging_mixin.py:188} INFO - [2026-06-24T06:47:06.030+0000] {dag.py:3096} INFO - Sync 1 DAGs
[2026-06-24T06:47:06.071+0000] {logging_mixin.py:188} INFO - [2026-06-24T06:47:06.070+0000] {dag.py:3954} INFO - Setting next_dagrun for example_xcom to 2021-01-01 00:00:00+00:00, run_after=2021-01-01 00:00:00+00:00
[2026-06-24T06:47:06.096+0000] {processor.py:183} INFO - Processing /home/airflow/.local/lib/python3.12/site-packages/airflow/example_dags/example_xcom.py took 0.153 seconds
[2026-06-24T06:47:36.900+0000] {processor.py:161} INFO - Started process (PID=230) to work on /home/airflow/.local/lib/python3.12/site-packages/airflow/example_dags/example_xcom.py
[2026-06-24T06:47:36.902+0000] {processor.py:830} INFO - Processing file /home/airflow/.local/lib/python3.12/site-packages/airflow/example_dags/example_xcom.py for tasks to queue
[2026-06-24T06:47:36.904+0000] {logging_mixin.py:188} INFO - [2026-06-24T06:47:36.903+0000] {dagbag.py:545} INFO - Filling up the DagBag from /home/airflow/.local/lib/python3.12/site-packages/airflow/example_dags/example_xcom.py
[2026-06-24T06:47:36.913+0000] {processor.py:840} INFO - DAG(s) 'example_xcom' retrieved from /home/airflow/.local/lib/python3.12/site-packages/airflow/example_dags/example_xcom.py
[2026-06-24T06:47:36.945+0000] {logging_mixin.py:188} INFO - [2026-06-24T06:47:36.944+0000] {dag.py:3096} INFO - Sync 1 DAGs
[2026-06-24T06:47:36.974+0000] {logging_mixin.py:188} INFO - [2026-06-24T06:47:36.974+0000] {dag.py:3954} INFO - Setting next_dagrun for example_xcom to 2021-01-01 00:00:00+00:00, run_after=2021-01-01 00:00:00+00:00
[2026-06-24T06:47:37.000+0000] {processor.py:183} INFO - Processing /home/airflow/.local/lib/python3.12/site-packages/airflow/example_dags/example_xcom.py took 0.106 seconds
[2026-06-24T06:48:07.473+0000] {processor.py:161} INFO - Started process (PID=289) to work on /home/airflow/.local/lib/python3.12/site-packages/airflow/example_dags/example_xcom.py
[2026-06-24T06:48:07.474+0000] {processor.py:830} INFO - Processing file /home/airflow/.local/lib/python3.12/site-packages/airflow/example_dags/example_xcom.py for tasks to queue
[2026-06-24T06:48:07.476+0000] {logging_mixin.py:188} INFO - [2026-06-24T06:48:07.475+0000] {dagbag.py:545} INFO - Filling up the DagBag from /home/airflow/.local/lib/python3.12/site-packages/airflow/example_dags/example_xcom.py
[2026-06-24T06:48:07.485+0000] {processor.py:840} INFO - DAG(s) 'example_xcom' retrieved from /home/airflow/.local/lib/python3.12/site-packages/airflow/example_dags/example_xcom.py
[2026-06-24T06:48:07.517+0000] {logging_mixin.py:188} INFO - [2026-06-24T06:48:07.517+0000] {dag.py:3096} INFO - Sync 1 DAGs
[2026-06-24T06:48:07.559+0000] {logging_mixin.py:188} INFO - [2026-06-24T06:48:07.558+0000] {dag.py:3954} INFO - Setting next_dagrun for example_xcom to 2021-01-01 00:00:00+00:00, run_after=2021-01-01 00:00:00+00:00
[2026-06-24T06:48:07.580+0000] {processor.py:183} INFO - Processing /home/airflow/.local/lib/python3.12/site-packages/airflow/example_dags/example_xcom.py took 0.114 seconds
[2026-06-24T06:48:37.888+0000] {processor.py:161} INFO - Started process (PID=348) to work on /home/airflow/.local/lib/python3.12/site-packages/airflow/example_dags/example_xcom.py
[2026-06-24T06:48:37.903+0000] {processor.py:830} INFO - Processing file /home/airflow/.local/lib/python3.12/site-packages/airflow/example_dags/example_xcom.py for tasks to queue
[2026-06-24T06:48:37.916+0000] {logging_mixin.py:188} INFO - [2026-06-24T06:48:37.913+0000] {dagbag.py:545} INFO - Filling up the DagBag from /home/airflow/.local/lib/python3.12/site-packages/airflow/example_dags/example_xcom.py
[2026-06-24T06:48:37.972+0000] {processor.py:840} INFO - DAG(s) 'example_xcom' retrieved from /home/airflow/.local/lib/python3.12/site-packages/airflow/example_dags/example_xcom.py
[2026-06-24T06:48:38.113+0000] {logging_mixin.py:188} INFO - [2026-06-24T06:48:38.112+0000] {dag.py:3096} INFO - Sync 1 DAGs
[2026-06-24T06:48:38.267+0000] {logging_mixin.py:188} INFO - [2026-06-24T06:48:38.267+0000] {dag.py:3954} INFO - Setting next_dagrun for example_xcom to 2021-01-01 00:00:00+00:00, run_after=2021-01-01 00:00:00+00:00
[2026-06-24T06:48:38.376+0000] {processor.py:183} INFO - Processing /home/airflow/.local/lib/python3.12/site-packages/airflow/example_dags/example_xcom.py took 0.532 seconds
[2026-06-24T06:49:08.642+0000] {processor.py:161} INFO - Started process (PID=407) to work on /home/airflow/.local/lib/python3.12/site-packages/airflow/example_dags/example_xcom.py
[2026-06-24T06:49:08.646+0000] {processor.py:830} INFO - Processing file /home/airflow/.local/lib/python3.12/site-packages/airflow/example_dags/example_xcom.py for tasks to queue
[2026-06-24T06:49:08.651+0000] {logging_mixin.py:188} INFO - [2026-06-24T06:49:08.651+0000] {dagbag.py:545} INFO - Filling up the DagBag from /home/airflow/.local/lib/python3.12/site-packages/airflow/example_dags/example_xcom.py
[2026-06-24T06:49:08.679+0000] {processor.py:840} INFO - DAG(s) 'example_xcom' retrieved from /home/airflow/.local/lib/python3.12/site-packages/airflow/example_dags/example_xcom.py
[2026-06-24T06:49:08.776+0000] {logging_mixin.py:188} INFO - [2026-06-24T06:49:08.773+0000] {dag.py:3096} INFO - Sync 1 DAGs
[2026-06-24T06:49:08.847+0000] {logging_mixin.py:188} INFO - [2026-06-24T06:49:08.844+0000] {dag.py:3954} INFO - Setting next_dagrun for example_xcom to 2021-01-01 00:00:00+00:00, run_after=2021-01-01 00:00:00+00:00
[2026-06-24T06:49:08.903+0000] {processor.py:183} INFO - Processing /home/airflow/.local/lib/python3.12/site-packages/airflow/example_dags/example_xcom.py took 0.284 seconds
[2026-06-24T06:49:39.094+0000] {processor.py:161} INFO - Started process (PID=466) to work on /home/airflow/.local/lib/python3.12/site-packages/airflow/example_dags/example_xcom.py
[2026-06-24T06:49:39.095+0000] {processor.py:830} INFO - Processing file /home/airflow/.local/lib/python3.12/site-packages/airflow/example_dags/example_xcom.py for tasks to queue
[2026-06-24T06:49:39.097+0000] {logging_mixin.py:188} INFO - [2026-06-24T06:49:39.097+0000] {dagbag.py:545} INFO - Filling up the DagBag from /home/airflow/.local/lib/python3.12/site-packages/airflow/example_dags/example_xcom.py
[2026-06-24T06:49:39.104+0000] {processor.py:840} INFO - DAG(s) 'example_xcom' retrieved from /home/airflow/.local/lib/python3.12/site-packages/airflow/example_dags/example_xcom.py
[2026-06-24T06:49:39.123+0000] {logging_mixin.py:188} INFO - [2026-06-24T06:49:39.123+0000] {dag.py:3096} INFO - Sync 1 DAGs
[2026-06-24T06:49:39.142+0000] {logging_mixin.py:188} INFO - [2026-06-24T06:49:39.142+0000] {dag.py:3954} INFO - Setting next_dagrun for example_xcom to 2021-01-01 00:00:00+00:00, run_after=2021-01-01 00:00:00+00:00
[2026-06-24T06:49:39.159+0000] {processor.py:183} INFO - Processing /home/airflow/.local/lib/python3.12/site-packages/airflow/example_dags/example_xcom.py took 0.070 seconds
[2026-06-24T06:50:10.089+0000] {processor.py:161} INFO - Started process (PID=524) to work on /home/airflow/.local/lib/python3.12/site-packages/airflow/example_dags/example_xcom.py
[2026-06-24T06:50:10.090+0000] {processor.py:830} INFO - Processing file /home/airflow/.local/lib/python3.12/site-packages/airflow/example_dags/example_xcom.py for tasks to queue
[2026-06-24T06:50:10.092+0000] {logging_mixin.py:188} INFO - [2026-06-24T06:50:10.092+0000] {dagbag.py:545} INFO - Filling up the DagBag from /home/airflow/.local/lib/python3.12/site-packages/airflow/example_dags/example_xcom.py
[2026-06-24T06:50:10.102+0000] {processor.py:840} INFO - DAG(s) 'example_xcom' retrieved from /home/airflow/.local/lib/python3.12/site-packages/airflow/example_dags/example_xcom.py
[2026-06-24T06:50:10.130+0000] {logging_mixin.py:188} INFO - [2026-06-24T06:50:10.130+0000] {dag.py:3096} INFO - Sync 1 DAGs
[2026-06-24T06:50:10.158+0000] {logging_mixin.py:188} INFO - [2026-06-24T06:50:10.158+0000] {dag.py:3954} INFO - Setting next_dagrun for example_xcom to 2021-01-01 00:00:00+00:00, run_after=2021-01-01 00:00:00+00:00
[2026-06-24T06:50:10.179+0000] {processor.py:183} INFO - Processing /home/airflow/.local/lib/python3.12/site-packages/airflow/example_dags/example_xcom.py took 0.098 seconds
[2026-06-24T06:50:41.215+0000] {processor.py:161} INFO - Started process (PID=583) to work on /home/airflow/.local/lib/python3.12/site-packages/airflow/example_dags/example_xcom.py
[2026-06-24T06:50:41.217+0000] {processor.py:830} INFO - Processing file /home/airflow/.local/lib/python3.12/site-packages/airflow/example_dags/example_xcom.py for tasks to queue
[2026-06-24T06:50:41.222+0000] {logging_mixin.py:188} INFO - [2026-06-24T06:50:41.222+0000] {dagbag.py:545} INFO - Filling up the DagBag from /home/airflow/.local/lib/python3.12/site-packages/airflow/example_dags/example_xcom.py
[2026-06-24T06:50:41.242+0000] {processor.py:840} INFO - DAG(s) 'example_xcom' retrieved from /home/airflow/.local/lib/python3.12/site-packages/airflow/example_dags/example_xcom.py
[2026-06-24T06:50:41.292+0000] {logging_mixin.py:188} INFO - [2026-06-24T06:50:41.292+0000] {dag.py:3096} INFO - Sync 1 DAGs
[2026-06-24T06:50:41.321+0000] {logging_mixin.py:188} INFO - [2026-06-24T06:50:41.320+0000] {dag.py:3954} INFO - Setting next_dagrun for example_xcom to 2021-01-01 00:00:00+00:00, run_after=2021-01-01 00:00:00+00:00
[2026-06-24T06:50:41.344+0000] {processor.py:183} INFO - Processing /home/airflow/.local/lib/python3.12/site-packages/airflow/example_dags/example_xcom.py took 0.155 seconds
[2026-06-24T06:51:12.225+0000] {processor.py:161} INFO - Started process (PID=642) to work on /home/airflow/.local/lib/python3.12/site-packages/airflow/example_dags/example_xcom.py
[2026-06-24T06:51:12.226+0000] {processor.py:830} INFO - Processing file /home/airflow/.local/lib/python3.12/site-packages/airflow/example_dags/example_xcom.py for tasks to queue
[2026-06-24T06:51:12.228+0000] {logging_mixin.py:188} INFO - [2026-06-24T06:51:12.228+0000] {dagbag.py:545} INFO - Filling up the DagBag from /home/airflow/.local/lib/python3.12/site-packages/airflow/example_dags/example_xcom.py
[2026-06-24T06:51:12.239+0000] {processor.py:840} INFO - DAG(s) 'example_xcom' retrieved from /home/airflow/.local/lib/python3.12/site-packages/airflow/example_dags/example_xcom.py
[2026-06-24T06:51:12.265+0000] {logging_mixin.py:188} INFO - [2026-06-24T06:51:12.265+0000] {dag.py:3096} INFO - Sync 1 DAGs
[2026-06-24T06:51:12.293+0000] {logging_mixin.py:188} INFO - [2026-06-24T06:51:12.293+0000] {dag.py:3954} INFO - Setting next_dagrun for example_xcom to 2021-01-01 00:00:00+00:00, run_after=2021-01-01 00:00:00+00:00
[2026-06-24T06:51:12.316+0000] {processor.py:183} INFO - Processing /home/airflow/.local/lib/python3.12/site-packages/airflow/example_dags/example_xcom.py took 0.098 seconds
[2026-06-24T06:51:42.890+0000] {processor.py:161} INFO - Started process (PID=701) to work on /home/airflow/.local/lib/python3.12/site-packages/airflow/example_dags/example_xcom.py
[2026-06-24T06:51:42.891+0000] {processor.py:830} INFO - Processing file /home/airflow/.local/lib/python3.12/site-packages/airflow/example_dags/example_xcom.py for tasks to queue
[2026-06-24T06:51:42.894+0000] {logging_mixin.py:188} INFO - [2026-06-24T06:51:42.893+0000] {dagbag.py:545} INFO - Filling up the DagBag from /home/airflow/.local/lib/python3.12/site-packages/airflow/example_dags/example_xcom.py
[2026-06-24T06:51:42.904+0000] {processor.py:840} INFO - DAG(s) 'example_xcom' retrieved from /home/airflow/.local/lib/python3.12/site-packages/airflow/example_dags/example_xcom.py
[2026-06-24T06:51:42.934+0000] {logging_mixin.py:188} INFO - [2026-06-24T06:51:42.934+0000] {dag.py:3096} INFO - Sync 1 DAGs
[2026-06-24T06:51:42.967+0000] {logging_mixin.py:188} INFO - [2026-06-24T06:51:42.967+0000] {dag.py:3954} INFO - Setting next_dagrun for example_xcom to 2021-01-01 00:00:00+00:00, run_after=2021-01-01 00:00:00+00:00
[2026-06-24T06:51:42.993+0000] {processor.py:183} INFO - Processing /home/airflow/.local/lib/python3.12/site-packages/airflow/example_dags/example_xcom.py took 0.111 seconds
[2026-06-24T06:52:13.845+0000] {processor.py:161} INFO - Started process (PID=760) to work on /home/airflow/.local/lib/python3.12/site-packages/airflow/example_dags/example_xcom.py
[2026-06-24T06:52:13.846+0000] {processor.py:830} INFO - Processing file /home/airflow/.local/lib/python3.12/site-packages/airflow/example_dags/example_xcom.py for tasks to queue
[2026-06-24T06:52:13.848+0000] {logging_mixin.py:188} INFO - [2026-06-24T06:52:13.848+0000] {dagbag.py:545} INFO - Filling up the DagBag from /home/airflow/.local/lib/python3.12/site-packages/airflow/example_dags/example_xcom.py
[2026-06-24T06:52:13.859+0000] {processor.py:840} INFO - DAG(s) 'example_xcom' retrieved from /home/airflow/.local/lib/python3.12/site-packages/airflow/example_dags/example_xcom.py
[2026-06-24T06:52:13.946+0000] {logging_mixin.py:188} INFO - [2026-06-24T06:52:13.945+0000] {dag.py:3096} INFO - Sync 1 DAGs
[2026-06-24T06:52:14.038+0000] {logging_mixin.py:188} INFO - [2026-06-24T06:52:14.038+0000] {dag.py:3954} INFO - Setting next_dagrun for example_xcom to 2021-01-01 00:00:00+00:00, run_after=2021-01-01 00:00:00+00:00
[2026-06-24T06:52:14.146+0000] {processor.py:183} INFO - Processing /home/airflow/.local/lib/python3.12/site-packages/airflow/example_dags/example_xcom.py took 0.332 seconds
[2026-06-24T06:52:44.898+0000] {processor.py:161} INFO - Started process (PID=819) to work on /home/airflow/.local/lib/python3.12/site-packages/airflow/example_dags/example_xcom.py
[2026-06-24T06:52:44.900+0000] {processor.py:830} INFO - Processing file /home/airflow/.local/lib/python3.12/site-packages/airflow/example_dags/example_xcom.py for tasks to queue
[2026-06-24T06:52:44.906+0000] {logging_mixin.py:188} INFO - [2026-06-24T06:52:44.906+0000] {dagbag.py:545} INFO - Filling up the DagBag from /home/airflow/.local/lib/python3.12/site-packages/airflow/example_dags/example_xcom.py
[2026-06-24T06:52:44.929+0000] {processor.py:840} INFO - DAG(s) 'example_xcom' retrieved from /home/airflow/.local/lib/python3.12/site-packages/airflow/example_dags/example_xcom.py
[2026-06-24T06:52:44.979+0000] {logging_mixin.py:188} INFO - [2026-06-24T06:52:44.979+0000] {dag.py:3096} INFO - Sync 1 DAGs
[2026-06-24T06:52:45.010+0000] {logging_mixin.py:188} INFO - [2026-06-24T06:52:45.010+0000] {dag.py:3954} INFO - Setting next_dagrun for example_xcom to 2021-01-01 00:00:00+00:00, run_after=2021-01-01 00:00:00+00:00
[2026-06-24T06:52:45.031+0000] {processor.py:183} INFO - Processing /home/airflow/.local/lib/python3.12/site-packages/airflow/example_dags/example_xcom.py took 0.163 seconds
[2026-06-24T06:53:15.174+0000] {processor.py:161} INFO - Started process (PID=877) to work on /home/airflow/.local/lib/python3.12/site-packages/airflow/example_dags/example_xcom.py
[2026-06-24T06:53:15.174+0000] {processor.py:830} INFO - Processing file /home/airflow/.local/lib/python3.12/site-packages/airflow/example_dags/example_xcom.py for tasks to queue
[2026-06-24T06:53:15.176+0000] {logging_mixin.py:188} INFO - [2026-06-24T06:53:15.176+0000] {dagbag.py:545} INFO - Filling up the DagBag from /home/airflow/.local/lib/python3.12/site-packages/airflow/example_dags/example_xcom.py
[2026-06-24T06:53:15.185+0000] {processor.py:840} INFO - DAG(s) 'example_xcom' retrieved from /home/airflow/.local/lib/python3.12/site-packages/airflow/example_dags/example_xcom.py
[2026-06-24T06:53:15.205+0000] {logging_mixin.py:188} INFO - [2026-06-24T06:53:15.205+0000] {dag.py:3096} INFO - Sync 1 DAGs
[2026-06-24T06:53:15.223+0000] {logging_mixin.py:188} INFO - [2026-06-24T06:53:15.223+0000] {dag.py:3954} INFO - Setting next_dagrun for example_xcom to 2021-01-01 00:00:00+00:00, run_after=2021-01-01 00:00:00+00:00
[2026-06-24T06:53:15.243+0000] {processor.py:183} INFO - Processing /home/airflow/.local/lib/python3.12/site-packages/airflow/example_dags/example_xcom.py took 0.075 seconds
[2026-06-24T06:53:45.547+0000] {processor.py:161} INFO - Started process (PID=936) to work on /home/airflow/.local/lib/python3.12/site-packages/airflow/example_dags/example_xcom.py
[2026-06-24T06:53:45.548+0000] {processor.py:830} INFO - Processing file /home/airflow/.local/lib/python3.12/site-packages/airflow/example_dags/example_xcom.py for tasks to queue
[2026-06-24T06:53:45.550+0000] {logging_mixin.py:188} INFO - [2026-06-24T06:53:45.549+0000] {dagbag.py:545} INFO - Filling up the DagBag from /home/airflow/.local/lib/python3.12/site-packages/airflow/example_dags/example_xcom.py
[2026-06-24T06:53:45.567+0000] {processor.py:840} INFO - DAG(s) 'example_xcom' retrieved from /home/airflow/.local/lib/python3.12/site-packages/airflow/example_dags/example_xcom.py
[2026-06-24T06:53:45.629+0000] {logging_mixin.py:188} INFO - [2026-06-24T06:53:45.628+0000] {dag.py:3096} INFO - Sync 1 DAGs
[2026-06-24T06:53:45.676+0000] {logging_mixin.py:188} INFO - [2026-06-24T06:53:45.676+0000] {dag.py:3954} INFO - Setting next_dagrun for example_xcom to 2021-01-01 00:00:00+00:00, run_after=2021-01-01 00:00:00+00:00
[2026-06-24T06:53:45.702+0000] {processor.py:183} INFO - Processing /home/airflow/.local/lib/python3.12/site-packages/airflow/example_dags/example_xcom.py took 0.162 seconds
[2026-06-24T06:54:15.919+0000] {processor.py:161} INFO - Started process (PID=995) to work on /home/airflow/.local/lib/python3.12/site-packages/airflow/example_dags/example_xcom.py
[2026-06-24T06:54:15.920+0000] {processor.py:830} INFO - Processing file /home/airflow/.local/lib/python3.12/site-packages/airflow/example_dags/example_xcom.py for tasks to queue
[2026-06-24T06:54:15.922+0000] {logging_mixin.py:188} INFO - [2026-06-24T06:54:15.922+0000] {dagbag.py:545} INFO - Filling up the DagBag from /home/airflow/.local/lib/python3.12/site-packages/airflow/example_dags/example_xcom.py
[2026-06-24T06:54:15.932+0000] {processor.py:840} INFO - DAG(s) 'example_xcom' retrieved from /home/airflow/.local/lib/python3.12/site-packages/airflow/example_dags/example_xcom.py
[2026-06-24T06:54:15.960+0000] {logging_mixin.py:188} INFO - [2026-06-24T06:54:15.959+0000] {dag.py:3096} INFO - Sync 1 DAGs
[2026-06-24T06:54:15.988+0000] {logging_mixin.py:188} INFO - [2026-06-24T06:54:15.988+0000] {dag.py:3954} INFO - Setting next_dagrun for example_xcom to 2021-01-01 00:00:00+00:00, run_after=2021-01-01 00:00:00+00:00
[2026-06-24T06:54:16.015+0000] {processor.py:183} INFO - Processing /home/airflow/.local/lib/python3.12/site-packages/airflow/example_dags/example_xcom.py took 0.103 seconds
[2026-06-24T06:54:46.608+0000] {processor.py:161} INFO - Started process (PID=1054) to work on /home/airflow/.local/lib/python3.12/site-packages/airflow/example_dags/example_xcom.py
[2026-06-24T06:54:46.608+0000] {processor.py:830} INFO - Processing file /home/airflow/.local/lib/python3.12/site-packages/airflow/example_dags/example_xcom.py for tasks to queue
[2026-06-24T06:54:46.611+0000] {logging_mixin.py:188} INFO - [2026-06-24T06:54:46.610+0000] {dagbag.py:545} INFO - Filling up the DagBag from /home/airflow/.local/lib/python3.12/site-packages/airflow/example_dags/example_xcom.py
[2026-06-24T06:54:46.621+0000] {processor.py:840} INFO - DAG(s) 'example_xcom' retrieved from /home/airflow/.local/lib/python3.12/site-packages/airflow/example_dags/example_xcom.py
[2026-06-24T06:54:46.651+0000] {logging_mixin.py:188} INFO - [2026-06-24T06:54:46.651+0000] {dag.py:3096} INFO - Sync 1 DAGs
[2026-06-24T06:54:46.685+0000] {logging_mixin.py:188} INFO - [2026-06-24T06:54:46.684+0000] {dag.py:3954} INFO - Setting next_dagrun for example_xcom to 2021-01-01 00:00:00+00:00, run_after=2021-01-01 00:00:00+00:00
[2026-06-24T06:54:46.711+0000] {processor.py:183} INFO - Processing /home/airflow/.local/lib/python3.12/site-packages/airflow/example_dags/example_xcom.py took 0.110 seconds
[2026-06-24T06:55:17.354+0000] {processor.py:161} INFO - Started process (PID=1113) to work on /home/airflow/.local/lib/python3.12/site-packages/airflow/example_dags/example_xcom.py
[2026-06-24T06:55:17.358+0000] {processor.py:830} INFO - Processing file /home/airflow/.local/lib/python3.12/site-packages/airflow/example_dags/example_xcom.py for tasks to queue
[2026-06-24T06:55:17.366+0000] {logging_mixin.py:188} INFO - [2026-06-24T06:55:17.366+0000] {dagbag.py:545} INFO - Filling up the DagBag from /home/airflow/.local/lib/python3.12/site-packages/airflow/example_dags/example_xcom.py
[2026-06-24T06:55:17.404+0000] {processor.py:840} INFO - DAG(s) 'example_xcom' retrieved from /home/airflow/.local/lib/python3.12/site-packages/airflow/example_dags/example_xcom.py
[2026-06-24T06:55:17.516+0000] {logging_mixin.py:188} INFO - [2026-06-24T06:55:17.516+0000] {dag.py:3096} INFO - Sync 1 DAGs
[2026-06-24T06:55:17.601+0000] {logging_mixin.py:188} INFO - [2026-06-24T06:55:17.601+0000] {dag.py:3954} INFO - Setting next_dagrun for example_xcom to 2021-01-01 00:00:00+00:00, run_after=2021-01-01 00:00:00+00:00
[2026-06-24T06:55:17.680+0000] {processor.py:183} INFO - Processing /home/airflow/.local/lib/python3.12/site-packages/airflow/example_dags/example_xcom.py took 0.353 seconds
[2026-06-24T06:55:47.929+0000] {processor.py:161} INFO - Started process (PID=1172) to work on /home/airflow/.local/lib/python3.12/site-packages/airflow/example_dags/example_xcom.py
[2026-06-24T06:55:47.930+0000] {processor.py:830} INFO - Processing file /home/airflow/.local/lib/python3.12/site-packages/airflow/example_dags/example_xcom.py for tasks to queue
[2026-06-24T06:55:47.932+0000] {logging_mixin.py:188} INFO - [2026-06-24T06:55:47.932+0000] {dagbag.py:545} INFO - Filling up the DagBag from /home/airflow/.local/lib/python3.12/site-packages/airflow/example_dags/example_xcom.py
[2026-06-24T06:55:47.942+0000] {processor.py:840} INFO - DAG(s) 'example_xcom' retrieved from /home/airflow/.local/lib/python3.12/site-packages/airflow/example_dags/example_xcom.py
[2026-06-24T06:55:47.970+0000] {logging_mixin.py:188} INFO - [2026-06-24T06:55:47.970+0000] {dag.py:3096} INFO - Sync 1 DAGs
[2026-06-24T06:55:48.003+0000] {logging_mixin.py:188} INFO - [2026-06-24T06:55:48.003+0000] {dag.py:3954} INFO - Setting next_dagrun for example_xcom to 2021-01-01 00:00:00+00:00, run_after=2021-01-01 00:00:00+00:00
[2026-06-24T06:55:48.032+0000] {processor.py:183} INFO - Processing /home/airflow/.local/lib/python3.12/site-packages/airflow/example_dags/example_xcom.py took 0.109 seconds
[2026-06-24T06:56:18.110+0000] {processor.py:161} INFO - Started process (PID=1229) to work on /home/airflow/.local/lib/python3.12/site-packages/airflow/example_dags/example_xcom.py
[2026-06-24T06:56:18.111+0000] {processor.py:830} INFO - Processing file /home/airflow/.local/lib/python3.12/site-packages/airflow/example_dags/example_xcom.py for tasks to queue
[2026-06-24T06:56:18.114+0000] {logging_mixin.py:188} INFO - [2026-06-24T06:56:18.114+0000] {dagbag.py:545} INFO - Filling up the DagBag from /home/airflow/.local/lib/python3.12/site-packages/airflow/example_dags/example_xcom.py
[2026-06-24T06:56:18.127+0000] {processor.py:840} INFO - DAG(s) 'example_xcom' retrieved from /home/airflow/.local/lib/python3.12/site-packages/airflow/example_dags/example_xcom.py
[2026-06-24T06:56:18.172+0000] {logging_mixin.py:188} INFO - [2026-06-24T06:56:18.172+0000] {dag.py:3096} INFO - Sync 1 DAGs
[2026-06-24T06:56:18.204+0000] {logging_mixin.py:188} INFO - [2026-06-24T06:56:18.204+0000] {dag.py:3954} INFO - Setting next_dagrun for example_xcom to 2021-01-01 00:00:00+00:00, run_after=2021-01-01 00:00:00+00:00
[2026-06-24T06:56:18.224+0000] {processor.py:183} INFO - Processing /home/airflow/.local/lib/python3.12/site-packages/airflow/example_dags/example_xcom.py took 0.121 seconds
[2026-06-24T06:56:49.107+0000] {processor.py:161} INFO - Started process (PID=1288) to work on /home/airflow/.local/lib/python3.12/site-packages/airflow/example_dags/example_xcom.py
[2026-06-24T06:56:49.108+0000] {processor.py:830} INFO - Processing file /home/airflow/.local/lib/python3.12/site-packages/airflow/example_dags/example_xcom.py for tasks to queue
[2026-06-24T06:56:49.111+0000] {logging_mixin.py:188} INFO - [2026-06-24T06:56:49.110+0000] {dagbag.py:545} INFO - Filling up the DagBag from /home/airflow/.local/lib/python3.12/site-packages/airflow/example_dags/example_xcom.py
[2026-06-24T06:56:49.120+0000] {processor.py:840} INFO - DAG(s) 'example_xcom' retrieved from /home/airflow/.local/lib/python3.12/site-packages/airflow/example_dags/example_xcom.py
[2026-06-24T06:56:49.148+0000] {logging_mixin.py:188} INFO - [2026-06-24T06:56:49.148+0000] {dag.py:3096} INFO - Sync 1 DAGs
[2026-06-24T06:56:49.177+0000] {logging_mixin.py:188} INFO - [2026-06-24T06:56:49.177+0000] {dag.py:3954} INFO - Setting next_dagrun for example_xcom to 2021-01-01 00:00:00+00:00, run_after=2021-01-01 00:00:00+00:00
[2026-06-24T06:56:49.198+0000] {processor.py:183} INFO - Processing /home/airflow/.local/lib/python3.12/site-packages/airflow/example_dags/example_xcom.py took 0.097 seconds
[2026-06-24T06:57:19.720+0000] {processor.py:161} INFO - Started process (PID=1347) to work on /home/airflow/.local/lib/python3.12/site-packages/airflow/example_dags/example_xcom.py
[2026-06-24T06:57:19.725+0000] {processor.py:830} INFO - Processing file /home/airflow/.local/lib/python3.12/site-packages/airflow/example_dags/example_xcom.py for tasks to queue
[2026-06-24T06:57:19.731+0000] {logging_mixin.py:188} INFO - [2026-06-24T06:57:19.731+0000] {dagbag.py:545} INFO - Filling up the DagBag from /home/airflow/.local/lib/python3.12/site-packages/airflow/example_dags/example_xcom.py
[2026-06-24T06:57:19.749+0000] {processor.py:840} INFO - DAG(s) 'example_xcom' retrieved from /home/airflow/.local/lib/python3.12/site-packages/airflow/example_dags/example_xcom.py
[2026-06-24T06:57:19.840+0000] {logging_mixin.py:188} INFO - [2026-06-24T06:57:19.838+0000] {dag.py:3096} INFO - Sync 1 DAGs
[2026-06-24T06:57:19.916+0000] {logging_mixin.py:188} INFO - [2026-06-24T06:57:19.913+0000] {dag.py:3954} INFO - Setting next_dagrun for example_xcom to 2021-01-01 00:00:00+00:00, run_after=2021-01-01 00:00:00+00:00
[2026-06-24T06:57:19.959+0000] {processor.py:183} INFO - Processing /home/airflow/.local/lib/python3.12/site-packages/airflow/example_dags/example_xcom.py took 0.250 seconds
[2026-06-24T06:57:50.473+0000] {processor.py:161} INFO - Started process (PID=1406) to work on /home/airflow/.local/lib/python3.12/site-packages/airflow/example_dags/example_xcom.py
[2026-06-24T06:57:50.474+0000] {processor.py:830} INFO - Processing file /home/airflow/.local/lib/python3.12/site-packages/airflow/example_dags/example_xcom.py for tasks to queue
[2026-06-24T06:57:50.476+0000] {logging_mixin.py:188} INFO - [2026-06-24T06:57:50.475+0000] {dagbag.py:545} INFO - Filling up the DagBag from /home/airflow/.local/lib/python3.12/site-packages/airflow/example_dags/example_xcom.py
[2026-06-24T06:57:50.485+0000] {processor.py:840} INFO - DAG(s) 'example_xcom' retrieved from /home/airflow/.local/lib/python3.12/site-packages/airflow/example_dags/example_xcom.py
[2026-06-24T06:57:50.513+0000] {logging_mixin.py:188} INFO - [2026-06-24T06:57:50.512+0000] {dag.py:3096} INFO - Sync 1 DAGs
[2026-06-24T06:57:50.546+0000] {logging_mixin.py:188} INFO - [2026-06-24T06:57:50.546+0000] {dag.py:3954} INFO - Setting next_dagrun for example_xcom to 2021-01-01 00:00:00+00:00, run_after=2021-01-01 00:00:00+00:00
[2026-06-24T06:57:50.567+0000] {processor.py:183} INFO - Processing /home/airflow/.local/lib/python3.12/site-packages/airflow/example_dags/example_xcom.py took 0.102 seconds
[2026-06-24T06:58:20.613+0000] {processor.py:161} INFO - Started process (PID=1465) to work on /home/airflow/.local/lib/python3.12/site-packages/airflow/example_dags/example_xcom.py
[2026-06-24T06:58:20.614+0000] {processor.py:830} INFO - Processing file /home/airflow/.local/lib/python3.12/site-packages/airflow/example_dags/example_xcom.py for tasks to queue
[2026-06-24T06:58:20.615+0000] {logging_mixin.py:188} INFO - [2026-06-24T06:58:20.615+0000] {dagbag.py:545} INFO - Filling up the DagBag from /home/airflow/.local/lib/python3.12/site-packages/airflow/example_dags/example_xcom.py
[2026-06-24T06:58:20.623+0000] {processor.py:840} INFO - DAG(s) 'example_xcom' retrieved from /home/airflow/.local/lib/python3.12/site-packages/airflow/example_dags/example_xcom.py
[2026-06-24T06:58:20.642+0000] {logging_mixin.py:188} INFO - [2026-06-24T06:58:20.642+0000] {dag.py:3096} INFO - Sync 1 DAGs
[2026-06-24T06:58:20.661+0000] {logging_mixin.py:188} INFO - [2026-06-24T06:58:20.661+0000] {dag.py:3954} INFO - Setting next_dagrun for example_xcom to 2021-01-01 00:00:00+00:00, run_after=2021-01-01 00:00:00+00:00
[2026-06-24T06:58:20.683+0000] {processor.py:183} INFO - Processing /home/airflow/.local/lib/python3.12/site-packages/airflow/example_dags/example_xcom.py took 0.075 seconds
[2026-06-24T06:58:50.716+0000] {processor.py:161} INFO - Started process (PID=1524) to work on /home/airflow/.local/lib/python3.12/site-packages/airflow/example_dags/example_xcom.py
[2026-06-24T06:58:50.717+0000] {processor.py:830} INFO - Processing file /home/airflow/.local/lib/python3.12/site-packages/airflow/example_dags/example_xcom.py for tasks to queue
[2026-06-24T06:58:50.718+0000] {logging_mixin.py:188} INFO - [2026-06-24T06:58:50.718+0000] {dagbag.py:545} INFO - Filling up the DagBag from /home/airflow/.local/lib/python3.12/site-packages/airflow/example_dags/example_xcom.py
[2026-06-24T06:58:50.725+0000] {processor.py:840} INFO - DAG(s) 'example_xcom' retrieved from /home/airflow/.local/lib/python3.12/site-packages/airflow/example_dags/example_xcom.py
[2026-06-24T06:58:50.745+0000] {logging_mixin.py:188} INFO - [2026-06-24T06:58:50.745+0000] {dag.py:3096} INFO - Sync 1 DAGs
[2026-06-24T06:58:50.765+0000] {logging_mixin.py:188} INFO - [2026-06-24T06:58:50.765+0000] {dag.py:3954} INFO - Setting next_dagrun for example_xcom to 2021-01-01 00:00:00+00:00, run_after=2021-01-01 00:00:00+00:00
[2026-06-24T06:58:50.781+0000] {processor.py:183} INFO - Processing /home/airflow/.local/lib/python3.12/site-packages/airflow/example_dags/example_xcom.py took 0.071 seconds
[2026-06-24T06:59:22.308+0000] {processor.py:161} INFO - Started process (PID=1583) to work on /home/airflow/.local/lib/python3.12/site-packages/airflow/example_dags/example_xcom.py
[2026-06-24T06:59:22.312+0000] {processor.py:830} INFO - Processing file /home/airflow/.local/lib/python3.12/site-packages/airflow/example_dags/example_xcom.py for tasks to queue
[2026-06-24T06:59:22.319+0000] {logging_mixin.py:188} INFO - [2026-06-24T06:59:22.319+0000] {dagbag.py:545} INFO - Filling up the DagBag from /home/airflow/.local/lib/python3.12/site-packages/airflow/example_dags/example_xcom.py
[2026-06-24T06:59:22.405+0000] {processor.py:840} INFO - DAG(s) 'example_xcom' retrieved from /home/airflow/.local/lib/python3.12/site-packages/airflow/example_dags/example_xcom.py
[2026-06-24T06:59:22.531+0000] {logging_mixin.py:188} INFO - [2026-06-24T06:59:22.530+0000] {dag.py:3096} INFO - Sync 1 DAGs
[2026-06-24T06:59:22.712+0000] {logging_mixin.py:188} INFO - [2026-06-24T06:59:22.712+0000] {dag.py:3954} INFO - Setting next_dagrun for example_xcom to 2021-01-01 00:00:00+00:00, run_after=2021-01-01 00:00:00+00:00
[2026-06-24T06:59:22.839+0000] {processor.py:183} INFO - Processing /home/airflow/.local/lib/python3.12/site-packages/airflow/example_dags/example_xcom.py took 0.557 seconds
[2026-06-24T06:59:54.061+0000] {processor.py:161} INFO - Started process (PID=1642) to work on /home/airflow/.local/lib/python3.12/site-packages/airflow/example_dags/example_xcom.py
[2026-06-24T06:59:54.062+0000] {processor.py:830} INFO - Processing file /home/airflow/.local/lib/python3.12/site-packages/airflow/example_dags/example_xcom.py for tasks to queue
[2026-06-24T06:59:54.064+0000] {logging_mixin.py:188} INFO - [2026-06-24T06:59:54.063+0000] {dagbag.py:545} INFO - Filling up the DagBag from /home/airflow/.local/lib/python3.12/site-packages/airflow/example_dags/example_xcom.py
[2026-06-24T06:59:54.073+0000] {processor.py:840} INFO - DAG(s) 'example_xcom' retrieved from /home/airflow/.local/lib/python3.12/site-packages/airflow/example_dags/example_xcom.py
[2026-06-24T06:59:54.107+0000] {logging_mixin.py:188} INFO - [2026-06-24T06:59:54.107+0000] {dag.py:3096} INFO - Sync 1 DAGs
[2026-06-24T06:59:54.139+0000] {logging_mixin.py:188} INFO - [2026-06-24T06:59:54.139+0000] {dag.py:3954} INFO - Setting next_dagrun for example_xcom to 2021-01-01 00:00:00+00:00, run_after=2021-01-01 00:00:00+00:00
[2026-06-24T06:59:54.517+0000] {processor.py:183} INFO - Processing /home/airflow/.local/lib/python3.12/site-packages/airflow/example_dags/example_xcom.py took 0.469 seconds
[2026-06-24T07:00:25.255+0000] {processor.py:161} INFO - Started process (PID=1702) to work on /home/airflow/.local/lib/python3.12/site-packages/airflow/example_dags/example_xcom.py
[2026-06-24T07:00:25.256+0000] {processor.py:830} INFO - Processing file /home/airflow/.local/lib/python3.12/site-packages/airflow/example_dags/example_xcom.py for tasks to queue
[2026-06-24T07:00:25.258+0000] {logging_mixin.py:188} INFO - [2026-06-24T07:00:25.258+0000] {dagbag.py:545} INFO - Filling up the DagBag from /home/airflow/.local/lib/python3.12/site-packages/airflow/example_dags/example_xcom.py
[2026-06-24T07:00:25.267+0000] {processor.py:840} INFO - DAG(s) 'example_xcom' retrieved from /home/airflow/.local/lib/python3.12/site-packages/airflow/example_dags/example_xcom.py
[2026-06-24T07:00:25.294+0000] {logging_mixin.py:188} INFO - [2026-06-24T07:00:25.294+0000] {dag.py:3096} INFO - Sync 1 DAGs
[2026-06-24T07:00:25.323+0000] {logging_mixin.py:188} INFO - [2026-06-24T07:00:25.322+0000] {dag.py:3954} INFO - Setting next_dagrun for example_xcom to 2021-01-01 00:00:00+00:00, run_after=2021-01-01 00:00:00+00:00
[2026-06-24T07:00:25.599+0000] {processor.py:183} INFO - Processing /home/airflow/.local/lib/python3.12/site-packages/airflow/example_dags/example_xcom.py took 0.351 seconds
[2026-06-24T07:00:56.359+0000] {processor.py:161} INFO - Started process (PID=1760) to work on /home/airflow/.local/lib/python3.12/site-packages/airflow/example_dags/example_xcom.py
[2026-06-24T07:00:56.360+0000] {processor.py:830} INFO - Processing file /home/airflow/.local/lib/python3.12/site-packages/airflow/example_dags/example_xcom.py for tasks to queue
[2026-06-24T07:00:56.362+0000] {logging_mixin.py:188} INFO - [2026-06-24T07:00:56.362+0000] {dagbag.py:545} INFO - Filling up the DagBag from /home/airflow/.local/lib/python3.12/site-packages/airflow/example_dags/example_xcom.py
[2026-06-24T07:00:56.370+0000] {processor.py:840} INFO - DAG(s) 'example_xcom' retrieved from /home/airflow/.local/lib/python3.12/site-packages/airflow/example_dags/example_xcom.py
[2026-06-24T07:00:56.397+0000] {logging_mixin.py:188} INFO - [2026-06-24T07:00:56.396+0000] {dag.py:3096} INFO - Sync 1 DAGs
[2026-06-24T07:00:56.464+0000] {logging_mixin.py:188} INFO - [2026-06-24T07:00:56.463+0000] {dag.py:3954} INFO - Setting next_dagrun for example_xcom to 2021-01-01 00:00:00+00:00, run_after=2021-01-01 00:00:00+00:00
[2026-06-24T07:00:56.525+0000] {processor.py:183} INFO - Processing /home/airflow/.local/lib/python3.12/site-packages/airflow/example_dags/example_xcom.py took 0.173 seconds
[2026-06-24T07:01:26.771+0000] {processor.py:161} INFO - Started process (PID=1819) to work on /home/airflow/.local/lib/python3.12/site-packages/airflow/example_dags/example_xcom.py
[2026-06-24T07:01:26.772+0000] {processor.py:830} INFO - Processing file /home/airflow/.local/lib/python3.12/site-packages/airflow/example_dags/example_xcom.py for tasks to queue
[2026-06-24T07:01:26.774+0000] {logging_mixin.py:188} INFO - [2026-06-24T07:01:26.774+0000] {dagbag.py:545} INFO - Filling up the DagBag from /home/airflow/.local/lib/python3.12/site-packages/airflow/example_dags/example_xcom.py
[2026-06-24T07:01:26.784+0000] {processor.py:840} INFO - DAG(s) 'example_xcom' retrieved from /home/airflow/.local/lib/python3.12/site-packages/airflow/example_dags/example_xcom.py
[2026-06-24T07:01:26.812+0000] {logging_mixin.py:188} INFO - [2026-06-24T07:01:26.811+0000] {dag.py:3096} INFO - Sync 1 DAGs
[2026-06-24T07:01:26.842+0000] {logging_mixin.py:188} INFO - [2026-06-24T07:01:26.841+0000] {dag.py:3954} INFO - Setting next_dagrun for example_xcom to 2021-01-01 00:00:00+00:00, run_after=2021-01-01 00:00:00+00:00
[2026-06-24T07:01:26.864+0000] {processor.py:183} INFO - Processing /home/airflow/.local/lib/python3.12/site-packages/airflow/example_dags/example_xcom.py took 0.100 seconds
[2026-06-24T07:01:57.787+0000] {processor.py:161} INFO - Started process (PID=1878) to work on /home/airflow/.local/lib/python3.12/site-packages/airflow/example_dags/example_xcom.py
[2026-06-24T07:01:57.788+0000] {processor.py:830} INFO - Processing file /home/airflow/.local/lib/python3.12/site-packages/airflow/example_dags/example_xcom.py for tasks to queue
[2026-06-24T07:01:57.790+0000] {logging_mixin.py:188} INFO - [2026-06-24T07:01:57.790+0000] {dagbag.py:545} INFO - Filling up the DagBag from /home/airflow/.local/lib/python3.12/site-packages/airflow/example_dags/example_xcom.py
[2026-06-24T07:01:57.800+0000] {processor.py:840} INFO - DAG(s) 'example_xcom' retrieved from /home/airflow/.local/lib/python3.12/site-packages/airflow/example_dags/example_xcom.py
[2026-06-24T07:01:57.827+0000] {logging_mixin.py:188} INFO - [2026-06-24T07:01:57.827+0000] {dag.py:3096} INFO - Sync 1 DAGs
[2026-06-24T07:01:57.858+0000] {logging_mixin.py:188} INFO - [2026-06-24T07:01:57.857+0000] {dag.py:3954} INFO - Setting next_dagrun for example_xcom to 2021-01-01 00:00:00+00:00, run_after=2021-01-01 00:00:00+00:00
[2026-06-24T07:01:57.882+0000] {processor.py:183} INFO - Processing /home/airflow/.local/lib/python3.12/site-packages/airflow/example_dags/example_xcom.py took 0.103 seconds
[2026-06-24T07:02:28.259+0000] {processor.py:161} INFO - Started process (PID=1937) to work on /home/airflow/.local/lib/python3.12/site-packages/airflow/example_dags/example_xcom.py
[2026-06-24T07:02:28.259+0000] {processor.py:830} INFO - Processing file /home/airflow/.local/lib/python3.12/site-packages/airflow/example_dags/example_xcom.py for tasks to queue
[2026-06-24T07:02:28.262+0000] {logging_mixin.py:188} INFO - [2026-06-24T07:02:28.261+0000] {dagbag.py:545} INFO - Filling up the DagBag from /home/airflow/.local/lib/python3.12/site-packages/airflow/example_dags/example_xcom.py
[2026-06-24T07:02:28.278+0000] {processor.py:840} INFO - DAG(s) 'example_xcom' retrieved from /home/airflow/.local/lib/python3.12/site-packages/airflow/example_dags/example_xcom.py
[2026-06-24T07:02:28.315+0000] {logging_mixin.py:188} INFO - [2026-06-24T07:02:28.314+0000] {dag.py:3096} INFO - Sync 1 DAGs
[2026-06-24T07:02:28.347+0000] {logging_mixin.py:188} INFO - [2026-06-24T07:02:28.347+0000] {dag.py:3954} INFO - Setting next_dagrun for example_xcom to 2021-01-01 00:00:00+00:00, run_after=2021-01-01 00:00:00+00:00
[2026-06-24T07:02:28.372+0000] {processor.py:183} INFO - Processing /home/airflow/.local/lib/python3.12/site-packages/airflow/example_dags/example_xcom.py took 0.124 seconds
[2026-06-24T07:02:58.579+0000] {processor.py:161} INFO - Started process (PID=1996) to work on /home/airflow/.local/lib/python3.12/site-packages/airflow/example_dags/example_xcom.py
[2026-06-24T07:02:58.583+0000] {processor.py:830} INFO - Processing file /home/airflow/.local/lib/python3.12/site-packages/airflow/example_dags/example_xcom.py for tasks to queue
[2026-06-24T07:02:58.585+0000] {logging_mixin.py:188} INFO - [2026-06-24T07:02:58.584+0000] {dagbag.py:545} INFO - Filling up the DagBag from /home/airflow/.local/lib/python3.12/site-packages/airflow/example_dags/example_xcom.py
[2026-06-24T07:02:58.592+0000] {processor.py:840} INFO - DAG(s) 'example_xcom' retrieved from /home/airflow/.local/lib/python3.12/site-packages/airflow/example_dags/example_xcom.py
[2026-06-24T07:02:58.613+0000] {logging_mixin.py:188} INFO - [2026-06-24T07:02:58.613+0000] {dag.py:3096} INFO - Sync 1 DAGs
[2026-06-24T07:02:58.638+0000] {logging_mixin.py:188} INFO - [2026-06-24T07:02:58.638+0000] {dag.py:3954} INFO - Setting next_dagrun for example_xcom to 2021-01-01 00:00:00+00:00, run_after=2021-01-01 00:00:00+00:00
[2026-06-24T07:02:58.662+0000] {processor.py:183} INFO - Processing /home/airflow/.local/lib/python3.12/site-packages/airflow/example_dags/example_xcom.py took 0.089 seconds
[2026-06-24T07:03:29.718+0000] {processor.py:161} INFO - Started process (PID=2055) to work on /home/airflow/.local/lib/python3.12/site-packages/airflow/example_dags/example_xcom.py
[2026-06-24T07:03:29.720+0000] {processor.py:830} INFO - Processing file /home/airflow/.local/lib/python3.12/site-packages/airflow/example_dags/example_xcom.py for tasks to queue
[2026-06-24T07:03:29.725+0000] {logging_mixin.py:188} INFO - [2026-06-24T07:03:29.725+0000] {dagbag.py:545} INFO - Filling up the DagBag from /home/airflow/.local/lib/python3.12/site-packages/airflow/example_dags/example_xcom.py
[2026-06-24T07:03:29.745+0000] {processor.py:840} INFO - DAG(s) 'example_xcom' retrieved from /home/airflow/.local/lib/python3.12/site-packages/airflow/example_dags/example_xcom.py
[2026-06-24T07:03:29.804+0000] {logging_mixin.py:188} INFO - [2026-06-24T07:03:29.803+0000] {dag.py:3096} INFO - Sync 1 DAGs
[2026-06-24T07:03:29.841+0000] {logging_mixin.py:188} INFO - [2026-06-24T07:03:29.841+0000] {dag.py:3954} INFO - Setting next_dagrun for example_xcom to 2021-01-01 00:00:00+00:00, run_after=2021-01-01 00:00:00+00:00
[2026-06-24T07:03:29.882+0000] {processor.py:183} INFO - Processing /home/airflow/.local/lib/python3.12/site-packages/airflow/example_dags/example_xcom.py took 0.180 seconds
[2026-06-24T07:04:00.385+0000] {processor.py:161} INFO - Started process (PID=2114) to work on /home/airflow/.local/lib/python3.12/site-packages/airflow/example_dags/example_xcom.py
[2026-06-24T07:04:00.386+0000] {processor.py:830} INFO - Processing file /home/airflow/.local/lib/python3.12/site-packages/airflow/example_dags/example_xcom.py for tasks to queue
[2026-06-24T07:04:00.388+0000] {logging_mixin.py:188} INFO - [2026-06-24T07:04:00.388+0000] {dagbag.py:545} INFO - Filling up the DagBag from /home/airflow/.local/lib/python3.12/site-packages/airflow/example_dags/example_xcom.py
[2026-06-24T07:04:00.398+0000] {processor.py:840} INFO - DAG(s) 'example_xcom' retrieved from /home/airflow/.local/lib/python3.12/site-packages/airflow/example_dags/example_xcom.py
[2026-06-24T07:04:00.426+0000] {logging_mixin.py:188} INFO - [2026-06-24T07:04:00.426+0000] {dag.py:3096} INFO - Sync 1 DAGs
[2026-06-24T07:04:00.459+0000] {logging_mixin.py:188} INFO - [2026-06-24T07:04:00.459+0000] {dag.py:3954} INFO - Setting next_dagrun for example_xcom to 2021-01-01 00:00:00+00:00, run_after=2021-01-01 00:00:00+00:00
[2026-06-24T07:04:00.481+0000] {processor.py:183} INFO - Processing /home/airflow/.local/lib/python3.12/site-packages/airflow/example_dags/example_xcom.py took 0.117 seconds
[2026-06-24T07:04:31.071+0000] {processor.py:161} INFO - Started process (PID=2173) to work on /home/airflow/.local/lib/python3.12/site-packages/airflow/example_dags/example_xcom.py
[2026-06-24T07:04:31.078+0000] {processor.py:830} INFO - Processing file /home/airflow/.local/lib/python3.12/site-packages/airflow/example_dags/example_xcom.py for tasks to queue
[2026-06-24T07:04:31.083+0000] {logging_mixin.py:188} INFO - [2026-06-24T07:04:31.083+0000] {dagbag.py:545} INFO - Filling up the DagBag from /home/airflow/.local/lib/python3.12/site-packages/airflow/example_dags/example_xcom.py
[2026-06-24T07:04:31.126+0000] {processor.py:840} INFO - DAG(s) 'example_xcom' retrieved from /home/airflow/.local/lib/python3.12/site-packages/airflow/example_dags/example_xcom.py
[2026-06-24T07:04:31.229+0000] {logging_mixin.py:188} INFO - [2026-06-24T07:04:31.229+0000] {dag.py:3096} INFO - Sync 1 DAGs
[2026-06-24T07:04:31.292+0000] {logging_mixin.py:188} INFO - [2026-06-24T07:04:31.291+0000] {dag.py:3954} INFO - Setting next_dagrun for example_xcom to 2021-01-01 00:00:00+00:00, run_after=2021-01-01 00:00:00+00:00
[2026-06-24T07:04:31.332+0000] {processor.py:183} INFO - Processing /home/airflow/.local/lib/python3.12/site-packages/airflow/example_dags/example_xcom.py took 0.290 seconds
[2026-06-24T07:05:02.191+0000] {processor.py:161} INFO - Started process (PID=2232) to work on /home/airflow/.local/lib/python3.12/site-packages/airflow/example_dags/example_xcom.py
[2026-06-24T07:05:02.192+0000] {processor.py:830} INFO - Processing file /home/airflow/.local/lib/python3.12/site-packages/airflow/example_dags/example_xcom.py for tasks to queue
[2026-06-24T07:05:02.194+0000] {logging_mixin.py:188} INFO - [2026-06-24T07:05:02.194+0000] {dagbag.py:545} INFO - Filling up the DagBag from /home/airflow/.local/lib/python3.12/site-packages/airflow/example_dags/example_xcom.py
[2026-06-24T07:05:02.204+0000] {processor.py:840} INFO - DAG(s) 'example_xcom' retrieved from /home/airflow/.local/lib/python3.12/site-packages/airflow/example_dags/example_xcom.py
[2026-06-24T07:05:02.233+0000] {logging_mixin.py:188} INFO - [2026-06-24T07:05:02.232+0000] {dag.py:3096} INFO - Sync 1 DAGs
[2026-06-24T07:05:02.267+0000] {logging_mixin.py:188} INFO - [2026-06-24T07:05:02.267+0000] {dag.py:3954} INFO - Setting next_dagrun for example_xcom to 2021-01-01 00:00:00+00:00, run_after=2021-01-01 00:00:00+00:00
[2026-06-24T07:05:02.291+0000] {processor.py:183} INFO - Processing /home/airflow/.local/lib/python3.12/site-packages/airflow/example_dags/example_xcom.py took 0.107 seconds
[2026-06-24T07:05:33.024+0000] {processor.py:161} INFO - Started process (PID=2291) to work on /home/airflow/.local/lib/python3.12/site-packages/airflow/example_dags/example_xcom.py
[2026-06-24T07:05:33.025+0000] {processor.py:830} INFO - Processing file /home/airflow/.local/lib/python3.12/site-packages/airflow/example_dags/example_xcom.py for tasks to queue
[2026-06-24T07:05:33.027+0000] {logging_mixin.py:188} INFO - [2026-06-24T07:05:33.027+0000] {dagbag.py:545} INFO - Filling up the DagBag from /home/airflow/.local/lib/python3.12/site-packages/airflow/example_dags/example_xcom.py
[2026-06-24T07:05:33.037+0000] {processor.py:840} INFO - DAG(s) 'example_xcom' retrieved from /home/airflow/.local/lib/python3.12/site-packages/airflow/example_dags/example_xcom.py
[2026-06-24T07:05:33.066+0000] {logging_mixin.py:188} INFO - [2026-06-24T07:05:33.066+0000] {dag.py:3096} INFO - Sync 1 DAGs
[2026-06-24T07:05:33.099+0000] {logging_mixin.py:188} INFO - [2026-06-24T07:05:33.098+0000] {dag.py:3954} INFO - Setting next_dagrun for example_xcom to 2021-01-01 00:00:00+00:00, run_after=2021-01-01 00:00:00+00:00
[2026-06-24T07:05:33.129+0000] {processor.py:183} INFO - Processing /home/airflow/.local/lib/python3.12/site-packages/airflow/example_dags/example_xcom.py took 0.111 seconds
[2026-06-24T07:06:03.371+0000] {processor.py:161} INFO - Started process (PID=2350) to work on /home/airflow/.local/lib/python3.12/site-packages/airflow/example_dags/example_xcom.py
[2026-06-24T07:06:03.372+0000] {processor.py:830} INFO - Processing file /home/airflow/.local/lib/python3.12/site-packages/airflow/example_dags/example_xcom.py for tasks to queue
[2026-06-24T07:06:03.374+0000] {logging_mixin.py:188} INFO - [2026-06-24T07:06:03.374+0000] {dagbag.py:545} INFO - Filling up the DagBag from /home/airflow/.local/lib/python3.12/site-packages/airflow/example_dags/example_xcom.py
[2026-06-24T07:06:03.384+0000] {processor.py:840} INFO - DAG(s) 'example_xcom' retrieved from /home/airflow/.local/lib/python3.12/site-packages/airflow/example_dags/example_xcom.py
[2026-06-24T07:06:03.412+0000] {logging_mixin.py:188} INFO - [2026-06-24T07:06:03.412+0000] {dag.py:3096} INFO - Sync 1 DAGs
[2026-06-24T07:06:03.442+0000] {logging_mixin.py:188} INFO - [2026-06-24T07:06:03.442+0000] {dag.py:3954} INFO - Setting next_dagrun for example_xcom to 2021-01-01 00:00:00+00:00, run_after=2021-01-01 00:00:00+00:00
[2026-06-24T07:06:03.467+0000] {processor.py:183} INFO - Processing /home/airflow/.local/lib/python3.12/site-packages/airflow/example_dags/example_xcom.py took 0.103 seconds
[2026-06-24T07:06:34.121+0000] {processor.py:161} INFO - Started process (PID=2409) to work on /home/airflow/.local/lib/python3.12/site-packages/airflow/example_dags/example_xcom.py
[2026-06-24T07:06:34.122+0000] {processor.py:830} INFO - Processing file /home/airflow/.local/lib/python3.12/site-packages/airflow/example_dags/example_xcom.py for tasks to queue
[2026-06-24T07:06:34.124+0000] {logging_mixin.py:188} INFO - [2026-06-24T07:06:34.123+0000] {dagbag.py:545} INFO - Filling up the DagBag from /home/airflow/.local/lib/python3.12/site-packages/airflow/example_dags/example_xcom.py
[2026-06-24T07:06:34.136+0000] {processor.py:840} INFO - DAG(s) 'example_xcom' retrieved from /home/airflow/.local/lib/python3.12/site-packages/airflow/example_dags/example_xcom.py
[2026-06-24T07:06:34.183+0000] {logging_mixin.py:188} INFO - [2026-06-24T07:06:34.183+0000] {dag.py:3096} INFO - Sync 1 DAGs
[2026-06-24T07:06:34.226+0000] {logging_mixin.py:188} INFO - [2026-06-24T07:06:34.226+0000] {dag.py:3954} INFO - Setting next_dagrun for example_xcom to 2021-01-01 00:00:00+00:00, run_after=2021-01-01 00:00:00+00:00
[2026-06-24T07:06:34.299+0000] {processor.py:183} INFO - Processing /home/airflow/.local/lib/python3.12/site-packages/airflow/example_dags/example_xcom.py took 0.185 seconds
[2026-06-24T07:07:04.464+0000] {processor.py:161} INFO - Started process (PID=2474) to work on /home/airflow/.local/lib/python3.12/site-packages/airflow/example_dags/example_xcom.py
[2026-06-24T07:07:04.465+0000] {processor.py:830} INFO - Processing file /home/airflow/.local/lib/python3.12/site-packages/airflow/example_dags/example_xcom.py for tasks to queue
[2026-06-24T07:07:04.467+0000] {logging_mixin.py:188} INFO - [2026-06-24T07:07:04.467+0000] {dagbag.py:545} INFO - Filling up the DagBag from /home/airflow/.local/lib/python3.12/site-packages/airflow/example_dags/example_xcom.py
[2026-06-24T07:07:04.485+0000] {processor.py:840} INFO - DAG(s) 'example_xcom' retrieved from /home/airflow/.local/lib/python3.12/site-packages/airflow/example_dags/example_xcom.py
[2026-06-24T07:07:04.604+0000] {logging_mixin.py:188} INFO - [2026-06-24T07:07:04.604+0000] {dag.py:3096} INFO - Sync 1 DAGs
[2026-06-24T07:07:04.638+0000] {logging_mixin.py:188} INFO - [2026-06-24T07:07:04.638+0000] {dag.py:3954} INFO - Setting next_dagrun for example_xcom to 2021-01-01 00:00:00+00:00, run_after=2021-01-01 00:00:00+00:00
[2026-06-24T07:07:04.669+0000] {processor.py:183} INFO - Processing /home/airflow/.local/lib/python3.12/site-packages/airflow/example_dags/example_xcom.py took 0.213 seconds
[2026-06-24T07:07:34.784+0000] {processor.py:161} INFO - Started process (PID=2533) to work on /home/airflow/.local/lib/python3.12/site-packages/airflow/example_dags/example_xcom.py
[2026-06-24T07:07:34.785+0000] {processor.py:830} INFO - Processing file /home/airflow/.local/lib/python3.12/site-packages/airflow/example_dags/example_xcom.py for tasks to queue
[2026-06-24T07:07:34.788+0000] {logging_mixin.py:188} INFO - [2026-06-24T07:07:34.788+0000] {dagbag.py:545} INFO - Filling up the DagBag from /home/airflow/.local/lib/python3.12/site-packages/airflow/example_dags/example_xcom.py
[2026-06-24T07:07:34.798+0000] {processor.py:840} INFO - DAG(s) 'example_xcom' retrieved from /home/airflow/.local/lib/python3.12/site-packages/airflow/example_dags/example_xcom.py
[2026-06-24T07:07:34.828+0000] {logging_mixin.py:188} INFO - [2026-06-24T07:07:34.828+0000] {dag.py:3096} INFO - Sync 1 DAGs
[2026-06-24T07:07:34.858+0000] {logging_mixin.py:188} INFO - [2026-06-24T07:07:34.858+0000] {dag.py:3954} INFO - Setting next_dagrun for example_xcom to 2021-01-01 00:00:00+00:00, run_after=2021-01-01 00:00:00+00:00
[2026-06-24T07:07:34.883+0000] {processor.py:183} INFO - Processing /home/airflow/.local/lib/python3.12/site-packages/airflow/example_dags/example_xcom.py took 0.109 seconds
[2026-06-24T07:08:04.931+0000] {processor.py:161} INFO - Started process (PID=2592) to work on /home/airflow/.local/lib/python3.12/site-packages/airflow/example_dags/example_xcom.py
[2026-06-24T07:08:04.932+0000] {processor.py:830} INFO - Processing file /home/airflow/.local/lib/python3.12/site-packages/airflow/example_dags/example_xcom.py for tasks to queue
[2026-06-24T07:08:04.934+0000] {logging_mixin.py:188} INFO - [2026-06-24T07:08:04.933+0000] {dagbag.py:545} INFO - Filling up the DagBag from /home/airflow/.local/lib/python3.12/site-packages/airflow/example_dags/example_xcom.py
[2026-06-24T07:08:04.941+0000] {processor.py:840} INFO - DAG(s) 'example_xcom' retrieved from /home/airflow/.local/lib/python3.12/site-packages/airflow/example_dags/example_xcom.py
[2026-06-24T07:08:04.962+0000] {logging_mixin.py:188} INFO - [2026-06-24T07:08:04.961+0000] {dag.py:3096} INFO - Sync 1 DAGs
[2026-06-24T07:08:04.983+0000] {logging_mixin.py:188} INFO - [2026-06-24T07:08:04.983+0000] {dag.py:3954} INFO - Setting next_dagrun for example_xcom to 2021-01-01 00:00:00+00:00, run_after=2021-01-01 00:00:00+00:00
[2026-06-24T07:08:05.000+0000] {processor.py:183} INFO - Processing /home/airflow/.local/lib/python3.12/site-packages/airflow/example_dags/example_xcom.py took 0.076 seconds
[2026-06-24T07:08:35.257+0000] {processor.py:161} INFO - Started process (PID=2650) to work on /home/airflow/.local/lib/python3.12/site-packages/airflow/example_dags/example_xcom.py
[2026-06-24T07:08:35.258+0000] {processor.py:830} INFO - Processing file /home/airflow/.local/lib/python3.12/site-packages/airflow/example_dags/example_xcom.py for tasks to queue
[2026-06-24T07:08:35.260+0000] {logging_mixin.py:188} INFO - [2026-06-24T07:08:35.259+0000] {dagbag.py:545} INFO - Filling up the DagBag from /home/airflow/.local/lib/python3.12/site-packages/airflow/example_dags/example_xcom.py
[2026-06-24T07:08:35.270+0000] {processor.py:840} INFO - DAG(s) 'example_xcom' retrieved from /home/airflow/.local/lib/python3.12/site-packages/airflow/example_dags/example_xcom.py
[2026-06-24T07:08:35.357+0000] {logging_mixin.py:188} INFO - [2026-06-24T07:08:35.357+0000] {dag.py:3096} INFO - Sync 1 DAGs
[2026-06-24T07:08:35.387+0000] {logging_mixin.py:188} INFO - [2026-06-24T07:08:35.387+0000] {dag.py:3954} INFO - Setting next_dagrun for example_xcom to 2021-01-01 00:00:00+00:00, run_after=2021-01-01 00:00:00+00:00
[2026-06-24T07:08:35.409+0000] {processor.py:183} INFO - Processing /home/airflow/.local/lib/python3.12/site-packages/airflow/example_dags/example_xcom.py took 0.160 seconds
[2026-06-24T07:09:05.806+0000] {processor.py:161} INFO - Started process (PID=2709) to work on /home/airflow/.local/lib/python3.12/site-packages/airflow/example_dags/example_xcom.py
[2026-06-24T07:09:05.807+0000] {processor.py:830} INFO - Processing file /home/airflow/.local/lib/python3.12/site-packages/airflow/example_dags/example_xcom.py for tasks to queue
[2026-06-24T07:09:05.808+0000] {logging_mixin.py:188} INFO - [2026-06-24T07:09:05.808+0000] {dagbag.py:545} INFO - Filling up the DagBag from /home/airflow/.local/lib/python3.12/site-packages/airflow/example_dags/example_xcom.py
[2026-06-24T07:09:05.815+0000] {processor.py:840} INFO - DAG(s) 'example_xcom' retrieved from /home/airflow/.local/lib/python3.12/site-packages/airflow/example_dags/example_xcom.py
[2026-06-24T07:09:05.838+0000] {logging_mixin.py:188} INFO - [2026-06-24T07:09:05.837+0000] {dag.py:3096} INFO - Sync 1 DAGs
[2026-06-24T07:09:05.857+0000] {logging_mixin.py:188} INFO - [2026-06-24T07:09:05.857+0000] {dag.py:3954} INFO - Setting next_dagrun for example_xcom to 2021-01-01 00:00:00+00:00, run_after=2021-01-01 00:00:00+00:00
[2026-06-24T07:09:05.875+0000] {processor.py:183} INFO - Processing /home/airflow/.local/lib/python3.12/site-packages/airflow/example_dags/example_xcom.py took 0.075 seconds
[2026-06-24T07:09:36.150+0000] {processor.py:161} INFO - Started process (PID=2769) to work on /home/airflow/.local/lib/python3.12/site-packages/airflow/example_dags/example_xcom.py
[2026-06-24T07:09:36.153+0000] {processor.py:830} INFO - Processing file /home/airflow/.local/lib/python3.12/site-packages/airflow/example_dags/example_xcom.py for tasks to queue
[2026-06-24T07:09:36.161+0000] {logging_mixin.py:188} INFO - [2026-06-24T07:09:36.161+0000] {dagbag.py:545} INFO - Filling up the DagBag from /home/airflow/.local/lib/python3.12/site-packages/airflow/example_dags/example_xcom.py
[2026-06-24T07:09:36.196+0000] {processor.py:840} INFO - DAG(s) 'example_xcom' retrieved from /home/airflow/.local/lib/python3.12/site-packages/airflow/example_dags/example_xcom.py
[2026-06-24T07:09:36.245+0000] {logging_mixin.py:188} INFO - [2026-06-24T07:09:36.243+0000] {dag.py:3096} INFO - Sync 1 DAGs
[2026-06-24T07:09:36.294+0000] {logging_mixin.py:188} INFO - [2026-06-24T07:09:36.294+0000] {dag.py:3954} INFO - Setting next_dagrun for example_xcom to 2021-01-01 00:00:00+00:00, run_after=2021-01-01 00:00:00+00:00
[2026-06-24T07:09:36.344+0000] {processor.py:183} INFO - Processing /home/airflow/.local/lib/python3.12/site-packages/airflow/example_dags/example_xcom.py took 0.209 seconds
[2026-06-24T07:10:07.338+0000] {processor.py:161} INFO - Started process (PID=2828) to work on /home/airflow/.local/lib/python3.12/site-packages/airflow/example_dags/example_xcom.py
[2026-06-24T07:10:07.339+0000] {processor.py:830} INFO - Processing file /home/airflow/.local/lib/python3.12/site-packages/airflow/example_dags/example_xcom.py for tasks to queue
[2026-06-24T07:10:07.341+0000] {logging_mixin.py:188} INFO - [2026-06-24T07:10:07.340+0000] {dagbag.py:545} INFO - Filling up the DagBag from /home/airflow/.local/lib/python3.12/site-packages/airflow/example_dags/example_xcom.py
[2026-06-24T07:10:07.351+0000] {processor.py:840} INFO - DAG(s) 'example_xcom' retrieved from /home/airflow/.local/lib/python3.12/site-packages/airflow/example_dags/example_xcom.py
[2026-06-24T07:10:07.380+0000] {logging_mixin.py:188} INFO - [2026-06-24T07:10:07.380+0000] {dag.py:3096} INFO - Sync 1 DAGs
[2026-06-24T07:10:07.410+0000] {logging_mixin.py:188} INFO - [2026-06-24T07:10:07.410+0000] {dag.py:3954} INFO - Setting next_dagrun for example_xcom to 2021-01-01 00:00:00+00:00, run_after=2021-01-01 00:00:00+00:00
[2026-06-24T07:10:07.434+0000] {processor.py:183} INFO - Processing /home/airflow/.local/lib/python3.12/site-packages/airflow/example_dags/example_xcom.py took 0.104 seconds
[2026-06-24T07:10:37.938+0000] {processor.py:161} INFO - Started process (PID=2887) to work on /home/airflow/.local/lib/python3.12/site-packages/airflow/example_dags/example_xcom.py
[2026-06-24T07:10:37.939+0000] {processor.py:830} INFO - Processing file /home/airflow/.local/lib/python3.12/site-packages/airflow/example_dags/example_xcom.py for tasks to queue
[2026-06-24T07:10:37.941+0000] {logging_mixin.py:188} INFO - [2026-06-24T07:10:37.941+0000] {dagbag.py:545} INFO - Filling up the DagBag from /home/airflow/.local/lib/python3.12/site-packages/airflow/example_dags/example_xcom.py
[2026-06-24T07:10:37.950+0000] {processor.py:840} INFO - DAG(s) 'example_xcom' retrieved from /home/airflow/.local/lib/python3.12/site-packages/airflow/example_dags/example_xcom.py
[2026-06-24T07:10:37.978+0000] {logging_mixin.py:188} INFO - [2026-06-24T07:10:37.977+0000] {dag.py:3096} INFO - Sync 1 DAGs
[2026-06-24T07:10:38.008+0000] {logging_mixin.py:188} INFO - [2026-06-24T07:10:38.007+0000] {dag.py:3954} INFO - Setting next_dagrun for example_xcom to 2021-01-01 00:00:00+00:00, run_after=2021-01-01 00:00:00+00:00
[2026-06-24T07:10:38.032+0000] {processor.py:183} INFO - Processing /home/airflow/.local/lib/python3.12/site-packages/airflow/example_dags/example_xcom.py took 0.101 seconds
[2026-06-24T07:11:08.466+0000] {processor.py:161} INFO - Started process (PID=2947) to work on /home/airflow/.local/lib/python3.12/site-packages/airflow/example_dags/example_xcom.py
[2026-06-24T07:11:08.467+0000] {processor.py:830} INFO - Processing file /home/airflow/.local/lib/python3.12/site-packages/airflow/example_dags/example_xcom.py for tasks to queue
[2026-06-24T07:11:08.470+0000] {logging_mixin.py:188} INFO - [2026-06-24T07:11:08.469+0000] {dagbag.py:545} INFO - Filling up the DagBag from /home/airflow/.local/lib/python3.12/site-packages/airflow/example_dags/example_xcom.py
[2026-06-24T07:11:08.480+0000] {processor.py:840} INFO - DAG(s) 'example_xcom' retrieved from /home/airflow/.local/lib/python3.12/site-packages/airflow/example_dags/example_xcom.py
[2026-06-24T07:11:08.509+0000] {logging_mixin.py:188} INFO - [2026-06-24T07:11:08.508+0000] {dag.py:3096} INFO - Sync 1 DAGs
[2026-06-24T07:11:08.541+0000] {logging_mixin.py:188} INFO - [2026-06-24T07:11:08.541+0000] {dag.py:3954} INFO - Setting next_dagrun for example_xcom to 2021-01-01 00:00:00+00:00, run_after=2021-01-01 00:00:00+00:00
[2026-06-24T07:11:08.565+0000] {processor.py:183} INFO - Processing /home/airflow/.local/lib/python3.12/site-packages/airflow/example_dags/example_xcom.py took 0.106 seconds
[2026-06-24T07:11:39.275+0000] {processor.py:161} INFO - Started process (PID=3006) to work on /home/airflow/.local/lib/python3.12/site-packages/airflow/example_dags/example_xcom.py
[2026-06-24T07:11:39.276+0000] {processor.py:830} INFO - Processing file /home/airflow/.local/lib/python3.12/site-packages/airflow/example_dags/example_xcom.py for tasks to queue
[2026-06-24T07:11:39.278+0000] {logging_mixin.py:188} INFO - [2026-06-24T07:11:39.278+0000] {dagbag.py:545} INFO - Filling up the DagBag from /home/airflow/.local/lib/python3.12/site-packages/airflow/example_dags/example_xcom.py
[2026-06-24T07:11:39.288+0000] {processor.py:840} INFO - DAG(s) 'example_xcom' retrieved from /home/airflow/.local/lib/python3.12/site-packages/airflow/example_dags/example_xcom.py
[2026-06-24T07:11:39.317+0000] {logging_mixin.py:188} INFO - [2026-06-24T07:11:39.317+0000] {dag.py:3096} INFO - Sync 1 DAGs
[2026-06-24T07:11:39.376+0000] {logging_mixin.py:188} INFO - [2026-06-24T07:11:39.376+0000] {dag.py:3954} INFO - Setting next_dagrun for example_xcom to 2021-01-01 00:00:00+00:00, run_after=2021-01-01 00:00:00+00:00
[2026-06-24T07:11:39.404+0000] {processor.py:183} INFO - Processing /home/airflow/.local/lib/python3.12/site-packages/airflow/example_dags/example_xcom.py took 0.136 seconds
[2026-06-24T07:12:09.496+0000] {processor.py:161} INFO - Started process (PID=3064) to work on /home/airflow/.local/lib/python3.12/site-packages/airflow/example_dags/example_xcom.py
[2026-06-24T07:12:09.497+0000] {processor.py:830} INFO - Processing file /home/airflow/.local/lib/python3.12/site-packages/airflow/example_dags/example_xcom.py for tasks to queue
[2026-06-24T07:12:09.500+0000] {logging_mixin.py:188} INFO - [2026-06-24T07:12:09.499+0000] {dagbag.py:545} INFO - Filling up the DagBag from /home/airflow/.local/lib/python3.12/site-packages/airflow/example_dags/example_xcom.py
[2026-06-24T07:12:09.509+0000] {processor.py:840} INFO - DAG(s) 'example_xcom' retrieved from /home/airflow/.local/lib/python3.12/site-packages/airflow/example_dags/example_xcom.py
[2026-06-24T07:12:09.539+0000] {logging_mixin.py:188} INFO - [2026-06-24T07:12:09.539+0000] {dag.py:3096} INFO - Sync 1 DAGs
[2026-06-24T07:12:09.568+0000] {logging_mixin.py:188} INFO - [2026-06-24T07:12:09.568+0000] {dag.py:3954} INFO - Setting next_dagrun for example_xcom to 2021-01-01 00:00:00+00:00, run_after=2021-01-01 00:00:00+00:00
[2026-06-24T07:12:09.596+0000] {processor.py:183} INFO - Processing /home/airflow/.local/lib/python3.12/site-packages/airflow/example_dags/example_xcom.py took 0.106 seconds
[2026-06-24T07:12:40.237+0000] {processor.py:161} INFO - Started process (PID=3123) to work on /home/airflow/.local/lib/python3.12/site-packages/airflow/example_dags/example_xcom.py
[2026-06-24T07:12:40.238+0000] {processor.py:830} INFO - Processing file /home/airflow/.local/lib/python3.12/site-packages/airflow/example_dags/example_xcom.py for tasks to queue
[2026-06-24T07:12:40.241+0000] {logging_mixin.py:188} INFO - [2026-06-24T07:12:40.240+0000] {dagbag.py:545} INFO - Filling up the DagBag from /home/airflow/.local/lib/python3.12/site-packages/airflow/example_dags/example_xcom.py
[2026-06-24T07:12:40.250+0000] {processor.py:840} INFO - DAG(s) 'example_xcom' retrieved from /home/airflow/.local/lib/python3.12/site-packages/airflow/example_dags/example_xcom.py
[2026-06-24T07:12:40.281+0000] {logging_mixin.py:188} INFO - [2026-06-24T07:12:40.281+0000] {dag.py:3096} INFO - Sync 1 DAGs
[2026-06-24T07:12:40.314+0000] {logging_mixin.py:188} INFO - [2026-06-24T07:12:40.314+0000] {dag.py:3954} INFO - Setting next_dagrun for example_xcom to 2021-01-01 00:00:00+00:00, run_after=2021-01-01 00:00:00+00:00
[2026-06-24T07:12:40.337+0000] {processor.py:183} INFO - Processing /home/airflow/.local/lib/python3.12/site-packages/airflow/example_dags/example_xcom.py took 0.107 seconds
[2026-06-24T07:13:11.238+0000] {processor.py:161} INFO - Started process (PID=3182) to work on /home/airflow/.local/lib/python3.12/site-packages/airflow/example_dags/example_xcom.py
[2026-06-24T07:13:11.238+0000] {processor.py:830} INFO - Processing file /home/airflow/.local/lib/python3.12/site-packages/airflow/example_dags/example_xcom.py for tasks to queue
[2026-06-24T07:13:11.240+0000] {logging_mixin.py:188} INFO - [2026-06-24T07:13:11.240+0000] {dagbag.py:545} INFO - Filling up the DagBag from /home/airflow/.local/lib/python3.12/site-packages/airflow/example_dags/example_xcom.py
[2026-06-24T07:13:11.250+0000] {processor.py:840} INFO - DAG(s) 'example_xcom' retrieved from /home/airflow/.local/lib/python3.12/site-packages/airflow/example_dags/example_xcom.py
[2026-06-24T07:13:11.280+0000] {logging_mixin.py:188} INFO - [2026-06-24T07:13:11.279+0000] {dag.py:3096} INFO - Sync 1 DAGs
[2026-06-24T07:13:11.311+0000] {logging_mixin.py:188} INFO - [2026-06-24T07:13:11.311+0000] {dag.py:3954} INFO - Setting next_dagrun for example_xcom to 2021-01-01 00:00:00+00:00, run_after=2021-01-01 00:00:00+00:00
[2026-06-24T07:13:11.339+0000] {processor.py:183} INFO - Processing /home/airflow/.local/lib/python3.12/site-packages/airflow/example_dags/example_xcom.py took 0.108 seconds
[2026-06-24T07:13:41.439+0000] {processor.py:161} INFO - Started process (PID=3241) to work on /home/airflow/.local/lib/python3.12/site-packages/airflow/example_dags/example_xcom.py
[2026-06-24T07:13:41.440+0000] {processor.py:830} INFO - Processing file /home/airflow/.local/lib/python3.12/site-packages/airflow/example_dags/example_xcom.py for tasks to queue
[2026-06-24T07:13:41.442+0000] {logging_mixin.py:188} INFO - [2026-06-24T07:13:41.442+0000] {dagbag.py:545} INFO - Filling up the DagBag from /home/airflow/.local/lib/python3.12/site-packages/airflow/example_dags/example_xcom.py
[2026-06-24T07:13:41.452+0000] {processor.py:840} INFO - DAG(s) 'example_xcom' retrieved from /home/airflow/.local/lib/python3.12/site-packages/airflow/example_dags/example_xcom.py
[2026-06-24T07:13:41.483+0000] {logging_mixin.py:188} INFO - [2026-06-24T07:13:41.483+0000] {dag.py:3096} INFO - Sync 1 DAGs
[2026-06-24T07:13:41.535+0000] {logging_mixin.py:188} INFO - [2026-06-24T07:13:41.535+0000] {dag.py:3954} INFO - Setting next_dagrun for example_xcom to 2021-01-01 00:00:00+00:00, run_after=2021-01-01 00:00:00+00:00
[2026-06-24T07:13:41.567+0000] {processor.py:183} INFO - Processing /home/airflow/.local/lib/python3.12/site-packages/airflow/example_dags/example_xcom.py took 0.134 seconds
[2026-06-24T07:14:12.048+0000] {processor.py:161} INFO - Started process (PID=3300) to work on /home/airflow/.local/lib/python3.12/site-packages/airflow/example_dags/example_xcom.py
[2026-06-24T07:14:12.049+0000] {processor.py:830} INFO - Processing file /home/airflow/.local/lib/python3.12/site-packages/airflow/example_dags/example_xcom.py for tasks to queue
[2026-06-24T07:14:12.052+0000] {logging_mixin.py:188} INFO - [2026-06-24T07:14:12.051+0000] {dagbag.py:545} INFO - Filling up the DagBag from /home/airflow/.local/lib/python3.12/site-packages/airflow/example_dags/example_xcom.py
[2026-06-24T07:14:12.062+0000] {processor.py:840} INFO - DAG(s) 'example_xcom' retrieved from /home/airflow/.local/lib/python3.12/site-packages/airflow/example_dags/example_xcom.py
[2026-06-24T07:14:12.096+0000] {logging_mixin.py:188} INFO - [2026-06-24T07:14:12.096+0000] {dag.py:3096} INFO - Sync 1 DAGs
[2026-06-24T07:14:12.129+0000] {logging_mixin.py:188} INFO - [2026-06-24T07:14:12.129+0000] {dag.py:3954} INFO - Setting next_dagrun for example_xcom to 2021-01-01 00:00:00+00:00, run_after=2021-01-01 00:00:00+00:00
[2026-06-24T07:14:12.151+0000] {processor.py:183} INFO - Processing /home/airflow/.local/lib/python3.12/site-packages/airflow/example_dags/example_xcom.py took 0.112 seconds
[2026-06-24T07:14:42.287+0000] {processor.py:161} INFO - Started process (PID=3359) to work on /home/airflow/.local/lib/python3.12/site-packages/airflow/example_dags/example_xcom.py
[2026-06-24T07:14:42.288+0000] {processor.py:830} INFO - Processing file /home/airflow/.local/lib/python3.12/site-packages/airflow/example_dags/example_xcom.py for tasks to queue
[2026-06-24T07:14:42.289+0000] {logging_mixin.py:188} INFO - [2026-06-24T07:14:42.289+0000] {dagbag.py:545} INFO - Filling up the DagBag from /home/airflow/.local/lib/python3.12/site-packages/airflow/example_dags/example_xcom.py
[2026-06-24T07:14:42.297+0000] {processor.py:840} INFO - DAG(s) 'example_xcom' retrieved from /home/airflow/.local/lib/python3.12/site-packages/airflow/example_dags/example_xcom.py
[2026-06-24T07:14:42.321+0000] {logging_mixin.py:188} INFO - [2026-06-24T07:14:42.320+0000] {dag.py:3096} INFO - Sync 1 DAGs
[2026-06-24T07:14:42.342+0000] {logging_mixin.py:188} INFO - [2026-06-24T07:14:42.342+0000] {dag.py:3954} INFO - Setting next_dagrun for example_xcom to 2021-01-01 00:00:00+00:00, run_after=2021-01-01 00:00:00+00:00
[2026-06-24T07:14:42.359+0000] {processor.py:183} INFO - Processing /home/airflow/.local/lib/python3.12/site-packages/airflow/example_dags/example_xcom.py took 0.078 seconds
[2026-06-24T07:15:13.092+0000] {processor.py:161} INFO - Started process (PID=3418) to work on /home/airflow/.local/lib/python3.12/site-packages/airflow/example_dags/example_xcom.py
[2026-06-24T07:15:13.097+0000] {processor.py:830} INFO - Processing file /home/airflow/.local/lib/python3.12/site-packages/airflow/example_dags/example_xcom.py for tasks to queue
[2026-06-24T07:15:13.103+0000] {logging_mixin.py:188} INFO - [2026-06-24T07:15:13.103+0000] {dagbag.py:545} INFO - Filling up the DagBag from /home/airflow/.local/lib/python3.12/site-packages/airflow/example_dags/example_xcom.py
[2026-06-24T07:15:13.126+0000] {processor.py:840} INFO - DAG(s) 'example_xcom' retrieved from /home/airflow/.local/lib/python3.12/site-packages/airflow/example_dags/example_xcom.py
[2026-06-24T07:15:13.183+0000] {logging_mixin.py:188} INFO - [2026-06-24T07:15:13.183+0000] {dag.py:3096} INFO - Sync 1 DAGs
[2026-06-24T07:15:13.220+0000] {logging_mixin.py:188} INFO - [2026-06-24T07:15:13.220+0000] {dag.py:3954} INFO - Setting next_dagrun for example_xcom to 2021-01-01 00:00:00+00:00, run_after=2021-01-01 00:00:00+00:00
[2026-06-24T07:15:13.247+0000] {processor.py:183} INFO - Processing /home/airflow/.local/lib/python3.12/site-packages/airflow/example_dags/example_xcom.py took 0.184 seconds
[2026-06-24T07:15:44.162+0000] {processor.py:161} INFO - Started process (PID=3477) to work on /home/airflow/.local/lib/python3.12/site-packages/airflow/example_dags/example_xcom.py
[2026-06-24T07:15:44.165+0000] {processor.py:830} INFO - Processing file /home/airflow/.local/lib/python3.12/site-packages/airflow/example_dags/example_xcom.py for tasks to queue
[2026-06-24T07:15:44.168+0000] {logging_mixin.py:188} INFO - [2026-06-24T07:15:44.168+0000] {dagbag.py:545} INFO - Filling up the DagBag from /home/airflow/.local/lib/python3.12/site-packages/airflow/example_dags/example_xcom.py
[2026-06-24T07:15:44.254+0000] {processor.py:840} INFO - DAG(s) 'example_xcom' retrieved from /home/airflow/.local/lib/python3.12/site-packages/airflow/example_dags/example_xcom.py
[2026-06-24T07:15:44.413+0000] {logging_mixin.py:188} INFO - [2026-06-24T07:15:44.413+0000] {dag.py:3096} INFO - Sync 1 DAGs
[2026-06-24T07:15:44.490+0000] {logging_mixin.py:188} INFO - [2026-06-24T07:15:44.490+0000] {dag.py:3954} INFO - Setting next_dagrun for example_xcom to 2021-01-01 00:00:00+00:00, run_after=2021-01-01 00:00:00+00:00
[2026-06-24T07:15:44.535+0000] {processor.py:183} INFO - Processing /home/airflow/.local/lib/python3.12/site-packages/airflow/example_dags/example_xcom.py took 0.390 seconds
[2026-06-24T07:16:15.073+0000] {processor.py:161} INFO - Started process (PID=3536) to work on /home/airflow/.local/lib/python3.12/site-packages/airflow/example_dags/example_xcom.py
[2026-06-24T07:16:15.075+0000] {processor.py:830} INFO - Processing file /home/airflow/.local/lib/python3.12/site-packages/airflow/example_dags/example_xcom.py for tasks to queue
[2026-06-24T07:16:15.077+0000] {logging_mixin.py:188} INFO - [2026-06-24T07:16:15.076+0000] {dagbag.py:545} INFO - Filling up the DagBag from /home/airflow/.local/lib/python3.12/site-packages/airflow/example_dags/example_xcom.py
[2026-06-24T07:16:15.092+0000] {processor.py:840} INFO - DAG(s) 'example_xcom' retrieved from /home/airflow/.local/lib/python3.12/site-packages/airflow/example_dags/example_xcom.py
[2026-06-24T07:16:15.132+0000] {logging_mixin.py:188} INFO - [2026-06-24T07:16:15.130+0000] {dag.py:3096} INFO - Sync 1 DAGs
[2026-06-24T07:16:15.173+0000] {logging_mixin.py:188} INFO - [2026-06-24T07:16:15.173+0000] {dag.py:3954} INFO - Setting next_dagrun for example_xcom to 2021-01-01 00:00:00+00:00, run_after=2021-01-01 00:00:00+00:00
[2026-06-24T07:16:15.197+0000] {processor.py:183} INFO - Processing /home/airflow/.local/lib/python3.12/site-packages/airflow/example_dags/example_xcom.py took 0.138 seconds
[2026-06-24T07:16:45.397+0000] {processor.py:161} INFO - Started process (PID=3595) to work on /home/airflow/.local/lib/python3.12/site-packages/airflow/example_dags/example_xcom.py
[2026-06-24T07:16:45.400+0000] {processor.py:830} INFO - Processing file /home/airflow/.local/lib/python3.12/site-packages/airflow/example_dags/example_xcom.py for tasks to queue
[2026-06-24T07:16:45.402+0000] {logging_mixin.py:188} INFO - [2026-06-24T07:16:45.402+0000] {dagbag.py:545} INFO - Filling up the DagBag from /home/airflow/.local/lib/python3.12/site-packages/airflow/example_dags/example_xcom.py
[2026-06-24T07:16:45.412+0000] {processor.py:840} INFO - DAG(s) 'example_xcom' retrieved from /home/airflow/.local/lib/python3.12/site-packages/airflow/example_dags/example_xcom.py
[2026-06-24T07:16:45.440+0000] {logging_mixin.py:188} INFO - [2026-06-24T07:16:45.439+0000] {dag.py:3096} INFO - Sync 1 DAGs
[2026-06-24T07:16:45.488+0000] {logging_mixin.py:188} INFO - [2026-06-24T07:16:45.488+0000] {dag.py:3954} INFO - Setting next_dagrun for example_xcom to 2021-01-01 00:00:00+00:00, run_after=2021-01-01 00:00:00+00:00
[2026-06-24T07:16:45.558+0000] {processor.py:183} INFO - Processing /home/airflow/.local/lib/python3.12/site-packages/airflow/example_dags/example_xcom.py took 0.172 seconds
[2026-06-24T07:17:15.654+0000] {processor.py:161} INFO - Started process (PID=3654) to work on /home/airflow/.local/lib/python3.12/site-packages/airflow/example_dags/example_xcom.py
[2026-06-24T07:17:15.658+0000] {processor.py:830} INFO - Processing file /home/airflow/.local/lib/python3.12/site-packages/airflow/example_dags/example_xcom.py for tasks to queue
[2026-06-24T07:17:15.660+0000] {logging_mixin.py:188} INFO - [2026-06-24T07:17:15.660+0000] {dagbag.py:545} INFO - Filling up the DagBag from /home/airflow/.local/lib/python3.12/site-packages/airflow/example_dags/example_xcom.py
[2026-06-24T07:17:15.670+0000] {processor.py:840} INFO - DAG(s) 'example_xcom' retrieved from /home/airflow/.local/lib/python3.12/site-packages/airflow/example_dags/example_xcom.py
[2026-06-24T07:17:15.695+0000] {logging_mixin.py:188} INFO - [2026-06-24T07:17:15.695+0000] {dag.py:3096} INFO - Sync 1 DAGs
[2026-06-24T07:17:15.726+0000] {logging_mixin.py:188} INFO - [2026-06-24T07:17:15.726+0000] {dag.py:3954} INFO - Setting next_dagrun for example_xcom to 2021-01-01 00:00:00+00:00, run_after=2021-01-01 00:00:00+00:00
[2026-06-24T07:17:15.753+0000] {processor.py:183} INFO - Processing /home/airflow/.local/lib/python3.12/site-packages/airflow/example_dags/example_xcom.py took 0.106 seconds
[2026-06-24T07:17:45.937+0000] {processor.py:161} INFO - Started process (PID=3713) to work on /home/airflow/.local/lib/python3.12/site-packages/airflow/example_dags/example_xcom.py
[2026-06-24T07:17:45.938+0000] {processor.py:830} INFO - Processing file /home/airflow/.local/lib/python3.12/site-packages/airflow/example_dags/example_xcom.py for tasks to queue
[2026-06-24T07:17:45.941+0000] {logging_mixin.py:188} INFO - [2026-06-24T07:17:45.940+0000] {dagbag.py:545} INFO - Filling up the DagBag from /home/airflow/.local/lib/python3.12/site-packages/airflow/example_dags/example_xcom.py
[2026-06-24T07:17:45.950+0000] {processor.py:840} INFO - DAG(s) 'example_xcom' retrieved from /home/airflow/.local/lib/python3.12/site-packages/airflow/example_dags/example_xcom.py
[2026-06-24T07:17:45.977+0000] {logging_mixin.py:188} INFO - [2026-06-24T07:17:45.977+0000] {dag.py:3096} INFO - Sync 1 DAGs
[2026-06-24T07:17:46.007+0000] {logging_mixin.py:188} INFO - [2026-06-24T07:17:46.007+0000] {dag.py:3954} INFO - Setting next_dagrun for example_xcom to 2021-01-01 00:00:00+00:00, run_after=2021-01-01 00:00:00+00:00
[2026-06-24T07:17:46.028+0000] {processor.py:183} INFO - Processing /home/airflow/.local/lib/python3.12/site-packages/airflow/example_dags/example_xcom.py took 0.104 seconds
[2026-06-24T07:18:16.483+0000] {processor.py:161} INFO - Started process (PID=3772) to work on /home/airflow/.local/lib/python3.12/site-packages/airflow/example_dags/example_xcom.py
[2026-06-24T07:18:16.488+0000] {processor.py:830} INFO - Processing file /home/airflow/.local/lib/python3.12/site-packages/airflow/example_dags/example_xcom.py for tasks to queue
[2026-06-24T07:18:16.490+0000] {logging_mixin.py:188} INFO - [2026-06-24T07:18:16.490+0000] {dagbag.py:545} INFO - Filling up the DagBag from /home/airflow/.local/lib/python3.12/site-packages/airflow/example_dags/example_xcom.py
[2026-06-24T07:18:16.500+0000] {processor.py:840} INFO - DAG(s) 'example_xcom' retrieved from /home/airflow/.local/lib/python3.12/site-packages/airflow/example_dags/example_xcom.py
[2026-06-24T07:18:16.528+0000] {logging_mixin.py:188} INFO - [2026-06-24T07:18:16.528+0000] {dag.py:3096} INFO - Sync 1 DAGs
[2026-06-24T07:18:16.559+0000] {logging_mixin.py:188} INFO - [2026-06-24T07:18:16.558+0000] {dag.py:3954} INFO - Setting next_dagrun for example_xcom to 2021-01-01 00:00:00+00:00, run_after=2021-01-01 00:00:00+00:00
[2026-06-24T07:18:16.580+0000] {processor.py:183} INFO - Processing /home/airflow/.local/lib/python3.12/site-packages/airflow/example_dags/example_xcom.py took 0.129 seconds
[2026-06-24T07:18:47.370+0000] {processor.py:161} INFO - Started process (PID=3830) to work on /home/airflow/.local/lib/python3.12/site-packages/airflow/example_dags/example_xcom.py
[2026-06-24T07:18:47.371+0000] {processor.py:830} INFO - Processing file /home/airflow/.local/lib/python3.12/site-packages/airflow/example_dags/example_xcom.py for tasks to queue
[2026-06-24T07:18:47.373+0000] {logging_mixin.py:188} INFO - [2026-06-24T07:18:47.373+0000] {dagbag.py:545} INFO - Filling up the DagBag from /home/airflow/.local/lib/python3.12/site-packages/airflow/example_dags/example_xcom.py
[2026-06-24T07:18:47.383+0000] {processor.py:840} INFO - DAG(s) 'example_xcom' retrieved from /home/airflow/.local/lib/python3.12/site-packages/airflow/example_dags/example_xcom.py
[2026-06-24T07:18:47.412+0000] {logging_mixin.py:188} INFO - [2026-06-24T07:18:47.411+0000] {dag.py:3096} INFO - Sync 1 DAGs
[2026-06-24T07:18:47.443+0000] {logging_mixin.py:188} INFO - [2026-06-24T07:18:47.442+0000] {dag.py:3954} INFO - Setting next_dagrun for example_xcom to 2021-01-01 00:00:00+00:00, run_after=2021-01-01 00:00:00+00:00
[2026-06-24T07:18:47.465+0000] {processor.py:183} INFO - Processing /home/airflow/.local/lib/python3.12/site-packages/airflow/example_dags/example_xcom.py took 0.108 seconds
[2026-06-24T07:19:17.727+0000] {processor.py:161} INFO - Started process (PID=3889) to work on /home/airflow/.local/lib/python3.12/site-packages/airflow/example_dags/example_xcom.py
[2026-06-24T07:19:17.728+0000] {processor.py:830} INFO - Processing file /home/airflow/.local/lib/python3.12/site-packages/airflow/example_dags/example_xcom.py for tasks to queue
[2026-06-24T07:19:17.730+0000] {logging_mixin.py:188} INFO - [2026-06-24T07:19:17.730+0000] {dagbag.py:545} INFO - Filling up the DagBag from /home/airflow/.local/lib/python3.12/site-packages/airflow/example_dags/example_xcom.py
[2026-06-24T07:19:17.740+0000] {processor.py:840} INFO - DAG(s) 'example_xcom' retrieved from /home/airflow/.local/lib/python3.12/site-packages/airflow/example_dags/example_xcom.py
[2026-06-24T07:19:17.766+0000] {logging_mixin.py:188} INFO - [2026-06-24T07:19:17.765+0000] {dag.py:3096} INFO - Sync 1 DAGs
[2026-06-24T07:19:17.794+0000] {logging_mixin.py:188} INFO - [2026-06-24T07:19:17.793+0000] {dag.py:3954} INFO - Setting next_dagrun for example_xcom to 2021-01-01 00:00:00+00:00, run_after=2021-01-01 00:00:00+00:00
[2026-06-24T07:19:17.816+0000] {processor.py:183} INFO - Processing /home/airflow/.local/lib/python3.12/site-packages/airflow/example_dags/example_xcom.py took 0.096 seconds
[2026-06-24T07:19:48.303+0000] {processor.py:161} INFO - Started process (PID=3948) to work on /home/airflow/.local/lib/python3.12/site-packages/airflow/example_dags/example_xcom.py
[2026-06-24T07:19:48.304+0000] {processor.py:830} INFO - Processing file /home/airflow/.local/lib/python3.12/site-packages/airflow/example_dags/example_xcom.py for tasks to queue
[2026-06-24T07:19:48.306+0000] {logging_mixin.py:188} INFO - [2026-06-24T07:19:48.305+0000] {dagbag.py:545} INFO - Filling up the DagBag from /home/airflow/.local/lib/python3.12/site-packages/airflow/example_dags/example_xcom.py
[2026-06-24T07:19:48.316+0000] {processor.py:840} INFO - DAG(s) 'example_xcom' retrieved from /home/airflow/.local/lib/python3.12/site-packages/airflow/example_dags/example_xcom.py
[2026-06-24T07:19:48.343+0000] {logging_mixin.py:188} INFO - [2026-06-24T07:19:48.343+0000] {dag.py:3096} INFO - Sync 1 DAGs
[2026-06-24T07:19:48.387+0000] {logging_mixin.py:188} INFO - [2026-06-24T07:19:48.387+0000] {dag.py:3954} INFO - Setting next_dagrun for example_xcom to 2021-01-01 00:00:00+00:00, run_after=2021-01-01 00:00:00+00:00
[2026-06-24T07:19:48.408+0000] {processor.py:183} INFO - Processing /home/airflow/.local/lib/python3.12/site-packages/airflow/example_dags/example_xcom.py took 0.113 seconds
[2026-06-24T07:20:18.730+0000] {processor.py:161} INFO - Started process (PID=4007) to work on /home/airflow/.local/lib/python3.12/site-packages/airflow/example_dags/example_xcom.py
[2026-06-24T07:20:18.735+0000] {processor.py:830} INFO - Processing file /home/airflow/.local/lib/python3.12/site-packages/airflow/example_dags/example_xcom.py for tasks to queue
[2026-06-24T07:20:18.742+0000] {logging_mixin.py:188} INFO - [2026-06-24T07:20:18.742+0000] {dagbag.py:545} INFO - Filling up the DagBag from /home/airflow/.local/lib/python3.12/site-packages/airflow/example_dags/example_xcom.py
[2026-06-24T07:20:18.775+0000] {processor.py:840} INFO - DAG(s) 'example_xcom' retrieved from /home/airflow/.local/lib/python3.12/site-packages/airflow/example_dags/example_xcom.py
[2026-06-24T07:20:18.830+0000] {logging_mixin.py:188} INFO - [2026-06-24T07:20:18.830+0000] {dag.py:3096} INFO - Sync 1 DAGs
[2026-06-24T07:20:18.879+0000] {logging_mixin.py:188} INFO - [2026-06-24T07:20:18.878+0000] {dag.py:3954} INFO - Setting next_dagrun for example_xcom to 2021-01-01 00:00:00+00:00, run_after=2021-01-01 00:00:00+00:00
[2026-06-24T07:20:18.930+0000] {processor.py:183} INFO - Processing /home/airflow/.local/lib/python3.12/site-packages/airflow/example_dags/example_xcom.py took 0.226 seconds
[2026-06-24T07:20:49.384+0000] {processor.py:161} INFO - Started process (PID=4066) to work on /home/airflow/.local/lib/python3.12/site-packages/airflow/example_dags/example_xcom.py
[2026-06-24T07:20:49.384+0000] {processor.py:830} INFO - Processing file /home/airflow/.local/lib/python3.12/site-packages/airflow/example_dags/example_xcom.py for tasks to queue
[2026-06-24T07:20:49.387+0000] {logging_mixin.py:188} INFO - [2026-06-24T07:20:49.386+0000] {dagbag.py:545} INFO - Filling up the DagBag from /home/airflow/.local/lib/python3.12/site-packages/airflow/example_dags/example_xcom.py
[2026-06-24T07:20:49.396+0000] {processor.py:840} INFO - DAG(s) 'example_xcom' retrieved from /home/airflow/.local/lib/python3.12/site-packages/airflow/example_dags/example_xcom.py
[2026-06-24T07:20:49.424+0000] {logging_mixin.py:188} INFO - [2026-06-24T07:20:49.424+0000] {dag.py:3096} INFO - Sync 1 DAGs
[2026-06-24T07:20:49.454+0000] {logging_mixin.py:188} INFO - [2026-06-24T07:20:49.453+0000] {dag.py:3954} INFO - Setting next_dagrun for example_xcom to 2021-01-01 00:00:00+00:00, run_after=2021-01-01 00:00:00+00:00
[2026-06-24T07:20:49.475+0000] {processor.py:183} INFO - Processing /home/airflow/.local/lib/python3.12/site-packages/airflow/example_dags/example_xcom.py took 0.098 seconds
[2026-06-24T07:21:19.653+0000] {processor.py:161} INFO - Started process (PID=4125) to work on /home/airflow/.local/lib/python3.12/site-packages/airflow/example_dags/example_xcom.py
[2026-06-24T07:21:19.656+0000] {processor.py:830} INFO - Processing file /home/airflow/.local/lib/python3.12/site-packages/airflow/example_dags/example_xcom.py for tasks to queue
[2026-06-24T07:21:19.660+0000] {logging_mixin.py:188} INFO - [2026-06-24T07:21:19.660+0000] {dagbag.py:545} INFO - Filling up the DagBag from /home/airflow/.local/lib/python3.12/site-packages/airflow/example_dags/example_xcom.py
[2026-06-24T07:21:19.682+0000] {processor.py:840} INFO - DAG(s) 'example_xcom' retrieved from /home/airflow/.local/lib/python3.12/site-packages/airflow/example_dags/example_xcom.py
[2026-06-24T07:21:19.757+0000] {logging_mixin.py:188} INFO - [2026-06-24T07:21:19.757+0000] {dag.py:3096} INFO - Sync 1 DAGs
[2026-06-24T07:21:19.820+0000] {logging_mixin.py:188} INFO - [2026-06-24T07:21:19.820+0000] {dag.py:3954} INFO - Setting next_dagrun for example_xcom to 2021-01-01 00:00:00+00:00, run_after=2021-01-01 00:00:00+00:00
[2026-06-24T07:21:19.873+0000] {processor.py:183} INFO - Processing /home/airflow/.local/lib/python3.12/site-packages/airflow/example_dags/example_xcom.py took 0.232 seconds
[2026-06-24T07:21:50.833+0000] {processor.py:161} INFO - Started process (PID=4183) to work on /home/airflow/.local/lib/python3.12/site-packages/airflow/example_dags/example_xcom.py
[2026-06-24T07:21:50.835+0000] {processor.py:830} INFO - Processing file /home/airflow/.local/lib/python3.12/site-packages/airflow/example_dags/example_xcom.py for tasks to queue
[2026-06-24T07:21:50.838+0000] {logging_mixin.py:188} INFO - [2026-06-24T07:21:50.838+0000] {dagbag.py:545} INFO - Filling up the DagBag from /home/airflow/.local/lib/python3.12/site-packages/airflow/example_dags/example_xcom.py
[2026-06-24T07:21:50.868+0000] {processor.py:840} INFO - DAG(s) 'example_xcom' retrieved from /home/airflow/.local/lib/python3.12/site-packages/airflow/example_dags/example_xcom.py
[2026-06-24T07:21:50.936+0000] {logging_mixin.py:188} INFO - [2026-06-24T07:21:50.936+0000] {dag.py:3096} INFO - Sync 1 DAGs
[2026-06-24T07:21:50.966+0000] {logging_mixin.py:188} INFO - [2026-06-24T07:21:50.966+0000] {dag.py:3954} INFO - Setting next_dagrun for example_xcom to 2021-01-01 00:00:00+00:00, run_after=2021-01-01 00:00:00+00:00
[2026-06-24T07:21:50.989+0000] {processor.py:183} INFO - Processing /home/airflow/.local/lib/python3.12/site-packages/airflow/example_dags/example_xcom.py took 0.166 seconds
[2026-06-24T07:22:21.240+0000] {processor.py:161} INFO - Started process (PID=4242) to work on /home/airflow/.local/lib/python3.12/site-packages/airflow/example_dags/example_xcom.py
[2026-06-24T07:22:21.241+0000] {processor.py:830} INFO - Processing file /home/airflow/.local/lib/python3.12/site-packages/airflow/example_dags/example_xcom.py for tasks to queue
[2026-06-24T07:22:21.243+0000] {logging_mixin.py:188} INFO - [2026-06-24T07:22:21.243+0000] {dagbag.py:545} INFO - Filling up the DagBag from /home/airflow/.local/lib/python3.12/site-packages/airflow/example_dags/example_xcom.py
[2026-06-24T07:22:21.255+0000] {processor.py:840} INFO - DAG(s) 'example_xcom' retrieved from /home/airflow/.local/lib/python3.12/site-packages/airflow/example_dags/example_xcom.py
[2026-06-24T07:22:21.286+0000] {logging_mixin.py:188} INFO - [2026-06-24T07:22:21.285+0000] {dag.py:3096} INFO - Sync 1 DAGs
[2026-06-24T07:22:21.318+0000] {logging_mixin.py:188} INFO - [2026-06-24T07:22:21.318+0000] {dag.py:3954} INFO - Setting next_dagrun for example_xcom to 2021-01-01 00:00:00+00:00, run_after=2021-01-01 00:00:00+00:00
[2026-06-24T07:22:21.340+0000] {processor.py:183} INFO - Processing /home/airflow/.local/lib/python3.12/site-packages/airflow/example_dags/example_xcom.py took 0.109 seconds
[2026-06-24T07:22:51.446+0000] {processor.py:161} INFO - Started process (PID=4301) to work on /home/airflow/.local/lib/python3.12/site-packages/airflow/example_dags/example_xcom.py
[2026-06-24T07:22:51.447+0000] {processor.py:830} INFO - Processing file /home/airflow/.local/lib/python3.12/site-packages/airflow/example_dags/example_xcom.py for tasks to queue
[2026-06-24T07:22:51.449+0000] {logging_mixin.py:188} INFO - [2026-06-24T07:22:51.449+0000] {dagbag.py:545} INFO - Filling up the DagBag from /home/airflow/.local/lib/python3.12/site-packages/airflow/example_dags/example_xcom.py
[2026-06-24T07:22:51.458+0000] {processor.py:840} INFO - DAG(s) 'example_xcom' retrieved from /home/airflow/.local/lib/python3.12/site-packages/airflow/example_dags/example_xcom.py
[2026-06-24T07:22:51.486+0000] {logging_mixin.py:188} INFO - [2026-06-24T07:22:51.485+0000] {dag.py:3096} INFO - Sync 1 DAGs
[2026-06-24T07:22:51.516+0000] {logging_mixin.py:188} INFO - [2026-06-24T07:22:51.515+0000] {dag.py:3954} INFO - Setting next_dagrun for example_xcom to 2021-01-01 00:00:00+00:00, run_after=2021-01-01 00:00:00+00:00
[2026-06-24T07:22:51.539+0000] {processor.py:183} INFO - Processing /home/airflow/.local/lib/python3.12/site-packages/airflow/example_dags/example_xcom.py took 0.103 seconds
[2026-06-24T07:23:21.976+0000] {processor.py:161} INFO - Started process (PID=4360) to work on /home/airflow/.local/lib/python3.12/site-packages/airflow/example_dags/example_xcom.py
[2026-06-24T07:23:21.977+0000] {processor.py:830} INFO - Processing file /home/airflow/.local/lib/python3.12/site-packages/airflow/example_dags/example_xcom.py for tasks to queue
[2026-06-24T07:23:21.979+0000] {logging_mixin.py:188} INFO - [2026-06-24T07:23:21.978+0000] {dagbag.py:545} INFO - Filling up the DagBag from /home/airflow/.local/lib/python3.12/site-packages/airflow/example_dags/example_xcom.py
[2026-06-24T07:23:21.990+0000] {processor.py:840} INFO - DAG(s) 'example_xcom' retrieved from /home/airflow/.local/lib/python3.12/site-packages/airflow/example_dags/example_xcom.py
[2026-06-24T07:23:22.018+0000] {logging_mixin.py:188} INFO - [2026-06-24T07:23:22.018+0000] {dag.py:3096} INFO - Sync 1 DAGs
[2026-06-24T07:23:22.048+0000] {logging_mixin.py:188} INFO - [2026-06-24T07:23:22.048+0000] {dag.py:3954} INFO - Setting next_dagrun for example_xcom to 2021-01-01 00:00:00+00:00, run_after=2021-01-01 00:00:00+00:00
[2026-06-24T07:23:22.071+0000] {processor.py:183} INFO - Processing /home/airflow/.local/lib/python3.12/site-packages/airflow/example_dags/example_xcom.py took 0.103 seconds
[2026-06-24T07:23:52.204+0000] {processor.py:161} INFO - Started process (PID=4419) to work on /home/airflow/.local/lib/python3.12/site-packages/airflow/example_dags/example_xcom.py
[2026-06-24T07:23:52.205+0000] {processor.py:830} INFO - Processing file /home/airflow/.local/lib/python3.12/site-packages/airflow/example_dags/example_xcom.py for tasks to queue
[2026-06-24T07:23:52.207+0000] {logging_mixin.py:188} INFO - [2026-06-24T07:23:52.206+0000] {dagbag.py:545} INFO - Filling up the DagBag from /home/airflow/.local/lib/python3.12/site-packages/airflow/example_dags/example_xcom.py
[2026-06-24T07:23:52.217+0000] {processor.py:840} INFO - DAG(s) 'example_xcom' retrieved from /home/airflow/.local/lib/python3.12/site-packages/airflow/example_dags/example_xcom.py
[2026-06-24T07:23:52.248+0000] {logging_mixin.py:188} INFO - [2026-06-24T07:23:52.248+0000] {dag.py:3096} INFO - Sync 1 DAGs
[2026-06-24T07:23:52.276+0000] {logging_mixin.py:188} INFO - [2026-06-24T07:23:52.276+0000] {dag.py:3954} INFO - Setting next_dagrun for example_xcom to 2021-01-01 00:00:00+00:00, run_after=2021-01-01 00:00:00+00:00
[2026-06-24T07:23:52.298+0000] {processor.py:183} INFO - Processing /home/airflow/.local/lib/python3.12/site-packages/airflow/example_dags/example_xcom.py took 0.103 seconds
[2026-06-24T07:24:22.607+0000] {processor.py:161} INFO - Started process (PID=4478) to work on /home/airflow/.local/lib/python3.12/site-packages/airflow/example_dags/example_xcom.py
[2026-06-24T07:24:22.607+0000] {processor.py:830} INFO - Processing file /home/airflow/.local/lib/python3.12/site-packages/airflow/example_dags/example_xcom.py for tasks to queue
[2026-06-24T07:24:22.610+0000] {logging_mixin.py:188} INFO - [2026-06-24T07:24:22.610+0000] {dagbag.py:545} INFO - Filling up the DagBag from /home/airflow/.local/lib/python3.12/site-packages/airflow/example_dags/example_xcom.py
[2026-06-24T07:24:22.620+0000] {processor.py:840} INFO - DAG(s) 'example_xcom' retrieved from /home/airflow/.local/lib/python3.12/site-packages/airflow/example_dags/example_xcom.py
[2026-06-24T07:24:22.658+0000] {logging_mixin.py:188} INFO - [2026-06-24T07:24:22.657+0000] {dag.py:3096} INFO - Sync 1 DAGs
[2026-06-24T07:24:22.706+0000] {logging_mixin.py:188} INFO - [2026-06-24T07:24:22.706+0000] {dag.py:3954} INFO - Setting next_dagrun for example_xcom to 2021-01-01 00:00:00+00:00, run_after=2021-01-01 00:00:00+00:00
[2026-06-24T07:24:22.746+0000] {processor.py:183} INFO - Processing /home/airflow/.local/lib/python3.12/site-packages/airflow/example_dags/example_xcom.py took 0.154 seconds
[2026-06-24T07:24:53.141+0000] {processor.py:161} INFO - Started process (PID=4536) to work on /home/airflow/.local/lib/python3.12/site-packages/airflow/example_dags/example_xcom.py
[2026-06-24T07:24:53.142+0000] {processor.py:830} INFO - Processing file /home/airflow/.local/lib/python3.12/site-packages/airflow/example_dags/example_xcom.py for tasks to queue
[2026-06-24T07:24:53.146+0000] {logging_mixin.py:188} INFO - [2026-06-24T07:24:53.145+0000] {dagbag.py:545} INFO - Filling up the DagBag from /home/airflow/.local/lib/python3.12/site-packages/airflow/example_dags/example_xcom.py
[2026-06-24T07:24:53.159+0000] {processor.py:840} INFO - DAG(s) 'example_xcom' retrieved from /home/airflow/.local/lib/python3.12/site-packages/airflow/example_dags/example_xcom.py
[2026-06-24T07:24:53.188+0000] {logging_mixin.py:188} INFO - [2026-06-24T07:24:53.187+0000] {dag.py:3096} INFO - Sync 1 DAGs
[2026-06-24T07:24:53.217+0000] {logging_mixin.py:188} INFO - [2026-06-24T07:24:53.217+0000] {dag.py:3954} INFO - Setting next_dagrun for example_xcom to 2021-01-01 00:00:00+00:00, run_after=2021-01-01 00:00:00+00:00
[2026-06-24T07:24:53.238+0000] {processor.py:183} INFO - Processing /home/airflow/.local/lib/python3.12/site-packages/airflow/example_dags/example_xcom.py took 0.105 seconds
[2026-06-24T07:25:23.620+0000] {processor.py:161} INFO - Started process (PID=4594) to work on /home/airflow/.local/lib/python3.12/site-packages/airflow/example_dags/example_xcom.py
[2026-06-24T07:25:23.621+0000] {processor.py:830} INFO - Processing file /home/airflow/.local/lib/python3.12/site-packages/airflow/example_dags/example_xcom.py for tasks to queue
[2026-06-24T07:25:23.623+0000] {logging_mixin.py:188} INFO - [2026-06-24T07:25:23.623+0000] {dagbag.py:545} INFO - Filling up the DagBag from /home/airflow/.local/lib/python3.12/site-packages/airflow/example_dags/example_xcom.py
[2026-06-24T07:25:23.633+0000] {processor.py:840} INFO - DAG(s) 'example_xcom' retrieved from /home/airflow/.local/lib/python3.12/site-packages/airflow/example_dags/example_xcom.py
[2026-06-24T07:25:23.662+0000] {logging_mixin.py:188} INFO - [2026-06-24T07:25:23.662+0000] {dag.py:3096} INFO - Sync 1 DAGs
[2026-06-24T07:25:23.694+0000] {logging_mixin.py:188} INFO - [2026-06-24T07:25:23.694+0000] {dag.py:3954} INFO - Setting next_dagrun for example_xcom to 2021-01-01 00:00:00+00:00, run_after=2021-01-01 00:00:00+00:00
[2026-06-24T07:25:23.715+0000] {processor.py:183} INFO - Processing /home/airflow/.local/lib/python3.12/site-packages/airflow/example_dags/example_xcom.py took 0.102 seconds
[2026-06-24T07:25:54.344+0000] {processor.py:161} INFO - Started process (PID=4653) to work on /home/airflow/.local/lib/python3.12/site-packages/airflow/example_dags/example_xcom.py
[2026-06-24T07:25:54.346+0000] {processor.py:830} INFO - Processing file /home/airflow/.local/lib/python3.12/site-packages/airflow/example_dags/example_xcom.py for tasks to queue
[2026-06-24T07:25:54.355+0000] {logging_mixin.py:188} INFO - [2026-06-24T07:25:54.354+0000] {dagbag.py:545} INFO - Filling up the DagBag from /home/airflow/.local/lib/python3.12/site-packages/airflow/example_dags/example_xcom.py
[2026-06-24T07:25:54.392+0000] {processor.py:840} INFO - DAG(s) 'example_xcom' retrieved from /home/airflow/.local/lib/python3.12/site-packages/airflow/example_dags/example_xcom.py
[2026-06-24T07:25:54.454+0000] {logging_mixin.py:188} INFO - [2026-06-24T07:25:54.451+0000] {dag.py:3096} INFO - Sync 1 DAGs
[2026-06-24T07:25:54.517+0000] {logging_mixin.py:188} INFO - [2026-06-24T07:25:54.516+0000] {dag.py:3954} INFO - Setting next_dagrun for example_xcom to 2021-01-01 00:00:00+00:00, run_after=2021-01-01 00:00:00+00:00
[2026-06-24T07:25:54.576+0000] {processor.py:183} INFO - Processing /home/airflow/.local/lib/python3.12/site-packages/airflow/example_dags/example_xcom.py took 0.261 seconds
[2026-06-24T07:26:25.206+0000] {processor.py:161} INFO - Started process (PID=4711) to work on /home/airflow/.local/lib/python3.12/site-packages/airflow/example_dags/example_xcom.py
[2026-06-24T07:26:25.207+0000] {processor.py:830} INFO - Processing file /home/airflow/.local/lib/python3.12/site-packages/airflow/example_dags/example_xcom.py for tasks to queue
[2026-06-24T07:26:25.210+0000] {logging_mixin.py:188} INFO - [2026-06-24T07:26:25.209+0000] {dagbag.py:545} INFO - Filling up the DagBag from /home/airflow/.local/lib/python3.12/site-packages/airflow/example_dags/example_xcom.py
[2026-06-24T07:26:25.221+0000] {processor.py:840} INFO - DAG(s) 'example_xcom' retrieved from /home/airflow/.local/lib/python3.12/site-packages/airflow/example_dags/example_xcom.py
[2026-06-24T07:26:25.254+0000] {logging_mixin.py:188} INFO - [2026-06-24T07:26:25.253+0000] {dag.py:3096} INFO - Sync 1 DAGs
[2026-06-24T07:26:25.286+0000] {logging_mixin.py:188} INFO - [2026-06-24T07:26:25.286+0000] {dag.py:3954} INFO - Setting next_dagrun for example_xcom to 2021-01-01 00:00:00+00:00, run_after=2021-01-01 00:00:00+00:00
[2026-06-24T07:26:25.312+0000] {processor.py:183} INFO - Processing /home/airflow/.local/lib/python3.12/site-packages/airflow/example_dags/example_xcom.py took 0.117 seconds
[2026-06-24T07:26:56.092+0000] {processor.py:161} INFO - Started process (PID=4770) to work on /home/airflow/.local/lib/python3.12/site-packages/airflow/example_dags/example_xcom.py
[2026-06-24T07:26:56.093+0000] {processor.py:830} INFO - Processing file /home/airflow/.local/lib/python3.12/site-packages/airflow/example_dags/example_xcom.py for tasks to queue
[2026-06-24T07:26:56.095+0000] {logging_mixin.py:188} INFO - [2026-06-24T07:26:56.094+0000] {dagbag.py:545} INFO - Filling up the DagBag from /home/airflow/.local/lib/python3.12/site-packages/airflow/example_dags/example_xcom.py
[2026-06-24T07:26:56.105+0000] {processor.py:840} INFO - DAG(s) 'example_xcom' retrieved from /home/airflow/.local/lib/python3.12/site-packages/airflow/example_dags/example_xcom.py
[2026-06-24T07:26:56.134+0000] {logging_mixin.py:188} INFO - [2026-06-24T07:26:56.133+0000] {dag.py:3096} INFO - Sync 1 DAGs
[2026-06-24T07:26:56.165+0000] {logging_mixin.py:188} INFO - [2026-06-24T07:26:56.164+0000] {dag.py:3954} INFO - Setting next_dagrun for example_xcom to 2021-01-01 00:00:00+00:00, run_after=2021-01-01 00:00:00+00:00
[2026-06-24T07:26:56.189+0000] {processor.py:183} INFO - Processing /home/airflow/.local/lib/python3.12/site-packages/airflow/example_dags/example_xcom.py took 0.104 seconds
[2026-06-24T07:27:26.542+0000] {processor.py:161} INFO - Started process (PID=4830) to work on /home/airflow/.local/lib/python3.12/site-packages/airflow/example_dags/example_xcom.py
[2026-06-24T07:27:26.543+0000] {processor.py:830} INFO - Processing file /home/airflow/.local/lib/python3.12/site-packages/airflow/example_dags/example_xcom.py for tasks to queue
[2026-06-24T07:27:26.546+0000] {logging_mixin.py:188} INFO - [2026-06-24T07:27:26.545+0000] {dagbag.py:545} INFO - Filling up the DagBag from /home/airflow/.local/lib/python3.12/site-packages/airflow/example_dags/example_xcom.py
[2026-06-24T07:27:26.565+0000] {processor.py:840} INFO - DAG(s) 'example_xcom' retrieved from /home/airflow/.local/lib/python3.12/site-packages/airflow/example_dags/example_xcom.py
[2026-06-24T07:27:26.637+0000] {logging_mixin.py:188} INFO - [2026-06-24T07:27:26.637+0000] {dag.py:3096} INFO - Sync 1 DAGs
[2026-06-24T07:27:26.720+0000] {logging_mixin.py:188} INFO - [2026-06-24T07:27:26.718+0000] {dag.py:3954} INFO - Setting next_dagrun for example_xcom to 2021-01-01 00:00:00+00:00, run_after=2021-01-01 00:00:00+00:00
[2026-06-24T07:27:26.771+0000] {processor.py:183} INFO - Processing /home/airflow/.local/lib/python3.12/site-packages/airflow/example_dags/example_xcom.py took 0.245 seconds
[2026-06-24T07:27:57.060+0000] {processor.py:161} INFO - Started process (PID=4889) to work on /home/airflow/.local/lib/python3.12/site-packages/airflow/example_dags/example_xcom.py
[2026-06-24T07:27:57.061+0000] {processor.py:830} INFO - Processing file /home/airflow/.local/lib/python3.12/site-packages/airflow/example_dags/example_xcom.py for tasks to queue
[2026-06-24T07:27:57.063+0000] {logging_mixin.py:188} INFO - [2026-06-24T07:27:57.063+0000] {dagbag.py:545} INFO - Filling up the DagBag from /home/airflow/.local/lib/python3.12/site-packages/airflow/example_dags/example_xcom.py
[2026-06-24T07:27:57.074+0000] {processor.py:840} INFO - DAG(s) 'example_xcom' retrieved from /home/airflow/.local/lib/python3.12/site-packages/airflow/example_dags/example_xcom.py
[2026-06-24T07:27:57.105+0000] {logging_mixin.py:188} INFO - [2026-06-24T07:27:57.105+0000] {dag.py:3096} INFO - Sync 1 DAGs
[2026-06-24T07:27:57.138+0000] {logging_mixin.py:188} INFO - [2026-06-24T07:27:57.137+0000] {dag.py:3954} INFO - Setting next_dagrun for example_xcom to 2021-01-01 00:00:00+00:00, run_after=2021-01-01 00:00:00+00:00
[2026-06-24T07:27:57.163+0000] {processor.py:183} INFO - Processing /home/airflow/.local/lib/python3.12/site-packages/airflow/example_dags/example_xcom.py took 0.111 seconds
[2026-06-24T07:28:27.308+0000] {processor.py:161} INFO - Started process (PID=4948) to work on /home/airflow/.local/lib/python3.12/site-packages/airflow/example_dags/example_xcom.py
[2026-06-24T07:28:27.309+0000] {processor.py:830} INFO - Processing file /home/airflow/.local/lib/python3.12/site-packages/airflow/example_dags/example_xcom.py for tasks to queue
[2026-06-24T07:28:27.311+0000] {logging_mixin.py:188} INFO - [2026-06-24T07:28:27.310+0000] {dagbag.py:545} INFO - Filling up the DagBag from /home/airflow/.local/lib/python3.12/site-packages/airflow/example_dags/example_xcom.py
[2026-06-24T07:28:27.320+0000] {processor.py:840} INFO - DAG(s) 'example_xcom' retrieved from /home/airflow/.local/lib/python3.12/site-packages/airflow/example_dags/example_xcom.py
[2026-06-24T07:28:27.349+0000] {logging_mixin.py:188} INFO - [2026-06-24T07:28:27.349+0000] {dag.py:3096} INFO - Sync 1 DAGs
[2026-06-24T07:28:27.379+0000] {logging_mixin.py:188} INFO - [2026-06-24T07:28:27.379+0000] {dag.py:3954} INFO - Setting next_dagrun for example_xcom to 2021-01-01 00:00:00+00:00, run_after=2021-01-01 00:00:00+00:00
[2026-06-24T07:28:27.400+0000] {processor.py:183} INFO - Processing /home/airflow/.local/lib/python3.12/site-packages/airflow/example_dags/example_xcom.py took 0.104 seconds
[2026-06-24T07:28:57.725+0000] {processor.py:161} INFO - Started process (PID=5007) to work on /home/airflow/.local/lib/python3.12/site-packages/airflow/example_dags/example_xcom.py
[2026-06-24T07:28:57.726+0000] {processor.py:830} INFO - Processing file /home/airflow/.local/lib/python3.12/site-packages/airflow/example_dags/example_xcom.py for tasks to queue
[2026-06-24T07:28:57.728+0000] {logging_mixin.py:188} INFO - [2026-06-24T07:28:57.728+0000] {dagbag.py:545} INFO - Filling up the DagBag from /home/airflow/.local/lib/python3.12/site-packages/airflow/example_dags/example_xcom.py
[2026-06-24T07:28:57.738+0000] {processor.py:840} INFO - DAG(s) 'example_xcom' retrieved from /home/airflow/.local/lib/python3.12/site-packages/airflow/example_dags/example_xcom.py
[2026-06-24T07:28:57.766+0000] {logging_mixin.py:188} INFO - [2026-06-24T07:28:57.766+0000] {dag.py:3096} INFO - Sync 1 DAGs
[2026-06-24T07:28:57.796+0000] {logging_mixin.py:188} INFO - [2026-06-24T07:28:57.795+0000] {dag.py:3954} INFO - Setting next_dagrun for example_xcom to 2021-01-01 00:00:00+00:00, run_after=2021-01-01 00:00:00+00:00
[2026-06-24T07:28:57.820+0000] {processor.py:183} INFO - Processing /home/airflow/.local/lib/python3.12/site-packages/airflow/example_dags/example_xcom.py took 0.102 seconds
[2026-06-24T07:29:28.096+0000] {processor.py:161} INFO - Started process (PID=5066) to work on /home/airflow/.local/lib/python3.12/site-packages/airflow/example_dags/example_xcom.py
[2026-06-24T07:29:28.097+0000] {processor.py:830} INFO - Processing file /home/airflow/.local/lib/python3.12/site-packages/airflow/example_dags/example_xcom.py for tasks to queue
[2026-06-24T07:29:28.100+0000] {logging_mixin.py:188} INFO - [2026-06-24T07:29:28.099+0000] {dagbag.py:545} INFO - Filling up the DagBag from /home/airflow/.local/lib/python3.12/site-packages/airflow/example_dags/example_xcom.py
[2026-06-24T07:29:28.112+0000] {processor.py:840} INFO - DAG(s) 'example_xcom' retrieved from /home/airflow/.local/lib/python3.12/site-packages/airflow/example_dags/example_xcom.py
[2026-06-24T07:29:28.143+0000] {logging_mixin.py:188} INFO - [2026-06-24T07:29:28.142+0000] {dag.py:3096} INFO - Sync 1 DAGs
[2026-06-24T07:29:28.174+0000] {logging_mixin.py:188} INFO - [2026-06-24T07:29:28.174+0000] {dag.py:3954} INFO - Setting next_dagrun for example_xcom to 2021-01-01 00:00:00+00:00, run_after=2021-01-01 00:00:00+00:00
[2026-06-24T07:29:28.196+0000] {processor.py:183} INFO - Processing /home/airflow/.local/lib/python3.12/site-packages/airflow/example_dags/example_xcom.py took 0.108 seconds
[2026-06-24T07:29:58.647+0000] {processor.py:161} INFO - Started process (PID=5125) to work on /home/airflow/.local/lib/python3.12/site-packages/airflow/example_dags/example_xcom.py
[2026-06-24T07:29:58.648+0000] {processor.py:830} INFO - Processing file /home/airflow/.local/lib/python3.12/site-packages/airflow/example_dags/example_xcom.py for tasks to queue
[2026-06-24T07:29:58.650+0000] {logging_mixin.py:188} INFO - [2026-06-24T07:29:58.650+0000] {dagbag.py:545} INFO - Filling up the DagBag from /home/airflow/.local/lib/python3.12/site-packages/airflow/example_dags/example_xcom.py
[2026-06-24T07:29:58.661+0000] {processor.py:840} INFO - DAG(s) 'example_xcom' retrieved from /home/airflow/.local/lib/python3.12/site-packages/airflow/example_dags/example_xcom.py
[2026-06-24T07:29:58.691+0000] {logging_mixin.py:188} INFO - [2026-06-24T07:29:58.691+0000] {dag.py:3096} INFO - Sync 1 DAGs
[2026-06-24T07:29:58.722+0000] {logging_mixin.py:188} INFO - [2026-06-24T07:29:58.722+0000] {dag.py:3954} INFO - Setting next_dagrun for example_xcom to 2021-01-01 00:00:00+00:00, run_after=2021-01-01 00:00:00+00:00
[2026-06-24T07:29:58.750+0000] {processor.py:183} INFO - Processing /home/airflow/.local/lib/python3.12/site-packages/airflow/example_dags/example_xcom.py took 0.111 seconds
[2026-06-24T07:30:29.127+0000] {processor.py:161} INFO - Started process (PID=5184) to work on /home/airflow/.local/lib/python3.12/site-packages/airflow/example_dags/example_xcom.py
[2026-06-24T07:30:29.128+0000] {processor.py:830} INFO - Processing file /home/airflow/.local/lib/python3.12/site-packages/airflow/example_dags/example_xcom.py for tasks to queue
[2026-06-24T07:30:29.131+0000] {logging_mixin.py:188} INFO - [2026-06-24T07:30:29.130+0000] {dagbag.py:545} INFO - Filling up the DagBag from /home/airflow/.local/lib/python3.12/site-packages/airflow/example_dags/example_xcom.py
[2026-06-24T07:30:29.140+0000] {processor.py:840} INFO - DAG(s) 'example_xcom' retrieved from /home/airflow/.local/lib/python3.12/site-packages/airflow/example_dags/example_xcom.py
[2026-06-24T07:30:29.181+0000] {logging_mixin.py:188} INFO - [2026-06-24T07:30:29.181+0000] {dag.py:3096} INFO - Sync 1 DAGs
[2026-06-24T07:30:29.215+0000] {logging_mixin.py:188} INFO - [2026-06-24T07:30:29.215+0000] {dag.py:3954} INFO - Setting next_dagrun for example_xcom to 2021-01-01 00:00:00+00:00, run_after=2021-01-01 00:00:00+00:00
[2026-06-24T07:30:29.240+0000] {processor.py:183} INFO - Processing /home/airflow/.local/lib/python3.12/site-packages/airflow/example_dags/example_xcom.py took 0.120 seconds
[2026-06-24T07:30:59.599+0000] {processor.py:161} INFO - Started process (PID=5241) to work on /home/airflow/.local/lib/python3.12/site-packages/airflow/example_dags/example_xcom.py
[2026-06-24T07:30:59.600+0000] {processor.py:830} INFO - Processing file /home/airflow/.local/lib/python3.12/site-packages/airflow/example_dags/example_xcom.py for tasks to queue
[2026-06-24T07:30:59.602+0000] {logging_mixin.py:188} INFO - [2026-06-24T07:30:59.601+0000] {dagbag.py:545} INFO - Filling up the DagBag from /home/airflow/.local/lib/python3.12/site-packages/airflow/example_dags/example_xcom.py
[2026-06-24T07:30:59.609+0000] {processor.py:840} INFO - DAG(s) 'example_xcom' retrieved from /home/airflow/.local/lib/python3.12/site-packages/airflow/example_dags/example_xcom.py
[2026-06-24T07:30:59.629+0000] {logging_mixin.py:188} INFO - [2026-06-24T07:30:59.629+0000] {dag.py:3096} INFO - Sync 1 DAGs
[2026-06-24T07:30:59.649+0000] {logging_mixin.py:188} INFO - [2026-06-24T07:30:59.649+0000] {dag.py:3954} INFO - Setting next_dagrun for example_xcom to 2021-01-01 00:00:00+00:00, run_after=2021-01-01 00:00:00+00:00
[2026-06-24T07:30:59.666+0000] {processor.py:183} INFO - Processing /home/airflow/.local/lib/python3.12/site-packages/airflow/example_dags/example_xcom.py took 0.072 seconds
[2026-06-24T07:31:30.040+0000] {processor.py:161} INFO - Started process (PID=5299) to work on /home/airflow/.local/lib/python3.12/site-packages/airflow/example_dags/example_xcom.py
[2026-06-24T07:31:30.047+0000] {processor.py:830} INFO - Processing file /home/airflow/.local/lib/python3.12/site-packages/airflow/example_dags/example_xcom.py for tasks to queue
[2026-06-24T07:31:30.055+0000] {logging_mixin.py:188} INFO - [2026-06-24T07:31:30.055+0000] {dagbag.py:545} INFO - Filling up the DagBag from /home/airflow/.local/lib/python3.12/site-packages/airflow/example_dags/example_xcom.py
[2026-06-24T07:31:30.088+0000] {processor.py:840} INFO - DAG(s) 'example_xcom' retrieved from /home/airflow/.local/lib/python3.12/site-packages/airflow/example_dags/example_xcom.py
[2026-06-24T07:31:30.199+0000] {logging_mixin.py:188} INFO - [2026-06-24T07:31:30.198+0000] {dag.py:3096} INFO - Sync 1 DAGs
[2026-06-24T07:31:30.273+0000] {logging_mixin.py:188} INFO - [2026-06-24T07:31:30.273+0000] {dag.py:3954} INFO - Setting next_dagrun for example_xcom to 2021-01-01 00:00:00+00:00, run_after=2021-01-01 00:00:00+00:00
[2026-06-24T07:31:30.318+0000] {processor.py:183} INFO - Processing /home/airflow/.local/lib/python3.12/site-packages/airflow/example_dags/example_xcom.py took 0.308 seconds
[2026-06-24T07:32:01.251+0000] {processor.py:161} INFO - Started process (PID=5358) to work on /home/airflow/.local/lib/python3.12/site-packages/airflow/example_dags/example_xcom.py
[2026-06-24T07:32:01.252+0000] {processor.py:830} INFO - Processing file /home/airflow/.local/lib/python3.12/site-packages/airflow/example_dags/example_xcom.py for tasks to queue
[2026-06-24T07:32:01.254+0000] {logging_mixin.py:188} INFO - [2026-06-24T07:32:01.254+0000] {dagbag.py:545} INFO - Filling up the DagBag from /home/airflow/.local/lib/python3.12/site-packages/airflow/example_dags/example_xcom.py
[2026-06-24T07:32:01.265+0000] {processor.py:840} INFO - DAG(s) 'example_xcom' retrieved from /home/airflow/.local/lib/python3.12/site-packages/airflow/example_dags/example_xcom.py
[2026-06-24T07:32:01.292+0000] {logging_mixin.py:188} INFO - [2026-06-24T07:32:01.292+0000] {dag.py:3096} INFO - Sync 1 DAGs
[2026-06-24T07:32:01.321+0000] {logging_mixin.py:188} INFO - [2026-06-24T07:32:01.320+0000] {dag.py:3954} INFO - Setting next_dagrun for example_xcom to 2021-01-01 00:00:00+00:00, run_after=2021-01-01 00:00:00+00:00
[2026-06-24T07:32:01.343+0000] {processor.py:183} INFO - Processing /home/airflow/.local/lib/python3.12/site-packages/airflow/example_dags/example_xcom.py took 0.101 seconds
[2026-06-24T07:32:31.949+0000] {processor.py:161} INFO - Started process (PID=5417) to work on /home/airflow/.local/lib/python3.12/site-packages/airflow/example_dags/example_xcom.py
[2026-06-24T07:32:31.950+0000] {processor.py:830} INFO - Processing file /home/airflow/.local/lib/python3.12/site-packages/airflow/example_dags/example_xcom.py for tasks to queue
[2026-06-24T07:32:31.953+0000] {logging_mixin.py:188} INFO - [2026-06-24T07:32:31.952+0000] {dagbag.py:545} INFO - Filling up the DagBag from /home/airflow/.local/lib/python3.12/site-packages/airflow/example_dags/example_xcom.py
[2026-06-24T07:32:31.963+0000] {processor.py:840} INFO - DAG(s) 'example_xcom' retrieved from /home/airflow/.local/lib/python3.12/site-packages/airflow/example_dags/example_xcom.py
[2026-06-24T07:32:31.993+0000] {logging_mixin.py:188} INFO - [2026-06-24T07:32:31.993+0000] {dag.py:3096} INFO - Sync 1 DAGs
[2026-06-24T07:32:32.025+0000] {logging_mixin.py:188} INFO - [2026-06-24T07:32:32.025+0000] {dag.py:3954} INFO - Setting next_dagrun for example_xcom to 2021-01-01 00:00:00+00:00, run_after=2021-01-01 00:00:00+00:00
[2026-06-24T07:32:32.046+0000] {processor.py:183} INFO - Processing /home/airflow/.local/lib/python3.12/site-packages/airflow/example_dags/example_xcom.py took 0.107 seconds
