[2026-06-24T06:06:55.736+0000] {processor.py:161} INFO - Started process (PID=97) to work on /home/airflow/.local/lib/python3.12/site-packages/airflow/example_dags/example_task_group.py
[2026-06-24T06:06:55.737+0000] {processor.py:830} INFO - Processing file /home/airflow/.local/lib/python3.12/site-packages/airflow/example_dags/example_task_group.py for tasks to queue
[2026-06-24T06:06:55.739+0000] {logging_mixin.py:188} INFO - [2026-06-24T06:06:55.739+0000] {dagbag.py:545} INFO - Filling up the DagBag from /home/airflow/.local/lib/python3.12/site-packages/airflow/example_dags/example_task_group.py
[2026-06-24T06:06:55.760+0000] {processor.py:840} INFO - DAG(s) 'example_task_group' retrieved from /home/airflow/.local/lib/python3.12/site-packages/airflow/example_dags/example_task_group.py
[2026-06-24T06:06:55.842+0000] {logging_mixin.py:188} INFO - [2026-06-24T06:06:55.841+0000] {dag.py:3096} INFO - Sync 1 DAGs
[2026-06-24T06:06:55.966+0000] {logging_mixin.py:188} INFO - [2026-06-24T06:06:55.966+0000] {dag.py:3954} INFO - Setting next_dagrun for example_task_group to 2026-06-23 00:00:00+00:00, run_after=2026-06-24 00:00:00+00:00
[2026-06-24T06:06:56.064+0000] {processor.py:183} INFO - Processing /home/airflow/.local/lib/python3.12/site-packages/airflow/example_dags/example_task_group.py took 0.335 seconds
[2026-06-24T06:07:26.346+0000] {processor.py:161} INFO - Started process (PID=156) to work on /home/airflow/.local/lib/python3.12/site-packages/airflow/example_dags/example_task_group.py
[2026-06-24T06:07:26.347+0000] {processor.py:830} INFO - Processing file /home/airflow/.local/lib/python3.12/site-packages/airflow/example_dags/example_task_group.py for tasks to queue
[2026-06-24T06:07:26.349+0000] {logging_mixin.py:188} INFO - [2026-06-24T06:07:26.348+0000] {dagbag.py:545} INFO - Filling up the DagBag from /home/airflow/.local/lib/python3.12/site-packages/airflow/example_dags/example_task_group.py
[2026-06-24T06:07:26.357+0000] {processor.py:840} INFO - DAG(s) 'example_task_group' retrieved from /home/airflow/.local/lib/python3.12/site-packages/airflow/example_dags/example_task_group.py
[2026-06-24T06:07:26.395+0000] {logging_mixin.py:188} INFO - [2026-06-24T06:07:26.394+0000] {dag.py:3096} INFO - Sync 1 DAGs
[2026-06-24T06:07:26.422+0000] {logging_mixin.py:188} INFO - [2026-06-24T06:07:26.422+0000] {dag.py:3954} INFO - Setting next_dagrun for example_task_group to 2026-06-23 00:00:00+00:00, run_after=2026-06-24 00:00:00+00:00
[2026-06-24T06:07:26.442+0000] {processor.py:183} INFO - Processing /home/airflow/.local/lib/python3.12/site-packages/airflow/example_dags/example_task_group.py took 0.104 seconds
[2026-06-24T06:07:56.558+0000] {processor.py:161} INFO - Started process (PID=215) to work on /home/airflow/.local/lib/python3.12/site-packages/airflow/example_dags/example_task_group.py
[2026-06-24T06:07:56.559+0000] {processor.py:830} INFO - Processing file /home/airflow/.local/lib/python3.12/site-packages/airflow/example_dags/example_task_group.py for tasks to queue
[2026-06-24T06:07:56.561+0000] {logging_mixin.py:188} INFO - [2026-06-24T06:07:56.561+0000] {dagbag.py:545} INFO - Filling up the DagBag from /home/airflow/.local/lib/python3.12/site-packages/airflow/example_dags/example_task_group.py
[2026-06-24T06:07:56.570+0000] {processor.py:840} INFO - DAG(s) 'example_task_group' retrieved from /home/airflow/.local/lib/python3.12/site-packages/airflow/example_dags/example_task_group.py
[2026-06-24T06:07:56.597+0000] {logging_mixin.py:188} INFO - [2026-06-24T06:07:56.597+0000] {dag.py:3096} INFO - Sync 1 DAGs
[2026-06-24T06:07:56.625+0000] {logging_mixin.py:188} INFO - [2026-06-24T06:07:56.625+0000] {dag.py:3954} INFO - Setting next_dagrun for example_task_group to 2026-06-23 00:00:00+00:00, run_after=2026-06-24 00:00:00+00:00
[2026-06-24T06:07:56.652+0000] {processor.py:183} INFO - Processing /home/airflow/.local/lib/python3.12/site-packages/airflow/example_dags/example_task_group.py took 0.101 seconds
[2026-06-24T06:08:29.447+0000] {processor.py:161} INFO - Started process (PID=280) to work on /home/airflow/.local/lib/python3.12/site-packages/airflow/example_dags/example_task_group.py
[2026-06-24T06:08:29.452+0000] {processor.py:830} INFO - Processing file /home/airflow/.local/lib/python3.12/site-packages/airflow/example_dags/example_task_group.py for tasks to queue
[2026-06-24T06:08:29.463+0000] {logging_mixin.py:188} INFO - [2026-06-24T06:08:29.460+0000] {dagbag.py:545} INFO - Filling up the DagBag from /home/airflow/.local/lib/python3.12/site-packages/airflow/example_dags/example_task_group.py
[2026-06-24T06:08:29.508+0000] {processor.py:840} INFO - DAG(s) 'example_task_group' retrieved from /home/airflow/.local/lib/python3.12/site-packages/airflow/example_dags/example_task_group.py
[2026-06-24T06:08:29.608+0000] {logging_mixin.py:188} INFO - [2026-06-24T06:08:29.607+0000] {dag.py:3096} INFO - Sync 1 DAGs
[2026-06-24T06:08:29.736+0000] {logging_mixin.py:188} INFO - [2026-06-24T06:08:29.736+0000] {dag.py:3954} INFO - Setting next_dagrun for example_task_group to 2026-06-23 00:00:00+00:00, run_after=2026-06-24 00:00:00+00:00
[2026-06-24T06:08:29.865+0000] {processor.py:183} INFO - Processing /home/airflow/.local/lib/python3.12/site-packages/airflow/example_dags/example_task_group.py took 0.466 seconds
[2026-06-24T06:09:00.054+0000] {processor.py:161} INFO - Started process (PID=339) to work on /home/airflow/.local/lib/python3.12/site-packages/airflow/example_dags/example_task_group.py
[2026-06-24T06:09:00.056+0000] {processor.py:830} INFO - Processing file /home/airflow/.local/lib/python3.12/site-packages/airflow/example_dags/example_task_group.py for tasks to queue
[2026-06-24T06:09:00.058+0000] {logging_mixin.py:188} INFO - [2026-06-24T06:09:00.057+0000] {dagbag.py:545} INFO - Filling up the DagBag from /home/airflow/.local/lib/python3.12/site-packages/airflow/example_dags/example_task_group.py
[2026-06-24T06:09:00.066+0000] {processor.py:840} INFO - DAG(s) 'example_task_group' retrieved from /home/airflow/.local/lib/python3.12/site-packages/airflow/example_dags/example_task_group.py
[2026-06-24T06:09:00.092+0000] {logging_mixin.py:188} INFO - [2026-06-24T06:09:00.092+0000] {dag.py:3096} INFO - Sync 1 DAGs
[2026-06-24T06:09:00.120+0000] {logging_mixin.py:188} INFO - [2026-06-24T06:09:00.119+0000] {dag.py:3954} INFO - Setting next_dagrun for example_task_group to 2026-06-23 00:00:00+00:00, run_after=2026-06-24 00:00:00+00:00
[2026-06-24T06:09:00.141+0000] {processor.py:183} INFO - Processing /home/airflow/.local/lib/python3.12/site-packages/airflow/example_dags/example_task_group.py took 0.094 seconds
[2026-06-24T06:09:30.828+0000] {processor.py:161} INFO - Started process (PID=398) to work on /home/airflow/.local/lib/python3.12/site-packages/airflow/example_dags/example_task_group.py
[2026-06-24T06:09:30.829+0000] {processor.py:830} INFO - Processing file /home/airflow/.local/lib/python3.12/site-packages/airflow/example_dags/example_task_group.py for tasks to queue
[2026-06-24T06:09:30.832+0000] {logging_mixin.py:188} INFO - [2026-06-24T06:09:30.832+0000] {dagbag.py:545} INFO - Filling up the DagBag from /home/airflow/.local/lib/python3.12/site-packages/airflow/example_dags/example_task_group.py
[2026-06-24T06:09:30.841+0000] {processor.py:840} INFO - DAG(s) 'example_task_group' retrieved from /home/airflow/.local/lib/python3.12/site-packages/airflow/example_dags/example_task_group.py
[2026-06-24T06:09:30.870+0000] {logging_mixin.py:188} INFO - [2026-06-24T06:09:30.870+0000] {dag.py:3096} INFO - Sync 1 DAGs
[2026-06-24T06:09:30.898+0000] {logging_mixin.py:188} INFO - [2026-06-24T06:09:30.897+0000] {dag.py:3954} INFO - Setting next_dagrun for example_task_group to 2026-06-23 00:00:00+00:00, run_after=2026-06-24 00:00:00+00:00
[2026-06-24T06:09:30.923+0000] {processor.py:183} INFO - Processing /home/airflow/.local/lib/python3.12/site-packages/airflow/example_dags/example_task_group.py took 0.102 seconds
[2026-06-24T06:10:01.587+0000] {processor.py:161} INFO - Started process (PID=457) to work on /home/airflow/.local/lib/python3.12/site-packages/airflow/example_dags/example_task_group.py
[2026-06-24T06:10:01.587+0000] {processor.py:830} INFO - Processing file /home/airflow/.local/lib/python3.12/site-packages/airflow/example_dags/example_task_group.py for tasks to queue
[2026-06-24T06:10:01.589+0000] {logging_mixin.py:188} INFO - [2026-06-24T06:10:01.589+0000] {dagbag.py:545} INFO - Filling up the DagBag from /home/airflow/.local/lib/python3.12/site-packages/airflow/example_dags/example_task_group.py
[2026-06-24T06:10:01.595+0000] {processor.py:840} INFO - DAG(s) 'example_task_group' retrieved from /home/airflow/.local/lib/python3.12/site-packages/airflow/example_dags/example_task_group.py
[2026-06-24T06:10:01.614+0000] {logging_mixin.py:188} INFO - [2026-06-24T06:10:01.614+0000] {dag.py:3096} INFO - Sync 1 DAGs
[2026-06-24T06:10:01.633+0000] {logging_mixin.py:188} INFO - [2026-06-24T06:10:01.633+0000] {dag.py:3954} INFO - Setting next_dagrun for example_task_group to 2026-06-23 00:00:00+00:00, run_after=2026-06-24 00:00:00+00:00
[2026-06-24T06:10:01.648+0000] {processor.py:183} INFO - Processing /home/airflow/.local/lib/python3.12/site-packages/airflow/example_dags/example_task_group.py took 0.066 seconds
[2026-06-24T06:10:32.569+0000] {processor.py:161} INFO - Started process (PID=516) to work on /home/airflow/.local/lib/python3.12/site-packages/airflow/example_dags/example_task_group.py
[2026-06-24T06:10:32.570+0000] {processor.py:830} INFO - Processing file /home/airflow/.local/lib/python3.12/site-packages/airflow/example_dags/example_task_group.py for tasks to queue
[2026-06-24T06:10:32.572+0000] {logging_mixin.py:188} INFO - [2026-06-24T06:10:32.571+0000] {dagbag.py:545} INFO - Filling up the DagBag from /home/airflow/.local/lib/python3.12/site-packages/airflow/example_dags/example_task_group.py
[2026-06-24T06:10:32.578+0000] {processor.py:840} INFO - DAG(s) 'example_task_group' retrieved from /home/airflow/.local/lib/python3.12/site-packages/airflow/example_dags/example_task_group.py
[2026-06-24T06:10:32.597+0000] {logging_mixin.py:188} INFO - [2026-06-24T06:10:32.597+0000] {dag.py:3096} INFO - Sync 1 DAGs
[2026-06-24T06:10:32.616+0000] {logging_mixin.py:188} INFO - [2026-06-24T06:10:32.616+0000] {dag.py:3954} INFO - Setting next_dagrun for example_task_group to 2026-06-23 00:00:00+00:00, run_after=2026-06-24 00:00:00+00:00
[2026-06-24T06:10:32.633+0000] {processor.py:183} INFO - Processing /home/airflow/.local/lib/python3.12/site-packages/airflow/example_dags/example_task_group.py took 0.069 seconds
[2026-06-24T06:11:03.389+0000] {processor.py:161} INFO - Started process (PID=575) to work on /home/airflow/.local/lib/python3.12/site-packages/airflow/example_dags/example_task_group.py
[2026-06-24T06:11:03.390+0000] {processor.py:830} INFO - Processing file /home/airflow/.local/lib/python3.12/site-packages/airflow/example_dags/example_task_group.py for tasks to queue
[2026-06-24T06:11:03.392+0000] {logging_mixin.py:188} INFO - [2026-06-24T06:11:03.391+0000] {dagbag.py:545} INFO - Filling up the DagBag from /home/airflow/.local/lib/python3.12/site-packages/airflow/example_dags/example_task_group.py
[2026-06-24T06:11:03.401+0000] {processor.py:840} INFO - DAG(s) 'example_task_group' retrieved from /home/airflow/.local/lib/python3.12/site-packages/airflow/example_dags/example_task_group.py
[2026-06-24T06:11:03.430+0000] {logging_mixin.py:188} INFO - [2026-06-24T06:11:03.430+0000] {dag.py:3096} INFO - Sync 1 DAGs
[2026-06-24T06:11:03.454+0000] {logging_mixin.py:188} INFO - [2026-06-24T06:11:03.454+0000] {dag.py:3954} INFO - Setting next_dagrun for example_task_group to 2026-06-23 00:00:00+00:00, run_after=2026-06-24 00:00:00+00:00
[2026-06-24T06:11:03.480+0000] {processor.py:183} INFO - Processing /home/airflow/.local/lib/python3.12/site-packages/airflow/example_dags/example_task_group.py took 0.099 seconds
[2026-06-24T06:11:34.243+0000] {processor.py:161} INFO - Started process (PID=634) to work on /home/airflow/.local/lib/python3.12/site-packages/airflow/example_dags/example_task_group.py
[2026-06-24T06:11:34.244+0000] {processor.py:830} INFO - Processing file /home/airflow/.local/lib/python3.12/site-packages/airflow/example_dags/example_task_group.py for tasks to queue
[2026-06-24T06:11:34.246+0000] {logging_mixin.py:188} INFO - [2026-06-24T06:11:34.246+0000] {dagbag.py:545} INFO - Filling up the DagBag from /home/airflow/.local/lib/python3.12/site-packages/airflow/example_dags/example_task_group.py
[2026-06-24T06:11:34.257+0000] {processor.py:840} INFO - DAG(s) 'example_task_group' retrieved from /home/airflow/.local/lib/python3.12/site-packages/airflow/example_dags/example_task_group.py
[2026-06-24T06:11:34.288+0000] {logging_mixin.py:188} INFO - [2026-06-24T06:11:34.288+0000] {dag.py:3096} INFO - Sync 1 DAGs
[2026-06-24T06:11:34.318+0000] {logging_mixin.py:188} INFO - [2026-06-24T06:11:34.317+0000] {dag.py:3954} INFO - Setting next_dagrun for example_task_group to 2026-06-23 00:00:00+00:00, run_after=2026-06-24 00:00:00+00:00
[2026-06-24T06:11:34.337+0000] {processor.py:183} INFO - Processing /home/airflow/.local/lib/python3.12/site-packages/airflow/example_dags/example_task_group.py took 0.102 seconds
[2026-06-24T06:12:05.268+0000] {processor.py:161} INFO - Started process (PID=694) to work on /home/airflow/.local/lib/python3.12/site-packages/airflow/example_dags/example_task_group.py
[2026-06-24T06:12:05.269+0000] {processor.py:830} INFO - Processing file /home/airflow/.local/lib/python3.12/site-packages/airflow/example_dags/example_task_group.py for tasks to queue
[2026-06-24T06:12:05.271+0000] {logging_mixin.py:188} INFO - [2026-06-24T06:12:05.271+0000] {dagbag.py:545} INFO - Filling up the DagBag from /home/airflow/.local/lib/python3.12/site-packages/airflow/example_dags/example_task_group.py
[2026-06-24T06:12:05.282+0000] {processor.py:840} INFO - DAG(s) 'example_task_group' retrieved from /home/airflow/.local/lib/python3.12/site-packages/airflow/example_dags/example_task_group.py
[2026-06-24T06:12:05.313+0000] {logging_mixin.py:188} INFO - [2026-06-24T06:12:05.313+0000] {dag.py:3096} INFO - Sync 1 DAGs
[2026-06-24T06:12:05.341+0000] {logging_mixin.py:188} INFO - [2026-06-24T06:12:05.341+0000] {dag.py:3954} INFO - Setting next_dagrun for example_task_group to 2026-06-23 00:00:00+00:00, run_after=2026-06-24 00:00:00+00:00
[2026-06-24T06:12:05.360+0000] {processor.py:183} INFO - Processing /home/airflow/.local/lib/python3.12/site-packages/airflow/example_dags/example_task_group.py took 0.099 seconds
[2026-06-24T06:12:37.475+0000] {processor.py:161} INFO - Started process (PID=753) to work on /home/airflow/.local/lib/python3.12/site-packages/airflow/example_dags/example_task_group.py
[2026-06-24T06:12:37.476+0000] {processor.py:830} INFO - Processing file /home/airflow/.local/lib/python3.12/site-packages/airflow/example_dags/example_task_group.py for tasks to queue
[2026-06-24T06:12:37.478+0000] {logging_mixin.py:188} INFO - [2026-06-24T06:12:37.478+0000] {dagbag.py:545} INFO - Filling up the DagBag from /home/airflow/.local/lib/python3.12/site-packages/airflow/example_dags/example_task_group.py
[2026-06-24T06:12:37.487+0000] {processor.py:840} INFO - DAG(s) 'example_task_group' retrieved from /home/airflow/.local/lib/python3.12/site-packages/airflow/example_dags/example_task_group.py
[2026-06-24T06:12:37.515+0000] {logging_mixin.py:188} INFO - [2026-06-24T06:12:37.515+0000] {dag.py:3096} INFO - Sync 1 DAGs
[2026-06-24T06:12:37.544+0000] {logging_mixin.py:188} INFO - [2026-06-24T06:12:37.543+0000] {dag.py:3954} INFO - Setting next_dagrun for example_task_group to 2026-06-23 00:00:00+00:00, run_after=2026-06-24 00:00:00+00:00
[2026-06-24T06:12:37.566+0000] {processor.py:183} INFO - Processing /home/airflow/.local/lib/python3.12/site-packages/airflow/example_dags/example_task_group.py took 0.098 seconds
[2026-06-24T06:13:08.825+0000] {processor.py:161} INFO - Started process (PID=812) to work on /home/airflow/.local/lib/python3.12/site-packages/airflow/example_dags/example_task_group.py
[2026-06-24T06:13:08.830+0000] {processor.py:830} INFO - Processing file /home/airflow/.local/lib/python3.12/site-packages/airflow/example_dags/example_task_group.py for tasks to queue
[2026-06-24T06:13:08.836+0000] {logging_mixin.py:188} INFO - [2026-06-24T06:13:08.831+0000] {dagbag.py:545} INFO - Filling up the DagBag from /home/airflow/.local/lib/python3.12/site-packages/airflow/example_dags/example_task_group.py
[2026-06-24T06:13:08.859+0000] {processor.py:840} INFO - DAG(s) 'example_task_group' retrieved from /home/airflow/.local/lib/python3.12/site-packages/airflow/example_dags/example_task_group.py
[2026-06-24T06:13:08.958+0000] {logging_mixin.py:188} INFO - [2026-06-24T06:13:08.958+0000] {dag.py:3096} INFO - Sync 1 DAGs
[2026-06-24T06:13:09.103+0000] {logging_mixin.py:188} INFO - [2026-06-24T06:13:09.103+0000] {dag.py:3954} INFO - Setting next_dagrun for example_task_group to 2026-06-23 00:00:00+00:00, run_after=2026-06-24 00:00:00+00:00
[2026-06-24T06:13:09.204+0000] {processor.py:183} INFO - Processing /home/airflow/.local/lib/python3.12/site-packages/airflow/example_dags/example_task_group.py took 0.399 seconds
[2026-06-24T06:13:39.347+0000] {processor.py:161} INFO - Started process (PID=870) to work on /home/airflow/.local/lib/python3.12/site-packages/airflow/example_dags/example_task_group.py
[2026-06-24T06:13:39.347+0000] {processor.py:830} INFO - Processing file /home/airflow/.local/lib/python3.12/site-packages/airflow/example_dags/example_task_group.py for tasks to queue
[2026-06-24T06:13:39.349+0000] {logging_mixin.py:188} INFO - [2026-06-24T06:13:39.349+0000] {dagbag.py:545} INFO - Filling up the DagBag from /home/airflow/.local/lib/python3.12/site-packages/airflow/example_dags/example_task_group.py
[2026-06-24T06:13:39.358+0000] {processor.py:840} INFO - DAG(s) 'example_task_group' retrieved from /home/airflow/.local/lib/python3.12/site-packages/airflow/example_dags/example_task_group.py
[2026-06-24T06:13:39.385+0000] {logging_mixin.py:188} INFO - [2026-06-24T06:13:39.384+0000] {dag.py:3096} INFO - Sync 1 DAGs
[2026-06-24T06:13:39.412+0000] {logging_mixin.py:188} INFO - [2026-06-24T06:13:39.412+0000] {dag.py:3954} INFO - Setting next_dagrun for example_task_group to 2026-06-23 00:00:00+00:00, run_after=2026-06-24 00:00:00+00:00
[2026-06-24T06:13:39.454+0000] {processor.py:183} INFO - Processing /home/airflow/.local/lib/python3.12/site-packages/airflow/example_dags/example_task_group.py took 0.114 seconds
[2026-06-24T06:14:09.638+0000] {processor.py:161} INFO - Started process (PID=929) to work on /home/airflow/.local/lib/python3.12/site-packages/airflow/example_dags/example_task_group.py
[2026-06-24T06:14:09.639+0000] {processor.py:830} INFO - Processing file /home/airflow/.local/lib/python3.12/site-packages/airflow/example_dags/example_task_group.py for tasks to queue
[2026-06-24T06:14:09.641+0000] {logging_mixin.py:188} INFO - [2026-06-24T06:14:09.640+0000] {dagbag.py:545} INFO - Filling up the DagBag from /home/airflow/.local/lib/python3.12/site-packages/airflow/example_dags/example_task_group.py
[2026-06-24T06:14:09.649+0000] {processor.py:840} INFO - DAG(s) 'example_task_group' retrieved from /home/airflow/.local/lib/python3.12/site-packages/airflow/example_dags/example_task_group.py
[2026-06-24T06:14:09.676+0000] {logging_mixin.py:188} INFO - [2026-06-24T06:14:09.676+0000] {dag.py:3096} INFO - Sync 1 DAGs
[2026-06-24T06:14:09.708+0000] {logging_mixin.py:188} INFO - [2026-06-24T06:14:09.708+0000] {dag.py:3954} INFO - Setting next_dagrun for example_task_group to 2026-06-23 00:00:00+00:00, run_after=2026-06-24 00:00:00+00:00
[2026-06-24T06:14:09.731+0000] {processor.py:183} INFO - Processing /home/airflow/.local/lib/python3.12/site-packages/airflow/example_dags/example_task_group.py took 0.100 seconds
[2026-06-24T06:14:39.790+0000] {processor.py:161} INFO - Started process (PID=988) to work on /home/airflow/.local/lib/python3.12/site-packages/airflow/example_dags/example_task_group.py
[2026-06-24T06:14:39.791+0000] {processor.py:830} INFO - Processing file /home/airflow/.local/lib/python3.12/site-packages/airflow/example_dags/example_task_group.py for tasks to queue
[2026-06-24T06:14:39.793+0000] {logging_mixin.py:188} INFO - [2026-06-24T06:14:39.793+0000] {dagbag.py:545} INFO - Filling up the DagBag from /home/airflow/.local/lib/python3.12/site-packages/airflow/example_dags/example_task_group.py
[2026-06-24T06:14:39.803+0000] {processor.py:840} INFO - DAG(s) 'example_task_group' retrieved from /home/airflow/.local/lib/python3.12/site-packages/airflow/example_dags/example_task_group.py
[2026-06-24T06:14:39.829+0000] {logging_mixin.py:188} INFO - [2026-06-24T06:14:39.829+0000] {dag.py:3096} INFO - Sync 1 DAGs
[2026-06-24T06:14:39.864+0000] {logging_mixin.py:188} INFO - [2026-06-24T06:14:39.864+0000] {dag.py:3954} INFO - Setting next_dagrun for example_task_group to 2026-06-23 00:00:00+00:00, run_after=2026-06-24 00:00:00+00:00
[2026-06-24T06:14:39.887+0000] {processor.py:183} INFO - Processing /home/airflow/.local/lib/python3.12/site-packages/airflow/example_dags/example_task_group.py took 0.105 seconds
[2026-06-24T06:15:10.712+0000] {processor.py:161} INFO - Started process (PID=1047) to work on /home/airflow/.local/lib/python3.12/site-packages/airflow/example_dags/example_task_group.py
[2026-06-24T06:15:10.713+0000] {processor.py:830} INFO - Processing file /home/airflow/.local/lib/python3.12/site-packages/airflow/example_dags/example_task_group.py for tasks to queue
[2026-06-24T06:15:10.715+0000] {logging_mixin.py:188} INFO - [2026-06-24T06:15:10.715+0000] {dagbag.py:545} INFO - Filling up the DagBag from /home/airflow/.local/lib/python3.12/site-packages/airflow/example_dags/example_task_group.py
[2026-06-24T06:15:10.724+0000] {processor.py:840} INFO - DAG(s) 'example_task_group' retrieved from /home/airflow/.local/lib/python3.12/site-packages/airflow/example_dags/example_task_group.py
[2026-06-24T06:15:10.751+0000] {logging_mixin.py:188} INFO - [2026-06-24T06:15:10.751+0000] {dag.py:3096} INFO - Sync 1 DAGs
[2026-06-24T06:15:10.783+0000] {logging_mixin.py:188} INFO - [2026-06-24T06:15:10.783+0000] {dag.py:3954} INFO - Setting next_dagrun for example_task_group to 2026-06-23 00:00:00+00:00, run_after=2026-06-24 00:00:00+00:00
[2026-06-24T06:15:10.822+0000] {processor.py:183} INFO - Processing /home/airflow/.local/lib/python3.12/site-packages/airflow/example_dags/example_task_group.py took 0.118 seconds
[2026-06-24T06:15:41.109+0000] {processor.py:161} INFO - Started process (PID=1106) to work on /home/airflow/.local/lib/python3.12/site-packages/airflow/example_dags/example_task_group.py
[2026-06-24T06:15:41.112+0000] {processor.py:830} INFO - Processing file /home/airflow/.local/lib/python3.12/site-packages/airflow/example_dags/example_task_group.py for tasks to queue
[2026-06-24T06:15:41.116+0000] {logging_mixin.py:188} INFO - [2026-06-24T06:15:41.116+0000] {dagbag.py:545} INFO - Filling up the DagBag from /home/airflow/.local/lib/python3.12/site-packages/airflow/example_dags/example_task_group.py
[2026-06-24T06:15:41.126+0000] {processor.py:840} INFO - DAG(s) 'example_task_group' retrieved from /home/airflow/.local/lib/python3.12/site-packages/airflow/example_dags/example_task_group.py
[2026-06-24T06:15:41.152+0000] {logging_mixin.py:188} INFO - [2026-06-24T06:15:41.152+0000] {dag.py:3096} INFO - Sync 1 DAGs
[2026-06-24T06:15:41.183+0000] {logging_mixin.py:188} INFO - [2026-06-24T06:15:41.182+0000] {dag.py:3954} INFO - Setting next_dagrun for example_task_group to 2026-06-23 00:00:00+00:00, run_after=2026-06-24 00:00:00+00:00
[2026-06-24T06:15:41.214+0000] {processor.py:183} INFO - Processing /home/airflow/.local/lib/python3.12/site-packages/airflow/example_dags/example_task_group.py took 0.113 seconds
[2026-06-24T06:16:11.363+0000] {processor.py:161} INFO - Started process (PID=1166) to work on /home/airflow/.local/lib/python3.12/site-packages/airflow/example_dags/example_task_group.py
[2026-06-24T06:16:11.364+0000] {processor.py:830} INFO - Processing file /home/airflow/.local/lib/python3.12/site-packages/airflow/example_dags/example_task_group.py for tasks to queue
[2026-06-24T06:16:11.366+0000] {logging_mixin.py:188} INFO - [2026-06-24T06:16:11.366+0000] {dagbag.py:545} INFO - Filling up the DagBag from /home/airflow/.local/lib/python3.12/site-packages/airflow/example_dags/example_task_group.py
[2026-06-24T06:16:11.375+0000] {processor.py:840} INFO - DAG(s) 'example_task_group' retrieved from /home/airflow/.local/lib/python3.12/site-packages/airflow/example_dags/example_task_group.py
[2026-06-24T06:16:11.402+0000] {logging_mixin.py:188} INFO - [2026-06-24T06:16:11.401+0000] {dag.py:3096} INFO - Sync 1 DAGs
[2026-06-24T06:16:11.430+0000] {logging_mixin.py:188} INFO - [2026-06-24T06:16:11.429+0000] {dag.py:3954} INFO - Setting next_dagrun for example_task_group to 2026-06-23 00:00:00+00:00, run_after=2026-06-24 00:00:00+00:00
[2026-06-24T06:16:11.450+0000] {processor.py:183} INFO - Processing /home/airflow/.local/lib/python3.12/site-packages/airflow/example_dags/example_task_group.py took 0.098 seconds
[2026-06-24T06:18:58.349+0000] {processor.py:161} INFO - Started process (PID=108) to work on /home/airflow/.local/lib/python3.12/site-packages/airflow/example_dags/example_task_group.py
[2026-06-24T06:18:58.350+0000] {processor.py:830} INFO - Processing file /home/airflow/.local/lib/python3.12/site-packages/airflow/example_dags/example_task_group.py for tasks to queue
[2026-06-24T06:18:58.354+0000] {logging_mixin.py:188} INFO - [2026-06-24T06:18:58.354+0000] {dagbag.py:545} INFO - Filling up the DagBag from /home/airflow/.local/lib/python3.12/site-packages/airflow/example_dags/example_task_group.py
[2026-06-24T06:18:58.379+0000] {processor.py:840} INFO - DAG(s) 'example_task_group' retrieved from /home/airflow/.local/lib/python3.12/site-packages/airflow/example_dags/example_task_group.py
[2026-06-24T06:18:58.711+0000] {logging_mixin.py:188} INFO - [2026-06-24T06:18:58.711+0000] {override.py:1829} INFO - Created Permission View: can edit on DAG:example_task_group
[2026-06-24T06:18:58.740+0000] {logging_mixin.py:188} INFO - [2026-06-24T06:18:58.740+0000] {override.py:1829} INFO - Created Permission View: can delete on DAG:example_task_group
[2026-06-24T06:18:58.767+0000] {logging_mixin.py:188} INFO - [2026-06-24T06:18:58.767+0000] {override.py:1829} INFO - Created Permission View: can read on DAG:example_task_group
[2026-06-24T06:18:58.771+0000] {logging_mixin.py:188} INFO - [2026-06-24T06:18:58.771+0000] {dag.py:3096} INFO - Sync 1 DAGs
[2026-06-24T06:18:58.800+0000] {logging_mixin.py:188} INFO - [2026-06-24T06:18:58.800+0000] {dag.py:3118} INFO - Creating ORM DAG for example_task_group
[2026-06-24T06:18:58.848+0000] {logging_mixin.py:188} INFO - [2026-06-24T06:18:58.848+0000] {dag.py:3954} INFO - Setting next_dagrun for example_task_group to 2026-06-23 00:00:00+00:00, run_after=2026-06-24 00:00:00+00:00
[2026-06-24T06:18:58.919+0000] {processor.py:183} INFO - Processing /home/airflow/.local/lib/python3.12/site-packages/airflow/example_dags/example_task_group.py took 0.589 seconds
[2026-06-24T06:19:29.723+0000] {processor.py:161} INFO - Started process (PID=168) to work on /home/airflow/.local/lib/python3.12/site-packages/airflow/example_dags/example_task_group.py
[2026-06-24T06:19:29.726+0000] {processor.py:830} INFO - Processing file /home/airflow/.local/lib/python3.12/site-packages/airflow/example_dags/example_task_group.py for tasks to queue
[2026-06-24T06:19:29.729+0000] {logging_mixin.py:188} INFO - [2026-06-24T06:19:29.729+0000] {dagbag.py:545} INFO - Filling up the DagBag from /home/airflow/.local/lib/python3.12/site-packages/airflow/example_dags/example_task_group.py
[2026-06-24T06:19:29.743+0000] {processor.py:840} INFO - DAG(s) 'example_task_group' retrieved from /home/airflow/.local/lib/python3.12/site-packages/airflow/example_dags/example_task_group.py
[2026-06-24T06:19:29.804+0000] {logging_mixin.py:188} INFO - [2026-06-24T06:19:29.803+0000] {dag.py:3096} INFO - Sync 1 DAGs
[2026-06-24T06:19:29.853+0000] {logging_mixin.py:188} INFO - [2026-06-24T06:19:29.853+0000] {dag.py:3954} INFO - Setting next_dagrun for example_task_group to 2026-06-23 00:00:00+00:00, run_after=2026-06-24 00:00:00+00:00
[2026-06-24T06:19:29.886+0000] {processor.py:183} INFO - Processing /home/airflow/.local/lib/python3.12/site-packages/airflow/example_dags/example_task_group.py took 0.174 seconds
[2026-06-24T06:20:00.030+0000] {processor.py:161} INFO - Started process (PID=228) to work on /home/airflow/.local/lib/python3.12/site-packages/airflow/example_dags/example_task_group.py
[2026-06-24T06:20:00.034+0000] {processor.py:830} INFO - Processing file /home/airflow/.local/lib/python3.12/site-packages/airflow/example_dags/example_task_group.py for tasks to queue
[2026-06-24T06:20:00.036+0000] {logging_mixin.py:188} INFO - [2026-06-24T06:20:00.036+0000] {dagbag.py:545} INFO - Filling up the DagBag from /home/airflow/.local/lib/python3.12/site-packages/airflow/example_dags/example_task_group.py
[2026-06-24T06:20:00.046+0000] {processor.py:840} INFO - DAG(s) 'example_task_group' retrieved from /home/airflow/.local/lib/python3.12/site-packages/airflow/example_dags/example_task_group.py
[2026-06-24T06:20:00.077+0000] {logging_mixin.py:188} INFO - [2026-06-24T06:20:00.076+0000] {dag.py:3096} INFO - Sync 1 DAGs
[2026-06-24T06:20:00.132+0000] {logging_mixin.py:188} INFO - [2026-06-24T06:20:00.131+0000] {dag.py:3954} INFO - Setting next_dagrun for example_task_group to 2026-06-23 00:00:00+00:00, run_after=2026-06-24 00:00:00+00:00
[2026-06-24T06:20:00.152+0000] {processor.py:183} INFO - Processing /home/airflow/.local/lib/python3.12/site-packages/airflow/example_dags/example_task_group.py took 0.129 seconds
[2026-06-24T06:20:30.551+0000] {processor.py:161} INFO - Started process (PID=288) to work on /home/airflow/.local/lib/python3.12/site-packages/airflow/example_dags/example_task_group.py
[2026-06-24T06:20:30.556+0000] {processor.py:830} INFO - Processing file /home/airflow/.local/lib/python3.12/site-packages/airflow/example_dags/example_task_group.py for tasks to queue
[2026-06-24T06:20:30.563+0000] {logging_mixin.py:188} INFO - [2026-06-24T06:20:30.562+0000] {dagbag.py:545} INFO - Filling up the DagBag from /home/airflow/.local/lib/python3.12/site-packages/airflow/example_dags/example_task_group.py
[2026-06-24T06:20:30.607+0000] {processor.py:840} INFO - DAG(s) 'example_task_group' retrieved from /home/airflow/.local/lib/python3.12/site-packages/airflow/example_dags/example_task_group.py
[2026-06-24T06:20:30.731+0000] {logging_mixin.py:188} INFO - [2026-06-24T06:20:30.731+0000] {dag.py:3096} INFO - Sync 1 DAGs
[2026-06-24T06:20:30.899+0000] {logging_mixin.py:188} INFO - [2026-06-24T06:20:30.895+0000] {dag.py:3954} INFO - Setting next_dagrun for example_task_group to 2026-06-23 00:00:00+00:00, run_after=2026-06-24 00:00:00+00:00
[2026-06-24T06:20:31.003+0000] {processor.py:183} INFO - Processing /home/airflow/.local/lib/python3.12/site-packages/airflow/example_dags/example_task_group.py took 0.480 seconds
[2026-06-24T06:21:01.575+0000] {processor.py:161} INFO - Started process (PID=348) to work on /home/airflow/.local/lib/python3.12/site-packages/airflow/example_dags/example_task_group.py
[2026-06-24T06:21:01.582+0000] {processor.py:830} INFO - Processing file /home/airflow/.local/lib/python3.12/site-packages/airflow/example_dags/example_task_group.py for tasks to queue
[2026-06-24T06:21:01.586+0000] {logging_mixin.py:188} INFO - [2026-06-24T06:21:01.586+0000] {dagbag.py:545} INFO - Filling up the DagBag from /home/airflow/.local/lib/python3.12/site-packages/airflow/example_dags/example_task_group.py
[2026-06-24T06:21:01.606+0000] {processor.py:840} INFO - DAG(s) 'example_task_group' retrieved from /home/airflow/.local/lib/python3.12/site-packages/airflow/example_dags/example_task_group.py
[2026-06-24T06:21:01.673+0000] {logging_mixin.py:188} INFO - [2026-06-24T06:21:01.673+0000] {dag.py:3096} INFO - Sync 1 DAGs
[2026-06-24T06:21:01.733+0000] {logging_mixin.py:188} INFO - [2026-06-24T06:21:01.733+0000] {dag.py:3954} INFO - Setting next_dagrun for example_task_group to 2026-06-23 00:00:00+00:00, run_after=2026-06-24 00:00:00+00:00
[2026-06-24T06:21:01.785+0000] {processor.py:183} INFO - Processing /home/airflow/.local/lib/python3.12/site-packages/airflow/example_dags/example_task_group.py took 0.234 seconds
[2026-06-24T06:21:32.403+0000] {processor.py:161} INFO - Started process (PID=411) to work on /home/airflow/.local/lib/python3.12/site-packages/airflow/example_dags/example_task_group.py
[2026-06-24T06:21:32.404+0000] {processor.py:830} INFO - Processing file /home/airflow/.local/lib/python3.12/site-packages/airflow/example_dags/example_task_group.py for tasks to queue
[2026-06-24T06:21:32.406+0000] {logging_mixin.py:188} INFO - [2026-06-24T06:21:32.406+0000] {dagbag.py:545} INFO - Filling up the DagBag from /home/airflow/.local/lib/python3.12/site-packages/airflow/example_dags/example_task_group.py
[2026-06-24T06:21:32.415+0000] {processor.py:840} INFO - DAG(s) 'example_task_group' retrieved from /home/airflow/.local/lib/python3.12/site-packages/airflow/example_dags/example_task_group.py
[2026-06-24T06:21:32.442+0000] {logging_mixin.py:188} INFO - [2026-06-24T06:21:32.442+0000] {dag.py:3096} INFO - Sync 1 DAGs
[2026-06-24T06:21:32.477+0000] {logging_mixin.py:188} INFO - [2026-06-24T06:21:32.477+0000] {dag.py:3954} INFO - Setting next_dagrun for example_task_group to 2026-06-23 00:00:00+00:00, run_after=2026-06-24 00:00:00+00:00
[2026-06-24T06:21:32.499+0000] {processor.py:183} INFO - Processing /home/airflow/.local/lib/python3.12/site-packages/airflow/example_dags/example_task_group.py took 0.109 seconds
[2026-06-24T06:22:02.864+0000] {processor.py:161} INFO - Started process (PID=472) to work on /home/airflow/.local/lib/python3.12/site-packages/airflow/example_dags/example_task_group.py
[2026-06-24T06:22:02.864+0000] {processor.py:830} INFO - Processing file /home/airflow/.local/lib/python3.12/site-packages/airflow/example_dags/example_task_group.py for tasks to queue
[2026-06-24T06:22:02.866+0000] {logging_mixin.py:188} INFO - [2026-06-24T06:22:02.866+0000] {dagbag.py:545} INFO - Filling up the DagBag from /home/airflow/.local/lib/python3.12/site-packages/airflow/example_dags/example_task_group.py
[2026-06-24T06:22:02.878+0000] {processor.py:840} INFO - DAG(s) 'example_task_group' retrieved from /home/airflow/.local/lib/python3.12/site-packages/airflow/example_dags/example_task_group.py
[2026-06-24T06:22:02.904+0000] {logging_mixin.py:188} INFO - [2026-06-24T06:22:02.904+0000] {dag.py:3096} INFO - Sync 1 DAGs
[2026-06-24T06:22:02.940+0000] {logging_mixin.py:188} INFO - [2026-06-24T06:22:02.939+0000] {dag.py:3954} INFO - Setting next_dagrun for example_task_group to 2026-06-23 00:00:00+00:00, run_after=2026-06-24 00:00:00+00:00
[2026-06-24T06:22:02.960+0000] {processor.py:183} INFO - Processing /home/airflow/.local/lib/python3.12/site-packages/airflow/example_dags/example_task_group.py took 0.103 seconds
[2026-06-24T06:22:33.081+0000] {processor.py:161} INFO - Started process (PID=532) to work on /home/airflow/.local/lib/python3.12/site-packages/airflow/example_dags/example_task_group.py
[2026-06-24T06:22:33.081+0000] {processor.py:830} INFO - Processing file /home/airflow/.local/lib/python3.12/site-packages/airflow/example_dags/example_task_group.py for tasks to queue
[2026-06-24T06:22:33.084+0000] {logging_mixin.py:188} INFO - [2026-06-24T06:22:33.083+0000] {dagbag.py:545} INFO - Filling up the DagBag from /home/airflow/.local/lib/python3.12/site-packages/airflow/example_dags/example_task_group.py
[2026-06-24T06:22:33.093+0000] {processor.py:840} INFO - DAG(s) 'example_task_group' retrieved from /home/airflow/.local/lib/python3.12/site-packages/airflow/example_dags/example_task_group.py
[2026-06-24T06:22:33.119+0000] {logging_mixin.py:188} INFO - [2026-06-24T06:22:33.119+0000] {dag.py:3096} INFO - Sync 1 DAGs
[2026-06-24T06:22:33.152+0000] {logging_mixin.py:188} INFO - [2026-06-24T06:22:33.152+0000] {dag.py:3954} INFO - Setting next_dagrun for example_task_group to 2026-06-23 00:00:00+00:00, run_after=2026-06-24 00:00:00+00:00
[2026-06-24T06:22:33.173+0000] {processor.py:183} INFO - Processing /home/airflow/.local/lib/python3.12/site-packages/airflow/example_dags/example_task_group.py took 0.100 seconds
[2026-06-24T06:23:04.006+0000] {processor.py:161} INFO - Started process (PID=592) to work on /home/airflow/.local/lib/python3.12/site-packages/airflow/example_dags/example_task_group.py
[2026-06-24T06:23:04.006+0000] {processor.py:830} INFO - Processing file /home/airflow/.local/lib/python3.12/site-packages/airflow/example_dags/example_task_group.py for tasks to queue
[2026-06-24T06:23:04.009+0000] {logging_mixin.py:188} INFO - [2026-06-24T06:23:04.008+0000] {dagbag.py:545} INFO - Filling up the DagBag from /home/airflow/.local/lib/python3.12/site-packages/airflow/example_dags/example_task_group.py
[2026-06-24T06:23:04.018+0000] {processor.py:840} INFO - DAG(s) 'example_task_group' retrieved from /home/airflow/.local/lib/python3.12/site-packages/airflow/example_dags/example_task_group.py
[2026-06-24T06:23:04.048+0000] {logging_mixin.py:188} INFO - [2026-06-24T06:23:04.047+0000] {dag.py:3096} INFO - Sync 1 DAGs
[2026-06-24T06:23:04.080+0000] {logging_mixin.py:188} INFO - [2026-06-24T06:23:04.080+0000] {dag.py:3954} INFO - Setting next_dagrun for example_task_group to 2026-06-23 00:00:00+00:00, run_after=2026-06-24 00:00:00+00:00
[2026-06-24T06:23:04.102+0000] {processor.py:183} INFO - Processing /home/airflow/.local/lib/python3.12/site-packages/airflow/example_dags/example_task_group.py took 0.104 seconds
[2026-06-24T06:23:34.664+0000] {processor.py:161} INFO - Started process (PID=658) to work on /home/airflow/.local/lib/python3.12/site-packages/airflow/example_dags/example_task_group.py
[2026-06-24T06:23:34.665+0000] {processor.py:830} INFO - Processing file /home/airflow/.local/lib/python3.12/site-packages/airflow/example_dags/example_task_group.py for tasks to queue
[2026-06-24T06:23:34.668+0000] {logging_mixin.py:188} INFO - [2026-06-24T06:23:34.667+0000] {dagbag.py:545} INFO - Filling up the DagBag from /home/airflow/.local/lib/python3.12/site-packages/airflow/example_dags/example_task_group.py
[2026-06-24T06:23:34.677+0000] {processor.py:840} INFO - DAG(s) 'example_task_group' retrieved from /home/airflow/.local/lib/python3.12/site-packages/airflow/example_dags/example_task_group.py
[2026-06-24T06:23:34.704+0000] {logging_mixin.py:188} INFO - [2026-06-24T06:23:34.704+0000] {dag.py:3096} INFO - Sync 1 DAGs
[2026-06-24T06:23:34.738+0000] {logging_mixin.py:188} INFO - [2026-06-24T06:23:34.738+0000] {dag.py:3954} INFO - Setting next_dagrun for example_task_group to 2026-06-23 00:00:00+00:00, run_after=2026-06-24 00:00:00+00:00
[2026-06-24T06:23:34.761+0000] {processor.py:183} INFO - Processing /home/airflow/.local/lib/python3.12/site-packages/airflow/example_dags/example_task_group.py took 0.109 seconds
[2026-06-24T06:24:05.293+0000] {processor.py:161} INFO - Started process (PID=717) to work on /home/airflow/.local/lib/python3.12/site-packages/airflow/example_dags/example_task_group.py
[2026-06-24T06:24:05.294+0000] {processor.py:830} INFO - Processing file /home/airflow/.local/lib/python3.12/site-packages/airflow/example_dags/example_task_group.py for tasks to queue
[2026-06-24T06:24:05.297+0000] {logging_mixin.py:188} INFO - [2026-06-24T06:24:05.296+0000] {dagbag.py:545} INFO - Filling up the DagBag from /home/airflow/.local/lib/python3.12/site-packages/airflow/example_dags/example_task_group.py
[2026-06-24T06:24:05.306+0000] {processor.py:840} INFO - DAG(s) 'example_task_group' retrieved from /home/airflow/.local/lib/python3.12/site-packages/airflow/example_dags/example_task_group.py
[2026-06-24T06:24:05.332+0000] {logging_mixin.py:188} INFO - [2026-06-24T06:24:05.332+0000] {dag.py:3096} INFO - Sync 1 DAGs
[2026-06-24T06:24:05.380+0000] {logging_mixin.py:188} INFO - [2026-06-24T06:24:05.380+0000] {dag.py:3954} INFO - Setting next_dagrun for example_task_group to 2026-06-23 00:00:00+00:00, run_after=2026-06-24 00:00:00+00:00
[2026-06-24T06:24:05.405+0000] {processor.py:183} INFO - Processing /home/airflow/.local/lib/python3.12/site-packages/airflow/example_dags/example_task_group.py took 0.119 seconds
[2026-06-24T06:24:35.642+0000] {processor.py:161} INFO - Started process (PID=776) to work on /home/airflow/.local/lib/python3.12/site-packages/airflow/example_dags/example_task_group.py
[2026-06-24T06:24:35.649+0000] {processor.py:830} INFO - Processing file /home/airflow/.local/lib/python3.12/site-packages/airflow/example_dags/example_task_group.py for tasks to queue
[2026-06-24T06:24:35.657+0000] {logging_mixin.py:188} INFO - [2026-06-24T06:24:35.657+0000] {dagbag.py:545} INFO - Filling up the DagBag from /home/airflow/.local/lib/python3.12/site-packages/airflow/example_dags/example_task_group.py
[2026-06-24T06:24:35.697+0000] {processor.py:840} INFO - DAG(s) 'example_task_group' retrieved from /home/airflow/.local/lib/python3.12/site-packages/airflow/example_dags/example_task_group.py
[2026-06-24T06:24:35.831+0000] {logging_mixin.py:188} INFO - [2026-06-24T06:24:35.831+0000] {dag.py:3096} INFO - Sync 1 DAGs
[2026-06-24T06:24:36.012+0000] {logging_mixin.py:188} INFO - [2026-06-24T06:24:36.012+0000] {dag.py:3954} INFO - Setting next_dagrun for example_task_group to 2026-06-23 00:00:00+00:00, run_after=2026-06-24 00:00:00+00:00
[2026-06-24T06:24:36.111+0000] {processor.py:183} INFO - Processing /home/airflow/.local/lib/python3.12/site-packages/airflow/example_dags/example_task_group.py took 0.501 seconds
[2026-06-24T06:25:06.186+0000] {processor.py:161} INFO - Started process (PID=835) to work on /home/airflow/.local/lib/python3.12/site-packages/airflow/example_dags/example_task_group.py
[2026-06-24T06:25:06.187+0000] {processor.py:830} INFO - Processing file /home/airflow/.local/lib/python3.12/site-packages/airflow/example_dags/example_task_group.py for tasks to queue
[2026-06-24T06:25:06.189+0000] {logging_mixin.py:188} INFO - [2026-06-24T06:25:06.189+0000] {dagbag.py:545} INFO - Filling up the DagBag from /home/airflow/.local/lib/python3.12/site-packages/airflow/example_dags/example_task_group.py
[2026-06-24T06:25:06.195+0000] {processor.py:840} INFO - DAG(s) 'example_task_group' retrieved from /home/airflow/.local/lib/python3.12/site-packages/airflow/example_dags/example_task_group.py
[2026-06-24T06:25:06.246+0000] {logging_mixin.py:188} INFO - [2026-06-24T06:25:06.246+0000] {dag.py:3096} INFO - Sync 1 DAGs
[2026-06-24T06:25:06.285+0000] {logging_mixin.py:188} INFO - [2026-06-24T06:25:06.285+0000] {dag.py:3954} INFO - Setting next_dagrun for example_task_group to 2026-06-23 00:00:00+00:00, run_after=2026-06-24 00:00:00+00:00
[2026-06-24T06:25:06.306+0000] {processor.py:183} INFO - Processing /home/airflow/.local/lib/python3.12/site-packages/airflow/example_dags/example_task_group.py took 0.125 seconds
[2026-06-24T06:25:36.392+0000] {processor.py:161} INFO - Started process (PID=894) to work on /home/airflow/.local/lib/python3.12/site-packages/airflow/example_dags/example_task_group.py
[2026-06-24T06:25:36.392+0000] {processor.py:830} INFO - Processing file /home/airflow/.local/lib/python3.12/site-packages/airflow/example_dags/example_task_group.py for tasks to queue
[2026-06-24T06:25:36.395+0000] {logging_mixin.py:188} INFO - [2026-06-24T06:25:36.395+0000] {dagbag.py:545} INFO - Filling up the DagBag from /home/airflow/.local/lib/python3.12/site-packages/airflow/example_dags/example_task_group.py
[2026-06-24T06:25:36.404+0000] {processor.py:840} INFO - DAG(s) 'example_task_group' retrieved from /home/airflow/.local/lib/python3.12/site-packages/airflow/example_dags/example_task_group.py
[2026-06-24T06:25:36.428+0000] {logging_mixin.py:188} INFO - [2026-06-24T06:25:36.428+0000] {dag.py:3096} INFO - Sync 1 DAGs
[2026-06-24T06:25:36.447+0000] {logging_mixin.py:188} INFO - [2026-06-24T06:25:36.447+0000] {dag.py:3954} INFO - Setting next_dagrun for example_task_group to 2026-06-23 00:00:00+00:00, run_after=2026-06-24 00:00:00+00:00
[2026-06-24T06:25:36.463+0000] {processor.py:183} INFO - Processing /home/airflow/.local/lib/python3.12/site-packages/airflow/example_dags/example_task_group.py took 0.078 seconds
[2026-06-24T06:26:07.115+0000] {processor.py:161} INFO - Started process (PID=953) to work on /home/airflow/.local/lib/python3.12/site-packages/airflow/example_dags/example_task_group.py
[2026-06-24T06:26:07.116+0000] {processor.py:830} INFO - Processing file /home/airflow/.local/lib/python3.12/site-packages/airflow/example_dags/example_task_group.py for tasks to queue
[2026-06-24T06:26:07.118+0000] {logging_mixin.py:188} INFO - [2026-06-24T06:26:07.117+0000] {dagbag.py:545} INFO - Filling up the DagBag from /home/airflow/.local/lib/python3.12/site-packages/airflow/example_dags/example_task_group.py
[2026-06-24T06:26:07.126+0000] {processor.py:840} INFO - DAG(s) 'example_task_group' retrieved from /home/airflow/.local/lib/python3.12/site-packages/airflow/example_dags/example_task_group.py
[2026-06-24T06:26:07.144+0000] {logging_mixin.py:188} INFO - [2026-06-24T06:26:07.144+0000] {dag.py:3096} INFO - Sync 1 DAGs
[2026-06-24T06:26:07.166+0000] {logging_mixin.py:188} INFO - [2026-06-24T06:26:07.166+0000] {dag.py:3954} INFO - Setting next_dagrun for example_task_group to 2026-06-23 00:00:00+00:00, run_after=2026-06-24 00:00:00+00:00
[2026-06-24T06:26:07.181+0000] {processor.py:183} INFO - Processing /home/airflow/.local/lib/python3.12/site-packages/airflow/example_dags/example_task_group.py took 0.073 seconds
[2026-06-24T06:26:38.134+0000] {processor.py:161} INFO - Started process (PID=1012) to work on /home/airflow/.local/lib/python3.12/site-packages/airflow/example_dags/example_task_group.py
[2026-06-24T06:26:38.135+0000] {processor.py:830} INFO - Processing file /home/airflow/.local/lib/python3.12/site-packages/airflow/example_dags/example_task_group.py for tasks to queue
[2026-06-24T06:26:38.136+0000] {logging_mixin.py:188} INFO - [2026-06-24T06:26:38.136+0000] {dagbag.py:545} INFO - Filling up the DagBag from /home/airflow/.local/lib/python3.12/site-packages/airflow/example_dags/example_task_group.py
[2026-06-24T06:26:38.145+0000] {processor.py:840} INFO - DAG(s) 'example_task_group' retrieved from /home/airflow/.local/lib/python3.12/site-packages/airflow/example_dags/example_task_group.py
[2026-06-24T06:26:38.166+0000] {logging_mixin.py:188} INFO - [2026-06-24T06:26:38.166+0000] {dag.py:3096} INFO - Sync 1 DAGs
[2026-06-24T06:26:38.187+0000] {logging_mixin.py:188} INFO - [2026-06-24T06:26:38.186+0000] {dag.py:3954} INFO - Setting next_dagrun for example_task_group to 2026-06-23 00:00:00+00:00, run_after=2026-06-24 00:00:00+00:00
[2026-06-24T06:26:38.203+0000] {processor.py:183} INFO - Processing /home/airflow/.local/lib/python3.12/site-packages/airflow/example_dags/example_task_group.py took 0.074 seconds
[2026-06-24T06:27:08.878+0000] {processor.py:161} INFO - Started process (PID=1071) to work on /home/airflow/.local/lib/python3.12/site-packages/airflow/example_dags/example_task_group.py
[2026-06-24T06:27:08.880+0000] {processor.py:830} INFO - Processing file /home/airflow/.local/lib/python3.12/site-packages/airflow/example_dags/example_task_group.py for tasks to queue
[2026-06-24T06:27:08.884+0000] {logging_mixin.py:188} INFO - [2026-06-24T06:27:08.883+0000] {dagbag.py:545} INFO - Filling up the DagBag from /home/airflow/.local/lib/python3.12/site-packages/airflow/example_dags/example_task_group.py
[2026-06-24T06:27:08.900+0000] {processor.py:840} INFO - DAG(s) 'example_task_group' retrieved from /home/airflow/.local/lib/python3.12/site-packages/airflow/example_dags/example_task_group.py
[2026-06-24T06:27:08.932+0000] {logging_mixin.py:188} INFO - [2026-06-24T06:27:08.932+0000] {dag.py:3096} INFO - Sync 1 DAGs
[2026-06-24T06:27:08.951+0000] {logging_mixin.py:188} INFO - [2026-06-24T06:27:08.951+0000] {dag.py:3954} INFO - Setting next_dagrun for example_task_group to 2026-06-23 00:00:00+00:00, run_after=2026-06-24 00:00:00+00:00
[2026-06-24T06:27:08.968+0000] {processor.py:183} INFO - Processing /home/airflow/.local/lib/python3.12/site-packages/airflow/example_dags/example_task_group.py took 0.100 seconds
[2026-06-24T06:27:39.505+0000] {processor.py:161} INFO - Started process (PID=1130) to work on /home/airflow/.local/lib/python3.12/site-packages/airflow/example_dags/example_task_group.py
[2026-06-24T06:27:39.506+0000] {processor.py:830} INFO - Processing file /home/airflow/.local/lib/python3.12/site-packages/airflow/example_dags/example_task_group.py for tasks to queue
[2026-06-24T06:27:39.507+0000] {logging_mixin.py:188} INFO - [2026-06-24T06:27:39.507+0000] {dagbag.py:545} INFO - Filling up the DagBag from /home/airflow/.local/lib/python3.12/site-packages/airflow/example_dags/example_task_group.py
[2026-06-24T06:27:39.513+0000] {processor.py:840} INFO - DAG(s) 'example_task_group' retrieved from /home/airflow/.local/lib/python3.12/site-packages/airflow/example_dags/example_task_group.py
[2026-06-24T06:27:39.532+0000] {logging_mixin.py:188} INFO - [2026-06-24T06:27:39.532+0000] {dag.py:3096} INFO - Sync 1 DAGs
[2026-06-24T06:27:39.551+0000] {logging_mixin.py:188} INFO - [2026-06-24T06:27:39.551+0000] {dag.py:3954} INFO - Setting next_dagrun for example_task_group to 2026-06-23 00:00:00+00:00, run_after=2026-06-24 00:00:00+00:00
[2026-06-24T06:27:39.567+0000] {processor.py:183} INFO - Processing /home/airflow/.local/lib/python3.12/site-packages/airflow/example_dags/example_task_group.py took 0.067 seconds
[2026-06-24T06:28:09.887+0000] {processor.py:161} INFO - Started process (PID=1189) to work on /home/airflow/.local/lib/python3.12/site-packages/airflow/example_dags/example_task_group.py
[2026-06-24T06:28:09.888+0000] {processor.py:830} INFO - Processing file /home/airflow/.local/lib/python3.12/site-packages/airflow/example_dags/example_task_group.py for tasks to queue
[2026-06-24T06:28:09.890+0000] {logging_mixin.py:188} INFO - [2026-06-24T06:28:09.889+0000] {dagbag.py:545} INFO - Filling up the DagBag from /home/airflow/.local/lib/python3.12/site-packages/airflow/example_dags/example_task_group.py
[2026-06-24T06:28:09.899+0000] {processor.py:840} INFO - DAG(s) 'example_task_group' retrieved from /home/airflow/.local/lib/python3.12/site-packages/airflow/example_dags/example_task_group.py
[2026-06-24T06:28:09.926+0000] {logging_mixin.py:188} INFO - [2026-06-24T06:28:09.926+0000] {dag.py:3096} INFO - Sync 1 DAGs
[2026-06-24T06:28:09.955+0000] {logging_mixin.py:188} INFO - [2026-06-24T06:28:09.955+0000] {dag.py:3954} INFO - Setting next_dagrun for example_task_group to 2026-06-23 00:00:00+00:00, run_after=2026-06-24 00:00:00+00:00
[2026-06-24T06:28:09.977+0000] {processor.py:183} INFO - Processing /home/airflow/.local/lib/python3.12/site-packages/airflow/example_dags/example_task_group.py took 0.097 seconds
[2026-06-24T06:28:40.995+0000] {processor.py:161} INFO - Started process (PID=1248) to work on /home/airflow/.local/lib/python3.12/site-packages/airflow/example_dags/example_task_group.py
[2026-06-24T06:28:40.997+0000] {processor.py:830} INFO - Processing file /home/airflow/.local/lib/python3.12/site-packages/airflow/example_dags/example_task_group.py for tasks to queue
[2026-06-24T06:28:41.000+0000] {logging_mixin.py:188} INFO - [2026-06-24T06:28:41.000+0000] {dagbag.py:545} INFO - Filling up the DagBag from /home/airflow/.local/lib/python3.12/site-packages/airflow/example_dags/example_task_group.py
[2026-06-24T06:28:41.014+0000] {processor.py:840} INFO - DAG(s) 'example_task_group' retrieved from /home/airflow/.local/lib/python3.12/site-packages/airflow/example_dags/example_task_group.py
[2026-06-24T06:28:41.072+0000] {logging_mixin.py:188} INFO - [2026-06-24T06:28:41.070+0000] {dag.py:3096} INFO - Sync 1 DAGs
[2026-06-24T06:28:41.171+0000] {logging_mixin.py:188} INFO - [2026-06-24T06:28:41.171+0000] {dag.py:3954} INFO - Setting next_dagrun for example_task_group to 2026-06-23 00:00:00+00:00, run_after=2026-06-24 00:00:00+00:00
[2026-06-24T06:28:41.220+0000] {processor.py:183} INFO - Processing /home/airflow/.local/lib/python3.12/site-packages/airflow/example_dags/example_task_group.py took 0.240 seconds
[2026-06-24T06:29:11.571+0000] {processor.py:161} INFO - Started process (PID=1306) to work on /home/airflow/.local/lib/python3.12/site-packages/airflow/example_dags/example_task_group.py
[2026-06-24T06:29:11.572+0000] {processor.py:830} INFO - Processing file /home/airflow/.local/lib/python3.12/site-packages/airflow/example_dags/example_task_group.py for tasks to queue
[2026-06-24T06:29:11.574+0000] {logging_mixin.py:188} INFO - [2026-06-24T06:29:11.573+0000] {dagbag.py:545} INFO - Filling up the DagBag from /home/airflow/.local/lib/python3.12/site-packages/airflow/example_dags/example_task_group.py
[2026-06-24T06:29:11.583+0000] {processor.py:840} INFO - DAG(s) 'example_task_group' retrieved from /home/airflow/.local/lib/python3.12/site-packages/airflow/example_dags/example_task_group.py
[2026-06-24T06:29:11.622+0000] {logging_mixin.py:188} INFO - [2026-06-24T06:29:11.622+0000] {dag.py:3096} INFO - Sync 1 DAGs
[2026-06-24T06:29:11.664+0000] {logging_mixin.py:188} INFO - [2026-06-24T06:29:11.664+0000] {dag.py:3954} INFO - Setting next_dagrun for example_task_group to 2026-06-23 00:00:00+00:00, run_after=2026-06-24 00:00:00+00:00
[2026-06-24T06:29:11.695+0000] {processor.py:183} INFO - Processing /home/airflow/.local/lib/python3.12/site-packages/airflow/example_dags/example_task_group.py took 0.132 seconds
[2026-06-24T06:29:41.765+0000] {processor.py:161} INFO - Started process (PID=1364) to work on /home/airflow/.local/lib/python3.12/site-packages/airflow/example_dags/example_task_group.py
[2026-06-24T06:29:41.765+0000] {processor.py:830} INFO - Processing file /home/airflow/.local/lib/python3.12/site-packages/airflow/example_dags/example_task_group.py for tasks to queue
[2026-06-24T06:29:41.767+0000] {logging_mixin.py:188} INFO - [2026-06-24T06:29:41.767+0000] {dagbag.py:545} INFO - Filling up the DagBag from /home/airflow/.local/lib/python3.12/site-packages/airflow/example_dags/example_task_group.py
[2026-06-24T06:29:41.773+0000] {processor.py:840} INFO - DAG(s) 'example_task_group' retrieved from /home/airflow/.local/lib/python3.12/site-packages/airflow/example_dags/example_task_group.py
[2026-06-24T06:29:41.797+0000] {logging_mixin.py:188} INFO - [2026-06-24T06:29:41.797+0000] {dag.py:3096} INFO - Sync 1 DAGs
[2026-06-24T06:29:41.817+0000] {logging_mixin.py:188} INFO - [2026-06-24T06:29:41.817+0000] {dag.py:3954} INFO - Setting next_dagrun for example_task_group to 2026-06-23 00:00:00+00:00, run_after=2026-06-24 00:00:00+00:00
[2026-06-24T06:29:41.834+0000] {processor.py:183} INFO - Processing /home/airflow/.local/lib/python3.12/site-packages/airflow/example_dags/example_task_group.py took 0.075 seconds
[2026-06-24T06:30:12.544+0000] {processor.py:161} INFO - Started process (PID=1424) to work on /home/airflow/.local/lib/python3.12/site-packages/airflow/example_dags/example_task_group.py
[2026-06-24T06:30:12.545+0000] {processor.py:830} INFO - Processing file /home/airflow/.local/lib/python3.12/site-packages/airflow/example_dags/example_task_group.py for tasks to queue
[2026-06-24T06:30:12.548+0000] {logging_mixin.py:188} INFO - [2026-06-24T06:30:12.547+0000] {dagbag.py:545} INFO - Filling up the DagBag from /home/airflow/.local/lib/python3.12/site-packages/airflow/example_dags/example_task_group.py
[2026-06-24T06:30:12.556+0000] {processor.py:840} INFO - DAG(s) 'example_task_group' retrieved from /home/airflow/.local/lib/python3.12/site-packages/airflow/example_dags/example_task_group.py
[2026-06-24T06:30:12.578+0000] {logging_mixin.py:188} INFO - [2026-06-24T06:30:12.578+0000] {dag.py:3096} INFO - Sync 1 DAGs
[2026-06-24T06:30:12.598+0000] {logging_mixin.py:188} INFO - [2026-06-24T06:30:12.598+0000] {dag.py:3954} INFO - Setting next_dagrun for example_task_group to 2026-06-23 00:00:00+00:00, run_after=2026-06-24 00:00:00+00:00
[2026-06-24T06:30:12.614+0000] {processor.py:183} INFO - Processing /home/airflow/.local/lib/python3.12/site-packages/airflow/example_dags/example_task_group.py took 0.078 seconds
[2026-06-24T06:30:42.873+0000] {processor.py:161} INFO - Started process (PID=1483) to work on /home/airflow/.local/lib/python3.12/site-packages/airflow/example_dags/example_task_group.py
[2026-06-24T06:30:42.874+0000] {processor.py:830} INFO - Processing file /home/airflow/.local/lib/python3.12/site-packages/airflow/example_dags/example_task_group.py for tasks to queue
[2026-06-24T06:30:42.876+0000] {logging_mixin.py:188} INFO - [2026-06-24T06:30:42.875+0000] {dagbag.py:545} INFO - Filling up the DagBag from /home/airflow/.local/lib/python3.12/site-packages/airflow/example_dags/example_task_group.py
[2026-06-24T06:30:42.884+0000] {processor.py:840} INFO - DAG(s) 'example_task_group' retrieved from /home/airflow/.local/lib/python3.12/site-packages/airflow/example_dags/example_task_group.py
[2026-06-24T06:30:42.902+0000] {logging_mixin.py:188} INFO - [2026-06-24T06:30:42.902+0000] {dag.py:3096} INFO - Sync 1 DAGs
[2026-06-24T06:30:42.923+0000] {logging_mixin.py:188} INFO - [2026-06-24T06:30:42.923+0000] {dag.py:3954} INFO - Setting next_dagrun for example_task_group to 2026-06-23 00:00:00+00:00, run_after=2026-06-24 00:00:00+00:00
[2026-06-24T06:30:42.938+0000] {processor.py:183} INFO - Processing /home/airflow/.local/lib/python3.12/site-packages/airflow/example_dags/example_task_group.py took 0.072 seconds
[2026-06-24T06:31:13.687+0000] {processor.py:161} INFO - Started process (PID=1542) to work on /home/airflow/.local/lib/python3.12/site-packages/airflow/example_dags/example_task_group.py
[2026-06-24T06:31:13.688+0000] {processor.py:830} INFO - Processing file /home/airflow/.local/lib/python3.12/site-packages/airflow/example_dags/example_task_group.py for tasks to queue
[2026-06-24T06:31:13.690+0000] {logging_mixin.py:188} INFO - [2026-06-24T06:31:13.690+0000] {dagbag.py:545} INFO - Filling up the DagBag from /home/airflow/.local/lib/python3.12/site-packages/airflow/example_dags/example_task_group.py
[2026-06-24T06:31:13.699+0000] {processor.py:840} INFO - DAG(s) 'example_task_group' retrieved from /home/airflow/.local/lib/python3.12/site-packages/airflow/example_dags/example_task_group.py
[2026-06-24T06:31:13.724+0000] {logging_mixin.py:188} INFO - [2026-06-24T06:31:13.724+0000] {dag.py:3096} INFO - Sync 1 DAGs
[2026-06-24T06:31:13.901+0000] {logging_mixin.py:188} INFO - [2026-06-24T06:31:13.901+0000] {dag.py:3954} INFO - Setting next_dagrun for example_task_group to 2026-06-23 00:00:00+00:00, run_after=2026-06-24 00:00:00+00:00
[2026-06-24T06:31:13.916+0000] {processor.py:183} INFO - Processing /home/airflow/.local/lib/python3.12/site-packages/airflow/example_dags/example_task_group.py took 0.236 seconds
[2026-06-24T06:31:44.011+0000] {processor.py:161} INFO - Started process (PID=1601) to work on /home/airflow/.local/lib/python3.12/site-packages/airflow/example_dags/example_task_group.py
[2026-06-24T06:31:44.012+0000] {processor.py:830} INFO - Processing file /home/airflow/.local/lib/python3.12/site-packages/airflow/example_dags/example_task_group.py for tasks to queue
[2026-06-24T06:31:44.014+0000] {logging_mixin.py:188} INFO - [2026-06-24T06:31:44.014+0000] {dagbag.py:545} INFO - Filling up the DagBag from /home/airflow/.local/lib/python3.12/site-packages/airflow/example_dags/example_task_group.py
[2026-06-24T06:31:44.023+0000] {processor.py:840} INFO - DAG(s) 'example_task_group' retrieved from /home/airflow/.local/lib/python3.12/site-packages/airflow/example_dags/example_task_group.py
[2026-06-24T06:31:44.051+0000] {logging_mixin.py:188} INFO - [2026-06-24T06:31:44.051+0000] {dag.py:3096} INFO - Sync 1 DAGs
[2026-06-24T06:31:44.079+0000] {logging_mixin.py:188} INFO - [2026-06-24T06:31:44.079+0000] {dag.py:3954} INFO - Setting next_dagrun for example_task_group to 2026-06-23 00:00:00+00:00, run_after=2026-06-24 00:00:00+00:00
[2026-06-24T06:31:44.269+0000] {processor.py:183} INFO - Processing /home/airflow/.local/lib/python3.12/site-packages/airflow/example_dags/example_task_group.py took 0.265 seconds
[2026-06-24T06:32:14.752+0000] {processor.py:161} INFO - Started process (PID=1660) to work on /home/airflow/.local/lib/python3.12/site-packages/airflow/example_dags/example_task_group.py
[2026-06-24T06:32:14.753+0000] {processor.py:830} INFO - Processing file /home/airflow/.local/lib/python3.12/site-packages/airflow/example_dags/example_task_group.py for tasks to queue
[2026-06-24T06:32:14.755+0000] {logging_mixin.py:188} INFO - [2026-06-24T06:32:14.755+0000] {dagbag.py:545} INFO - Filling up the DagBag from /home/airflow/.local/lib/python3.12/site-packages/airflow/example_dags/example_task_group.py
[2026-06-24T06:32:14.765+0000] {processor.py:840} INFO - DAG(s) 'example_task_group' retrieved from /home/airflow/.local/lib/python3.12/site-packages/airflow/example_dags/example_task_group.py
[2026-06-24T06:32:14.792+0000] {logging_mixin.py:188} INFO - [2026-06-24T06:32:14.792+0000] {dag.py:3096} INFO - Sync 1 DAGs
[2026-06-24T06:32:14.983+0000] {logging_mixin.py:188} INFO - [2026-06-24T06:32:14.982+0000] {dag.py:3954} INFO - Setting next_dagrun for example_task_group to 2026-06-23 00:00:00+00:00, run_after=2026-06-24 00:00:00+00:00
[2026-06-24T06:32:15.002+0000] {processor.py:183} INFO - Processing /home/airflow/.local/lib/python3.12/site-packages/airflow/example_dags/example_task_group.py took 0.258 seconds
[2026-06-24T06:32:45.855+0000] {processor.py:161} INFO - Started process (PID=1718) to work on /home/airflow/.local/lib/python3.12/site-packages/airflow/example_dags/example_task_group.py
[2026-06-24T06:32:45.856+0000] {processor.py:830} INFO - Processing file /home/airflow/.local/lib/python3.12/site-packages/airflow/example_dags/example_task_group.py for tasks to queue
[2026-06-24T06:32:45.858+0000] {logging_mixin.py:188} INFO - [2026-06-24T06:32:45.858+0000] {dagbag.py:545} INFO - Filling up the DagBag from /home/airflow/.local/lib/python3.12/site-packages/airflow/example_dags/example_task_group.py
[2026-06-24T06:32:45.867+0000] {processor.py:840} INFO - DAG(s) 'example_task_group' retrieved from /home/airflow/.local/lib/python3.12/site-packages/airflow/example_dags/example_task_group.py
[2026-06-24T06:32:45.895+0000] {logging_mixin.py:188} INFO - [2026-06-24T06:32:45.895+0000] {dag.py:3096} INFO - Sync 1 DAGs
[2026-06-24T06:32:46.099+0000] {logging_mixin.py:188} INFO - [2026-06-24T06:32:46.099+0000] {dag.py:3954} INFO - Setting next_dagrun for example_task_group to 2026-06-23 00:00:00+00:00, run_after=2026-06-24 00:00:00+00:00
[2026-06-24T06:32:46.118+0000] {processor.py:183} INFO - Processing /home/airflow/.local/lib/python3.12/site-packages/airflow/example_dags/example_task_group.py took 0.271 seconds
[2026-06-24T06:33:16.764+0000] {processor.py:161} INFO - Started process (PID=1777) to work on /home/airflow/.local/lib/python3.12/site-packages/airflow/example_dags/example_task_group.py
[2026-06-24T06:33:16.765+0000] {processor.py:830} INFO - Processing file /home/airflow/.local/lib/python3.12/site-packages/airflow/example_dags/example_task_group.py for tasks to queue
[2026-06-24T06:33:16.768+0000] {logging_mixin.py:188} INFO - [2026-06-24T06:33:16.768+0000] {dagbag.py:545} INFO - Filling up the DagBag from /home/airflow/.local/lib/python3.12/site-packages/airflow/example_dags/example_task_group.py
[2026-06-24T06:33:16.779+0000] {processor.py:840} INFO - DAG(s) 'example_task_group' retrieved from /home/airflow/.local/lib/python3.12/site-packages/airflow/example_dags/example_task_group.py
[2026-06-24T06:33:16.798+0000] {logging_mixin.py:188} INFO - [2026-06-24T06:33:16.798+0000] {dag.py:3096} INFO - Sync 1 DAGs
[2026-06-24T06:33:16.945+0000] {logging_mixin.py:188} INFO - [2026-06-24T06:33:16.945+0000] {dag.py:3954} INFO - Setting next_dagrun for example_task_group to 2026-06-23 00:00:00+00:00, run_after=2026-06-24 00:00:00+00:00
[2026-06-24T06:33:16.960+0000] {processor.py:183} INFO - Processing /home/airflow/.local/lib/python3.12/site-packages/airflow/example_dags/example_task_group.py took 0.204 seconds
[2026-06-24T06:33:47.332+0000] {processor.py:161} INFO - Started process (PID=1837) to work on /home/airflow/.local/lib/python3.12/site-packages/airflow/example_dags/example_task_group.py
[2026-06-24T06:33:47.333+0000] {processor.py:830} INFO - Processing file /home/airflow/.local/lib/python3.12/site-packages/airflow/example_dags/example_task_group.py for tasks to queue
[2026-06-24T06:33:47.335+0000] {logging_mixin.py:188} INFO - [2026-06-24T06:33:47.335+0000] {dagbag.py:545} INFO - Filling up the DagBag from /home/airflow/.local/lib/python3.12/site-packages/airflow/example_dags/example_task_group.py
[2026-06-24T06:33:47.345+0000] {processor.py:840} INFO - DAG(s) 'example_task_group' retrieved from /home/airflow/.local/lib/python3.12/site-packages/airflow/example_dags/example_task_group.py
[2026-06-24T06:33:47.375+0000] {logging_mixin.py:188} INFO - [2026-06-24T06:33:47.375+0000] {dag.py:3096} INFO - Sync 1 DAGs
[2026-06-24T06:33:47.406+0000] {logging_mixin.py:188} INFO - [2026-06-24T06:33:47.405+0000] {dag.py:3954} INFO - Setting next_dagrun for example_task_group to 2026-06-23 00:00:00+00:00, run_after=2026-06-24 00:00:00+00:00
[2026-06-24T06:33:47.427+0000] {processor.py:183} INFO - Processing /home/airflow/.local/lib/python3.12/site-packages/airflow/example_dags/example_task_group.py took 0.104 seconds
[2026-06-24T06:34:17.962+0000] {processor.py:161} INFO - Started process (PID=1896) to work on /home/airflow/.local/lib/python3.12/site-packages/airflow/example_dags/example_task_group.py
[2026-06-24T06:34:17.965+0000] {processor.py:830} INFO - Processing file /home/airflow/.local/lib/python3.12/site-packages/airflow/example_dags/example_task_group.py for tasks to queue
[2026-06-24T06:34:17.971+0000] {logging_mixin.py:188} INFO - [2026-06-24T06:34:17.971+0000] {dagbag.py:545} INFO - Filling up the DagBag from /home/airflow/.local/lib/python3.12/site-packages/airflow/example_dags/example_task_group.py
[2026-06-24T06:34:17.995+0000] {processor.py:840} INFO - DAG(s) 'example_task_group' retrieved from /home/airflow/.local/lib/python3.12/site-packages/airflow/example_dags/example_task_group.py
[2026-06-24T06:34:18.058+0000] {logging_mixin.py:188} INFO - [2026-06-24T06:34:18.058+0000] {dag.py:3096} INFO - Sync 1 DAGs
[2026-06-24T06:34:18.133+0000] {logging_mixin.py:188} INFO - [2026-06-24T06:34:18.133+0000] {dag.py:3954} INFO - Setting next_dagrun for example_task_group to 2026-06-23 00:00:00+00:00, run_after=2026-06-24 00:00:00+00:00
[2026-06-24T06:34:18.185+0000] {processor.py:183} INFO - Processing /home/airflow/.local/lib/python3.12/site-packages/airflow/example_dags/example_task_group.py took 0.244 seconds
[2026-06-24T06:34:48.306+0000] {processor.py:161} INFO - Started process (PID=1955) to work on /home/airflow/.local/lib/python3.12/site-packages/airflow/example_dags/example_task_group.py
[2026-06-24T06:34:48.307+0000] {processor.py:830} INFO - Processing file /home/airflow/.local/lib/python3.12/site-packages/airflow/example_dags/example_task_group.py for tasks to queue
[2026-06-24T06:34:48.309+0000] {logging_mixin.py:188} INFO - [2026-06-24T06:34:48.309+0000] {dagbag.py:545} INFO - Filling up the DagBag from /home/airflow/.local/lib/python3.12/site-packages/airflow/example_dags/example_task_group.py
[2026-06-24T06:34:48.319+0000] {processor.py:840} INFO - DAG(s) 'example_task_group' retrieved from /home/airflow/.local/lib/python3.12/site-packages/airflow/example_dags/example_task_group.py
[2026-06-24T06:34:48.349+0000] {logging_mixin.py:188} INFO - [2026-06-24T06:34:48.349+0000] {dag.py:3096} INFO - Sync 1 DAGs
[2026-06-24T06:34:48.381+0000] {logging_mixin.py:188} INFO - [2026-06-24T06:34:48.381+0000] {dag.py:3954} INFO - Setting next_dagrun for example_task_group to 2026-06-23 00:00:00+00:00, run_after=2026-06-24 00:00:00+00:00
[2026-06-24T06:34:48.402+0000] {processor.py:183} INFO - Processing /home/airflow/.local/lib/python3.12/site-packages/airflow/example_dags/example_task_group.py took 0.105 seconds
[2026-06-24T06:43:54.375+0000] {processor.py:161} INFO - Started process (PID=100) to work on /home/airflow/.local/lib/python3.12/site-packages/airflow/example_dags/example_task_group.py
[2026-06-24T06:43:54.398+0000] {processor.py:830} INFO - Processing file /home/airflow/.local/lib/python3.12/site-packages/airflow/example_dags/example_task_group.py for tasks to queue
[2026-06-24T06:43:54.408+0000] {logging_mixin.py:188} INFO - [2026-06-24T06:43:54.408+0000] {dagbag.py:545} INFO - Filling up the DagBag from /home/airflow/.local/lib/python3.12/site-packages/airflow/example_dags/example_task_group.py
[2026-06-24T06:43:54.452+0000] {processor.py:840} INFO - DAG(s) 'example_task_group' retrieved from /home/airflow/.local/lib/python3.12/site-packages/airflow/example_dags/example_task_group.py
[2026-06-24T06:43:54.587+0000] {logging_mixin.py:188} INFO - [2026-06-24T06:43:54.585+0000] {dag.py:3096} INFO - Sync 1 DAGs
[2026-06-24T06:43:54.622+0000] {logging_mixin.py:188} INFO - [2026-06-24T06:43:54.621+0000] {dag.py:3954} INFO - Setting next_dagrun for example_task_group to 2026-06-23 00:00:00+00:00, run_after=2026-06-24 00:00:00+00:00
[2026-06-24T06:43:54.678+0000] {processor.py:183} INFO - Processing /home/airflow/.local/lib/python3.12/site-packages/airflow/example_dags/example_task_group.py took 0.337 seconds
[2026-06-24T06:46:35.161+0000] {processor.py:161} INFO - Started process (PID=114) to work on /home/airflow/.local/lib/python3.12/site-packages/airflow/example_dags/example_task_group.py
[2026-06-24T06:46:35.174+0000] {processor.py:830} INFO - Processing file /home/airflow/.local/lib/python3.12/site-packages/airflow/example_dags/example_task_group.py for tasks to queue
[2026-06-24T06:46:35.180+0000] {logging_mixin.py:188} INFO - [2026-06-24T06:46:35.180+0000] {dagbag.py:545} INFO - Filling up the DagBag from /home/airflow/.local/lib/python3.12/site-packages/airflow/example_dags/example_task_group.py
[2026-06-24T06:46:35.225+0000] {processor.py:840} INFO - DAG(s) 'example_task_group' retrieved from /home/airflow/.local/lib/python3.12/site-packages/airflow/example_dags/example_task_group.py
[2026-06-24T06:46:35.537+0000] {logging_mixin.py:188} INFO - [2026-06-24T06:46:35.536+0000] {override.py:1829} INFO - Created Permission View: can delete on DAG:example_task_group
[2026-06-24T06:46:35.549+0000] {logging_mixin.py:188} INFO - [2026-06-24T06:46:35.549+0000] {override.py:1829} INFO - Created Permission View: can edit on DAG:example_task_group
[2026-06-24T06:46:35.555+0000] {logging_mixin.py:188} INFO - [2026-06-24T06:46:35.555+0000] {override.py:1829} INFO - Created Permission View: can read on DAG:example_task_group
[2026-06-24T06:46:35.556+0000] {logging_mixin.py:188} INFO - [2026-06-24T06:46:35.556+0000] {dag.py:3096} INFO - Sync 1 DAGs
[2026-06-24T06:46:35.571+0000] {logging_mixin.py:188} INFO - [2026-06-24T06:46:35.570+0000] {dag.py:3118} INFO - Creating ORM DAG for example_task_group
[2026-06-24T06:46:35.586+0000] {logging_mixin.py:188} INFO - [2026-06-24T06:46:35.586+0000] {dag.py:3954} INFO - Setting next_dagrun for example_task_group to 2026-06-23 00:00:00+00:00, run_after=2026-06-24 00:00:00+00:00
[2026-06-24T06:46:35.628+0000] {processor.py:183} INFO - Processing /home/airflow/.local/lib/python3.12/site-packages/airflow/example_dags/example_task_group.py took 0.493 seconds
[2026-06-24T06:47:06.185+0000] {processor.py:161} INFO - Started process (PID=173) to work on /home/airflow/.local/lib/python3.12/site-packages/airflow/example_dags/example_task_group.py
[2026-06-24T06:47:06.190+0000] {processor.py:830} INFO - Processing file /home/airflow/.local/lib/python3.12/site-packages/airflow/example_dags/example_task_group.py for tasks to queue
[2026-06-24T06:47:06.192+0000] {logging_mixin.py:188} INFO - [2026-06-24T06:47:06.191+0000] {dagbag.py:545} INFO - Filling up the DagBag from /home/airflow/.local/lib/python3.12/site-packages/airflow/example_dags/example_task_group.py
[2026-06-24T06:47:06.198+0000] {processor.py:840} INFO - DAG(s) 'example_task_group' retrieved from /home/airflow/.local/lib/python3.12/site-packages/airflow/example_dags/example_task_group.py
[2026-06-24T06:47:06.220+0000] {logging_mixin.py:188} INFO - [2026-06-24T06:47:06.219+0000] {dag.py:3096} INFO - Sync 1 DAGs
[2026-06-24T06:47:06.247+0000] {logging_mixin.py:188} INFO - [2026-06-24T06:47:06.247+0000] {dag.py:3954} INFO - Setting next_dagrun for example_task_group to 2026-06-23 00:00:00+00:00, run_after=2026-06-24 00:00:00+00:00
[2026-06-24T06:47:06.294+0000] {processor.py:183} INFO - Processing /home/airflow/.local/lib/python3.12/site-packages/airflow/example_dags/example_task_group.py took 0.121 seconds
[2026-06-24T06:47:37.046+0000] {processor.py:161} INFO - Started process (PID=232) to work on /home/airflow/.local/lib/python3.12/site-packages/airflow/example_dags/example_task_group.py
[2026-06-24T06:47:37.047+0000] {processor.py:830} INFO - Processing file /home/airflow/.local/lib/python3.12/site-packages/airflow/example_dags/example_task_group.py for tasks to queue
[2026-06-24T06:47:37.049+0000] {logging_mixin.py:188} INFO - [2026-06-24T06:47:37.048+0000] {dagbag.py:545} INFO - Filling up the DagBag from /home/airflow/.local/lib/python3.12/site-packages/airflow/example_dags/example_task_group.py
[2026-06-24T06:47:37.056+0000] {processor.py:840} INFO - DAG(s) 'example_task_group' retrieved from /home/airflow/.local/lib/python3.12/site-packages/airflow/example_dags/example_task_group.py
[2026-06-24T06:47:37.076+0000] {logging_mixin.py:188} INFO - [2026-06-24T06:47:37.076+0000] {dag.py:3096} INFO - Sync 1 DAGs
[2026-06-24T06:47:37.096+0000] {logging_mixin.py:188} INFO - [2026-06-24T06:47:37.096+0000] {dag.py:3954} INFO - Setting next_dagrun for example_task_group to 2026-06-23 00:00:00+00:00, run_after=2026-06-24 00:00:00+00:00
[2026-06-24T06:47:37.124+0000] {processor.py:183} INFO - Processing /home/airflow/.local/lib/python3.12/site-packages/airflow/example_dags/example_task_group.py took 0.095 seconds
[2026-06-24T06:48:07.615+0000] {processor.py:161} INFO - Started process (PID=291) to work on /home/airflow/.local/lib/python3.12/site-packages/airflow/example_dags/example_task_group.py
[2026-06-24T06:48:07.616+0000] {processor.py:830} INFO - Processing file /home/airflow/.local/lib/python3.12/site-packages/airflow/example_dags/example_task_group.py for tasks to queue
[2026-06-24T06:48:07.617+0000] {logging_mixin.py:188} INFO - [2026-06-24T06:48:07.617+0000] {dagbag.py:545} INFO - Filling up the DagBag from /home/airflow/.local/lib/python3.12/site-packages/airflow/example_dags/example_task_group.py
[2026-06-24T06:48:07.623+0000] {processor.py:840} INFO - DAG(s) 'example_task_group' retrieved from /home/airflow/.local/lib/python3.12/site-packages/airflow/example_dags/example_task_group.py
[2026-06-24T06:48:07.642+0000] {logging_mixin.py:188} INFO - [2026-06-24T06:48:07.642+0000] {dag.py:3096} INFO - Sync 1 DAGs
[2026-06-24T06:48:07.662+0000] {logging_mixin.py:188} INFO - [2026-06-24T06:48:07.661+0000] {dag.py:3954} INFO - Setting next_dagrun for example_task_group to 2026-06-23 00:00:00+00:00, run_after=2026-06-24 00:00:00+00:00
[2026-06-24T06:48:07.681+0000] {processor.py:183} INFO - Processing /home/airflow/.local/lib/python3.12/site-packages/airflow/example_dags/example_task_group.py took 0.072 seconds
[2026-06-24T06:48:38.509+0000] {processor.py:161} INFO - Started process (PID=350) to work on /home/airflow/.local/lib/python3.12/site-packages/airflow/example_dags/example_task_group.py
[2026-06-24T06:48:38.521+0000] {processor.py:830} INFO - Processing file /home/airflow/.local/lib/python3.12/site-packages/airflow/example_dags/example_task_group.py for tasks to queue
[2026-06-24T06:48:38.540+0000] {logging_mixin.py:188} INFO - [2026-06-24T06:48:38.538+0000] {dagbag.py:545} INFO - Filling up the DagBag from /home/airflow/.local/lib/python3.12/site-packages/airflow/example_dags/example_task_group.py
[2026-06-24T06:48:38.600+0000] {processor.py:840} INFO - DAG(s) 'example_task_group' retrieved from /home/airflow/.local/lib/python3.12/site-packages/airflow/example_dags/example_task_group.py
[2026-06-24T06:48:38.706+0000] {logging_mixin.py:188} INFO - [2026-06-24T06:48:38.702+0000] {dag.py:3096} INFO - Sync 1 DAGs
[2026-06-24T06:48:38.734+0000] {logging_mixin.py:188} INFO - [2026-06-24T06:48:38.734+0000] {dag.py:3954} INFO - Setting next_dagrun for example_task_group to 2026-06-23 00:00:00+00:00, run_after=2026-06-24 00:00:00+00:00
[2026-06-24T06:48:38.757+0000] {processor.py:183} INFO - Processing /home/airflow/.local/lib/python3.12/site-packages/airflow/example_dags/example_task_group.py took 0.282 seconds
[2026-06-24T06:49:08.961+0000] {processor.py:161} INFO - Started process (PID=409) to work on /home/airflow/.local/lib/python3.12/site-packages/airflow/example_dags/example_task_group.py
[2026-06-24T06:49:08.962+0000] {processor.py:830} INFO - Processing file /home/airflow/.local/lib/python3.12/site-packages/airflow/example_dags/example_task_group.py for tasks to queue
[2026-06-24T06:49:08.964+0000] {logging_mixin.py:188} INFO - [2026-06-24T06:49:08.964+0000] {dagbag.py:545} INFO - Filling up the DagBag from /home/airflow/.local/lib/python3.12/site-packages/airflow/example_dags/example_task_group.py
[2026-06-24T06:49:08.979+0000] {processor.py:840} INFO - DAG(s) 'example_task_group' retrieved from /home/airflow/.local/lib/python3.12/site-packages/airflow/example_dags/example_task_group.py
[2026-06-24T06:49:09.016+0000] {logging_mixin.py:188} INFO - [2026-06-24T06:49:09.015+0000] {dag.py:3096} INFO - Sync 1 DAGs
[2026-06-24T06:49:09.048+0000] {logging_mixin.py:188} INFO - [2026-06-24T06:49:09.048+0000] {dag.py:3954} INFO - Setting next_dagrun for example_task_group to 2026-06-23 00:00:00+00:00, run_after=2026-06-24 00:00:00+00:00
[2026-06-24T06:49:09.104+0000] {processor.py:183} INFO - Processing /home/airflow/.local/lib/python3.12/site-packages/airflow/example_dags/example_task_group.py took 0.150 seconds
[2026-06-24T06:49:39.189+0000] {processor.py:161} INFO - Started process (PID=467) to work on /home/airflow/.local/lib/python3.12/site-packages/airflow/example_dags/example_task_group.py
[2026-06-24T06:49:39.191+0000] {processor.py:830} INFO - Processing file /home/airflow/.local/lib/python3.12/site-packages/airflow/example_dags/example_task_group.py for tasks to queue
[2026-06-24T06:49:39.193+0000] {logging_mixin.py:188} INFO - [2026-06-24T06:49:39.193+0000] {dagbag.py:545} INFO - Filling up the DagBag from /home/airflow/.local/lib/python3.12/site-packages/airflow/example_dags/example_task_group.py
[2026-06-24T06:49:39.203+0000] {processor.py:840} INFO - DAG(s) 'example_task_group' retrieved from /home/airflow/.local/lib/python3.12/site-packages/airflow/example_dags/example_task_group.py
[2026-06-24T06:49:39.224+0000] {logging_mixin.py:188} INFO - [2026-06-24T06:49:39.224+0000] {dag.py:3096} INFO - Sync 1 DAGs
[2026-06-24T06:49:39.246+0000] {logging_mixin.py:188} INFO - [2026-06-24T06:49:39.245+0000] {dag.py:3954} INFO - Setting next_dagrun for example_task_group to 2026-06-23 00:00:00+00:00, run_after=2026-06-24 00:00:00+00:00
[2026-06-24T06:49:39.262+0000] {processor.py:183} INFO - Processing /home/airflow/.local/lib/python3.12/site-packages/airflow/example_dags/example_task_group.py took 0.081 seconds
[2026-06-24T06:50:10.221+0000] {processor.py:161} INFO - Started process (PID=526) to work on /home/airflow/.local/lib/python3.12/site-packages/airflow/example_dags/example_task_group.py
[2026-06-24T06:50:10.222+0000] {processor.py:830} INFO - Processing file /home/airflow/.local/lib/python3.12/site-packages/airflow/example_dags/example_task_group.py for tasks to queue
[2026-06-24T06:50:10.224+0000] {logging_mixin.py:188} INFO - [2026-06-24T06:50:10.224+0000] {dagbag.py:545} INFO - Filling up the DagBag from /home/airflow/.local/lib/python3.12/site-packages/airflow/example_dags/example_task_group.py
[2026-06-24T06:50:10.234+0000] {processor.py:840} INFO - DAG(s) 'example_task_group' retrieved from /home/airflow/.local/lib/python3.12/site-packages/airflow/example_dags/example_task_group.py
[2026-06-24T06:50:10.264+0000] {logging_mixin.py:188} INFO - [2026-06-24T06:50:10.263+0000] {dag.py:3096} INFO - Sync 1 DAGs
[2026-06-24T06:50:10.293+0000] {logging_mixin.py:188} INFO - [2026-06-24T06:50:10.293+0000] {dag.py:3954} INFO - Setting next_dagrun for example_task_group to 2026-06-23 00:00:00+00:00, run_after=2026-06-24 00:00:00+00:00
[2026-06-24T06:50:10.314+0000] {processor.py:183} INFO - Processing /home/airflow/.local/lib/python3.12/site-packages/airflow/example_dags/example_task_group.py took 0.102 seconds
[2026-06-24T06:50:41.386+0000] {processor.py:161} INFO - Started process (PID=585) to work on /home/airflow/.local/lib/python3.12/site-packages/airflow/example_dags/example_task_group.py
[2026-06-24T06:50:41.387+0000] {processor.py:830} INFO - Processing file /home/airflow/.local/lib/python3.12/site-packages/airflow/example_dags/example_task_group.py for tasks to queue
[2026-06-24T06:50:41.390+0000] {logging_mixin.py:188} INFO - [2026-06-24T06:50:41.389+0000] {dagbag.py:545} INFO - Filling up the DagBag from /home/airflow/.local/lib/python3.12/site-packages/airflow/example_dags/example_task_group.py
[2026-06-24T06:50:41.400+0000] {processor.py:840} INFO - DAG(s) 'example_task_group' retrieved from /home/airflow/.local/lib/python3.12/site-packages/airflow/example_dags/example_task_group.py
[2026-06-24T06:50:41.430+0000] {logging_mixin.py:188} INFO - [2026-06-24T06:50:41.429+0000] {dag.py:3096} INFO - Sync 1 DAGs
[2026-06-24T06:50:41.463+0000] {logging_mixin.py:188} INFO - [2026-06-24T06:50:41.463+0000] {dag.py:3954} INFO - Setting next_dagrun for example_task_group to 2026-06-23 00:00:00+00:00, run_after=2026-06-24 00:00:00+00:00
[2026-06-24T06:50:41.483+0000] {processor.py:183} INFO - Processing /home/airflow/.local/lib/python3.12/site-packages/airflow/example_dags/example_task_group.py took 0.105 seconds
[2026-06-24T06:51:12.459+0000] {processor.py:161} INFO - Started process (PID=644) to work on /home/airflow/.local/lib/python3.12/site-packages/airflow/example_dags/example_task_group.py
[2026-06-24T06:51:12.461+0000] {processor.py:830} INFO - Processing file /home/airflow/.local/lib/python3.12/site-packages/airflow/example_dags/example_task_group.py for tasks to queue
[2026-06-24T06:51:12.463+0000] {logging_mixin.py:188} INFO - [2026-06-24T06:51:12.462+0000] {dagbag.py:545} INFO - Filling up the DagBag from /home/airflow/.local/lib/python3.12/site-packages/airflow/example_dags/example_task_group.py
[2026-06-24T06:51:12.475+0000] {processor.py:840} INFO - DAG(s) 'example_task_group' retrieved from /home/airflow/.local/lib/python3.12/site-packages/airflow/example_dags/example_task_group.py
[2026-06-24T06:51:12.507+0000] {logging_mixin.py:188} INFO - [2026-06-24T06:51:12.506+0000] {dag.py:3096} INFO - Sync 1 DAGs
[2026-06-24T06:51:12.564+0000] {logging_mixin.py:188} INFO - [2026-06-24T06:51:12.562+0000] {dag.py:3954} INFO - Setting next_dagrun for example_task_group to 2026-06-23 00:00:00+00:00, run_after=2026-06-24 00:00:00+00:00
[2026-06-24T06:51:12.620+0000] {processor.py:183} INFO - Processing /home/airflow/.local/lib/python3.12/site-packages/airflow/example_dags/example_task_group.py took 0.169 seconds
[2026-06-24T06:51:43.185+0000] {processor.py:161} INFO - Started process (PID=703) to work on /home/airflow/.local/lib/python3.12/site-packages/airflow/example_dags/example_task_group.py
[2026-06-24T06:51:43.186+0000] {processor.py:830} INFO - Processing file /home/airflow/.local/lib/python3.12/site-packages/airflow/example_dags/example_task_group.py for tasks to queue
[2026-06-24T06:51:43.187+0000] {logging_mixin.py:188} INFO - [2026-06-24T06:51:43.187+0000] {dagbag.py:545} INFO - Filling up the DagBag from /home/airflow/.local/lib/python3.12/site-packages/airflow/example_dags/example_task_group.py
[2026-06-24T06:51:43.194+0000] {processor.py:840} INFO - DAG(s) 'example_task_group' retrieved from /home/airflow/.local/lib/python3.12/site-packages/airflow/example_dags/example_task_group.py
[2026-06-24T06:51:43.214+0000] {logging_mixin.py:188} INFO - [2026-06-24T06:51:43.213+0000] {dag.py:3096} INFO - Sync 1 DAGs
[2026-06-24T06:51:43.234+0000] {logging_mixin.py:188} INFO - [2026-06-24T06:51:43.233+0000] {dag.py:3954} INFO - Setting next_dagrun for example_task_group to 2026-06-23 00:00:00+00:00, run_after=2026-06-24 00:00:00+00:00
[2026-06-24T06:51:43.250+0000] {processor.py:183} INFO - Processing /home/airflow/.local/lib/python3.12/site-packages/airflow/example_dags/example_task_group.py took 0.070 seconds
[2026-06-24T06:52:14.859+0000] {processor.py:161} INFO - Started process (PID=762) to work on /home/airflow/.local/lib/python3.12/site-packages/airflow/example_dags/example_task_group.py
[2026-06-24T06:52:14.864+0000] {processor.py:830} INFO - Processing file /home/airflow/.local/lib/python3.12/site-packages/airflow/example_dags/example_task_group.py for tasks to queue
[2026-06-24T06:52:14.867+0000] {logging_mixin.py:188} INFO - [2026-06-24T06:52:14.867+0000] {dagbag.py:545} INFO - Filling up the DagBag from /home/airflow/.local/lib/python3.12/site-packages/airflow/example_dags/example_task_group.py
[2026-06-24T06:52:14.905+0000] {processor.py:840} INFO - DAG(s) 'example_task_group' retrieved from /home/airflow/.local/lib/python3.12/site-packages/airflow/example_dags/example_task_group.py
[2026-06-24T06:52:15.018+0000] {logging_mixin.py:188} INFO - [2026-06-24T06:52:15.018+0000] {dag.py:3096} INFO - Sync 1 DAGs
[2026-06-24T06:52:15.124+0000] {logging_mixin.py:188} INFO - [2026-06-24T06:52:15.120+0000] {dag.py:3954} INFO - Setting next_dagrun for example_task_group to 2026-06-23 00:00:00+00:00, run_after=2026-06-24 00:00:00+00:00
[2026-06-24T06:52:15.198+0000] {processor.py:183} INFO - Processing /home/airflow/.local/lib/python3.12/site-packages/airflow/example_dags/example_task_group.py took 0.393 seconds
[2026-06-24T06:52:45.260+0000] {processor.py:161} INFO - Started process (PID=821) to work on /home/airflow/.local/lib/python3.12/site-packages/airflow/example_dags/example_task_group.py
[2026-06-24T06:52:45.261+0000] {processor.py:830} INFO - Processing file /home/airflow/.local/lib/python3.12/site-packages/airflow/example_dags/example_task_group.py for tasks to queue
[2026-06-24T06:52:45.263+0000] {logging_mixin.py:188} INFO - [2026-06-24T06:52:45.262+0000] {dagbag.py:545} INFO - Filling up the DagBag from /home/airflow/.local/lib/python3.12/site-packages/airflow/example_dags/example_task_group.py
[2026-06-24T06:52:45.272+0000] {processor.py:840} INFO - DAG(s) 'example_task_group' retrieved from /home/airflow/.local/lib/python3.12/site-packages/airflow/example_dags/example_task_group.py
[2026-06-24T06:52:45.309+0000] {logging_mixin.py:188} INFO - [2026-06-24T06:52:45.309+0000] {dag.py:3096} INFO - Sync 1 DAGs
[2026-06-24T06:52:45.337+0000] {logging_mixin.py:188} INFO - [2026-06-24T06:52:45.337+0000] {dag.py:3954} INFO - Setting next_dagrun for example_task_group to 2026-06-23 00:00:00+00:00, run_after=2026-06-24 00:00:00+00:00
[2026-06-24T06:52:45.355+0000] {processor.py:183} INFO - Processing /home/airflow/.local/lib/python3.12/site-packages/airflow/example_dags/example_task_group.py took 0.100 seconds
[2026-06-24T06:53:15.457+0000] {processor.py:161} INFO - Started process (PID=880) to work on /home/airflow/.local/lib/python3.12/site-packages/airflow/example_dags/example_task_group.py
[2026-06-24T06:53:15.458+0000] {processor.py:830} INFO - Processing file /home/airflow/.local/lib/python3.12/site-packages/airflow/example_dags/example_task_group.py for tasks to queue
[2026-06-24T06:53:15.461+0000] {logging_mixin.py:188} INFO - [2026-06-24T06:53:15.460+0000] {dagbag.py:545} INFO - Filling up the DagBag from /home/airflow/.local/lib/python3.12/site-packages/airflow/example_dags/example_task_group.py
[2026-06-24T06:53:15.470+0000] {processor.py:840} INFO - DAG(s) 'example_task_group' retrieved from /home/airflow/.local/lib/python3.12/site-packages/airflow/example_dags/example_task_group.py
[2026-06-24T06:53:15.500+0000] {logging_mixin.py:188} INFO - [2026-06-24T06:53:15.500+0000] {dag.py:3096} INFO - Sync 1 DAGs
[2026-06-24T06:53:15.532+0000] {logging_mixin.py:188} INFO - [2026-06-24T06:53:15.532+0000] {dag.py:3954} INFO - Setting next_dagrun for example_task_group to 2026-06-23 00:00:00+00:00, run_after=2026-06-24 00:00:00+00:00
[2026-06-24T06:53:15.553+0000] {processor.py:183} INFO - Processing /home/airflow/.local/lib/python3.12/site-packages/airflow/example_dags/example_task_group.py took 0.104 seconds
[2026-06-24T06:53:45.736+0000] {processor.py:161} INFO - Started process (PID=938) to work on /home/airflow/.local/lib/python3.12/site-packages/airflow/example_dags/example_task_group.py
[2026-06-24T06:53:45.736+0000] {processor.py:830} INFO - Processing file /home/airflow/.local/lib/python3.12/site-packages/airflow/example_dags/example_task_group.py for tasks to queue
[2026-06-24T06:53:45.738+0000] {logging_mixin.py:188} INFO - [2026-06-24T06:53:45.738+0000] {dagbag.py:545} INFO - Filling up the DagBag from /home/airflow/.local/lib/python3.12/site-packages/airflow/example_dags/example_task_group.py
[2026-06-24T06:53:45.744+0000] {processor.py:840} INFO - DAG(s) 'example_task_group' retrieved from /home/airflow/.local/lib/python3.12/site-packages/airflow/example_dags/example_task_group.py
[2026-06-24T06:53:45.773+0000] {logging_mixin.py:188} INFO - [2026-06-24T06:53:45.773+0000] {dag.py:3096} INFO - Sync 1 DAGs
[2026-06-24T06:53:45.793+0000] {logging_mixin.py:188} INFO - [2026-06-24T06:53:45.792+0000] {dag.py:3954} INFO - Setting next_dagrun for example_task_group to 2026-06-23 00:00:00+00:00, run_after=2026-06-24 00:00:00+00:00
[2026-06-24T06:53:45.808+0000] {processor.py:183} INFO - Processing /home/airflow/.local/lib/python3.12/site-packages/airflow/example_dags/example_task_group.py took 0.079 seconds
[2026-06-24T06:54:16.052+0000] {processor.py:161} INFO - Started process (PID=997) to work on /home/airflow/.local/lib/python3.12/site-packages/airflow/example_dags/example_task_group.py
[2026-06-24T06:54:16.053+0000] {processor.py:830} INFO - Processing file /home/airflow/.local/lib/python3.12/site-packages/airflow/example_dags/example_task_group.py for tasks to queue
[2026-06-24T06:54:16.055+0000] {logging_mixin.py:188} INFO - [2026-06-24T06:54:16.055+0000] {dagbag.py:545} INFO - Filling up the DagBag from /home/airflow/.local/lib/python3.12/site-packages/airflow/example_dags/example_task_group.py
[2026-06-24T06:54:16.064+0000] {processor.py:840} INFO - DAG(s) 'example_task_group' retrieved from /home/airflow/.local/lib/python3.12/site-packages/airflow/example_dags/example_task_group.py
[2026-06-24T06:54:16.086+0000] {logging_mixin.py:188} INFO - [2026-06-24T06:54:16.086+0000] {dag.py:3096} INFO - Sync 1 DAGs
[2026-06-24T06:54:16.105+0000] {logging_mixin.py:188} INFO - [2026-06-24T06:54:16.105+0000] {dag.py:3954} INFO - Setting next_dagrun for example_task_group to 2026-06-23 00:00:00+00:00, run_after=2026-06-24 00:00:00+00:00
[2026-06-24T06:54:16.120+0000] {processor.py:183} INFO - Processing /home/airflow/.local/lib/python3.12/site-packages/airflow/example_dags/example_task_group.py took 0.075 seconds
[2026-06-24T06:54:46.748+0000] {processor.py:161} INFO - Started process (PID=1056) to work on /home/airflow/.local/lib/python3.12/site-packages/airflow/example_dags/example_task_group.py
[2026-06-24T06:54:46.749+0000] {processor.py:830} INFO - Processing file /home/airflow/.local/lib/python3.12/site-packages/airflow/example_dags/example_task_group.py for tasks to queue
[2026-06-24T06:54:46.751+0000] {logging_mixin.py:188} INFO - [2026-06-24T06:54:46.751+0000] {dagbag.py:545} INFO - Filling up the DagBag from /home/airflow/.local/lib/python3.12/site-packages/airflow/example_dags/example_task_group.py
[2026-06-24T06:54:46.760+0000] {processor.py:840} INFO - DAG(s) 'example_task_group' retrieved from /home/airflow/.local/lib/python3.12/site-packages/airflow/example_dags/example_task_group.py
[2026-06-24T06:54:46.780+0000] {logging_mixin.py:188} INFO - [2026-06-24T06:54:46.780+0000] {dag.py:3096} INFO - Sync 1 DAGs
[2026-06-24T06:54:46.800+0000] {logging_mixin.py:188} INFO - [2026-06-24T06:54:46.800+0000] {dag.py:3954} INFO - Setting next_dagrun for example_task_group to 2026-06-23 00:00:00+00:00, run_after=2026-06-24 00:00:00+00:00
[2026-06-24T06:54:46.816+0000] {processor.py:183} INFO - Processing /home/airflow/.local/lib/python3.12/site-packages/airflow/example_dags/example_task_group.py took 0.075 seconds
[2026-06-24T06:55:17.805+0000] {processor.py:161} INFO - Started process (PID=1115) to work on /home/airflow/.local/lib/python3.12/site-packages/airflow/example_dags/example_task_group.py
[2026-06-24T06:55:17.808+0000] {processor.py:830} INFO - Processing file /home/airflow/.local/lib/python3.12/site-packages/airflow/example_dags/example_task_group.py for tasks to queue
[2026-06-24T06:55:17.812+0000] {logging_mixin.py:188} INFO - [2026-06-24T06:55:17.812+0000] {dagbag.py:545} INFO - Filling up the DagBag from /home/airflow/.local/lib/python3.12/site-packages/airflow/example_dags/example_task_group.py
[2026-06-24T06:55:17.848+0000] {processor.py:840} INFO - DAG(s) 'example_task_group' retrieved from /home/airflow/.local/lib/python3.12/site-packages/airflow/example_dags/example_task_group.py
[2026-06-24T06:55:17.973+0000] {logging_mixin.py:188} INFO - [2026-06-24T06:55:17.972+0000] {dag.py:3096} INFO - Sync 1 DAGs
[2026-06-24T06:55:18.040+0000] {logging_mixin.py:188} INFO - [2026-06-24T06:55:18.040+0000] {dag.py:3954} INFO - Setting next_dagrun for example_task_group to 2026-06-23 00:00:00+00:00, run_after=2026-06-24 00:00:00+00:00
[2026-06-24T06:55:18.092+0000] {processor.py:183} INFO - Processing /home/airflow/.local/lib/python3.12/site-packages/airflow/example_dags/example_task_group.py took 0.304 seconds
[2026-06-24T06:55:49.145+0000] {processor.py:161} INFO - Started process (PID=1174) to work on /home/airflow/.local/lib/python3.12/site-packages/airflow/example_dags/example_task_group.py
[2026-06-24T06:55:49.146+0000] {processor.py:830} INFO - Processing file /home/airflow/.local/lib/python3.12/site-packages/airflow/example_dags/example_task_group.py for tasks to queue
[2026-06-24T06:55:49.150+0000] {logging_mixin.py:188} INFO - [2026-06-24T06:55:49.148+0000] {dagbag.py:545} INFO - Filling up the DagBag from /home/airflow/.local/lib/python3.12/site-packages/airflow/example_dags/example_task_group.py
[2026-06-24T06:55:49.188+0000] {processor.py:840} INFO - DAG(s) 'example_task_group' retrieved from /home/airflow/.local/lib/python3.12/site-packages/airflow/example_dags/example_task_group.py
[2026-06-24T06:55:49.345+0000] {logging_mixin.py:188} INFO - [2026-06-24T06:55:49.345+0000] {dag.py:3096} INFO - Sync 1 DAGs
[2026-06-24T06:55:49.467+0000] {logging_mixin.py:188} INFO - [2026-06-24T06:55:49.467+0000] {dag.py:3954} INFO - Setting next_dagrun for example_task_group to 2026-06-23 00:00:00+00:00, run_after=2026-06-24 00:00:00+00:00
[2026-06-24T06:55:49.559+0000] {processor.py:183} INFO - Processing /home/airflow/.local/lib/python3.12/site-packages/airflow/example_dags/example_task_group.py took 0.436 seconds
[2026-06-24T06:56:19.901+0000] {processor.py:161} INFO - Started process (PID=1233) to work on /home/airflow/.local/lib/python3.12/site-packages/airflow/example_dags/example_task_group.py
[2026-06-24T06:56:19.902+0000] {processor.py:830} INFO - Processing file /home/airflow/.local/lib/python3.12/site-packages/airflow/example_dags/example_task_group.py for tasks to queue
[2026-06-24T06:56:19.904+0000] {logging_mixin.py:188} INFO - [2026-06-24T06:56:19.903+0000] {dagbag.py:545} INFO - Filling up the DagBag from /home/airflow/.local/lib/python3.12/site-packages/airflow/example_dags/example_task_group.py
[2026-06-24T06:56:19.913+0000] {processor.py:840} INFO - DAG(s) 'example_task_group' retrieved from /home/airflow/.local/lib/python3.12/site-packages/airflow/example_dags/example_task_group.py
[2026-06-24T06:56:19.999+0000] {logging_mixin.py:188} INFO - [2026-06-24T06:56:19.998+0000] {dag.py:3096} INFO - Sync 1 DAGs
[2026-06-24T06:56:20.030+0000] {logging_mixin.py:188} INFO - [2026-06-24T06:56:20.030+0000] {dag.py:3954} INFO - Setting next_dagrun for example_task_group to 2026-06-23 00:00:00+00:00, run_after=2026-06-24 00:00:00+00:00
[2026-06-24T06:56:20.050+0000] {processor.py:183} INFO - Processing /home/airflow/.local/lib/python3.12/site-packages/airflow/example_dags/example_task_group.py took 0.156 seconds
[2026-06-24T06:56:50.271+0000] {processor.py:161} INFO - Started process (PID=1292) to work on /home/airflow/.local/lib/python3.12/site-packages/airflow/example_dags/example_task_group.py
[2026-06-24T06:56:50.272+0000] {processor.py:830} INFO - Processing file /home/airflow/.local/lib/python3.12/site-packages/airflow/example_dags/example_task_group.py for tasks to queue
[2026-06-24T06:56:50.274+0000] {logging_mixin.py:188} INFO - [2026-06-24T06:56:50.274+0000] {dagbag.py:545} INFO - Filling up the DagBag from /home/airflow/.local/lib/python3.12/site-packages/airflow/example_dags/example_task_group.py
[2026-06-24T06:56:50.283+0000] {processor.py:840} INFO - DAG(s) 'example_task_group' retrieved from /home/airflow/.local/lib/python3.12/site-packages/airflow/example_dags/example_task_group.py
[2026-06-24T06:56:50.312+0000] {logging_mixin.py:188} INFO - [2026-06-24T06:56:50.312+0000] {dag.py:3096} INFO - Sync 1 DAGs
[2026-06-24T06:56:50.373+0000] {logging_mixin.py:188} INFO - [2026-06-24T06:56:50.373+0000] {dag.py:3954} INFO - Setting next_dagrun for example_task_group to 2026-06-23 00:00:00+00:00, run_after=2026-06-24 00:00:00+00:00
[2026-06-24T06:56:50.442+0000] {processor.py:183} INFO - Processing /home/airflow/.local/lib/python3.12/site-packages/airflow/example_dags/example_task_group.py took 0.177 seconds
[2026-06-24T06:57:20.563+0000] {processor.py:161} INFO - Started process (PID=1351) to work on /home/airflow/.local/lib/python3.12/site-packages/airflow/example_dags/example_task_group.py
[2026-06-24T06:57:20.564+0000] {processor.py:830} INFO - Processing file /home/airflow/.local/lib/python3.12/site-packages/airflow/example_dags/example_task_group.py for tasks to queue
[2026-06-24T06:57:20.566+0000] {logging_mixin.py:188} INFO - [2026-06-24T06:57:20.566+0000] {dagbag.py:545} INFO - Filling up the DagBag from /home/airflow/.local/lib/python3.12/site-packages/airflow/example_dags/example_task_group.py
[2026-06-24T06:57:20.575+0000] {processor.py:840} INFO - DAG(s) 'example_task_group' retrieved from /home/airflow/.local/lib/python3.12/site-packages/airflow/example_dags/example_task_group.py
[2026-06-24T06:57:20.604+0000] {logging_mixin.py:188} INFO - [2026-06-24T06:57:20.604+0000] {dag.py:3096} INFO - Sync 1 DAGs
[2026-06-24T06:57:20.632+0000] {logging_mixin.py:188} INFO - [2026-06-24T06:57:20.632+0000] {dag.py:3954} INFO - Setting next_dagrun for example_task_group to 2026-06-23 00:00:00+00:00, run_after=2026-06-24 00:00:00+00:00
[2026-06-24T06:57:20.656+0000] {processor.py:183} INFO - Processing /home/airflow/.local/lib/python3.12/site-packages/airflow/example_dags/example_task_group.py took 0.100 seconds
[2026-06-24T06:57:51.193+0000] {processor.py:161} INFO - Started process (PID=1410) to work on /home/airflow/.local/lib/python3.12/site-packages/airflow/example_dags/example_task_group.py
[2026-06-24T06:57:51.200+0000] {processor.py:830} INFO - Processing file /home/airflow/.local/lib/python3.12/site-packages/airflow/example_dags/example_task_group.py for tasks to queue
[2026-06-24T06:57:51.211+0000] {logging_mixin.py:188} INFO - [2026-06-24T06:57:51.209+0000] {dagbag.py:545} INFO - Filling up the DagBag from /home/airflow/.local/lib/python3.12/site-packages/airflow/example_dags/example_task_group.py
[2026-06-24T06:57:51.235+0000] {processor.py:840} INFO - DAG(s) 'example_task_group' retrieved from /home/airflow/.local/lib/python3.12/site-packages/airflow/example_dags/example_task_group.py
[2026-06-24T06:57:51.264+0000] {logging_mixin.py:188} INFO - [2026-06-24T06:57:51.264+0000] {dag.py:3096} INFO - Sync 1 DAGs
[2026-06-24T06:57:51.292+0000] {logging_mixin.py:188} INFO - [2026-06-24T06:57:51.292+0000] {dag.py:3954} INFO - Setting next_dagrun for example_task_group to 2026-06-23 00:00:00+00:00, run_after=2026-06-24 00:00:00+00:00
[2026-06-24T06:57:51.312+0000] {processor.py:183} INFO - Processing /home/airflow/.local/lib/python3.12/site-packages/airflow/example_dags/example_task_group.py took 0.138 seconds
[2026-06-24T06:58:21.725+0000] {processor.py:161} INFO - Started process (PID=1467) to work on /home/airflow/.local/lib/python3.12/site-packages/airflow/example_dags/example_task_group.py
[2026-06-24T06:58:21.726+0000] {processor.py:830} INFO - Processing file /home/airflow/.local/lib/python3.12/site-packages/airflow/example_dags/example_task_group.py for tasks to queue
[2026-06-24T06:58:21.729+0000] {logging_mixin.py:188} INFO - [2026-06-24T06:58:21.728+0000] {dagbag.py:545} INFO - Filling up the DagBag from /home/airflow/.local/lib/python3.12/site-packages/airflow/example_dags/example_task_group.py
[2026-06-24T06:58:21.738+0000] {processor.py:840} INFO - DAG(s) 'example_task_group' retrieved from /home/airflow/.local/lib/python3.12/site-packages/airflow/example_dags/example_task_group.py
[2026-06-24T06:58:21.768+0000] {logging_mixin.py:188} INFO - [2026-06-24T06:58:21.767+0000] {dag.py:3096} INFO - Sync 1 DAGs
[2026-06-24T06:58:21.814+0000] {logging_mixin.py:188} INFO - [2026-06-24T06:58:21.814+0000] {dag.py:3954} INFO - Setting next_dagrun for example_task_group to 2026-06-23 00:00:00+00:00, run_after=2026-06-24 00:00:00+00:00
[2026-06-24T06:58:21.835+0000] {processor.py:183} INFO - Processing /home/airflow/.local/lib/python3.12/site-packages/airflow/example_dags/example_task_group.py took 0.116 seconds
[2026-06-24T06:58:51.959+0000] {processor.py:161} INFO - Started process (PID=1526) to work on /home/airflow/.local/lib/python3.12/site-packages/airflow/example_dags/example_task_group.py
[2026-06-24T06:58:51.960+0000] {processor.py:830} INFO - Processing file /home/airflow/.local/lib/python3.12/site-packages/airflow/example_dags/example_task_group.py for tasks to queue
[2026-06-24T06:58:51.962+0000] {logging_mixin.py:188} INFO - [2026-06-24T06:58:51.962+0000] {dagbag.py:545} INFO - Filling up the DagBag from /home/airflow/.local/lib/python3.12/site-packages/airflow/example_dags/example_task_group.py
[2026-06-24T06:58:51.972+0000] {processor.py:840} INFO - DAG(s) 'example_task_group' retrieved from /home/airflow/.local/lib/python3.12/site-packages/airflow/example_dags/example_task_group.py
[2026-06-24T06:58:52.002+0000] {logging_mixin.py:188} INFO - [2026-06-24T06:58:52.002+0000] {dag.py:3096} INFO - Sync 1 DAGs
[2026-06-24T06:58:52.031+0000] {logging_mixin.py:188} INFO - [2026-06-24T06:58:52.031+0000] {dag.py:3954} INFO - Setting next_dagrun for example_task_group to 2026-06-23 00:00:00+00:00, run_after=2026-06-24 00:00:00+00:00
[2026-06-24T06:58:52.054+0000] {processor.py:183} INFO - Processing /home/airflow/.local/lib/python3.12/site-packages/airflow/example_dags/example_task_group.py took 0.111 seconds
[2026-06-24T06:59:22.929+0000] {processor.py:161} INFO - Started process (PID=1585) to work on /home/airflow/.local/lib/python3.12/site-packages/airflow/example_dags/example_task_group.py
[2026-06-24T06:59:22.934+0000] {processor.py:830} INFO - Processing file /home/airflow/.local/lib/python3.12/site-packages/airflow/example_dags/example_task_group.py for tasks to queue
[2026-06-24T06:59:22.940+0000] {logging_mixin.py:188} INFO - [2026-06-24T06:59:22.939+0000] {dagbag.py:545} INFO - Filling up the DagBag from /home/airflow/.local/lib/python3.12/site-packages/airflow/example_dags/example_task_group.py
[2026-06-24T06:59:22.964+0000] {processor.py:840} INFO - DAG(s) 'example_task_group' retrieved from /home/airflow/.local/lib/python3.12/site-packages/airflow/example_dags/example_task_group.py
[2026-06-24T06:59:23.031+0000] {logging_mixin.py:188} INFO - [2026-06-24T06:59:23.029+0000] {dag.py:3096} INFO - Sync 1 DAGs
[2026-06-24T06:59:23.166+0000] {logging_mixin.py:188} INFO - [2026-06-24T06:59:23.166+0000] {dag.py:3954} INFO - Setting next_dagrun for example_task_group to 2026-06-23 00:00:00+00:00, run_after=2026-06-24 00:00:00+00:00
[2026-06-24T06:59:23.244+0000] {processor.py:183} INFO - Processing /home/airflow/.local/lib/python3.12/site-packages/airflow/example_dags/example_task_group.py took 0.327 seconds
[2026-06-24T06:59:54.621+0000] {processor.py:161} INFO - Started process (PID=1644) to work on /home/airflow/.local/lib/python3.12/site-packages/airflow/example_dags/example_task_group.py
[2026-06-24T06:59:54.624+0000] {processor.py:830} INFO - Processing file /home/airflow/.local/lib/python3.12/site-packages/airflow/example_dags/example_task_group.py for tasks to queue
[2026-06-24T06:59:54.628+0000] {logging_mixin.py:188} INFO - [2026-06-24T06:59:54.628+0000] {dagbag.py:545} INFO - Filling up the DagBag from /home/airflow/.local/lib/python3.12/site-packages/airflow/example_dags/example_task_group.py
[2026-06-24T06:59:54.645+0000] {processor.py:840} INFO - DAG(s) 'example_task_group' retrieved from /home/airflow/.local/lib/python3.12/site-packages/airflow/example_dags/example_task_group.py
[2026-06-24T06:59:54.722+0000] {logging_mixin.py:188} INFO - [2026-06-24T06:59:54.721+0000] {dag.py:3096} INFO - Sync 1 DAGs
[2026-06-24T06:59:54.799+0000] {logging_mixin.py:188} INFO - [2026-06-24T06:59:54.794+0000] {dag.py:3954} INFO - Setting next_dagrun for example_task_group to 2026-06-23 00:00:00+00:00, run_after=2026-06-24 00:00:00+00:00
[2026-06-24T06:59:55.351+0000] {processor.py:183} INFO - Processing /home/airflow/.local/lib/python3.12/site-packages/airflow/example_dags/example_task_group.py took 0.744 seconds
[2026-06-24T07:00:25.640+0000] {processor.py:161} INFO - Started process (PID=1704) to work on /home/airflow/.local/lib/python3.12/site-packages/airflow/example_dags/example_task_group.py
[2026-06-24T07:00:25.641+0000] {processor.py:830} INFO - Processing file /home/airflow/.local/lib/python3.12/site-packages/airflow/example_dags/example_task_group.py for tasks to queue
[2026-06-24T07:00:25.642+0000] {logging_mixin.py:188} INFO - [2026-06-24T07:00:25.642+0000] {dagbag.py:545} INFO - Filling up the DagBag from /home/airflow/.local/lib/python3.12/site-packages/airflow/example_dags/example_task_group.py
[2026-06-24T07:00:25.650+0000] {processor.py:840} INFO - DAG(s) 'example_task_group' retrieved from /home/airflow/.local/lib/python3.12/site-packages/airflow/example_dags/example_task_group.py
[2026-06-24T07:00:25.674+0000] {logging_mixin.py:188} INFO - [2026-06-24T07:00:25.674+0000] {dag.py:3096} INFO - Sync 1 DAGs
[2026-06-24T07:00:25.700+0000] {logging_mixin.py:188} INFO - [2026-06-24T07:00:25.700+0000] {dag.py:3954} INFO - Setting next_dagrun for example_task_group to 2026-06-23 00:00:00+00:00, run_after=2026-06-24 00:00:00+00:00
[2026-06-24T07:00:26.012+0000] {processor.py:183} INFO - Processing /home/airflow/.local/lib/python3.12/site-packages/airflow/example_dags/example_task_group.py took 0.379 seconds
[2026-06-24T07:00:56.742+0000] {processor.py:161} INFO - Started process (PID=1764) to work on /home/airflow/.local/lib/python3.12/site-packages/airflow/example_dags/example_task_group.py
[2026-06-24T07:00:56.743+0000] {processor.py:830} INFO - Processing file /home/airflow/.local/lib/python3.12/site-packages/airflow/example_dags/example_task_group.py for tasks to queue
[2026-06-24T07:00:56.745+0000] {logging_mixin.py:188} INFO - [2026-06-24T07:00:56.745+0000] {dagbag.py:545} INFO - Filling up the DagBag from /home/airflow/.local/lib/python3.12/site-packages/airflow/example_dags/example_task_group.py
[2026-06-24T07:00:56.754+0000] {processor.py:840} INFO - DAG(s) 'example_task_group' retrieved from /home/airflow/.local/lib/python3.12/site-packages/airflow/example_dags/example_task_group.py
[2026-06-24T07:00:56.782+0000] {logging_mixin.py:188} INFO - [2026-06-24T07:00:56.782+0000] {dag.py:3096} INFO - Sync 1 DAGs
[2026-06-24T07:00:56.811+0000] {logging_mixin.py:188} INFO - [2026-06-24T07:00:56.810+0000] {dag.py:3954} INFO - Setting next_dagrun for example_task_group to 2026-06-23 00:00:00+00:00, run_after=2026-06-24 00:00:00+00:00
[2026-06-24T07:00:56.832+0000] {processor.py:183} INFO - Processing /home/airflow/.local/lib/python3.12/site-packages/airflow/example_dags/example_task_group.py took 0.097 seconds
[2026-06-24T07:01:27.008+0000] {processor.py:161} INFO - Started process (PID=1823) to work on /home/airflow/.local/lib/python3.12/site-packages/airflow/example_dags/example_task_group.py
[2026-06-24T07:01:27.008+0000] {processor.py:830} INFO - Processing file /home/airflow/.local/lib/python3.12/site-packages/airflow/example_dags/example_task_group.py for tasks to queue
[2026-06-24T07:01:27.010+0000] {logging_mixin.py:188} INFO - [2026-06-24T07:01:27.010+0000] {dagbag.py:545} INFO - Filling up the DagBag from /home/airflow/.local/lib/python3.12/site-packages/airflow/example_dags/example_task_group.py
[2026-06-24T07:01:27.017+0000] {processor.py:840} INFO - DAG(s) 'example_task_group' retrieved from /home/airflow/.local/lib/python3.12/site-packages/airflow/example_dags/example_task_group.py
[2026-06-24T07:01:27.037+0000] {logging_mixin.py:188} INFO - [2026-06-24T07:01:27.037+0000] {dag.py:3096} INFO - Sync 1 DAGs
[2026-06-24T07:01:27.060+0000] {logging_mixin.py:188} INFO - [2026-06-24T07:01:27.059+0000] {dag.py:3954} INFO - Setting next_dagrun for example_task_group to 2026-06-23 00:00:00+00:00, run_after=2026-06-24 00:00:00+00:00
[2026-06-24T07:01:27.079+0000] {processor.py:183} INFO - Processing /home/airflow/.local/lib/python3.12/site-packages/airflow/example_dags/example_task_group.py took 0.077 seconds
[2026-06-24T07:01:57.925+0000] {processor.py:161} INFO - Started process (PID=1880) to work on /home/airflow/.local/lib/python3.12/site-packages/airflow/example_dags/example_task_group.py
[2026-06-24T07:01:57.926+0000] {processor.py:830} INFO - Processing file /home/airflow/.local/lib/python3.12/site-packages/airflow/example_dags/example_task_group.py for tasks to queue
[2026-06-24T07:01:57.929+0000] {logging_mixin.py:188} INFO - [2026-06-24T07:01:57.928+0000] {dagbag.py:545} INFO - Filling up the DagBag from /home/airflow/.local/lib/python3.12/site-packages/airflow/example_dags/example_task_group.py
[2026-06-24T07:01:57.938+0000] {processor.py:840} INFO - DAG(s) 'example_task_group' retrieved from /home/airflow/.local/lib/python3.12/site-packages/airflow/example_dags/example_task_group.py
[2026-06-24T07:01:57.970+0000] {logging_mixin.py:188} INFO - [2026-06-24T07:01:57.969+0000] {dag.py:3096} INFO - Sync 1 DAGs
[2026-06-24T07:01:58.018+0000] {logging_mixin.py:188} INFO - [2026-06-24T07:01:58.018+0000] {dag.py:3954} INFO - Setting next_dagrun for example_task_group to 2026-06-23 00:00:00+00:00, run_after=2026-06-24 00:00:00+00:00
[2026-06-24T07:01:58.068+0000] {processor.py:183} INFO - Processing /home/airflow/.local/lib/python3.12/site-packages/airflow/example_dags/example_task_group.py took 0.150 seconds
[2026-06-24T07:02:28.717+0000] {processor.py:161} INFO - Started process (PID=1939) to work on /home/airflow/.local/lib/python3.12/site-packages/airflow/example_dags/example_task_group.py
[2026-06-24T07:02:28.718+0000] {processor.py:830} INFO - Processing file /home/airflow/.local/lib/python3.12/site-packages/airflow/example_dags/example_task_group.py for tasks to queue
[2026-06-24T07:02:28.721+0000] {logging_mixin.py:188} INFO - [2026-06-24T07:02:28.720+0000] {dagbag.py:545} INFO - Filling up the DagBag from /home/airflow/.local/lib/python3.12/site-packages/airflow/example_dags/example_task_group.py
[2026-06-24T07:02:28.730+0000] {processor.py:840} INFO - DAG(s) 'example_task_group' retrieved from /home/airflow/.local/lib/python3.12/site-packages/airflow/example_dags/example_task_group.py
[2026-06-24T07:02:28.765+0000] {logging_mixin.py:188} INFO - [2026-06-24T07:02:28.764+0000] {dag.py:3096} INFO - Sync 1 DAGs
[2026-06-24T07:02:28.798+0000] {logging_mixin.py:188} INFO - [2026-06-24T07:02:28.798+0000] {dag.py:3954} INFO - Setting next_dagrun for example_task_group to 2026-06-23 00:00:00+00:00, run_after=2026-06-24 00:00:00+00:00
[2026-06-24T07:02:28.829+0000] {processor.py:183} INFO - Processing /home/airflow/.local/lib/python3.12/site-packages/airflow/example_dags/example_task_group.py took 0.119 seconds
[2026-06-24T07:02:59.606+0000] {processor.py:161} INFO - Started process (PID=1998) to work on /home/airflow/.local/lib/python3.12/site-packages/airflow/example_dags/example_task_group.py
[2026-06-24T07:02:59.607+0000] {processor.py:830} INFO - Processing file /home/airflow/.local/lib/python3.12/site-packages/airflow/example_dags/example_task_group.py for tasks to queue
[2026-06-24T07:02:59.609+0000] {logging_mixin.py:188} INFO - [2026-06-24T07:02:59.609+0000] {dagbag.py:545} INFO - Filling up the DagBag from /home/airflow/.local/lib/python3.12/site-packages/airflow/example_dags/example_task_group.py
[2026-06-24T07:02:59.620+0000] {processor.py:840} INFO - DAG(s) 'example_task_group' retrieved from /home/airflow/.local/lib/python3.12/site-packages/airflow/example_dags/example_task_group.py
[2026-06-24T07:02:59.650+0000] {logging_mixin.py:188} INFO - [2026-06-24T07:02:59.650+0000] {dag.py:3096} INFO - Sync 1 DAGs
[2026-06-24T07:02:59.684+0000] {logging_mixin.py:188} INFO - [2026-06-24T07:02:59.684+0000] {dag.py:3954} INFO - Setting next_dagrun for example_task_group to 2026-06-23 00:00:00+00:00, run_after=2026-06-24 00:00:00+00:00
[2026-06-24T07:02:59.718+0000] {processor.py:183} INFO - Processing /home/airflow/.local/lib/python3.12/site-packages/airflow/example_dags/example_task_group.py took 0.120 seconds
[2026-06-24T07:03:29.964+0000] {processor.py:161} INFO - Started process (PID=2057) to work on /home/airflow/.local/lib/python3.12/site-packages/airflow/example_dags/example_task_group.py
[2026-06-24T07:03:29.967+0000] {processor.py:830} INFO - Processing file /home/airflow/.local/lib/python3.12/site-packages/airflow/example_dags/example_task_group.py for tasks to queue
[2026-06-24T07:03:29.971+0000] {logging_mixin.py:188} INFO - [2026-06-24T07:03:29.971+0000] {dagbag.py:545} INFO - Filling up the DagBag from /home/airflow/.local/lib/python3.12/site-packages/airflow/example_dags/example_task_group.py
[2026-06-24T07:03:29.993+0000] {processor.py:840} INFO - DAG(s) 'example_task_group' retrieved from /home/airflow/.local/lib/python3.12/site-packages/airflow/example_dags/example_task_group.py
[2026-06-24T07:03:30.052+0000] {logging_mixin.py:188} INFO - [2026-06-24T07:03:30.051+0000] {dag.py:3096} INFO - Sync 1 DAGs
[2026-06-24T07:03:30.113+0000] {logging_mixin.py:188} INFO - [2026-06-24T07:03:30.113+0000] {dag.py:3954} INFO - Setting next_dagrun for example_task_group to 2026-06-23 00:00:00+00:00, run_after=2026-06-24 00:00:00+00:00
[2026-06-24T07:03:30.136+0000] {processor.py:183} INFO - Processing /home/airflow/.local/lib/python3.12/site-packages/airflow/example_dags/example_task_group.py took 0.188 seconds
[2026-06-24T07:04:00.532+0000] {processor.py:161} INFO - Started process (PID=2116) to work on /home/airflow/.local/lib/python3.12/site-packages/airflow/example_dags/example_task_group.py
[2026-06-24T07:04:00.533+0000] {processor.py:830} INFO - Processing file /home/airflow/.local/lib/python3.12/site-packages/airflow/example_dags/example_task_group.py for tasks to queue
[2026-06-24T07:04:00.536+0000] {logging_mixin.py:188} INFO - [2026-06-24T07:04:00.536+0000] {dagbag.py:545} INFO - Filling up the DagBag from /home/airflow/.local/lib/python3.12/site-packages/airflow/example_dags/example_task_group.py
[2026-06-24T07:04:00.545+0000] {processor.py:840} INFO - DAG(s) 'example_task_group' retrieved from /home/airflow/.local/lib/python3.12/site-packages/airflow/example_dags/example_task_group.py
[2026-06-24T07:04:00.629+0000] {logging_mixin.py:188} INFO - [2026-06-24T07:04:00.629+0000] {dag.py:3096} INFO - Sync 1 DAGs
[2026-06-24T07:04:00.689+0000] {logging_mixin.py:188} INFO - [2026-06-24T07:04:00.689+0000] {dag.py:3954} INFO - Setting next_dagrun for example_task_group to 2026-06-23 00:00:00+00:00, run_after=2026-06-24 00:00:00+00:00
[2026-06-24T07:04:00.761+0000] {processor.py:183} INFO - Processing /home/airflow/.local/lib/python3.12/site-packages/airflow/example_dags/example_task_group.py took 0.237 seconds
[2026-06-24T07:04:31.371+0000] {processor.py:161} INFO - Started process (PID=2175) to work on /home/airflow/.local/lib/python3.12/site-packages/airflow/example_dags/example_task_group.py
[2026-06-24T07:04:31.377+0000] {processor.py:830} INFO - Processing file /home/airflow/.local/lib/python3.12/site-packages/airflow/example_dags/example_task_group.py for tasks to queue
[2026-06-24T07:04:31.381+0000] {logging_mixin.py:188} INFO - [2026-06-24T07:04:31.381+0000] {dagbag.py:545} INFO - Filling up the DagBag from /home/airflow/.local/lib/python3.12/site-packages/airflow/example_dags/example_task_group.py
[2026-06-24T07:04:31.413+0000] {processor.py:840} INFO - DAG(s) 'example_task_group' retrieved from /home/airflow/.local/lib/python3.12/site-packages/airflow/example_dags/example_task_group.py
[2026-06-24T07:04:31.444+0000] {logging_mixin.py:188} INFO - [2026-06-24T07:04:31.443+0000] {dag.py:3096} INFO - Sync 1 DAGs
[2026-06-24T07:04:31.474+0000] {logging_mixin.py:188} INFO - [2026-06-24T07:04:31.473+0000] {dag.py:3954} INFO - Setting next_dagrun for example_task_group to 2026-06-23 00:00:00+00:00, run_after=2026-06-24 00:00:00+00:00
[2026-06-24T07:04:31.497+0000] {processor.py:183} INFO - Processing /home/airflow/.local/lib/python3.12/site-packages/airflow/example_dags/example_task_group.py took 0.134 seconds
[2026-06-24T07:05:02.334+0000] {processor.py:161} INFO - Started process (PID=2234) to work on /home/airflow/.local/lib/python3.12/site-packages/airflow/example_dags/example_task_group.py
[2026-06-24T07:05:02.335+0000] {processor.py:830} INFO - Processing file /home/airflow/.local/lib/python3.12/site-packages/airflow/example_dags/example_task_group.py for tasks to queue
[2026-06-24T07:05:02.337+0000] {logging_mixin.py:188} INFO - [2026-06-24T07:05:02.336+0000] {dagbag.py:545} INFO - Filling up the DagBag from /home/airflow/.local/lib/python3.12/site-packages/airflow/example_dags/example_task_group.py
[2026-06-24T07:05:02.347+0000] {processor.py:840} INFO - DAG(s) 'example_task_group' retrieved from /home/airflow/.local/lib/python3.12/site-packages/airflow/example_dags/example_task_group.py
[2026-06-24T07:05:02.377+0000] {logging_mixin.py:188} INFO - [2026-06-24T07:05:02.376+0000] {dag.py:3096} INFO - Sync 1 DAGs
[2026-06-24T07:05:02.434+0000] {logging_mixin.py:188} INFO - [2026-06-24T07:05:02.434+0000] {dag.py:3954} INFO - Setting next_dagrun for example_task_group to 2026-06-23 00:00:00+00:00, run_after=2026-06-24 00:00:00+00:00
[2026-06-24T07:05:02.501+0000] {processor.py:183} INFO - Processing /home/airflow/.local/lib/python3.12/site-packages/airflow/example_dags/example_task_group.py took 0.175 seconds
[2026-06-24T07:05:33.178+0000] {processor.py:161} INFO - Started process (PID=2293) to work on /home/airflow/.local/lib/python3.12/site-packages/airflow/example_dags/example_task_group.py
[2026-06-24T07:05:33.179+0000] {processor.py:830} INFO - Processing file /home/airflow/.local/lib/python3.12/site-packages/airflow/example_dags/example_task_group.py for tasks to queue
[2026-06-24T07:05:33.181+0000] {logging_mixin.py:188} INFO - [2026-06-24T07:05:33.181+0000] {dagbag.py:545} INFO - Filling up the DagBag from /home/airflow/.local/lib/python3.12/site-packages/airflow/example_dags/example_task_group.py
[2026-06-24T07:05:33.191+0000] {processor.py:840} INFO - DAG(s) 'example_task_group' retrieved from /home/airflow/.local/lib/python3.12/site-packages/airflow/example_dags/example_task_group.py
[2026-06-24T07:05:33.224+0000] {logging_mixin.py:188} INFO - [2026-06-24T07:05:33.224+0000] {dag.py:3096} INFO - Sync 1 DAGs
[2026-06-24T07:05:33.262+0000] {logging_mixin.py:188} INFO - [2026-06-24T07:05:33.262+0000] {dag.py:3954} INFO - Setting next_dagrun for example_task_group to 2026-06-23 00:00:00+00:00, run_after=2026-06-24 00:00:00+00:00
[2026-06-24T07:05:33.284+0000] {processor.py:183} INFO - Processing /home/airflow/.local/lib/python3.12/site-packages/airflow/example_dags/example_task_group.py took 0.115 seconds
[2026-06-24T07:06:03.507+0000] {processor.py:161} INFO - Started process (PID=2352) to work on /home/airflow/.local/lib/python3.12/site-packages/airflow/example_dags/example_task_group.py
[2026-06-24T07:06:03.508+0000] {processor.py:830} INFO - Processing file /home/airflow/.local/lib/python3.12/site-packages/airflow/example_dags/example_task_group.py for tasks to queue
[2026-06-24T07:06:03.510+0000] {logging_mixin.py:188} INFO - [2026-06-24T07:06:03.510+0000] {dagbag.py:545} INFO - Filling up the DagBag from /home/airflow/.local/lib/python3.12/site-packages/airflow/example_dags/example_task_group.py
[2026-06-24T07:06:03.519+0000] {processor.py:840} INFO - DAG(s) 'example_task_group' retrieved from /home/airflow/.local/lib/python3.12/site-packages/airflow/example_dags/example_task_group.py
[2026-06-24T07:06:03.546+0000] {logging_mixin.py:188} INFO - [2026-06-24T07:06:03.546+0000] {dag.py:3096} INFO - Sync 1 DAGs
[2026-06-24T07:06:03.577+0000] {logging_mixin.py:188} INFO - [2026-06-24T07:06:03.577+0000] {dag.py:3954} INFO - Setting next_dagrun for example_task_group to 2026-06-23 00:00:00+00:00, run_after=2026-06-24 00:00:00+00:00
[2026-06-24T07:06:03.598+0000] {processor.py:183} INFO - Processing /home/airflow/.local/lib/python3.12/site-packages/airflow/example_dags/example_task_group.py took 0.098 seconds
[2026-06-24T07:06:34.371+0000] {processor.py:161} INFO - Started process (PID=2417) to work on /home/airflow/.local/lib/python3.12/site-packages/airflow/example_dags/example_task_group.py
[2026-06-24T07:06:34.373+0000] {processor.py:830} INFO - Processing file /home/airflow/.local/lib/python3.12/site-packages/airflow/example_dags/example_task_group.py for tasks to queue
[2026-06-24T07:06:34.375+0000] {logging_mixin.py:188} INFO - [2026-06-24T07:06:34.374+0000] {dagbag.py:545} INFO - Filling up the DagBag from /home/airflow/.local/lib/python3.12/site-packages/airflow/example_dags/example_task_group.py
[2026-06-24T07:06:34.385+0000] {processor.py:840} INFO - DAG(s) 'example_task_group' retrieved from /home/airflow/.local/lib/python3.12/site-packages/airflow/example_dags/example_task_group.py
[2026-06-24T07:06:34.414+0000] {logging_mixin.py:188} INFO - [2026-06-24T07:06:34.414+0000] {dag.py:3096} INFO - Sync 1 DAGs
[2026-06-24T07:06:34.467+0000] {logging_mixin.py:188} INFO - [2026-06-24T07:06:34.467+0000] {dag.py:3954} INFO - Setting next_dagrun for example_task_group to 2026-06-23 00:00:00+00:00, run_after=2026-06-24 00:00:00+00:00
[2026-06-24T07:06:34.494+0000] {processor.py:183} INFO - Processing /home/airflow/.local/lib/python3.12/site-packages/airflow/example_dags/example_task_group.py took 0.131 seconds
[2026-06-24T07:07:04.706+0000] {processor.py:161} INFO - Started process (PID=2476) to work on /home/airflow/.local/lib/python3.12/site-packages/airflow/example_dags/example_task_group.py
[2026-06-24T07:07:04.707+0000] {processor.py:830} INFO - Processing file /home/airflow/.local/lib/python3.12/site-packages/airflow/example_dags/example_task_group.py for tasks to queue
[2026-06-24T07:07:04.708+0000] {logging_mixin.py:188} INFO - [2026-06-24T07:07:04.708+0000] {dagbag.py:545} INFO - Filling up the DagBag from /home/airflow/.local/lib/python3.12/site-packages/airflow/example_dags/example_task_group.py
[2026-06-24T07:07:04.718+0000] {processor.py:840} INFO - DAG(s) 'example_task_group' retrieved from /home/airflow/.local/lib/python3.12/site-packages/airflow/example_dags/example_task_group.py
[2026-06-24T07:07:04.746+0000] {logging_mixin.py:188} INFO - [2026-06-24T07:07:04.746+0000] {dag.py:3096} INFO - Sync 1 DAGs
[2026-06-24T07:07:04.777+0000] {logging_mixin.py:188} INFO - [2026-06-24T07:07:04.777+0000] {dag.py:3954} INFO - Setting next_dagrun for example_task_group to 2026-06-23 00:00:00+00:00, run_after=2026-06-24 00:00:00+00:00
[2026-06-24T07:07:04.800+0000] {processor.py:183} INFO - Processing /home/airflow/.local/lib/python3.12/site-packages/airflow/example_dags/example_task_group.py took 0.101 seconds
[2026-06-24T07:07:34.927+0000] {processor.py:161} INFO - Started process (PID=2535) to work on /home/airflow/.local/lib/python3.12/site-packages/airflow/example_dags/example_task_group.py
[2026-06-24T07:07:34.928+0000] {processor.py:830} INFO - Processing file /home/airflow/.local/lib/python3.12/site-packages/airflow/example_dags/example_task_group.py for tasks to queue
[2026-06-24T07:07:34.931+0000] {logging_mixin.py:188} INFO - [2026-06-24T07:07:34.930+0000] {dagbag.py:545} INFO - Filling up the DagBag from /home/airflow/.local/lib/python3.12/site-packages/airflow/example_dags/example_task_group.py
[2026-06-24T07:07:34.940+0000] {processor.py:840} INFO - DAG(s) 'example_task_group' retrieved from /home/airflow/.local/lib/python3.12/site-packages/airflow/example_dags/example_task_group.py
[2026-06-24T07:07:34.968+0000] {logging_mixin.py:188} INFO - [2026-06-24T07:07:34.968+0000] {dag.py:3096} INFO - Sync 1 DAGs
[2026-06-24T07:07:35.034+0000] {logging_mixin.py:188} INFO - [2026-06-24T07:07:35.033+0000] {dag.py:3954} INFO - Setting next_dagrun for example_task_group to 2026-06-23 00:00:00+00:00, run_after=2026-06-24 00:00:00+00:00
[2026-06-24T07:07:35.073+0000] {processor.py:183} INFO - Processing /home/airflow/.local/lib/python3.12/site-packages/airflow/example_dags/example_task_group.py took 0.153 seconds
[2026-06-24T07:08:05.135+0000] {processor.py:161} INFO - Started process (PID=2594) to work on /home/airflow/.local/lib/python3.12/site-packages/airflow/example_dags/example_task_group.py
[2026-06-24T07:08:05.136+0000] {processor.py:830} INFO - Processing file /home/airflow/.local/lib/python3.12/site-packages/airflow/example_dags/example_task_group.py for tasks to queue
[2026-06-24T07:08:05.138+0000] {logging_mixin.py:188} INFO - [2026-06-24T07:08:05.138+0000] {dagbag.py:545} INFO - Filling up the DagBag from /home/airflow/.local/lib/python3.12/site-packages/airflow/example_dags/example_task_group.py
[2026-06-24T07:08:05.148+0000] {processor.py:840} INFO - DAG(s) 'example_task_group' retrieved from /home/airflow/.local/lib/python3.12/site-packages/airflow/example_dags/example_task_group.py
[2026-06-24T07:08:05.178+0000] {logging_mixin.py:188} INFO - [2026-06-24T07:08:05.177+0000] {dag.py:3096} INFO - Sync 1 DAGs
[2026-06-24T07:08:05.220+0000] {logging_mixin.py:188} INFO - [2026-06-24T07:08:05.220+0000] {dag.py:3954} INFO - Setting next_dagrun for example_task_group to 2026-06-23 00:00:00+00:00, run_after=2026-06-24 00:00:00+00:00
[2026-06-24T07:08:05.252+0000] {processor.py:183} INFO - Processing /home/airflow/.local/lib/python3.12/site-packages/airflow/example_dags/example_task_group.py took 0.123 seconds
[2026-06-24T07:08:35.754+0000] {processor.py:161} INFO - Started process (PID=2652) to work on /home/airflow/.local/lib/python3.12/site-packages/airflow/example_dags/example_task_group.py
[2026-06-24T07:08:35.755+0000] {processor.py:830} INFO - Processing file /home/airflow/.local/lib/python3.12/site-packages/airflow/example_dags/example_task_group.py for tasks to queue
[2026-06-24T07:08:35.758+0000] {logging_mixin.py:188} INFO - [2026-06-24T07:08:35.757+0000] {dagbag.py:545} INFO - Filling up the DagBag from /home/airflow/.local/lib/python3.12/site-packages/airflow/example_dags/example_task_group.py
[2026-06-24T07:08:35.778+0000] {processor.py:840} INFO - DAG(s) 'example_task_group' retrieved from /home/airflow/.local/lib/python3.12/site-packages/airflow/example_dags/example_task_group.py
[2026-06-24T07:08:35.840+0000] {logging_mixin.py:188} INFO - [2026-06-24T07:08:35.839+0000] {dag.py:3096} INFO - Sync 1 DAGs
[2026-06-24T07:08:35.893+0000] {logging_mixin.py:188} INFO - [2026-06-24T07:08:35.893+0000] {dag.py:3954} INFO - Setting next_dagrun for example_task_group to 2026-06-23 00:00:00+00:00, run_after=2026-06-24 00:00:00+00:00
[2026-06-24T07:08:35.932+0000] {processor.py:183} INFO - Processing /home/airflow/.local/lib/python3.12/site-packages/airflow/example_dags/example_task_group.py took 0.195 seconds
[2026-06-24T07:09:06.013+0000] {processor.py:161} INFO - Started process (PID=2711) to work on /home/airflow/.local/lib/python3.12/site-packages/airflow/example_dags/example_task_group.py
[2026-06-24T07:09:06.014+0000] {processor.py:830} INFO - Processing file /home/airflow/.local/lib/python3.12/site-packages/airflow/example_dags/example_task_group.py for tasks to queue
[2026-06-24T07:09:06.016+0000] {logging_mixin.py:188} INFO - [2026-06-24T07:09:06.016+0000] {dagbag.py:545} INFO - Filling up the DagBag from /home/airflow/.local/lib/python3.12/site-packages/airflow/example_dags/example_task_group.py
[2026-06-24T07:09:06.026+0000] {processor.py:840} INFO - DAG(s) 'example_task_group' retrieved from /home/airflow/.local/lib/python3.12/site-packages/airflow/example_dags/example_task_group.py
[2026-06-24T07:09:06.055+0000] {logging_mixin.py:188} INFO - [2026-06-24T07:09:06.055+0000] {dag.py:3096} INFO - Sync 1 DAGs
[2026-06-24T07:09:06.088+0000] {logging_mixin.py:188} INFO - [2026-06-24T07:09:06.087+0000] {dag.py:3954} INFO - Setting next_dagrun for example_task_group to 2026-06-23 00:00:00+00:00, run_after=2026-06-24 00:00:00+00:00
[2026-06-24T07:09:06.110+0000] {processor.py:183} INFO - Processing /home/airflow/.local/lib/python3.12/site-packages/airflow/example_dags/example_task_group.py took 0.104 seconds
[2026-06-24T07:09:36.389+0000] {processor.py:161} INFO - Started process (PID=2771) to work on /home/airflow/.local/lib/python3.12/site-packages/airflow/example_dags/example_task_group.py
[2026-06-24T07:09:36.390+0000] {processor.py:830} INFO - Processing file /home/airflow/.local/lib/python3.12/site-packages/airflow/example_dags/example_task_group.py for tasks to queue
[2026-06-24T07:09:36.393+0000] {logging_mixin.py:188} INFO - [2026-06-24T07:09:36.392+0000] {dagbag.py:545} INFO - Filling up the DagBag from /home/airflow/.local/lib/python3.12/site-packages/airflow/example_dags/example_task_group.py
[2026-06-24T07:09:36.404+0000] {processor.py:840} INFO - DAG(s) 'example_task_group' retrieved from /home/airflow/.local/lib/python3.12/site-packages/airflow/example_dags/example_task_group.py
[2026-06-24T07:09:36.435+0000] {logging_mixin.py:188} INFO - [2026-06-24T07:09:36.434+0000] {dag.py:3096} INFO - Sync 1 DAGs
[2026-06-24T07:09:36.498+0000] {logging_mixin.py:188} INFO - [2026-06-24T07:09:36.498+0000] {dag.py:3954} INFO - Setting next_dagrun for example_task_group to 2026-06-23 00:00:00+00:00, run_after=2026-06-24 00:00:00+00:00
[2026-06-24T07:09:36.550+0000] {processor.py:183} INFO - Processing /home/airflow/.local/lib/python3.12/site-packages/airflow/example_dags/example_task_group.py took 0.170 seconds
[2026-06-24T07:10:07.474+0000] {processor.py:161} INFO - Started process (PID=2830) to work on /home/airflow/.local/lib/python3.12/site-packages/airflow/example_dags/example_task_group.py
[2026-06-24T07:10:07.475+0000] {processor.py:830} INFO - Processing file /home/airflow/.local/lib/python3.12/site-packages/airflow/example_dags/example_task_group.py for tasks to queue
[2026-06-24T07:10:07.478+0000] {logging_mixin.py:188} INFO - [2026-06-24T07:10:07.477+0000] {dagbag.py:545} INFO - Filling up the DagBag from /home/airflow/.local/lib/python3.12/site-packages/airflow/example_dags/example_task_group.py
[2026-06-24T07:10:07.487+0000] {processor.py:840} INFO - DAG(s) 'example_task_group' retrieved from /home/airflow/.local/lib/python3.12/site-packages/airflow/example_dags/example_task_group.py
[2026-06-24T07:10:07.517+0000] {logging_mixin.py:188} INFO - [2026-06-24T07:10:07.517+0000] {dag.py:3096} INFO - Sync 1 DAGs
[2026-06-24T07:10:07.548+0000] {logging_mixin.py:188} INFO - [2026-06-24T07:10:07.548+0000] {dag.py:3954} INFO - Setting next_dagrun for example_task_group to 2026-06-23 00:00:00+00:00, run_after=2026-06-24 00:00:00+00:00
[2026-06-24T07:10:07.572+0000] {processor.py:183} INFO - Processing /home/airflow/.local/lib/python3.12/site-packages/airflow/example_dags/example_task_group.py took 0.106 seconds
[2026-06-24T07:10:38.074+0000] {processor.py:161} INFO - Started process (PID=2889) to work on /home/airflow/.local/lib/python3.12/site-packages/airflow/example_dags/example_task_group.py
[2026-06-24T07:10:38.075+0000] {processor.py:830} INFO - Processing file /home/airflow/.local/lib/python3.12/site-packages/airflow/example_dags/example_task_group.py for tasks to queue
[2026-06-24T07:10:38.077+0000] {logging_mixin.py:188} INFO - [2026-06-24T07:10:38.077+0000] {dagbag.py:545} INFO - Filling up the DagBag from /home/airflow/.local/lib/python3.12/site-packages/airflow/example_dags/example_task_group.py
[2026-06-24T07:10:38.086+0000] {processor.py:840} INFO - DAG(s) 'example_task_group' retrieved from /home/airflow/.local/lib/python3.12/site-packages/airflow/example_dags/example_task_group.py
[2026-06-24T07:10:38.138+0000] {logging_mixin.py:188} INFO - [2026-06-24T07:10:38.136+0000] {dag.py:3096} INFO - Sync 1 DAGs
[2026-06-24T07:10:38.196+0000] {logging_mixin.py:188} INFO - [2026-06-24T07:10:38.196+0000] {dag.py:3954} INFO - Setting next_dagrun for example_task_group to 2026-06-23 00:00:00+00:00, run_after=2026-06-24 00:00:00+00:00
[2026-06-24T07:10:38.219+0000] {processor.py:183} INFO - Processing /home/airflow/.local/lib/python3.12/site-packages/airflow/example_dags/example_task_group.py took 0.154 seconds
[2026-06-24T07:11:08.604+0000] {processor.py:161} INFO - Started process (PID=2949) to work on /home/airflow/.local/lib/python3.12/site-packages/airflow/example_dags/example_task_group.py
[2026-06-24T07:11:08.605+0000] {processor.py:830} INFO - Processing file /home/airflow/.local/lib/python3.12/site-packages/airflow/example_dags/example_task_group.py for tasks to queue
[2026-06-24T07:11:08.607+0000] {logging_mixin.py:188} INFO - [2026-06-24T07:11:08.607+0000] {dagbag.py:545} INFO - Filling up the DagBag from /home/airflow/.local/lib/python3.12/site-packages/airflow/example_dags/example_task_group.py
[2026-06-24T07:11:08.617+0000] {processor.py:840} INFO - DAG(s) 'example_task_group' retrieved from /home/airflow/.local/lib/python3.12/site-packages/airflow/example_dags/example_task_group.py
[2026-06-24T07:11:08.645+0000] {logging_mixin.py:188} INFO - [2026-06-24T07:11:08.645+0000] {dag.py:3096} INFO - Sync 1 DAGs
[2026-06-24T07:11:08.675+0000] {logging_mixin.py:188} INFO - [2026-06-24T07:11:08.675+0000] {dag.py:3954} INFO - Setting next_dagrun for example_task_group to 2026-06-23 00:00:00+00:00, run_after=2026-06-24 00:00:00+00:00
[2026-06-24T07:11:08.696+0000] {processor.py:183} INFO - Processing /home/airflow/.local/lib/python3.12/site-packages/airflow/example_dags/example_task_group.py took 0.099 seconds
[2026-06-24T07:11:39.444+0000] {processor.py:161} INFO - Started process (PID=3008) to work on /home/airflow/.local/lib/python3.12/site-packages/airflow/example_dags/example_task_group.py
[2026-06-24T07:11:39.445+0000] {processor.py:830} INFO - Processing file /home/airflow/.local/lib/python3.12/site-packages/airflow/example_dags/example_task_group.py for tasks to queue
[2026-06-24T07:11:39.447+0000] {logging_mixin.py:188} INFO - [2026-06-24T07:11:39.447+0000] {dagbag.py:545} INFO - Filling up the DagBag from /home/airflow/.local/lib/python3.12/site-packages/airflow/example_dags/example_task_group.py
[2026-06-24T07:11:39.481+0000] {processor.py:840} INFO - DAG(s) 'example_task_group' retrieved from /home/airflow/.local/lib/python3.12/site-packages/airflow/example_dags/example_task_group.py
[2026-06-24T07:11:39.567+0000] {logging_mixin.py:188} INFO - [2026-06-24T07:11:39.566+0000] {dag.py:3096} INFO - Sync 1 DAGs
[2026-06-24T07:11:39.640+0000] {logging_mixin.py:188} INFO - [2026-06-24T07:11:39.640+0000] {dag.py:3954} INFO - Setting next_dagrun for example_task_group to 2026-06-23 00:00:00+00:00, run_after=2026-06-24 00:00:00+00:00
[2026-06-24T07:11:39.661+0000] {processor.py:183} INFO - Processing /home/airflow/.local/lib/python3.12/site-packages/airflow/example_dags/example_task_group.py took 0.225 seconds
[2026-06-24T07:12:10.636+0000] {processor.py:161} INFO - Started process (PID=3066) to work on /home/airflow/.local/lib/python3.12/site-packages/airflow/example_dags/example_task_group.py
[2026-06-24T07:12:10.638+0000] {processor.py:830} INFO - Processing file /home/airflow/.local/lib/python3.12/site-packages/airflow/example_dags/example_task_group.py for tasks to queue
[2026-06-24T07:12:10.643+0000] {logging_mixin.py:188} INFO - [2026-06-24T07:12:10.643+0000] {dagbag.py:545} INFO - Filling up the DagBag from /home/airflow/.local/lib/python3.12/site-packages/airflow/example_dags/example_task_group.py
[2026-06-24T07:12:10.653+0000] {processor.py:840} INFO - DAG(s) 'example_task_group' retrieved from /home/airflow/.local/lib/python3.12/site-packages/airflow/example_dags/example_task_group.py
[2026-06-24T07:12:10.684+0000] {logging_mixin.py:188} INFO - [2026-06-24T07:12:10.684+0000] {dag.py:3096} INFO - Sync 1 DAGs
[2026-06-24T07:12:10.715+0000] {logging_mixin.py:188} INFO - [2026-06-24T07:12:10.714+0000] {dag.py:3954} INFO - Setting next_dagrun for example_task_group to 2026-06-23 00:00:00+00:00, run_after=2026-06-24 00:00:00+00:00
[2026-06-24T07:12:10.737+0000] {processor.py:183} INFO - Processing /home/airflow/.local/lib/python3.12/site-packages/airflow/example_dags/example_task_group.py took 0.108 seconds
[2026-06-24T07:12:41.383+0000] {processor.py:161} INFO - Started process (PID=3125) to work on /home/airflow/.local/lib/python3.12/site-packages/airflow/example_dags/example_task_group.py
[2026-06-24T07:12:41.385+0000] {processor.py:830} INFO - Processing file /home/airflow/.local/lib/python3.12/site-packages/airflow/example_dags/example_task_group.py for tasks to queue
[2026-06-24T07:12:41.387+0000] {logging_mixin.py:188} INFO - [2026-06-24T07:12:41.387+0000] {dagbag.py:545} INFO - Filling up the DagBag from /home/airflow/.local/lib/python3.12/site-packages/airflow/example_dags/example_task_group.py
[2026-06-24T07:12:41.397+0000] {processor.py:840} INFO - DAG(s) 'example_task_group' retrieved from /home/airflow/.local/lib/python3.12/site-packages/airflow/example_dags/example_task_group.py
[2026-06-24T07:12:41.435+0000] {logging_mixin.py:188} INFO - [2026-06-24T07:12:41.435+0000] {dag.py:3096} INFO - Sync 1 DAGs
[2026-06-24T07:12:41.467+0000] {logging_mixin.py:188} INFO - [2026-06-24T07:12:41.467+0000] {dag.py:3954} INFO - Setting next_dagrun for example_task_group to 2026-06-23 00:00:00+00:00, run_after=2026-06-24 00:00:00+00:00
[2026-06-24T07:12:41.489+0000] {processor.py:183} INFO - Processing /home/airflow/.local/lib/python3.12/site-packages/airflow/example_dags/example_task_group.py took 0.113 seconds
[2026-06-24T07:13:12.378+0000] {processor.py:161} INFO - Started process (PID=3184) to work on /home/airflow/.local/lib/python3.12/site-packages/airflow/example_dags/example_task_group.py
[2026-06-24T07:13:12.381+0000] {processor.py:830} INFO - Processing file /home/airflow/.local/lib/python3.12/site-packages/airflow/example_dags/example_task_group.py for tasks to queue
[2026-06-24T07:13:12.383+0000] {logging_mixin.py:188} INFO - [2026-06-24T07:13:12.382+0000] {dagbag.py:545} INFO - Filling up the DagBag from /home/airflow/.local/lib/python3.12/site-packages/airflow/example_dags/example_task_group.py
[2026-06-24T07:13:12.396+0000] {processor.py:840} INFO - DAG(s) 'example_task_group' retrieved from /home/airflow/.local/lib/python3.12/site-packages/airflow/example_dags/example_task_group.py
[2026-06-24T07:13:12.424+0000] {logging_mixin.py:188} INFO - [2026-06-24T07:13:12.424+0000] {dag.py:3096} INFO - Sync 1 DAGs
[2026-06-24T07:13:12.453+0000] {logging_mixin.py:188} INFO - [2026-06-24T07:13:12.452+0000] {dag.py:3954} INFO - Setting next_dagrun for example_task_group to 2026-06-23 00:00:00+00:00, run_after=2026-06-24 00:00:00+00:00
[2026-06-24T07:13:12.502+0000] {processor.py:183} INFO - Processing /home/airflow/.local/lib/python3.12/site-packages/airflow/example_dags/example_task_group.py took 0.131 seconds
[2026-06-24T07:13:42.609+0000] {processor.py:161} INFO - Started process (PID=3243) to work on /home/airflow/.local/lib/python3.12/site-packages/airflow/example_dags/example_task_group.py
[2026-06-24T07:13:42.610+0000] {processor.py:830} INFO - Processing file /home/airflow/.local/lib/python3.12/site-packages/airflow/example_dags/example_task_group.py for tasks to queue
[2026-06-24T07:13:42.612+0000] {logging_mixin.py:188} INFO - [2026-06-24T07:13:42.612+0000] {dagbag.py:545} INFO - Filling up the DagBag from /home/airflow/.local/lib/python3.12/site-packages/airflow/example_dags/example_task_group.py
[2026-06-24T07:13:42.622+0000] {processor.py:840} INFO - DAG(s) 'example_task_group' retrieved from /home/airflow/.local/lib/python3.12/site-packages/airflow/example_dags/example_task_group.py
[2026-06-24T07:13:42.653+0000] {logging_mixin.py:188} INFO - [2026-06-24T07:13:42.652+0000] {dag.py:3096} INFO - Sync 1 DAGs
[2026-06-24T07:13:42.689+0000] {logging_mixin.py:188} INFO - [2026-06-24T07:13:42.689+0000] {dag.py:3954} INFO - Setting next_dagrun for example_task_group to 2026-06-23 00:00:00+00:00, run_after=2026-06-24 00:00:00+00:00
[2026-06-24T07:13:42.712+0000] {processor.py:183} INFO - Processing /home/airflow/.local/lib/python3.12/site-packages/airflow/example_dags/example_task_group.py took 0.109 seconds
[2026-06-24T07:14:13.262+0000] {processor.py:161} INFO - Started process (PID=3302) to work on /home/airflow/.local/lib/python3.12/site-packages/airflow/example_dags/example_task_group.py
[2026-06-24T07:14:13.263+0000] {processor.py:830} INFO - Processing file /home/airflow/.local/lib/python3.12/site-packages/airflow/example_dags/example_task_group.py for tasks to queue
[2026-06-24T07:14:13.266+0000] {logging_mixin.py:188} INFO - [2026-06-24T07:14:13.266+0000] {dagbag.py:545} INFO - Filling up the DagBag from /home/airflow/.local/lib/python3.12/site-packages/airflow/example_dags/example_task_group.py
[2026-06-24T07:14:13.279+0000] {processor.py:840} INFO - DAG(s) 'example_task_group' retrieved from /home/airflow/.local/lib/python3.12/site-packages/airflow/example_dags/example_task_group.py
[2026-06-24T07:14:13.331+0000] {logging_mixin.py:188} INFO - [2026-06-24T07:14:13.331+0000] {dag.py:3096} INFO - Sync 1 DAGs
[2026-06-24T07:14:13.367+0000] {logging_mixin.py:188} INFO - [2026-06-24T07:14:13.366+0000] {dag.py:3954} INFO - Setting next_dagrun for example_task_group to 2026-06-23 00:00:00+00:00, run_after=2026-06-24 00:00:00+00:00
[2026-06-24T07:14:13.391+0000] {processor.py:183} INFO - Processing /home/airflow/.local/lib/python3.12/site-packages/airflow/example_dags/example_task_group.py took 0.140 seconds
[2026-06-24T07:14:43.520+0000] {processor.py:161} INFO - Started process (PID=3361) to work on /home/airflow/.local/lib/python3.12/site-packages/airflow/example_dags/example_task_group.py
[2026-06-24T07:14:43.522+0000] {processor.py:830} INFO - Processing file /home/airflow/.local/lib/python3.12/site-packages/airflow/example_dags/example_task_group.py for tasks to queue
[2026-06-24T07:14:43.524+0000] {logging_mixin.py:188} INFO - [2026-06-24T07:14:43.523+0000] {dagbag.py:545} INFO - Filling up the DagBag from /home/airflow/.local/lib/python3.12/site-packages/airflow/example_dags/example_task_group.py
[2026-06-24T07:14:43.533+0000] {processor.py:840} INFO - DAG(s) 'example_task_group' retrieved from /home/airflow/.local/lib/python3.12/site-packages/airflow/example_dags/example_task_group.py
[2026-06-24T07:14:43.611+0000] {logging_mixin.py:188} INFO - [2026-06-24T07:14:43.607+0000] {dag.py:3096} INFO - Sync 1 DAGs
[2026-06-24T07:14:43.704+0000] {logging_mixin.py:188} INFO - [2026-06-24T07:14:43.704+0000] {dag.py:3954} INFO - Setting next_dagrun for example_task_group to 2026-06-23 00:00:00+00:00, run_after=2026-06-24 00:00:00+00:00
[2026-06-24T07:14:43.754+0000] {processor.py:183} INFO - Processing /home/airflow/.local/lib/python3.12/site-packages/airflow/example_dags/example_task_group.py took 0.251 seconds
[2026-06-24T07:15:14.300+0000] {processor.py:161} INFO - Started process (PID=3420) to work on /home/airflow/.local/lib/python3.12/site-packages/airflow/example_dags/example_task_group.py
[2026-06-24T07:15:14.301+0000] {processor.py:830} INFO - Processing file /home/airflow/.local/lib/python3.12/site-packages/airflow/example_dags/example_task_group.py for tasks to queue
[2026-06-24T07:15:14.303+0000] {logging_mixin.py:188} INFO - [2026-06-24T07:15:14.303+0000] {dagbag.py:545} INFO - Filling up the DagBag from /home/airflow/.local/lib/python3.12/site-packages/airflow/example_dags/example_task_group.py
[2026-06-24T07:15:14.313+0000] {processor.py:840} INFO - DAG(s) 'example_task_group' retrieved from /home/airflow/.local/lib/python3.12/site-packages/airflow/example_dags/example_task_group.py
[2026-06-24T07:15:14.343+0000] {logging_mixin.py:188} INFO - [2026-06-24T07:15:14.343+0000] {dag.py:3096} INFO - Sync 1 DAGs
[2026-06-24T07:15:14.374+0000] {logging_mixin.py:188} INFO - [2026-06-24T07:15:14.374+0000] {dag.py:3954} INFO - Setting next_dagrun for example_task_group to 2026-06-23 00:00:00+00:00, run_after=2026-06-24 00:00:00+00:00
[2026-06-24T07:15:14.397+0000] {processor.py:183} INFO - Processing /home/airflow/.local/lib/python3.12/site-packages/airflow/example_dags/example_task_group.py took 0.104 seconds
[2026-06-24T07:15:44.583+0000] {processor.py:161} INFO - Started process (PID=3479) to work on /home/airflow/.local/lib/python3.12/site-packages/airflow/example_dags/example_task_group.py
[2026-06-24T07:15:44.584+0000] {processor.py:830} INFO - Processing file /home/airflow/.local/lib/python3.12/site-packages/airflow/example_dags/example_task_group.py for tasks to queue
[2026-06-24T07:15:44.586+0000] {logging_mixin.py:188} INFO - [2026-06-24T07:15:44.586+0000] {dagbag.py:545} INFO - Filling up the DagBag from /home/airflow/.local/lib/python3.12/site-packages/airflow/example_dags/example_task_group.py
[2026-06-24T07:15:44.596+0000] {processor.py:840} INFO - DAG(s) 'example_task_group' retrieved from /home/airflow/.local/lib/python3.12/site-packages/airflow/example_dags/example_task_group.py
[2026-06-24T07:15:44.721+0000] {logging_mixin.py:188} INFO - [2026-06-24T07:15:44.721+0000] {dag.py:3096} INFO - Sync 1 DAGs
[2026-06-24T07:15:44.779+0000] {logging_mixin.py:188} INFO - [2026-06-24T07:15:44.779+0000] {dag.py:3954} INFO - Setting next_dagrun for example_task_group to 2026-06-23 00:00:00+00:00, run_after=2026-06-24 00:00:00+00:00
[2026-06-24T07:15:44.831+0000] {processor.py:183} INFO - Processing /home/airflow/.local/lib/python3.12/site-packages/airflow/example_dags/example_task_group.py took 0.255 seconds
[2026-06-24T07:16:15.242+0000] {processor.py:161} INFO - Started process (PID=3538) to work on /home/airflow/.local/lib/python3.12/site-packages/airflow/example_dags/example_task_group.py
[2026-06-24T07:16:15.243+0000] {processor.py:830} INFO - Processing file /home/airflow/.local/lib/python3.12/site-packages/airflow/example_dags/example_task_group.py for tasks to queue
[2026-06-24T07:16:15.245+0000] {logging_mixin.py:188} INFO - [2026-06-24T07:16:15.245+0000] {dagbag.py:545} INFO - Filling up the DagBag from /home/airflow/.local/lib/python3.12/site-packages/airflow/example_dags/example_task_group.py
[2026-06-24T07:16:15.255+0000] {processor.py:840} INFO - DAG(s) 'example_task_group' retrieved from /home/airflow/.local/lib/python3.12/site-packages/airflow/example_dags/example_task_group.py
[2026-06-24T07:16:15.283+0000] {logging_mixin.py:188} INFO - [2026-06-24T07:16:15.283+0000] {dag.py:3096} INFO - Sync 1 DAGs
[2026-06-24T07:16:15.314+0000] {logging_mixin.py:188} INFO - [2026-06-24T07:16:15.313+0000] {dag.py:3954} INFO - Setting next_dagrun for example_task_group to 2026-06-23 00:00:00+00:00, run_after=2026-06-24 00:00:00+00:00
[2026-06-24T07:16:15.339+0000] {processor.py:183} INFO - Processing /home/airflow/.local/lib/python3.12/site-packages/airflow/example_dags/example_task_group.py took 0.105 seconds
[2026-06-24T07:16:45.613+0000] {processor.py:161} INFO - Started process (PID=3597) to work on /home/airflow/.local/lib/python3.12/site-packages/airflow/example_dags/example_task_group.py
[2026-06-24T07:16:45.620+0000] {processor.py:830} INFO - Processing file /home/airflow/.local/lib/python3.12/site-packages/airflow/example_dags/example_task_group.py for tasks to queue
[2026-06-24T07:16:45.627+0000] {logging_mixin.py:188} INFO - [2026-06-24T07:16:45.626+0000] {dagbag.py:545} INFO - Filling up the DagBag from /home/airflow/.local/lib/python3.12/site-packages/airflow/example_dags/example_task_group.py
[2026-06-24T07:16:45.639+0000] {processor.py:840} INFO - DAG(s) 'example_task_group' retrieved from /home/airflow/.local/lib/python3.12/site-packages/airflow/example_dags/example_task_group.py
[2026-06-24T07:16:45.669+0000] {logging_mixin.py:188} INFO - [2026-06-24T07:16:45.669+0000] {dag.py:3096} INFO - Sync 1 DAGs
[2026-06-24T07:16:45.698+0000] {logging_mixin.py:188} INFO - [2026-06-24T07:16:45.697+0000] {dag.py:3954} INFO - Setting next_dagrun for example_task_group to 2026-06-23 00:00:00+00:00, run_after=2026-06-24 00:00:00+00:00
[2026-06-24T07:16:45.730+0000] {processor.py:183} INFO - Processing /home/airflow/.local/lib/python3.12/site-packages/airflow/example_dags/example_task_group.py took 0.134 seconds
[2026-06-24T07:17:15.806+0000] {processor.py:161} INFO - Started process (PID=3656) to work on /home/airflow/.local/lib/python3.12/site-packages/airflow/example_dags/example_task_group.py
[2026-06-24T07:17:15.807+0000] {processor.py:830} INFO - Processing file /home/airflow/.local/lib/python3.12/site-packages/airflow/example_dags/example_task_group.py for tasks to queue
[2026-06-24T07:17:15.811+0000] {logging_mixin.py:188} INFO - [2026-06-24T07:17:15.811+0000] {dagbag.py:545} INFO - Filling up the DagBag from /home/airflow/.local/lib/python3.12/site-packages/airflow/example_dags/example_task_group.py
[2026-06-24T07:17:15.821+0000] {processor.py:840} INFO - DAG(s) 'example_task_group' retrieved from /home/airflow/.local/lib/python3.12/site-packages/airflow/example_dags/example_task_group.py
[2026-06-24T07:17:15.851+0000] {logging_mixin.py:188} INFO - [2026-06-24T07:17:15.850+0000] {dag.py:3096} INFO - Sync 1 DAGs
[2026-06-24T07:17:15.882+0000] {logging_mixin.py:188} INFO - [2026-06-24T07:17:15.882+0000] {dag.py:3954} INFO - Setting next_dagrun for example_task_group to 2026-06-23 00:00:00+00:00, run_after=2026-06-24 00:00:00+00:00
[2026-06-24T07:17:15.906+0000] {processor.py:183} INFO - Processing /home/airflow/.local/lib/python3.12/site-packages/airflow/example_dags/example_task_group.py took 0.107 seconds
[2026-06-24T07:17:46.061+0000] {processor.py:161} INFO - Started process (PID=3714) to work on /home/airflow/.local/lib/python3.12/site-packages/airflow/example_dags/example_task_group.py
[2026-06-24T07:17:46.062+0000] {processor.py:830} INFO - Processing file /home/airflow/.local/lib/python3.12/site-packages/airflow/example_dags/example_task_group.py for tasks to queue
[2026-06-24T07:17:46.064+0000] {logging_mixin.py:188} INFO - [2026-06-24T07:17:46.063+0000] {dagbag.py:545} INFO - Filling up the DagBag from /home/airflow/.local/lib/python3.12/site-packages/airflow/example_dags/example_task_group.py
[2026-06-24T07:17:46.070+0000] {processor.py:840} INFO - DAG(s) 'example_task_group' retrieved from /home/airflow/.local/lib/python3.12/site-packages/airflow/example_dags/example_task_group.py
[2026-06-24T07:17:46.091+0000] {logging_mixin.py:188} INFO - [2026-06-24T07:17:46.091+0000] {dag.py:3096} INFO - Sync 1 DAGs
[2026-06-24T07:17:46.111+0000] {logging_mixin.py:188} INFO - [2026-06-24T07:17:46.111+0000] {dag.py:3954} INFO - Setting next_dagrun for example_task_group to 2026-06-23 00:00:00+00:00, run_after=2026-06-24 00:00:00+00:00
[2026-06-24T07:17:46.127+0000] {processor.py:183} INFO - Processing /home/airflow/.local/lib/python3.12/site-packages/airflow/example_dags/example_task_group.py took 0.071 seconds
[2026-06-24T07:18:16.625+0000] {processor.py:161} INFO - Started process (PID=3774) to work on /home/airflow/.local/lib/python3.12/site-packages/airflow/example_dags/example_task_group.py
[2026-06-24T07:18:16.626+0000] {processor.py:830} INFO - Processing file /home/airflow/.local/lib/python3.12/site-packages/airflow/example_dags/example_task_group.py for tasks to queue
[2026-06-24T07:18:16.628+0000] {logging_mixin.py:188} INFO - [2026-06-24T07:18:16.628+0000] {dagbag.py:545} INFO - Filling up the DagBag from /home/airflow/.local/lib/python3.12/site-packages/airflow/example_dags/example_task_group.py
[2026-06-24T07:18:16.637+0000] {processor.py:840} INFO - DAG(s) 'example_task_group' retrieved from /home/airflow/.local/lib/python3.12/site-packages/airflow/example_dags/example_task_group.py
[2026-06-24T07:18:16.685+0000] {logging_mixin.py:188} INFO - [2026-06-24T07:18:16.685+0000] {dag.py:3096} INFO - Sync 1 DAGs
[2026-06-24T07:18:16.716+0000] {logging_mixin.py:188} INFO - [2026-06-24T07:18:16.715+0000] {dag.py:3954} INFO - Setting next_dagrun for example_task_group to 2026-06-23 00:00:00+00:00, run_after=2026-06-24 00:00:00+00:00
[2026-06-24T07:18:16.737+0000] {processor.py:183} INFO - Processing /home/airflow/.local/lib/python3.12/site-packages/airflow/example_dags/example_task_group.py took 0.120 seconds
[2026-06-24T07:18:47.507+0000] {processor.py:161} INFO - Started process (PID=3832) to work on /home/airflow/.local/lib/python3.12/site-packages/airflow/example_dags/example_task_group.py
[2026-06-24T07:18:47.508+0000] {processor.py:830} INFO - Processing file /home/airflow/.local/lib/python3.12/site-packages/airflow/example_dags/example_task_group.py for tasks to queue
[2026-06-24T07:18:47.511+0000] {logging_mixin.py:188} INFO - [2026-06-24T07:18:47.510+0000] {dagbag.py:545} INFO - Filling up the DagBag from /home/airflow/.local/lib/python3.12/site-packages/airflow/example_dags/example_task_group.py
[2026-06-24T07:18:47.520+0000] {processor.py:840} INFO - DAG(s) 'example_task_group' retrieved from /home/airflow/.local/lib/python3.12/site-packages/airflow/example_dags/example_task_group.py
[2026-06-24T07:18:47.548+0000] {logging_mixin.py:188} INFO - [2026-06-24T07:18:47.548+0000] {dag.py:3096} INFO - Sync 1 DAGs
[2026-06-24T07:18:47.577+0000] {logging_mixin.py:188} INFO - [2026-06-24T07:18:47.577+0000] {dag.py:3954} INFO - Setting next_dagrun for example_task_group to 2026-06-23 00:00:00+00:00, run_after=2026-06-24 00:00:00+00:00
[2026-06-24T07:18:47.599+0000] {processor.py:183} INFO - Processing /home/airflow/.local/lib/python3.12/site-packages/airflow/example_dags/example_task_group.py took 0.099 seconds
[2026-06-24T07:19:17.860+0000] {processor.py:161} INFO - Started process (PID=3891) to work on /home/airflow/.local/lib/python3.12/site-packages/airflow/example_dags/example_task_group.py
[2026-06-24T07:19:17.861+0000] {processor.py:830} INFO - Processing file /home/airflow/.local/lib/python3.12/site-packages/airflow/example_dags/example_task_group.py for tasks to queue
[2026-06-24T07:19:17.880+0000] {logging_mixin.py:188} INFO - [2026-06-24T07:19:17.869+0000] {dagbag.py:545} INFO - Filling up the DagBag from /home/airflow/.local/lib/python3.12/site-packages/airflow/example_dags/example_task_group.py
[2026-06-24T07:19:17.910+0000] {processor.py:840} INFO - DAG(s) 'example_task_group' retrieved from /home/airflow/.local/lib/python3.12/site-packages/airflow/example_dags/example_task_group.py
[2026-06-24T07:19:17.939+0000] {logging_mixin.py:188} INFO - [2026-06-24T07:19:17.939+0000] {dag.py:3096} INFO - Sync 1 DAGs
[2026-06-24T07:19:17.972+0000] {logging_mixin.py:188} INFO - [2026-06-24T07:19:17.972+0000] {dag.py:3954} INFO - Setting next_dagrun for example_task_group to 2026-06-23 00:00:00+00:00, run_after=2026-06-24 00:00:00+00:00
[2026-06-24T07:19:17.995+0000] {processor.py:183} INFO - Processing /home/airflow/.local/lib/python3.12/site-packages/airflow/example_dags/example_task_group.py took 0.142 seconds
[2026-06-24T07:19:48.452+0000] {processor.py:161} INFO - Started process (PID=3950) to work on /home/airflow/.local/lib/python3.12/site-packages/airflow/example_dags/example_task_group.py
[2026-06-24T07:19:48.453+0000] {processor.py:830} INFO - Processing file /home/airflow/.local/lib/python3.12/site-packages/airflow/example_dags/example_task_group.py for tasks to queue
[2026-06-24T07:19:48.455+0000] {logging_mixin.py:188} INFO - [2026-06-24T07:19:48.455+0000] {dagbag.py:545} INFO - Filling up the DagBag from /home/airflow/.local/lib/python3.12/site-packages/airflow/example_dags/example_task_group.py
[2026-06-24T07:19:48.467+0000] {processor.py:840} INFO - DAG(s) 'example_task_group' retrieved from /home/airflow/.local/lib/python3.12/site-packages/airflow/example_dags/example_task_group.py
[2026-06-24T07:19:48.494+0000] {logging_mixin.py:188} INFO - [2026-06-24T07:19:48.494+0000] {dag.py:3096} INFO - Sync 1 DAGs
[2026-06-24T07:19:48.525+0000] {logging_mixin.py:188} INFO - [2026-06-24T07:19:48.525+0000] {dag.py:3954} INFO - Setting next_dagrun for example_task_group to 2026-06-23 00:00:00+00:00, run_after=2026-06-24 00:00:00+00:00
[2026-06-24T07:19:48.548+0000] {processor.py:183} INFO - Processing /home/airflow/.local/lib/python3.12/site-packages/airflow/example_dags/example_task_group.py took 0.103 seconds
[2026-06-24T07:20:19.037+0000] {processor.py:161} INFO - Started process (PID=4009) to work on /home/airflow/.local/lib/python3.12/site-packages/airflow/example_dags/example_task_group.py
[2026-06-24T07:20:19.040+0000] {processor.py:830} INFO - Processing file /home/airflow/.local/lib/python3.12/site-packages/airflow/example_dags/example_task_group.py for tasks to queue
[2026-06-24T07:20:19.042+0000] {logging_mixin.py:188} INFO - [2026-06-24T07:20:19.042+0000] {dagbag.py:545} INFO - Filling up the DagBag from /home/airflow/.local/lib/python3.12/site-packages/airflow/example_dags/example_task_group.py
[2026-06-24T07:20:19.060+0000] {processor.py:840} INFO - DAG(s) 'example_task_group' retrieved from /home/airflow/.local/lib/python3.12/site-packages/airflow/example_dags/example_task_group.py
[2026-06-24T07:20:19.118+0000] {logging_mixin.py:188} INFO - [2026-06-24T07:20:19.118+0000] {dag.py:3096} INFO - Sync 1 DAGs
[2026-06-24T07:20:19.185+0000] {logging_mixin.py:188} INFO - [2026-06-24T07:20:19.185+0000] {dag.py:3954} INFO - Setting next_dagrun for example_task_group to 2026-06-23 00:00:00+00:00, run_after=2026-06-24 00:00:00+00:00
[2026-06-24T07:20:19.232+0000] {processor.py:183} INFO - Processing /home/airflow/.local/lib/python3.12/site-packages/airflow/example_dags/example_task_group.py took 0.212 seconds
[2026-06-24T07:20:49.517+0000] {processor.py:161} INFO - Started process (PID=4068) to work on /home/airflow/.local/lib/python3.12/site-packages/airflow/example_dags/example_task_group.py
[2026-06-24T07:20:49.518+0000] {processor.py:830} INFO - Processing file /home/airflow/.local/lib/python3.12/site-packages/airflow/example_dags/example_task_group.py for tasks to queue
[2026-06-24T07:20:49.520+0000] {logging_mixin.py:188} INFO - [2026-06-24T07:20:49.520+0000] {dagbag.py:545} INFO - Filling up the DagBag from /home/airflow/.local/lib/python3.12/site-packages/airflow/example_dags/example_task_group.py
[2026-06-24T07:20:49.530+0000] {processor.py:840} INFO - DAG(s) 'example_task_group' retrieved from /home/airflow/.local/lib/python3.12/site-packages/airflow/example_dags/example_task_group.py
[2026-06-24T07:20:49.562+0000] {logging_mixin.py:188} INFO - [2026-06-24T07:20:49.562+0000] {dag.py:3096} INFO - Sync 1 DAGs
[2026-06-24T07:20:49.613+0000] {logging_mixin.py:188} INFO - [2026-06-24T07:20:49.613+0000] {dag.py:3954} INFO - Setting next_dagrun for example_task_group to 2026-06-23 00:00:00+00:00, run_after=2026-06-24 00:00:00+00:00
[2026-06-24T07:20:49.639+0000] {processor.py:183} INFO - Processing /home/airflow/.local/lib/python3.12/site-packages/airflow/example_dags/example_task_group.py took 0.129 seconds
[2026-06-24T07:21:19.976+0000] {processor.py:161} INFO - Started process (PID=4127) to work on /home/airflow/.local/lib/python3.12/site-packages/airflow/example_dags/example_task_group.py
[2026-06-24T07:21:19.981+0000] {processor.py:830} INFO - Processing file /home/airflow/.local/lib/python3.12/site-packages/airflow/example_dags/example_task_group.py for tasks to queue
[2026-06-24T07:21:19.987+0000] {logging_mixin.py:188} INFO - [2026-06-24T07:21:19.987+0000] {dagbag.py:545} INFO - Filling up the DagBag from /home/airflow/.local/lib/python3.12/site-packages/airflow/example_dags/example_task_group.py
[2026-06-24T07:21:20.021+0000] {processor.py:840} INFO - DAG(s) 'example_task_group' retrieved from /home/airflow/.local/lib/python3.12/site-packages/airflow/example_dags/example_task_group.py
[2026-06-24T07:21:20.103+0000] {logging_mixin.py:188} INFO - [2026-06-24T07:21:20.103+0000] {dag.py:3096} INFO - Sync 1 DAGs
[2026-06-24T07:21:20.157+0000] {logging_mixin.py:188} INFO - [2026-06-24T07:21:20.157+0000] {dag.py:3954} INFO - Setting next_dagrun for example_task_group to 2026-06-23 00:00:00+00:00, run_after=2026-06-24 00:00:00+00:00
[2026-06-24T07:21:20.224+0000] {processor.py:183} INFO - Processing /home/airflow/.local/lib/python3.12/site-packages/airflow/example_dags/example_task_group.py took 0.274 seconds
[2026-06-24T07:21:51.033+0000] {processor.py:161} INFO - Started process (PID=4185) to work on /home/airflow/.local/lib/python3.12/site-packages/airflow/example_dags/example_task_group.py
[2026-06-24T07:21:51.034+0000] {processor.py:830} INFO - Processing file /home/airflow/.local/lib/python3.12/site-packages/airflow/example_dags/example_task_group.py for tasks to queue
[2026-06-24T07:21:51.040+0000] {logging_mixin.py:188} INFO - [2026-06-24T07:21:51.035+0000] {dagbag.py:545} INFO - Filling up the DagBag from /home/airflow/.local/lib/python3.12/site-packages/airflow/example_dags/example_task_group.py
[2026-06-24T07:21:51.049+0000] {processor.py:840} INFO - DAG(s) 'example_task_group' retrieved from /home/airflow/.local/lib/python3.12/site-packages/airflow/example_dags/example_task_group.py
[2026-06-24T07:21:51.077+0000] {logging_mixin.py:188} INFO - [2026-06-24T07:21:51.076+0000] {dag.py:3096} INFO - Sync 1 DAGs
[2026-06-24T07:21:51.107+0000] {logging_mixin.py:188} INFO - [2026-06-24T07:21:51.107+0000] {dag.py:3954} INFO - Setting next_dagrun for example_task_group to 2026-06-23 00:00:00+00:00, run_after=2026-06-24 00:00:00+00:00
[2026-06-24T07:21:51.129+0000] {processor.py:183} INFO - Processing /home/airflow/.local/lib/python3.12/site-packages/airflow/example_dags/example_task_group.py took 0.104 seconds
[2026-06-24T07:22:21.475+0000] {processor.py:161} INFO - Started process (PID=4244) to work on /home/airflow/.local/lib/python3.12/site-packages/airflow/example_dags/example_task_group.py
[2026-06-24T07:22:21.476+0000] {processor.py:830} INFO - Processing file /home/airflow/.local/lib/python3.12/site-packages/airflow/example_dags/example_task_group.py for tasks to queue
[2026-06-24T07:22:21.478+0000] {logging_mixin.py:188} INFO - [2026-06-24T07:22:21.477+0000] {dagbag.py:545} INFO - Filling up the DagBag from /home/airflow/.local/lib/python3.12/site-packages/airflow/example_dags/example_task_group.py
[2026-06-24T07:22:21.484+0000] {processor.py:840} INFO - DAG(s) 'example_task_group' retrieved from /home/airflow/.local/lib/python3.12/site-packages/airflow/example_dags/example_task_group.py
[2026-06-24T07:22:21.504+0000] {logging_mixin.py:188} INFO - [2026-06-24T07:22:21.504+0000] {dag.py:3096} INFO - Sync 1 DAGs
[2026-06-24T07:22:21.525+0000] {logging_mixin.py:188} INFO - [2026-06-24T07:22:21.525+0000] {dag.py:3954} INFO - Setting next_dagrun for example_task_group to 2026-06-23 00:00:00+00:00, run_after=2026-06-24 00:00:00+00:00
[2026-06-24T07:22:21.541+0000] {processor.py:183} INFO - Processing /home/airflow/.local/lib/python3.12/site-packages/airflow/example_dags/example_task_group.py took 0.072 seconds
[2026-06-24T07:22:51.582+0000] {processor.py:161} INFO - Started process (PID=4303) to work on /home/airflow/.local/lib/python3.12/site-packages/airflow/example_dags/example_task_group.py
[2026-06-24T07:22:51.583+0000] {processor.py:830} INFO - Processing file /home/airflow/.local/lib/python3.12/site-packages/airflow/example_dags/example_task_group.py for tasks to queue
[2026-06-24T07:22:51.585+0000] {logging_mixin.py:188} INFO - [2026-06-24T07:22:51.585+0000] {dagbag.py:545} INFO - Filling up the DagBag from /home/airflow/.local/lib/python3.12/site-packages/airflow/example_dags/example_task_group.py
[2026-06-24T07:22:51.595+0000] {processor.py:840} INFO - DAG(s) 'example_task_group' retrieved from /home/airflow/.local/lib/python3.12/site-packages/airflow/example_dags/example_task_group.py
[2026-06-24T07:22:51.624+0000] {logging_mixin.py:188} INFO - [2026-06-24T07:22:51.623+0000] {dag.py:3096} INFO - Sync 1 DAGs
[2026-06-24T07:22:51.653+0000] {logging_mixin.py:188} INFO - [2026-06-24T07:22:51.653+0000] {dag.py:3954} INFO - Setting next_dagrun for example_task_group to 2026-06-23 00:00:00+00:00, run_after=2026-06-24 00:00:00+00:00
[2026-06-24T07:22:51.676+0000] {processor.py:183} INFO - Processing /home/airflow/.local/lib/python3.12/site-packages/airflow/example_dags/example_task_group.py took 0.102 seconds
[2026-06-24T07:23:22.116+0000] {processor.py:161} INFO - Started process (PID=4362) to work on /home/airflow/.local/lib/python3.12/site-packages/airflow/example_dags/example_task_group.py
[2026-06-24T07:23:22.117+0000] {processor.py:830} INFO - Processing file /home/airflow/.local/lib/python3.12/site-packages/airflow/example_dags/example_task_group.py for tasks to queue
[2026-06-24T07:23:22.120+0000] {logging_mixin.py:188} INFO - [2026-06-24T07:23:22.119+0000] {dagbag.py:545} INFO - Filling up the DagBag from /home/airflow/.local/lib/python3.12/site-packages/airflow/example_dags/example_task_group.py
[2026-06-24T07:23:22.129+0000] {processor.py:840} INFO - DAG(s) 'example_task_group' retrieved from /home/airflow/.local/lib/python3.12/site-packages/airflow/example_dags/example_task_group.py
[2026-06-24T07:23:22.158+0000] {logging_mixin.py:188} INFO - [2026-06-24T07:23:22.157+0000] {dag.py:3096} INFO - Sync 1 DAGs
[2026-06-24T07:23:22.188+0000] {logging_mixin.py:188} INFO - [2026-06-24T07:23:22.188+0000] {dag.py:3954} INFO - Setting next_dagrun for example_task_group to 2026-06-23 00:00:00+00:00, run_after=2026-06-24 00:00:00+00:00
[2026-06-24T07:23:22.210+0000] {processor.py:183} INFO - Processing /home/airflow/.local/lib/python3.12/site-packages/airflow/example_dags/example_task_group.py took 0.101 seconds
[2026-06-24T07:23:52.350+0000] {processor.py:161} INFO - Started process (PID=4421) to work on /home/airflow/.local/lib/python3.12/site-packages/airflow/example_dags/example_task_group.py
[2026-06-24T07:23:52.351+0000] {processor.py:830} INFO - Processing file /home/airflow/.local/lib/python3.12/site-packages/airflow/example_dags/example_task_group.py for tasks to queue
[2026-06-24T07:23:52.353+0000] {logging_mixin.py:188} INFO - [2026-06-24T07:23:52.353+0000] {dagbag.py:545} INFO - Filling up the DagBag from /home/airflow/.local/lib/python3.12/site-packages/airflow/example_dags/example_task_group.py
[2026-06-24T07:23:52.363+0000] {processor.py:840} INFO - DAG(s) 'example_task_group' retrieved from /home/airflow/.local/lib/python3.12/site-packages/airflow/example_dags/example_task_group.py
[2026-06-24T07:23:52.392+0000] {logging_mixin.py:188} INFO - [2026-06-24T07:23:52.391+0000] {dag.py:3096} INFO - Sync 1 DAGs
[2026-06-24T07:23:52.422+0000] {logging_mixin.py:188} INFO - [2026-06-24T07:23:52.422+0000] {dag.py:3954} INFO - Setting next_dagrun for example_task_group to 2026-06-23 00:00:00+00:00, run_after=2026-06-24 00:00:00+00:00
[2026-06-24T07:23:52.445+0000] {processor.py:183} INFO - Processing /home/airflow/.local/lib/python3.12/site-packages/airflow/example_dags/example_task_group.py took 0.103 seconds
[2026-06-24T07:24:22.890+0000] {processor.py:161} INFO - Started process (PID=4480) to work on /home/airflow/.local/lib/python3.12/site-packages/airflow/example_dags/example_task_group.py
[2026-06-24T07:24:22.891+0000] {processor.py:830} INFO - Processing file /home/airflow/.local/lib/python3.12/site-packages/airflow/example_dags/example_task_group.py for tasks to queue
[2026-06-24T07:24:22.893+0000] {logging_mixin.py:188} INFO - [2026-06-24T07:24:22.892+0000] {dagbag.py:545} INFO - Filling up the DagBag from /home/airflow/.local/lib/python3.12/site-packages/airflow/example_dags/example_task_group.py
[2026-06-24T07:24:22.902+0000] {processor.py:840} INFO - DAG(s) 'example_task_group' retrieved from /home/airflow/.local/lib/python3.12/site-packages/airflow/example_dags/example_task_group.py
[2026-06-24T07:24:22.931+0000] {logging_mixin.py:188} INFO - [2026-06-24T07:24:22.930+0000] {dag.py:3096} INFO - Sync 1 DAGs
[2026-06-24T07:24:22.961+0000] {logging_mixin.py:188} INFO - [2026-06-24T07:24:22.960+0000] {dag.py:3954} INFO - Setting next_dagrun for example_task_group to 2026-06-23 00:00:00+00:00, run_after=2026-06-24 00:00:00+00:00
[2026-06-24T07:24:22.988+0000] {processor.py:183} INFO - Processing /home/airflow/.local/lib/python3.12/site-packages/airflow/example_dags/example_task_group.py took 0.107 seconds
[2026-06-24T07:24:53.366+0000] {processor.py:161} INFO - Started process (PID=4538) to work on /home/airflow/.local/lib/python3.12/site-packages/airflow/example_dags/example_task_group.py
[2026-06-24T07:24:53.367+0000] {processor.py:830} INFO - Processing file /home/airflow/.local/lib/python3.12/site-packages/airflow/example_dags/example_task_group.py for tasks to queue
[2026-06-24T07:24:53.369+0000] {logging_mixin.py:188} INFO - [2026-06-24T07:24:53.368+0000] {dagbag.py:545} INFO - Filling up the DagBag from /home/airflow/.local/lib/python3.12/site-packages/airflow/example_dags/example_task_group.py
[2026-06-24T07:24:53.375+0000] {processor.py:840} INFO - DAG(s) 'example_task_group' retrieved from /home/airflow/.local/lib/python3.12/site-packages/airflow/example_dags/example_task_group.py
[2026-06-24T07:24:53.396+0000] {logging_mixin.py:188} INFO - [2026-06-24T07:24:53.395+0000] {dag.py:3096} INFO - Sync 1 DAGs
[2026-06-24T07:24:53.432+0000] {logging_mixin.py:188} INFO - [2026-06-24T07:24:53.431+0000] {dag.py:3954} INFO - Setting next_dagrun for example_task_group to 2026-06-23 00:00:00+00:00, run_after=2026-06-24 00:00:00+00:00
[2026-06-24T07:24:53.457+0000] {processor.py:183} INFO - Processing /home/airflow/.local/lib/python3.12/site-packages/airflow/example_dags/example_task_group.py took 0.096 seconds
[2026-06-24T07:25:23.843+0000] {processor.py:161} INFO - Started process (PID=4596) to work on /home/airflow/.local/lib/python3.12/site-packages/airflow/example_dags/example_task_group.py
[2026-06-24T07:25:23.844+0000] {processor.py:830} INFO - Processing file /home/airflow/.local/lib/python3.12/site-packages/airflow/example_dags/example_task_group.py for tasks to queue
[2026-06-24T07:25:23.845+0000] {logging_mixin.py:188} INFO - [2026-06-24T07:25:23.845+0000] {dagbag.py:545} INFO - Filling up the DagBag from /home/airflow/.local/lib/python3.12/site-packages/airflow/example_dags/example_task_group.py
[2026-06-24T07:25:23.852+0000] {processor.py:840} INFO - DAG(s) 'example_task_group' retrieved from /home/airflow/.local/lib/python3.12/site-packages/airflow/example_dags/example_task_group.py
[2026-06-24T07:25:23.873+0000] {logging_mixin.py:188} INFO - [2026-06-24T07:25:23.873+0000] {dag.py:3096} INFO - Sync 1 DAGs
[2026-06-24T07:25:23.902+0000] {logging_mixin.py:188} INFO - [2026-06-24T07:25:23.901+0000] {dag.py:3954} INFO - Setting next_dagrun for example_task_group to 2026-06-23 00:00:00+00:00, run_after=2026-06-24 00:00:00+00:00
[2026-06-24T07:25:23.931+0000] {processor.py:183} INFO - Processing /home/airflow/.local/lib/python3.12/site-packages/airflow/example_dags/example_task_group.py took 0.093 seconds
[2026-06-24T07:25:54.631+0000] {processor.py:161} INFO - Started process (PID=4655) to work on /home/airflow/.local/lib/python3.12/site-packages/airflow/example_dags/example_task_group.py
[2026-06-24T07:25:54.632+0000] {processor.py:830} INFO - Processing file /home/airflow/.local/lib/python3.12/site-packages/airflow/example_dags/example_task_group.py for tasks to queue
[2026-06-24T07:25:54.634+0000] {logging_mixin.py:188} INFO - [2026-06-24T07:25:54.634+0000] {dagbag.py:545} INFO - Filling up the DagBag from /home/airflow/.local/lib/python3.12/site-packages/airflow/example_dags/example_task_group.py
[2026-06-24T07:25:54.645+0000] {processor.py:840} INFO - DAG(s) 'example_task_group' retrieved from /home/airflow/.local/lib/python3.12/site-packages/airflow/example_dags/example_task_group.py
[2026-06-24T07:25:54.676+0000] {logging_mixin.py:188} INFO - [2026-06-24T07:25:54.676+0000] {dag.py:3096} INFO - Sync 1 DAGs
[2026-06-24T07:25:54.708+0000] {logging_mixin.py:188} INFO - [2026-06-24T07:25:54.708+0000] {dag.py:3954} INFO - Setting next_dagrun for example_task_group to 2026-06-23 00:00:00+00:00, run_after=2026-06-24 00:00:00+00:00
[2026-06-24T07:25:54.738+0000] {processor.py:183} INFO - Processing /home/airflow/.local/lib/python3.12/site-packages/airflow/example_dags/example_task_group.py took 0.115 seconds
[2026-06-24T07:26:25.476+0000] {processor.py:161} INFO - Started process (PID=4713) to work on /home/airflow/.local/lib/python3.12/site-packages/airflow/example_dags/example_task_group.py
[2026-06-24T07:26:25.477+0000] {processor.py:830} INFO - Processing file /home/airflow/.local/lib/python3.12/site-packages/airflow/example_dags/example_task_group.py for tasks to queue
[2026-06-24T07:26:25.479+0000] {logging_mixin.py:188} INFO - [2026-06-24T07:26:25.478+0000] {dagbag.py:545} INFO - Filling up the DagBag from /home/airflow/.local/lib/python3.12/site-packages/airflow/example_dags/example_task_group.py
[2026-06-24T07:26:25.489+0000] {processor.py:840} INFO - DAG(s) 'example_task_group' retrieved from /home/airflow/.local/lib/python3.12/site-packages/airflow/example_dags/example_task_group.py
[2026-06-24T07:26:25.521+0000] {logging_mixin.py:188} INFO - [2026-06-24T07:26:25.521+0000] {dag.py:3096} INFO - Sync 1 DAGs
[2026-06-24T07:26:25.554+0000] {logging_mixin.py:188} INFO - [2026-06-24T07:26:25.553+0000] {dag.py:3954} INFO - Setting next_dagrun for example_task_group to 2026-06-23 00:00:00+00:00, run_after=2026-06-24 00:00:00+00:00
[2026-06-24T07:26:25.576+0000] {processor.py:183} INFO - Processing /home/airflow/.local/lib/python3.12/site-packages/airflow/example_dags/example_task_group.py took 0.108 seconds
[2026-06-24T07:26:56.422+0000] {processor.py:161} INFO - Started process (PID=4772) to work on /home/airflow/.local/lib/python3.12/site-packages/airflow/example_dags/example_task_group.py
[2026-06-24T07:26:56.423+0000] {processor.py:830} INFO - Processing file /home/airflow/.local/lib/python3.12/site-packages/airflow/example_dags/example_task_group.py for tasks to queue
[2026-06-24T07:26:56.430+0000] {logging_mixin.py:188} INFO - [2026-06-24T07:26:56.429+0000] {dagbag.py:545} INFO - Filling up the DagBag from /home/airflow/.local/lib/python3.12/site-packages/airflow/example_dags/example_task_group.py
[2026-06-24T07:26:56.454+0000] {processor.py:840} INFO - DAG(s) 'example_task_group' retrieved from /home/airflow/.local/lib/python3.12/site-packages/airflow/example_dags/example_task_group.py
[2026-06-24T07:26:56.561+0000] {logging_mixin.py:188} INFO - [2026-06-24T07:26:56.561+0000] {dag.py:3096} INFO - Sync 1 DAGs
[2026-06-24T07:26:56.613+0000] {logging_mixin.py:188} INFO - [2026-06-24T07:26:56.612+0000] {dag.py:3954} INFO - Setting next_dagrun for example_task_group to 2026-06-23 00:00:00+00:00, run_after=2026-06-24 00:00:00+00:00
[2026-06-24T07:26:56.635+0000] {processor.py:183} INFO - Processing /home/airflow/.local/lib/python3.12/site-packages/airflow/example_dags/example_task_group.py took 0.242 seconds
[2026-06-24T07:27:26.876+0000] {processor.py:161} INFO - Started process (PID=4832) to work on /home/airflow/.local/lib/python3.12/site-packages/airflow/example_dags/example_task_group.py
[2026-06-24T07:27:26.884+0000] {processor.py:830} INFO - Processing file /home/airflow/.local/lib/python3.12/site-packages/airflow/example_dags/example_task_group.py for tasks to queue
[2026-06-24T07:27:26.890+0000] {logging_mixin.py:188} INFO - [2026-06-24T07:27:26.890+0000] {dagbag.py:545} INFO - Filling up the DagBag from /home/airflow/.local/lib/python3.12/site-packages/airflow/example_dags/example_task_group.py
[2026-06-24T07:27:26.928+0000] {processor.py:840} INFO - DAG(s) 'example_task_group' retrieved from /home/airflow/.local/lib/python3.12/site-packages/airflow/example_dags/example_task_group.py
[2026-06-24T07:27:27.015+0000] {logging_mixin.py:188} INFO - [2026-06-24T07:27:27.014+0000] {dag.py:3096} INFO - Sync 1 DAGs
[2026-06-24T07:27:27.181+0000] {logging_mixin.py:188} INFO - [2026-06-24T07:27:27.177+0000] {dag.py:3954} INFO - Setting next_dagrun for example_task_group to 2026-06-23 00:00:00+00:00, run_after=2026-06-24 00:00:00+00:00
[2026-06-24T07:27:27.294+0000] {processor.py:183} INFO - Processing /home/airflow/.local/lib/python3.12/site-packages/airflow/example_dags/example_task_group.py took 0.445 seconds
[2026-06-24T07:27:58.223+0000] {processor.py:161} INFO - Started process (PID=4891) to work on /home/airflow/.local/lib/python3.12/site-packages/airflow/example_dags/example_task_group.py
[2026-06-24T07:27:58.225+0000] {processor.py:830} INFO - Processing file /home/airflow/.local/lib/python3.12/site-packages/airflow/example_dags/example_task_group.py for tasks to queue
[2026-06-24T07:27:58.228+0000] {logging_mixin.py:188} INFO - [2026-06-24T07:27:58.227+0000] {dagbag.py:545} INFO - Filling up the DagBag from /home/airflow/.local/lib/python3.12/site-packages/airflow/example_dags/example_task_group.py
[2026-06-24T07:27:58.238+0000] {processor.py:840} INFO - DAG(s) 'example_task_group' retrieved from /home/airflow/.local/lib/python3.12/site-packages/airflow/example_dags/example_task_group.py
[2026-06-24T07:27:58.270+0000] {logging_mixin.py:188} INFO - [2026-06-24T07:27:58.270+0000] {dag.py:3096} INFO - Sync 1 DAGs
[2026-06-24T07:27:58.302+0000] {logging_mixin.py:188} INFO - [2026-06-24T07:27:58.301+0000] {dag.py:3954} INFO - Setting next_dagrun for example_task_group to 2026-06-23 00:00:00+00:00, run_after=2026-06-24 00:00:00+00:00
[2026-06-24T07:27:58.326+0000] {processor.py:183} INFO - Processing /home/airflow/.local/lib/python3.12/site-packages/airflow/example_dags/example_task_group.py took 0.110 seconds
[2026-06-24T07:28:28.455+0000] {processor.py:161} INFO - Started process (PID=4950) to work on /home/airflow/.local/lib/python3.12/site-packages/airflow/example_dags/example_task_group.py
[2026-06-24T07:28:28.457+0000] {processor.py:830} INFO - Processing file /home/airflow/.local/lib/python3.12/site-packages/airflow/example_dags/example_task_group.py for tasks to queue
[2026-06-24T07:28:28.460+0000] {logging_mixin.py:188} INFO - [2026-06-24T07:28:28.460+0000] {dagbag.py:545} INFO - Filling up the DagBag from /home/airflow/.local/lib/python3.12/site-packages/airflow/example_dags/example_task_group.py
[2026-06-24T07:28:28.492+0000] {processor.py:840} INFO - DAG(s) 'example_task_group' retrieved from /home/airflow/.local/lib/python3.12/site-packages/airflow/example_dags/example_task_group.py
[2026-06-24T07:28:28.546+0000] {logging_mixin.py:188} INFO - [2026-06-24T07:28:28.546+0000] {dag.py:3096} INFO - Sync 1 DAGs
[2026-06-24T07:28:28.609+0000] {logging_mixin.py:188} INFO - [2026-06-24T07:28:28.609+0000] {dag.py:3954} INFO - Setting next_dagrun for example_task_group to 2026-06-23 00:00:00+00:00, run_after=2026-06-24 00:00:00+00:00
[2026-06-24T07:28:28.632+0000] {processor.py:183} INFO - Processing /home/airflow/.local/lib/python3.12/site-packages/airflow/example_dags/example_task_group.py took 0.192 seconds
[2026-06-24T07:28:58.863+0000] {processor.py:161} INFO - Started process (PID=5009) to work on /home/airflow/.local/lib/python3.12/site-packages/airflow/example_dags/example_task_group.py
[2026-06-24T07:28:58.864+0000] {processor.py:830} INFO - Processing file /home/airflow/.local/lib/python3.12/site-packages/airflow/example_dags/example_task_group.py for tasks to queue
[2026-06-24T07:28:58.866+0000] {logging_mixin.py:188} INFO - [2026-06-24T07:28:58.866+0000] {dagbag.py:545} INFO - Filling up the DagBag from /home/airflow/.local/lib/python3.12/site-packages/airflow/example_dags/example_task_group.py
[2026-06-24T07:28:58.876+0000] {processor.py:840} INFO - DAG(s) 'example_task_group' retrieved from /home/airflow/.local/lib/python3.12/site-packages/airflow/example_dags/example_task_group.py
[2026-06-24T07:28:58.905+0000] {logging_mixin.py:188} INFO - [2026-06-24T07:28:58.905+0000] {dag.py:3096} INFO - Sync 1 DAGs
[2026-06-24T07:28:58.935+0000] {logging_mixin.py:188} INFO - [2026-06-24T07:28:58.935+0000] {dag.py:3954} INFO - Setting next_dagrun for example_task_group to 2026-06-23 00:00:00+00:00, run_after=2026-06-24 00:00:00+00:00
[2026-06-24T07:28:58.966+0000] {processor.py:183} INFO - Processing /home/airflow/.local/lib/python3.12/site-packages/airflow/example_dags/example_task_group.py took 0.110 seconds
[2026-06-24T07:29:29.240+0000] {processor.py:161} INFO - Started process (PID=5068) to work on /home/airflow/.local/lib/python3.12/site-packages/airflow/example_dags/example_task_group.py
[2026-06-24T07:29:29.241+0000] {processor.py:830} INFO - Processing file /home/airflow/.local/lib/python3.12/site-packages/airflow/example_dags/example_task_group.py for tasks to queue
[2026-06-24T07:29:29.243+0000] {logging_mixin.py:188} INFO - [2026-06-24T07:29:29.242+0000] {dagbag.py:545} INFO - Filling up the DagBag from /home/airflow/.local/lib/python3.12/site-packages/airflow/example_dags/example_task_group.py
[2026-06-24T07:29:29.252+0000] {processor.py:840} INFO - DAG(s) 'example_task_group' retrieved from /home/airflow/.local/lib/python3.12/site-packages/airflow/example_dags/example_task_group.py
[2026-06-24T07:29:29.281+0000] {logging_mixin.py:188} INFO - [2026-06-24T07:29:29.281+0000] {dag.py:3096} INFO - Sync 1 DAGs
[2026-06-24T07:29:29.311+0000] {logging_mixin.py:188} INFO - [2026-06-24T07:29:29.311+0000] {dag.py:3954} INFO - Setting next_dagrun for example_task_group to 2026-06-23 00:00:00+00:00, run_after=2026-06-24 00:00:00+00:00
[2026-06-24T07:29:29.334+0000] {processor.py:183} INFO - Processing /home/airflow/.local/lib/python3.12/site-packages/airflow/example_dags/example_task_group.py took 0.102 seconds
[2026-06-24T07:29:59.793+0000] {processor.py:161} INFO - Started process (PID=5127) to work on /home/airflow/.local/lib/python3.12/site-packages/airflow/example_dags/example_task_group.py
[2026-06-24T07:29:59.793+0000] {processor.py:830} INFO - Processing file /home/airflow/.local/lib/python3.12/site-packages/airflow/example_dags/example_task_group.py for tasks to queue
[2026-06-24T07:29:59.796+0000] {logging_mixin.py:188} INFO - [2026-06-24T07:29:59.796+0000] {dagbag.py:545} INFO - Filling up the DagBag from /home/airflow/.local/lib/python3.12/site-packages/airflow/example_dags/example_task_group.py
[2026-06-24T07:29:59.821+0000] {processor.py:840} INFO - DAG(s) 'example_task_group' retrieved from /home/airflow/.local/lib/python3.12/site-packages/airflow/example_dags/example_task_group.py
[2026-06-24T07:29:59.923+0000] {logging_mixin.py:188} INFO - [2026-06-24T07:29:59.923+0000] {dag.py:3096} INFO - Sync 1 DAGs
[2026-06-24T07:29:59.987+0000] {logging_mixin.py:188} INFO - [2026-06-24T07:29:59.987+0000] {dag.py:3954} INFO - Setting next_dagrun for example_task_group to 2026-06-23 00:00:00+00:00, run_after=2026-06-24 00:00:00+00:00
[2026-06-24T07:30:00.028+0000] {processor.py:183} INFO - Processing /home/airflow/.local/lib/python3.12/site-packages/airflow/example_dags/example_task_group.py took 0.242 seconds
[2026-06-24T07:30:30.436+0000] {processor.py:161} INFO - Started process (PID=5186) to work on /home/airflow/.local/lib/python3.12/site-packages/airflow/example_dags/example_task_group.py
[2026-06-24T07:30:30.438+0000] {processor.py:830} INFO - Processing file /home/airflow/.local/lib/python3.12/site-packages/airflow/example_dags/example_task_group.py for tasks to queue
[2026-06-24T07:30:30.440+0000] {logging_mixin.py:188} INFO - [2026-06-24T07:30:30.440+0000] {dagbag.py:545} INFO - Filling up the DagBag from /home/airflow/.local/lib/python3.12/site-packages/airflow/example_dags/example_task_group.py
[2026-06-24T07:30:30.450+0000] {processor.py:840} INFO - DAG(s) 'example_task_group' retrieved from /home/airflow/.local/lib/python3.12/site-packages/airflow/example_dags/example_task_group.py
[2026-06-24T07:30:30.479+0000] {logging_mixin.py:188} INFO - [2026-06-24T07:30:30.479+0000] {dag.py:3096} INFO - Sync 1 DAGs
[2026-06-24T07:30:30.508+0000] {logging_mixin.py:188} INFO - [2026-06-24T07:30:30.508+0000] {dag.py:3954} INFO - Setting next_dagrun for example_task_group to 2026-06-23 00:00:00+00:00, run_after=2026-06-24 00:00:00+00:00
[2026-06-24T07:30:30.529+0000] {processor.py:183} INFO - Processing /home/airflow/.local/lib/python3.12/site-packages/airflow/example_dags/example_task_group.py took 0.100 seconds
[2026-06-24T07:31:00.852+0000] {processor.py:161} INFO - Started process (PID=5245) to work on /home/airflow/.local/lib/python3.12/site-packages/airflow/example_dags/example_task_group.py
[2026-06-24T07:31:00.854+0000] {processor.py:830} INFO - Processing file /home/airflow/.local/lib/python3.12/site-packages/airflow/example_dags/example_task_group.py for tasks to queue
[2026-06-24T07:31:00.857+0000] {logging_mixin.py:188} INFO - [2026-06-24T07:31:00.856+0000] {dagbag.py:545} INFO - Filling up the DagBag from /home/airflow/.local/lib/python3.12/site-packages/airflow/example_dags/example_task_group.py
[2026-06-24T07:31:00.866+0000] {processor.py:840} INFO - DAG(s) 'example_task_group' retrieved from /home/airflow/.local/lib/python3.12/site-packages/airflow/example_dags/example_task_group.py
[2026-06-24T07:31:00.898+0000] {logging_mixin.py:188} INFO - [2026-06-24T07:31:00.898+0000] {dag.py:3096} INFO - Sync 1 DAGs
[2026-06-24T07:31:00.927+0000] {logging_mixin.py:188} INFO - [2026-06-24T07:31:00.927+0000] {dag.py:3954} INFO - Setting next_dagrun for example_task_group to 2026-06-23 00:00:00+00:00, run_after=2026-06-24 00:00:00+00:00
[2026-06-24T07:31:00.950+0000] {processor.py:183} INFO - Processing /home/airflow/.local/lib/python3.12/site-packages/airflow/example_dags/example_task_group.py took 0.105 seconds
[2026-06-24T07:31:31.285+0000] {processor.py:161} INFO - Started process (PID=5303) to work on /home/airflow/.local/lib/python3.12/site-packages/airflow/example_dags/example_task_group.py
[2026-06-24T07:31:31.286+0000] {processor.py:830} INFO - Processing file /home/airflow/.local/lib/python3.12/site-packages/airflow/example_dags/example_task_group.py for tasks to queue
[2026-06-24T07:31:31.289+0000] {logging_mixin.py:188} INFO - [2026-06-24T07:31:31.288+0000] {dagbag.py:545} INFO - Filling up the DagBag from /home/airflow/.local/lib/python3.12/site-packages/airflow/example_dags/example_task_group.py
[2026-06-24T07:31:31.310+0000] {processor.py:840} INFO - DAG(s) 'example_task_group' retrieved from /home/airflow/.local/lib/python3.12/site-packages/airflow/example_dags/example_task_group.py
[2026-06-24T07:31:31.379+0000] {logging_mixin.py:188} INFO - [2026-06-24T07:31:31.379+0000] {dag.py:3096} INFO - Sync 1 DAGs
[2026-06-24T07:31:31.532+0000] {logging_mixin.py:188} INFO - [2026-06-24T07:31:31.530+0000] {dag.py:3954} INFO - Setting next_dagrun for example_task_group to 2026-06-23 00:00:00+00:00, run_after=2026-06-24 00:00:00+00:00
[2026-06-24T07:31:31.598+0000] {processor.py:183} INFO - Processing /home/airflow/.local/lib/python3.12/site-packages/airflow/example_dags/example_task_group.py took 0.328 seconds
[2026-06-24T07:32:02.004+0000] {processor.py:161} INFO - Started process (PID=5362) to work on /home/airflow/.local/lib/python3.12/site-packages/airflow/example_dags/example_task_group.py
[2026-06-24T07:32:02.005+0000] {processor.py:830} INFO - Processing file /home/airflow/.local/lib/python3.12/site-packages/airflow/example_dags/example_task_group.py for tasks to queue
[2026-06-24T07:32:02.007+0000] {logging_mixin.py:188} INFO - [2026-06-24T07:32:02.007+0000] {dagbag.py:545} INFO - Filling up the DagBag from /home/airflow/.local/lib/python3.12/site-packages/airflow/example_dags/example_task_group.py
[2026-06-24T07:32:02.016+0000] {processor.py:840} INFO - DAG(s) 'example_task_group' retrieved from /home/airflow/.local/lib/python3.12/site-packages/airflow/example_dags/example_task_group.py
[2026-06-24T07:32:02.048+0000] {logging_mixin.py:188} INFO - [2026-06-24T07:32:02.048+0000] {dag.py:3096} INFO - Sync 1 DAGs
[2026-06-24T07:32:02.080+0000] {logging_mixin.py:188} INFO - [2026-06-24T07:32:02.079+0000] {dag.py:3954} INFO - Setting next_dagrun for example_task_group to 2026-06-23 00:00:00+00:00, run_after=2026-06-24 00:00:00+00:00
[2026-06-24T07:32:02.101+0000] {processor.py:183} INFO - Processing /home/airflow/.local/lib/python3.12/site-packages/airflow/example_dags/example_task_group.py took 0.110 seconds
[2026-06-24T07:32:32.221+0000] {processor.py:161} INFO - Started process (PID=5421) to work on /home/airflow/.local/lib/python3.12/site-packages/airflow/example_dags/example_task_group.py
[2026-06-24T07:32:32.222+0000] {processor.py:830} INFO - Processing file /home/airflow/.local/lib/python3.12/site-packages/airflow/example_dags/example_task_group.py for tasks to queue
[2026-06-24T07:32:32.224+0000] {logging_mixin.py:188} INFO - [2026-06-24T07:32:32.224+0000] {dagbag.py:545} INFO - Filling up the DagBag from /home/airflow/.local/lib/python3.12/site-packages/airflow/example_dags/example_task_group.py
[2026-06-24T07:32:32.233+0000] {processor.py:840} INFO - DAG(s) 'example_task_group' retrieved from /home/airflow/.local/lib/python3.12/site-packages/airflow/example_dags/example_task_group.py
[2026-06-24T07:32:32.266+0000] {logging_mixin.py:188} INFO - [2026-06-24T07:32:32.265+0000] {dag.py:3096} INFO - Sync 1 DAGs
[2026-06-24T07:32:32.304+0000] {logging_mixin.py:188} INFO - [2026-06-24T07:32:32.304+0000] {dag.py:3954} INFO - Setting next_dagrun for example_task_group to 2026-06-23 00:00:00+00:00, run_after=2026-06-24 00:00:00+00:00
[2026-06-24T07:32:32.326+0000] {processor.py:183} INFO - Processing /home/airflow/.local/lib/python3.12/site-packages/airflow/example_dags/example_task_group.py took 0.113 seconds
