[2026-06-28T07:48:56.126+0000] {processor.py:161} INFO - Started process (PID=101) to work on /home/airflow/.local/lib/python3.12/site-packages/airflow/example_dags/tutorial_dag.py
[2026-06-28T07:48:56.127+0000] {processor.py:830} INFO - Processing file /home/airflow/.local/lib/python3.12/site-packages/airflow/example_dags/tutorial_dag.py for tasks to queue
[2026-06-28T07:48:56.129+0000] {logging_mixin.py:188} INFO - [2026-06-28T07:48:56.129+0000] {dagbag.py:545} INFO - Filling up the DagBag from /home/airflow/.local/lib/python3.12/site-packages/airflow/example_dags/tutorial_dag.py
[2026-06-28T07:48:56.143+0000] {processor.py:840} INFO - DAG(s) 'tutorial_dag' retrieved from /home/airflow/.local/lib/python3.12/site-packages/airflow/example_dags/tutorial_dag.py
[2026-06-28T07:48:56.202+0000] {logging_mixin.py:188} INFO - [2026-06-28T07:48:56.202+0000] {dag.py:3096} INFO - Sync 1 DAGs
[2026-06-28T07:48:56.270+0000] {logging_mixin.py:188} INFO - [2026-06-28T07:48:56.270+0000] {dag.py:3954} INFO - Setting next_dagrun for tutorial_dag to None, run_after=None
[2026-06-28T07:48:56.401+0000] {processor.py:183} INFO - Processing /home/airflow/.local/lib/python3.12/site-packages/airflow/example_dags/tutorial_dag.py took 0.287 seconds
[2026-06-28T07:49:27.173+0000] {processor.py:161} INFO - Started process (PID=160) to work on /home/airflow/.local/lib/python3.12/site-packages/airflow/example_dags/tutorial_dag.py
[2026-06-28T07:49:27.176+0000] {processor.py:830} INFO - Processing file /home/airflow/.local/lib/python3.12/site-packages/airflow/example_dags/tutorial_dag.py for tasks to queue
[2026-06-28T07:49:27.181+0000] {logging_mixin.py:188} INFO - [2026-06-28T07:49:27.181+0000] {dagbag.py:545} INFO - Filling up the DagBag from /home/airflow/.local/lib/python3.12/site-packages/airflow/example_dags/tutorial_dag.py
[2026-06-28T07:49:27.205+0000] {processor.py:840} INFO - DAG(s) 'tutorial_dag' retrieved from /home/airflow/.local/lib/python3.12/site-packages/airflow/example_dags/tutorial_dag.py
[2026-06-28T07:49:27.296+0000] {logging_mixin.py:188} INFO - [2026-06-28T07:49:27.295+0000] {dag.py:3096} INFO - Sync 1 DAGs
[2026-06-28T07:49:27.360+0000] {logging_mixin.py:188} INFO - [2026-06-28T07:49:27.360+0000] {dag.py:3954} INFO - Setting next_dagrun for tutorial_dag to None, run_after=None
[2026-06-28T07:49:27.434+0000] {processor.py:183} INFO - Processing /home/airflow/.local/lib/python3.12/site-packages/airflow/example_dags/tutorial_dag.py took 0.285 seconds
[2026-06-28T07:49:58.207+0000] {processor.py:161} INFO - Started process (PID=219) to work on /home/airflow/.local/lib/python3.12/site-packages/airflow/example_dags/tutorial_dag.py
[2026-06-28T07:49:58.211+0000] {processor.py:830} INFO - Processing file /home/airflow/.local/lib/python3.12/site-packages/airflow/example_dags/tutorial_dag.py for tasks to queue
[2026-06-28T07:49:58.219+0000] {logging_mixin.py:188} INFO - [2026-06-28T07:49:58.219+0000] {dagbag.py:545} INFO - Filling up the DagBag from /home/airflow/.local/lib/python3.12/site-packages/airflow/example_dags/tutorial_dag.py
[2026-06-28T07:49:58.237+0000] {processor.py:840} INFO - DAG(s) 'tutorial_dag' retrieved from /home/airflow/.local/lib/python3.12/site-packages/airflow/example_dags/tutorial_dag.py
[2026-06-28T07:49:58.332+0000] {logging_mixin.py:188} INFO - [2026-06-28T07:49:58.332+0000] {dag.py:3096} INFO - Sync 1 DAGs
[2026-06-28T07:49:58.370+0000] {logging_mixin.py:188} INFO - [2026-06-28T07:49:58.370+0000] {dag.py:3954} INFO - Setting next_dagrun for tutorial_dag to None, run_after=None
[2026-06-28T07:49:58.445+0000] {processor.py:183} INFO - Processing /home/airflow/.local/lib/python3.12/site-packages/airflow/example_dags/tutorial_dag.py took 0.275 seconds
[2026-06-28T07:50:29.393+0000] {processor.py:161} INFO - Started process (PID=284) to work on /home/airflow/.local/lib/python3.12/site-packages/airflow/example_dags/tutorial_dag.py
[2026-06-28T07:50:29.394+0000] {processor.py:830} INFO - Processing file /home/airflow/.local/lib/python3.12/site-packages/airflow/example_dags/tutorial_dag.py for tasks to queue
[2026-06-28T07:50:29.398+0000] {logging_mixin.py:188} INFO - [2026-06-28T07:50:29.398+0000] {dagbag.py:545} INFO - Filling up the DagBag from /home/airflow/.local/lib/python3.12/site-packages/airflow/example_dags/tutorial_dag.py
[2026-06-28T07:50:29.404+0000] {processor.py:840} INFO - DAG(s) 'tutorial_dag' retrieved from /home/airflow/.local/lib/python3.12/site-packages/airflow/example_dags/tutorial_dag.py
[2026-06-28T07:50:29.431+0000] {logging_mixin.py:188} INFO - [2026-06-28T07:50:29.431+0000] {dag.py:3096} INFO - Sync 1 DAGs
[2026-06-28T07:50:29.447+0000] {logging_mixin.py:188} INFO - [2026-06-28T07:50:29.447+0000] {dag.py:3954} INFO - Setting next_dagrun for tutorial_dag to None, run_after=None
[2026-06-28T07:50:29.478+0000] {processor.py:183} INFO - Processing /home/airflow/.local/lib/python3.12/site-packages/airflow/example_dags/tutorial_dag.py took 0.105 seconds
[2026-06-28T07:51:00.309+0000] {processor.py:161} INFO - Started process (PID=343) to work on /home/airflow/.local/lib/python3.12/site-packages/airflow/example_dags/tutorial_dag.py
[2026-06-28T07:51:00.311+0000] {processor.py:830} INFO - Processing file /home/airflow/.local/lib/python3.12/site-packages/airflow/example_dags/tutorial_dag.py for tasks to queue
[2026-06-28T07:51:00.314+0000] {logging_mixin.py:188} INFO - [2026-06-28T07:51:00.313+0000] {dagbag.py:545} INFO - Filling up the DagBag from /home/airflow/.local/lib/python3.12/site-packages/airflow/example_dags/tutorial_dag.py
[2026-06-28T07:51:00.320+0000] {processor.py:840} INFO - DAG(s) 'tutorial_dag' retrieved from /home/airflow/.local/lib/python3.12/site-packages/airflow/example_dags/tutorial_dag.py
[2026-06-28T07:51:00.344+0000] {logging_mixin.py:188} INFO - [2026-06-28T07:51:00.344+0000] {dag.py:3096} INFO - Sync 1 DAGs
[2026-06-28T07:51:00.360+0000] {logging_mixin.py:188} INFO - [2026-06-28T07:51:00.360+0000] {dag.py:3954} INFO - Setting next_dagrun for tutorial_dag to None, run_after=None
[2026-06-28T07:51:00.381+0000] {processor.py:183} INFO - Processing /home/airflow/.local/lib/python3.12/site-packages/airflow/example_dags/tutorial_dag.py took 0.079 seconds
[2026-06-28T07:51:31.093+0000] {processor.py:161} INFO - Started process (PID=402) to work on /home/airflow/.local/lib/python3.12/site-packages/airflow/example_dags/tutorial_dag.py
[2026-06-28T07:51:31.094+0000] {processor.py:830} INFO - Processing file /home/airflow/.local/lib/python3.12/site-packages/airflow/example_dags/tutorial_dag.py for tasks to queue
[2026-06-28T07:51:31.096+0000] {logging_mixin.py:188} INFO - [2026-06-28T07:51:31.096+0000] {dagbag.py:545} INFO - Filling up the DagBag from /home/airflow/.local/lib/python3.12/site-packages/airflow/example_dags/tutorial_dag.py
[2026-06-28T07:51:31.111+0000] {processor.py:840} INFO - DAG(s) 'tutorial_dag' retrieved from /home/airflow/.local/lib/python3.12/site-packages/airflow/example_dags/tutorial_dag.py
[2026-06-28T07:51:31.249+0000] {logging_mixin.py:188} INFO - [2026-06-28T07:51:31.249+0000] {dag.py:3096} INFO - Sync 1 DAGs
[2026-06-28T07:51:31.277+0000] {logging_mixin.py:188} INFO - [2026-06-28T07:51:31.276+0000] {dag.py:3954} INFO - Setting next_dagrun for tutorial_dag to None, run_after=None
[2026-06-28T07:51:31.309+0000] {processor.py:183} INFO - Processing /home/airflow/.local/lib/python3.12/site-packages/airflow/example_dags/tutorial_dag.py took 0.223 seconds
[2026-06-28T07:52:01.374+0000] {processor.py:161} INFO - Started process (PID=461) to work on /home/airflow/.local/lib/python3.12/site-packages/airflow/example_dags/tutorial_dag.py
[2026-06-28T07:52:01.375+0000] {processor.py:830} INFO - Processing file /home/airflow/.local/lib/python3.12/site-packages/airflow/example_dags/tutorial_dag.py for tasks to queue
[2026-06-28T07:52:01.377+0000] {logging_mixin.py:188} INFO - [2026-06-28T07:52:01.377+0000] {dagbag.py:545} INFO - Filling up the DagBag from /home/airflow/.local/lib/python3.12/site-packages/airflow/example_dags/tutorial_dag.py
[2026-06-28T07:52:01.383+0000] {processor.py:840} INFO - DAG(s) 'tutorial_dag' retrieved from /home/airflow/.local/lib/python3.12/site-packages/airflow/example_dags/tutorial_dag.py
[2026-06-28T07:52:01.410+0000] {logging_mixin.py:188} INFO - [2026-06-28T07:52:01.410+0000] {dag.py:3096} INFO - Sync 1 DAGs
[2026-06-28T07:52:01.426+0000] {logging_mixin.py:188} INFO - [2026-06-28T07:52:01.426+0000] {dag.py:3954} INFO - Setting next_dagrun for tutorial_dag to None, run_after=None
[2026-06-28T07:52:01.452+0000] {processor.py:183} INFO - Processing /home/airflow/.local/lib/python3.12/site-packages/airflow/example_dags/tutorial_dag.py took 0.085 seconds
[2026-06-28T07:52:32.129+0000] {processor.py:161} INFO - Started process (PID=520) to work on /home/airflow/.local/lib/python3.12/site-packages/airflow/example_dags/tutorial_dag.py
[2026-06-28T07:52:32.130+0000] {processor.py:830} INFO - Processing file /home/airflow/.local/lib/python3.12/site-packages/airflow/example_dags/tutorial_dag.py for tasks to queue
[2026-06-28T07:52:32.132+0000] {logging_mixin.py:188} INFO - [2026-06-28T07:52:32.131+0000] {dagbag.py:545} INFO - Filling up the DagBag from /home/airflow/.local/lib/python3.12/site-packages/airflow/example_dags/tutorial_dag.py
[2026-06-28T07:52:32.138+0000] {processor.py:840} INFO - DAG(s) 'tutorial_dag' retrieved from /home/airflow/.local/lib/python3.12/site-packages/airflow/example_dags/tutorial_dag.py
[2026-06-28T07:52:32.196+0000] {logging_mixin.py:188} INFO - [2026-06-28T07:52:32.196+0000] {dag.py:3096} INFO - Sync 1 DAGs
[2026-06-28T07:52:32.235+0000] {logging_mixin.py:188} INFO - [2026-06-28T07:52:32.235+0000] {dag.py:3954} INFO - Setting next_dagrun for tutorial_dag to None, run_after=None
[2026-06-28T07:52:32.263+0000] {processor.py:183} INFO - Processing /home/airflow/.local/lib/python3.12/site-packages/airflow/example_dags/tutorial_dag.py took 0.142 seconds
[2026-06-28T07:53:02.701+0000] {processor.py:161} INFO - Started process (PID=579) to work on /home/airflow/.local/lib/python3.12/site-packages/airflow/example_dags/tutorial_dag.py
[2026-06-28T07:53:02.702+0000] {processor.py:830} INFO - Processing file /home/airflow/.local/lib/python3.12/site-packages/airflow/example_dags/tutorial_dag.py for tasks to queue
[2026-06-28T07:53:02.704+0000] {logging_mixin.py:188} INFO - [2026-06-28T07:53:02.704+0000] {dagbag.py:545} INFO - Filling up the DagBag from /home/airflow/.local/lib/python3.12/site-packages/airflow/example_dags/tutorial_dag.py
[2026-06-28T07:53:02.710+0000] {processor.py:840} INFO - DAG(s) 'tutorial_dag' retrieved from /home/airflow/.local/lib/python3.12/site-packages/airflow/example_dags/tutorial_dag.py
[2026-06-28T07:53:02.739+0000] {logging_mixin.py:188} INFO - [2026-06-28T07:53:02.739+0000] {dag.py:3096} INFO - Sync 1 DAGs
[2026-06-28T07:53:02.755+0000] {logging_mixin.py:188} INFO - [2026-06-28T07:53:02.755+0000] {dag.py:3954} INFO - Setting next_dagrun for tutorial_dag to None, run_after=None
[2026-06-28T07:53:02.779+0000] {processor.py:183} INFO - Processing /home/airflow/.local/lib/python3.12/site-packages/airflow/example_dags/tutorial_dag.py took 0.084 seconds
[2026-06-28T07:53:33.398+0000] {processor.py:161} INFO - Started process (PID=638) to work on /home/airflow/.local/lib/python3.12/site-packages/airflow/example_dags/tutorial_dag.py
[2026-06-28T07:53:33.399+0000] {processor.py:830} INFO - Processing file /home/airflow/.local/lib/python3.12/site-packages/airflow/example_dags/tutorial_dag.py for tasks to queue
[2026-06-28T07:53:33.401+0000] {logging_mixin.py:188} INFO - [2026-06-28T07:53:33.401+0000] {dagbag.py:545} INFO - Filling up the DagBag from /home/airflow/.local/lib/python3.12/site-packages/airflow/example_dags/tutorial_dag.py
[2026-06-28T07:53:33.408+0000] {processor.py:840} INFO - DAG(s) 'tutorial_dag' retrieved from /home/airflow/.local/lib/python3.12/site-packages/airflow/example_dags/tutorial_dag.py
[2026-06-28T07:53:33.440+0000] {logging_mixin.py:188} INFO - [2026-06-28T07:53:33.440+0000] {dag.py:3096} INFO - Sync 1 DAGs
[2026-06-28T07:53:33.459+0000] {logging_mixin.py:188} INFO - [2026-06-28T07:53:33.459+0000] {dag.py:3954} INFO - Setting next_dagrun for tutorial_dag to None, run_after=None
[2026-06-28T07:53:33.493+0000] {processor.py:183} INFO - Processing /home/airflow/.local/lib/python3.12/site-packages/airflow/example_dags/tutorial_dag.py took 0.104 seconds
[2026-06-28T07:54:04.232+0000] {processor.py:161} INFO - Started process (PID=697) to work on /home/airflow/.local/lib/python3.12/site-packages/airflow/example_dags/tutorial_dag.py
[2026-06-28T07:54:04.232+0000] {processor.py:830} INFO - Processing file /home/airflow/.local/lib/python3.12/site-packages/airflow/example_dags/tutorial_dag.py for tasks to queue
[2026-06-28T07:54:04.234+0000] {logging_mixin.py:188} INFO - [2026-06-28T07:54:04.234+0000] {dagbag.py:545} INFO - Filling up the DagBag from /home/airflow/.local/lib/python3.12/site-packages/airflow/example_dags/tutorial_dag.py
[2026-06-28T07:54:04.240+0000] {processor.py:840} INFO - DAG(s) 'tutorial_dag' retrieved from /home/airflow/.local/lib/python3.12/site-packages/airflow/example_dags/tutorial_dag.py
[2026-06-28T07:54:04.264+0000] {logging_mixin.py:188} INFO - [2026-06-28T07:54:04.263+0000] {dag.py:3096} INFO - Sync 1 DAGs
[2026-06-28T07:54:04.281+0000] {logging_mixin.py:188} INFO - [2026-06-28T07:54:04.280+0000] {dag.py:3954} INFO - Setting next_dagrun for tutorial_dag to None, run_after=None
[2026-06-28T07:54:04.302+0000] {processor.py:183} INFO - Processing /home/airflow/.local/lib/python3.12/site-packages/airflow/example_dags/tutorial_dag.py took 0.080 seconds
[2026-06-28T07:54:34.528+0000] {processor.py:161} INFO - Started process (PID=756) to work on /home/airflow/.local/lib/python3.12/site-packages/airflow/example_dags/tutorial_dag.py
[2026-06-28T07:54:34.533+0000] {processor.py:830} INFO - Processing file /home/airflow/.local/lib/python3.12/site-packages/airflow/example_dags/tutorial_dag.py for tasks to queue
[2026-06-28T07:54:34.539+0000] {logging_mixin.py:188} INFO - [2026-06-28T07:54:34.539+0000] {dagbag.py:545} INFO - Filling up the DagBag from /home/airflow/.local/lib/python3.12/site-packages/airflow/example_dags/tutorial_dag.py
[2026-06-28T07:54:34.563+0000] {processor.py:840} INFO - DAG(s) 'tutorial_dag' retrieved from /home/airflow/.local/lib/python3.12/site-packages/airflow/example_dags/tutorial_dag.py
[2026-06-28T07:54:34.635+0000] {logging_mixin.py:188} INFO - [2026-06-28T07:54:34.635+0000] {dag.py:3096} INFO - Sync 1 DAGs
[2026-06-28T07:54:34.676+0000] {logging_mixin.py:188} INFO - [2026-06-28T07:54:34.676+0000] {dag.py:3954} INFO - Setting next_dagrun for tutorial_dag to None, run_after=None
[2026-06-28T07:54:34.752+0000] {processor.py:183} INFO - Processing /home/airflow/.local/lib/python3.12/site-packages/airflow/example_dags/tutorial_dag.py took 0.246 seconds
[2026-06-28T07:55:04.989+0000] {processor.py:161} INFO - Started process (PID=815) to work on /home/airflow/.local/lib/python3.12/site-packages/airflow/example_dags/tutorial_dag.py
[2026-06-28T07:55:04.989+0000] {processor.py:830} INFO - Processing file /home/airflow/.local/lib/python3.12/site-packages/airflow/example_dags/tutorial_dag.py for tasks to queue
[2026-06-28T07:55:04.993+0000] {logging_mixin.py:188} INFO - [2026-06-28T07:55:04.993+0000] {dagbag.py:545} INFO - Filling up the DagBag from /home/airflow/.local/lib/python3.12/site-packages/airflow/example_dags/tutorial_dag.py
[2026-06-28T07:55:05.008+0000] {processor.py:840} INFO - DAG(s) 'tutorial_dag' retrieved from /home/airflow/.local/lib/python3.12/site-packages/airflow/example_dags/tutorial_dag.py
[2026-06-28T07:55:05.050+0000] {logging_mixin.py:188} INFO - [2026-06-28T07:55:05.050+0000] {dag.py:3096} INFO - Sync 1 DAGs
[2026-06-28T07:55:05.082+0000] {logging_mixin.py:188} INFO - [2026-06-28T07:55:05.082+0000] {dag.py:3954} INFO - Setting next_dagrun for tutorial_dag to None, run_after=None
[2026-06-28T07:55:05.123+0000] {processor.py:183} INFO - Processing /home/airflow/.local/lib/python3.12/site-packages/airflow/example_dags/tutorial_dag.py took 0.150 seconds
[2026-06-28T07:55:35.263+0000] {processor.py:161} INFO - Started process (PID=874) to work on /home/airflow/.local/lib/python3.12/site-packages/airflow/example_dags/tutorial_dag.py
[2026-06-28T07:55:35.264+0000] {processor.py:830} INFO - Processing file /home/airflow/.local/lib/python3.12/site-packages/airflow/example_dags/tutorial_dag.py for tasks to queue
[2026-06-28T07:55:35.266+0000] {logging_mixin.py:188} INFO - [2026-06-28T07:55:35.265+0000] {dagbag.py:545} INFO - Filling up the DagBag from /home/airflow/.local/lib/python3.12/site-packages/airflow/example_dags/tutorial_dag.py
[2026-06-28T07:55:35.272+0000] {processor.py:840} INFO - DAG(s) 'tutorial_dag' retrieved from /home/airflow/.local/lib/python3.12/site-packages/airflow/example_dags/tutorial_dag.py
[2026-06-28T07:55:35.298+0000] {logging_mixin.py:188} INFO - [2026-06-28T07:55:35.297+0000] {dag.py:3096} INFO - Sync 1 DAGs
[2026-06-28T07:55:35.314+0000] {logging_mixin.py:188} INFO - [2026-06-28T07:55:35.314+0000] {dag.py:3954} INFO - Setting next_dagrun for tutorial_dag to None, run_after=None
[2026-06-28T07:55:35.336+0000] {processor.py:183} INFO - Processing /home/airflow/.local/lib/python3.12/site-packages/airflow/example_dags/tutorial_dag.py took 0.080 seconds
[2026-06-28T07:56:06.259+0000] {processor.py:161} INFO - Started process (PID=933) to work on /home/airflow/.local/lib/python3.12/site-packages/airflow/example_dags/tutorial_dag.py
[2026-06-28T07:56:06.259+0000] {processor.py:830} INFO - Processing file /home/airflow/.local/lib/python3.12/site-packages/airflow/example_dags/tutorial_dag.py for tasks to queue
[2026-06-28T07:56:06.261+0000] {logging_mixin.py:188} INFO - [2026-06-28T07:56:06.261+0000] {dagbag.py:545} INFO - Filling up the DagBag from /home/airflow/.local/lib/python3.12/site-packages/airflow/example_dags/tutorial_dag.py
[2026-06-28T07:56:06.267+0000] {processor.py:840} INFO - DAG(s) 'tutorial_dag' retrieved from /home/airflow/.local/lib/python3.12/site-packages/airflow/example_dags/tutorial_dag.py
[2026-06-28T07:56:06.290+0000] {logging_mixin.py:188} INFO - [2026-06-28T07:56:06.289+0000] {dag.py:3096} INFO - Sync 1 DAGs
[2026-06-28T07:56:06.306+0000] {logging_mixin.py:188} INFO - [2026-06-28T07:56:06.306+0000] {dag.py:3954} INFO - Setting next_dagrun for tutorial_dag to None, run_after=None
[2026-06-28T07:56:06.327+0000] {processor.py:183} INFO - Processing /home/airflow/.local/lib/python3.12/site-packages/airflow/example_dags/tutorial_dag.py took 0.075 seconds
[2026-06-28T07:56:36.927+0000] {processor.py:161} INFO - Started process (PID=992) to work on /home/airflow/.local/lib/python3.12/site-packages/airflow/example_dags/tutorial_dag.py
[2026-06-28T07:56:36.928+0000] {processor.py:830} INFO - Processing file /home/airflow/.local/lib/python3.12/site-packages/airflow/example_dags/tutorial_dag.py for tasks to queue
[2026-06-28T07:56:36.930+0000] {logging_mixin.py:188} INFO - [2026-06-28T07:56:36.930+0000] {dagbag.py:545} INFO - Filling up the DagBag from /home/airflow/.local/lib/python3.12/site-packages/airflow/example_dags/tutorial_dag.py
[2026-06-28T07:56:36.937+0000] {processor.py:840} INFO - DAG(s) 'tutorial_dag' retrieved from /home/airflow/.local/lib/python3.12/site-packages/airflow/example_dags/tutorial_dag.py
[2026-06-28T07:56:36.962+0000] {logging_mixin.py:188} INFO - [2026-06-28T07:56:36.962+0000] {dag.py:3096} INFO - Sync 1 DAGs
[2026-06-28T07:56:36.980+0000] {logging_mixin.py:188} INFO - [2026-06-28T07:56:36.979+0000] {dag.py:3954} INFO - Setting next_dagrun for tutorial_dag to None, run_after=None
[2026-06-28T07:56:37.002+0000] {processor.py:183} INFO - Processing /home/airflow/.local/lib/python3.12/site-packages/airflow/example_dags/tutorial_dag.py took 0.086 seconds
[2026-06-28T07:57:07.382+0000] {processor.py:161} INFO - Started process (PID=1051) to work on /home/airflow/.local/lib/python3.12/site-packages/airflow/example_dags/tutorial_dag.py
[2026-06-28T07:57:07.385+0000] {processor.py:830} INFO - Processing file /home/airflow/.local/lib/python3.12/site-packages/airflow/example_dags/tutorial_dag.py for tasks to queue
[2026-06-28T07:57:07.390+0000] {logging_mixin.py:188} INFO - [2026-06-28T07:57:07.390+0000] {dagbag.py:545} INFO - Filling up the DagBag from /home/airflow/.local/lib/python3.12/site-packages/airflow/example_dags/tutorial_dag.py
[2026-06-28T07:57:07.408+0000] {processor.py:840} INFO - DAG(s) 'tutorial_dag' retrieved from /home/airflow/.local/lib/python3.12/site-packages/airflow/example_dags/tutorial_dag.py
[2026-06-28T07:57:07.450+0000] {logging_mixin.py:188} INFO - [2026-06-28T07:57:07.450+0000] {dag.py:3096} INFO - Sync 1 DAGs
[2026-06-28T07:57:07.481+0000] {logging_mixin.py:188} INFO - [2026-06-28T07:57:07.481+0000] {dag.py:3954} INFO - Setting next_dagrun for tutorial_dag to None, run_after=None
[2026-06-28T07:57:07.524+0000] {processor.py:183} INFO - Processing /home/airflow/.local/lib/python3.12/site-packages/airflow/example_dags/tutorial_dag.py took 0.174 seconds
[2026-06-28T07:57:37.703+0000] {processor.py:161} INFO - Started process (PID=1109) to work on /home/airflow/.local/lib/python3.12/site-packages/airflow/example_dags/tutorial_dag.py
[2026-06-28T07:57:37.704+0000] {processor.py:830} INFO - Processing file /home/airflow/.local/lib/python3.12/site-packages/airflow/example_dags/tutorial_dag.py for tasks to queue
[2026-06-28T07:57:37.707+0000] {logging_mixin.py:188} INFO - [2026-06-28T07:57:37.707+0000] {dagbag.py:545} INFO - Filling up the DagBag from /home/airflow/.local/lib/python3.12/site-packages/airflow/example_dags/tutorial_dag.py
[2026-06-28T07:57:37.713+0000] {processor.py:840} INFO - DAG(s) 'tutorial_dag' retrieved from /home/airflow/.local/lib/python3.12/site-packages/airflow/example_dags/tutorial_dag.py
[2026-06-28T07:57:37.738+0000] {logging_mixin.py:188} INFO - [2026-06-28T07:57:37.738+0000] {dag.py:3096} INFO - Sync 1 DAGs
[2026-06-28T07:57:37.755+0000] {logging_mixin.py:188} INFO - [2026-06-28T07:57:37.754+0000] {dag.py:3954} INFO - Setting next_dagrun for tutorial_dag to None, run_after=None
[2026-06-28T07:57:37.775+0000] {processor.py:183} INFO - Processing /home/airflow/.local/lib/python3.12/site-packages/airflow/example_dags/tutorial_dag.py took 0.080 seconds
[2026-06-28T07:58:08.329+0000] {processor.py:161} INFO - Started process (PID=1168) to work on /home/airflow/.local/lib/python3.12/site-packages/airflow/example_dags/tutorial_dag.py
[2026-06-28T07:58:08.330+0000] {processor.py:830} INFO - Processing file /home/airflow/.local/lib/python3.12/site-packages/airflow/example_dags/tutorial_dag.py for tasks to queue
[2026-06-28T07:58:08.332+0000] {logging_mixin.py:188} INFO - [2026-06-28T07:58:08.331+0000] {dagbag.py:545} INFO - Filling up the DagBag from /home/airflow/.local/lib/python3.12/site-packages/airflow/example_dags/tutorial_dag.py
[2026-06-28T07:58:08.338+0000] {processor.py:840} INFO - DAG(s) 'tutorial_dag' retrieved from /home/airflow/.local/lib/python3.12/site-packages/airflow/example_dags/tutorial_dag.py
[2026-06-28T07:58:08.438+0000] {logging_mixin.py:188} INFO - [2026-06-28T07:58:08.437+0000] {dag.py:3096} INFO - Sync 1 DAGs
[2026-06-28T07:58:08.489+0000] {logging_mixin.py:188} INFO - [2026-06-28T07:58:08.489+0000] {dag.py:3954} INFO - Setting next_dagrun for tutorial_dag to None, run_after=None
[2026-06-28T07:58:08.565+0000] {processor.py:183} INFO - Processing /home/airflow/.local/lib/python3.12/site-packages/airflow/example_dags/tutorial_dag.py took 0.243 seconds
[2026-06-28T07:58:39.146+0000] {processor.py:161} INFO - Started process (PID=1227) to work on /home/airflow/.local/lib/python3.12/site-packages/airflow/example_dags/tutorial_dag.py
[2026-06-28T07:58:39.147+0000] {processor.py:830} INFO - Processing file /home/airflow/.local/lib/python3.12/site-packages/airflow/example_dags/tutorial_dag.py for tasks to queue
[2026-06-28T07:58:39.149+0000] {logging_mixin.py:188} INFO - [2026-06-28T07:58:39.149+0000] {dagbag.py:545} INFO - Filling up the DagBag from /home/airflow/.local/lib/python3.12/site-packages/airflow/example_dags/tutorial_dag.py
[2026-06-28T07:58:39.155+0000] {processor.py:840} INFO - DAG(s) 'tutorial_dag' retrieved from /home/airflow/.local/lib/python3.12/site-packages/airflow/example_dags/tutorial_dag.py
[2026-06-28T07:58:39.179+0000] {logging_mixin.py:188} INFO - [2026-06-28T07:58:39.179+0000] {dag.py:3096} INFO - Sync 1 DAGs
[2026-06-28T07:58:39.195+0000] {logging_mixin.py:188} INFO - [2026-06-28T07:58:39.195+0000] {dag.py:3954} INFO - Setting next_dagrun for tutorial_dag to None, run_after=None
[2026-06-28T07:58:39.223+0000] {processor.py:183} INFO - Processing /home/airflow/.local/lib/python3.12/site-packages/airflow/example_dags/tutorial_dag.py took 0.084 seconds
[2026-06-28T07:59:09.793+0000] {processor.py:161} INFO - Started process (PID=1286) to work on /home/airflow/.local/lib/python3.12/site-packages/airflow/example_dags/tutorial_dag.py
[2026-06-28T07:59:09.794+0000] {processor.py:830} INFO - Processing file /home/airflow/.local/lib/python3.12/site-packages/airflow/example_dags/tutorial_dag.py for tasks to queue
[2026-06-28T07:59:09.796+0000] {logging_mixin.py:188} INFO - [2026-06-28T07:59:09.795+0000] {dagbag.py:545} INFO - Filling up the DagBag from /home/airflow/.local/lib/python3.12/site-packages/airflow/example_dags/tutorial_dag.py
[2026-06-28T07:59:09.802+0000] {processor.py:840} INFO - DAG(s) 'tutorial_dag' retrieved from /home/airflow/.local/lib/python3.12/site-packages/airflow/example_dags/tutorial_dag.py
[2026-06-28T07:59:09.824+0000] {logging_mixin.py:188} INFO - [2026-06-28T07:59:09.824+0000] {dag.py:3096} INFO - Sync 1 DAGs
[2026-06-28T07:59:09.839+0000] {logging_mixin.py:188} INFO - [2026-06-28T07:59:09.839+0000] {dag.py:3954} INFO - Setting next_dagrun for tutorial_dag to None, run_after=None
[2026-06-28T07:59:09.860+0000] {processor.py:183} INFO - Processing /home/airflow/.local/lib/python3.12/site-packages/airflow/example_dags/tutorial_dag.py took 0.074 seconds
[2026-06-28T07:59:40.794+0000] {processor.py:161} INFO - Started process (PID=1346) to work on /home/airflow/.local/lib/python3.12/site-packages/airflow/example_dags/tutorial_dag.py
[2026-06-28T07:59:40.795+0000] {processor.py:830} INFO - Processing file /home/airflow/.local/lib/python3.12/site-packages/airflow/example_dags/tutorial_dag.py for tasks to queue
[2026-06-28T07:59:40.796+0000] {logging_mixin.py:188} INFO - [2026-06-28T07:59:40.796+0000] {dagbag.py:545} INFO - Filling up the DagBag from /home/airflow/.local/lib/python3.12/site-packages/airflow/example_dags/tutorial_dag.py
[2026-06-28T07:59:40.805+0000] {processor.py:840} INFO - DAG(s) 'tutorial_dag' retrieved from /home/airflow/.local/lib/python3.12/site-packages/airflow/example_dags/tutorial_dag.py
[2026-06-28T07:59:40.870+0000] {logging_mixin.py:188} INFO - [2026-06-28T07:59:40.870+0000] {dag.py:3096} INFO - Sync 1 DAGs
[2026-06-28T07:59:40.886+0000] {logging_mixin.py:188} INFO - [2026-06-28T07:59:40.886+0000] {dag.py:3954} INFO - Setting next_dagrun for tutorial_dag to None, run_after=None
[2026-06-28T07:59:40.928+0000] {processor.py:183} INFO - Processing /home/airflow/.local/lib/python3.12/site-packages/airflow/example_dags/tutorial_dag.py took 0.146 seconds
[2026-06-28T08:00:11.152+0000] {processor.py:161} INFO - Started process (PID=1405) to work on /home/airflow/.local/lib/python3.12/site-packages/airflow/example_dags/tutorial_dag.py
[2026-06-28T08:00:11.157+0000] {processor.py:830} INFO - Processing file /home/airflow/.local/lib/python3.12/site-packages/airflow/example_dags/tutorial_dag.py for tasks to queue
[2026-06-28T08:00:11.160+0000] {logging_mixin.py:188} INFO - [2026-06-28T08:00:11.160+0000] {dagbag.py:545} INFO - Filling up the DagBag from /home/airflow/.local/lib/python3.12/site-packages/airflow/example_dags/tutorial_dag.py
[2026-06-28T08:00:11.167+0000] {processor.py:840} INFO - DAG(s) 'tutorial_dag' retrieved from /home/airflow/.local/lib/python3.12/site-packages/airflow/example_dags/tutorial_dag.py
[2026-06-28T08:00:11.229+0000] {logging_mixin.py:188} INFO - [2026-06-28T08:00:11.228+0000] {dag.py:3096} INFO - Sync 1 DAGs
[2026-06-28T08:00:11.246+0000] {logging_mixin.py:188} INFO - [2026-06-28T08:00:11.246+0000] {dag.py:3954} INFO - Setting next_dagrun for tutorial_dag to None, run_after=None
[2026-06-28T08:00:11.267+0000] {processor.py:183} INFO - Processing /home/airflow/.local/lib/python3.12/site-packages/airflow/example_dags/tutorial_dag.py took 0.122 seconds
[2026-06-28T08:00:42.010+0000] {processor.py:161} INFO - Started process (PID=1463) to work on /home/airflow/.local/lib/python3.12/site-packages/airflow/example_dags/tutorial_dag.py
[2026-06-28T08:00:42.017+0000] {processor.py:830} INFO - Processing file /home/airflow/.local/lib/python3.12/site-packages/airflow/example_dags/tutorial_dag.py for tasks to queue
[2026-06-28T08:00:42.034+0000] {logging_mixin.py:188} INFO - [2026-06-28T08:00:42.030+0000] {dagbag.py:545} INFO - Filling up the DagBag from /home/airflow/.local/lib/python3.12/site-packages/airflow/example_dags/tutorial_dag.py
[2026-06-28T08:00:42.086+0000] {processor.py:840} INFO - DAG(s) 'tutorial_dag' retrieved from /home/airflow/.local/lib/python3.12/site-packages/airflow/example_dags/tutorial_dag.py
[2026-06-28T08:00:42.309+0000] {logging_mixin.py:188} INFO - [2026-06-28T08:00:42.309+0000] {dag.py:3096} INFO - Sync 1 DAGs
[2026-06-28T08:00:42.393+0000] {logging_mixin.py:188} INFO - [2026-06-28T08:00:42.388+0000] {dag.py:3954} INFO - Setting next_dagrun for tutorial_dag to None, run_after=None
[2026-06-28T08:00:42.574+0000] {processor.py:183} INFO - Processing /home/airflow/.local/lib/python3.12/site-packages/airflow/example_dags/tutorial_dag.py took 0.594 seconds
[2026-06-28T08:01:13.490+0000] {processor.py:161} INFO - Started process (PID=1522) to work on /home/airflow/.local/lib/python3.12/site-packages/airflow/example_dags/tutorial_dag.py
[2026-06-28T08:01:13.501+0000] {processor.py:830} INFO - Processing file /home/airflow/.local/lib/python3.12/site-packages/airflow/example_dags/tutorial_dag.py for tasks to queue
[2026-06-28T08:01:13.507+0000] {logging_mixin.py:188} INFO - [2026-06-28T08:01:13.507+0000] {dagbag.py:545} INFO - Filling up the DagBag from /home/airflow/.local/lib/python3.12/site-packages/airflow/example_dags/tutorial_dag.py
[2026-06-28T08:01:13.527+0000] {processor.py:840} INFO - DAG(s) 'tutorial_dag' retrieved from /home/airflow/.local/lib/python3.12/site-packages/airflow/example_dags/tutorial_dag.py
[2026-06-28T08:01:13.696+0000] {logging_mixin.py:188} INFO - [2026-06-28T08:01:13.693+0000] {dag.py:3096} INFO - Sync 1 DAGs
[2026-06-28T08:01:13.729+0000] {logging_mixin.py:188} INFO - [2026-06-28T08:01:13.729+0000] {dag.py:3954} INFO - Setting next_dagrun for tutorial_dag to None, run_after=None
[2026-06-28T08:01:13.827+0000] {processor.py:183} INFO - Processing /home/airflow/.local/lib/python3.12/site-packages/airflow/example_dags/tutorial_dag.py took 0.377 seconds
[2026-06-28T08:01:44.211+0000] {processor.py:161} INFO - Started process (PID=1581) to work on /home/airflow/.local/lib/python3.12/site-packages/airflow/example_dags/tutorial_dag.py
[2026-06-28T08:01:44.212+0000] {processor.py:830} INFO - Processing file /home/airflow/.local/lib/python3.12/site-packages/airflow/example_dags/tutorial_dag.py for tasks to queue
[2026-06-28T08:01:44.214+0000] {logging_mixin.py:188} INFO - [2026-06-28T08:01:44.213+0000] {dagbag.py:545} INFO - Filling up the DagBag from /home/airflow/.local/lib/python3.12/site-packages/airflow/example_dags/tutorial_dag.py
[2026-06-28T08:01:44.220+0000] {processor.py:840} INFO - DAG(s) 'tutorial_dag' retrieved from /home/airflow/.local/lib/python3.12/site-packages/airflow/example_dags/tutorial_dag.py
[2026-06-28T08:01:44.411+0000] {logging_mixin.py:188} INFO - [2026-06-28T08:01:44.410+0000] {dag.py:3096} INFO - Sync 1 DAGs
[2026-06-28T08:01:44.425+0000] {logging_mixin.py:188} INFO - [2026-06-28T08:01:44.425+0000] {dag.py:3954} INFO - Setting next_dagrun for tutorial_dag to None, run_after=None
[2026-06-28T08:01:44.459+0000] {processor.py:183} INFO - Processing /home/airflow/.local/lib/python3.12/site-packages/airflow/example_dags/tutorial_dag.py took 0.254 seconds
[2026-06-28T08:02:14.735+0000] {processor.py:161} INFO - Started process (PID=1640) to work on /home/airflow/.local/lib/python3.12/site-packages/airflow/example_dags/tutorial_dag.py
[2026-06-28T08:02:14.735+0000] {processor.py:830} INFO - Processing file /home/airflow/.local/lib/python3.12/site-packages/airflow/example_dags/tutorial_dag.py for tasks to queue
[2026-06-28T08:02:14.738+0000] {logging_mixin.py:188} INFO - [2026-06-28T08:02:14.738+0000] {dagbag.py:545} INFO - Filling up the DagBag from /home/airflow/.local/lib/python3.12/site-packages/airflow/example_dags/tutorial_dag.py
[2026-06-28T08:02:14.744+0000] {processor.py:840} INFO - DAG(s) 'tutorial_dag' retrieved from /home/airflow/.local/lib/python3.12/site-packages/airflow/example_dags/tutorial_dag.py
[2026-06-28T08:02:14.771+0000] {logging_mixin.py:188} INFO - [2026-06-28T08:02:14.770+0000] {dag.py:3096} INFO - Sync 1 DAGs
[2026-06-28T08:02:14.787+0000] {logging_mixin.py:188} INFO - [2026-06-28T08:02:14.787+0000] {dag.py:3954} INFO - Setting next_dagrun for tutorial_dag to None, run_after=None
[2026-06-28T08:02:14.807+0000] {processor.py:183} INFO - Processing /home/airflow/.local/lib/python3.12/site-packages/airflow/example_dags/tutorial_dag.py took 0.079 seconds
[2026-06-28T08:02:45.088+0000] {processor.py:161} INFO - Started process (PID=1699) to work on /home/airflow/.local/lib/python3.12/site-packages/airflow/example_dags/tutorial_dag.py
[2026-06-28T08:02:45.089+0000] {processor.py:830} INFO - Processing file /home/airflow/.local/lib/python3.12/site-packages/airflow/example_dags/tutorial_dag.py for tasks to queue
[2026-06-28T08:02:45.091+0000] {logging_mixin.py:188} INFO - [2026-06-28T08:02:45.091+0000] {dagbag.py:545} INFO - Filling up the DagBag from /home/airflow/.local/lib/python3.12/site-packages/airflow/example_dags/tutorial_dag.py
[2026-06-28T08:02:45.097+0000] {processor.py:840} INFO - DAG(s) 'tutorial_dag' retrieved from /home/airflow/.local/lib/python3.12/site-packages/airflow/example_dags/tutorial_dag.py
[2026-06-28T08:02:45.122+0000] {logging_mixin.py:188} INFO - [2026-06-28T08:02:45.121+0000] {dag.py:3096} INFO - Sync 1 DAGs
[2026-06-28T08:02:45.171+0000] {logging_mixin.py:188} INFO - [2026-06-28T08:02:45.171+0000] {dag.py:3954} INFO - Setting next_dagrun for tutorial_dag to None, run_after=None
[2026-06-28T08:02:45.216+0000] {processor.py:183} INFO - Processing /home/airflow/.local/lib/python3.12/site-packages/airflow/example_dags/tutorial_dag.py took 0.137 seconds
[2026-06-28T08:03:15.720+0000] {processor.py:161} INFO - Started process (PID=1758) to work on /home/airflow/.local/lib/python3.12/site-packages/airflow/example_dags/tutorial_dag.py
[2026-06-28T08:03:15.722+0000] {processor.py:830} INFO - Processing file /home/airflow/.local/lib/python3.12/site-packages/airflow/example_dags/tutorial_dag.py for tasks to queue
[2026-06-28T08:03:15.724+0000] {logging_mixin.py:188} INFO - [2026-06-28T08:03:15.724+0000] {dagbag.py:545} INFO - Filling up the DagBag from /home/airflow/.local/lib/python3.12/site-packages/airflow/example_dags/tutorial_dag.py
[2026-06-28T08:03:15.731+0000] {processor.py:840} INFO - DAG(s) 'tutorial_dag' retrieved from /home/airflow/.local/lib/python3.12/site-packages/airflow/example_dags/tutorial_dag.py
[2026-06-28T08:03:15.756+0000] {logging_mixin.py:188} INFO - [2026-06-28T08:03:15.756+0000] {dag.py:3096} INFO - Sync 1 DAGs
[2026-06-28T08:03:15.772+0000] {logging_mixin.py:188} INFO - [2026-06-28T08:03:15.772+0000] {dag.py:3954} INFO - Setting next_dagrun for tutorial_dag to None, run_after=None
[2026-06-28T08:03:15.793+0000] {processor.py:183} INFO - Processing /home/airflow/.local/lib/python3.12/site-packages/airflow/example_dags/tutorial_dag.py took 0.079 seconds
[2026-06-28T08:03:45.979+0000] {processor.py:161} INFO - Started process (PID=1817) to work on /home/airflow/.local/lib/python3.12/site-packages/airflow/example_dags/tutorial_dag.py
[2026-06-28T08:03:45.980+0000] {processor.py:830} INFO - Processing file /home/airflow/.local/lib/python3.12/site-packages/airflow/example_dags/tutorial_dag.py for tasks to queue
[2026-06-28T08:03:45.982+0000] {logging_mixin.py:188} INFO - [2026-06-28T08:03:45.982+0000] {dagbag.py:545} INFO - Filling up the DagBag from /home/airflow/.local/lib/python3.12/site-packages/airflow/example_dags/tutorial_dag.py
[2026-06-28T08:03:45.989+0000] {processor.py:840} INFO - DAG(s) 'tutorial_dag' retrieved from /home/airflow/.local/lib/python3.12/site-packages/airflow/example_dags/tutorial_dag.py
[2026-06-28T08:03:46.014+0000] {logging_mixin.py:188} INFO - [2026-06-28T08:03:46.014+0000] {dag.py:3096} INFO - Sync 1 DAGs
[2026-06-28T08:03:46.037+0000] {logging_mixin.py:188} INFO - [2026-06-28T08:03:46.037+0000] {dag.py:3954} INFO - Setting next_dagrun for tutorial_dag to None, run_after=None
[2026-06-28T08:03:46.080+0000] {processor.py:183} INFO - Processing /home/airflow/.local/lib/python3.12/site-packages/airflow/example_dags/tutorial_dag.py took 0.108 seconds
[2026-06-28T08:04:16.567+0000] {processor.py:161} INFO - Started process (PID=1876) to work on /home/airflow/.local/lib/python3.12/site-packages/airflow/example_dags/tutorial_dag.py
[2026-06-28T08:04:16.568+0000] {processor.py:830} INFO - Processing file /home/airflow/.local/lib/python3.12/site-packages/airflow/example_dags/tutorial_dag.py for tasks to queue
[2026-06-28T08:04:16.571+0000] {logging_mixin.py:188} INFO - [2026-06-28T08:04:16.570+0000] {dagbag.py:545} INFO - Filling up the DagBag from /home/airflow/.local/lib/python3.12/site-packages/airflow/example_dags/tutorial_dag.py
[2026-06-28T08:04:16.577+0000] {processor.py:840} INFO - DAG(s) 'tutorial_dag' retrieved from /home/airflow/.local/lib/python3.12/site-packages/airflow/example_dags/tutorial_dag.py
[2026-06-28T08:04:16.603+0000] {logging_mixin.py:188} INFO - [2026-06-28T08:04:16.602+0000] {dag.py:3096} INFO - Sync 1 DAGs
[2026-06-28T08:04:16.619+0000] {logging_mixin.py:188} INFO - [2026-06-28T08:04:16.619+0000] {dag.py:3954} INFO - Setting next_dagrun for tutorial_dag to None, run_after=None
[2026-06-28T08:04:16.640+0000] {processor.py:183} INFO - Processing /home/airflow/.local/lib/python3.12/site-packages/airflow/example_dags/tutorial_dag.py took 0.079 seconds
[2026-06-28T08:04:46.984+0000] {processor.py:161} INFO - Started process (PID=1935) to work on /home/airflow/.local/lib/python3.12/site-packages/airflow/example_dags/tutorial_dag.py
[2026-06-28T08:04:46.988+0000] {processor.py:830} INFO - Processing file /home/airflow/.local/lib/python3.12/site-packages/airflow/example_dags/tutorial_dag.py for tasks to queue
[2026-06-28T08:04:46.993+0000] {logging_mixin.py:188} INFO - [2026-06-28T08:04:46.992+0000] {dagbag.py:545} INFO - Filling up the DagBag from /home/airflow/.local/lib/python3.12/site-packages/airflow/example_dags/tutorial_dag.py
[2026-06-28T08:04:47.009+0000] {processor.py:840} INFO - DAG(s) 'tutorial_dag' retrieved from /home/airflow/.local/lib/python3.12/site-packages/airflow/example_dags/tutorial_dag.py
[2026-06-28T08:04:47.040+0000] {logging_mixin.py:188} INFO - [2026-06-28T08:04:47.040+0000] {dag.py:3096} INFO - Sync 1 DAGs
[2026-06-28T08:04:47.057+0000] {logging_mixin.py:188} INFO - [2026-06-28T08:04:47.056+0000] {dag.py:3954} INFO - Setting next_dagrun for tutorial_dag to None, run_after=None
[2026-06-28T08:04:47.078+0000] {processor.py:183} INFO - Processing /home/airflow/.local/lib/python3.12/site-packages/airflow/example_dags/tutorial_dag.py took 0.113 seconds
[2026-06-28T08:05:17.964+0000] {processor.py:161} INFO - Started process (PID=1993) to work on /home/airflow/.local/lib/python3.12/site-packages/airflow/example_dags/tutorial_dag.py
[2026-06-28T08:05:17.965+0000] {processor.py:830} INFO - Processing file /home/airflow/.local/lib/python3.12/site-packages/airflow/example_dags/tutorial_dag.py for tasks to queue
[2026-06-28T08:05:17.967+0000] {logging_mixin.py:188} INFO - [2026-06-28T08:05:17.967+0000] {dagbag.py:545} INFO - Filling up the DagBag from /home/airflow/.local/lib/python3.12/site-packages/airflow/example_dags/tutorial_dag.py
[2026-06-28T08:05:17.973+0000] {processor.py:840} INFO - DAG(s) 'tutorial_dag' retrieved from /home/airflow/.local/lib/python3.12/site-packages/airflow/example_dags/tutorial_dag.py
[2026-06-28T08:05:17.999+0000] {logging_mixin.py:188} INFO - [2026-06-28T08:05:17.999+0000] {dag.py:3096} INFO - Sync 1 DAGs
[2026-06-28T08:05:18.016+0000] {logging_mixin.py:188} INFO - [2026-06-28T08:05:18.015+0000] {dag.py:3954} INFO - Setting next_dagrun for tutorial_dag to None, run_after=None
[2026-06-28T08:05:18.041+0000] {processor.py:183} INFO - Processing /home/airflow/.local/lib/python3.12/site-packages/airflow/example_dags/tutorial_dag.py took 0.084 seconds
[2026-06-28T08:05:48.157+0000] {processor.py:161} INFO - Started process (PID=2052) to work on /home/airflow/.local/lib/python3.12/site-packages/airflow/example_dags/tutorial_dag.py
[2026-06-28T08:05:48.158+0000] {processor.py:830} INFO - Processing file /home/airflow/.local/lib/python3.12/site-packages/airflow/example_dags/tutorial_dag.py for tasks to queue
[2026-06-28T08:05:48.160+0000] {logging_mixin.py:188} INFO - [2026-06-28T08:05:48.160+0000] {dagbag.py:545} INFO - Filling up the DagBag from /home/airflow/.local/lib/python3.12/site-packages/airflow/example_dags/tutorial_dag.py
[2026-06-28T08:05:48.167+0000] {processor.py:840} INFO - DAG(s) 'tutorial_dag' retrieved from /home/airflow/.local/lib/python3.12/site-packages/airflow/example_dags/tutorial_dag.py
[2026-06-28T08:05:48.211+0000] {logging_mixin.py:188} INFO - [2026-06-28T08:05:48.211+0000] {dag.py:3096} INFO - Sync 1 DAGs
[2026-06-28T08:05:48.238+0000] {logging_mixin.py:188} INFO - [2026-06-28T08:05:48.238+0000] {dag.py:3954} INFO - Setting next_dagrun for tutorial_dag to None, run_after=None
[2026-06-28T08:05:48.297+0000] {processor.py:183} INFO - Processing /home/airflow/.local/lib/python3.12/site-packages/airflow/example_dags/tutorial_dag.py took 0.154 seconds
[2026-06-28T08:06:19.186+0000] {processor.py:161} INFO - Started process (PID=2111) to work on /home/airflow/.local/lib/python3.12/site-packages/airflow/example_dags/tutorial_dag.py
[2026-06-28T08:06:19.191+0000] {processor.py:830} INFO - Processing file /home/airflow/.local/lib/python3.12/site-packages/airflow/example_dags/tutorial_dag.py for tasks to queue
[2026-06-28T08:06:19.197+0000] {logging_mixin.py:188} INFO - [2026-06-28T08:06:19.197+0000] {dagbag.py:545} INFO - Filling up the DagBag from /home/airflow/.local/lib/python3.12/site-packages/airflow/example_dags/tutorial_dag.py
[2026-06-28T08:06:19.210+0000] {processor.py:840} INFO - DAG(s) 'tutorial_dag' retrieved from /home/airflow/.local/lib/python3.12/site-packages/airflow/example_dags/tutorial_dag.py
[2026-06-28T08:06:19.267+0000] {logging_mixin.py:188} INFO - [2026-06-28T08:06:19.267+0000] {dag.py:3096} INFO - Sync 1 DAGs
[2026-06-28T08:06:19.301+0000] {logging_mixin.py:188} INFO - [2026-06-28T08:06:19.301+0000] {dag.py:3954} INFO - Setting next_dagrun for tutorial_dag to None, run_after=None
[2026-06-28T08:06:19.323+0000] {processor.py:183} INFO - Processing /home/airflow/.local/lib/python3.12/site-packages/airflow/example_dags/tutorial_dag.py took 0.147 seconds
[2026-06-28T08:06:50.089+0000] {processor.py:161} INFO - Started process (PID=2171) to work on /home/airflow/.local/lib/python3.12/site-packages/airflow/example_dags/tutorial_dag.py
[2026-06-28T08:06:50.089+0000] {processor.py:830} INFO - Processing file /home/airflow/.local/lib/python3.12/site-packages/airflow/example_dags/tutorial_dag.py for tasks to queue
[2026-06-28T08:06:50.091+0000] {logging_mixin.py:188} INFO - [2026-06-28T08:06:50.091+0000] {dagbag.py:545} INFO - Filling up the DagBag from /home/airflow/.local/lib/python3.12/site-packages/airflow/example_dags/tutorial_dag.py
[2026-06-28T08:06:50.098+0000] {processor.py:840} INFO - DAG(s) 'tutorial_dag' retrieved from /home/airflow/.local/lib/python3.12/site-packages/airflow/example_dags/tutorial_dag.py
[2026-06-28T08:06:50.123+0000] {logging_mixin.py:188} INFO - [2026-06-28T08:06:50.123+0000] {dag.py:3096} INFO - Sync 1 DAGs
[2026-06-28T08:06:50.140+0000] {logging_mixin.py:188} INFO - [2026-06-28T08:06:50.140+0000] {dag.py:3954} INFO - Setting next_dagrun for tutorial_dag to None, run_after=None
[2026-06-28T08:06:50.161+0000] {processor.py:183} INFO - Processing /home/airflow/.local/lib/python3.12/site-packages/airflow/example_dags/tutorial_dag.py took 0.079 seconds
[2026-06-28T08:07:20.583+0000] {processor.py:161} INFO - Started process (PID=2230) to work on /home/airflow/.local/lib/python3.12/site-packages/airflow/example_dags/tutorial_dag.py
[2026-06-28T08:07:20.585+0000] {processor.py:830} INFO - Processing file /home/airflow/.local/lib/python3.12/site-packages/airflow/example_dags/tutorial_dag.py for tasks to queue
[2026-06-28T08:07:20.592+0000] {logging_mixin.py:188} INFO - [2026-06-28T08:07:20.590+0000] {dagbag.py:545} INFO - Filling up the DagBag from /home/airflow/.local/lib/python3.12/site-packages/airflow/example_dags/tutorial_dag.py
[2026-06-28T08:07:20.605+0000] {processor.py:840} INFO - DAG(s) 'tutorial_dag' retrieved from /home/airflow/.local/lib/python3.12/site-packages/airflow/example_dags/tutorial_dag.py
[2026-06-28T08:07:20.665+0000] {logging_mixin.py:188} INFO - [2026-06-28T08:07:20.664+0000] {dag.py:3096} INFO - Sync 1 DAGs
[2026-06-28T08:07:20.689+0000] {logging_mixin.py:188} INFO - [2026-06-28T08:07:20.688+0000] {dag.py:3954} INFO - Setting next_dagrun for tutorial_dag to None, run_after=None
[2026-06-28T08:07:20.735+0000] {processor.py:183} INFO - Processing /home/airflow/.local/lib/python3.12/site-packages/airflow/example_dags/tutorial_dag.py took 0.170 seconds
[2026-06-28T08:07:50.950+0000] {processor.py:161} INFO - Started process (PID=2289) to work on /home/airflow/.local/lib/python3.12/site-packages/airflow/example_dags/tutorial_dag.py
[2026-06-28T08:07:50.951+0000] {processor.py:830} INFO - Processing file /home/airflow/.local/lib/python3.12/site-packages/airflow/example_dags/tutorial_dag.py for tasks to queue
[2026-06-28T08:07:50.953+0000] {logging_mixin.py:188} INFO - [2026-06-28T08:07:50.953+0000] {dagbag.py:545} INFO - Filling up the DagBag from /home/airflow/.local/lib/python3.12/site-packages/airflow/example_dags/tutorial_dag.py
[2026-06-28T08:07:50.959+0000] {processor.py:840} INFO - DAG(s) 'tutorial_dag' retrieved from /home/airflow/.local/lib/python3.12/site-packages/airflow/example_dags/tutorial_dag.py
[2026-06-28T08:07:50.985+0000] {logging_mixin.py:188} INFO - [2026-06-28T08:07:50.985+0000] {dag.py:3096} INFO - Sync 1 DAGs
[2026-06-28T08:07:51.001+0000] {logging_mixin.py:188} INFO - [2026-06-28T08:07:51.001+0000] {dag.py:3954} INFO - Setting next_dagrun for tutorial_dag to None, run_after=None
[2026-06-28T08:07:51.022+0000] {processor.py:183} INFO - Processing /home/airflow/.local/lib/python3.12/site-packages/airflow/example_dags/tutorial_dag.py took 0.079 seconds
[2026-06-28T08:08:21.372+0000] {processor.py:161} INFO - Started process (PID=2348) to work on /home/airflow/.local/lib/python3.12/site-packages/airflow/example_dags/tutorial_dag.py
[2026-06-28T08:08:21.373+0000] {processor.py:830} INFO - Processing file /home/airflow/.local/lib/python3.12/site-packages/airflow/example_dags/tutorial_dag.py for tasks to queue
[2026-06-28T08:08:21.375+0000] {logging_mixin.py:188} INFO - [2026-06-28T08:08:21.375+0000] {dagbag.py:545} INFO - Filling up the DagBag from /home/airflow/.local/lib/python3.12/site-packages/airflow/example_dags/tutorial_dag.py
[2026-06-28T08:08:21.381+0000] {processor.py:840} INFO - DAG(s) 'tutorial_dag' retrieved from /home/airflow/.local/lib/python3.12/site-packages/airflow/example_dags/tutorial_dag.py
[2026-06-28T08:08:21.407+0000] {logging_mixin.py:188} INFO - [2026-06-28T08:08:21.406+0000] {dag.py:3096} INFO - Sync 1 DAGs
[2026-06-28T08:08:21.423+0000] {logging_mixin.py:188} INFO - [2026-06-28T08:08:21.422+0000] {dag.py:3954} INFO - Setting next_dagrun for tutorial_dag to None, run_after=None
[2026-06-28T08:08:21.443+0000] {processor.py:183} INFO - Processing /home/airflow/.local/lib/python3.12/site-packages/airflow/example_dags/tutorial_dag.py took 0.077 seconds
[2026-06-28T08:08:51.804+0000] {processor.py:161} INFO - Started process (PID=2407) to work on /home/airflow/.local/lib/python3.12/site-packages/airflow/example_dags/tutorial_dag.py
[2026-06-28T08:08:51.805+0000] {processor.py:830} INFO - Processing file /home/airflow/.local/lib/python3.12/site-packages/airflow/example_dags/tutorial_dag.py for tasks to queue
[2026-06-28T08:08:51.807+0000] {logging_mixin.py:188} INFO - [2026-06-28T08:08:51.807+0000] {dagbag.py:545} INFO - Filling up the DagBag from /home/airflow/.local/lib/python3.12/site-packages/airflow/example_dags/tutorial_dag.py
[2026-06-28T08:08:51.813+0000] {processor.py:840} INFO - DAG(s) 'tutorial_dag' retrieved from /home/airflow/.local/lib/python3.12/site-packages/airflow/example_dags/tutorial_dag.py
[2026-06-28T08:08:51.837+0000] {logging_mixin.py:188} INFO - [2026-06-28T08:08:51.837+0000] {dag.py:3096} INFO - Sync 1 DAGs
[2026-06-28T08:08:51.853+0000] {logging_mixin.py:188} INFO - [2026-06-28T08:08:51.853+0000] {dag.py:3954} INFO - Setting next_dagrun for tutorial_dag to None, run_after=None
[2026-06-28T08:08:51.875+0000] {processor.py:183} INFO - Processing /home/airflow/.local/lib/python3.12/site-packages/airflow/example_dags/tutorial_dag.py took 0.077 seconds
[2026-06-28T08:09:22.212+0000] {processor.py:161} INFO - Started process (PID=2466) to work on /home/airflow/.local/lib/python3.12/site-packages/airflow/example_dags/tutorial_dag.py
[2026-06-28T08:09:22.213+0000] {processor.py:830} INFO - Processing file /home/airflow/.local/lib/python3.12/site-packages/airflow/example_dags/tutorial_dag.py for tasks to queue
[2026-06-28T08:09:22.215+0000] {logging_mixin.py:188} INFO - [2026-06-28T08:09:22.215+0000] {dagbag.py:545} INFO - Filling up the DagBag from /home/airflow/.local/lib/python3.12/site-packages/airflow/example_dags/tutorial_dag.py
[2026-06-28T08:09:22.221+0000] {processor.py:840} INFO - DAG(s) 'tutorial_dag' retrieved from /home/airflow/.local/lib/python3.12/site-packages/airflow/example_dags/tutorial_dag.py
[2026-06-28T08:09:22.247+0000] {logging_mixin.py:188} INFO - [2026-06-28T08:09:22.246+0000] {dag.py:3096} INFO - Sync 1 DAGs
[2026-06-28T08:09:22.263+0000] {logging_mixin.py:188} INFO - [2026-06-28T08:09:22.262+0000] {dag.py:3954} INFO - Setting next_dagrun for tutorial_dag to None, run_after=None
[2026-06-28T08:09:22.283+0000] {processor.py:183} INFO - Processing /home/airflow/.local/lib/python3.12/site-packages/airflow/example_dags/tutorial_dag.py took 0.077 seconds
[2026-06-28T08:09:52.560+0000] {processor.py:161} INFO - Started process (PID=2525) to work on /home/airflow/.local/lib/python3.12/site-packages/airflow/example_dags/tutorial_dag.py
[2026-06-28T08:09:52.561+0000] {processor.py:830} INFO - Processing file /home/airflow/.local/lib/python3.12/site-packages/airflow/example_dags/tutorial_dag.py for tasks to queue
[2026-06-28T08:09:52.563+0000] {logging_mixin.py:188} INFO - [2026-06-28T08:09:52.562+0000] {dagbag.py:545} INFO - Filling up the DagBag from /home/airflow/.local/lib/python3.12/site-packages/airflow/example_dags/tutorial_dag.py
[2026-06-28T08:09:52.569+0000] {processor.py:840} INFO - DAG(s) 'tutorial_dag' retrieved from /home/airflow/.local/lib/python3.12/site-packages/airflow/example_dags/tutorial_dag.py
[2026-06-28T08:09:52.593+0000] {logging_mixin.py:188} INFO - [2026-06-28T08:09:52.593+0000] {dag.py:3096} INFO - Sync 1 DAGs
[2026-06-28T08:09:52.610+0000] {logging_mixin.py:188} INFO - [2026-06-28T08:09:52.609+0000] {dag.py:3954} INFO - Setting next_dagrun for tutorial_dag to None, run_after=None
[2026-06-28T08:09:52.631+0000] {processor.py:183} INFO - Processing /home/airflow/.local/lib/python3.12/site-packages/airflow/example_dags/tutorial_dag.py took 0.078 seconds
[2026-06-28T08:10:22.963+0000] {processor.py:161} INFO - Started process (PID=2584) to work on /home/airflow/.local/lib/python3.12/site-packages/airflow/example_dags/tutorial_dag.py
[2026-06-28T08:10:22.964+0000] {processor.py:830} INFO - Processing file /home/airflow/.local/lib/python3.12/site-packages/airflow/example_dags/tutorial_dag.py for tasks to queue
[2026-06-28T08:10:22.967+0000] {logging_mixin.py:188} INFO - [2026-06-28T08:10:22.966+0000] {dagbag.py:545} INFO - Filling up the DagBag from /home/airflow/.local/lib/python3.12/site-packages/airflow/example_dags/tutorial_dag.py
[2026-06-28T08:10:22.973+0000] {processor.py:840} INFO - DAG(s) 'tutorial_dag' retrieved from /home/airflow/.local/lib/python3.12/site-packages/airflow/example_dags/tutorial_dag.py
[2026-06-28T08:10:22.999+0000] {logging_mixin.py:188} INFO - [2026-06-28T08:10:22.998+0000] {dag.py:3096} INFO - Sync 1 DAGs
[2026-06-28T08:10:23.015+0000] {logging_mixin.py:188} INFO - [2026-06-28T08:10:23.015+0000] {dag.py:3954} INFO - Setting next_dagrun for tutorial_dag to None, run_after=None
[2026-06-28T08:10:23.059+0000] {processor.py:183} INFO - Processing /home/airflow/.local/lib/python3.12/site-packages/airflow/example_dags/tutorial_dag.py took 0.104 seconds
[2026-06-28T08:10:53.342+0000] {processor.py:161} INFO - Started process (PID=2643) to work on /home/airflow/.local/lib/python3.12/site-packages/airflow/example_dags/tutorial_dag.py
[2026-06-28T08:10:53.343+0000] {processor.py:830} INFO - Processing file /home/airflow/.local/lib/python3.12/site-packages/airflow/example_dags/tutorial_dag.py for tasks to queue
[2026-06-28T08:10:53.345+0000] {logging_mixin.py:188} INFO - [2026-06-28T08:10:53.344+0000] {dagbag.py:545} INFO - Filling up the DagBag from /home/airflow/.local/lib/python3.12/site-packages/airflow/example_dags/tutorial_dag.py
[2026-06-28T08:10:53.351+0000] {processor.py:840} INFO - DAG(s) 'tutorial_dag' retrieved from /home/airflow/.local/lib/python3.12/site-packages/airflow/example_dags/tutorial_dag.py
[2026-06-28T08:10:53.376+0000] {logging_mixin.py:188} INFO - [2026-06-28T08:10:53.376+0000] {dag.py:3096} INFO - Sync 1 DAGs
[2026-06-28T08:10:53.393+0000] {logging_mixin.py:188} INFO - [2026-06-28T08:10:53.393+0000] {dag.py:3954} INFO - Setting next_dagrun for tutorial_dag to None, run_after=None
[2026-06-28T08:10:53.414+0000] {processor.py:183} INFO - Processing /home/airflow/.local/lib/python3.12/site-packages/airflow/example_dags/tutorial_dag.py took 0.078 seconds
[2026-06-28T08:11:23.949+0000] {processor.py:161} INFO - Started process (PID=2702) to work on /home/airflow/.local/lib/python3.12/site-packages/airflow/example_dags/tutorial_dag.py
[2026-06-28T08:11:23.950+0000] {processor.py:830} INFO - Processing file /home/airflow/.local/lib/python3.12/site-packages/airflow/example_dags/tutorial_dag.py for tasks to queue
[2026-06-28T08:11:23.952+0000] {logging_mixin.py:188} INFO - [2026-06-28T08:11:23.951+0000] {dagbag.py:545} INFO - Filling up the DagBag from /home/airflow/.local/lib/python3.12/site-packages/airflow/example_dags/tutorial_dag.py
[2026-06-28T08:11:23.960+0000] {processor.py:840} INFO - DAG(s) 'tutorial_dag' retrieved from /home/airflow/.local/lib/python3.12/site-packages/airflow/example_dags/tutorial_dag.py
[2026-06-28T08:11:24.019+0000] {logging_mixin.py:188} INFO - [2026-06-28T08:11:24.019+0000] {dag.py:3096} INFO - Sync 1 DAGs
[2026-06-28T08:11:24.049+0000] {logging_mixin.py:188} INFO - [2026-06-28T08:11:24.048+0000] {dag.py:3954} INFO - Setting next_dagrun for tutorial_dag to None, run_after=None
[2026-06-28T08:11:24.077+0000] {processor.py:183} INFO - Processing /home/airflow/.local/lib/python3.12/site-packages/airflow/example_dags/tutorial_dag.py took 0.135 seconds
[2026-06-28T08:11:54.903+0000] {processor.py:161} INFO - Started process (PID=2761) to work on /home/airflow/.local/lib/python3.12/site-packages/airflow/example_dags/tutorial_dag.py
[2026-06-28T08:11:54.907+0000] {processor.py:830} INFO - Processing file /home/airflow/.local/lib/python3.12/site-packages/airflow/example_dags/tutorial_dag.py for tasks to queue
[2026-06-28T08:11:54.914+0000] {logging_mixin.py:188} INFO - [2026-06-28T08:11:54.908+0000] {dagbag.py:545} INFO - Filling up the DagBag from /home/airflow/.local/lib/python3.12/site-packages/airflow/example_dags/tutorial_dag.py
[2026-06-28T08:11:54.922+0000] {processor.py:840} INFO - DAG(s) 'tutorial_dag' retrieved from /home/airflow/.local/lib/python3.12/site-packages/airflow/example_dags/tutorial_dag.py
[2026-06-28T08:11:54.945+0000] {logging_mixin.py:188} INFO - [2026-06-28T08:11:54.945+0000] {dag.py:3096} INFO - Sync 1 DAGs
[2026-06-28T08:11:54.962+0000] {logging_mixin.py:188} INFO - [2026-06-28T08:11:54.962+0000] {dag.py:3954} INFO - Setting next_dagrun for tutorial_dag to None, run_after=None
[2026-06-28T08:11:54.982+0000] {processor.py:183} INFO - Processing /home/airflow/.local/lib/python3.12/site-packages/airflow/example_dags/tutorial_dag.py took 0.096 seconds
[2026-06-28T08:12:25.282+0000] {processor.py:161} INFO - Started process (PID=2820) to work on /home/airflow/.local/lib/python3.12/site-packages/airflow/example_dags/tutorial_dag.py
[2026-06-28T08:12:25.283+0000] {processor.py:830} INFO - Processing file /home/airflow/.local/lib/python3.12/site-packages/airflow/example_dags/tutorial_dag.py for tasks to queue
[2026-06-28T08:12:25.285+0000] {logging_mixin.py:188} INFO - [2026-06-28T08:12:25.285+0000] {dagbag.py:545} INFO - Filling up the DagBag from /home/airflow/.local/lib/python3.12/site-packages/airflow/example_dags/tutorial_dag.py
[2026-06-28T08:12:25.292+0000] {processor.py:840} INFO - DAG(s) 'tutorial_dag' retrieved from /home/airflow/.local/lib/python3.12/site-packages/airflow/example_dags/tutorial_dag.py
[2026-06-28T08:12:25.324+0000] {logging_mixin.py:188} INFO - [2026-06-28T08:12:25.323+0000] {dag.py:3096} INFO - Sync 1 DAGs
[2026-06-28T08:12:25.340+0000] {logging_mixin.py:188} INFO - [2026-06-28T08:12:25.340+0000] {dag.py:3954} INFO - Setting next_dagrun for tutorial_dag to None, run_after=None
[2026-06-28T08:12:25.372+0000] {processor.py:183} INFO - Processing /home/airflow/.local/lib/python3.12/site-packages/airflow/example_dags/tutorial_dag.py took 0.104 seconds
[2026-06-28T08:12:55.788+0000] {processor.py:161} INFO - Started process (PID=2879) to work on /home/airflow/.local/lib/python3.12/site-packages/airflow/example_dags/tutorial_dag.py
[2026-06-28T08:12:55.789+0000] {processor.py:830} INFO - Processing file /home/airflow/.local/lib/python3.12/site-packages/airflow/example_dags/tutorial_dag.py for tasks to queue
[2026-06-28T08:12:55.790+0000] {logging_mixin.py:188} INFO - [2026-06-28T08:12:55.790+0000] {dagbag.py:545} INFO - Filling up the DagBag from /home/airflow/.local/lib/python3.12/site-packages/airflow/example_dags/tutorial_dag.py
[2026-06-28T08:12:55.797+0000] {processor.py:840} INFO - DAG(s) 'tutorial_dag' retrieved from /home/airflow/.local/lib/python3.12/site-packages/airflow/example_dags/tutorial_dag.py
[2026-06-28T08:12:55.821+0000] {logging_mixin.py:188} INFO - [2026-06-28T08:12:55.821+0000] {dag.py:3096} INFO - Sync 1 DAGs
[2026-06-28T08:12:55.842+0000] {logging_mixin.py:188} INFO - [2026-06-28T08:12:55.842+0000] {dag.py:3954} INFO - Setting next_dagrun for tutorial_dag to None, run_after=None
[2026-06-28T08:12:55.890+0000] {processor.py:183} INFO - Processing /home/airflow/.local/lib/python3.12/site-packages/airflow/example_dags/tutorial_dag.py took 0.109 seconds
[2026-06-28T08:13:26.088+0000] {processor.py:161} INFO - Started process (PID=2937) to work on /home/airflow/.local/lib/python3.12/site-packages/airflow/example_dags/tutorial_dag.py
[2026-06-28T08:13:26.089+0000] {processor.py:830} INFO - Processing file /home/airflow/.local/lib/python3.12/site-packages/airflow/example_dags/tutorial_dag.py for tasks to queue
[2026-06-28T08:13:26.091+0000] {logging_mixin.py:188} INFO - [2026-06-28T08:13:26.091+0000] {dagbag.py:545} INFO - Filling up the DagBag from /home/airflow/.local/lib/python3.12/site-packages/airflow/example_dags/tutorial_dag.py
[2026-06-28T08:13:26.097+0000] {processor.py:840} INFO - DAG(s) 'tutorial_dag' retrieved from /home/airflow/.local/lib/python3.12/site-packages/airflow/example_dags/tutorial_dag.py
[2026-06-28T08:13:26.122+0000] {logging_mixin.py:188} INFO - [2026-06-28T08:13:26.121+0000] {dag.py:3096} INFO - Sync 1 DAGs
[2026-06-28T08:13:26.138+0000] {logging_mixin.py:188} INFO - [2026-06-28T08:13:26.138+0000] {dag.py:3954} INFO - Setting next_dagrun for tutorial_dag to None, run_after=None
[2026-06-28T08:13:26.158+0000] {processor.py:183} INFO - Processing /home/airflow/.local/lib/python3.12/site-packages/airflow/example_dags/tutorial_dag.py took 0.076 seconds
[2026-06-28T08:13:56.502+0000] {processor.py:161} INFO - Started process (PID=2996) to work on /home/airflow/.local/lib/python3.12/site-packages/airflow/example_dags/tutorial_dag.py
[2026-06-28T08:13:56.503+0000] {processor.py:830} INFO - Processing file /home/airflow/.local/lib/python3.12/site-packages/airflow/example_dags/tutorial_dag.py for tasks to queue
[2026-06-28T08:13:56.505+0000] {logging_mixin.py:188} INFO - [2026-06-28T08:13:56.505+0000] {dagbag.py:545} INFO - Filling up the DagBag from /home/airflow/.local/lib/python3.12/site-packages/airflow/example_dags/tutorial_dag.py
[2026-06-28T08:13:56.513+0000] {processor.py:840} INFO - DAG(s) 'tutorial_dag' retrieved from /home/airflow/.local/lib/python3.12/site-packages/airflow/example_dags/tutorial_dag.py
[2026-06-28T08:13:56.569+0000] {logging_mixin.py:188} INFO - [2026-06-28T08:13:56.569+0000] {dag.py:3096} INFO - Sync 1 DAGs
[2026-06-28T08:13:56.610+0000] {logging_mixin.py:188} INFO - [2026-06-28T08:13:56.610+0000] {dag.py:3954} INFO - Setting next_dagrun for tutorial_dag to None, run_after=None
[2026-06-28T08:13:56.662+0000] {processor.py:183} INFO - Processing /home/airflow/.local/lib/python3.12/site-packages/airflow/example_dags/tutorial_dag.py took 0.174 seconds
[2026-06-28T08:14:27.076+0000] {processor.py:161} INFO - Started process (PID=3054) to work on /home/airflow/.local/lib/python3.12/site-packages/airflow/example_dags/tutorial_dag.py
[2026-06-28T08:14:27.077+0000] {processor.py:830} INFO - Processing file /home/airflow/.local/lib/python3.12/site-packages/airflow/example_dags/tutorial_dag.py for tasks to queue
[2026-06-28T08:14:27.079+0000] {logging_mixin.py:188} INFO - [2026-06-28T08:14:27.079+0000] {dagbag.py:545} INFO - Filling up the DagBag from /home/airflow/.local/lib/python3.12/site-packages/airflow/example_dags/tutorial_dag.py
[2026-06-28T08:14:27.086+0000] {processor.py:840} INFO - DAG(s) 'tutorial_dag' retrieved from /home/airflow/.local/lib/python3.12/site-packages/airflow/example_dags/tutorial_dag.py
[2026-06-28T08:14:27.109+0000] {logging_mixin.py:188} INFO - [2026-06-28T08:14:27.109+0000] {dag.py:3096} INFO - Sync 1 DAGs
[2026-06-28T08:14:27.127+0000] {logging_mixin.py:188} INFO - [2026-06-28T08:14:27.126+0000] {dag.py:3954} INFO - Setting next_dagrun for tutorial_dag to None, run_after=None
[2026-06-28T08:14:27.162+0000] {processor.py:183} INFO - Processing /home/airflow/.local/lib/python3.12/site-packages/airflow/example_dags/tutorial_dag.py took 0.104 seconds
[2026-06-28T08:14:57.518+0000] {processor.py:161} INFO - Started process (PID=3113) to work on /home/airflow/.local/lib/python3.12/site-packages/airflow/example_dags/tutorial_dag.py
[2026-06-28T08:14:57.519+0000] {processor.py:830} INFO - Processing file /home/airflow/.local/lib/python3.12/site-packages/airflow/example_dags/tutorial_dag.py for tasks to queue
[2026-06-28T08:14:57.521+0000] {logging_mixin.py:188} INFO - [2026-06-28T08:14:57.521+0000] {dagbag.py:545} INFO - Filling up the DagBag from /home/airflow/.local/lib/python3.12/site-packages/airflow/example_dags/tutorial_dag.py
[2026-06-28T08:14:57.527+0000] {processor.py:840} INFO - DAG(s) 'tutorial_dag' retrieved from /home/airflow/.local/lib/python3.12/site-packages/airflow/example_dags/tutorial_dag.py
[2026-06-28T08:14:57.553+0000] {logging_mixin.py:188} INFO - [2026-06-28T08:14:57.553+0000] {dag.py:3096} INFO - Sync 1 DAGs
[2026-06-28T08:14:57.570+0000] {logging_mixin.py:188} INFO - [2026-06-28T08:14:57.570+0000] {dag.py:3954} INFO - Setting next_dagrun for tutorial_dag to None, run_after=None
[2026-06-28T08:14:57.610+0000] {processor.py:183} INFO - Processing /home/airflow/.local/lib/python3.12/site-packages/airflow/example_dags/tutorial_dag.py took 0.098 seconds
[2026-06-28T08:15:27.896+0000] {processor.py:161} INFO - Started process (PID=3172) to work on /home/airflow/.local/lib/python3.12/site-packages/airflow/example_dags/tutorial_dag.py
[2026-06-28T08:15:27.897+0000] {processor.py:830} INFO - Processing file /home/airflow/.local/lib/python3.12/site-packages/airflow/example_dags/tutorial_dag.py for tasks to queue
[2026-06-28T08:15:27.899+0000] {logging_mixin.py:188} INFO - [2026-06-28T08:15:27.899+0000] {dagbag.py:545} INFO - Filling up the DagBag from /home/airflow/.local/lib/python3.12/site-packages/airflow/example_dags/tutorial_dag.py
[2026-06-28T08:15:27.905+0000] {processor.py:840} INFO - DAG(s) 'tutorial_dag' retrieved from /home/airflow/.local/lib/python3.12/site-packages/airflow/example_dags/tutorial_dag.py
[2026-06-28T08:15:27.930+0000] {logging_mixin.py:188} INFO - [2026-06-28T08:15:27.929+0000] {dag.py:3096} INFO - Sync 1 DAGs
[2026-06-28T08:15:27.946+0000] {logging_mixin.py:188} INFO - [2026-06-28T08:15:27.946+0000] {dag.py:3954} INFO - Setting next_dagrun for tutorial_dag to None, run_after=None
[2026-06-28T08:15:27.967+0000] {processor.py:183} INFO - Processing /home/airflow/.local/lib/python3.12/site-packages/airflow/example_dags/tutorial_dag.py took 0.078 seconds
[2026-06-28T08:15:58.297+0000] {processor.py:161} INFO - Started process (PID=3231) to work on /home/airflow/.local/lib/python3.12/site-packages/airflow/example_dags/tutorial_dag.py
[2026-06-28T08:15:58.298+0000] {processor.py:830} INFO - Processing file /home/airflow/.local/lib/python3.12/site-packages/airflow/example_dags/tutorial_dag.py for tasks to queue
[2026-06-28T08:15:58.300+0000] {logging_mixin.py:188} INFO - [2026-06-28T08:15:58.300+0000] {dagbag.py:545} INFO - Filling up the DagBag from /home/airflow/.local/lib/python3.12/site-packages/airflow/example_dags/tutorial_dag.py
[2026-06-28T08:15:58.306+0000] {processor.py:840} INFO - DAG(s) 'tutorial_dag' retrieved from /home/airflow/.local/lib/python3.12/site-packages/airflow/example_dags/tutorial_dag.py
[2026-06-28T08:15:58.331+0000] {logging_mixin.py:188} INFO - [2026-06-28T08:15:58.330+0000] {dag.py:3096} INFO - Sync 1 DAGs
[2026-06-28T08:15:58.347+0000] {logging_mixin.py:188} INFO - [2026-06-28T08:15:58.347+0000] {dag.py:3954} INFO - Setting next_dagrun for tutorial_dag to None, run_after=None
[2026-06-28T08:15:58.369+0000] {processor.py:183} INFO - Processing /home/airflow/.local/lib/python3.12/site-packages/airflow/example_dags/tutorial_dag.py took 0.079 seconds
[2026-06-28T08:16:28.675+0000] {processor.py:161} INFO - Started process (PID=3290) to work on /home/airflow/.local/lib/python3.12/site-packages/airflow/example_dags/tutorial_dag.py
[2026-06-28T08:16:28.676+0000] {processor.py:830} INFO - Processing file /home/airflow/.local/lib/python3.12/site-packages/airflow/example_dags/tutorial_dag.py for tasks to queue
[2026-06-28T08:16:28.678+0000] {logging_mixin.py:188} INFO - [2026-06-28T08:16:28.678+0000] {dagbag.py:545} INFO - Filling up the DagBag from /home/airflow/.local/lib/python3.12/site-packages/airflow/example_dags/tutorial_dag.py
[2026-06-28T08:16:28.684+0000] {processor.py:840} INFO - DAG(s) 'tutorial_dag' retrieved from /home/airflow/.local/lib/python3.12/site-packages/airflow/example_dags/tutorial_dag.py
[2026-06-28T08:16:28.708+0000] {logging_mixin.py:188} INFO - [2026-06-28T08:16:28.708+0000] {dag.py:3096} INFO - Sync 1 DAGs
[2026-06-28T08:16:28.725+0000] {logging_mixin.py:188} INFO - [2026-06-28T08:16:28.725+0000] {dag.py:3954} INFO - Setting next_dagrun for tutorial_dag to None, run_after=None
[2026-06-28T08:16:28.745+0000] {processor.py:183} INFO - Processing /home/airflow/.local/lib/python3.12/site-packages/airflow/example_dags/tutorial_dag.py took 0.077 seconds
[2026-06-28T08:16:58.840+0000] {processor.py:161} INFO - Started process (PID=3349) to work on /home/airflow/.local/lib/python3.12/site-packages/airflow/example_dags/tutorial_dag.py
[2026-06-28T08:16:58.841+0000] {processor.py:830} INFO - Processing file /home/airflow/.local/lib/python3.12/site-packages/airflow/example_dags/tutorial_dag.py for tasks to queue
[2026-06-28T08:16:58.843+0000] {logging_mixin.py:188} INFO - [2026-06-28T08:16:58.842+0000] {dagbag.py:545} INFO - Filling up the DagBag from /home/airflow/.local/lib/python3.12/site-packages/airflow/example_dags/tutorial_dag.py
[2026-06-28T08:16:58.853+0000] {processor.py:840} INFO - DAG(s) 'tutorial_dag' retrieved from /home/airflow/.local/lib/python3.12/site-packages/airflow/example_dags/tutorial_dag.py
[2026-06-28T08:16:58.883+0000] {logging_mixin.py:188} INFO - [2026-06-28T08:16:58.882+0000] {dag.py:3096} INFO - Sync 1 DAGs
[2026-06-28T08:16:58.900+0000] {logging_mixin.py:188} INFO - [2026-06-28T08:16:58.899+0000] {dag.py:3954} INFO - Setting next_dagrun for tutorial_dag to None, run_after=None
[2026-06-28T08:16:58.921+0000] {processor.py:183} INFO - Processing /home/airflow/.local/lib/python3.12/site-packages/airflow/example_dags/tutorial_dag.py took 0.088 seconds
[2026-06-28T08:17:29.635+0000] {processor.py:161} INFO - Started process (PID=3408) to work on /home/airflow/.local/lib/python3.12/site-packages/airflow/example_dags/tutorial_dag.py
[2026-06-28T08:17:29.635+0000] {processor.py:830} INFO - Processing file /home/airflow/.local/lib/python3.12/site-packages/airflow/example_dags/tutorial_dag.py for tasks to queue
[2026-06-28T08:17:29.637+0000] {logging_mixin.py:188} INFO - [2026-06-28T08:17:29.637+0000] {dagbag.py:545} INFO - Filling up the DagBag from /home/airflow/.local/lib/python3.12/site-packages/airflow/example_dags/tutorial_dag.py
[2026-06-28T08:17:29.642+0000] {processor.py:840} INFO - DAG(s) 'tutorial_dag' retrieved from /home/airflow/.local/lib/python3.12/site-packages/airflow/example_dags/tutorial_dag.py
[2026-06-28T08:17:29.660+0000] {logging_mixin.py:188} INFO - [2026-06-28T08:17:29.660+0000] {dag.py:3096} INFO - Sync 1 DAGs
[2026-06-28T08:17:29.672+0000] {logging_mixin.py:188} INFO - [2026-06-28T08:17:29.671+0000] {dag.py:3954} INFO - Setting next_dagrun for tutorial_dag to None, run_after=None
[2026-06-28T08:17:29.690+0000] {processor.py:183} INFO - Processing /home/airflow/.local/lib/python3.12/site-packages/airflow/example_dags/tutorial_dag.py took 0.061 seconds
[2026-06-28T08:18:00.092+0000] {processor.py:161} INFO - Started process (PID=3466) to work on /home/airflow/.local/lib/python3.12/site-packages/airflow/example_dags/tutorial_dag.py
[2026-06-28T08:18:00.092+0000] {processor.py:830} INFO - Processing file /home/airflow/.local/lib/python3.12/site-packages/airflow/example_dags/tutorial_dag.py for tasks to queue
[2026-06-28T08:18:00.095+0000] {logging_mixin.py:188} INFO - [2026-06-28T08:18:00.094+0000] {dagbag.py:545} INFO - Filling up the DagBag from /home/airflow/.local/lib/python3.12/site-packages/airflow/example_dags/tutorial_dag.py
[2026-06-28T08:18:00.101+0000] {processor.py:840} INFO - DAG(s) 'tutorial_dag' retrieved from /home/airflow/.local/lib/python3.12/site-packages/airflow/example_dags/tutorial_dag.py
[2026-06-28T08:18:00.127+0000] {logging_mixin.py:188} INFO - [2026-06-28T08:18:00.127+0000] {dag.py:3096} INFO - Sync 1 DAGs
[2026-06-28T08:18:00.144+0000] {logging_mixin.py:188} INFO - [2026-06-28T08:18:00.144+0000] {dag.py:3954} INFO - Setting next_dagrun for tutorial_dag to None, run_after=None
[2026-06-28T08:18:00.165+0000] {processor.py:183} INFO - Processing /home/airflow/.local/lib/python3.12/site-packages/airflow/example_dags/tutorial_dag.py took 0.081 seconds
[2026-06-28T08:23:05.622+0000] {processor.py:161} INFO - Started process (PID=102) to work on /home/airflow/.local/lib/python3.12/site-packages/airflow/example_dags/tutorial_dag.py
[2026-06-28T08:23:05.637+0000] {processor.py:830} INFO - Processing file /home/airflow/.local/lib/python3.12/site-packages/airflow/example_dags/tutorial_dag.py for tasks to queue
[2026-06-28T08:23:05.648+0000] {logging_mixin.py:188} INFO - [2026-06-28T08:23:05.648+0000] {dagbag.py:545} INFO - Filling up the DagBag from /home/airflow/.local/lib/python3.12/site-packages/airflow/example_dags/tutorial_dag.py
[2026-06-28T08:23:05.688+0000] {processor.py:840} INFO - DAG(s) 'tutorial_dag' retrieved from /home/airflow/.local/lib/python3.12/site-packages/airflow/example_dags/tutorial_dag.py
[2026-06-28T08:23:05.760+0000] {logging_mixin.py:188} INFO - [2026-06-28T08:23:05.759+0000] {dag.py:3096} INFO - Sync 1 DAGs
[2026-06-28T08:23:05.813+0000] {logging_mixin.py:188} INFO - [2026-06-28T08:23:05.812+0000] {dag.py:3954} INFO - Setting next_dagrun for tutorial_dag to None, run_after=None
[2026-06-28T08:23:05.855+0000] {processor.py:183} INFO - Processing /home/airflow/.local/lib/python3.12/site-packages/airflow/example_dags/tutorial_dag.py took 0.251 seconds
[2026-06-28T08:23:36.207+0000] {processor.py:161} INFO - Started process (PID=161) to work on /home/airflow/.local/lib/python3.12/site-packages/airflow/example_dags/tutorial_dag.py
[2026-06-28T08:23:36.208+0000] {processor.py:830} INFO - Processing file /home/airflow/.local/lib/python3.12/site-packages/airflow/example_dags/tutorial_dag.py for tasks to queue
[2026-06-28T08:23:36.210+0000] {logging_mixin.py:188} INFO - [2026-06-28T08:23:36.210+0000] {dagbag.py:545} INFO - Filling up the DagBag from /home/airflow/.local/lib/python3.12/site-packages/airflow/example_dags/tutorial_dag.py
[2026-06-28T08:23:36.217+0000] {processor.py:840} INFO - DAG(s) 'tutorial_dag' retrieved from /home/airflow/.local/lib/python3.12/site-packages/airflow/example_dags/tutorial_dag.py
[2026-06-28T08:23:36.240+0000] {logging_mixin.py:188} INFO - [2026-06-28T08:23:36.240+0000] {dag.py:3096} INFO - Sync 1 DAGs
[2026-06-28T08:23:36.261+0000] {logging_mixin.py:188} INFO - [2026-06-28T08:23:36.260+0000] {dag.py:3954} INFO - Setting next_dagrun for tutorial_dag to None, run_after=None
[2026-06-28T08:23:36.281+0000] {processor.py:183} INFO - Processing /home/airflow/.local/lib/python3.12/site-packages/airflow/example_dags/tutorial_dag.py took 0.081 seconds
[2026-06-28T08:24:06.576+0000] {processor.py:161} INFO - Started process (PID=220) to work on /home/airflow/.local/lib/python3.12/site-packages/airflow/example_dags/tutorial_dag.py
[2026-06-28T08:24:06.581+0000] {processor.py:830} INFO - Processing file /home/airflow/.local/lib/python3.12/site-packages/airflow/example_dags/tutorial_dag.py for tasks to queue
[2026-06-28T08:24:06.585+0000] {logging_mixin.py:188} INFO - [2026-06-28T08:24:06.582+0000] {dagbag.py:545} INFO - Filling up the DagBag from /home/airflow/.local/lib/python3.12/site-packages/airflow/example_dags/tutorial_dag.py
[2026-06-28T08:24:06.599+0000] {processor.py:840} INFO - DAG(s) 'tutorial_dag' retrieved from /home/airflow/.local/lib/python3.12/site-packages/airflow/example_dags/tutorial_dag.py
[2026-06-28T08:24:06.614+0000] {logging_mixin.py:188} INFO - [2026-06-28T08:24:06.614+0000] {dag.py:3096} INFO - Sync 1 DAGs
[2026-06-28T08:24:06.646+0000] {logging_mixin.py:188} INFO - [2026-06-28T08:24:06.645+0000] {dag.py:3954} INFO - Setting next_dagrun for tutorial_dag to None, run_after=None
[2026-06-28T08:24:06.682+0000] {processor.py:183} INFO - Processing /home/airflow/.local/lib/python3.12/site-packages/airflow/example_dags/tutorial_dag.py took 0.118 seconds
[2026-06-28T08:24:41.099+0000] {processor.py:161} INFO - Started process (PID=279) to work on /home/airflow/.local/lib/python3.12/site-packages/airflow/example_dags/tutorial_dag.py
[2026-06-28T08:24:41.101+0000] {processor.py:830} INFO - Processing file /home/airflow/.local/lib/python3.12/site-packages/airflow/example_dags/tutorial_dag.py for tasks to queue
[2026-06-28T08:24:41.103+0000] {logging_mixin.py:188} INFO - [2026-06-28T08:24:41.102+0000] {dagbag.py:545} INFO - Filling up the DagBag from /home/airflow/.local/lib/python3.12/site-packages/airflow/example_dags/tutorial_dag.py
[2026-06-28T08:24:41.110+0000] {processor.py:840} INFO - DAG(s) 'tutorial_dag' retrieved from /home/airflow/.local/lib/python3.12/site-packages/airflow/example_dags/tutorial_dag.py
[2026-06-28T08:24:41.352+0000] {logging_mixin.py:188} INFO - [2026-06-28T08:24:41.352+0000] {dag.py:3096} INFO - Sync 1 DAGs
[2026-06-28T08:24:41.401+0000] {logging_mixin.py:188} INFO - [2026-06-28T08:24:41.396+0000] {dag.py:3954} INFO - Setting next_dagrun for tutorial_dag to None, run_after=None
[2026-06-28T08:24:41.435+0000] {processor.py:183} INFO - Processing /home/airflow/.local/lib/python3.12/site-packages/airflow/example_dags/tutorial_dag.py took 0.376 seconds
[2026-06-28T08:25:12.152+0000] {processor.py:161} INFO - Started process (PID=338) to work on /home/airflow/.local/lib/python3.12/site-packages/airflow/example_dags/tutorial_dag.py
[2026-06-28T08:25:12.157+0000] {processor.py:830} INFO - Processing file /home/airflow/.local/lib/python3.12/site-packages/airflow/example_dags/tutorial_dag.py for tasks to queue
[2026-06-28T08:25:12.161+0000] {logging_mixin.py:188} INFO - [2026-06-28T08:25:12.161+0000] {dagbag.py:545} INFO - Filling up the DagBag from /home/airflow/.local/lib/python3.12/site-packages/airflow/example_dags/tutorial_dag.py
[2026-06-28T08:25:12.172+0000] {processor.py:840} INFO - DAG(s) 'tutorial_dag' retrieved from /home/airflow/.local/lib/python3.12/site-packages/airflow/example_dags/tutorial_dag.py
[2026-06-28T08:25:12.222+0000] {logging_mixin.py:188} INFO - [2026-06-28T08:25:12.222+0000] {dag.py:3096} INFO - Sync 1 DAGs
[2026-06-28T08:25:12.243+0000] {logging_mixin.py:188} INFO - [2026-06-28T08:25:12.243+0000] {dag.py:3954} INFO - Setting next_dagrun for tutorial_dag to None, run_after=None
[2026-06-28T08:25:12.274+0000] {processor.py:183} INFO - Processing /home/airflow/.local/lib/python3.12/site-packages/airflow/example_dags/tutorial_dag.py took 0.164 seconds
[2026-06-28T08:25:42.470+0000] {processor.py:161} INFO - Started process (PID=397) to work on /home/airflow/.local/lib/python3.12/site-packages/airflow/example_dags/tutorial_dag.py
[2026-06-28T08:25:42.471+0000] {processor.py:830} INFO - Processing file /home/airflow/.local/lib/python3.12/site-packages/airflow/example_dags/tutorial_dag.py for tasks to queue
[2026-06-28T08:25:42.473+0000] {logging_mixin.py:188} INFO - [2026-06-28T08:25:42.473+0000] {dagbag.py:545} INFO - Filling up the DagBag from /home/airflow/.local/lib/python3.12/site-packages/airflow/example_dags/tutorial_dag.py
[2026-06-28T08:25:42.480+0000] {processor.py:840} INFO - DAG(s) 'tutorial_dag' retrieved from /home/airflow/.local/lib/python3.12/site-packages/airflow/example_dags/tutorial_dag.py
[2026-06-28T08:25:42.503+0000] {logging_mixin.py:188} INFO - [2026-06-28T08:25:42.502+0000] {dag.py:3096} INFO - Sync 1 DAGs
[2026-06-28T08:25:42.532+0000] {logging_mixin.py:188} INFO - [2026-06-28T08:25:42.532+0000] {dag.py:3954} INFO - Setting next_dagrun for tutorial_dag to None, run_after=None
[2026-06-28T08:25:42.555+0000] {processor.py:183} INFO - Processing /home/airflow/.local/lib/python3.12/site-packages/airflow/example_dags/tutorial_dag.py took 0.094 seconds
[2026-06-28T08:26:12.610+0000] {processor.py:161} INFO - Started process (PID=456) to work on /home/airflow/.local/lib/python3.12/site-packages/airflow/example_dags/tutorial_dag.py
[2026-06-28T08:26:12.611+0000] {processor.py:830} INFO - Processing file /home/airflow/.local/lib/python3.12/site-packages/airflow/example_dags/tutorial_dag.py for tasks to queue
[2026-06-28T08:26:12.613+0000] {logging_mixin.py:188} INFO - [2026-06-28T08:26:12.613+0000] {dagbag.py:545} INFO - Filling up the DagBag from /home/airflow/.local/lib/python3.12/site-packages/airflow/example_dags/tutorial_dag.py
[2026-06-28T08:26:12.619+0000] {processor.py:840} INFO - DAG(s) 'tutorial_dag' retrieved from /home/airflow/.local/lib/python3.12/site-packages/airflow/example_dags/tutorial_dag.py
[2026-06-28T08:26:12.642+0000] {logging_mixin.py:188} INFO - [2026-06-28T08:26:12.642+0000] {dag.py:3096} INFO - Sync 1 DAGs
[2026-06-28T08:26:12.659+0000] {logging_mixin.py:188} INFO - [2026-06-28T08:26:12.659+0000] {dag.py:3954} INFO - Setting next_dagrun for tutorial_dag to None, run_after=None
[2026-06-28T08:26:12.679+0000] {processor.py:183} INFO - Processing /home/airflow/.local/lib/python3.12/site-packages/airflow/example_dags/tutorial_dag.py took 0.076 seconds
[2026-06-28T08:26:42.974+0000] {processor.py:161} INFO - Started process (PID=514) to work on /home/airflow/.local/lib/python3.12/site-packages/airflow/example_dags/tutorial_dag.py
[2026-06-28T08:26:42.975+0000] {processor.py:830} INFO - Processing file /home/airflow/.local/lib/python3.12/site-packages/airflow/example_dags/tutorial_dag.py for tasks to queue
[2026-06-28T08:26:42.977+0000] {logging_mixin.py:188} INFO - [2026-06-28T08:26:42.977+0000] {dagbag.py:545} INFO - Filling up the DagBag from /home/airflow/.local/lib/python3.12/site-packages/airflow/example_dags/tutorial_dag.py
[2026-06-28T08:26:42.996+0000] {processor.py:840} INFO - DAG(s) 'tutorial_dag' retrieved from /home/airflow/.local/lib/python3.12/site-packages/airflow/example_dags/tutorial_dag.py
[2026-06-28T08:26:43.035+0000] {logging_mixin.py:188} INFO - [2026-06-28T08:26:43.035+0000] {dag.py:3096} INFO - Sync 1 DAGs
[2026-06-28T08:26:43.052+0000] {logging_mixin.py:188} INFO - [2026-06-28T08:26:43.052+0000] {dag.py:3954} INFO - Setting next_dagrun for tutorial_dag to None, run_after=None
[2026-06-28T08:26:43.073+0000] {processor.py:183} INFO - Processing /home/airflow/.local/lib/python3.12/site-packages/airflow/example_dags/tutorial_dag.py took 0.105 seconds
[2026-06-28T08:27:13.705+0000] {processor.py:161} INFO - Started process (PID=573) to work on /home/airflow/.local/lib/python3.12/site-packages/airflow/example_dags/tutorial_dag.py
[2026-06-28T08:27:13.706+0000] {processor.py:830} INFO - Processing file /home/airflow/.local/lib/python3.12/site-packages/airflow/example_dags/tutorial_dag.py for tasks to queue
[2026-06-28T08:27:13.707+0000] {logging_mixin.py:188} INFO - [2026-06-28T08:27:13.707+0000] {dagbag.py:545} INFO - Filling up the DagBag from /home/airflow/.local/lib/python3.12/site-packages/airflow/example_dags/tutorial_dag.py
[2026-06-28T08:27:13.712+0000] {processor.py:840} INFO - DAG(s) 'tutorial_dag' retrieved from /home/airflow/.local/lib/python3.12/site-packages/airflow/example_dags/tutorial_dag.py
[2026-06-28T08:27:13.729+0000] {logging_mixin.py:188} INFO - [2026-06-28T08:27:13.729+0000] {dag.py:3096} INFO - Sync 1 DAGs
[2026-06-28T08:27:13.740+0000] {logging_mixin.py:188} INFO - [2026-06-28T08:27:13.740+0000] {dag.py:3954} INFO - Setting next_dagrun for tutorial_dag to None, run_after=None
[2026-06-28T08:27:13.758+0000] {processor.py:183} INFO - Processing /home/airflow/.local/lib/python3.12/site-packages/airflow/example_dags/tutorial_dag.py took 0.058 seconds
[2026-06-28T08:27:44.960+0000] {processor.py:161} INFO - Started process (PID=632) to work on /home/airflow/.local/lib/python3.12/site-packages/airflow/example_dags/tutorial_dag.py
[2026-06-28T08:27:44.961+0000] {processor.py:830} INFO - Processing file /home/airflow/.local/lib/python3.12/site-packages/airflow/example_dags/tutorial_dag.py for tasks to queue
[2026-06-28T08:27:44.963+0000] {logging_mixin.py:188} INFO - [2026-06-28T08:27:44.963+0000] {dagbag.py:545} INFO - Filling up the DagBag from /home/airflow/.local/lib/python3.12/site-packages/airflow/example_dags/tutorial_dag.py
[2026-06-28T08:27:44.969+0000] {processor.py:840} INFO - DAG(s) 'tutorial_dag' retrieved from /home/airflow/.local/lib/python3.12/site-packages/airflow/example_dags/tutorial_dag.py
[2026-06-28T08:27:44.996+0000] {logging_mixin.py:188} INFO - [2026-06-28T08:27:44.996+0000] {dag.py:3096} INFO - Sync 1 DAGs
[2026-06-28T08:27:45.013+0000] {logging_mixin.py:188} INFO - [2026-06-28T08:27:45.013+0000] {dag.py:3954} INFO - Setting next_dagrun for tutorial_dag to None, run_after=None
[2026-06-28T08:27:45.038+0000] {processor.py:183} INFO - Processing /home/airflow/.local/lib/python3.12/site-packages/airflow/example_dags/tutorial_dag.py took 0.086 seconds
[2026-06-28T08:28:15.529+0000] {processor.py:161} INFO - Started process (PID=691) to work on /home/airflow/.local/lib/python3.12/site-packages/airflow/example_dags/tutorial_dag.py
[2026-06-28T08:28:15.532+0000] {processor.py:830} INFO - Processing file /home/airflow/.local/lib/python3.12/site-packages/airflow/example_dags/tutorial_dag.py for tasks to queue
[2026-06-28T08:28:15.538+0000] {logging_mixin.py:188} INFO - [2026-06-28T08:28:15.538+0000] {dagbag.py:545} INFO - Filling up the DagBag from /home/airflow/.local/lib/python3.12/site-packages/airflow/example_dags/tutorial_dag.py
[2026-06-28T08:28:15.549+0000] {processor.py:840} INFO - DAG(s) 'tutorial_dag' retrieved from /home/airflow/.local/lib/python3.12/site-packages/airflow/example_dags/tutorial_dag.py
[2026-06-28T08:28:15.591+0000] {logging_mixin.py:188} INFO - [2026-06-28T08:28:15.591+0000] {dag.py:3096} INFO - Sync 1 DAGs
[2026-06-28T08:28:15.613+0000] {logging_mixin.py:188} INFO - [2026-06-28T08:28:15.613+0000] {dag.py:3954} INFO - Setting next_dagrun for tutorial_dag to None, run_after=None
[2026-06-28T08:28:15.653+0000] {processor.py:183} INFO - Processing /home/airflow/.local/lib/python3.12/site-packages/airflow/example_dags/tutorial_dag.py took 0.146 seconds
[2026-06-28T08:31:19.482+0000] {processor.py:161} INFO - Started process (PID=114) to work on /home/airflow/.local/lib/python3.12/site-packages/airflow/example_dags/tutorial_dag.py
[2026-06-28T08:31:19.491+0000] {processor.py:830} INFO - Processing file /home/airflow/.local/lib/python3.12/site-packages/airflow/example_dags/tutorial_dag.py for tasks to queue
[2026-06-28T08:31:19.497+0000] {logging_mixin.py:188} INFO - [2026-06-28T08:31:19.497+0000] {dagbag.py:545} INFO - Filling up the DagBag from /home/airflow/.local/lib/python3.12/site-packages/airflow/example_dags/tutorial_dag.py
[2026-06-28T08:31:19.544+0000] {processor.py:840} INFO - DAG(s) 'tutorial_dag' retrieved from /home/airflow/.local/lib/python3.12/site-packages/airflow/example_dags/tutorial_dag.py
[2026-06-28T08:31:20.141+0000] {logging_mixin.py:188} INFO - [2026-06-28T08:31:20.141+0000] {dag.py:3096} INFO - Sync 1 DAGs
[2026-06-28T08:31:20.200+0000] {logging_mixin.py:188} INFO - [2026-06-28T08:31:20.200+0000] {dag.py:3954} INFO - Setting next_dagrun for tutorial_dag to None, run_after=None
[2026-06-28T08:31:20.283+0000] {processor.py:183} INFO - Processing /home/airflow/.local/lib/python3.12/site-packages/airflow/example_dags/tutorial_dag.py took 0.821 seconds
[2026-06-28T08:31:50.942+0000] {processor.py:161} INFO - Started process (PID=173) to work on /home/airflow/.local/lib/python3.12/site-packages/airflow/example_dags/tutorial_dag.py
[2026-06-28T08:31:50.948+0000] {processor.py:830} INFO - Processing file /home/airflow/.local/lib/python3.12/site-packages/airflow/example_dags/tutorial_dag.py for tasks to queue
[2026-06-28T08:31:50.960+0000] {logging_mixin.py:188} INFO - [2026-06-28T08:31:50.960+0000] {dagbag.py:545} INFO - Filling up the DagBag from /home/airflow/.local/lib/python3.12/site-packages/airflow/example_dags/tutorial_dag.py
[2026-06-28T08:31:51.005+0000] {processor.py:840} INFO - DAG(s) 'tutorial_dag' retrieved from /home/airflow/.local/lib/python3.12/site-packages/airflow/example_dags/tutorial_dag.py
[2026-06-28T08:31:51.064+0000] {logging_mixin.py:188} INFO - [2026-06-28T08:31:51.062+0000] {dag.py:3096} INFO - Sync 1 DAGs
[2026-06-28T08:31:51.108+0000] {logging_mixin.py:188} INFO - [2026-06-28T08:31:51.108+0000] {dag.py:3954} INFO - Setting next_dagrun for tutorial_dag to None, run_after=None
[2026-06-28T08:31:51.176+0000] {processor.py:183} INFO - Processing /home/airflow/.local/lib/python3.12/site-packages/airflow/example_dags/tutorial_dag.py took 0.262 seconds
[2026-06-28T08:32:22.053+0000] {processor.py:161} INFO - Started process (PID=232) to work on /home/airflow/.local/lib/python3.12/site-packages/airflow/example_dags/tutorial_dag.py
[2026-06-28T08:32:22.054+0000] {processor.py:830} INFO - Processing file /home/airflow/.local/lib/python3.12/site-packages/airflow/example_dags/tutorial_dag.py for tasks to queue
[2026-06-28T08:32:22.056+0000] {logging_mixin.py:188} INFO - [2026-06-28T08:32:22.056+0000] {dagbag.py:545} INFO - Filling up the DagBag from /home/airflow/.local/lib/python3.12/site-packages/airflow/example_dags/tutorial_dag.py
[2026-06-28T08:32:22.063+0000] {processor.py:840} INFO - DAG(s) 'tutorial_dag' retrieved from /home/airflow/.local/lib/python3.12/site-packages/airflow/example_dags/tutorial_dag.py
[2026-06-28T08:32:22.089+0000] {logging_mixin.py:188} INFO - [2026-06-28T08:32:22.089+0000] {dag.py:3096} INFO - Sync 1 DAGs
[2026-06-28T08:32:22.106+0000] {logging_mixin.py:188} INFO - [2026-06-28T08:32:22.105+0000] {dag.py:3954} INFO - Setting next_dagrun for tutorial_dag to None, run_after=None
[2026-06-28T08:32:22.126+0000] {processor.py:183} INFO - Processing /home/airflow/.local/lib/python3.12/site-packages/airflow/example_dags/tutorial_dag.py took 0.080 seconds
[2026-06-28T08:32:52.415+0000] {processor.py:161} INFO - Started process (PID=291) to work on /home/airflow/.local/lib/python3.12/site-packages/airflow/example_dags/tutorial_dag.py
[2026-06-28T08:32:52.421+0000] {processor.py:830} INFO - Processing file /home/airflow/.local/lib/python3.12/site-packages/airflow/example_dags/tutorial_dag.py for tasks to queue
[2026-06-28T08:32:52.427+0000] {logging_mixin.py:188} INFO - [2026-06-28T08:32:52.427+0000] {dagbag.py:545} INFO - Filling up the DagBag from /home/airflow/.local/lib/python3.12/site-packages/airflow/example_dags/tutorial_dag.py
[2026-06-28T08:32:52.447+0000] {processor.py:840} INFO - DAG(s) 'tutorial_dag' retrieved from /home/airflow/.local/lib/python3.12/site-packages/airflow/example_dags/tutorial_dag.py
[2026-06-28T08:32:52.624+0000] {logging_mixin.py:188} INFO - [2026-06-28T08:32:52.621+0000] {dag.py:3096} INFO - Sync 1 DAGs
[2026-06-28T08:32:52.737+0000] {logging_mixin.py:188} INFO - [2026-06-28T08:32:52.734+0000] {dag.py:3954} INFO - Setting next_dagrun for tutorial_dag to None, run_after=None
[2026-06-28T08:32:52.780+0000] {processor.py:183} INFO - Processing /home/airflow/.local/lib/python3.12/site-packages/airflow/example_dags/tutorial_dag.py took 0.377 seconds
[2026-06-28T08:33:23.151+0000] {processor.py:161} INFO - Started process (PID=350) to work on /home/airflow/.local/lib/python3.12/site-packages/airflow/example_dags/tutorial_dag.py
[2026-06-28T08:33:23.152+0000] {processor.py:830} INFO - Processing file /home/airflow/.local/lib/python3.12/site-packages/airflow/example_dags/tutorial_dag.py for tasks to queue
[2026-06-28T08:33:23.154+0000] {logging_mixin.py:188} INFO - [2026-06-28T08:33:23.154+0000] {dagbag.py:545} INFO - Filling up the DagBag from /home/airflow/.local/lib/python3.12/site-packages/airflow/example_dags/tutorial_dag.py
[2026-06-28T08:33:23.161+0000] {processor.py:840} INFO - DAG(s) 'tutorial_dag' retrieved from /home/airflow/.local/lib/python3.12/site-packages/airflow/example_dags/tutorial_dag.py
[2026-06-28T08:33:23.186+0000] {logging_mixin.py:188} INFO - [2026-06-28T08:33:23.186+0000] {dag.py:3096} INFO - Sync 1 DAGs
[2026-06-28T08:33:23.202+0000] {logging_mixin.py:188} INFO - [2026-06-28T08:33:23.202+0000] {dag.py:3954} INFO - Setting next_dagrun for tutorial_dag to None, run_after=None
[2026-06-28T08:33:23.222+0000] {processor.py:183} INFO - Processing /home/airflow/.local/lib/python3.12/site-packages/airflow/example_dags/tutorial_dag.py took 0.078 seconds
[2026-06-28T08:33:53.278+0000] {processor.py:161} INFO - Started process (PID=409) to work on /home/airflow/.local/lib/python3.12/site-packages/airflow/example_dags/tutorial_dag.py
[2026-06-28T08:33:53.279+0000] {processor.py:830} INFO - Processing file /home/airflow/.local/lib/python3.12/site-packages/airflow/example_dags/tutorial_dag.py for tasks to queue
[2026-06-28T08:33:53.281+0000] {logging_mixin.py:188} INFO - [2026-06-28T08:33:53.280+0000] {dagbag.py:545} INFO - Filling up the DagBag from /home/airflow/.local/lib/python3.12/site-packages/airflow/example_dags/tutorial_dag.py
[2026-06-28T08:33:53.288+0000] {processor.py:840} INFO - DAG(s) 'tutorial_dag' retrieved from /home/airflow/.local/lib/python3.12/site-packages/airflow/example_dags/tutorial_dag.py
[2026-06-28T08:33:53.314+0000] {logging_mixin.py:188} INFO - [2026-06-28T08:33:53.314+0000] {dag.py:3096} INFO - Sync 1 DAGs
[2026-06-28T08:33:53.330+0000] {logging_mixin.py:188} INFO - [2026-06-28T08:33:53.330+0000] {dag.py:3954} INFO - Setting next_dagrun for tutorial_dag to None, run_after=None
[2026-06-28T08:33:53.357+0000] {processor.py:183} INFO - Processing /home/airflow/.local/lib/python3.12/site-packages/airflow/example_dags/tutorial_dag.py took 0.086 seconds
[2026-06-28T08:34:23.463+0000] {processor.py:161} INFO - Started process (PID=468) to work on /home/airflow/.local/lib/python3.12/site-packages/airflow/example_dags/tutorial_dag.py
[2026-06-28T08:34:23.464+0000] {processor.py:830} INFO - Processing file /home/airflow/.local/lib/python3.12/site-packages/airflow/example_dags/tutorial_dag.py for tasks to queue
[2026-06-28T08:34:23.468+0000] {logging_mixin.py:188} INFO - [2026-06-28T08:34:23.467+0000] {dagbag.py:545} INFO - Filling up the DagBag from /home/airflow/.local/lib/python3.12/site-packages/airflow/example_dags/tutorial_dag.py
[2026-06-28T08:34:23.480+0000] {processor.py:840} INFO - DAG(s) 'tutorial_dag' retrieved from /home/airflow/.local/lib/python3.12/site-packages/airflow/example_dags/tutorial_dag.py
[2026-06-28T08:34:23.528+0000] {logging_mixin.py:188} INFO - [2026-06-28T08:34:23.528+0000] {dag.py:3096} INFO - Sync 1 DAGs
[2026-06-28T08:34:23.557+0000] {logging_mixin.py:188} INFO - [2026-06-28T08:34:23.557+0000] {dag.py:3954} INFO - Setting next_dagrun for tutorial_dag to None, run_after=None
[2026-06-28T08:34:23.581+0000] {processor.py:183} INFO - Processing /home/airflow/.local/lib/python3.12/site-packages/airflow/example_dags/tutorial_dag.py took 0.133 seconds
[2026-06-28T08:34:53.768+0000] {processor.py:161} INFO - Started process (PID=527) to work on /home/airflow/.local/lib/python3.12/site-packages/airflow/example_dags/tutorial_dag.py
[2026-06-28T08:34:53.778+0000] {processor.py:830} INFO - Processing file /home/airflow/.local/lib/python3.12/site-packages/airflow/example_dags/tutorial_dag.py for tasks to queue
[2026-06-28T08:34:53.780+0000] {logging_mixin.py:188} INFO - [2026-06-28T08:34:53.780+0000] {dagbag.py:545} INFO - Filling up the DagBag from /home/airflow/.local/lib/python3.12/site-packages/airflow/example_dags/tutorial_dag.py
[2026-06-28T08:34:53.795+0000] {processor.py:840} INFO - DAG(s) 'tutorial_dag' retrieved from /home/airflow/.local/lib/python3.12/site-packages/airflow/example_dags/tutorial_dag.py
[2026-06-28T08:34:53.852+0000] {logging_mixin.py:188} INFO - [2026-06-28T08:34:53.849+0000] {dag.py:3096} INFO - Sync 1 DAGs
[2026-06-28T08:34:53.889+0000] {logging_mixin.py:188} INFO - [2026-06-28T08:34:53.889+0000] {dag.py:3954} INFO - Setting next_dagrun for tutorial_dag to None, run_after=None
[2026-06-28T08:34:53.947+0000] {processor.py:183} INFO - Processing /home/airflow/.local/lib/python3.12/site-packages/airflow/example_dags/tutorial_dag.py took 0.192 seconds
[2026-06-28T08:35:26.019+0000] {processor.py:161} INFO - Started process (PID=587) to work on /home/airflow/.local/lib/python3.12/site-packages/airflow/example_dags/tutorial_dag.py
[2026-06-28T08:35:26.033+0000] {processor.py:830} INFO - Processing file /home/airflow/.local/lib/python3.12/site-packages/airflow/example_dags/tutorial_dag.py for tasks to queue
[2026-06-28T08:35:26.035+0000] {logging_mixin.py:188} INFO - [2026-06-28T08:35:26.035+0000] {dagbag.py:545} INFO - Filling up the DagBag from /home/airflow/.local/lib/python3.12/site-packages/airflow/example_dags/tutorial_dag.py
[2026-06-28T08:35:26.091+0000] {processor.py:840} INFO - DAG(s) 'tutorial_dag' retrieved from /home/airflow/.local/lib/python3.12/site-packages/airflow/example_dags/tutorial_dag.py
[2026-06-28T08:35:26.219+0000] {logging_mixin.py:188} INFO - [2026-06-28T08:35:26.218+0000] {dag.py:3096} INFO - Sync 1 DAGs
[2026-06-28T08:35:26.261+0000] {logging_mixin.py:188} INFO - [2026-06-28T08:35:26.261+0000] {dag.py:3954} INFO - Setting next_dagrun for tutorial_dag to None, run_after=None
[2026-06-28T08:35:26.444+0000] {processor.py:183} INFO - Processing /home/airflow/.local/lib/python3.12/site-packages/airflow/example_dags/tutorial_dag.py took 0.447 seconds
[2026-06-28T08:35:56.496+0000] {processor.py:161} INFO - Started process (PID=644) to work on /home/airflow/.local/lib/python3.12/site-packages/airflow/example_dags/tutorial_dag.py
[2026-06-28T08:35:56.497+0000] {processor.py:830} INFO - Processing file /home/airflow/.local/lib/python3.12/site-packages/airflow/example_dags/tutorial_dag.py for tasks to queue
[2026-06-28T08:35:56.499+0000] {logging_mixin.py:188} INFO - [2026-06-28T08:35:56.499+0000] {dagbag.py:545} INFO - Filling up the DagBag from /home/airflow/.local/lib/python3.12/site-packages/airflow/example_dags/tutorial_dag.py
[2026-06-28T08:35:56.505+0000] {processor.py:840} INFO - DAG(s) 'tutorial_dag' retrieved from /home/airflow/.local/lib/python3.12/site-packages/airflow/example_dags/tutorial_dag.py
[2026-06-28T08:35:56.528+0000] {logging_mixin.py:188} INFO - [2026-06-28T08:35:56.528+0000] {dag.py:3096} INFO - Sync 1 DAGs
[2026-06-28T08:35:56.550+0000] {logging_mixin.py:188} INFO - [2026-06-28T08:35:56.547+0000] {dag.py:3954} INFO - Setting next_dagrun for tutorial_dag to None, run_after=None
[2026-06-28T08:35:56.578+0000] {processor.py:183} INFO - Processing /home/airflow/.local/lib/python3.12/site-packages/airflow/example_dags/tutorial_dag.py took 0.088 seconds
[2026-06-28T08:36:26.744+0000] {processor.py:161} INFO - Started process (PID=702) to work on /home/airflow/.local/lib/python3.12/site-packages/airflow/example_dags/tutorial_dag.py
[2026-06-28T08:36:26.745+0000] {processor.py:830} INFO - Processing file /home/airflow/.local/lib/python3.12/site-packages/airflow/example_dags/tutorial_dag.py for tasks to queue
[2026-06-28T08:36:26.747+0000] {logging_mixin.py:188} INFO - [2026-06-28T08:36:26.747+0000] {dagbag.py:545} INFO - Filling up the DagBag from /home/airflow/.local/lib/python3.12/site-packages/airflow/example_dags/tutorial_dag.py
[2026-06-28T08:36:26.755+0000] {processor.py:840} INFO - DAG(s) 'tutorial_dag' retrieved from /home/airflow/.local/lib/python3.12/site-packages/airflow/example_dags/tutorial_dag.py
[2026-06-28T08:36:26.778+0000] {logging_mixin.py:188} INFO - [2026-06-28T08:36:26.778+0000] {dag.py:3096} INFO - Sync 1 DAGs
[2026-06-28T08:36:26.794+0000] {logging_mixin.py:188} INFO - [2026-06-28T08:36:26.794+0000] {dag.py:3954} INFO - Setting next_dagrun for tutorial_dag to None, run_after=None
[2026-06-28T08:36:26.825+0000] {processor.py:183} INFO - Processing /home/airflow/.local/lib/python3.12/site-packages/airflow/example_dags/tutorial_dag.py took 0.088 seconds
[2026-06-28T08:36:57.059+0000] {processor.py:161} INFO - Started process (PID=761) to work on /home/airflow/.local/lib/python3.12/site-packages/airflow/example_dags/tutorial_dag.py
[2026-06-28T08:36:57.063+0000] {processor.py:830} INFO - Processing file /home/airflow/.local/lib/python3.12/site-packages/airflow/example_dags/tutorial_dag.py for tasks to queue
[2026-06-28T08:36:57.067+0000] {logging_mixin.py:188} INFO - [2026-06-28T08:36:57.066+0000] {dagbag.py:545} INFO - Filling up the DagBag from /home/airflow/.local/lib/python3.12/site-packages/airflow/example_dags/tutorial_dag.py
[2026-06-28T08:36:57.081+0000] {processor.py:840} INFO - DAG(s) 'tutorial_dag' retrieved from /home/airflow/.local/lib/python3.12/site-packages/airflow/example_dags/tutorial_dag.py
[2026-06-28T08:36:57.138+0000] {logging_mixin.py:188} INFO - [2026-06-28T08:36:57.137+0000] {dag.py:3096} INFO - Sync 1 DAGs
[2026-06-28T08:36:57.163+0000] {logging_mixin.py:188} INFO - [2026-06-28T08:36:57.163+0000] {dag.py:3954} INFO - Setting next_dagrun for tutorial_dag to None, run_after=None
[2026-06-28T08:36:57.188+0000] {processor.py:183} INFO - Processing /home/airflow/.local/lib/python3.12/site-packages/airflow/example_dags/tutorial_dag.py took 0.142 seconds
[2026-06-28T08:37:27.301+0000] {processor.py:161} INFO - Started process (PID=820) to work on /home/airflow/.local/lib/python3.12/site-packages/airflow/example_dags/tutorial_dag.py
[2026-06-28T08:37:27.301+0000] {processor.py:830} INFO - Processing file /home/airflow/.local/lib/python3.12/site-packages/airflow/example_dags/tutorial_dag.py for tasks to queue
[2026-06-28T08:37:27.303+0000] {logging_mixin.py:188} INFO - [2026-06-28T08:37:27.303+0000] {dagbag.py:545} INFO - Filling up the DagBag from /home/airflow/.local/lib/python3.12/site-packages/airflow/example_dags/tutorial_dag.py
[2026-06-28T08:37:27.308+0000] {processor.py:840} INFO - DAG(s) 'tutorial_dag' retrieved from /home/airflow/.local/lib/python3.12/site-packages/airflow/example_dags/tutorial_dag.py
[2026-06-28T08:37:27.325+0000] {logging_mixin.py:188} INFO - [2026-06-28T08:37:27.325+0000] {dag.py:3096} INFO - Sync 1 DAGs
[2026-06-28T08:37:27.336+0000] {logging_mixin.py:188} INFO - [2026-06-28T08:37:27.336+0000] {dag.py:3954} INFO - Setting next_dagrun for tutorial_dag to None, run_after=None
[2026-06-28T08:37:27.354+0000] {processor.py:183} INFO - Processing /home/airflow/.local/lib/python3.12/site-packages/airflow/example_dags/tutorial_dag.py took 0.059 seconds
[2026-06-28T08:37:57.397+0000] {processor.py:161} INFO - Started process (PID=879) to work on /home/airflow/.local/lib/python3.12/site-packages/airflow/example_dags/tutorial_dag.py
[2026-06-28T08:37:57.406+0000] {processor.py:830} INFO - Processing file /home/airflow/.local/lib/python3.12/site-packages/airflow/example_dags/tutorial_dag.py for tasks to queue
[2026-06-28T08:37:57.409+0000] {logging_mixin.py:188} INFO - [2026-06-28T08:37:57.408+0000] {dagbag.py:545} INFO - Filling up the DagBag from /home/airflow/.local/lib/python3.12/site-packages/airflow/example_dags/tutorial_dag.py
[2026-06-28T08:37:57.424+0000] {processor.py:840} INFO - DAG(s) 'tutorial_dag' retrieved from /home/airflow/.local/lib/python3.12/site-packages/airflow/example_dags/tutorial_dag.py
[2026-06-28T08:37:57.484+0000] {logging_mixin.py:188} INFO - [2026-06-28T08:37:57.483+0000] {dag.py:3096} INFO - Sync 1 DAGs
[2026-06-28T08:37:57.503+0000] {logging_mixin.py:188} INFO - [2026-06-28T08:37:57.503+0000] {dag.py:3954} INFO - Setting next_dagrun for tutorial_dag to None, run_after=None
[2026-06-28T08:37:57.534+0000] {processor.py:183} INFO - Processing /home/airflow/.local/lib/python3.12/site-packages/airflow/example_dags/tutorial_dag.py took 0.142 seconds
[2026-06-28T08:38:28.359+0000] {processor.py:161} INFO - Started process (PID=938) to work on /home/airflow/.local/lib/python3.12/site-packages/airflow/example_dags/tutorial_dag.py
[2026-06-28T08:38:28.368+0000] {processor.py:830} INFO - Processing file /home/airflow/.local/lib/python3.12/site-packages/airflow/example_dags/tutorial_dag.py for tasks to queue
[2026-06-28T08:38:28.374+0000] {logging_mixin.py:188} INFO - [2026-06-28T08:38:28.373+0000] {dagbag.py:545} INFO - Filling up the DagBag from /home/airflow/.local/lib/python3.12/site-packages/airflow/example_dags/tutorial_dag.py
[2026-06-28T08:38:28.391+0000] {processor.py:840} INFO - DAG(s) 'tutorial_dag' retrieved from /home/airflow/.local/lib/python3.12/site-packages/airflow/example_dags/tutorial_dag.py
[2026-06-28T08:38:28.417+0000] {logging_mixin.py:188} INFO - [2026-06-28T08:38:28.416+0000] {dag.py:3096} INFO - Sync 1 DAGs
[2026-06-28T08:38:28.439+0000] {logging_mixin.py:188} INFO - [2026-06-28T08:38:28.439+0000] {dag.py:3954} INFO - Setting next_dagrun for tutorial_dag to None, run_after=None
[2026-06-28T08:38:28.455+0000] {processor.py:183} INFO - Processing /home/airflow/.local/lib/python3.12/site-packages/airflow/example_dags/tutorial_dag.py took 0.130 seconds
[2026-06-28T08:38:59.329+0000] {processor.py:161} INFO - Started process (PID=997) to work on /home/airflow/.local/lib/python3.12/site-packages/airflow/example_dags/tutorial_dag.py
[2026-06-28T08:38:59.332+0000] {processor.py:830} INFO - Processing file /home/airflow/.local/lib/python3.12/site-packages/airflow/example_dags/tutorial_dag.py for tasks to queue
[2026-06-28T08:38:59.335+0000] {logging_mixin.py:188} INFO - [2026-06-28T08:38:59.335+0000] {dagbag.py:545} INFO - Filling up the DagBag from /home/airflow/.local/lib/python3.12/site-packages/airflow/example_dags/tutorial_dag.py
[2026-06-28T08:38:59.349+0000] {processor.py:840} INFO - DAG(s) 'tutorial_dag' retrieved from /home/airflow/.local/lib/python3.12/site-packages/airflow/example_dags/tutorial_dag.py
[2026-06-28T08:38:59.377+0000] {logging_mixin.py:188} INFO - [2026-06-28T08:38:59.377+0000] {dag.py:3096} INFO - Sync 1 DAGs
[2026-06-28T08:38:59.394+0000] {logging_mixin.py:188} INFO - [2026-06-28T08:38:59.393+0000] {dag.py:3954} INFO - Setting next_dagrun for tutorial_dag to None, run_after=None
[2026-06-28T08:38:59.414+0000] {processor.py:183} INFO - Processing /home/airflow/.local/lib/python3.12/site-packages/airflow/example_dags/tutorial_dag.py took 0.100 seconds
[2026-06-28T08:39:29.740+0000] {processor.py:161} INFO - Started process (PID=1056) to work on /home/airflow/.local/lib/python3.12/site-packages/airflow/example_dags/tutorial_dag.py
[2026-06-28T08:39:29.745+0000] {processor.py:830} INFO - Processing file /home/airflow/.local/lib/python3.12/site-packages/airflow/example_dags/tutorial_dag.py for tasks to queue
[2026-06-28T08:39:29.749+0000] {logging_mixin.py:188} INFO - [2026-06-28T08:39:29.749+0000] {dagbag.py:545} INFO - Filling up the DagBag from /home/airflow/.local/lib/python3.12/site-packages/airflow/example_dags/tutorial_dag.py
[2026-06-28T08:39:29.765+0000] {processor.py:840} INFO - DAG(s) 'tutorial_dag' retrieved from /home/airflow/.local/lib/python3.12/site-packages/airflow/example_dags/tutorial_dag.py
[2026-06-28T08:39:29.791+0000] {logging_mixin.py:188} INFO - [2026-06-28T08:39:29.790+0000] {dag.py:3096} INFO - Sync 1 DAGs
[2026-06-28T08:39:29.809+0000] {logging_mixin.py:188} INFO - [2026-06-28T08:39:29.809+0000] {dag.py:3954} INFO - Setting next_dagrun for tutorial_dag to None, run_after=None
[2026-06-28T08:39:29.832+0000] {processor.py:183} INFO - Processing /home/airflow/.local/lib/python3.12/site-packages/airflow/example_dags/tutorial_dag.py took 0.108 seconds
[2026-06-28T08:40:00.373+0000] {processor.py:161} INFO - Started process (PID=1114) to work on /home/airflow/.local/lib/python3.12/site-packages/airflow/example_dags/tutorial_dag.py
[2026-06-28T08:40:00.374+0000] {processor.py:830} INFO - Processing file /home/airflow/.local/lib/python3.12/site-packages/airflow/example_dags/tutorial_dag.py for tasks to queue
[2026-06-28T08:40:00.377+0000] {logging_mixin.py:188} INFO - [2026-06-28T08:40:00.377+0000] {dagbag.py:545} INFO - Filling up the DagBag from /home/airflow/.local/lib/python3.12/site-packages/airflow/example_dags/tutorial_dag.py
[2026-06-28T08:40:00.387+0000] {processor.py:840} INFO - DAG(s) 'tutorial_dag' retrieved from /home/airflow/.local/lib/python3.12/site-packages/airflow/example_dags/tutorial_dag.py
[2026-06-28T08:40:00.405+0000] {logging_mixin.py:188} INFO - [2026-06-28T08:40:00.404+0000] {dag.py:3096} INFO - Sync 1 DAGs
[2026-06-28T08:40:00.415+0000] {logging_mixin.py:188} INFO - [2026-06-28T08:40:00.415+0000] {dag.py:3954} INFO - Setting next_dagrun for tutorial_dag to None, run_after=None
[2026-06-28T08:40:00.431+0000] {processor.py:183} INFO - Processing /home/airflow/.local/lib/python3.12/site-packages/airflow/example_dags/tutorial_dag.py took 0.070 seconds
[2026-06-28T08:40:30.906+0000] {processor.py:161} INFO - Started process (PID=1173) to work on /home/airflow/.local/lib/python3.12/site-packages/airflow/example_dags/tutorial_dag.py
[2026-06-28T08:40:30.914+0000] {processor.py:830} INFO - Processing file /home/airflow/.local/lib/python3.12/site-packages/airflow/example_dags/tutorial_dag.py for tasks to queue
[2026-06-28T08:40:30.925+0000] {logging_mixin.py:188} INFO - [2026-06-28T08:40:30.922+0000] {dagbag.py:545} INFO - Filling up the DagBag from /home/airflow/.local/lib/python3.12/site-packages/airflow/example_dags/tutorial_dag.py
[2026-06-28T08:40:30.949+0000] {processor.py:840} INFO - DAG(s) 'tutorial_dag' retrieved from /home/airflow/.local/lib/python3.12/site-packages/airflow/example_dags/tutorial_dag.py
[2026-06-28T08:40:31.007+0000] {logging_mixin.py:188} INFO - [2026-06-28T08:40:31.003+0000] {dag.py:3096} INFO - Sync 1 DAGs
[2026-06-28T08:40:31.042+0000] {logging_mixin.py:188} INFO - [2026-06-28T08:40:31.041+0000] {dag.py:3954} INFO - Setting next_dagrun for tutorial_dag to None, run_after=None
[2026-06-28T08:40:31.122+0000] {processor.py:183} INFO - Processing /home/airflow/.local/lib/python3.12/site-packages/airflow/example_dags/tutorial_dag.py took 0.242 seconds
[2026-06-28T08:41:01.587+0000] {processor.py:161} INFO - Started process (PID=1232) to work on /home/airflow/.local/lib/python3.12/site-packages/airflow/example_dags/tutorial_dag.py
[2026-06-28T08:41:01.588+0000] {processor.py:830} INFO - Processing file /home/airflow/.local/lib/python3.12/site-packages/airflow/example_dags/tutorial_dag.py for tasks to queue
[2026-06-28T08:41:01.590+0000] {logging_mixin.py:188} INFO - [2026-06-28T08:41:01.589+0000] {dagbag.py:545} INFO - Filling up the DagBag from /home/airflow/.local/lib/python3.12/site-packages/airflow/example_dags/tutorial_dag.py
[2026-06-28T08:41:01.594+0000] {processor.py:840} INFO - DAG(s) 'tutorial_dag' retrieved from /home/airflow/.local/lib/python3.12/site-packages/airflow/example_dags/tutorial_dag.py
[2026-06-28T08:41:01.611+0000] {logging_mixin.py:188} INFO - [2026-06-28T08:41:01.611+0000] {dag.py:3096} INFO - Sync 1 DAGs
[2026-06-28T08:41:01.622+0000] {logging_mixin.py:188} INFO - [2026-06-28T08:41:01.622+0000] {dag.py:3954} INFO - Setting next_dagrun for tutorial_dag to None, run_after=None
[2026-06-28T08:41:01.637+0000] {processor.py:183} INFO - Processing /home/airflow/.local/lib/python3.12/site-packages/airflow/example_dags/tutorial_dag.py took 0.055 seconds
[2026-06-28T08:41:31.990+0000] {processor.py:161} INFO - Started process (PID=1290) to work on /home/airflow/.local/lib/python3.12/site-packages/airflow/example_dags/tutorial_dag.py
[2026-06-28T08:41:31.991+0000] {processor.py:830} INFO - Processing file /home/airflow/.local/lib/python3.12/site-packages/airflow/example_dags/tutorial_dag.py for tasks to queue
[2026-06-28T08:41:31.993+0000] {logging_mixin.py:188} INFO - [2026-06-28T08:41:31.993+0000] {dagbag.py:545} INFO - Filling up the DagBag from /home/airflow/.local/lib/python3.12/site-packages/airflow/example_dags/tutorial_dag.py
[2026-06-28T08:41:31.998+0000] {processor.py:840} INFO - DAG(s) 'tutorial_dag' retrieved from /home/airflow/.local/lib/python3.12/site-packages/airflow/example_dags/tutorial_dag.py
[2026-06-28T08:41:32.015+0000] {logging_mixin.py:188} INFO - [2026-06-28T08:41:32.015+0000] {dag.py:3096} INFO - Sync 1 DAGs
[2026-06-28T08:41:32.026+0000] {logging_mixin.py:188} INFO - [2026-06-28T08:41:32.026+0000] {dag.py:3954} INFO - Setting next_dagrun for tutorial_dag to None, run_after=None
[2026-06-28T08:41:32.041+0000] {processor.py:183} INFO - Processing /home/airflow/.local/lib/python3.12/site-packages/airflow/example_dags/tutorial_dag.py took 0.058 seconds
[2026-06-28T08:42:02.372+0000] {processor.py:161} INFO - Started process (PID=1348) to work on /home/airflow/.local/lib/python3.12/site-packages/airflow/example_dags/tutorial_dag.py
[2026-06-28T08:42:02.372+0000] {processor.py:830} INFO - Processing file /home/airflow/.local/lib/python3.12/site-packages/airflow/example_dags/tutorial_dag.py for tasks to queue
[2026-06-28T08:42:02.374+0000] {logging_mixin.py:188} INFO - [2026-06-28T08:42:02.373+0000] {dagbag.py:545} INFO - Filling up the DagBag from /home/airflow/.local/lib/python3.12/site-packages/airflow/example_dags/tutorial_dag.py
[2026-06-28T08:42:02.378+0000] {processor.py:840} INFO - DAG(s) 'tutorial_dag' retrieved from /home/airflow/.local/lib/python3.12/site-packages/airflow/example_dags/tutorial_dag.py
[2026-06-28T08:42:02.396+0000] {logging_mixin.py:188} INFO - [2026-06-28T08:42:02.395+0000] {dag.py:3096} INFO - Sync 1 DAGs
[2026-06-28T08:42:02.407+0000] {logging_mixin.py:188} INFO - [2026-06-28T08:42:02.407+0000] {dag.py:3954} INFO - Setting next_dagrun for tutorial_dag to None, run_after=None
[2026-06-28T08:42:02.422+0000] {processor.py:183} INFO - Processing /home/airflow/.local/lib/python3.12/site-packages/airflow/example_dags/tutorial_dag.py took 0.056 seconds
[2026-06-28T08:42:32.934+0000] {processor.py:161} INFO - Started process (PID=1407) to work on /home/airflow/.local/lib/python3.12/site-packages/airflow/example_dags/tutorial_dag.py
[2026-06-28T08:42:32.937+0000] {processor.py:830} INFO - Processing file /home/airflow/.local/lib/python3.12/site-packages/airflow/example_dags/tutorial_dag.py for tasks to queue
[2026-06-28T08:42:32.942+0000] {logging_mixin.py:188} INFO - [2026-06-28T08:42:32.941+0000] {dagbag.py:545} INFO - Filling up the DagBag from /home/airflow/.local/lib/python3.12/site-packages/airflow/example_dags/tutorial_dag.py
[2026-06-28T08:42:32.959+0000] {processor.py:840} INFO - DAG(s) 'tutorial_dag' retrieved from /home/airflow/.local/lib/python3.12/site-packages/airflow/example_dags/tutorial_dag.py
[2026-06-28T08:42:33.012+0000] {logging_mixin.py:188} INFO - [2026-06-28T08:42:33.012+0000] {dag.py:3096} INFO - Sync 1 DAGs
[2026-06-28T08:42:33.054+0000] {logging_mixin.py:188} INFO - [2026-06-28T08:42:33.054+0000] {dag.py:3954} INFO - Setting next_dagrun for tutorial_dag to None, run_after=None
[2026-06-28T08:42:33.100+0000] {processor.py:183} INFO - Processing /home/airflow/.local/lib/python3.12/site-packages/airflow/example_dags/tutorial_dag.py took 0.187 seconds
[2026-06-28T08:43:03.566+0000] {processor.py:161} INFO - Started process (PID=1466) to work on /home/airflow/.local/lib/python3.12/site-packages/airflow/example_dags/tutorial_dag.py
[2026-06-28T08:43:03.567+0000] {processor.py:830} INFO - Processing file /home/airflow/.local/lib/python3.12/site-packages/airflow/example_dags/tutorial_dag.py for tasks to queue
[2026-06-28T08:43:03.569+0000] {logging_mixin.py:188} INFO - [2026-06-28T08:43:03.569+0000] {dagbag.py:545} INFO - Filling up the DagBag from /home/airflow/.local/lib/python3.12/site-packages/airflow/example_dags/tutorial_dag.py
[2026-06-28T08:43:03.575+0000] {processor.py:840} INFO - DAG(s) 'tutorial_dag' retrieved from /home/airflow/.local/lib/python3.12/site-packages/airflow/example_dags/tutorial_dag.py
[2026-06-28T08:43:03.600+0000] {logging_mixin.py:188} INFO - [2026-06-28T08:43:03.599+0000] {dag.py:3096} INFO - Sync 1 DAGs
[2026-06-28T08:43:03.616+0000] {logging_mixin.py:188} INFO - [2026-06-28T08:43:03.616+0000] {dag.py:3954} INFO - Setting next_dagrun for tutorial_dag to None, run_after=None
[2026-06-28T08:43:03.643+0000] {processor.py:183} INFO - Processing /home/airflow/.local/lib/python3.12/site-packages/airflow/example_dags/tutorial_dag.py took 0.085 seconds
[2026-06-28T08:43:33.927+0000] {processor.py:161} INFO - Started process (PID=1525) to work on /home/airflow/.local/lib/python3.12/site-packages/airflow/example_dags/tutorial_dag.py
[2026-06-28T08:43:33.928+0000] {processor.py:830} INFO - Processing file /home/airflow/.local/lib/python3.12/site-packages/airflow/example_dags/tutorial_dag.py for tasks to queue
[2026-06-28T08:43:33.931+0000] {logging_mixin.py:188} INFO - [2026-06-28T08:43:33.930+0000] {dagbag.py:545} INFO - Filling up the DagBag from /home/airflow/.local/lib/python3.12/site-packages/airflow/example_dags/tutorial_dag.py
[2026-06-28T08:43:33.937+0000] {processor.py:840} INFO - DAG(s) 'tutorial_dag' retrieved from /home/airflow/.local/lib/python3.12/site-packages/airflow/example_dags/tutorial_dag.py
[2026-06-28T08:43:33.963+0000] {logging_mixin.py:188} INFO - [2026-06-28T08:43:33.962+0000] {dag.py:3096} INFO - Sync 1 DAGs
[2026-06-28T08:43:33.979+0000] {logging_mixin.py:188} INFO - [2026-06-28T08:43:33.979+0000] {dag.py:3954} INFO - Setting next_dagrun for tutorial_dag to None, run_after=None
[2026-06-28T08:43:33.999+0000] {processor.py:183} INFO - Processing /home/airflow/.local/lib/python3.12/site-packages/airflow/example_dags/tutorial_dag.py took 0.078 seconds
[2026-06-28T08:44:04.902+0000] {processor.py:161} INFO - Started process (PID=1584) to work on /home/airflow/.local/lib/python3.12/site-packages/airflow/example_dags/tutorial_dag.py
[2026-06-28T08:44:04.903+0000] {processor.py:830} INFO - Processing file /home/airflow/.local/lib/python3.12/site-packages/airflow/example_dags/tutorial_dag.py for tasks to queue
[2026-06-28T08:44:04.905+0000] {logging_mixin.py:188} INFO - [2026-06-28T08:44:04.904+0000] {dagbag.py:545} INFO - Filling up the DagBag from /home/airflow/.local/lib/python3.12/site-packages/airflow/example_dags/tutorial_dag.py
[2026-06-28T08:44:04.910+0000] {processor.py:840} INFO - DAG(s) 'tutorial_dag' retrieved from /home/airflow/.local/lib/python3.12/site-packages/airflow/example_dags/tutorial_dag.py
[2026-06-28T08:44:04.931+0000] {logging_mixin.py:188} INFO - [2026-06-28T08:44:04.931+0000] {dag.py:3096} INFO - Sync 1 DAGs
[2026-06-28T08:44:04.942+0000] {logging_mixin.py:188} INFO - [2026-06-28T08:44:04.942+0000] {dag.py:3954} INFO - Setting next_dagrun for tutorial_dag to None, run_after=None
[2026-06-28T08:44:04.958+0000] {processor.py:183} INFO - Processing /home/airflow/.local/lib/python3.12/site-packages/airflow/example_dags/tutorial_dag.py took 0.063 seconds
[2026-06-28T08:44:35.623+0000] {processor.py:161} INFO - Started process (PID=1643) to work on /home/airflow/.local/lib/python3.12/site-packages/airflow/example_dags/tutorial_dag.py
[2026-06-28T08:44:35.624+0000] {processor.py:830} INFO - Processing file /home/airflow/.local/lib/python3.12/site-packages/airflow/example_dags/tutorial_dag.py for tasks to queue
[2026-06-28T08:44:35.626+0000] {logging_mixin.py:188} INFO - [2026-06-28T08:44:35.625+0000] {dagbag.py:545} INFO - Filling up the DagBag from /home/airflow/.local/lib/python3.12/site-packages/airflow/example_dags/tutorial_dag.py
[2026-06-28T08:44:35.632+0000] {processor.py:840} INFO - DAG(s) 'tutorial_dag' retrieved from /home/airflow/.local/lib/python3.12/site-packages/airflow/example_dags/tutorial_dag.py
[2026-06-28T08:44:35.657+0000] {logging_mixin.py:188} INFO - [2026-06-28T08:44:35.656+0000] {dag.py:3096} INFO - Sync 1 DAGs
[2026-06-28T08:44:35.673+0000] {logging_mixin.py:188} INFO - [2026-06-28T08:44:35.672+0000] {dag.py:3954} INFO - Setting next_dagrun for tutorial_dag to None, run_after=None
[2026-06-28T08:44:35.693+0000] {processor.py:183} INFO - Processing /home/airflow/.local/lib/python3.12/site-packages/airflow/example_dags/tutorial_dag.py took 0.077 seconds
[2026-06-28T08:45:07.552+0000] {processor.py:161} INFO - Started process (PID=1702) to work on /home/airflow/.local/lib/python3.12/site-packages/airflow/example_dags/tutorial_dag.py
[2026-06-28T08:45:07.557+0000] {processor.py:830} INFO - Processing file /home/airflow/.local/lib/python3.12/site-packages/airflow/example_dags/tutorial_dag.py for tasks to queue
[2026-06-28T08:45:07.562+0000] {logging_mixin.py:188} INFO - [2026-06-28T08:45:07.561+0000] {dagbag.py:545} INFO - Filling up the DagBag from /home/airflow/.local/lib/python3.12/site-packages/airflow/example_dags/tutorial_dag.py
[2026-06-28T08:45:07.569+0000] {processor.py:840} INFO - DAG(s) 'tutorial_dag' retrieved from /home/airflow/.local/lib/python3.12/site-packages/airflow/example_dags/tutorial_dag.py
[2026-06-28T08:45:07.593+0000] {logging_mixin.py:188} INFO - [2026-06-28T08:45:07.593+0000] {dag.py:3096} INFO - Sync 1 DAGs
[2026-06-28T08:45:07.609+0000] {logging_mixin.py:188} INFO - [2026-06-28T08:45:07.609+0000] {dag.py:3954} INFO - Setting next_dagrun for tutorial_dag to None, run_after=None
[2026-06-28T08:45:07.788+0000] {processor.py:183} INFO - Processing /home/airflow/.local/lib/python3.12/site-packages/airflow/example_dags/tutorial_dag.py took 0.262 seconds
[2026-06-28T08:45:39.811+0000] {processor.py:161} INFO - Started process (PID=1761) to work on /home/airflow/.local/lib/python3.12/site-packages/airflow/example_dags/tutorial_dag.py
[2026-06-28T08:45:39.814+0000] {processor.py:830} INFO - Processing file /home/airflow/.local/lib/python3.12/site-packages/airflow/example_dags/tutorial_dag.py for tasks to queue
[2026-06-28T08:45:39.816+0000] {logging_mixin.py:188} INFO - [2026-06-28T08:45:39.816+0000] {dagbag.py:545} INFO - Filling up the DagBag from /home/airflow/.local/lib/python3.12/site-packages/airflow/example_dags/tutorial_dag.py
[2026-06-28T08:45:39.827+0000] {processor.py:840} INFO - DAG(s) 'tutorial_dag' retrieved from /home/airflow/.local/lib/python3.12/site-packages/airflow/example_dags/tutorial_dag.py
[2026-06-28T08:45:39.863+0000] {logging_mixin.py:188} INFO - [2026-06-28T08:45:39.863+0000] {dag.py:3096} INFO - Sync 1 DAGs
[2026-06-28T08:45:39.887+0000] {logging_mixin.py:188} INFO - [2026-06-28T08:45:39.887+0000] {dag.py:3954} INFO - Setting next_dagrun for tutorial_dag to None, run_after=None
[2026-06-28T08:45:40.342+0000] {processor.py:183} INFO - Processing /home/airflow/.local/lib/python3.12/site-packages/airflow/example_dags/tutorial_dag.py took 0.538 seconds
[2026-06-28T08:46:10.904+0000] {processor.py:161} INFO - Started process (PID=1818) to work on /home/airflow/.local/lib/python3.12/site-packages/airflow/example_dags/tutorial_dag.py
[2026-06-28T08:46:10.905+0000] {processor.py:830} INFO - Processing file /home/airflow/.local/lib/python3.12/site-packages/airflow/example_dags/tutorial_dag.py for tasks to queue
[2026-06-28T08:46:10.908+0000] {logging_mixin.py:188} INFO - [2026-06-28T08:46:10.907+0000] {dagbag.py:545} INFO - Filling up the DagBag from /home/airflow/.local/lib/python3.12/site-packages/airflow/example_dags/tutorial_dag.py
[2026-06-28T08:46:10.914+0000] {processor.py:840} INFO - DAG(s) 'tutorial_dag' retrieved from /home/airflow/.local/lib/python3.12/site-packages/airflow/example_dags/tutorial_dag.py
[2026-06-28T08:46:10.941+0000] {logging_mixin.py:188} INFO - [2026-06-28T08:46:10.941+0000] {dag.py:3096} INFO - Sync 1 DAGs
[2026-06-28T08:46:10.960+0000] {logging_mixin.py:188} INFO - [2026-06-28T08:46:10.960+0000] {dag.py:3954} INFO - Setting next_dagrun for tutorial_dag to None, run_after=None
[2026-06-28T08:46:10.979+0000] {processor.py:183} INFO - Processing /home/airflow/.local/lib/python3.12/site-packages/airflow/example_dags/tutorial_dag.py took 0.081 seconds
[2026-06-28T08:46:41.513+0000] {processor.py:161} INFO - Started process (PID=1877) to work on /home/airflow/.local/lib/python3.12/site-packages/airflow/example_dags/tutorial_dag.py
[2026-06-28T08:46:41.514+0000] {processor.py:830} INFO - Processing file /home/airflow/.local/lib/python3.12/site-packages/airflow/example_dags/tutorial_dag.py for tasks to queue
[2026-06-28T08:46:41.515+0000] {logging_mixin.py:188} INFO - [2026-06-28T08:46:41.515+0000] {dagbag.py:545} INFO - Filling up the DagBag from /home/airflow/.local/lib/python3.12/site-packages/airflow/example_dags/tutorial_dag.py
[2026-06-28T08:46:41.520+0000] {processor.py:840} INFO - DAG(s) 'tutorial_dag' retrieved from /home/airflow/.local/lib/python3.12/site-packages/airflow/example_dags/tutorial_dag.py
[2026-06-28T08:46:41.567+0000] {logging_mixin.py:188} INFO - [2026-06-28T08:46:41.567+0000] {dag.py:3096} INFO - Sync 1 DAGs
[2026-06-28T08:46:41.586+0000] {logging_mixin.py:188} INFO - [2026-06-28T08:46:41.586+0000] {dag.py:3954} INFO - Setting next_dagrun for tutorial_dag to None, run_after=None
[2026-06-28T08:46:41.610+0000] {processor.py:183} INFO - Processing /home/airflow/.local/lib/python3.12/site-packages/airflow/example_dags/tutorial_dag.py took 0.102 seconds
[2026-06-28T08:47:11.696+0000] {processor.py:161} INFO - Started process (PID=1935) to work on /home/airflow/.local/lib/python3.12/site-packages/airflow/example_dags/tutorial_dag.py
[2026-06-28T08:47:11.697+0000] {processor.py:830} INFO - Processing file /home/airflow/.local/lib/python3.12/site-packages/airflow/example_dags/tutorial_dag.py for tasks to queue
[2026-06-28T08:47:11.698+0000] {logging_mixin.py:188} INFO - [2026-06-28T08:47:11.698+0000] {dagbag.py:545} INFO - Filling up the DagBag from /home/airflow/.local/lib/python3.12/site-packages/airflow/example_dags/tutorial_dag.py
[2026-06-28T08:47:11.704+0000] {processor.py:840} INFO - DAG(s) 'tutorial_dag' retrieved from /home/airflow/.local/lib/python3.12/site-packages/airflow/example_dags/tutorial_dag.py
[2026-06-28T08:47:11.721+0000] {logging_mixin.py:188} INFO - [2026-06-28T08:47:11.721+0000] {dag.py:3096} INFO - Sync 1 DAGs
[2026-06-28T08:47:11.740+0000] {logging_mixin.py:188} INFO - [2026-06-28T08:47:11.739+0000] {dag.py:3954} INFO - Setting next_dagrun for tutorial_dag to None, run_after=None
[2026-06-28T08:47:11.766+0000] {processor.py:183} INFO - Processing /home/airflow/.local/lib/python3.12/site-packages/airflow/example_dags/tutorial_dag.py took 0.076 seconds
[2026-06-28T08:47:42.435+0000] {processor.py:161} INFO - Started process (PID=1994) to work on /home/airflow/.local/lib/python3.12/site-packages/airflow/example_dags/tutorial_dag.py
[2026-06-28T08:47:42.437+0000] {processor.py:830} INFO - Processing file /home/airflow/.local/lib/python3.12/site-packages/airflow/example_dags/tutorial_dag.py for tasks to queue
[2026-06-28T08:47:42.439+0000] {logging_mixin.py:188} INFO - [2026-06-28T08:47:42.438+0000] {dagbag.py:545} INFO - Filling up the DagBag from /home/airflow/.local/lib/python3.12/site-packages/airflow/example_dags/tutorial_dag.py
[2026-06-28T08:47:42.445+0000] {processor.py:840} INFO - DAG(s) 'tutorial_dag' retrieved from /home/airflow/.local/lib/python3.12/site-packages/airflow/example_dags/tutorial_dag.py
[2026-06-28T08:47:42.463+0000] {logging_mixin.py:188} INFO - [2026-06-28T08:47:42.463+0000] {dag.py:3096} INFO - Sync 1 DAGs
[2026-06-28T08:47:42.474+0000] {logging_mixin.py:188} INFO - [2026-06-28T08:47:42.474+0000] {dag.py:3954} INFO - Setting next_dagrun for tutorial_dag to None, run_after=None
[2026-06-28T08:47:42.490+0000] {processor.py:183} INFO - Processing /home/airflow/.local/lib/python3.12/site-packages/airflow/example_dags/tutorial_dag.py took 0.060 seconds
[2026-06-28T08:48:12.747+0000] {processor.py:161} INFO - Started process (PID=2053) to work on /home/airflow/.local/lib/python3.12/site-packages/airflow/example_dags/tutorial_dag.py
[2026-06-28T08:48:12.755+0000] {processor.py:830} INFO - Processing file /home/airflow/.local/lib/python3.12/site-packages/airflow/example_dags/tutorial_dag.py for tasks to queue
[2026-06-28T08:48:12.764+0000] {logging_mixin.py:188} INFO - [2026-06-28T08:48:12.764+0000] {dagbag.py:545} INFO - Filling up the DagBag from /home/airflow/.local/lib/python3.12/site-packages/airflow/example_dags/tutorial_dag.py
[2026-06-28T08:48:12.847+0000] {processor.py:840} INFO - DAG(s) 'tutorial_dag' retrieved from /home/airflow/.local/lib/python3.12/site-packages/airflow/example_dags/tutorial_dag.py
[2026-06-28T08:48:12.963+0000] {logging_mixin.py:188} INFO - [2026-06-28T08:48:12.959+0000] {dag.py:3096} INFO - Sync 1 DAGs
[2026-06-28T08:48:13.053+0000] {logging_mixin.py:188} INFO - [2026-06-28T08:48:13.052+0000] {dag.py:3954} INFO - Setting next_dagrun for tutorial_dag to None, run_after=None
[2026-06-28T08:48:13.123+0000] {processor.py:183} INFO - Processing /home/airflow/.local/lib/python3.12/site-packages/airflow/example_dags/tutorial_dag.py took 0.404 seconds
[2026-06-28T08:48:43.172+0000] {processor.py:161} INFO - Started process (PID=2112) to work on /home/airflow/.local/lib/python3.12/site-packages/airflow/example_dags/tutorial_dag.py
[2026-06-28T08:48:43.174+0000] {processor.py:830} INFO - Processing file /home/airflow/.local/lib/python3.12/site-packages/airflow/example_dags/tutorial_dag.py for tasks to queue
[2026-06-28T08:48:43.176+0000] {logging_mixin.py:188} INFO - [2026-06-28T08:48:43.176+0000] {dagbag.py:545} INFO - Filling up the DagBag from /home/airflow/.local/lib/python3.12/site-packages/airflow/example_dags/tutorial_dag.py
[2026-06-28T08:48:43.194+0000] {processor.py:840} INFO - DAG(s) 'tutorial_dag' retrieved from /home/airflow/.local/lib/python3.12/site-packages/airflow/example_dags/tutorial_dag.py
[2026-06-28T08:48:43.279+0000] {logging_mixin.py:188} INFO - [2026-06-28T08:48:43.279+0000] {dag.py:3096} INFO - Sync 1 DAGs
[2026-06-28T08:48:43.318+0000] {logging_mixin.py:188} INFO - [2026-06-28T08:48:43.318+0000] {dag.py:3954} INFO - Setting next_dagrun for tutorial_dag to None, run_after=None
[2026-06-28T08:48:43.407+0000] {processor.py:183} INFO - Processing /home/airflow/.local/lib/python3.12/site-packages/airflow/example_dags/tutorial_dag.py took 0.244 seconds
[2026-06-28T08:49:13.769+0000] {processor.py:161} INFO - Started process (PID=2171) to work on /home/airflow/.local/lib/python3.12/site-packages/airflow/example_dags/tutorial_dag.py
[2026-06-28T08:49:13.770+0000] {processor.py:830} INFO - Processing file /home/airflow/.local/lib/python3.12/site-packages/airflow/example_dags/tutorial_dag.py for tasks to queue
[2026-06-28T08:49:13.772+0000] {logging_mixin.py:188} INFO - [2026-06-28T08:49:13.772+0000] {dagbag.py:545} INFO - Filling up the DagBag from /home/airflow/.local/lib/python3.12/site-packages/airflow/example_dags/tutorial_dag.py
[2026-06-28T08:49:13.779+0000] {processor.py:840} INFO - DAG(s) 'tutorial_dag' retrieved from /home/airflow/.local/lib/python3.12/site-packages/airflow/example_dags/tutorial_dag.py
[2026-06-28T08:49:13.806+0000] {logging_mixin.py:188} INFO - [2026-06-28T08:49:13.805+0000] {dag.py:3096} INFO - Sync 1 DAGs
[2026-06-28T08:49:13.826+0000] {logging_mixin.py:188} INFO - [2026-06-28T08:49:13.826+0000] {dag.py:3954} INFO - Setting next_dagrun for tutorial_dag to None, run_after=None
[2026-06-28T08:49:13.848+0000] {processor.py:183} INFO - Processing /home/airflow/.local/lib/python3.12/site-packages/airflow/example_dags/tutorial_dag.py took 0.086 seconds
[2026-06-28T08:49:44.591+0000] {processor.py:161} INFO - Started process (PID=2230) to work on /home/airflow/.local/lib/python3.12/site-packages/airflow/example_dags/tutorial_dag.py
[2026-06-28T08:49:44.604+0000] {processor.py:830} INFO - Processing file /home/airflow/.local/lib/python3.12/site-packages/airflow/example_dags/tutorial_dag.py for tasks to queue
[2026-06-28T08:49:44.612+0000] {logging_mixin.py:188} INFO - [2026-06-28T08:49:44.612+0000] {dagbag.py:545} INFO - Filling up the DagBag from /home/airflow/.local/lib/python3.12/site-packages/airflow/example_dags/tutorial_dag.py
[2026-06-28T08:49:44.640+0000] {processor.py:840} INFO - DAG(s) 'tutorial_dag' retrieved from /home/airflow/.local/lib/python3.12/site-packages/airflow/example_dags/tutorial_dag.py
[2026-06-28T08:49:44.696+0000] {logging_mixin.py:188} INFO - [2026-06-28T08:49:44.693+0000] {dag.py:3096} INFO - Sync 1 DAGs
[2026-06-28T08:49:44.720+0000] {logging_mixin.py:188} INFO - [2026-06-28T08:49:44.720+0000] {dag.py:3954} INFO - Setting next_dagrun for tutorial_dag to None, run_after=None
[2026-06-28T08:49:44.828+0000] {processor.py:183} INFO - Processing /home/airflow/.local/lib/python3.12/site-packages/airflow/example_dags/tutorial_dag.py took 0.311 seconds
[2026-06-28T08:52:57.117+0000] {processor.py:161} INFO - Started process (PID=130) to work on /home/airflow/.local/lib/python3.12/site-packages/airflow/example_dags/tutorial_dag.py
[2026-06-28T08:52:57.120+0000] {processor.py:830} INFO - Processing file /home/airflow/.local/lib/python3.12/site-packages/airflow/example_dags/tutorial_dag.py for tasks to queue
[2026-06-28T08:52:57.127+0000] {logging_mixin.py:188} INFO - [2026-06-28T08:52:57.126+0000] {dagbag.py:545} INFO - Filling up the DagBag from /home/airflow/.local/lib/python3.12/site-packages/airflow/example_dags/tutorial_dag.py
[2026-06-28T08:52:57.179+0000] {processor.py:840} INFO - DAG(s) 'tutorial_dag' retrieved from /home/airflow/.local/lib/python3.12/site-packages/airflow/example_dags/tutorial_dag.py
[2026-06-28T08:52:57.573+0000] {logging_mixin.py:188} INFO - [2026-06-28T08:52:57.572+0000] {dag.py:3096} INFO - Sync 1 DAGs
[2026-06-28T08:52:57.669+0000] {logging_mixin.py:188} INFO - [2026-06-28T08:52:57.663+0000] {dag.py:3954} INFO - Setting next_dagrun for tutorial_dag to None, run_after=None
[2026-06-28T08:52:57.789+0000] {processor.py:183} INFO - Processing /home/airflow/.local/lib/python3.12/site-packages/airflow/example_dags/tutorial_dag.py took 0.710 seconds
[2026-06-28T08:53:28.178+0000] {processor.py:161} INFO - Started process (PID=189) to work on /home/airflow/.local/lib/python3.12/site-packages/airflow/example_dags/tutorial_dag.py
[2026-06-28T08:53:28.192+0000] {processor.py:830} INFO - Processing file /home/airflow/.local/lib/python3.12/site-packages/airflow/example_dags/tutorial_dag.py for tasks to queue
[2026-06-28T08:53:28.203+0000] {logging_mixin.py:188} INFO - [2026-06-28T08:53:28.199+0000] {dagbag.py:545} INFO - Filling up the DagBag from /home/airflow/.local/lib/python3.12/site-packages/airflow/example_dags/tutorial_dag.py
[2026-06-28T08:53:28.229+0000] {processor.py:840} INFO - DAG(s) 'tutorial_dag' retrieved from /home/airflow/.local/lib/python3.12/site-packages/airflow/example_dags/tutorial_dag.py
[2026-06-28T08:53:28.265+0000] {logging_mixin.py:188} INFO - [2026-06-28T08:53:28.265+0000] {dag.py:3096} INFO - Sync 1 DAGs
[2026-06-28T08:53:28.285+0000] {logging_mixin.py:188} INFO - [2026-06-28T08:53:28.285+0000] {dag.py:3954} INFO - Setting next_dagrun for tutorial_dag to None, run_after=None
[2026-06-28T08:53:28.306+0000] {processor.py:183} INFO - Processing /home/airflow/.local/lib/python3.12/site-packages/airflow/example_dags/tutorial_dag.py took 0.138 seconds
[2026-06-28T08:53:59.160+0000] {processor.py:161} INFO - Started process (PID=247) to work on /home/airflow/.local/lib/python3.12/site-packages/airflow/example_dags/tutorial_dag.py
[2026-06-28T08:53:59.162+0000] {processor.py:830} INFO - Processing file /home/airflow/.local/lib/python3.12/site-packages/airflow/example_dags/tutorial_dag.py for tasks to queue
[2026-06-28T08:53:59.165+0000] {logging_mixin.py:188} INFO - [2026-06-28T08:53:59.165+0000] {dagbag.py:545} INFO - Filling up the DagBag from /home/airflow/.local/lib/python3.12/site-packages/airflow/example_dags/tutorial_dag.py
[2026-06-28T08:53:59.179+0000] {processor.py:840} INFO - DAG(s) 'tutorial_dag' retrieved from /home/airflow/.local/lib/python3.12/site-packages/airflow/example_dags/tutorial_dag.py
[2026-06-28T08:53:59.234+0000] {logging_mixin.py:188} INFO - [2026-06-28T08:53:59.234+0000] {dag.py:3096} INFO - Sync 1 DAGs
[2026-06-28T08:53:59.267+0000] {logging_mixin.py:188} INFO - [2026-06-28T08:53:59.264+0000] {dag.py:3954} INFO - Setting next_dagrun for tutorial_dag to None, run_after=None
[2026-06-28T08:53:59.319+0000] {processor.py:183} INFO - Processing /home/airflow/.local/lib/python3.12/site-packages/airflow/example_dags/tutorial_dag.py took 0.175 seconds
[2026-06-28T08:54:30.268+0000] {processor.py:161} INFO - Started process (PID=306) to work on /home/airflow/.local/lib/python3.12/site-packages/airflow/example_dags/tutorial_dag.py
[2026-06-28T08:54:30.270+0000] {processor.py:830} INFO - Processing file /home/airflow/.local/lib/python3.12/site-packages/airflow/example_dags/tutorial_dag.py for tasks to queue
[2026-06-28T08:54:30.272+0000] {logging_mixin.py:188} INFO - [2026-06-28T08:54:30.272+0000] {dagbag.py:545} INFO - Filling up the DagBag from /home/airflow/.local/lib/python3.12/site-packages/airflow/example_dags/tutorial_dag.py
[2026-06-28T08:54:30.279+0000] {processor.py:840} INFO - DAG(s) 'tutorial_dag' retrieved from /home/airflow/.local/lib/python3.12/site-packages/airflow/example_dags/tutorial_dag.py
[2026-06-28T08:54:30.314+0000] {logging_mixin.py:188} INFO - [2026-06-28T08:54:30.314+0000] {dag.py:3096} INFO - Sync 1 DAGs
[2026-06-28T08:54:30.363+0000] {logging_mixin.py:188} INFO - [2026-06-28T08:54:30.363+0000] {dag.py:3954} INFO - Setting next_dagrun for tutorial_dag to None, run_after=None
[2026-06-28T08:54:30.395+0000] {processor.py:183} INFO - Processing /home/airflow/.local/lib/python3.12/site-packages/airflow/example_dags/tutorial_dag.py took 0.135 seconds
[2026-06-28T08:55:00.603+0000] {processor.py:161} INFO - Started process (PID=371) to work on /home/airflow/.local/lib/python3.12/site-packages/airflow/example_dags/tutorial_dag.py
[2026-06-28T08:55:00.604+0000] {processor.py:830} INFO - Processing file /home/airflow/.local/lib/python3.12/site-packages/airflow/example_dags/tutorial_dag.py for tasks to queue
[2026-06-28T08:55:00.606+0000] {logging_mixin.py:188} INFO - [2026-06-28T08:55:00.606+0000] {dagbag.py:545} INFO - Filling up the DagBag from /home/airflow/.local/lib/python3.12/site-packages/airflow/example_dags/tutorial_dag.py
[2026-06-28T08:55:00.613+0000] {processor.py:840} INFO - DAG(s) 'tutorial_dag' retrieved from /home/airflow/.local/lib/python3.12/site-packages/airflow/example_dags/tutorial_dag.py
[2026-06-28T08:55:00.638+0000] {logging_mixin.py:188} INFO - [2026-06-28T08:55:00.638+0000] {dag.py:3096} INFO - Sync 1 DAGs
[2026-06-28T08:55:00.655+0000] {logging_mixin.py:188} INFO - [2026-06-28T08:55:00.654+0000] {dag.py:3954} INFO - Setting next_dagrun for tutorial_dag to None, run_after=None
[2026-06-28T08:55:00.694+0000] {processor.py:183} INFO - Processing /home/airflow/.local/lib/python3.12/site-packages/airflow/example_dags/tutorial_dag.py took 0.097 seconds
[2026-06-28T08:55:31.544+0000] {processor.py:161} INFO - Started process (PID=430) to work on /home/airflow/.local/lib/python3.12/site-packages/airflow/example_dags/tutorial_dag.py
[2026-06-28T08:55:31.545+0000] {processor.py:830} INFO - Processing file /home/airflow/.local/lib/python3.12/site-packages/airflow/example_dags/tutorial_dag.py for tasks to queue
[2026-06-28T08:55:31.547+0000] {logging_mixin.py:188} INFO - [2026-06-28T08:55:31.547+0000] {dagbag.py:545} INFO - Filling up the DagBag from /home/airflow/.local/lib/python3.12/site-packages/airflow/example_dags/tutorial_dag.py
[2026-06-28T08:55:31.554+0000] {processor.py:840} INFO - DAG(s) 'tutorial_dag' retrieved from /home/airflow/.local/lib/python3.12/site-packages/airflow/example_dags/tutorial_dag.py
[2026-06-28T08:55:31.601+0000] {logging_mixin.py:188} INFO - [2026-06-28T08:55:31.601+0000] {dag.py:3096} INFO - Sync 1 DAGs
[2026-06-28T08:55:31.630+0000] {logging_mixin.py:188} INFO - [2026-06-28T08:55:31.630+0000] {dag.py:3954} INFO - Setting next_dagrun for tutorial_dag to None, run_after=None
[2026-06-28T08:55:31.652+0000] {processor.py:183} INFO - Processing /home/airflow/.local/lib/python3.12/site-packages/airflow/example_dags/tutorial_dag.py took 0.115 seconds
[2026-06-28T08:56:02.066+0000] {processor.py:161} INFO - Started process (PID=489) to work on /home/airflow/.local/lib/python3.12/site-packages/airflow/example_dags/tutorial_dag.py
[2026-06-28T08:56:02.067+0000] {processor.py:830} INFO - Processing file /home/airflow/.local/lib/python3.12/site-packages/airflow/example_dags/tutorial_dag.py for tasks to queue
[2026-06-28T08:56:02.069+0000] {logging_mixin.py:188} INFO - [2026-06-28T08:56:02.069+0000] {dagbag.py:545} INFO - Filling up the DagBag from /home/airflow/.local/lib/python3.12/site-packages/airflow/example_dags/tutorial_dag.py
[2026-06-28T08:56:02.076+0000] {processor.py:840} INFO - DAG(s) 'tutorial_dag' retrieved from /home/airflow/.local/lib/python3.12/site-packages/airflow/example_dags/tutorial_dag.py
[2026-06-28T08:56:02.103+0000] {logging_mixin.py:188} INFO - [2026-06-28T08:56:02.103+0000] {dag.py:3096} INFO - Sync 1 DAGs
[2026-06-28T08:56:02.122+0000] {logging_mixin.py:188} INFO - [2026-06-28T08:56:02.122+0000] {dag.py:3954} INFO - Setting next_dagrun for tutorial_dag to None, run_after=None
[2026-06-28T08:56:02.144+0000] {processor.py:183} INFO - Processing /home/airflow/.local/lib/python3.12/site-packages/airflow/example_dags/tutorial_dag.py took 0.084 seconds
[2026-06-28T08:56:32.272+0000] {processor.py:161} INFO - Started process (PID=548) to work on /home/airflow/.local/lib/python3.12/site-packages/airflow/example_dags/tutorial_dag.py
[2026-06-28T08:56:32.274+0000] {processor.py:830} INFO - Processing file /home/airflow/.local/lib/python3.12/site-packages/airflow/example_dags/tutorial_dag.py for tasks to queue
[2026-06-28T08:56:32.279+0000] {logging_mixin.py:188} INFO - [2026-06-28T08:56:32.278+0000] {dagbag.py:545} INFO - Filling up the DagBag from /home/airflow/.local/lib/python3.12/site-packages/airflow/example_dags/tutorial_dag.py
[2026-06-28T08:56:32.293+0000] {processor.py:840} INFO - DAG(s) 'tutorial_dag' retrieved from /home/airflow/.local/lib/python3.12/site-packages/airflow/example_dags/tutorial_dag.py
[2026-06-28T08:56:32.326+0000] {logging_mixin.py:188} INFO - [2026-06-28T08:56:32.325+0000] {dag.py:3096} INFO - Sync 1 DAGs
[2026-06-28T08:56:32.356+0000] {logging_mixin.py:188} INFO - [2026-06-28T08:56:32.356+0000] {dag.py:3954} INFO - Setting next_dagrun for tutorial_dag to None, run_after=None
[2026-06-28T08:56:32.398+0000] {processor.py:183} INFO - Processing /home/airflow/.local/lib/python3.12/site-packages/airflow/example_dags/tutorial_dag.py took 0.133 seconds
[2026-06-28T08:57:02.866+0000] {processor.py:161} INFO - Started process (PID=607) to work on /home/airflow/.local/lib/python3.12/site-packages/airflow/example_dags/tutorial_dag.py
[2026-06-28T08:57:02.868+0000] {processor.py:830} INFO - Processing file /home/airflow/.local/lib/python3.12/site-packages/airflow/example_dags/tutorial_dag.py for tasks to queue
[2026-06-28T08:57:02.872+0000] {logging_mixin.py:188} INFO - [2026-06-28T08:57:02.872+0000] {dagbag.py:545} INFO - Filling up the DagBag from /home/airflow/.local/lib/python3.12/site-packages/airflow/example_dags/tutorial_dag.py
[2026-06-28T08:57:02.886+0000] {processor.py:840} INFO - DAG(s) 'tutorial_dag' retrieved from /home/airflow/.local/lib/python3.12/site-packages/airflow/example_dags/tutorial_dag.py
[2026-06-28T08:57:02.952+0000] {logging_mixin.py:188} INFO - [2026-06-28T08:57:02.951+0000] {dag.py:3096} INFO - Sync 1 DAGs
[2026-06-28T08:57:02.992+0000] {logging_mixin.py:188} INFO - [2026-06-28T08:57:02.991+0000] {dag.py:3954} INFO - Setting next_dagrun for tutorial_dag to None, run_after=None
[2026-06-28T08:57:03.041+0000] {processor.py:183} INFO - Processing /home/airflow/.local/lib/python3.12/site-packages/airflow/example_dags/tutorial_dag.py took 0.214 seconds
[2026-06-28T08:57:33.220+0000] {processor.py:161} INFO - Started process (PID=666) to work on /home/airflow/.local/lib/python3.12/site-packages/airflow/example_dags/tutorial_dag.py
[2026-06-28T08:57:33.221+0000] {processor.py:830} INFO - Processing file /home/airflow/.local/lib/python3.12/site-packages/airflow/example_dags/tutorial_dag.py for tasks to queue
[2026-06-28T08:57:33.223+0000] {logging_mixin.py:188} INFO - [2026-06-28T08:57:33.222+0000] {dagbag.py:545} INFO - Filling up the DagBag from /home/airflow/.local/lib/python3.12/site-packages/airflow/example_dags/tutorial_dag.py
[2026-06-28T08:57:33.229+0000] {processor.py:840} INFO - DAG(s) 'tutorial_dag' retrieved from /home/airflow/.local/lib/python3.12/site-packages/airflow/example_dags/tutorial_dag.py
[2026-06-28T08:57:33.260+0000] {logging_mixin.py:188} INFO - [2026-06-28T08:57:33.260+0000] {dag.py:3096} INFO - Sync 1 DAGs
[2026-06-28T08:57:33.277+0000] {logging_mixin.py:188} INFO - [2026-06-28T08:57:33.276+0000] {dag.py:3954} INFO - Setting next_dagrun for tutorial_dag to None, run_after=None
[2026-06-28T08:57:33.303+0000] {processor.py:183} INFO - Processing /home/airflow/.local/lib/python3.12/site-packages/airflow/example_dags/tutorial_dag.py took 0.090 seconds
[2026-06-28T08:58:03.470+0000] {processor.py:161} INFO - Started process (PID=725) to work on /home/airflow/.local/lib/python3.12/site-packages/airflow/example_dags/tutorial_dag.py
[2026-06-28T08:58:03.470+0000] {processor.py:830} INFO - Processing file /home/airflow/.local/lib/python3.12/site-packages/airflow/example_dags/tutorial_dag.py for tasks to queue
[2026-06-28T08:58:03.472+0000] {logging_mixin.py:188} INFO - [2026-06-28T08:58:03.472+0000] {dagbag.py:545} INFO - Filling up the DagBag from /home/airflow/.local/lib/python3.12/site-packages/airflow/example_dags/tutorial_dag.py
[2026-06-28T08:58:03.476+0000] {processor.py:840} INFO - DAG(s) 'tutorial_dag' retrieved from /home/airflow/.local/lib/python3.12/site-packages/airflow/example_dags/tutorial_dag.py
[2026-06-28T08:58:03.507+0000] {logging_mixin.py:188} INFO - [2026-06-28T08:58:03.507+0000] {dag.py:3096} INFO - Sync 1 DAGs
[2026-06-28T08:58:03.527+0000] {logging_mixin.py:188} INFO - [2026-06-28T08:58:03.527+0000] {dag.py:3954} INFO - Setting next_dagrun for tutorial_dag to None, run_after=None
[2026-06-28T08:58:03.551+0000] {processor.py:183} INFO - Processing /home/airflow/.local/lib/python3.12/site-packages/airflow/example_dags/tutorial_dag.py took 0.086 seconds
[2026-06-28T08:58:33.831+0000] {processor.py:161} INFO - Started process (PID=784) to work on /home/airflow/.local/lib/python3.12/site-packages/airflow/example_dags/tutorial_dag.py
[2026-06-28T08:58:33.831+0000] {processor.py:830} INFO - Processing file /home/airflow/.local/lib/python3.12/site-packages/airflow/example_dags/tutorial_dag.py for tasks to queue
[2026-06-28T08:58:33.833+0000] {logging_mixin.py:188} INFO - [2026-06-28T08:58:33.832+0000] {dagbag.py:545} INFO - Filling up the DagBag from /home/airflow/.local/lib/python3.12/site-packages/airflow/example_dags/tutorial_dag.py
[2026-06-28T08:58:33.837+0000] {processor.py:840} INFO - DAG(s) 'tutorial_dag' retrieved from /home/airflow/.local/lib/python3.12/site-packages/airflow/example_dags/tutorial_dag.py
[2026-06-28T08:58:33.862+0000] {logging_mixin.py:188} INFO - [2026-06-28T08:58:33.862+0000] {dag.py:3096} INFO - Sync 1 DAGs
[2026-06-28T08:58:33.876+0000] {logging_mixin.py:188} INFO - [2026-06-28T08:58:33.876+0000] {dag.py:3954} INFO - Setting next_dagrun for tutorial_dag to None, run_after=None
[2026-06-28T08:58:33.897+0000] {processor.py:183} INFO - Processing /home/airflow/.local/lib/python3.12/site-packages/airflow/example_dags/tutorial_dag.py took 0.071 seconds
[2026-06-28T08:59:04.239+0000] {processor.py:161} INFO - Started process (PID=843) to work on /home/airflow/.local/lib/python3.12/site-packages/airflow/example_dags/tutorial_dag.py
[2026-06-28T08:59:04.240+0000] {processor.py:830} INFO - Processing file /home/airflow/.local/lib/python3.12/site-packages/airflow/example_dags/tutorial_dag.py for tasks to queue
[2026-06-28T08:59:04.242+0000] {logging_mixin.py:188} INFO - [2026-06-28T08:59:04.241+0000] {dagbag.py:545} INFO - Filling up the DagBag from /home/airflow/.local/lib/python3.12/site-packages/airflow/example_dags/tutorial_dag.py
[2026-06-28T08:59:04.246+0000] {processor.py:840} INFO - DAG(s) 'tutorial_dag' retrieved from /home/airflow/.local/lib/python3.12/site-packages/airflow/example_dags/tutorial_dag.py
[2026-06-28T08:59:04.266+0000] {logging_mixin.py:188} INFO - [2026-06-28T08:59:04.266+0000] {dag.py:3096} INFO - Sync 1 DAGs
[2026-06-28T08:59:04.277+0000] {logging_mixin.py:188} INFO - [2026-06-28T08:59:04.277+0000] {dag.py:3954} INFO - Setting next_dagrun for tutorial_dag to None, run_after=None
[2026-06-28T08:59:04.292+0000] {processor.py:183} INFO - Processing /home/airflow/.local/lib/python3.12/site-packages/airflow/example_dags/tutorial_dag.py took 0.057 seconds
[2026-06-28T08:59:34.895+0000] {processor.py:161} INFO - Started process (PID=902) to work on /home/airflow/.local/lib/python3.12/site-packages/airflow/example_dags/tutorial_dag.py
[2026-06-28T08:59:34.895+0000] {processor.py:830} INFO - Processing file /home/airflow/.local/lib/python3.12/site-packages/airflow/example_dags/tutorial_dag.py for tasks to queue
[2026-06-28T08:59:34.897+0000] {logging_mixin.py:188} INFO - [2026-06-28T08:59:34.896+0000] {dagbag.py:545} INFO - Filling up the DagBag from /home/airflow/.local/lib/python3.12/site-packages/airflow/example_dags/tutorial_dag.py
[2026-06-28T08:59:34.901+0000] {processor.py:840} INFO - DAG(s) 'tutorial_dag' retrieved from /home/airflow/.local/lib/python3.12/site-packages/airflow/example_dags/tutorial_dag.py
[2026-06-28T08:59:34.918+0000] {logging_mixin.py:188} INFO - [2026-06-28T08:59:34.918+0000] {dag.py:3096} INFO - Sync 1 DAGs
[2026-06-28T08:59:34.929+0000] {logging_mixin.py:188} INFO - [2026-06-28T08:59:34.929+0000] {dag.py:3954} INFO - Setting next_dagrun for tutorial_dag to None, run_after=None
[2026-06-28T08:59:34.944+0000] {processor.py:183} INFO - Processing /home/airflow/.local/lib/python3.12/site-packages/airflow/example_dags/tutorial_dag.py took 0.054 seconds
[2026-06-28T09:00:05.764+0000] {processor.py:161} INFO - Started process (PID=961) to work on /home/airflow/.local/lib/python3.12/site-packages/airflow/example_dags/tutorial_dag.py
[2026-06-28T09:00:05.765+0000] {processor.py:830} INFO - Processing file /home/airflow/.local/lib/python3.12/site-packages/airflow/example_dags/tutorial_dag.py for tasks to queue
[2026-06-28T09:00:05.767+0000] {logging_mixin.py:188} INFO - [2026-06-28T09:00:05.766+0000] {dagbag.py:545} INFO - Filling up the DagBag from /home/airflow/.local/lib/python3.12/site-packages/airflow/example_dags/tutorial_dag.py
[2026-06-28T09:00:05.771+0000] {processor.py:840} INFO - DAG(s) 'tutorial_dag' retrieved from /home/airflow/.local/lib/python3.12/site-packages/airflow/example_dags/tutorial_dag.py
[2026-06-28T09:00:05.788+0000] {logging_mixin.py:188} INFO - [2026-06-28T09:00:05.788+0000] {dag.py:3096} INFO - Sync 1 DAGs
[2026-06-28T09:00:05.799+0000] {logging_mixin.py:188} INFO - [2026-06-28T09:00:05.799+0000] {dag.py:3954} INFO - Setting next_dagrun for tutorial_dag to None, run_after=None
[2026-06-28T09:00:05.815+0000] {processor.py:183} INFO - Processing /home/airflow/.local/lib/python3.12/site-packages/airflow/example_dags/tutorial_dag.py took 0.056 seconds
[2026-06-28T09:00:36.545+0000] {processor.py:161} INFO - Started process (PID=1020) to work on /home/airflow/.local/lib/python3.12/site-packages/airflow/example_dags/tutorial_dag.py
[2026-06-28T09:00:36.546+0000] {processor.py:830} INFO - Processing file /home/airflow/.local/lib/python3.12/site-packages/airflow/example_dags/tutorial_dag.py for tasks to queue
[2026-06-28T09:00:36.548+0000] {logging_mixin.py:188} INFO - [2026-06-28T09:00:36.548+0000] {dagbag.py:545} INFO - Filling up the DagBag from /home/airflow/.local/lib/python3.12/site-packages/airflow/example_dags/tutorial_dag.py
[2026-06-28T09:00:36.555+0000] {processor.py:840} INFO - DAG(s) 'tutorial_dag' retrieved from /home/airflow/.local/lib/python3.12/site-packages/airflow/example_dags/tutorial_dag.py
[2026-06-28T09:00:36.586+0000] {logging_mixin.py:188} INFO - [2026-06-28T09:00:36.586+0000] {dag.py:3096} INFO - Sync 1 DAGs
[2026-06-28T09:00:36.605+0000] {logging_mixin.py:188} INFO - [2026-06-28T09:00:36.604+0000] {dag.py:3954} INFO - Setting next_dagrun for tutorial_dag to None, run_after=None
[2026-06-28T09:00:36.636+0000] {processor.py:183} INFO - Processing /home/airflow/.local/lib/python3.12/site-packages/airflow/example_dags/tutorial_dag.py took 0.096 seconds
[2026-06-28T09:01:07.359+0000] {processor.py:161} INFO - Started process (PID=1079) to work on /home/airflow/.local/lib/python3.12/site-packages/airflow/example_dags/tutorial_dag.py
[2026-06-28T09:01:07.361+0000] {processor.py:830} INFO - Processing file /home/airflow/.local/lib/python3.12/site-packages/airflow/example_dags/tutorial_dag.py for tasks to queue
[2026-06-28T09:01:07.365+0000] {logging_mixin.py:188} INFO - [2026-06-28T09:01:07.365+0000] {dagbag.py:545} INFO - Filling up the DagBag from /home/airflow/.local/lib/python3.12/site-packages/airflow/example_dags/tutorial_dag.py
[2026-06-28T09:01:07.384+0000] {processor.py:840} INFO - DAG(s) 'tutorial_dag' retrieved from /home/airflow/.local/lib/python3.12/site-packages/airflow/example_dags/tutorial_dag.py
[2026-06-28T09:01:07.467+0000] {logging_mixin.py:188} INFO - [2026-06-28T09:01:07.467+0000] {dag.py:3096} INFO - Sync 1 DAGs
[2026-06-28T09:01:07.516+0000] {logging_mixin.py:188} INFO - [2026-06-28T09:01:07.515+0000] {dag.py:3954} INFO - Setting next_dagrun for tutorial_dag to None, run_after=None
[2026-06-28T09:01:07.555+0000] {processor.py:183} INFO - Processing /home/airflow/.local/lib/python3.12/site-packages/airflow/example_dags/tutorial_dag.py took 0.215 seconds
[2026-06-28T09:01:38.294+0000] {processor.py:161} INFO - Started process (PID=1138) to work on /home/airflow/.local/lib/python3.12/site-packages/airflow/example_dags/tutorial_dag.py
[2026-06-28T09:01:38.295+0000] {processor.py:830} INFO - Processing file /home/airflow/.local/lib/python3.12/site-packages/airflow/example_dags/tutorial_dag.py for tasks to queue
[2026-06-28T09:01:38.301+0000] {logging_mixin.py:188} INFO - [2026-06-28T09:01:38.301+0000] {dagbag.py:545} INFO - Filling up the DagBag from /home/airflow/.local/lib/python3.12/site-packages/airflow/example_dags/tutorial_dag.py
[2026-06-28T09:01:38.316+0000] {processor.py:840} INFO - DAG(s) 'tutorial_dag' retrieved from /home/airflow/.local/lib/python3.12/site-packages/airflow/example_dags/tutorial_dag.py
[2026-06-28T09:01:38.354+0000] {logging_mixin.py:188} INFO - [2026-06-28T09:01:38.354+0000] {dag.py:3096} INFO - Sync 1 DAGs
[2026-06-28T09:01:38.370+0000] {logging_mixin.py:188} INFO - [2026-06-28T09:01:38.369+0000] {dag.py:3954} INFO - Setting next_dagrun for tutorial_dag to None, run_after=None
[2026-06-28T09:01:38.394+0000] {processor.py:183} INFO - Processing /home/airflow/.local/lib/python3.12/site-packages/airflow/example_dags/tutorial_dag.py took 0.113 seconds
[2026-06-28T09:02:09.329+0000] {processor.py:161} INFO - Started process (PID=1197) to work on /home/airflow/.local/lib/python3.12/site-packages/airflow/example_dags/tutorial_dag.py
[2026-06-28T09:02:09.333+0000] {processor.py:830} INFO - Processing file /home/airflow/.local/lib/python3.12/site-packages/airflow/example_dags/tutorial_dag.py for tasks to queue
[2026-06-28T09:02:09.337+0000] {logging_mixin.py:188} INFO - [2026-06-28T09:02:09.337+0000] {dagbag.py:545} INFO - Filling up the DagBag from /home/airflow/.local/lib/python3.12/site-packages/airflow/example_dags/tutorial_dag.py
[2026-06-28T09:02:09.349+0000] {processor.py:840} INFO - DAG(s) 'tutorial_dag' retrieved from /home/airflow/.local/lib/python3.12/site-packages/airflow/example_dags/tutorial_dag.py
[2026-06-28T09:02:09.385+0000] {logging_mixin.py:188} INFO - [2026-06-28T09:02:09.384+0000] {dag.py:3096} INFO - Sync 1 DAGs
[2026-06-28T09:02:09.402+0000] {logging_mixin.py:188} INFO - [2026-06-28T09:02:09.401+0000] {dag.py:3954} INFO - Setting next_dagrun for tutorial_dag to None, run_after=None
[2026-06-28T09:02:09.422+0000] {processor.py:183} INFO - Processing /home/airflow/.local/lib/python3.12/site-packages/airflow/example_dags/tutorial_dag.py took 0.110 seconds
[2026-06-28T09:02:39.648+0000] {processor.py:161} INFO - Started process (PID=1254) to work on /home/airflow/.local/lib/python3.12/site-packages/airflow/example_dags/tutorial_dag.py
[2026-06-28T09:02:39.649+0000] {processor.py:830} INFO - Processing file /home/airflow/.local/lib/python3.12/site-packages/airflow/example_dags/tutorial_dag.py for tasks to queue
[2026-06-28T09:02:39.650+0000] {logging_mixin.py:188} INFO - [2026-06-28T09:02:39.650+0000] {dagbag.py:545} INFO - Filling up the DagBag from /home/airflow/.local/lib/python3.12/site-packages/airflow/example_dags/tutorial_dag.py
[2026-06-28T09:02:39.655+0000] {processor.py:840} INFO - DAG(s) 'tutorial_dag' retrieved from /home/airflow/.local/lib/python3.12/site-packages/airflow/example_dags/tutorial_dag.py
[2026-06-28T09:02:39.673+0000] {logging_mixin.py:188} INFO - [2026-06-28T09:02:39.672+0000] {dag.py:3096} INFO - Sync 1 DAGs
[2026-06-28T09:02:39.685+0000] {logging_mixin.py:188} INFO - [2026-06-28T09:02:39.685+0000] {dag.py:3954} INFO - Setting next_dagrun for tutorial_dag to None, run_after=None
[2026-06-28T09:02:39.705+0000] {processor.py:183} INFO - Processing /home/airflow/.local/lib/python3.12/site-packages/airflow/example_dags/tutorial_dag.py took 0.062 seconds
[2026-06-28T09:03:09.760+0000] {processor.py:161} INFO - Started process (PID=1313) to work on /home/airflow/.local/lib/python3.12/site-packages/airflow/example_dags/tutorial_dag.py
[2026-06-28T09:03:09.761+0000] {processor.py:830} INFO - Processing file /home/airflow/.local/lib/python3.12/site-packages/airflow/example_dags/tutorial_dag.py for tasks to queue
[2026-06-28T09:03:09.762+0000] {logging_mixin.py:188} INFO - [2026-06-28T09:03:09.762+0000] {dagbag.py:545} INFO - Filling up the DagBag from /home/airflow/.local/lib/python3.12/site-packages/airflow/example_dags/tutorial_dag.py
[2026-06-28T09:03:09.767+0000] {processor.py:840} INFO - DAG(s) 'tutorial_dag' retrieved from /home/airflow/.local/lib/python3.12/site-packages/airflow/example_dags/tutorial_dag.py
[2026-06-28T09:03:09.784+0000] {logging_mixin.py:188} INFO - [2026-06-28T09:03:09.784+0000] {dag.py:3096} INFO - Sync 1 DAGs
[2026-06-28T09:03:09.795+0000] {logging_mixin.py:188} INFO - [2026-06-28T09:03:09.795+0000] {dag.py:3954} INFO - Setting next_dagrun for tutorial_dag to None, run_after=None
[2026-06-28T09:03:09.811+0000] {processor.py:183} INFO - Processing /home/airflow/.local/lib/python3.12/site-packages/airflow/example_dags/tutorial_dag.py took 0.056 seconds
[2026-06-28T09:03:40.449+0000] {processor.py:161} INFO - Started process (PID=1372) to work on /home/airflow/.local/lib/python3.12/site-packages/airflow/example_dags/tutorial_dag.py
[2026-06-28T09:03:40.449+0000] {processor.py:830} INFO - Processing file /home/airflow/.local/lib/python3.12/site-packages/airflow/example_dags/tutorial_dag.py for tasks to queue
[2026-06-28T09:03:40.451+0000] {logging_mixin.py:188} INFO - [2026-06-28T09:03:40.451+0000] {dagbag.py:545} INFO - Filling up the DagBag from /home/airflow/.local/lib/python3.12/site-packages/airflow/example_dags/tutorial_dag.py
[2026-06-28T09:03:40.456+0000] {processor.py:840} INFO - DAG(s) 'tutorial_dag' retrieved from /home/airflow/.local/lib/python3.12/site-packages/airflow/example_dags/tutorial_dag.py
[2026-06-28T09:03:40.473+0000] {logging_mixin.py:188} INFO - [2026-06-28T09:03:40.473+0000] {dag.py:3096} INFO - Sync 1 DAGs
[2026-06-28T09:03:40.486+0000] {logging_mixin.py:188} INFO - [2026-06-28T09:03:40.485+0000] {dag.py:3954} INFO - Setting next_dagrun for tutorial_dag to None, run_after=None
[2026-06-28T09:03:40.503+0000] {processor.py:183} INFO - Processing /home/airflow/.local/lib/python3.12/site-packages/airflow/example_dags/tutorial_dag.py took 0.059 seconds
[2026-06-28T09:04:11.316+0000] {processor.py:161} INFO - Started process (PID=1431) to work on /home/airflow/.local/lib/python3.12/site-packages/airflow/example_dags/tutorial_dag.py
[2026-06-28T09:04:11.317+0000] {processor.py:830} INFO - Processing file /home/airflow/.local/lib/python3.12/site-packages/airflow/example_dags/tutorial_dag.py for tasks to queue
[2026-06-28T09:04:11.319+0000] {logging_mixin.py:188} INFO - [2026-06-28T09:04:11.319+0000] {dagbag.py:545} INFO - Filling up the DagBag from /home/airflow/.local/lib/python3.12/site-packages/airflow/example_dags/tutorial_dag.py
[2026-06-28T09:04:11.324+0000] {processor.py:840} INFO - DAG(s) 'tutorial_dag' retrieved from /home/airflow/.local/lib/python3.12/site-packages/airflow/example_dags/tutorial_dag.py
[2026-06-28T09:04:11.341+0000] {logging_mixin.py:188} INFO - [2026-06-28T09:04:11.341+0000] {dag.py:3096} INFO - Sync 1 DAGs
[2026-06-28T09:04:11.352+0000] {logging_mixin.py:188} INFO - [2026-06-28T09:04:11.352+0000] {dag.py:3954} INFO - Setting next_dagrun for tutorial_dag to None, run_after=None
[2026-06-28T09:04:11.367+0000] {processor.py:183} INFO - Processing /home/airflow/.local/lib/python3.12/site-packages/airflow/example_dags/tutorial_dag.py took 0.057 seconds
[2026-06-28T09:04:41.940+0000] {processor.py:161} INFO - Started process (PID=1491) to work on /home/airflow/.local/lib/python3.12/site-packages/airflow/example_dags/tutorial_dag.py
[2026-06-28T09:04:41.941+0000] {processor.py:830} INFO - Processing file /home/airflow/.local/lib/python3.12/site-packages/airflow/example_dags/tutorial_dag.py for tasks to queue
[2026-06-28T09:04:41.943+0000] {logging_mixin.py:188} INFO - [2026-06-28T09:04:41.942+0000] {dagbag.py:545} INFO - Filling up the DagBag from /home/airflow/.local/lib/python3.12/site-packages/airflow/example_dags/tutorial_dag.py
[2026-06-28T09:04:41.947+0000] {processor.py:840} INFO - DAG(s) 'tutorial_dag' retrieved from /home/airflow/.local/lib/python3.12/site-packages/airflow/example_dags/tutorial_dag.py
[2026-06-28T09:04:41.964+0000] {logging_mixin.py:188} INFO - [2026-06-28T09:04:41.964+0000] {dag.py:3096} INFO - Sync 1 DAGs
[2026-06-28T09:04:41.975+0000] {logging_mixin.py:188} INFO - [2026-06-28T09:04:41.975+0000] {dag.py:3954} INFO - Setting next_dagrun for tutorial_dag to None, run_after=None
[2026-06-28T09:04:41.990+0000] {processor.py:183} INFO - Processing /home/airflow/.local/lib/python3.12/site-packages/airflow/example_dags/tutorial_dag.py took 0.055 seconds
[2026-06-28T09:05:12.615+0000] {processor.py:161} INFO - Started process (PID=1550) to work on /home/airflow/.local/lib/python3.12/site-packages/airflow/example_dags/tutorial_dag.py
[2026-06-28T09:05:12.618+0000] {processor.py:830} INFO - Processing file /home/airflow/.local/lib/python3.12/site-packages/airflow/example_dags/tutorial_dag.py for tasks to queue
[2026-06-28T09:05:12.622+0000] {logging_mixin.py:188} INFO - [2026-06-28T09:05:12.622+0000] {dagbag.py:545} INFO - Filling up the DagBag from /home/airflow/.local/lib/python3.12/site-packages/airflow/example_dags/tutorial_dag.py
[2026-06-28T09:05:12.639+0000] {processor.py:840} INFO - DAG(s) 'tutorial_dag' retrieved from /home/airflow/.local/lib/python3.12/site-packages/airflow/example_dags/tutorial_dag.py
[2026-06-28T09:05:12.706+0000] {logging_mixin.py:188} INFO - [2026-06-28T09:05:12.706+0000] {dag.py:3096} INFO - Sync 1 DAGs
[2026-06-28T09:05:12.744+0000] {logging_mixin.py:188} INFO - [2026-06-28T09:05:12.741+0000] {dag.py:3954} INFO - Setting next_dagrun for tutorial_dag to None, run_after=None
[2026-06-28T09:05:12.785+0000] {processor.py:183} INFO - Processing /home/airflow/.local/lib/python3.12/site-packages/airflow/example_dags/tutorial_dag.py took 0.192 seconds
[2026-06-28T09:05:43.135+0000] {processor.py:161} INFO - Started process (PID=1609) to work on /home/airflow/.local/lib/python3.12/site-packages/airflow/example_dags/tutorial_dag.py
[2026-06-28T09:05:43.135+0000] {processor.py:830} INFO - Processing file /home/airflow/.local/lib/python3.12/site-packages/airflow/example_dags/tutorial_dag.py for tasks to queue
[2026-06-28T09:05:43.137+0000] {logging_mixin.py:188} INFO - [2026-06-28T09:05:43.137+0000] {dagbag.py:545} INFO - Filling up the DagBag from /home/airflow/.local/lib/python3.12/site-packages/airflow/example_dags/tutorial_dag.py
[2026-06-28T09:05:43.141+0000] {processor.py:840} INFO - DAG(s) 'tutorial_dag' retrieved from /home/airflow/.local/lib/python3.12/site-packages/airflow/example_dags/tutorial_dag.py
[2026-06-28T09:05:43.158+0000] {logging_mixin.py:188} INFO - [2026-06-28T09:05:43.157+0000] {dag.py:3096} INFO - Sync 1 DAGs
[2026-06-28T09:05:43.168+0000] {logging_mixin.py:188} INFO - [2026-06-28T09:05:43.168+0000] {dag.py:3954} INFO - Setting next_dagrun for tutorial_dag to None, run_after=None
[2026-06-28T09:05:43.183+0000] {processor.py:183} INFO - Processing /home/airflow/.local/lib/python3.12/site-packages/airflow/example_dags/tutorial_dag.py took 0.055 seconds
[2026-06-28T09:06:13.363+0000] {processor.py:161} INFO - Started process (PID=1668) to work on /home/airflow/.local/lib/python3.12/site-packages/airflow/example_dags/tutorial_dag.py
[2026-06-28T09:06:13.364+0000] {processor.py:830} INFO - Processing file /home/airflow/.local/lib/python3.12/site-packages/airflow/example_dags/tutorial_dag.py for tasks to queue
[2026-06-28T09:06:13.366+0000] {logging_mixin.py:188} INFO - [2026-06-28T09:06:13.365+0000] {dagbag.py:545} INFO - Filling up the DagBag from /home/airflow/.local/lib/python3.12/site-packages/airflow/example_dags/tutorial_dag.py
[2026-06-28T09:06:13.370+0000] {processor.py:840} INFO - DAG(s) 'tutorial_dag' retrieved from /home/airflow/.local/lib/python3.12/site-packages/airflow/example_dags/tutorial_dag.py
[2026-06-28T09:06:13.387+0000] {logging_mixin.py:188} INFO - [2026-06-28T09:06:13.387+0000] {dag.py:3096} INFO - Sync 1 DAGs
[2026-06-28T09:06:13.398+0000] {logging_mixin.py:188} INFO - [2026-06-28T09:06:13.398+0000] {dag.py:3954} INFO - Setting next_dagrun for tutorial_dag to None, run_after=None
[2026-06-28T09:06:13.533+0000] {processor.py:183} INFO - Processing /home/airflow/.local/lib/python3.12/site-packages/airflow/example_dags/tutorial_dag.py took 0.175 seconds
[2026-06-28T09:06:44.503+0000] {processor.py:161} INFO - Started process (PID=1727) to work on /home/airflow/.local/lib/python3.12/site-packages/airflow/example_dags/tutorial_dag.py
[2026-06-28T09:06:44.504+0000] {processor.py:830} INFO - Processing file /home/airflow/.local/lib/python3.12/site-packages/airflow/example_dags/tutorial_dag.py for tasks to queue
[2026-06-28T09:06:44.505+0000] {logging_mixin.py:188} INFO - [2026-06-28T09:06:44.505+0000] {dagbag.py:545} INFO - Filling up the DagBag from /home/airflow/.local/lib/python3.12/site-packages/airflow/example_dags/tutorial_dag.py
[2026-06-28T09:06:44.510+0000] {processor.py:840} INFO - DAG(s) 'tutorial_dag' retrieved from /home/airflow/.local/lib/python3.12/site-packages/airflow/example_dags/tutorial_dag.py
[2026-06-28T09:06:44.526+0000] {logging_mixin.py:188} INFO - [2026-06-28T09:06:44.526+0000] {dag.py:3096} INFO - Sync 1 DAGs
[2026-06-28T09:06:44.542+0000] {logging_mixin.py:188} INFO - [2026-06-28T09:06:44.542+0000] {dag.py:3954} INFO - Setting next_dagrun for tutorial_dag to None, run_after=None
[2026-06-28T09:06:44.681+0000] {processor.py:183} INFO - Processing /home/airflow/.local/lib/python3.12/site-packages/airflow/example_dags/tutorial_dag.py took 0.184 seconds
[2026-06-28T09:07:15.135+0000] {processor.py:161} INFO - Started process (PID=1786) to work on /home/airflow/.local/lib/python3.12/site-packages/airflow/example_dags/tutorial_dag.py
[2026-06-28T09:07:15.136+0000] {processor.py:830} INFO - Processing file /home/airflow/.local/lib/python3.12/site-packages/airflow/example_dags/tutorial_dag.py for tasks to queue
[2026-06-28T09:07:15.140+0000] {logging_mixin.py:188} INFO - [2026-06-28T09:07:15.138+0000] {dagbag.py:545} INFO - Filling up the DagBag from /home/airflow/.local/lib/python3.12/site-packages/airflow/example_dags/tutorial_dag.py
[2026-06-28T09:07:15.149+0000] {processor.py:840} INFO - DAG(s) 'tutorial_dag' retrieved from /home/airflow/.local/lib/python3.12/site-packages/airflow/example_dags/tutorial_dag.py
[2026-06-28T09:07:15.167+0000] {logging_mixin.py:188} INFO - [2026-06-28T09:07:15.167+0000] {dag.py:3096} INFO - Sync 1 DAGs
[2026-06-28T09:07:15.178+0000] {logging_mixin.py:188} INFO - [2026-06-28T09:07:15.178+0000] {dag.py:3954} INFO - Setting next_dagrun for tutorial_dag to None, run_after=None
[2026-06-28T09:07:15.352+0000] {processor.py:183} INFO - Processing /home/airflow/.local/lib/python3.12/site-packages/airflow/example_dags/tutorial_dag.py took 0.227 seconds
[2026-06-28T09:07:45.900+0000] {processor.py:161} INFO - Started process (PID=1845) to work on /home/airflow/.local/lib/python3.12/site-packages/airflow/example_dags/tutorial_dag.py
[2026-06-28T09:07:45.900+0000] {processor.py:830} INFO - Processing file /home/airflow/.local/lib/python3.12/site-packages/airflow/example_dags/tutorial_dag.py for tasks to queue
[2026-06-28T09:07:45.902+0000] {logging_mixin.py:188} INFO - [2026-06-28T09:07:45.902+0000] {dagbag.py:545} INFO - Filling up the DagBag from /home/airflow/.local/lib/python3.12/site-packages/airflow/example_dags/tutorial_dag.py
[2026-06-28T09:07:45.906+0000] {processor.py:840} INFO - DAG(s) 'tutorial_dag' retrieved from /home/airflow/.local/lib/python3.12/site-packages/airflow/example_dags/tutorial_dag.py
[2026-06-28T09:07:45.924+0000] {logging_mixin.py:188} INFO - [2026-06-28T09:07:45.924+0000] {dag.py:3096} INFO - Sync 1 DAGs
[2026-06-28T09:07:45.936+0000] {logging_mixin.py:188} INFO - [2026-06-28T09:07:45.936+0000] {dag.py:3954} INFO - Setting next_dagrun for tutorial_dag to None, run_after=None
[2026-06-28T09:07:45.952+0000] {processor.py:183} INFO - Processing /home/airflow/.local/lib/python3.12/site-packages/airflow/example_dags/tutorial_dag.py took 0.058 seconds
[2026-06-28T09:08:16.003+0000] {processor.py:161} INFO - Started process (PID=1901) to work on /home/airflow/.local/lib/python3.12/site-packages/airflow/example_dags/tutorial_dag.py
[2026-06-28T09:08:16.004+0000] {processor.py:830} INFO - Processing file /home/airflow/.local/lib/python3.12/site-packages/airflow/example_dags/tutorial_dag.py for tasks to queue
[2026-06-28T09:08:16.006+0000] {logging_mixin.py:188} INFO - [2026-06-28T09:08:16.006+0000] {dagbag.py:545} INFO - Filling up the DagBag from /home/airflow/.local/lib/python3.12/site-packages/airflow/example_dags/tutorial_dag.py
[2026-06-28T09:08:16.012+0000] {processor.py:840} INFO - DAG(s) 'tutorial_dag' retrieved from /home/airflow/.local/lib/python3.12/site-packages/airflow/example_dags/tutorial_dag.py
[2026-06-28T09:08:16.037+0000] {logging_mixin.py:188} INFO - [2026-06-28T09:08:16.037+0000] {dag.py:3096} INFO - Sync 1 DAGs
[2026-06-28T09:08:16.053+0000] {logging_mixin.py:188} INFO - [2026-06-28T09:08:16.053+0000] {dag.py:3954} INFO - Setting next_dagrun for tutorial_dag to None, run_after=None
[2026-06-28T09:08:16.074+0000] {processor.py:183} INFO - Processing /home/airflow/.local/lib/python3.12/site-packages/airflow/example_dags/tutorial_dag.py took 0.077 seconds
[2026-06-28T09:08:46.619+0000] {processor.py:161} INFO - Started process (PID=1960) to work on /home/airflow/.local/lib/python3.12/site-packages/airflow/example_dags/tutorial_dag.py
[2026-06-28T09:08:46.622+0000] {processor.py:830} INFO - Processing file /home/airflow/.local/lib/python3.12/site-packages/airflow/example_dags/tutorial_dag.py for tasks to queue
[2026-06-28T09:08:46.628+0000] {logging_mixin.py:188} INFO - [2026-06-28T09:08:46.628+0000] {dagbag.py:545} INFO - Filling up the DagBag from /home/airflow/.local/lib/python3.12/site-packages/airflow/example_dags/tutorial_dag.py
[2026-06-28T09:08:46.646+0000] {processor.py:840} INFO - DAG(s) 'tutorial_dag' retrieved from /home/airflow/.local/lib/python3.12/site-packages/airflow/example_dags/tutorial_dag.py
[2026-06-28T09:08:46.705+0000] {logging_mixin.py:188} INFO - [2026-06-28T09:08:46.704+0000] {dag.py:3096} INFO - Sync 1 DAGs
[2026-06-28T09:08:46.781+0000] {logging_mixin.py:188} INFO - [2026-06-28T09:08:46.775+0000] {dag.py:3954} INFO - Setting next_dagrun for tutorial_dag to None, run_after=None
[2026-06-28T09:08:46.832+0000] {processor.py:183} INFO - Processing /home/airflow/.local/lib/python3.12/site-packages/airflow/example_dags/tutorial_dag.py took 0.231 seconds
[2026-06-28T09:09:17.419+0000] {processor.py:161} INFO - Started process (PID=2019) to work on /home/airflow/.local/lib/python3.12/site-packages/airflow/example_dags/tutorial_dag.py
[2026-06-28T09:09:17.429+0000] {processor.py:830} INFO - Processing file /home/airflow/.local/lib/python3.12/site-packages/airflow/example_dags/tutorial_dag.py for tasks to queue
[2026-06-28T09:09:17.435+0000] {logging_mixin.py:188} INFO - [2026-06-28T09:09:17.435+0000] {dagbag.py:545} INFO - Filling up the DagBag from /home/airflow/.local/lib/python3.12/site-packages/airflow/example_dags/tutorial_dag.py
[2026-06-28T09:09:17.451+0000] {processor.py:840} INFO - DAG(s) 'tutorial_dag' retrieved from /home/airflow/.local/lib/python3.12/site-packages/airflow/example_dags/tutorial_dag.py
[2026-06-28T09:09:17.513+0000] {logging_mixin.py:188} INFO - [2026-06-28T09:09:17.512+0000] {dag.py:3096} INFO - Sync 1 DAGs
[2026-06-28T09:09:17.535+0000] {logging_mixin.py:188} INFO - [2026-06-28T09:09:17.535+0000] {dag.py:3954} INFO - Setting next_dagrun for tutorial_dag to None, run_after=None
[2026-06-28T09:09:17.557+0000] {processor.py:183} INFO - Processing /home/airflow/.local/lib/python3.12/site-packages/airflow/example_dags/tutorial_dag.py took 0.159 seconds
[2026-06-28T09:09:48.049+0000] {processor.py:161} INFO - Started process (PID=2078) to work on /home/airflow/.local/lib/python3.12/site-packages/airflow/example_dags/tutorial_dag.py
[2026-06-28T09:09:48.050+0000] {processor.py:830} INFO - Processing file /home/airflow/.local/lib/python3.12/site-packages/airflow/example_dags/tutorial_dag.py for tasks to queue
[2026-06-28T09:09:48.051+0000] {logging_mixin.py:188} INFO - [2026-06-28T09:09:48.051+0000] {dagbag.py:545} INFO - Filling up the DagBag from /home/airflow/.local/lib/python3.12/site-packages/airflow/example_dags/tutorial_dag.py
[2026-06-28T09:09:48.056+0000] {processor.py:840} INFO - DAG(s) 'tutorial_dag' retrieved from /home/airflow/.local/lib/python3.12/site-packages/airflow/example_dags/tutorial_dag.py
[2026-06-28T09:09:48.074+0000] {logging_mixin.py:188} INFO - [2026-06-28T09:09:48.073+0000] {dag.py:3096} INFO - Sync 1 DAGs
[2026-06-28T09:09:48.085+0000] {logging_mixin.py:188} INFO - [2026-06-28T09:09:48.084+0000] {dag.py:3954} INFO - Setting next_dagrun for tutorial_dag to None, run_after=None
[2026-06-28T09:09:48.101+0000] {processor.py:183} INFO - Processing /home/airflow/.local/lib/python3.12/site-packages/airflow/example_dags/tutorial_dag.py took 0.057 seconds
[2026-06-28T09:10:18.597+0000] {processor.py:161} INFO - Started process (PID=2136) to work on /home/airflow/.local/lib/python3.12/site-packages/airflow/example_dags/tutorial_dag.py
[2026-06-28T09:10:18.598+0000] {processor.py:830} INFO - Processing file /home/airflow/.local/lib/python3.12/site-packages/airflow/example_dags/tutorial_dag.py for tasks to queue
[2026-06-28T09:10:18.599+0000] {logging_mixin.py:188} INFO - [2026-06-28T09:10:18.599+0000] {dagbag.py:545} INFO - Filling up the DagBag from /home/airflow/.local/lib/python3.12/site-packages/airflow/example_dags/tutorial_dag.py
[2026-06-28T09:10:18.604+0000] {processor.py:840} INFO - DAG(s) 'tutorial_dag' retrieved from /home/airflow/.local/lib/python3.12/site-packages/airflow/example_dags/tutorial_dag.py
[2026-06-28T09:10:18.622+0000] {logging_mixin.py:188} INFO - [2026-06-28T09:10:18.622+0000] {dag.py:3096} INFO - Sync 1 DAGs
[2026-06-28T09:10:18.634+0000] {logging_mixin.py:188} INFO - [2026-06-28T09:10:18.633+0000] {dag.py:3954} INFO - Setting next_dagrun for tutorial_dag to None, run_after=None
[2026-06-28T09:10:18.650+0000] {processor.py:183} INFO - Processing /home/airflow/.local/lib/python3.12/site-packages/airflow/example_dags/tutorial_dag.py took 0.058 seconds
[2026-06-28T09:10:48.773+0000] {processor.py:161} INFO - Started process (PID=2195) to work on /home/airflow/.local/lib/python3.12/site-packages/airflow/example_dags/tutorial_dag.py
[2026-06-28T09:10:48.782+0000] {processor.py:830} INFO - Processing file /home/airflow/.local/lib/python3.12/site-packages/airflow/example_dags/tutorial_dag.py for tasks to queue
[2026-06-28T09:10:48.788+0000] {logging_mixin.py:188} INFO - [2026-06-28T09:10:48.788+0000] {dagbag.py:545} INFO - Filling up the DagBag from /home/airflow/.local/lib/python3.12/site-packages/airflow/example_dags/tutorial_dag.py
[2026-06-28T09:10:48.804+0000] {processor.py:840} INFO - DAG(s) 'tutorial_dag' retrieved from /home/airflow/.local/lib/python3.12/site-packages/airflow/example_dags/tutorial_dag.py
[2026-06-28T09:10:48.833+0000] {logging_mixin.py:188} INFO - [2026-06-28T09:10:48.833+0000] {dag.py:3096} INFO - Sync 1 DAGs
[2026-06-28T09:10:48.844+0000] {logging_mixin.py:188} INFO - [2026-06-28T09:10:48.844+0000] {dag.py:3954} INFO - Setting next_dagrun for tutorial_dag to None, run_after=None
[2026-06-28T09:10:48.860+0000] {processor.py:183} INFO - Processing /home/airflow/.local/lib/python3.12/site-packages/airflow/example_dags/tutorial_dag.py took 0.108 seconds
[2026-06-28T09:11:19.807+0000] {processor.py:161} INFO - Started process (PID=2254) to work on /home/airflow/.local/lib/python3.12/site-packages/airflow/example_dags/tutorial_dag.py
[2026-06-28T09:11:19.818+0000] {processor.py:830} INFO - Processing file /home/airflow/.local/lib/python3.12/site-packages/airflow/example_dags/tutorial_dag.py for tasks to queue
[2026-06-28T09:11:19.832+0000] {logging_mixin.py:188} INFO - [2026-06-28T09:11:19.828+0000] {dagbag.py:545} INFO - Filling up the DagBag from /home/airflow/.local/lib/python3.12/site-packages/airflow/example_dags/tutorial_dag.py
[2026-06-28T09:11:19.881+0000] {processor.py:840} INFO - DAG(s) 'tutorial_dag' retrieved from /home/airflow/.local/lib/python3.12/site-packages/airflow/example_dags/tutorial_dag.py
[2026-06-28T09:11:20.160+0000] {logging_mixin.py:188} INFO - [2026-06-28T09:11:20.152+0000] {dag.py:3096} INFO - Sync 1 DAGs
[2026-06-28T09:11:20.335+0000] {logging_mixin.py:188} INFO - [2026-06-28T09:11:20.334+0000] {dag.py:3954} INFO - Setting next_dagrun for tutorial_dag to None, run_after=None
[2026-06-28T09:11:20.392+0000] {processor.py:183} INFO - Processing /home/airflow/.local/lib/python3.12/site-packages/airflow/example_dags/tutorial_dag.py took 0.648 seconds
[2026-06-28T09:11:50.708+0000] {processor.py:161} INFO - Started process (PID=2313) to work on /home/airflow/.local/lib/python3.12/site-packages/airflow/example_dags/tutorial_dag.py
[2026-06-28T09:11:50.710+0000] {processor.py:830} INFO - Processing file /home/airflow/.local/lib/python3.12/site-packages/airflow/example_dags/tutorial_dag.py for tasks to queue
[2026-06-28T09:11:50.713+0000] {logging_mixin.py:188} INFO - [2026-06-28T09:11:50.712+0000] {dagbag.py:545} INFO - Filling up the DagBag from /home/airflow/.local/lib/python3.12/site-packages/airflow/example_dags/tutorial_dag.py
[2026-06-28T09:11:50.727+0000] {processor.py:840} INFO - DAG(s) 'tutorial_dag' retrieved from /home/airflow/.local/lib/python3.12/site-packages/airflow/example_dags/tutorial_dag.py
[2026-06-28T09:11:50.774+0000] {logging_mixin.py:188} INFO - [2026-06-28T09:11:50.774+0000] {dag.py:3096} INFO - Sync 1 DAGs
[2026-06-28T09:11:50.805+0000] {logging_mixin.py:188} INFO - [2026-06-28T09:11:50.805+0000] {dag.py:3954} INFO - Setting next_dagrun for tutorial_dag to None, run_after=None
[2026-06-28T09:11:50.851+0000] {processor.py:183} INFO - Processing /home/airflow/.local/lib/python3.12/site-packages/airflow/example_dags/tutorial_dag.py took 0.158 seconds
[2026-06-28T09:12:21.088+0000] {processor.py:161} INFO - Started process (PID=2372) to work on /home/airflow/.local/lib/python3.12/site-packages/airflow/example_dags/tutorial_dag.py
[2026-06-28T09:12:21.089+0000] {processor.py:830} INFO - Processing file /home/airflow/.local/lib/python3.12/site-packages/airflow/example_dags/tutorial_dag.py for tasks to queue
[2026-06-28T09:12:21.092+0000] {logging_mixin.py:188} INFO - [2026-06-28T09:12:21.091+0000] {dagbag.py:545} INFO - Filling up the DagBag from /home/airflow/.local/lib/python3.12/site-packages/airflow/example_dags/tutorial_dag.py
[2026-06-28T09:12:21.098+0000] {processor.py:840} INFO - DAG(s) 'tutorial_dag' retrieved from /home/airflow/.local/lib/python3.12/site-packages/airflow/example_dags/tutorial_dag.py
[2026-06-28T09:12:21.125+0000] {logging_mixin.py:188} INFO - [2026-06-28T09:12:21.125+0000] {dag.py:3096} INFO - Sync 1 DAGs
[2026-06-28T09:12:21.142+0000] {logging_mixin.py:188} INFO - [2026-06-28T09:12:21.142+0000] {dag.py:3954} INFO - Setting next_dagrun for tutorial_dag to None, run_after=None
[2026-06-28T09:12:21.158+0000] {processor.py:183} INFO - Processing /home/airflow/.local/lib/python3.12/site-packages/airflow/example_dags/tutorial_dag.py took 0.078 seconds
[2026-06-28T09:12:51.524+0000] {processor.py:161} INFO - Started process (PID=2432) to work on /home/airflow/.local/lib/python3.12/site-packages/airflow/example_dags/tutorial_dag.py
[2026-06-28T09:12:51.525+0000] {processor.py:830} INFO - Processing file /home/airflow/.local/lib/python3.12/site-packages/airflow/example_dags/tutorial_dag.py for tasks to queue
[2026-06-28T09:12:51.527+0000] {logging_mixin.py:188} INFO - [2026-06-28T09:12:51.526+0000] {dagbag.py:545} INFO - Filling up the DagBag from /home/airflow/.local/lib/python3.12/site-packages/airflow/example_dags/tutorial_dag.py
[2026-06-28T09:12:51.531+0000] {processor.py:840} INFO - DAG(s) 'tutorial_dag' retrieved from /home/airflow/.local/lib/python3.12/site-packages/airflow/example_dags/tutorial_dag.py
[2026-06-28T09:12:51.549+0000] {logging_mixin.py:188} INFO - [2026-06-28T09:12:51.549+0000] {dag.py:3096} INFO - Sync 1 DAGs
[2026-06-28T09:12:51.560+0000] {logging_mixin.py:188} INFO - [2026-06-28T09:12:51.560+0000] {dag.py:3954} INFO - Setting next_dagrun for tutorial_dag to None, run_after=None
[2026-06-28T09:12:51.578+0000] {processor.py:183} INFO - Processing /home/airflow/.local/lib/python3.12/site-packages/airflow/example_dags/tutorial_dag.py took 0.059 seconds
[2026-06-28T09:13:21.869+0000] {processor.py:161} INFO - Started process (PID=2491) to work on /home/airflow/.local/lib/python3.12/site-packages/airflow/example_dags/tutorial_dag.py
[2026-06-28T09:13:21.869+0000] {processor.py:830} INFO - Processing file /home/airflow/.local/lib/python3.12/site-packages/airflow/example_dags/tutorial_dag.py for tasks to queue
[2026-06-28T09:13:21.871+0000] {logging_mixin.py:188} INFO - [2026-06-28T09:13:21.871+0000] {dagbag.py:545} INFO - Filling up the DagBag from /home/airflow/.local/lib/python3.12/site-packages/airflow/example_dags/tutorial_dag.py
[2026-06-28T09:13:21.876+0000] {processor.py:840} INFO - DAG(s) 'tutorial_dag' retrieved from /home/airflow/.local/lib/python3.12/site-packages/airflow/example_dags/tutorial_dag.py
[2026-06-28T09:13:21.893+0000] {logging_mixin.py:188} INFO - [2026-06-28T09:13:21.892+0000] {dag.py:3096} INFO - Sync 1 DAGs
[2026-06-28T09:13:21.905+0000] {logging_mixin.py:188} INFO - [2026-06-28T09:13:21.905+0000] {dag.py:3954} INFO - Setting next_dagrun for tutorial_dag to None, run_after=None
[2026-06-28T09:13:21.921+0000] {processor.py:183} INFO - Processing /home/airflow/.local/lib/python3.12/site-packages/airflow/example_dags/tutorial_dag.py took 0.058 seconds
[2026-06-28T09:13:52.267+0000] {processor.py:161} INFO - Started process (PID=2550) to work on /home/airflow/.local/lib/python3.12/site-packages/airflow/example_dags/tutorial_dag.py
[2026-06-28T09:13:52.273+0000] {processor.py:830} INFO - Processing file /home/airflow/.local/lib/python3.12/site-packages/airflow/example_dags/tutorial_dag.py for tasks to queue
[2026-06-28T09:13:52.280+0000] {logging_mixin.py:188} INFO - [2026-06-28T09:13:52.276+0000] {dagbag.py:545} INFO - Filling up the DagBag from /home/airflow/.local/lib/python3.12/site-packages/airflow/example_dags/tutorial_dag.py
[2026-06-28T09:13:52.302+0000] {processor.py:840} INFO - DAG(s) 'tutorial_dag' retrieved from /home/airflow/.local/lib/python3.12/site-packages/airflow/example_dags/tutorial_dag.py
[2026-06-28T09:13:52.338+0000] {logging_mixin.py:188} INFO - [2026-06-28T09:13:52.338+0000] {dag.py:3096} INFO - Sync 1 DAGs
[2026-06-28T09:13:52.356+0000] {logging_mixin.py:188} INFO - [2026-06-28T09:13:52.356+0000] {dag.py:3954} INFO - Setting next_dagrun for tutorial_dag to None, run_after=None
[2026-06-28T09:13:52.378+0000] {processor.py:183} INFO - Processing /home/airflow/.local/lib/python3.12/site-packages/airflow/example_dags/tutorial_dag.py took 0.137 seconds
[2026-06-28T09:16:49.364+0000] {processor.py:161} INFO - Started process (PID=131) to work on /home/airflow/.local/lib/python3.12/site-packages/airflow/example_dags/tutorial_dag.py
[2026-06-28T09:16:49.371+0000] {processor.py:830} INFO - Processing file /home/airflow/.local/lib/python3.12/site-packages/airflow/example_dags/tutorial_dag.py for tasks to queue
[2026-06-28T09:16:49.379+0000] {logging_mixin.py:188} INFO - [2026-06-28T09:16:49.372+0000] {dagbag.py:545} INFO - Filling up the DagBag from /home/airflow/.local/lib/python3.12/site-packages/airflow/example_dags/tutorial_dag.py
[2026-06-28T09:16:49.397+0000] {processor.py:840} INFO - DAG(s) 'tutorial_dag' retrieved from /home/airflow/.local/lib/python3.12/site-packages/airflow/example_dags/tutorial_dag.py
[2026-06-28T09:16:49.687+0000] {logging_mixin.py:188} INFO - [2026-06-28T09:16:49.687+0000] {dag.py:3096} INFO - Sync 1 DAGs
[2026-06-28T09:16:49.724+0000] {logging_mixin.py:188} INFO - [2026-06-28T09:16:49.724+0000] {dag.py:3954} INFO - Setting next_dagrun for tutorial_dag to None, run_after=None
[2026-06-28T09:16:49.795+0000] {processor.py:183} INFO - Processing /home/airflow/.local/lib/python3.12/site-packages/airflow/example_dags/tutorial_dag.py took 0.448 seconds
[2026-06-28T09:17:20.023+0000] {processor.py:161} INFO - Started process (PID=190) to work on /home/airflow/.local/lib/python3.12/site-packages/airflow/example_dags/tutorial_dag.py
[2026-06-28T09:17:20.024+0000] {processor.py:830} INFO - Processing file /home/airflow/.local/lib/python3.12/site-packages/airflow/example_dags/tutorial_dag.py for tasks to queue
[2026-06-28T09:17:20.027+0000] {logging_mixin.py:188} INFO - [2026-06-28T09:17:20.027+0000] {dagbag.py:545} INFO - Filling up the DagBag from /home/airflow/.local/lib/python3.12/site-packages/airflow/example_dags/tutorial_dag.py
[2026-06-28T09:17:20.036+0000] {processor.py:840} INFO - DAG(s) 'tutorial_dag' retrieved from /home/airflow/.local/lib/python3.12/site-packages/airflow/example_dags/tutorial_dag.py
[2026-06-28T09:17:20.075+0000] {logging_mixin.py:188} INFO - [2026-06-28T09:17:20.075+0000] {dag.py:3096} INFO - Sync 1 DAGs
[2026-06-28T09:17:20.095+0000] {logging_mixin.py:188} INFO - [2026-06-28T09:17:20.095+0000] {dag.py:3954} INFO - Setting next_dagrun for tutorial_dag to None, run_after=None
[2026-06-28T09:17:20.142+0000] {processor.py:183} INFO - Processing /home/airflow/.local/lib/python3.12/site-packages/airflow/example_dags/tutorial_dag.py took 0.132 seconds
[2026-06-28T09:17:50.701+0000] {processor.py:161} INFO - Started process (PID=250) to work on /home/airflow/.local/lib/python3.12/site-packages/airflow/example_dags/tutorial_dag.py
[2026-06-28T09:17:50.704+0000] {processor.py:830} INFO - Processing file /home/airflow/.local/lib/python3.12/site-packages/airflow/example_dags/tutorial_dag.py for tasks to queue
[2026-06-28T09:17:50.706+0000] {logging_mixin.py:188} INFO - [2026-06-28T09:17:50.705+0000] {dagbag.py:545} INFO - Filling up the DagBag from /home/airflow/.local/lib/python3.12/site-packages/airflow/example_dags/tutorial_dag.py
[2026-06-28T09:17:50.725+0000] {processor.py:840} INFO - DAG(s) 'tutorial_dag' retrieved from /home/airflow/.local/lib/python3.12/site-packages/airflow/example_dags/tutorial_dag.py
[2026-06-28T09:17:50.771+0000] {logging_mixin.py:188} INFO - [2026-06-28T09:17:50.771+0000] {dag.py:3096} INFO - Sync 1 DAGs
[2026-06-28T09:17:50.828+0000] {logging_mixin.py:188} INFO - [2026-06-28T09:17:50.828+0000] {dag.py:3954} INFO - Setting next_dagrun for tutorial_dag to None, run_after=None
[2026-06-28T09:17:50.868+0000] {processor.py:183} INFO - Processing /home/airflow/.local/lib/python3.12/site-packages/airflow/example_dags/tutorial_dag.py took 0.186 seconds
[2026-06-28T09:18:20.975+0000] {processor.py:161} INFO - Started process (PID=309) to work on /home/airflow/.local/lib/python3.12/site-packages/airflow/example_dags/tutorial_dag.py
[2026-06-28T09:18:20.975+0000] {processor.py:830} INFO - Processing file /home/airflow/.local/lib/python3.12/site-packages/airflow/example_dags/tutorial_dag.py for tasks to queue
[2026-06-28T09:18:20.977+0000] {logging_mixin.py:188} INFO - [2026-06-28T09:18:20.977+0000] {dagbag.py:545} INFO - Filling up the DagBag from /home/airflow/.local/lib/python3.12/site-packages/airflow/example_dags/tutorial_dag.py
[2026-06-28T09:18:20.982+0000] {processor.py:840} INFO - DAG(s) 'tutorial_dag' retrieved from /home/airflow/.local/lib/python3.12/site-packages/airflow/example_dags/tutorial_dag.py
[2026-06-28T09:18:21.008+0000] {logging_mixin.py:188} INFO - [2026-06-28T09:18:21.007+0000] {dag.py:3096} INFO - Sync 1 DAGs
[2026-06-28T09:18:21.020+0000] {logging_mixin.py:188} INFO - [2026-06-28T09:18:21.020+0000] {dag.py:3954} INFO - Setting next_dagrun for tutorial_dag to None, run_after=None
[2026-06-28T09:18:21.035+0000] {processor.py:183} INFO - Processing /home/airflow/.local/lib/python3.12/site-packages/airflow/example_dags/tutorial_dag.py took 0.065 seconds
[2026-06-28T09:18:51.343+0000] {processor.py:161} INFO - Started process (PID=368) to work on /home/airflow/.local/lib/python3.12/site-packages/airflow/example_dags/tutorial_dag.py
[2026-06-28T09:18:51.346+0000] {processor.py:830} INFO - Processing file /home/airflow/.local/lib/python3.12/site-packages/airflow/example_dags/tutorial_dag.py for tasks to queue
[2026-06-28T09:18:51.348+0000] {logging_mixin.py:188} INFO - [2026-06-28T09:18:51.348+0000] {dagbag.py:545} INFO - Filling up the DagBag from /home/airflow/.local/lib/python3.12/site-packages/airflow/example_dags/tutorial_dag.py
[2026-06-28T09:18:51.357+0000] {processor.py:840} INFO - DAG(s) 'tutorial_dag' retrieved from /home/airflow/.local/lib/python3.12/site-packages/airflow/example_dags/tutorial_dag.py
[2026-06-28T09:18:51.409+0000] {logging_mixin.py:188} INFO - [2026-06-28T09:18:51.408+0000] {dag.py:3096} INFO - Sync 1 DAGs
[2026-06-28T09:18:51.436+0000] {logging_mixin.py:188} INFO - [2026-06-28T09:18:51.435+0000] {dag.py:3954} INFO - Setting next_dagrun for tutorial_dag to None, run_after=None
[2026-06-28T09:18:51.468+0000] {processor.py:183} INFO - Processing /home/airflow/.local/lib/python3.12/site-packages/airflow/example_dags/tutorial_dag.py took 0.149 seconds
[2026-06-28T09:19:23.240+0000] {processor.py:161} INFO - Started process (PID=432) to work on /home/airflow/.local/lib/python3.12/site-packages/airflow/example_dags/tutorial_dag.py
[2026-06-28T09:19:23.246+0000] {processor.py:830} INFO - Processing file /home/airflow/.local/lib/python3.12/site-packages/airflow/example_dags/tutorial_dag.py for tasks to queue
[2026-06-28T09:19:23.250+0000] {logging_mixin.py:188} INFO - [2026-06-28T09:19:23.250+0000] {dagbag.py:545} INFO - Filling up the DagBag from /home/airflow/.local/lib/python3.12/site-packages/airflow/example_dags/tutorial_dag.py
[2026-06-28T09:19:23.265+0000] {processor.py:840} INFO - DAG(s) 'tutorial_dag' retrieved from /home/airflow/.local/lib/python3.12/site-packages/airflow/example_dags/tutorial_dag.py
[2026-06-28T09:19:23.313+0000] {logging_mixin.py:188} INFO - [2026-06-28T09:19:23.313+0000] {dag.py:3096} INFO - Sync 1 DAGs
[2026-06-28T09:19:23.339+0000] {logging_mixin.py:188} INFO - [2026-06-28T09:19:23.339+0000] {dag.py:3954} INFO - Setting next_dagrun for tutorial_dag to None, run_after=None
[2026-06-28T09:19:23.364+0000] {processor.py:183} INFO - Processing /home/airflow/.local/lib/python3.12/site-packages/airflow/example_dags/tutorial_dag.py took 0.147 seconds
[2026-06-28T09:19:54.775+0000] {processor.py:161} INFO - Started process (PID=491) to work on /home/airflow/.local/lib/python3.12/site-packages/airflow/example_dags/tutorial_dag.py
[2026-06-28T09:19:54.777+0000] {processor.py:830} INFO - Processing file /home/airflow/.local/lib/python3.12/site-packages/airflow/example_dags/tutorial_dag.py for tasks to queue
[2026-06-28T09:19:54.790+0000] {logging_mixin.py:188} INFO - [2026-06-28T09:19:54.788+0000] {dagbag.py:545} INFO - Filling up the DagBag from /home/airflow/.local/lib/python3.12/site-packages/airflow/example_dags/tutorial_dag.py
[2026-06-28T09:19:54.805+0000] {processor.py:840} INFO - DAG(s) 'tutorial_dag' retrieved from /home/airflow/.local/lib/python3.12/site-packages/airflow/example_dags/tutorial_dag.py
[2026-06-28T09:19:54.923+0000] {logging_mixin.py:188} INFO - [2026-06-28T09:19:54.923+0000] {dag.py:3096} INFO - Sync 1 DAGs
[2026-06-28T09:19:54.987+0000] {logging_mixin.py:188} INFO - [2026-06-28T09:19:54.987+0000] {dag.py:3954} INFO - Setting next_dagrun for tutorial_dag to None, run_after=None
[2026-06-28T09:19:55.058+0000] {processor.py:183} INFO - Processing /home/airflow/.local/lib/python3.12/site-packages/airflow/example_dags/tutorial_dag.py took 0.303 seconds
[2026-06-28T09:20:25.162+0000] {processor.py:161} INFO - Started process (PID=550) to work on /home/airflow/.local/lib/python3.12/site-packages/airflow/example_dags/tutorial_dag.py
[2026-06-28T09:20:25.163+0000] {processor.py:830} INFO - Processing file /home/airflow/.local/lib/python3.12/site-packages/airflow/example_dags/tutorial_dag.py for tasks to queue
[2026-06-28T09:20:25.166+0000] {logging_mixin.py:188} INFO - [2026-06-28T09:20:25.165+0000] {dagbag.py:545} INFO - Filling up the DagBag from /home/airflow/.local/lib/python3.12/site-packages/airflow/example_dags/tutorial_dag.py
[2026-06-28T09:20:25.172+0000] {processor.py:840} INFO - DAG(s) 'tutorial_dag' retrieved from /home/airflow/.local/lib/python3.12/site-packages/airflow/example_dags/tutorial_dag.py
[2026-06-28T09:20:25.199+0000] {logging_mixin.py:188} INFO - [2026-06-28T09:20:25.199+0000] {dag.py:3096} INFO - Sync 1 DAGs
[2026-06-28T09:20:25.226+0000] {logging_mixin.py:188} INFO - [2026-06-28T09:20:25.226+0000] {dag.py:3954} INFO - Setting next_dagrun for tutorial_dag to None, run_after=None
[2026-06-28T09:20:25.251+0000] {processor.py:183} INFO - Processing /home/airflow/.local/lib/python3.12/site-packages/airflow/example_dags/tutorial_dag.py took 0.098 seconds
[2026-06-28T09:20:56.480+0000] {processor.py:161} INFO - Started process (PID=609) to work on /home/airflow/.local/lib/python3.12/site-packages/airflow/example_dags/tutorial_dag.py
[2026-06-28T09:20:56.491+0000] {processor.py:830} INFO - Processing file /home/airflow/.local/lib/python3.12/site-packages/airflow/example_dags/tutorial_dag.py for tasks to queue
[2026-06-28T09:20:56.493+0000] {logging_mixin.py:188} INFO - [2026-06-28T09:20:56.493+0000] {dagbag.py:545} INFO - Filling up the DagBag from /home/airflow/.local/lib/python3.12/site-packages/airflow/example_dags/tutorial_dag.py
[2026-06-28T09:20:56.512+0000] {processor.py:840} INFO - DAG(s) 'tutorial_dag' retrieved from /home/airflow/.local/lib/python3.12/site-packages/airflow/example_dags/tutorial_dag.py
[2026-06-28T09:20:56.565+0000] {logging_mixin.py:188} INFO - [2026-06-28T09:20:56.565+0000] {dag.py:3096} INFO - Sync 1 DAGs
[2026-06-28T09:20:56.624+0000] {logging_mixin.py:188} INFO - [2026-06-28T09:20:56.624+0000] {dag.py:3954} INFO - Setting next_dagrun for tutorial_dag to None, run_after=None
[2026-06-28T09:20:56.700+0000] {processor.py:183} INFO - Processing /home/airflow/.local/lib/python3.12/site-packages/airflow/example_dags/tutorial_dag.py took 0.235 seconds
[2026-06-28T09:21:27.339+0000] {processor.py:161} INFO - Started process (PID=668) to work on /home/airflow/.local/lib/python3.12/site-packages/airflow/example_dags/tutorial_dag.py
[2026-06-28T09:21:27.346+0000] {processor.py:830} INFO - Processing file /home/airflow/.local/lib/python3.12/site-packages/airflow/example_dags/tutorial_dag.py for tasks to queue
[2026-06-28T09:21:27.351+0000] {logging_mixin.py:188} INFO - [2026-06-28T09:21:27.351+0000] {dagbag.py:545} INFO - Filling up the DagBag from /home/airflow/.local/lib/python3.12/site-packages/airflow/example_dags/tutorial_dag.py
[2026-06-28T09:21:27.375+0000] {processor.py:840} INFO - DAG(s) 'tutorial_dag' retrieved from /home/airflow/.local/lib/python3.12/site-packages/airflow/example_dags/tutorial_dag.py
[2026-06-28T09:21:27.439+0000] {logging_mixin.py:188} INFO - [2026-06-28T09:21:27.439+0000] {dag.py:3096} INFO - Sync 1 DAGs
[2026-06-28T09:21:27.478+0000] {logging_mixin.py:188} INFO - [2026-06-28T09:21:27.477+0000] {dag.py:3954} INFO - Setting next_dagrun for tutorial_dag to None, run_after=None
[2026-06-28T09:21:27.560+0000] {processor.py:183} INFO - Processing /home/airflow/.local/lib/python3.12/site-packages/airflow/example_dags/tutorial_dag.py took 0.247 seconds
[2026-06-28T09:21:58.571+0000] {processor.py:161} INFO - Started process (PID=726) to work on /home/airflow/.local/lib/python3.12/site-packages/airflow/example_dags/tutorial_dag.py
[2026-06-28T09:21:58.672+0000] {processor.py:830} INFO - Processing file /home/airflow/.local/lib/python3.12/site-packages/airflow/example_dags/tutorial_dag.py for tasks to queue
[2026-06-28T09:21:58.733+0000] {logging_mixin.py:188} INFO - [2026-06-28T09:21:58.733+0000] {dagbag.py:545} INFO - Filling up the DagBag from /home/airflow/.local/lib/python3.12/site-packages/airflow/example_dags/tutorial_dag.py
[2026-06-28T09:21:58.906+0000] {processor.py:840} INFO - DAG(s) 'tutorial_dag' retrieved from /home/airflow/.local/lib/python3.12/site-packages/airflow/example_dags/tutorial_dag.py
[2026-06-28T09:21:59.077+0000] {logging_mixin.py:188} INFO - [2026-06-28T09:21:59.077+0000] {dag.py:3096} INFO - Sync 1 DAGs
[2026-06-28T09:21:59.211+0000] {logging_mixin.py:188} INFO - [2026-06-28T09:21:59.211+0000] {dag.py:3954} INFO - Setting next_dagrun for tutorial_dag to None, run_after=None
[2026-06-28T09:21:59.296+0000] {processor.py:183} INFO - Processing /home/airflow/.local/lib/python3.12/site-packages/airflow/example_dags/tutorial_dag.py took 0.861 seconds
[2026-06-28T09:22:30.142+0000] {processor.py:161} INFO - Started process (PID=783) to work on /home/airflow/.local/lib/python3.12/site-packages/airflow/example_dags/tutorial_dag.py
[2026-06-28T09:22:30.144+0000] {processor.py:830} INFO - Processing file /home/airflow/.local/lib/python3.12/site-packages/airflow/example_dags/tutorial_dag.py for tasks to queue
[2026-06-28T09:22:30.146+0000] {logging_mixin.py:188} INFO - [2026-06-28T09:22:30.146+0000] {dagbag.py:545} INFO - Filling up the DagBag from /home/airflow/.local/lib/python3.12/site-packages/airflow/example_dags/tutorial_dag.py
[2026-06-28T09:22:30.170+0000] {processor.py:840} INFO - DAG(s) 'tutorial_dag' retrieved from /home/airflow/.local/lib/python3.12/site-packages/airflow/example_dags/tutorial_dag.py
[2026-06-28T09:22:30.256+0000] {logging_mixin.py:188} INFO - [2026-06-28T09:22:30.256+0000] {dag.py:3096} INFO - Sync 1 DAGs
[2026-06-28T09:22:30.381+0000] {logging_mixin.py:188} INFO - [2026-06-28T09:22:30.380+0000] {dag.py:3954} INFO - Setting next_dagrun for tutorial_dag to None, run_after=None
[2026-06-28T09:22:30.446+0000] {processor.py:183} INFO - Processing /home/airflow/.local/lib/python3.12/site-packages/airflow/example_dags/tutorial_dag.py took 0.317 seconds
[2026-06-28T09:23:01.234+0000] {processor.py:161} INFO - Started process (PID=842) to work on /home/airflow/.local/lib/python3.12/site-packages/airflow/example_dags/tutorial_dag.py
[2026-06-28T09:23:01.252+0000] {processor.py:830} INFO - Processing file /home/airflow/.local/lib/python3.12/site-packages/airflow/example_dags/tutorial_dag.py for tasks to queue
[2026-06-28T09:23:01.299+0000] {logging_mixin.py:188} INFO - [2026-06-28T09:23:01.299+0000] {dagbag.py:545} INFO - Filling up the DagBag from /home/airflow/.local/lib/python3.12/site-packages/airflow/example_dags/tutorial_dag.py
[2026-06-28T09:23:01.322+0000] {processor.py:840} INFO - DAG(s) 'tutorial_dag' retrieved from /home/airflow/.local/lib/python3.12/site-packages/airflow/example_dags/tutorial_dag.py
[2026-06-28T09:23:01.414+0000] {logging_mixin.py:188} INFO - [2026-06-28T09:23:01.413+0000] {dag.py:3096} INFO - Sync 1 DAGs
[2026-06-28T09:23:01.442+0000] {logging_mixin.py:188} INFO - [2026-06-28T09:23:01.441+0000] {dag.py:3954} INFO - Setting next_dagrun for tutorial_dag to None, run_after=None
[2026-06-28T09:23:01.600+0000] {processor.py:183} INFO - Processing /home/airflow/.local/lib/python3.12/site-packages/airflow/example_dags/tutorial_dag.py took 0.391 seconds
[2026-06-28T09:23:31.648+0000] {processor.py:161} INFO - Started process (PID=895) to work on /home/airflow/.local/lib/python3.12/site-packages/airflow/example_dags/tutorial_dag.py
[2026-06-28T09:23:31.653+0000] {processor.py:830} INFO - Processing file /home/airflow/.local/lib/python3.12/site-packages/airflow/example_dags/tutorial_dag.py for tasks to queue
[2026-06-28T09:23:31.655+0000] {logging_mixin.py:188} INFO - [2026-06-28T09:23:31.655+0000] {dagbag.py:545} INFO - Filling up the DagBag from /home/airflow/.local/lib/python3.12/site-packages/airflow/example_dags/tutorial_dag.py
[2026-06-28T09:23:31.662+0000] {processor.py:840} INFO - DAG(s) 'tutorial_dag' retrieved from /home/airflow/.local/lib/python3.12/site-packages/airflow/example_dags/tutorial_dag.py
[2026-06-28T09:23:31.683+0000] {logging_mixin.py:188} INFO - [2026-06-28T09:23:31.682+0000] {dag.py:3096} INFO - Sync 1 DAGs
[2026-06-28T09:23:31.701+0000] {logging_mixin.py:188} INFO - [2026-06-28T09:23:31.700+0000] {dag.py:3954} INFO - Setting next_dagrun for tutorial_dag to None, run_after=None
[2026-06-28T09:23:31.770+0000] {processor.py:183} INFO - Processing /home/airflow/.local/lib/python3.12/site-packages/airflow/example_dags/tutorial_dag.py took 0.130 seconds
[2026-06-28T09:24:02.422+0000] {processor.py:161} INFO - Started process (PID=953) to work on /home/airflow/.local/lib/python3.12/site-packages/airflow/example_dags/tutorial_dag.py
[2026-06-28T09:24:02.512+0000] {processor.py:830} INFO - Processing file /home/airflow/.local/lib/python3.12/site-packages/airflow/example_dags/tutorial_dag.py for tasks to queue
[2026-06-28T09:24:02.531+0000] {logging_mixin.py:188} INFO - [2026-06-28T09:24:02.528+0000] {dagbag.py:545} INFO - Filling up the DagBag from /home/airflow/.local/lib/python3.12/site-packages/airflow/example_dags/tutorial_dag.py
[2026-06-28T09:24:02.614+0000] {processor.py:840} INFO - DAG(s) 'tutorial_dag' retrieved from /home/airflow/.local/lib/python3.12/site-packages/airflow/example_dags/tutorial_dag.py
[2026-06-28T09:24:02.812+0000] {logging_mixin.py:188} INFO - [2026-06-28T09:24:02.812+0000] {dag.py:3096} INFO - Sync 1 DAGs
[2026-06-28T09:24:02.890+0000] {logging_mixin.py:188} INFO - [2026-06-28T09:24:02.887+0000] {dag.py:3954} INFO - Setting next_dagrun for tutorial_dag to None, run_after=None
[2026-06-28T09:24:03.000+0000] {processor.py:183} INFO - Processing /home/airflow/.local/lib/python3.12/site-packages/airflow/example_dags/tutorial_dag.py took 0.619 seconds
[2026-06-28T09:24:34.852+0000] {processor.py:161} INFO - Started process (PID=1017) to work on /home/airflow/.local/lib/python3.12/site-packages/airflow/example_dags/tutorial_dag.py
[2026-06-28T09:24:34.872+0000] {processor.py:830} INFO - Processing file /home/airflow/.local/lib/python3.12/site-packages/airflow/example_dags/tutorial_dag.py for tasks to queue
[2026-06-28T09:24:34.894+0000] {logging_mixin.py:188} INFO - [2026-06-28T09:24:34.894+0000] {dagbag.py:545} INFO - Filling up the DagBag from /home/airflow/.local/lib/python3.12/site-packages/airflow/example_dags/tutorial_dag.py
[2026-06-28T09:24:34.927+0000] {processor.py:840} INFO - DAG(s) 'tutorial_dag' retrieved from /home/airflow/.local/lib/python3.12/site-packages/airflow/example_dags/tutorial_dag.py
[2026-06-28T09:24:35.066+0000] {logging_mixin.py:188} INFO - [2026-06-28T09:24:35.066+0000] {dag.py:3096} INFO - Sync 1 DAGs
[2026-06-28T09:24:35.110+0000] {logging_mixin.py:188} INFO - [2026-06-28T09:24:35.109+0000] {dag.py:3954} INFO - Setting next_dagrun for tutorial_dag to None, run_after=None
[2026-06-28T09:24:35.236+0000] {processor.py:183} INFO - Processing /home/airflow/.local/lib/python3.12/site-packages/airflow/example_dags/tutorial_dag.py took 0.408 seconds
[2026-06-28T09:25:06.752+0000] {processor.py:161} INFO - Started process (PID=1077) to work on /home/airflow/.local/lib/python3.12/site-packages/airflow/example_dags/tutorial_dag.py
[2026-06-28T09:25:06.800+0000] {processor.py:830} INFO - Processing file /home/airflow/.local/lib/python3.12/site-packages/airflow/example_dags/tutorial_dag.py for tasks to queue
[2026-06-28T09:25:06.814+0000] {logging_mixin.py:188} INFO - [2026-06-28T09:25:06.814+0000] {dagbag.py:545} INFO - Filling up the DagBag from /home/airflow/.local/lib/python3.12/site-packages/airflow/example_dags/tutorial_dag.py
[2026-06-28T09:25:06.924+0000] {processor.py:840} INFO - DAG(s) 'tutorial_dag' retrieved from /home/airflow/.local/lib/python3.12/site-packages/airflow/example_dags/tutorial_dag.py
[2026-06-28T09:25:07.249+0000] {logging_mixin.py:188} INFO - [2026-06-28T09:25:07.236+0000] {dag.py:3096} INFO - Sync 1 DAGs
[2026-06-28T09:25:07.381+0000] {logging_mixin.py:188} INFO - [2026-06-28T09:25:07.363+0000] {dag.py:3954} INFO - Setting next_dagrun for tutorial_dag to None, run_after=None
[2026-06-28T09:25:07.494+0000] {processor.py:183} INFO - Processing /home/airflow/.local/lib/python3.12/site-packages/airflow/example_dags/tutorial_dag.py took 0.828 seconds
[2026-06-28T09:25:38.119+0000] {processor.py:161} INFO - Started process (PID=1137) to work on /home/airflow/.local/lib/python3.12/site-packages/airflow/example_dags/tutorial_dag.py
[2026-06-28T09:25:38.122+0000] {processor.py:830} INFO - Processing file /home/airflow/.local/lib/python3.12/site-packages/airflow/example_dags/tutorial_dag.py for tasks to queue
[2026-06-28T09:25:38.124+0000] {logging_mixin.py:188} INFO - [2026-06-28T09:25:38.124+0000] {dagbag.py:545} INFO - Filling up the DagBag from /home/airflow/.local/lib/python3.12/site-packages/airflow/example_dags/tutorial_dag.py
[2026-06-28T09:25:38.131+0000] {processor.py:840} INFO - DAG(s) 'tutorial_dag' retrieved from /home/airflow/.local/lib/python3.12/site-packages/airflow/example_dags/tutorial_dag.py
[2026-06-28T09:25:38.156+0000] {logging_mixin.py:188} INFO - [2026-06-28T09:25:38.156+0000] {dag.py:3096} INFO - Sync 1 DAGs
[2026-06-28T09:25:38.178+0000] {logging_mixin.py:188} INFO - [2026-06-28T09:25:38.178+0000] {dag.py:3954} INFO - Setting next_dagrun for tutorial_dag to None, run_after=None
[2026-06-28T09:25:38.211+0000] {processor.py:183} INFO - Processing /home/airflow/.local/lib/python3.12/site-packages/airflow/example_dags/tutorial_dag.py took 0.100 seconds
[2026-06-28T09:26:09.336+0000] {processor.py:161} INFO - Started process (PID=1196) to work on /home/airflow/.local/lib/python3.12/site-packages/airflow/example_dags/tutorial_dag.py
[2026-06-28T09:26:09.338+0000] {processor.py:830} INFO - Processing file /home/airflow/.local/lib/python3.12/site-packages/airflow/example_dags/tutorial_dag.py for tasks to queue
[2026-06-28T09:26:09.341+0000] {logging_mixin.py:188} INFO - [2026-06-28T09:26:09.340+0000] {dagbag.py:545} INFO - Filling up the DagBag from /home/airflow/.local/lib/python3.12/site-packages/airflow/example_dags/tutorial_dag.py
[2026-06-28T09:26:09.369+0000] {processor.py:840} INFO - DAG(s) 'tutorial_dag' retrieved from /home/airflow/.local/lib/python3.12/site-packages/airflow/example_dags/tutorial_dag.py
[2026-06-28T09:26:09.410+0000] {logging_mixin.py:188} INFO - [2026-06-28T09:26:09.409+0000] {dag.py:3096} INFO - Sync 1 DAGs
[2026-06-28T09:26:09.430+0000] {logging_mixin.py:188} INFO - [2026-06-28T09:26:09.430+0000] {dag.py:3954} INFO - Setting next_dagrun for tutorial_dag to None, run_after=None
[2026-06-28T09:26:09.590+0000] {processor.py:183} INFO - Processing /home/airflow/.local/lib/python3.12/site-packages/airflow/example_dags/tutorial_dag.py took 0.274 seconds
[2026-06-28T09:26:39.940+0000] {processor.py:161} INFO - Started process (PID=1247) to work on /home/airflow/.local/lib/python3.12/site-packages/airflow/example_dags/tutorial_dag.py
[2026-06-28T09:26:39.956+0000] {processor.py:830} INFO - Processing file /home/airflow/.local/lib/python3.12/site-packages/airflow/example_dags/tutorial_dag.py for tasks to queue
[2026-06-28T09:26:39.958+0000] {logging_mixin.py:188} INFO - [2026-06-28T09:26:39.957+0000] {dagbag.py:545} INFO - Filling up the DagBag from /home/airflow/.local/lib/python3.12/site-packages/airflow/example_dags/tutorial_dag.py
[2026-06-28T09:26:39.971+0000] {processor.py:840} INFO - DAG(s) 'tutorial_dag' retrieved from /home/airflow/.local/lib/python3.12/site-packages/airflow/example_dags/tutorial_dag.py
[2026-06-28T09:26:40.107+0000] {logging_mixin.py:188} INFO - [2026-06-28T09:26:40.105+0000] {dag.py:3096} INFO - Sync 1 DAGs
[2026-06-28T09:26:40.185+0000] {logging_mixin.py:188} INFO - [2026-06-28T09:26:40.185+0000] {dag.py:3954} INFO - Setting next_dagrun for tutorial_dag to None, run_after=None
[2026-06-28T09:26:40.292+0000] {processor.py:183} INFO - Processing /home/airflow/.local/lib/python3.12/site-packages/airflow/example_dags/tutorial_dag.py took 0.365 seconds
[2026-06-28T09:27:11.041+0000] {processor.py:161} INFO - Started process (PID=1312) to work on /home/airflow/.local/lib/python3.12/site-packages/airflow/example_dags/tutorial_dag.py
[2026-06-28T09:27:11.042+0000] {processor.py:830} INFO - Processing file /home/airflow/.local/lib/python3.12/site-packages/airflow/example_dags/tutorial_dag.py for tasks to queue
[2026-06-28T09:27:11.044+0000] {logging_mixin.py:188} INFO - [2026-06-28T09:27:11.043+0000] {dagbag.py:545} INFO - Filling up the DagBag from /home/airflow/.local/lib/python3.12/site-packages/airflow/example_dags/tutorial_dag.py
[2026-06-28T09:27:11.051+0000] {processor.py:840} INFO - DAG(s) 'tutorial_dag' retrieved from /home/airflow/.local/lib/python3.12/site-packages/airflow/example_dags/tutorial_dag.py
[2026-06-28T09:27:11.079+0000] {logging_mixin.py:188} INFO - [2026-06-28T09:27:11.079+0000] {dag.py:3096} INFO - Sync 1 DAGs
[2026-06-28T09:27:11.096+0000] {logging_mixin.py:188} INFO - [2026-06-28T09:27:11.096+0000] {dag.py:3954} INFO - Setting next_dagrun for tutorial_dag to None, run_after=None
[2026-06-28T09:27:11.120+0000] {processor.py:183} INFO - Processing /home/airflow/.local/lib/python3.12/site-packages/airflow/example_dags/tutorial_dag.py took 0.089 seconds
[2026-06-28T09:27:41.958+0000] {processor.py:161} INFO - Started process (PID=1371) to work on /home/airflow/.local/lib/python3.12/site-packages/airflow/example_dags/tutorial_dag.py
[2026-06-28T09:27:42.008+0000] {processor.py:830} INFO - Processing file /home/airflow/.local/lib/python3.12/site-packages/airflow/example_dags/tutorial_dag.py for tasks to queue
[2026-06-28T09:27:42.012+0000] {logging_mixin.py:188} INFO - [2026-06-28T09:27:42.009+0000] {dagbag.py:545} INFO - Filling up the DagBag from /home/airflow/.local/lib/python3.12/site-packages/airflow/example_dags/tutorial_dag.py
[2026-06-28T09:27:42.022+0000] {processor.py:840} INFO - DAG(s) 'tutorial_dag' retrieved from /home/airflow/.local/lib/python3.12/site-packages/airflow/example_dags/tutorial_dag.py
[2026-06-28T09:27:42.056+0000] {logging_mixin.py:188} INFO - [2026-06-28T09:27:42.055+0000] {dag.py:3096} INFO - Sync 1 DAGs
[2026-06-28T09:27:42.087+0000] {logging_mixin.py:188} INFO - [2026-06-28T09:27:42.086+0000] {dag.py:3954} INFO - Setting next_dagrun for tutorial_dag to None, run_after=None
[2026-06-28T09:27:42.117+0000] {processor.py:183} INFO - Processing /home/airflow/.local/lib/python3.12/site-packages/airflow/example_dags/tutorial_dag.py took 0.171 seconds
[2026-06-28T09:28:12.397+0000] {processor.py:161} INFO - Started process (PID=1429) to work on /home/airflow/.local/lib/python3.12/site-packages/airflow/example_dags/tutorial_dag.py
[2026-06-28T09:28:12.398+0000] {processor.py:830} INFO - Processing file /home/airflow/.local/lib/python3.12/site-packages/airflow/example_dags/tutorial_dag.py for tasks to queue
[2026-06-28T09:28:12.401+0000] {logging_mixin.py:188} INFO - [2026-06-28T09:28:12.400+0000] {dagbag.py:545} INFO - Filling up the DagBag from /home/airflow/.local/lib/python3.12/site-packages/airflow/example_dags/tutorial_dag.py
[2026-06-28T09:28:12.407+0000] {processor.py:840} INFO - DAG(s) 'tutorial_dag' retrieved from /home/airflow/.local/lib/python3.12/site-packages/airflow/example_dags/tutorial_dag.py
[2026-06-28T09:28:12.444+0000] {logging_mixin.py:188} INFO - [2026-06-28T09:28:12.443+0000] {dag.py:3096} INFO - Sync 1 DAGs
[2026-06-28T09:28:12.469+0000] {logging_mixin.py:188} INFO - [2026-06-28T09:28:12.469+0000] {dag.py:3954} INFO - Setting next_dagrun for tutorial_dag to None, run_after=None
[2026-06-28T09:28:12.493+0000] {processor.py:183} INFO - Processing /home/airflow/.local/lib/python3.12/site-packages/airflow/example_dags/tutorial_dag.py took 0.105 seconds
[2026-06-28T09:28:42.987+0000] {processor.py:161} INFO - Started process (PID=1487) to work on /home/airflow/.local/lib/python3.12/site-packages/airflow/example_dags/tutorial_dag.py
[2026-06-28T09:28:43.005+0000] {processor.py:830} INFO - Processing file /home/airflow/.local/lib/python3.12/site-packages/airflow/example_dags/tutorial_dag.py for tasks to queue
[2026-06-28T09:28:43.024+0000] {logging_mixin.py:188} INFO - [2026-06-28T09:28:43.023+0000] {dagbag.py:545} INFO - Filling up the DagBag from /home/airflow/.local/lib/python3.12/site-packages/airflow/example_dags/tutorial_dag.py
[2026-06-28T09:28:43.041+0000] {processor.py:840} INFO - DAG(s) 'tutorial_dag' retrieved from /home/airflow/.local/lib/python3.12/site-packages/airflow/example_dags/tutorial_dag.py
[2026-06-28T09:28:43.131+0000] {logging_mixin.py:188} INFO - [2026-06-28T09:28:43.131+0000] {dag.py:3096} INFO - Sync 1 DAGs
[2026-06-28T09:28:43.186+0000] {logging_mixin.py:188} INFO - [2026-06-28T09:28:43.186+0000] {dag.py:3954} INFO - Setting next_dagrun for tutorial_dag to None, run_after=None
[2026-06-28T09:28:43.260+0000] {processor.py:183} INFO - Processing /home/airflow/.local/lib/python3.12/site-packages/airflow/example_dags/tutorial_dag.py took 0.307 seconds
[2026-06-28T09:29:13.829+0000] {processor.py:161} INFO - Started process (PID=1546) to work on /home/airflow/.local/lib/python3.12/site-packages/airflow/example_dags/tutorial_dag.py
[2026-06-28T09:29:13.830+0000] {processor.py:830} INFO - Processing file /home/airflow/.local/lib/python3.12/site-packages/airflow/example_dags/tutorial_dag.py for tasks to queue
[2026-06-28T09:29:13.832+0000] {logging_mixin.py:188} INFO - [2026-06-28T09:29:13.831+0000] {dagbag.py:545} INFO - Filling up the DagBag from /home/airflow/.local/lib/python3.12/site-packages/airflow/example_dags/tutorial_dag.py
[2026-06-28T09:29:13.838+0000] {processor.py:840} INFO - DAG(s) 'tutorial_dag' retrieved from /home/airflow/.local/lib/python3.12/site-packages/airflow/example_dags/tutorial_dag.py
[2026-06-28T09:29:13.871+0000] {logging_mixin.py:188} INFO - [2026-06-28T09:29:13.871+0000] {dag.py:3096} INFO - Sync 1 DAGs
[2026-06-28T09:29:13.891+0000] {logging_mixin.py:188} INFO - [2026-06-28T09:29:13.891+0000] {dag.py:3954} INFO - Setting next_dagrun for tutorial_dag to None, run_after=None
[2026-06-28T09:29:13.913+0000] {processor.py:183} INFO - Processing /home/airflow/.local/lib/python3.12/site-packages/airflow/example_dags/tutorial_dag.py took 0.092 seconds
[2026-06-28T09:29:44.372+0000] {processor.py:161} INFO - Started process (PID=1605) to work on /home/airflow/.local/lib/python3.12/site-packages/airflow/example_dags/tutorial_dag.py
[2026-06-28T09:29:44.379+0000] {processor.py:830} INFO - Processing file /home/airflow/.local/lib/python3.12/site-packages/airflow/example_dags/tutorial_dag.py for tasks to queue
[2026-06-28T09:29:44.382+0000] {logging_mixin.py:188} INFO - [2026-06-28T09:29:44.382+0000] {dagbag.py:545} INFO - Filling up the DagBag from /home/airflow/.local/lib/python3.12/site-packages/airflow/example_dags/tutorial_dag.py
[2026-06-28T09:29:44.391+0000] {processor.py:840} INFO - DAG(s) 'tutorial_dag' retrieved from /home/airflow/.local/lib/python3.12/site-packages/airflow/example_dags/tutorial_dag.py
[2026-06-28T09:29:44.413+0000] {logging_mixin.py:188} INFO - [2026-06-28T09:29:44.413+0000] {dag.py:3096} INFO - Sync 1 DAGs
[2026-06-28T09:29:44.428+0000] {logging_mixin.py:188} INFO - [2026-06-28T09:29:44.428+0000] {dag.py:3954} INFO - Setting next_dagrun for tutorial_dag to None, run_after=None
[2026-06-28T09:29:44.454+0000] {processor.py:183} INFO - Processing /home/airflow/.local/lib/python3.12/site-packages/airflow/example_dags/tutorial_dag.py took 0.088 seconds
[2026-06-28T09:30:14.676+0000] {processor.py:161} INFO - Started process (PID=1664) to work on /home/airflow/.local/lib/python3.12/site-packages/airflow/example_dags/tutorial_dag.py
[2026-06-28T09:30:14.676+0000] {processor.py:830} INFO - Processing file /home/airflow/.local/lib/python3.12/site-packages/airflow/example_dags/tutorial_dag.py for tasks to queue
[2026-06-28T09:30:14.679+0000] {logging_mixin.py:188} INFO - [2026-06-28T09:30:14.679+0000] {dagbag.py:545} INFO - Filling up the DagBag from /home/airflow/.local/lib/python3.12/site-packages/airflow/example_dags/tutorial_dag.py
[2026-06-28T09:30:14.686+0000] {processor.py:840} INFO - DAG(s) 'tutorial_dag' retrieved from /home/airflow/.local/lib/python3.12/site-packages/airflow/example_dags/tutorial_dag.py
[2026-06-28T09:30:14.713+0000] {logging_mixin.py:188} INFO - [2026-06-28T09:30:14.713+0000] {dag.py:3096} INFO - Sync 1 DAGs
[2026-06-28T09:30:14.732+0000] {logging_mixin.py:188} INFO - [2026-06-28T09:30:14.731+0000] {dag.py:3954} INFO - Setting next_dagrun for tutorial_dag to None, run_after=None
[2026-06-28T09:30:14.754+0000] {processor.py:183} INFO - Processing /home/airflow/.local/lib/python3.12/site-packages/airflow/example_dags/tutorial_dag.py took 0.088 seconds
[2026-06-28T09:30:45.845+0000] {processor.py:161} INFO - Started process (PID=1722) to work on /home/airflow/.local/lib/python3.12/site-packages/airflow/example_dags/tutorial_dag.py
[2026-06-28T09:30:45.849+0000] {processor.py:830} INFO - Processing file /home/airflow/.local/lib/python3.12/site-packages/airflow/example_dags/tutorial_dag.py for tasks to queue
[2026-06-28T09:30:45.853+0000] {logging_mixin.py:188} INFO - [2026-06-28T09:30:45.853+0000] {dagbag.py:545} INFO - Filling up the DagBag from /home/airflow/.local/lib/python3.12/site-packages/airflow/example_dags/tutorial_dag.py
[2026-06-28T09:30:45.871+0000] {processor.py:840} INFO - DAG(s) 'tutorial_dag' retrieved from /home/airflow/.local/lib/python3.12/site-packages/airflow/example_dags/tutorial_dag.py
[2026-06-28T09:30:45.971+0000] {logging_mixin.py:188} INFO - [2026-06-28T09:30:45.971+0000] {dag.py:3096} INFO - Sync 1 DAGs
[2026-06-28T09:30:46.036+0000] {logging_mixin.py:188} INFO - [2026-06-28T09:30:46.034+0000] {dag.py:3954} INFO - Setting next_dagrun for tutorial_dag to None, run_after=None
[2026-06-28T09:30:46.111+0000] {processor.py:183} INFO - Processing /home/airflow/.local/lib/python3.12/site-packages/airflow/example_dags/tutorial_dag.py took 0.287 seconds
[2026-06-28T09:31:16.625+0000] {processor.py:161} INFO - Started process (PID=1781) to work on /home/airflow/.local/lib/python3.12/site-packages/airflow/example_dags/tutorial_dag.py
[2026-06-28T09:31:16.660+0000] {processor.py:830} INFO - Processing file /home/airflow/.local/lib/python3.12/site-packages/airflow/example_dags/tutorial_dag.py for tasks to queue
[2026-06-28T09:31:16.666+0000] {logging_mixin.py:188} INFO - [2026-06-28T09:31:16.661+0000] {dagbag.py:545} INFO - Filling up the DagBag from /home/airflow/.local/lib/python3.12/site-packages/airflow/example_dags/tutorial_dag.py
[2026-06-28T09:31:16.676+0000] {processor.py:840} INFO - DAG(s) 'tutorial_dag' retrieved from /home/airflow/.local/lib/python3.12/site-packages/airflow/example_dags/tutorial_dag.py
[2026-06-28T09:31:16.871+0000] {logging_mixin.py:188} INFO - [2026-06-28T09:31:16.871+0000] {dag.py:3096} INFO - Sync 1 DAGs
[2026-06-28T09:31:16.885+0000] {logging_mixin.py:188} INFO - [2026-06-28T09:31:16.885+0000] {dag.py:3954} INFO - Setting next_dagrun for tutorial_dag to None, run_after=None
[2026-06-28T09:31:16.911+0000] {processor.py:183} INFO - Processing /home/airflow/.local/lib/python3.12/site-packages/airflow/example_dags/tutorial_dag.py took 0.294 seconds
[2026-06-28T09:31:47.928+0000] {processor.py:161} INFO - Started process (PID=1840) to work on /home/airflow/.local/lib/python3.12/site-packages/airflow/example_dags/tutorial_dag.py
[2026-06-28T09:31:47.929+0000] {processor.py:830} INFO - Processing file /home/airflow/.local/lib/python3.12/site-packages/airflow/example_dags/tutorial_dag.py for tasks to queue
[2026-06-28T09:31:47.931+0000] {logging_mixin.py:188} INFO - [2026-06-28T09:31:47.931+0000] {dagbag.py:545} INFO - Filling up the DagBag from /home/airflow/.local/lib/python3.12/site-packages/airflow/example_dags/tutorial_dag.py
[2026-06-28T09:31:47.938+0000] {processor.py:840} INFO - DAG(s) 'tutorial_dag' retrieved from /home/airflow/.local/lib/python3.12/site-packages/airflow/example_dags/tutorial_dag.py
[2026-06-28T09:31:47.960+0000] {logging_mixin.py:188} INFO - [2026-06-28T09:31:47.960+0000] {dag.py:3096} INFO - Sync 1 DAGs
[2026-06-28T09:31:47.975+0000] {logging_mixin.py:188} INFO - [2026-06-28T09:31:47.975+0000] {dag.py:3954} INFO - Setting next_dagrun for tutorial_dag to None, run_after=None
[2026-06-28T09:31:47.999+0000] {processor.py:183} INFO - Processing /home/airflow/.local/lib/python3.12/site-packages/airflow/example_dags/tutorial_dag.py took 0.081 seconds
[2026-06-28T09:32:18.358+0000] {processor.py:161} INFO - Started process (PID=1899) to work on /home/airflow/.local/lib/python3.12/site-packages/airflow/example_dags/tutorial_dag.py
[2026-06-28T09:32:18.359+0000] {processor.py:830} INFO - Processing file /home/airflow/.local/lib/python3.12/site-packages/airflow/example_dags/tutorial_dag.py for tasks to queue
[2026-06-28T09:32:18.365+0000] {logging_mixin.py:188} INFO - [2026-06-28T09:32:18.365+0000] {dagbag.py:545} INFO - Filling up the DagBag from /home/airflow/.local/lib/python3.12/site-packages/airflow/example_dags/tutorial_dag.py
[2026-06-28T09:32:18.373+0000] {processor.py:840} INFO - DAG(s) 'tutorial_dag' retrieved from /home/airflow/.local/lib/python3.12/site-packages/airflow/example_dags/tutorial_dag.py
[2026-06-28T09:32:18.397+0000] {logging_mixin.py:188} INFO - [2026-06-28T09:32:18.397+0000] {dag.py:3096} INFO - Sync 1 DAGs
[2026-06-28T09:32:18.416+0000] {logging_mixin.py:188} INFO - [2026-06-28T09:32:18.414+0000] {dag.py:3954} INFO - Setting next_dagrun for tutorial_dag to None, run_after=None
[2026-06-28T09:32:18.441+0000] {processor.py:183} INFO - Processing /home/airflow/.local/lib/python3.12/site-packages/airflow/example_dags/tutorial_dag.py took 0.093 seconds
[2026-06-28T09:32:49.397+0000] {processor.py:161} INFO - Started process (PID=1958) to work on /home/airflow/.local/lib/python3.12/site-packages/airflow/example_dags/tutorial_dag.py
[2026-06-28T09:32:49.398+0000] {processor.py:830} INFO - Processing file /home/airflow/.local/lib/python3.12/site-packages/airflow/example_dags/tutorial_dag.py for tasks to queue
[2026-06-28T09:32:49.400+0000] {logging_mixin.py:188} INFO - [2026-06-28T09:32:49.400+0000] {dagbag.py:545} INFO - Filling up the DagBag from /home/airflow/.local/lib/python3.12/site-packages/airflow/example_dags/tutorial_dag.py
[2026-06-28T09:32:49.406+0000] {processor.py:840} INFO - DAG(s) 'tutorial_dag' retrieved from /home/airflow/.local/lib/python3.12/site-packages/airflow/example_dags/tutorial_dag.py
[2026-06-28T09:32:49.429+0000] {logging_mixin.py:188} INFO - [2026-06-28T09:32:49.429+0000] {dag.py:3096} INFO - Sync 1 DAGs
[2026-06-28T09:32:49.445+0000] {logging_mixin.py:188} INFO - [2026-06-28T09:32:49.445+0000] {dag.py:3954} INFO - Setting next_dagrun for tutorial_dag to None, run_after=None
[2026-06-28T09:32:49.479+0000] {processor.py:183} INFO - Processing /home/airflow/.local/lib/python3.12/site-packages/airflow/example_dags/tutorial_dag.py took 0.089 seconds
[2026-06-28T09:33:20.009+0000] {processor.py:161} INFO - Started process (PID=2017) to work on /home/airflow/.local/lib/python3.12/site-packages/airflow/example_dags/tutorial_dag.py
[2026-06-28T09:33:20.010+0000] {processor.py:830} INFO - Processing file /home/airflow/.local/lib/python3.12/site-packages/airflow/example_dags/tutorial_dag.py for tasks to queue
[2026-06-28T09:33:20.015+0000] {logging_mixin.py:188} INFO - [2026-06-28T09:33:20.015+0000] {dagbag.py:545} INFO - Filling up the DagBag from /home/airflow/.local/lib/python3.12/site-packages/airflow/example_dags/tutorial_dag.py
[2026-06-28T09:33:20.031+0000] {processor.py:840} INFO - DAG(s) 'tutorial_dag' retrieved from /home/airflow/.local/lib/python3.12/site-packages/airflow/example_dags/tutorial_dag.py
[2026-06-28T09:33:20.103+0000] {logging_mixin.py:188} INFO - [2026-06-28T09:33:20.103+0000] {dag.py:3096} INFO - Sync 1 DAGs
[2026-06-28T09:33:20.169+0000] {logging_mixin.py:188} INFO - [2026-06-28T09:33:20.169+0000] {dag.py:3954} INFO - Setting next_dagrun for tutorial_dag to None, run_after=None
[2026-06-28T09:33:20.217+0000] {processor.py:183} INFO - Processing /home/airflow/.local/lib/python3.12/site-packages/airflow/example_dags/tutorial_dag.py took 0.223 seconds
[2026-06-28T09:33:50.488+0000] {processor.py:161} INFO - Started process (PID=2076) to work on /home/airflow/.local/lib/python3.12/site-packages/airflow/example_dags/tutorial_dag.py
[2026-06-28T09:33:50.489+0000] {processor.py:830} INFO - Processing file /home/airflow/.local/lib/python3.12/site-packages/airflow/example_dags/tutorial_dag.py for tasks to queue
[2026-06-28T09:33:50.493+0000] {logging_mixin.py:188} INFO - [2026-06-28T09:33:50.493+0000] {dagbag.py:545} INFO - Filling up the DagBag from /home/airflow/.local/lib/python3.12/site-packages/airflow/example_dags/tutorial_dag.py
[2026-06-28T09:33:50.499+0000] {processor.py:840} INFO - DAG(s) 'tutorial_dag' retrieved from /home/airflow/.local/lib/python3.12/site-packages/airflow/example_dags/tutorial_dag.py
[2026-06-28T09:33:50.525+0000] {logging_mixin.py:188} INFO - [2026-06-28T09:33:50.524+0000] {dag.py:3096} INFO - Sync 1 DAGs
[2026-06-28T09:33:50.541+0000] {logging_mixin.py:188} INFO - [2026-06-28T09:33:50.541+0000] {dag.py:3954} INFO - Setting next_dagrun for tutorial_dag to None, run_after=None
[2026-06-28T09:33:50.584+0000] {processor.py:183} INFO - Processing /home/airflow/.local/lib/python3.12/site-packages/airflow/example_dags/tutorial_dag.py took 0.103 seconds
[2026-06-28T09:34:21.035+0000] {processor.py:161} INFO - Started process (PID=2135) to work on /home/airflow/.local/lib/python3.12/site-packages/airflow/example_dags/tutorial_dag.py
[2026-06-28T09:34:21.035+0000] {processor.py:830} INFO - Processing file /home/airflow/.local/lib/python3.12/site-packages/airflow/example_dags/tutorial_dag.py for tasks to queue
[2026-06-28T09:34:21.038+0000] {logging_mixin.py:188} INFO - [2026-06-28T09:34:21.038+0000] {dagbag.py:545} INFO - Filling up the DagBag from /home/airflow/.local/lib/python3.12/site-packages/airflow/example_dags/tutorial_dag.py
[2026-06-28T09:34:21.048+0000] {processor.py:840} INFO - DAG(s) 'tutorial_dag' retrieved from /home/airflow/.local/lib/python3.12/site-packages/airflow/example_dags/tutorial_dag.py
[2026-06-28T09:34:21.073+0000] {logging_mixin.py:188} INFO - [2026-06-28T09:34:21.073+0000] {dag.py:3096} INFO - Sync 1 DAGs
[2026-06-28T09:34:21.090+0000] {logging_mixin.py:188} INFO - [2026-06-28T09:34:21.090+0000] {dag.py:3954} INFO - Setting next_dagrun for tutorial_dag to None, run_after=None
[2026-06-28T09:34:21.116+0000] {processor.py:183} INFO - Processing /home/airflow/.local/lib/python3.12/site-packages/airflow/example_dags/tutorial_dag.py took 0.088 seconds
[2026-06-28T09:34:51.640+0000] {processor.py:161} INFO - Started process (PID=2194) to work on /home/airflow/.local/lib/python3.12/site-packages/airflow/example_dags/tutorial_dag.py
[2026-06-28T09:34:51.641+0000] {processor.py:830} INFO - Processing file /home/airflow/.local/lib/python3.12/site-packages/airflow/example_dags/tutorial_dag.py for tasks to queue
[2026-06-28T09:34:51.643+0000] {logging_mixin.py:188} INFO - [2026-06-28T09:34:51.643+0000] {dagbag.py:545} INFO - Filling up the DagBag from /home/airflow/.local/lib/python3.12/site-packages/airflow/example_dags/tutorial_dag.py
[2026-06-28T09:34:51.649+0000] {processor.py:840} INFO - DAG(s) 'tutorial_dag' retrieved from /home/airflow/.local/lib/python3.12/site-packages/airflow/example_dags/tutorial_dag.py
[2026-06-28T09:34:51.681+0000] {logging_mixin.py:188} INFO - [2026-06-28T09:34:51.681+0000] {dag.py:3096} INFO - Sync 1 DAGs
[2026-06-28T09:34:51.698+0000] {logging_mixin.py:188} INFO - [2026-06-28T09:34:51.698+0000] {dag.py:3954} INFO - Setting next_dagrun for tutorial_dag to None, run_after=None
[2026-06-28T09:34:51.720+0000] {processor.py:183} INFO - Processing /home/airflow/.local/lib/python3.12/site-packages/airflow/example_dags/tutorial_dag.py took 0.086 seconds
[2026-06-28T09:35:22.244+0000] {processor.py:161} INFO - Started process (PID=2253) to work on /home/airflow/.local/lib/python3.12/site-packages/airflow/example_dags/tutorial_dag.py
[2026-06-28T09:35:22.244+0000] {processor.py:830} INFO - Processing file /home/airflow/.local/lib/python3.12/site-packages/airflow/example_dags/tutorial_dag.py for tasks to queue
[2026-06-28T09:35:22.247+0000] {logging_mixin.py:188} INFO - [2026-06-28T09:35:22.247+0000] {dagbag.py:545} INFO - Filling up the DagBag from /home/airflow/.local/lib/python3.12/site-packages/airflow/example_dags/tutorial_dag.py
[2026-06-28T09:35:22.258+0000] {processor.py:840} INFO - DAG(s) 'tutorial_dag' retrieved from /home/airflow/.local/lib/python3.12/site-packages/airflow/example_dags/tutorial_dag.py
[2026-06-28T09:35:22.290+0000] {logging_mixin.py:188} INFO - [2026-06-28T09:35:22.290+0000] {dag.py:3096} INFO - Sync 1 DAGs
[2026-06-28T09:35:22.309+0000] {logging_mixin.py:188} INFO - [2026-06-28T09:35:22.308+0000] {dag.py:3954} INFO - Setting next_dagrun for tutorial_dag to None, run_after=None
[2026-06-28T09:35:22.337+0000] {processor.py:183} INFO - Processing /home/airflow/.local/lib/python3.12/site-packages/airflow/example_dags/tutorial_dag.py took 0.103 seconds
[2026-06-28T09:35:52.558+0000] {processor.py:161} INFO - Started process (PID=2312) to work on /home/airflow/.local/lib/python3.12/site-packages/airflow/example_dags/tutorial_dag.py
[2026-06-28T09:35:52.559+0000] {processor.py:830} INFO - Processing file /home/airflow/.local/lib/python3.12/site-packages/airflow/example_dags/tutorial_dag.py for tasks to queue
[2026-06-28T09:35:52.564+0000] {logging_mixin.py:188} INFO - [2026-06-28T09:35:52.563+0000] {dagbag.py:545} INFO - Filling up the DagBag from /home/airflow/.local/lib/python3.12/site-packages/airflow/example_dags/tutorial_dag.py
[2026-06-28T09:35:52.571+0000] {processor.py:840} INFO - DAG(s) 'tutorial_dag' retrieved from /home/airflow/.local/lib/python3.12/site-packages/airflow/example_dags/tutorial_dag.py
[2026-06-28T09:35:52.597+0000] {logging_mixin.py:188} INFO - [2026-06-28T09:35:52.596+0000] {dag.py:3096} INFO - Sync 1 DAGs
[2026-06-28T09:35:52.614+0000] {logging_mixin.py:188} INFO - [2026-06-28T09:35:52.613+0000] {dag.py:3954} INFO - Setting next_dagrun for tutorial_dag to None, run_after=None
[2026-06-28T09:35:52.637+0000] {processor.py:183} INFO - Processing /home/airflow/.local/lib/python3.12/site-packages/airflow/example_dags/tutorial_dag.py took 0.088 seconds
[2026-06-28T09:36:23.298+0000] {processor.py:161} INFO - Started process (PID=2371) to work on /home/airflow/.local/lib/python3.12/site-packages/airflow/example_dags/tutorial_dag.py
[2026-06-28T09:36:23.300+0000] {processor.py:830} INFO - Processing file /home/airflow/.local/lib/python3.12/site-packages/airflow/example_dags/tutorial_dag.py for tasks to queue
[2026-06-28T09:36:23.304+0000] {logging_mixin.py:188} INFO - [2026-06-28T09:36:23.304+0000] {dagbag.py:545} INFO - Filling up the DagBag from /home/airflow/.local/lib/python3.12/site-packages/airflow/example_dags/tutorial_dag.py
[2026-06-28T09:36:23.327+0000] {processor.py:840} INFO - DAG(s) 'tutorial_dag' retrieved from /home/airflow/.local/lib/python3.12/site-packages/airflow/example_dags/tutorial_dag.py
[2026-06-28T09:36:23.384+0000] {logging_mixin.py:188} INFO - [2026-06-28T09:36:23.384+0000] {dag.py:3096} INFO - Sync 1 DAGs
[2026-06-28T09:36:23.425+0000] {logging_mixin.py:188} INFO - [2026-06-28T09:36:23.425+0000] {dag.py:3954} INFO - Setting next_dagrun for tutorial_dag to None, run_after=None
[2026-06-28T09:36:23.491+0000] {processor.py:183} INFO - Processing /home/airflow/.local/lib/python3.12/site-packages/airflow/example_dags/tutorial_dag.py took 0.213 seconds
[2026-06-28T09:36:53.886+0000] {processor.py:161} INFO - Started process (PID=2430) to work on /home/airflow/.local/lib/python3.12/site-packages/airflow/example_dags/tutorial_dag.py
[2026-06-28T09:36:53.895+0000] {processor.py:830} INFO - Processing file /home/airflow/.local/lib/python3.12/site-packages/airflow/example_dags/tutorial_dag.py for tasks to queue
[2026-06-28T09:36:53.910+0000] {logging_mixin.py:188} INFO - [2026-06-28T09:36:53.896+0000] {dagbag.py:545} INFO - Filling up the DagBag from /home/airflow/.local/lib/python3.12/site-packages/airflow/example_dags/tutorial_dag.py
[2026-06-28T09:36:53.930+0000] {processor.py:840} INFO - DAG(s) 'tutorial_dag' retrieved from /home/airflow/.local/lib/python3.12/site-packages/airflow/example_dags/tutorial_dag.py
[2026-06-28T09:36:53.993+0000] {logging_mixin.py:188} INFO - [2026-06-28T09:36:53.993+0000] {dag.py:3096} INFO - Sync 1 DAGs
[2026-06-28T09:36:54.023+0000] {logging_mixin.py:188} INFO - [2026-06-28T09:36:54.023+0000] {dag.py:3954} INFO - Setting next_dagrun for tutorial_dag to None, run_after=None
[2026-06-28T09:36:54.100+0000] {processor.py:183} INFO - Processing /home/airflow/.local/lib/python3.12/site-packages/airflow/example_dags/tutorial_dag.py took 0.237 seconds
[2026-06-28T09:37:24.403+0000] {processor.py:161} INFO - Started process (PID=2489) to work on /home/airflow/.local/lib/python3.12/site-packages/airflow/example_dags/tutorial_dag.py
[2026-06-28T09:37:24.404+0000] {processor.py:830} INFO - Processing file /home/airflow/.local/lib/python3.12/site-packages/airflow/example_dags/tutorial_dag.py for tasks to queue
[2026-06-28T09:37:24.406+0000] {logging_mixin.py:188} INFO - [2026-06-28T09:37:24.405+0000] {dagbag.py:545} INFO - Filling up the DagBag from /home/airflow/.local/lib/python3.12/site-packages/airflow/example_dags/tutorial_dag.py
[2026-06-28T09:37:24.412+0000] {processor.py:840} INFO - DAG(s) 'tutorial_dag' retrieved from /home/airflow/.local/lib/python3.12/site-packages/airflow/example_dags/tutorial_dag.py
[2026-06-28T09:37:24.438+0000] {logging_mixin.py:188} INFO - [2026-06-28T09:37:24.438+0000] {dag.py:3096} INFO - Sync 1 DAGs
[2026-06-28T09:37:24.457+0000] {logging_mixin.py:188} INFO - [2026-06-28T09:37:24.457+0000] {dag.py:3954} INFO - Setting next_dagrun for tutorial_dag to None, run_after=None
[2026-06-28T09:37:24.480+0000] {processor.py:183} INFO - Processing /home/airflow/.local/lib/python3.12/site-packages/airflow/example_dags/tutorial_dag.py took 0.085 seconds
[2026-06-28T09:37:54.589+0000] {processor.py:161} INFO - Started process (PID=2548) to work on /home/airflow/.local/lib/python3.12/site-packages/airflow/example_dags/tutorial_dag.py
[2026-06-28T09:37:54.590+0000] {processor.py:830} INFO - Processing file /home/airflow/.local/lib/python3.12/site-packages/airflow/example_dags/tutorial_dag.py for tasks to queue
[2026-06-28T09:37:54.592+0000] {logging_mixin.py:188} INFO - [2026-06-28T09:37:54.592+0000] {dagbag.py:545} INFO - Filling up the DagBag from /home/airflow/.local/lib/python3.12/site-packages/airflow/example_dags/tutorial_dag.py
[2026-06-28T09:37:54.598+0000] {processor.py:840} INFO - DAG(s) 'tutorial_dag' retrieved from /home/airflow/.local/lib/python3.12/site-packages/airflow/example_dags/tutorial_dag.py
[2026-06-28T09:37:54.622+0000] {logging_mixin.py:188} INFO - [2026-06-28T09:37:54.622+0000] {dag.py:3096} INFO - Sync 1 DAGs
[2026-06-28T09:37:54.638+0000] {logging_mixin.py:188} INFO - [2026-06-28T09:37:54.638+0000] {dag.py:3954} INFO - Setting next_dagrun for tutorial_dag to None, run_after=None
[2026-06-28T09:37:54.667+0000] {processor.py:183} INFO - Processing /home/airflow/.local/lib/python3.12/site-packages/airflow/example_dags/tutorial_dag.py took 0.085 seconds
[2026-06-28T09:38:24.880+0000] {processor.py:161} INFO - Started process (PID=2607) to work on /home/airflow/.local/lib/python3.12/site-packages/airflow/example_dags/tutorial_dag.py
[2026-06-28T09:38:24.881+0000] {processor.py:830} INFO - Processing file /home/airflow/.local/lib/python3.12/site-packages/airflow/example_dags/tutorial_dag.py for tasks to queue
[2026-06-28T09:38:24.883+0000] {logging_mixin.py:188} INFO - [2026-06-28T09:38:24.883+0000] {dagbag.py:545} INFO - Filling up the DagBag from /home/airflow/.local/lib/python3.12/site-packages/airflow/example_dags/tutorial_dag.py
[2026-06-28T09:38:24.890+0000] {processor.py:840} INFO - DAG(s) 'tutorial_dag' retrieved from /home/airflow/.local/lib/python3.12/site-packages/airflow/example_dags/tutorial_dag.py
[2026-06-28T09:38:24.918+0000] {logging_mixin.py:188} INFO - [2026-06-28T09:38:24.917+0000] {dag.py:3096} INFO - Sync 1 DAGs
[2026-06-28T09:38:24.941+0000] {logging_mixin.py:188} INFO - [2026-06-28T09:38:24.941+0000] {dag.py:3954} INFO - Setting next_dagrun for tutorial_dag to None, run_after=None
[2026-06-28T09:38:24.975+0000] {processor.py:183} INFO - Processing /home/airflow/.local/lib/python3.12/site-packages/airflow/example_dags/tutorial_dag.py took 0.102 seconds
[2026-06-28T09:38:55.261+0000] {processor.py:161} INFO - Started process (PID=2667) to work on /home/airflow/.local/lib/python3.12/site-packages/airflow/example_dags/tutorial_dag.py
[2026-06-28T09:38:55.265+0000] {processor.py:830} INFO - Processing file /home/airflow/.local/lib/python3.12/site-packages/airflow/example_dags/tutorial_dag.py for tasks to queue
[2026-06-28T09:38:55.267+0000] {logging_mixin.py:188} INFO - [2026-06-28T09:38:55.266+0000] {dagbag.py:545} INFO - Filling up the DagBag from /home/airflow/.local/lib/python3.12/site-packages/airflow/example_dags/tutorial_dag.py
[2026-06-28T09:38:55.273+0000] {processor.py:840} INFO - DAG(s) 'tutorial_dag' retrieved from /home/airflow/.local/lib/python3.12/site-packages/airflow/example_dags/tutorial_dag.py
[2026-06-28T09:38:55.297+0000] {logging_mixin.py:188} INFO - [2026-06-28T09:38:55.297+0000] {dag.py:3096} INFO - Sync 1 DAGs
[2026-06-28T09:38:55.313+0000] {logging_mixin.py:188} INFO - [2026-06-28T09:38:55.313+0000] {dag.py:3954} INFO - Setting next_dagrun for tutorial_dag to None, run_after=None
[2026-06-28T09:38:55.333+0000] {processor.py:183} INFO - Processing /home/airflow/.local/lib/python3.12/site-packages/airflow/example_dags/tutorial_dag.py took 0.079 seconds
[2026-06-28T09:39:25.407+0000] {processor.py:161} INFO - Started process (PID=2724) to work on /home/airflow/.local/lib/python3.12/site-packages/airflow/example_dags/tutorial_dag.py
[2026-06-28T09:39:25.408+0000] {processor.py:830} INFO - Processing file /home/airflow/.local/lib/python3.12/site-packages/airflow/example_dags/tutorial_dag.py for tasks to queue
[2026-06-28T09:39:25.410+0000] {logging_mixin.py:188} INFO - [2026-06-28T09:39:25.409+0000] {dagbag.py:545} INFO - Filling up the DagBag from /home/airflow/.local/lib/python3.12/site-packages/airflow/example_dags/tutorial_dag.py
[2026-06-28T09:39:25.416+0000] {processor.py:840} INFO - DAG(s) 'tutorial_dag' retrieved from /home/airflow/.local/lib/python3.12/site-packages/airflow/example_dags/tutorial_dag.py
[2026-06-28T09:39:25.446+0000] {logging_mixin.py:188} INFO - [2026-06-28T09:39:25.446+0000] {dag.py:3096} INFO - Sync 1 DAGs
[2026-06-28T09:39:25.465+0000] {logging_mixin.py:188} INFO - [2026-06-28T09:39:25.465+0000] {dag.py:3954} INFO - Setting next_dagrun for tutorial_dag to None, run_after=None
[2026-06-28T09:39:25.489+0000] {processor.py:183} INFO - Processing /home/airflow/.local/lib/python3.12/site-packages/airflow/example_dags/tutorial_dag.py took 0.091 seconds
[2026-06-28T09:39:55.734+0000] {processor.py:161} INFO - Started process (PID=2782) to work on /home/airflow/.local/lib/python3.12/site-packages/airflow/example_dags/tutorial_dag.py
[2026-06-28T09:39:55.735+0000] {processor.py:830} INFO - Processing file /home/airflow/.local/lib/python3.12/site-packages/airflow/example_dags/tutorial_dag.py for tasks to queue
[2026-06-28T09:39:55.737+0000] {logging_mixin.py:188} INFO - [2026-06-28T09:39:55.737+0000] {dagbag.py:545} INFO - Filling up the DagBag from /home/airflow/.local/lib/python3.12/site-packages/airflow/example_dags/tutorial_dag.py
[2026-06-28T09:39:55.749+0000] {processor.py:840} INFO - DAG(s) 'tutorial_dag' retrieved from /home/airflow/.local/lib/python3.12/site-packages/airflow/example_dags/tutorial_dag.py
[2026-06-28T09:39:55.778+0000] {logging_mixin.py:188} INFO - [2026-06-28T09:39:55.778+0000] {dag.py:3096} INFO - Sync 1 DAGs
[2026-06-28T09:39:55.795+0000] {logging_mixin.py:188} INFO - [2026-06-28T09:39:55.795+0000] {dag.py:3954} INFO - Setting next_dagrun for tutorial_dag to None, run_after=None
[2026-06-28T09:39:55.819+0000] {processor.py:183} INFO - Processing /home/airflow/.local/lib/python3.12/site-packages/airflow/example_dags/tutorial_dag.py took 0.092 seconds
[2026-06-28T09:40:26.600+0000] {processor.py:161} INFO - Started process (PID=2841) to work on /home/airflow/.local/lib/python3.12/site-packages/airflow/example_dags/tutorial_dag.py
[2026-06-28T09:40:26.601+0000] {processor.py:830} INFO - Processing file /home/airflow/.local/lib/python3.12/site-packages/airflow/example_dags/tutorial_dag.py for tasks to queue
[2026-06-28T09:40:26.603+0000] {logging_mixin.py:188} INFO - [2026-06-28T09:40:26.603+0000] {dagbag.py:545} INFO - Filling up the DagBag from /home/airflow/.local/lib/python3.12/site-packages/airflow/example_dags/tutorial_dag.py
[2026-06-28T09:40:26.610+0000] {processor.py:840} INFO - DAG(s) 'tutorial_dag' retrieved from /home/airflow/.local/lib/python3.12/site-packages/airflow/example_dags/tutorial_dag.py
[2026-06-28T09:40:26.634+0000] {logging_mixin.py:188} INFO - [2026-06-28T09:40:26.634+0000] {dag.py:3096} INFO - Sync 1 DAGs
[2026-06-28T09:40:26.651+0000] {logging_mixin.py:188} INFO - [2026-06-28T09:40:26.650+0000] {dag.py:3954} INFO - Setting next_dagrun for tutorial_dag to None, run_after=None
[2026-06-28T09:40:26.671+0000] {processor.py:183} INFO - Processing /home/airflow/.local/lib/python3.12/site-packages/airflow/example_dags/tutorial_dag.py took 0.078 seconds
[2026-06-28T09:40:57.089+0000] {processor.py:161} INFO - Started process (PID=2900) to work on /home/airflow/.local/lib/python3.12/site-packages/airflow/example_dags/tutorial_dag.py
[2026-06-28T09:40:57.090+0000] {processor.py:830} INFO - Processing file /home/airflow/.local/lib/python3.12/site-packages/airflow/example_dags/tutorial_dag.py for tasks to queue
[2026-06-28T09:40:57.092+0000] {logging_mixin.py:188} INFO - [2026-06-28T09:40:57.092+0000] {dagbag.py:545} INFO - Filling up the DagBag from /home/airflow/.local/lib/python3.12/site-packages/airflow/example_dags/tutorial_dag.py
[2026-06-28T09:40:57.099+0000] {processor.py:840} INFO - DAG(s) 'tutorial_dag' retrieved from /home/airflow/.local/lib/python3.12/site-packages/airflow/example_dags/tutorial_dag.py
[2026-06-28T09:40:57.121+0000] {logging_mixin.py:188} INFO - [2026-06-28T09:40:57.121+0000] {dag.py:3096} INFO - Sync 1 DAGs
[2026-06-28T09:40:57.138+0000] {logging_mixin.py:188} INFO - [2026-06-28T09:40:57.138+0000] {dag.py:3954} INFO - Setting next_dagrun for tutorial_dag to None, run_after=None
[2026-06-28T09:40:57.169+0000] {processor.py:183} INFO - Processing /home/airflow/.local/lib/python3.12/site-packages/airflow/example_dags/tutorial_dag.py took 0.087 seconds
[2026-06-28T09:41:27.391+0000] {processor.py:161} INFO - Started process (PID=2959) to work on /home/airflow/.local/lib/python3.12/site-packages/airflow/example_dags/tutorial_dag.py
[2026-06-28T09:41:27.392+0000] {processor.py:830} INFO - Processing file /home/airflow/.local/lib/python3.12/site-packages/airflow/example_dags/tutorial_dag.py for tasks to queue
[2026-06-28T09:41:27.394+0000] {logging_mixin.py:188} INFO - [2026-06-28T09:41:27.394+0000] {dagbag.py:545} INFO - Filling up the DagBag from /home/airflow/.local/lib/python3.12/site-packages/airflow/example_dags/tutorial_dag.py
[2026-06-28T09:41:27.401+0000] {processor.py:840} INFO - DAG(s) 'tutorial_dag' retrieved from /home/airflow/.local/lib/python3.12/site-packages/airflow/example_dags/tutorial_dag.py
[2026-06-28T09:41:27.430+0000] {logging_mixin.py:188} INFO - [2026-06-28T09:41:27.429+0000] {dag.py:3096} INFO - Sync 1 DAGs
[2026-06-28T09:41:27.448+0000] {logging_mixin.py:188} INFO - [2026-06-28T09:41:27.448+0000] {dag.py:3954} INFO - Setting next_dagrun for tutorial_dag to None, run_after=None
[2026-06-28T09:41:27.468+0000] {processor.py:183} INFO - Processing /home/airflow/.local/lib/python3.12/site-packages/airflow/example_dags/tutorial_dag.py took 0.084 seconds
[2026-06-28T09:41:57.902+0000] {processor.py:161} INFO - Started process (PID=3019) to work on /home/airflow/.local/lib/python3.12/site-packages/airflow/example_dags/tutorial_dag.py
[2026-06-28T09:41:57.903+0000] {processor.py:830} INFO - Processing file /home/airflow/.local/lib/python3.12/site-packages/airflow/example_dags/tutorial_dag.py for tasks to queue
[2026-06-28T09:41:57.905+0000] {logging_mixin.py:188} INFO - [2026-06-28T09:41:57.904+0000] {dagbag.py:545} INFO - Filling up the DagBag from /home/airflow/.local/lib/python3.12/site-packages/airflow/example_dags/tutorial_dag.py
[2026-06-28T09:41:57.911+0000] {processor.py:840} INFO - DAG(s) 'tutorial_dag' retrieved from /home/airflow/.local/lib/python3.12/site-packages/airflow/example_dags/tutorial_dag.py
[2026-06-28T09:41:57.945+0000] {logging_mixin.py:188} INFO - [2026-06-28T09:41:57.945+0000] {dag.py:3096} INFO - Sync 1 DAGs
[2026-06-28T09:41:57.966+0000] {logging_mixin.py:188} INFO - [2026-06-28T09:41:57.964+0000] {dag.py:3954} INFO - Setting next_dagrun for tutorial_dag to None, run_after=None
[2026-06-28T09:41:57.990+0000] {processor.py:183} INFO - Processing /home/airflow/.local/lib/python3.12/site-packages/airflow/example_dags/tutorial_dag.py took 0.096 seconds
[2026-06-28T09:42:28.543+0000] {processor.py:161} INFO - Started process (PID=3077) to work on /home/airflow/.local/lib/python3.12/site-packages/airflow/example_dags/tutorial_dag.py
[2026-06-28T09:42:28.543+0000] {processor.py:830} INFO - Processing file /home/airflow/.local/lib/python3.12/site-packages/airflow/example_dags/tutorial_dag.py for tasks to queue
[2026-06-28T09:42:28.546+0000] {logging_mixin.py:188} INFO - [2026-06-28T09:42:28.545+0000] {dagbag.py:545} INFO - Filling up the DagBag from /home/airflow/.local/lib/python3.12/site-packages/airflow/example_dags/tutorial_dag.py
[2026-06-28T09:42:28.555+0000] {processor.py:840} INFO - DAG(s) 'tutorial_dag' retrieved from /home/airflow/.local/lib/python3.12/site-packages/airflow/example_dags/tutorial_dag.py
[2026-06-28T09:42:28.604+0000] {logging_mixin.py:188} INFO - [2026-06-28T09:42:28.604+0000] {dag.py:3096} INFO - Sync 1 DAGs
[2026-06-28T09:42:28.627+0000] {logging_mixin.py:188} INFO - [2026-06-28T09:42:28.627+0000] {dag.py:3954} INFO - Setting next_dagrun for tutorial_dag to None, run_after=None
[2026-06-28T09:42:28.648+0000] {processor.py:183} INFO - Processing /home/airflow/.local/lib/python3.12/site-packages/airflow/example_dags/tutorial_dag.py took 0.126 seconds
[2026-06-28T09:42:59.192+0000] {processor.py:161} INFO - Started process (PID=3136) to work on /home/airflow/.local/lib/python3.12/site-packages/airflow/example_dags/tutorial_dag.py
[2026-06-28T09:42:59.193+0000] {processor.py:830} INFO - Processing file /home/airflow/.local/lib/python3.12/site-packages/airflow/example_dags/tutorial_dag.py for tasks to queue
[2026-06-28T09:42:59.195+0000] {logging_mixin.py:188} INFO - [2026-06-28T09:42:59.194+0000] {dagbag.py:545} INFO - Filling up the DagBag from /home/airflow/.local/lib/python3.12/site-packages/airflow/example_dags/tutorial_dag.py
[2026-06-28T09:42:59.201+0000] {processor.py:840} INFO - DAG(s) 'tutorial_dag' retrieved from /home/airflow/.local/lib/python3.12/site-packages/airflow/example_dags/tutorial_dag.py
[2026-06-28T09:42:59.226+0000] {logging_mixin.py:188} INFO - [2026-06-28T09:42:59.226+0000] {dag.py:3096} INFO - Sync 1 DAGs
[2026-06-28T09:42:59.242+0000] {logging_mixin.py:188} INFO - [2026-06-28T09:42:59.242+0000] {dag.py:3954} INFO - Setting next_dagrun for tutorial_dag to None, run_after=None
[2026-06-28T09:42:59.280+0000] {processor.py:183} INFO - Processing /home/airflow/.local/lib/python3.12/site-packages/airflow/example_dags/tutorial_dag.py took 0.095 seconds
[2026-06-28T09:43:29.484+0000] {processor.py:161} INFO - Started process (PID=3194) to work on /home/airflow/.local/lib/python3.12/site-packages/airflow/example_dags/tutorial_dag.py
[2026-06-28T09:43:29.485+0000] {processor.py:830} INFO - Processing file /home/airflow/.local/lib/python3.12/site-packages/airflow/example_dags/tutorial_dag.py for tasks to queue
[2026-06-28T09:43:29.487+0000] {logging_mixin.py:188} INFO - [2026-06-28T09:43:29.486+0000] {dagbag.py:545} INFO - Filling up the DagBag from /home/airflow/.local/lib/python3.12/site-packages/airflow/example_dags/tutorial_dag.py
[2026-06-28T09:43:29.493+0000] {processor.py:840} INFO - DAG(s) 'tutorial_dag' retrieved from /home/airflow/.local/lib/python3.12/site-packages/airflow/example_dags/tutorial_dag.py
[2026-06-28T09:43:29.552+0000] {logging_mixin.py:188} INFO - [2026-06-28T09:43:29.552+0000] {dag.py:3096} INFO - Sync 1 DAGs
[2026-06-28T09:43:29.570+0000] {logging_mixin.py:188} INFO - [2026-06-28T09:43:29.570+0000] {dag.py:3954} INFO - Setting next_dagrun for tutorial_dag to None, run_after=None
[2026-06-28T09:43:29.592+0000] {processor.py:183} INFO - Processing /home/airflow/.local/lib/python3.12/site-packages/airflow/example_dags/tutorial_dag.py took 0.119 seconds
[2026-06-28T09:43:59.913+0000] {processor.py:161} INFO - Started process (PID=3253) to work on /home/airflow/.local/lib/python3.12/site-packages/airflow/example_dags/tutorial_dag.py
[2026-06-28T09:43:59.916+0000] {processor.py:830} INFO - Processing file /home/airflow/.local/lib/python3.12/site-packages/airflow/example_dags/tutorial_dag.py for tasks to queue
[2026-06-28T09:43:59.918+0000] {logging_mixin.py:188} INFO - [2026-06-28T09:43:59.917+0000] {dagbag.py:545} INFO - Filling up the DagBag from /home/airflow/.local/lib/python3.12/site-packages/airflow/example_dags/tutorial_dag.py
[2026-06-28T09:43:59.926+0000] {processor.py:840} INFO - DAG(s) 'tutorial_dag' retrieved from /home/airflow/.local/lib/python3.12/site-packages/airflow/example_dags/tutorial_dag.py
[2026-06-28T09:43:59.950+0000] {logging_mixin.py:188} INFO - [2026-06-28T09:43:59.950+0000] {dag.py:3096} INFO - Sync 1 DAGs
[2026-06-28T09:43:59.972+0000] {logging_mixin.py:188} INFO - [2026-06-28T09:43:59.972+0000] {dag.py:3954} INFO - Setting next_dagrun for tutorial_dag to None, run_after=None
[2026-06-28T09:43:59.995+0000] {processor.py:183} INFO - Processing /home/airflow/.local/lib/python3.12/site-packages/airflow/example_dags/tutorial_dag.py took 0.101 seconds
[2026-06-28T09:44:30.833+0000] {processor.py:161} INFO - Started process (PID=3312) to work on /home/airflow/.local/lib/python3.12/site-packages/airflow/example_dags/tutorial_dag.py
[2026-06-28T09:44:30.834+0000] {processor.py:830} INFO - Processing file /home/airflow/.local/lib/python3.12/site-packages/airflow/example_dags/tutorial_dag.py for tasks to queue
[2026-06-28T09:44:30.836+0000] {logging_mixin.py:188} INFO - [2026-06-28T09:44:30.836+0000] {dagbag.py:545} INFO - Filling up the DagBag from /home/airflow/.local/lib/python3.12/site-packages/airflow/example_dags/tutorial_dag.py
[2026-06-28T09:44:30.843+0000] {processor.py:840} INFO - DAG(s) 'tutorial_dag' retrieved from /home/airflow/.local/lib/python3.12/site-packages/airflow/example_dags/tutorial_dag.py
[2026-06-28T09:44:30.869+0000] {logging_mixin.py:188} INFO - [2026-06-28T09:44:30.868+0000] {dag.py:3096} INFO - Sync 1 DAGs
[2026-06-28T09:44:30.886+0000] {logging_mixin.py:188} INFO - [2026-06-28T09:44:30.885+0000] {dag.py:3954} INFO - Setting next_dagrun for tutorial_dag to None, run_after=None
[2026-06-28T09:44:30.906+0000] {processor.py:183} INFO - Processing /home/airflow/.local/lib/python3.12/site-packages/airflow/example_dags/tutorial_dag.py took 0.084 seconds
[2026-06-28T09:45:01.043+0000] {processor.py:161} INFO - Started process (PID=3371) to work on /home/airflow/.local/lib/python3.12/site-packages/airflow/example_dags/tutorial_dag.py
[2026-06-28T09:45:01.044+0000] {processor.py:830} INFO - Processing file /home/airflow/.local/lib/python3.12/site-packages/airflow/example_dags/tutorial_dag.py for tasks to queue
[2026-06-28T09:45:01.046+0000] {logging_mixin.py:188} INFO - [2026-06-28T09:45:01.045+0000] {dagbag.py:545} INFO - Filling up the DagBag from /home/airflow/.local/lib/python3.12/site-packages/airflow/example_dags/tutorial_dag.py
[2026-06-28T09:45:01.053+0000] {processor.py:840} INFO - DAG(s) 'tutorial_dag' retrieved from /home/airflow/.local/lib/python3.12/site-packages/airflow/example_dags/tutorial_dag.py
[2026-06-28T09:45:01.079+0000] {logging_mixin.py:188} INFO - [2026-06-28T09:45:01.078+0000] {dag.py:3096} INFO - Sync 1 DAGs
[2026-06-28T09:45:01.095+0000] {logging_mixin.py:188} INFO - [2026-06-28T09:45:01.095+0000] {dag.py:3954} INFO - Setting next_dagrun for tutorial_dag to None, run_after=None
[2026-06-28T09:45:01.124+0000] {processor.py:183} INFO - Processing /home/airflow/.local/lib/python3.12/site-packages/airflow/example_dags/tutorial_dag.py took 0.088 seconds
[2026-06-28T09:45:31.600+0000] {processor.py:161} INFO - Started process (PID=3429) to work on /home/airflow/.local/lib/python3.12/site-packages/airflow/example_dags/tutorial_dag.py
[2026-06-28T09:45:31.601+0000] {processor.py:830} INFO - Processing file /home/airflow/.local/lib/python3.12/site-packages/airflow/example_dags/tutorial_dag.py for tasks to queue
[2026-06-28T09:45:31.603+0000] {logging_mixin.py:188} INFO - [2026-06-28T09:45:31.603+0000] {dagbag.py:545} INFO - Filling up the DagBag from /home/airflow/.local/lib/python3.12/site-packages/airflow/example_dags/tutorial_dag.py
[2026-06-28T09:45:31.610+0000] {processor.py:840} INFO - DAG(s) 'tutorial_dag' retrieved from /home/airflow/.local/lib/python3.12/site-packages/airflow/example_dags/tutorial_dag.py
[2026-06-28T09:45:31.633+0000] {logging_mixin.py:188} INFO - [2026-06-28T09:45:31.633+0000] {dag.py:3096} INFO - Sync 1 DAGs
[2026-06-28T09:45:31.649+0000] {logging_mixin.py:188} INFO - [2026-06-28T09:45:31.649+0000] {dag.py:3954} INFO - Setting next_dagrun for tutorial_dag to None, run_after=None
[2026-06-28T09:45:31.670+0000] {processor.py:183} INFO - Processing /home/airflow/.local/lib/python3.12/site-packages/airflow/example_dags/tutorial_dag.py took 0.077 seconds
[2026-06-28T09:46:01.986+0000] {processor.py:161} INFO - Started process (PID=3488) to work on /home/airflow/.local/lib/python3.12/site-packages/airflow/example_dags/tutorial_dag.py
[2026-06-28T09:46:01.987+0000] {processor.py:830} INFO - Processing file /home/airflow/.local/lib/python3.12/site-packages/airflow/example_dags/tutorial_dag.py for tasks to queue
[2026-06-28T09:46:01.989+0000] {logging_mixin.py:188} INFO - [2026-06-28T09:46:01.989+0000] {dagbag.py:545} INFO - Filling up the DagBag from /home/airflow/.local/lib/python3.12/site-packages/airflow/example_dags/tutorial_dag.py
[2026-06-28T09:46:01.996+0000] {processor.py:840} INFO - DAG(s) 'tutorial_dag' retrieved from /home/airflow/.local/lib/python3.12/site-packages/airflow/example_dags/tutorial_dag.py
[2026-06-28T09:46:02.019+0000] {logging_mixin.py:188} INFO - [2026-06-28T09:46:02.019+0000] {dag.py:3096} INFO - Sync 1 DAGs
[2026-06-28T09:46:02.035+0000] {logging_mixin.py:188} INFO - [2026-06-28T09:46:02.035+0000] {dag.py:3954} INFO - Setting next_dagrun for tutorial_dag to None, run_after=None
[2026-06-28T09:46:02.062+0000] {processor.py:183} INFO - Processing /home/airflow/.local/lib/python3.12/site-packages/airflow/example_dags/tutorial_dag.py took 0.087 seconds
[2026-06-28T09:46:32.776+0000] {processor.py:161} INFO - Started process (PID=3547) to work on /home/airflow/.local/lib/python3.12/site-packages/airflow/example_dags/tutorial_dag.py
[2026-06-28T09:46:32.777+0000] {processor.py:830} INFO - Processing file /home/airflow/.local/lib/python3.12/site-packages/airflow/example_dags/tutorial_dag.py for tasks to queue
[2026-06-28T09:46:32.779+0000] {logging_mixin.py:188} INFO - [2026-06-28T09:46:32.778+0000] {dagbag.py:545} INFO - Filling up the DagBag from /home/airflow/.local/lib/python3.12/site-packages/airflow/example_dags/tutorial_dag.py
[2026-06-28T09:46:32.785+0000] {processor.py:840} INFO - DAG(s) 'tutorial_dag' retrieved from /home/airflow/.local/lib/python3.12/site-packages/airflow/example_dags/tutorial_dag.py
[2026-06-28T09:46:32.808+0000] {logging_mixin.py:188} INFO - [2026-06-28T09:46:32.808+0000] {dag.py:3096} INFO - Sync 1 DAGs
[2026-06-28T09:46:32.825+0000] {logging_mixin.py:188} INFO - [2026-06-28T09:46:32.824+0000] {dag.py:3954} INFO - Setting next_dagrun for tutorial_dag to None, run_after=None
[2026-06-28T09:46:32.866+0000] {processor.py:183} INFO - Processing /home/airflow/.local/lib/python3.12/site-packages/airflow/example_dags/tutorial_dag.py took 0.098 seconds
[2026-06-28T09:47:03.654+0000] {processor.py:161} INFO - Started process (PID=3606) to work on /home/airflow/.local/lib/python3.12/site-packages/airflow/example_dags/tutorial_dag.py
[2026-06-28T09:47:03.658+0000] {processor.py:830} INFO - Processing file /home/airflow/.local/lib/python3.12/site-packages/airflow/example_dags/tutorial_dag.py for tasks to queue
[2026-06-28T09:47:03.665+0000] {logging_mixin.py:188} INFO - [2026-06-28T09:47:03.665+0000] {dagbag.py:545} INFO - Filling up the DagBag from /home/airflow/.local/lib/python3.12/site-packages/airflow/example_dags/tutorial_dag.py
[2026-06-28T09:47:03.689+0000] {processor.py:840} INFO - DAG(s) 'tutorial_dag' retrieved from /home/airflow/.local/lib/python3.12/site-packages/airflow/example_dags/tutorial_dag.py
[2026-06-28T09:47:03.755+0000] {logging_mixin.py:188} INFO - [2026-06-28T09:47:03.755+0000] {dag.py:3096} INFO - Sync 1 DAGs
[2026-06-28T09:47:03.786+0000] {logging_mixin.py:188} INFO - [2026-06-28T09:47:03.786+0000] {dag.py:3954} INFO - Setting next_dagrun for tutorial_dag to None, run_after=None
[2026-06-28T09:47:03.807+0000] {processor.py:183} INFO - Processing /home/airflow/.local/lib/python3.12/site-packages/airflow/example_dags/tutorial_dag.py took 0.183 seconds
[2026-06-28T09:47:33.971+0000] {processor.py:161} INFO - Started process (PID=3665) to work on /home/airflow/.local/lib/python3.12/site-packages/airflow/example_dags/tutorial_dag.py
[2026-06-28T09:47:33.974+0000] {processor.py:830} INFO - Processing file /home/airflow/.local/lib/python3.12/site-packages/airflow/example_dags/tutorial_dag.py for tasks to queue
[2026-06-28T09:47:33.977+0000] {logging_mixin.py:188} INFO - [2026-06-28T09:47:33.975+0000] {dagbag.py:545} INFO - Filling up the DagBag from /home/airflow/.local/lib/python3.12/site-packages/airflow/example_dags/tutorial_dag.py
[2026-06-28T09:47:33.990+0000] {processor.py:840} INFO - DAG(s) 'tutorial_dag' retrieved from /home/airflow/.local/lib/python3.12/site-packages/airflow/example_dags/tutorial_dag.py
[2026-06-28T09:47:34.059+0000] {logging_mixin.py:188} INFO - [2026-06-28T09:47:34.058+0000] {dag.py:3096} INFO - Sync 1 DAGs
[2026-06-28T09:47:34.144+0000] {logging_mixin.py:188} INFO - [2026-06-28T09:47:34.144+0000] {dag.py:3954} INFO - Setting next_dagrun for tutorial_dag to None, run_after=None
[2026-06-28T09:47:34.229+0000] {processor.py:183} INFO - Processing /home/airflow/.local/lib/python3.12/site-packages/airflow/example_dags/tutorial_dag.py took 0.277 seconds
[2026-06-28T09:48:04.814+0000] {processor.py:161} INFO - Started process (PID=3724) to work on /home/airflow/.local/lib/python3.12/site-packages/airflow/example_dags/tutorial_dag.py
[2026-06-28T09:48:04.815+0000] {processor.py:830} INFO - Processing file /home/airflow/.local/lib/python3.12/site-packages/airflow/example_dags/tutorial_dag.py for tasks to queue
[2026-06-28T09:48:04.817+0000] {logging_mixin.py:188} INFO - [2026-06-28T09:48:04.817+0000] {dagbag.py:545} INFO - Filling up the DagBag from /home/airflow/.local/lib/python3.12/site-packages/airflow/example_dags/tutorial_dag.py
[2026-06-28T09:48:04.824+0000] {processor.py:840} INFO - DAG(s) 'tutorial_dag' retrieved from /home/airflow/.local/lib/python3.12/site-packages/airflow/example_dags/tutorial_dag.py
[2026-06-28T09:48:04.854+0000] {logging_mixin.py:188} INFO - [2026-06-28T09:48:04.854+0000] {dag.py:3096} INFO - Sync 1 DAGs
[2026-06-28T09:48:04.873+0000] {logging_mixin.py:188} INFO - [2026-06-28T09:48:04.873+0000] {dag.py:3954} INFO - Setting next_dagrun for tutorial_dag to None, run_after=None
[2026-06-28T09:48:04.894+0000] {processor.py:183} INFO - Processing /home/airflow/.local/lib/python3.12/site-packages/airflow/example_dags/tutorial_dag.py took 0.088 seconds
[2026-06-28T09:48:34.960+0000] {processor.py:161} INFO - Started process (PID=3783) to work on /home/airflow/.local/lib/python3.12/site-packages/airflow/example_dags/tutorial_dag.py
[2026-06-28T09:48:34.960+0000] {processor.py:830} INFO - Processing file /home/airflow/.local/lib/python3.12/site-packages/airflow/example_dags/tutorial_dag.py for tasks to queue
[2026-06-28T09:48:34.962+0000] {logging_mixin.py:188} INFO - [2026-06-28T09:48:34.962+0000] {dagbag.py:545} INFO - Filling up the DagBag from /home/airflow/.local/lib/python3.12/site-packages/airflow/example_dags/tutorial_dag.py
[2026-06-28T09:48:34.968+0000] {processor.py:840} INFO - DAG(s) 'tutorial_dag' retrieved from /home/airflow/.local/lib/python3.12/site-packages/airflow/example_dags/tutorial_dag.py
[2026-06-28T09:48:34.997+0000] {logging_mixin.py:188} INFO - [2026-06-28T09:48:34.996+0000] {dag.py:3096} INFO - Sync 1 DAGs
[2026-06-28T09:48:35.013+0000] {logging_mixin.py:188} INFO - [2026-06-28T09:48:35.012+0000] {dag.py:3954} INFO - Setting next_dagrun for tutorial_dag to None, run_after=None
[2026-06-28T09:48:35.033+0000] {processor.py:183} INFO - Processing /home/airflow/.local/lib/python3.12/site-packages/airflow/example_dags/tutorial_dag.py took 0.081 seconds
[2026-06-28T09:49:05.575+0000] {processor.py:161} INFO - Started process (PID=3842) to work on /home/airflow/.local/lib/python3.12/site-packages/airflow/example_dags/tutorial_dag.py
[2026-06-28T09:49:05.575+0000] {processor.py:830} INFO - Processing file /home/airflow/.local/lib/python3.12/site-packages/airflow/example_dags/tutorial_dag.py for tasks to queue
[2026-06-28T09:49:05.577+0000] {logging_mixin.py:188} INFO - [2026-06-28T09:49:05.577+0000] {dagbag.py:545} INFO - Filling up the DagBag from /home/airflow/.local/lib/python3.12/site-packages/airflow/example_dags/tutorial_dag.py
[2026-06-28T09:49:05.584+0000] {processor.py:840} INFO - DAG(s) 'tutorial_dag' retrieved from /home/airflow/.local/lib/python3.12/site-packages/airflow/example_dags/tutorial_dag.py
[2026-06-28T09:49:05.608+0000] {logging_mixin.py:188} INFO - [2026-06-28T09:49:05.608+0000] {dag.py:3096} INFO - Sync 1 DAGs
[2026-06-28T09:49:05.622+0000] {logging_mixin.py:188} INFO - [2026-06-28T09:49:05.622+0000] {dag.py:3954} INFO - Setting next_dagrun for tutorial_dag to None, run_after=None
[2026-06-28T09:49:05.639+0000] {processor.py:183} INFO - Processing /home/airflow/.local/lib/python3.12/site-packages/airflow/example_dags/tutorial_dag.py took 0.071 seconds
[2026-06-28T09:49:36.360+0000] {processor.py:161} INFO - Started process (PID=3900) to work on /home/airflow/.local/lib/python3.12/site-packages/airflow/example_dags/tutorial_dag.py
[2026-06-28T09:49:36.361+0000] {processor.py:830} INFO - Processing file /home/airflow/.local/lib/python3.12/site-packages/airflow/example_dags/tutorial_dag.py for tasks to queue
[2026-06-28T09:49:36.364+0000] {logging_mixin.py:188} INFO - [2026-06-28T09:49:36.363+0000] {dagbag.py:545} INFO - Filling up the DagBag from /home/airflow/.local/lib/python3.12/site-packages/airflow/example_dags/tutorial_dag.py
[2026-06-28T09:49:36.370+0000] {processor.py:840} INFO - DAG(s) 'tutorial_dag' retrieved from /home/airflow/.local/lib/python3.12/site-packages/airflow/example_dags/tutorial_dag.py
[2026-06-28T09:49:36.394+0000] {logging_mixin.py:188} INFO - [2026-06-28T09:49:36.394+0000] {dag.py:3096} INFO - Sync 1 DAGs
[2026-06-28T09:49:36.410+0000] {logging_mixin.py:188} INFO - [2026-06-28T09:49:36.410+0000] {dag.py:3954} INFO - Setting next_dagrun for tutorial_dag to None, run_after=None
[2026-06-28T09:49:36.426+0000] {processor.py:183} INFO - Processing /home/airflow/.local/lib/python3.12/site-packages/airflow/example_dags/tutorial_dag.py took 0.073 seconds
[2026-06-28T09:50:06.569+0000] {processor.py:161} INFO - Started process (PID=3959) to work on /home/airflow/.local/lib/python3.12/site-packages/airflow/example_dags/tutorial_dag.py
[2026-06-28T09:50:06.570+0000] {processor.py:830} INFO - Processing file /home/airflow/.local/lib/python3.12/site-packages/airflow/example_dags/tutorial_dag.py for tasks to queue
[2026-06-28T09:50:06.572+0000] {logging_mixin.py:188} INFO - [2026-06-28T09:50:06.571+0000] {dagbag.py:545} INFO - Filling up the DagBag from /home/airflow/.local/lib/python3.12/site-packages/airflow/example_dags/tutorial_dag.py
[2026-06-28T09:50:06.576+0000] {processor.py:840} INFO - DAG(s) 'tutorial_dag' retrieved from /home/airflow/.local/lib/python3.12/site-packages/airflow/example_dags/tutorial_dag.py
[2026-06-28T09:50:06.594+0000] {logging_mixin.py:188} INFO - [2026-06-28T09:50:06.594+0000] {dag.py:3096} INFO - Sync 1 DAGs
[2026-06-28T09:50:06.605+0000] {logging_mixin.py:188} INFO - [2026-06-28T09:50:06.605+0000] {dag.py:3954} INFO - Setting next_dagrun for tutorial_dag to None, run_after=None
[2026-06-28T09:50:06.620+0000] {processor.py:183} INFO - Processing /home/airflow/.local/lib/python3.12/site-packages/airflow/example_dags/tutorial_dag.py took 0.058 seconds
[2026-06-28T09:50:37.164+0000] {processor.py:161} INFO - Started process (PID=4018) to work on /home/airflow/.local/lib/python3.12/site-packages/airflow/example_dags/tutorial_dag.py
[2026-06-28T09:50:37.165+0000] {processor.py:830} INFO - Processing file /home/airflow/.local/lib/python3.12/site-packages/airflow/example_dags/tutorial_dag.py for tasks to queue
[2026-06-28T09:50:37.167+0000] {logging_mixin.py:188} INFO - [2026-06-28T09:50:37.167+0000] {dagbag.py:545} INFO - Filling up the DagBag from /home/airflow/.local/lib/python3.12/site-packages/airflow/example_dags/tutorial_dag.py
[2026-06-28T09:50:37.173+0000] {processor.py:840} INFO - DAG(s) 'tutorial_dag' retrieved from /home/airflow/.local/lib/python3.12/site-packages/airflow/example_dags/tutorial_dag.py
[2026-06-28T09:50:37.200+0000] {logging_mixin.py:188} INFO - [2026-06-28T09:50:37.199+0000] {dag.py:3096} INFO - Sync 1 DAGs
[2026-06-28T09:50:37.220+0000] {logging_mixin.py:188} INFO - [2026-06-28T09:50:37.220+0000] {dag.py:3954} INFO - Setting next_dagrun for tutorial_dag to None, run_after=None
[2026-06-28T09:50:37.239+0000] {processor.py:183} INFO - Processing /home/airflow/.local/lib/python3.12/site-packages/airflow/example_dags/tutorial_dag.py took 0.083 seconds
[2026-06-28T09:51:07.544+0000] {processor.py:161} INFO - Started process (PID=4077) to work on /home/airflow/.local/lib/python3.12/site-packages/airflow/example_dags/tutorial_dag.py
[2026-06-28T09:51:07.545+0000] {processor.py:830} INFO - Processing file /home/airflow/.local/lib/python3.12/site-packages/airflow/example_dags/tutorial_dag.py for tasks to queue
[2026-06-28T09:51:07.547+0000] {logging_mixin.py:188} INFO - [2026-06-28T09:51:07.547+0000] {dagbag.py:545} INFO - Filling up the DagBag from /home/airflow/.local/lib/python3.12/site-packages/airflow/example_dags/tutorial_dag.py
[2026-06-28T09:51:07.554+0000] {processor.py:840} INFO - DAG(s) 'tutorial_dag' retrieved from /home/airflow/.local/lib/python3.12/site-packages/airflow/example_dags/tutorial_dag.py
[2026-06-28T09:51:07.581+0000] {logging_mixin.py:188} INFO - [2026-06-28T09:51:07.581+0000] {dag.py:3096} INFO - Sync 1 DAGs
[2026-06-28T09:51:07.602+0000] {logging_mixin.py:188} INFO - [2026-06-28T09:51:07.601+0000] {dag.py:3954} INFO - Setting next_dagrun for tutorial_dag to None, run_after=None
[2026-06-28T09:51:07.623+0000] {processor.py:183} INFO - Processing /home/airflow/.local/lib/python3.12/site-packages/airflow/example_dags/tutorial_dag.py took 0.086 seconds
[2026-06-28T09:51:38.294+0000] {processor.py:161} INFO - Started process (PID=4136) to work on /home/airflow/.local/lib/python3.12/site-packages/airflow/example_dags/tutorial_dag.py
[2026-06-28T09:51:38.295+0000] {processor.py:830} INFO - Processing file /home/airflow/.local/lib/python3.12/site-packages/airflow/example_dags/tutorial_dag.py for tasks to queue
[2026-06-28T09:51:38.297+0000] {logging_mixin.py:188} INFO - [2026-06-28T09:51:38.297+0000] {dagbag.py:545} INFO - Filling up the DagBag from /home/airflow/.local/lib/python3.12/site-packages/airflow/example_dags/tutorial_dag.py
[2026-06-28T09:51:38.303+0000] {processor.py:840} INFO - DAG(s) 'tutorial_dag' retrieved from /home/airflow/.local/lib/python3.12/site-packages/airflow/example_dags/tutorial_dag.py
[2026-06-28T09:51:38.322+0000] {logging_mixin.py:188} INFO - [2026-06-28T09:51:38.322+0000] {dag.py:3096} INFO - Sync 1 DAGs
[2026-06-28T09:51:38.333+0000] {logging_mixin.py:188} INFO - [2026-06-28T09:51:38.333+0000] {dag.py:3954} INFO - Setting next_dagrun for tutorial_dag to None, run_after=None
[2026-06-28T09:51:38.351+0000] {processor.py:183} INFO - Processing /home/airflow/.local/lib/python3.12/site-packages/airflow/example_dags/tutorial_dag.py took 0.068 seconds
[2026-06-28T09:52:08.686+0000] {processor.py:161} INFO - Started process (PID=4195) to work on /home/airflow/.local/lib/python3.12/site-packages/airflow/example_dags/tutorial_dag.py
[2026-06-28T09:52:08.686+0000] {processor.py:830} INFO - Processing file /home/airflow/.local/lib/python3.12/site-packages/airflow/example_dags/tutorial_dag.py for tasks to queue
[2026-06-28T09:52:08.688+0000] {logging_mixin.py:188} INFO - [2026-06-28T09:52:08.688+0000] {dagbag.py:545} INFO - Filling up the DagBag from /home/airflow/.local/lib/python3.12/site-packages/airflow/example_dags/tutorial_dag.py
[2026-06-28T09:52:08.696+0000] {processor.py:840} INFO - DAG(s) 'tutorial_dag' retrieved from /home/airflow/.local/lib/python3.12/site-packages/airflow/example_dags/tutorial_dag.py
[2026-06-28T09:52:08.723+0000] {logging_mixin.py:188} INFO - [2026-06-28T09:52:08.723+0000] {dag.py:3096} INFO - Sync 1 DAGs
[2026-06-28T09:52:08.748+0000] {logging_mixin.py:188} INFO - [2026-06-28T09:52:08.745+0000] {dag.py:3954} INFO - Setting next_dagrun for tutorial_dag to None, run_after=None
[2026-06-28T09:52:08.776+0000] {processor.py:183} INFO - Processing /home/airflow/.local/lib/python3.12/site-packages/airflow/example_dags/tutorial_dag.py took 0.100 seconds
[2026-06-28T09:52:40.184+0000] {processor.py:161} INFO - Started process (PID=4254) to work on /home/airflow/.local/lib/python3.12/site-packages/airflow/example_dags/tutorial_dag.py
[2026-06-28T09:52:40.189+0000] {processor.py:830} INFO - Processing file /home/airflow/.local/lib/python3.12/site-packages/airflow/example_dags/tutorial_dag.py for tasks to queue
[2026-06-28T09:52:40.198+0000] {logging_mixin.py:188} INFO - [2026-06-28T09:52:40.198+0000] {dagbag.py:545} INFO - Filling up the DagBag from /home/airflow/.local/lib/python3.12/site-packages/airflow/example_dags/tutorial_dag.py
[2026-06-28T09:52:40.217+0000] {processor.py:840} INFO - DAG(s) 'tutorial_dag' retrieved from /home/airflow/.local/lib/python3.12/site-packages/airflow/example_dags/tutorial_dag.py
[2026-06-28T09:52:40.297+0000] {logging_mixin.py:188} INFO - [2026-06-28T09:52:40.297+0000] {dag.py:3096} INFO - Sync 1 DAGs
[2026-06-28T09:52:40.350+0000] {logging_mixin.py:188} INFO - [2026-06-28T09:52:40.350+0000] {dag.py:3954} INFO - Setting next_dagrun for tutorial_dag to None, run_after=None
[2026-06-28T09:52:40.437+0000] {processor.py:183} INFO - Processing /home/airflow/.local/lib/python3.12/site-packages/airflow/example_dags/tutorial_dag.py took 0.293 seconds
[2026-06-28T09:53:11.098+0000] {processor.py:161} INFO - Started process (PID=4313) to work on /home/airflow/.local/lib/python3.12/site-packages/airflow/example_dags/tutorial_dag.py
[2026-06-28T09:53:11.099+0000] {processor.py:830} INFO - Processing file /home/airflow/.local/lib/python3.12/site-packages/airflow/example_dags/tutorial_dag.py for tasks to queue
[2026-06-28T09:53:11.100+0000] {logging_mixin.py:188} INFO - [2026-06-28T09:53:11.100+0000] {dagbag.py:545} INFO - Filling up the DagBag from /home/airflow/.local/lib/python3.12/site-packages/airflow/example_dags/tutorial_dag.py
[2026-06-28T09:53:11.105+0000] {processor.py:840} INFO - DAG(s) 'tutorial_dag' retrieved from /home/airflow/.local/lib/python3.12/site-packages/airflow/example_dags/tutorial_dag.py
[2026-06-28T09:53:11.127+0000] {logging_mixin.py:188} INFO - [2026-06-28T09:53:11.126+0000] {dag.py:3096} INFO - Sync 1 DAGs
[2026-06-28T09:53:11.143+0000] {logging_mixin.py:188} INFO - [2026-06-28T09:53:11.142+0000] {dag.py:3954} INFO - Setting next_dagrun for tutorial_dag to None, run_after=None
[2026-06-28T09:53:11.171+0000] {processor.py:183} INFO - Processing /home/airflow/.local/lib/python3.12/site-packages/airflow/example_dags/tutorial_dag.py took 0.078 seconds
[2026-06-28T09:53:41.340+0000] {processor.py:161} INFO - Started process (PID=4372) to work on /home/airflow/.local/lib/python3.12/site-packages/airflow/example_dags/tutorial_dag.py
[2026-06-28T09:53:41.341+0000] {processor.py:830} INFO - Processing file /home/airflow/.local/lib/python3.12/site-packages/airflow/example_dags/tutorial_dag.py for tasks to queue
[2026-06-28T09:53:41.343+0000] {logging_mixin.py:188} INFO - [2026-06-28T09:53:41.343+0000] {dagbag.py:545} INFO - Filling up the DagBag from /home/airflow/.local/lib/python3.12/site-packages/airflow/example_dags/tutorial_dag.py
[2026-06-28T09:53:41.349+0000] {processor.py:840} INFO - DAG(s) 'tutorial_dag' retrieved from /home/airflow/.local/lib/python3.12/site-packages/airflow/example_dags/tutorial_dag.py
[2026-06-28T09:53:41.368+0000] {logging_mixin.py:188} INFO - [2026-06-28T09:53:41.368+0000] {dag.py:3096} INFO - Sync 1 DAGs
[2026-06-28T09:53:41.379+0000] {logging_mixin.py:188} INFO - [2026-06-28T09:53:41.379+0000] {dag.py:3954} INFO - Setting next_dagrun for tutorial_dag to None, run_after=None
[2026-06-28T09:53:41.395+0000] {processor.py:183} INFO - Processing /home/airflow/.local/lib/python3.12/site-packages/airflow/example_dags/tutorial_dag.py took 0.061 seconds
[2026-06-28T09:54:11.875+0000] {processor.py:161} INFO - Started process (PID=4431) to work on /home/airflow/.local/lib/python3.12/site-packages/airflow/example_dags/tutorial_dag.py
[2026-06-28T09:54:11.876+0000] {processor.py:830} INFO - Processing file /home/airflow/.local/lib/python3.12/site-packages/airflow/example_dags/tutorial_dag.py for tasks to queue
[2026-06-28T09:54:11.878+0000] {logging_mixin.py:188} INFO - [2026-06-28T09:54:11.878+0000] {dagbag.py:545} INFO - Filling up the DagBag from /home/airflow/.local/lib/python3.12/site-packages/airflow/example_dags/tutorial_dag.py
[2026-06-28T09:54:11.885+0000] {processor.py:840} INFO - DAG(s) 'tutorial_dag' retrieved from /home/airflow/.local/lib/python3.12/site-packages/airflow/example_dags/tutorial_dag.py
[2026-06-28T09:54:11.910+0000] {logging_mixin.py:188} INFO - [2026-06-28T09:54:11.909+0000] {dag.py:3096} INFO - Sync 1 DAGs
[2026-06-28T09:54:11.927+0000] {logging_mixin.py:188} INFO - [2026-06-28T09:54:11.926+0000] {dag.py:3954} INFO - Setting next_dagrun for tutorial_dag to None, run_after=None
[2026-06-28T09:54:11.963+0000] {processor.py:183} INFO - Processing /home/airflow/.local/lib/python3.12/site-packages/airflow/example_dags/tutorial_dag.py took 0.096 seconds
[2026-06-28T11:10:58.863+0000] {processor.py:161} INFO - Started process (PID=130) to work on /home/airflow/.local/lib/python3.12/site-packages/airflow/example_dags/tutorial_dag.py
[2026-06-28T11:10:58.865+0000] {processor.py:830} INFO - Processing file /home/airflow/.local/lib/python3.12/site-packages/airflow/example_dags/tutorial_dag.py for tasks to queue
[2026-06-28T11:10:58.867+0000] {logging_mixin.py:188} INFO - [2026-06-28T11:10:58.866+0000] {dagbag.py:545} INFO - Filling up the DagBag from /home/airflow/.local/lib/python3.12/site-packages/airflow/example_dags/tutorial_dag.py
[2026-06-28T11:10:58.875+0000] {processor.py:840} INFO - DAG(s) 'tutorial_dag' retrieved from /home/airflow/.local/lib/python3.12/site-packages/airflow/example_dags/tutorial_dag.py
[2026-06-28T11:10:58.907+0000] {logging_mixin.py:188} INFO - [2026-06-28T11:10:58.907+0000] {dag.py:3096} INFO - Sync 1 DAGs
[2026-06-28T11:10:58.934+0000] {logging_mixin.py:188} INFO - [2026-06-28T11:10:58.933+0000] {dag.py:3954} INFO - Setting next_dagrun for tutorial_dag to None, run_after=None
[2026-06-28T11:10:58.964+0000] {processor.py:183} INFO - Processing /home/airflow/.local/lib/python3.12/site-packages/airflow/example_dags/tutorial_dag.py took 0.113 seconds
[2026-06-28T11:11:29.645+0000] {processor.py:161} INFO - Started process (PID=189) to work on /home/airflow/.local/lib/python3.12/site-packages/airflow/example_dags/tutorial_dag.py
[2026-06-28T11:11:29.646+0000] {processor.py:830} INFO - Processing file /home/airflow/.local/lib/python3.12/site-packages/airflow/example_dags/tutorial_dag.py for tasks to queue
[2026-06-28T11:11:29.648+0000] {logging_mixin.py:188} INFO - [2026-06-28T11:11:29.648+0000] {dagbag.py:545} INFO - Filling up the DagBag from /home/airflow/.local/lib/python3.12/site-packages/airflow/example_dags/tutorial_dag.py
[2026-06-28T11:11:29.655+0000] {processor.py:840} INFO - DAG(s) 'tutorial_dag' retrieved from /home/airflow/.local/lib/python3.12/site-packages/airflow/example_dags/tutorial_dag.py
[2026-06-28T11:11:29.679+0000] {logging_mixin.py:188} INFO - [2026-06-28T11:11:29.679+0000] {dag.py:3096} INFO - Sync 1 DAGs
[2026-06-28T11:11:29.696+0000] {logging_mixin.py:188} INFO - [2026-06-28T11:11:29.695+0000] {dag.py:3954} INFO - Setting next_dagrun for tutorial_dag to None, run_after=None
[2026-06-28T11:11:29.717+0000] {processor.py:183} INFO - Processing /home/airflow/.local/lib/python3.12/site-packages/airflow/example_dags/tutorial_dag.py took 0.080 seconds
[2026-06-28T11:14:48.623+0000] {processor.py:161} INFO - Started process (PID=137) to work on /home/airflow/.local/lib/python3.12/site-packages/airflow/example_dags/tutorial_dag.py
[2026-06-28T11:14:48.630+0000] {processor.py:830} INFO - Processing file /home/airflow/.local/lib/python3.12/site-packages/airflow/example_dags/tutorial_dag.py for tasks to queue
[2026-06-28T11:14:48.636+0000] {logging_mixin.py:188} INFO - [2026-06-28T11:14:48.635+0000] {dagbag.py:545} INFO - Filling up the DagBag from /home/airflow/.local/lib/python3.12/site-packages/airflow/example_dags/tutorial_dag.py
[2026-06-28T11:14:48.658+0000] {processor.py:840} INFO - DAG(s) 'tutorial_dag' retrieved from /home/airflow/.local/lib/python3.12/site-packages/airflow/example_dags/tutorial_dag.py
[2026-06-28T11:14:49.188+0000] {logging_mixin.py:188} INFO - [2026-06-28T11:14:49.187+0000] {dag.py:3096} INFO - Sync 1 DAGs
[2026-06-28T11:14:49.266+0000] {logging_mixin.py:188} INFO - [2026-06-28T11:14:49.263+0000] {dag.py:3954} INFO - Setting next_dagrun for tutorial_dag to None, run_after=None
[2026-06-28T11:14:49.367+0000] {processor.py:183} INFO - Processing /home/airflow/.local/lib/python3.12/site-packages/airflow/example_dags/tutorial_dag.py took 0.769 seconds
[2026-06-28T11:15:19.631+0000] {processor.py:161} INFO - Started process (PID=196) to work on /home/airflow/.local/lib/python3.12/site-packages/airflow/example_dags/tutorial_dag.py
[2026-06-28T11:15:19.634+0000] {processor.py:830} INFO - Processing file /home/airflow/.local/lib/python3.12/site-packages/airflow/example_dags/tutorial_dag.py for tasks to queue
[2026-06-28T11:15:19.638+0000] {logging_mixin.py:188} INFO - [2026-06-28T11:15:19.638+0000] {dagbag.py:545} INFO - Filling up the DagBag from /home/airflow/.local/lib/python3.12/site-packages/airflow/example_dags/tutorial_dag.py
[2026-06-28T11:15:19.653+0000] {processor.py:840} INFO - DAG(s) 'tutorial_dag' retrieved from /home/airflow/.local/lib/python3.12/site-packages/airflow/example_dags/tutorial_dag.py
[2026-06-28T11:15:19.710+0000] {logging_mixin.py:188} INFO - [2026-06-28T11:15:19.710+0000] {dag.py:3096} INFO - Sync 1 DAGs
[2026-06-28T11:15:19.732+0000] {logging_mixin.py:188} INFO - [2026-06-28T11:15:19.731+0000] {dag.py:3954} INFO - Setting next_dagrun for tutorial_dag to None, run_after=None
[2026-06-28T11:15:19.761+0000] {processor.py:183} INFO - Processing /home/airflow/.local/lib/python3.12/site-packages/airflow/example_dags/tutorial_dag.py took 0.146 seconds
[2026-06-28T11:15:50.353+0000] {processor.py:161} INFO - Started process (PID=255) to work on /home/airflow/.local/lib/python3.12/site-packages/airflow/example_dags/tutorial_dag.py
[2026-06-28T11:15:50.354+0000] {processor.py:830} INFO - Processing file /home/airflow/.local/lib/python3.12/site-packages/airflow/example_dags/tutorial_dag.py for tasks to queue
[2026-06-28T11:15:50.356+0000] {logging_mixin.py:188} INFO - [2026-06-28T11:15:50.356+0000] {dagbag.py:545} INFO - Filling up the DagBag from /home/airflow/.local/lib/python3.12/site-packages/airflow/example_dags/tutorial_dag.py
[2026-06-28T11:15:50.363+0000] {processor.py:840} INFO - DAG(s) 'tutorial_dag' retrieved from /home/airflow/.local/lib/python3.12/site-packages/airflow/example_dags/tutorial_dag.py
[2026-06-28T11:15:50.432+0000] {logging_mixin.py:188} INFO - [2026-06-28T11:15:50.429+0000] {dag.py:3096} INFO - Sync 1 DAGs
[2026-06-28T11:15:50.530+0000] {logging_mixin.py:188} INFO - [2026-06-28T11:15:50.528+0000] {dag.py:3954} INFO - Setting next_dagrun for tutorial_dag to None, run_after=None
[2026-06-28T11:15:50.648+0000] {processor.py:183} INFO - Processing /home/airflow/.local/lib/python3.12/site-packages/airflow/example_dags/tutorial_dag.py took 0.305 seconds
[2026-06-28T11:16:21.649+0000] {processor.py:161} INFO - Started process (PID=314) to work on /home/airflow/.local/lib/python3.12/site-packages/airflow/example_dags/tutorial_dag.py
[2026-06-28T11:16:21.650+0000] {processor.py:830} INFO - Processing file /home/airflow/.local/lib/python3.12/site-packages/airflow/example_dags/tutorial_dag.py for tasks to queue
[2026-06-28T11:16:21.653+0000] {logging_mixin.py:188} INFO - [2026-06-28T11:16:21.653+0000] {dagbag.py:545} INFO - Filling up the DagBag from /home/airflow/.local/lib/python3.12/site-packages/airflow/example_dags/tutorial_dag.py
[2026-06-28T11:16:21.660+0000] {processor.py:840} INFO - DAG(s) 'tutorial_dag' retrieved from /home/airflow/.local/lib/python3.12/site-packages/airflow/example_dags/tutorial_dag.py
[2026-06-28T11:16:21.683+0000] {logging_mixin.py:188} INFO - [2026-06-28T11:16:21.683+0000] {dag.py:3096} INFO - Sync 1 DAGs
[2026-06-28T11:16:21.702+0000] {logging_mixin.py:188} INFO - [2026-06-28T11:16:21.701+0000] {dag.py:3954} INFO - Setting next_dagrun for tutorial_dag to None, run_after=None
[2026-06-28T11:16:21.726+0000] {processor.py:183} INFO - Processing /home/airflow/.local/lib/python3.12/site-packages/airflow/example_dags/tutorial_dag.py took 0.084 seconds
[2026-06-28T11:16:52.678+0000] {processor.py:161} INFO - Started process (PID=372) to work on /home/airflow/.local/lib/python3.12/site-packages/airflow/example_dags/tutorial_dag.py
[2026-06-28T11:16:52.683+0000] {processor.py:830} INFO - Processing file /home/airflow/.local/lib/python3.12/site-packages/airflow/example_dags/tutorial_dag.py for tasks to queue
[2026-06-28T11:16:52.691+0000] {logging_mixin.py:188} INFO - [2026-06-28T11:16:52.690+0000] {dagbag.py:545} INFO - Filling up the DagBag from /home/airflow/.local/lib/python3.12/site-packages/airflow/example_dags/tutorial_dag.py
[2026-06-28T11:16:52.703+0000] {processor.py:840} INFO - DAG(s) 'tutorial_dag' retrieved from /home/airflow/.local/lib/python3.12/site-packages/airflow/example_dags/tutorial_dag.py
[2026-06-28T11:16:52.734+0000] {logging_mixin.py:188} INFO - [2026-06-28T11:16:52.734+0000] {dag.py:3096} INFO - Sync 1 DAGs
[2026-06-28T11:16:52.750+0000] {logging_mixin.py:188} INFO - [2026-06-28T11:16:52.750+0000] {dag.py:3954} INFO - Setting next_dagrun for tutorial_dag to None, run_after=None
[2026-06-28T11:16:52.768+0000] {processor.py:183} INFO - Processing /home/airflow/.local/lib/python3.12/site-packages/airflow/example_dags/tutorial_dag.py took 0.122 seconds
[2026-06-28T11:17:22.941+0000] {processor.py:161} INFO - Started process (PID=431) to work on /home/airflow/.local/lib/python3.12/site-packages/airflow/example_dags/tutorial_dag.py
[2026-06-28T11:17:22.942+0000] {processor.py:830} INFO - Processing file /home/airflow/.local/lib/python3.12/site-packages/airflow/example_dags/tutorial_dag.py for tasks to queue
[2026-06-28T11:17:22.945+0000] {logging_mixin.py:188} INFO - [2026-06-28T11:17:22.944+0000] {dagbag.py:545} INFO - Filling up the DagBag from /home/airflow/.local/lib/python3.12/site-packages/airflow/example_dags/tutorial_dag.py
[2026-06-28T11:17:22.956+0000] {processor.py:840} INFO - DAG(s) 'tutorial_dag' retrieved from /home/airflow/.local/lib/python3.12/site-packages/airflow/example_dags/tutorial_dag.py
[2026-06-28T11:17:22.983+0000] {logging_mixin.py:188} INFO - [2026-06-28T11:17:22.983+0000] {dag.py:3096} INFO - Sync 1 DAGs
[2026-06-28T11:17:23.001+0000] {logging_mixin.py:188} INFO - [2026-06-28T11:17:23.001+0000] {dag.py:3954} INFO - Setting next_dagrun for tutorial_dag to None, run_after=None
[2026-06-28T11:17:23.032+0000] {processor.py:183} INFO - Processing /home/airflow/.local/lib/python3.12/site-packages/airflow/example_dags/tutorial_dag.py took 0.098 seconds
[2026-06-28T11:17:53.701+0000] {processor.py:161} INFO - Started process (PID=490) to work on /home/airflow/.local/lib/python3.12/site-packages/airflow/example_dags/tutorial_dag.py
[2026-06-28T11:17:53.702+0000] {processor.py:830} INFO - Processing file /home/airflow/.local/lib/python3.12/site-packages/airflow/example_dags/tutorial_dag.py for tasks to queue
[2026-06-28T11:17:53.704+0000] {logging_mixin.py:188} INFO - [2026-06-28T11:17:53.704+0000] {dagbag.py:545} INFO - Filling up the DagBag from /home/airflow/.local/lib/python3.12/site-packages/airflow/example_dags/tutorial_dag.py
[2026-06-28T11:17:53.711+0000] {processor.py:840} INFO - DAG(s) 'tutorial_dag' retrieved from /home/airflow/.local/lib/python3.12/site-packages/airflow/example_dags/tutorial_dag.py
[2026-06-28T11:17:53.738+0000] {logging_mixin.py:188} INFO - [2026-06-28T11:17:53.738+0000] {dag.py:3096} INFO - Sync 1 DAGs
[2026-06-28T11:17:53.755+0000] {logging_mixin.py:188} INFO - [2026-06-28T11:17:53.755+0000] {dag.py:3954} INFO - Setting next_dagrun for tutorial_dag to None, run_after=None
[2026-06-28T11:17:53.780+0000] {processor.py:183} INFO - Processing /home/airflow/.local/lib/python3.12/site-packages/airflow/example_dags/tutorial_dag.py took 0.091 seconds
[2026-06-28T11:18:24.497+0000] {processor.py:161} INFO - Started process (PID=549) to work on /home/airflow/.local/lib/python3.12/site-packages/airflow/example_dags/tutorial_dag.py
[2026-06-28T11:18:24.498+0000] {processor.py:830} INFO - Processing file /home/airflow/.local/lib/python3.12/site-packages/airflow/example_dags/tutorial_dag.py for tasks to queue
[2026-06-28T11:18:24.500+0000] {logging_mixin.py:188} INFO - [2026-06-28T11:18:24.500+0000] {dagbag.py:545} INFO - Filling up the DagBag from /home/airflow/.local/lib/python3.12/site-packages/airflow/example_dags/tutorial_dag.py
[2026-06-28T11:18:24.506+0000] {processor.py:840} INFO - DAG(s) 'tutorial_dag' retrieved from /home/airflow/.local/lib/python3.12/site-packages/airflow/example_dags/tutorial_dag.py
[2026-06-28T11:18:24.531+0000] {logging_mixin.py:188} INFO - [2026-06-28T11:18:24.531+0000] {dag.py:3096} INFO - Sync 1 DAGs
[2026-06-28T11:18:24.548+0000] {logging_mixin.py:188} INFO - [2026-06-28T11:18:24.548+0000] {dag.py:3954} INFO - Setting next_dagrun for tutorial_dag to None, run_after=None
[2026-06-28T11:18:24.571+0000] {processor.py:183} INFO - Processing /home/airflow/.local/lib/python3.12/site-packages/airflow/example_dags/tutorial_dag.py took 0.087 seconds
[2026-06-28T11:18:54.900+0000] {processor.py:161} INFO - Started process (PID=607) to work on /home/airflow/.local/lib/python3.12/site-packages/airflow/example_dags/tutorial_dag.py
[2026-06-28T11:18:54.901+0000] {processor.py:830} INFO - Processing file /home/airflow/.local/lib/python3.12/site-packages/airflow/example_dags/tutorial_dag.py for tasks to queue
[2026-06-28T11:18:54.903+0000] {logging_mixin.py:188} INFO - [2026-06-28T11:18:54.903+0000] {dagbag.py:545} INFO - Filling up the DagBag from /home/airflow/.local/lib/python3.12/site-packages/airflow/example_dags/tutorial_dag.py
[2026-06-28T11:18:54.910+0000] {processor.py:840} INFO - DAG(s) 'tutorial_dag' retrieved from /home/airflow/.local/lib/python3.12/site-packages/airflow/example_dags/tutorial_dag.py
[2026-06-28T11:18:54.937+0000] {logging_mixin.py:188} INFO - [2026-06-28T11:18:54.937+0000] {dag.py:3096} INFO - Sync 1 DAGs
[2026-06-28T11:18:54.992+0000] {logging_mixin.py:188} INFO - [2026-06-28T11:18:54.992+0000] {dag.py:3954} INFO - Setting next_dagrun for tutorial_dag to None, run_after=None
[2026-06-28T11:18:55.034+0000] {processor.py:183} INFO - Processing /home/airflow/.local/lib/python3.12/site-packages/airflow/example_dags/tutorial_dag.py took 0.145 seconds
[2026-06-28T11:19:25.422+0000] {processor.py:161} INFO - Started process (PID=666) to work on /home/airflow/.local/lib/python3.12/site-packages/airflow/example_dags/tutorial_dag.py
[2026-06-28T11:19:25.423+0000] {processor.py:830} INFO - Processing file /home/airflow/.local/lib/python3.12/site-packages/airflow/example_dags/tutorial_dag.py for tasks to queue
[2026-06-28T11:19:25.425+0000] {logging_mixin.py:188} INFO - [2026-06-28T11:19:25.425+0000] {dagbag.py:545} INFO - Filling up the DagBag from /home/airflow/.local/lib/python3.12/site-packages/airflow/example_dags/tutorial_dag.py
[2026-06-28T11:19:25.437+0000] {processor.py:840} INFO - DAG(s) 'tutorial_dag' retrieved from /home/airflow/.local/lib/python3.12/site-packages/airflow/example_dags/tutorial_dag.py
[2026-06-28T11:19:25.463+0000] {logging_mixin.py:188} INFO - [2026-06-28T11:19:25.463+0000] {dag.py:3096} INFO - Sync 1 DAGs
[2026-06-28T11:19:25.490+0000] {logging_mixin.py:188} INFO - [2026-06-28T11:19:25.490+0000] {dag.py:3954} INFO - Setting next_dagrun for tutorial_dag to None, run_after=None
[2026-06-28T11:19:25.519+0000] {processor.py:183} INFO - Processing /home/airflow/.local/lib/python3.12/site-packages/airflow/example_dags/tutorial_dag.py took 0.118 seconds
[2026-06-28T11:19:56.016+0000] {processor.py:161} INFO - Started process (PID=724) to work on /home/airflow/.local/lib/python3.12/site-packages/airflow/example_dags/tutorial_dag.py
[2026-06-28T11:19:56.017+0000] {processor.py:830} INFO - Processing file /home/airflow/.local/lib/python3.12/site-packages/airflow/example_dags/tutorial_dag.py for tasks to queue
[2026-06-28T11:19:56.019+0000] {logging_mixin.py:188} INFO - [2026-06-28T11:19:56.019+0000] {dagbag.py:545} INFO - Filling up the DagBag from /home/airflow/.local/lib/python3.12/site-packages/airflow/example_dags/tutorial_dag.py
[2026-06-28T11:19:56.026+0000] {processor.py:840} INFO - DAG(s) 'tutorial_dag' retrieved from /home/airflow/.local/lib/python3.12/site-packages/airflow/example_dags/tutorial_dag.py
[2026-06-28T11:19:56.077+0000] {logging_mixin.py:188} INFO - [2026-06-28T11:19:56.071+0000] {dag.py:3096} INFO - Sync 1 DAGs
[2026-06-28T11:19:56.119+0000] {logging_mixin.py:188} INFO - [2026-06-28T11:19:56.117+0000] {dag.py:3954} INFO - Setting next_dagrun for tutorial_dag to None, run_after=None
[2026-06-28T11:19:56.162+0000] {processor.py:183} INFO - Processing /home/airflow/.local/lib/python3.12/site-packages/airflow/example_dags/tutorial_dag.py took 0.153 seconds
[2026-06-28T11:20:26.636+0000] {processor.py:161} INFO - Started process (PID=783) to work on /home/airflow/.local/lib/python3.12/site-packages/airflow/example_dags/tutorial_dag.py
[2026-06-28T11:20:26.636+0000] {processor.py:830} INFO - Processing file /home/airflow/.local/lib/python3.12/site-packages/airflow/example_dags/tutorial_dag.py for tasks to queue
[2026-06-28T11:20:26.640+0000] {logging_mixin.py:188} INFO - [2026-06-28T11:20:26.640+0000] {dagbag.py:545} INFO - Filling up the DagBag from /home/airflow/.local/lib/python3.12/site-packages/airflow/example_dags/tutorial_dag.py
[2026-06-28T11:20:26.653+0000] {processor.py:840} INFO - DAG(s) 'tutorial_dag' retrieved from /home/airflow/.local/lib/python3.12/site-packages/airflow/example_dags/tutorial_dag.py
[2026-06-28T11:20:26.697+0000] {logging_mixin.py:188} INFO - [2026-06-28T11:20:26.697+0000] {dag.py:3096} INFO - Sync 1 DAGs
[2026-06-28T11:20:26.718+0000] {logging_mixin.py:188} INFO - [2026-06-28T11:20:26.717+0000] {dag.py:3954} INFO - Setting next_dagrun for tutorial_dag to None, run_after=None
[2026-06-28T11:20:26.741+0000] {processor.py:183} INFO - Processing /home/airflow/.local/lib/python3.12/site-packages/airflow/example_dags/tutorial_dag.py took 0.125 seconds
[2026-06-28T11:20:56.840+0000] {processor.py:161} INFO - Started process (PID=841) to work on /home/airflow/.local/lib/python3.12/site-packages/airflow/example_dags/tutorial_dag.py
[2026-06-28T11:20:56.840+0000] {processor.py:830} INFO - Processing file /home/airflow/.local/lib/python3.12/site-packages/airflow/example_dags/tutorial_dag.py for tasks to queue
[2026-06-28T11:20:56.842+0000] {logging_mixin.py:188} INFO - [2026-06-28T11:20:56.842+0000] {dagbag.py:545} INFO - Filling up the DagBag from /home/airflow/.local/lib/python3.12/site-packages/airflow/example_dags/tutorial_dag.py
[2026-06-28T11:20:56.847+0000] {processor.py:840} INFO - DAG(s) 'tutorial_dag' retrieved from /home/airflow/.local/lib/python3.12/site-packages/airflow/example_dags/tutorial_dag.py
[2026-06-28T11:20:56.864+0000] {logging_mixin.py:188} INFO - [2026-06-28T11:20:56.864+0000] {dag.py:3096} INFO - Sync 1 DAGs
[2026-06-28T11:20:56.876+0000] {logging_mixin.py:188} INFO - [2026-06-28T11:20:56.875+0000] {dag.py:3954} INFO - Setting next_dagrun for tutorial_dag to None, run_after=None
[2026-06-28T11:20:56.894+0000] {processor.py:183} INFO - Processing /home/airflow/.local/lib/python3.12/site-packages/airflow/example_dags/tutorial_dag.py took 0.059 seconds
[2026-06-28T11:21:27.299+0000] {processor.py:161} INFO - Started process (PID=901) to work on /home/airflow/.local/lib/python3.12/site-packages/airflow/example_dags/tutorial_dag.py
[2026-06-28T11:21:27.303+0000] {processor.py:830} INFO - Processing file /home/airflow/.local/lib/python3.12/site-packages/airflow/example_dags/tutorial_dag.py for tasks to queue
[2026-06-28T11:21:27.305+0000] {logging_mixin.py:188} INFO - [2026-06-28T11:21:27.305+0000] {dagbag.py:545} INFO - Filling up the DagBag from /home/airflow/.local/lib/python3.12/site-packages/airflow/example_dags/tutorial_dag.py
[2026-06-28T11:21:27.311+0000] {processor.py:840} INFO - DAG(s) 'tutorial_dag' retrieved from /home/airflow/.local/lib/python3.12/site-packages/airflow/example_dags/tutorial_dag.py
[2026-06-28T11:21:27.338+0000] {logging_mixin.py:188} INFO - [2026-06-28T11:21:27.338+0000] {dag.py:3096} INFO - Sync 1 DAGs
[2026-06-28T11:21:27.355+0000] {logging_mixin.py:188} INFO - [2026-06-28T11:21:27.355+0000] {dag.py:3954} INFO - Setting next_dagrun for tutorial_dag to None, run_after=None
[2026-06-28T11:21:27.377+0000] {processor.py:183} INFO - Processing /home/airflow/.local/lib/python3.12/site-packages/airflow/example_dags/tutorial_dag.py took 0.086 seconds
[2026-06-28T11:21:58.427+0000] {processor.py:161} INFO - Started process (PID=960) to work on /home/airflow/.local/lib/python3.12/site-packages/airflow/example_dags/tutorial_dag.py
[2026-06-28T11:21:58.428+0000] {processor.py:830} INFO - Processing file /home/airflow/.local/lib/python3.12/site-packages/airflow/example_dags/tutorial_dag.py for tasks to queue
[2026-06-28T11:21:58.429+0000] {logging_mixin.py:188} INFO - [2026-06-28T11:21:58.429+0000] {dagbag.py:545} INFO - Filling up the DagBag from /home/airflow/.local/lib/python3.12/site-packages/airflow/example_dags/tutorial_dag.py
[2026-06-28T11:21:58.435+0000] {processor.py:840} INFO - DAG(s) 'tutorial_dag' retrieved from /home/airflow/.local/lib/python3.12/site-packages/airflow/example_dags/tutorial_dag.py
[2026-06-28T11:21:58.456+0000] {logging_mixin.py:188} INFO - [2026-06-28T11:21:58.456+0000] {dag.py:3096} INFO - Sync 1 DAGs
[2026-06-28T11:21:58.468+0000] {logging_mixin.py:188} INFO - [2026-06-28T11:21:58.468+0000] {dag.py:3954} INFO - Setting next_dagrun for tutorial_dag to None, run_after=None
[2026-06-28T11:21:58.484+0000] {processor.py:183} INFO - Processing /home/airflow/.local/lib/python3.12/site-packages/airflow/example_dags/tutorial_dag.py took 0.064 seconds
[2026-06-28T11:22:28.949+0000] {processor.py:161} INFO - Started process (PID=1018) to work on /home/airflow/.local/lib/python3.12/site-packages/airflow/example_dags/tutorial_dag.py
[2026-06-28T11:22:28.952+0000] {processor.py:830} INFO - Processing file /home/airflow/.local/lib/python3.12/site-packages/airflow/example_dags/tutorial_dag.py for tasks to queue
[2026-06-28T11:22:28.957+0000] {logging_mixin.py:188} INFO - [2026-06-28T11:22:28.957+0000] {dagbag.py:545} INFO - Filling up the DagBag from /home/airflow/.local/lib/python3.12/site-packages/airflow/example_dags/tutorial_dag.py
[2026-06-28T11:22:28.964+0000] {processor.py:840} INFO - DAG(s) 'tutorial_dag' retrieved from /home/airflow/.local/lib/python3.12/site-packages/airflow/example_dags/tutorial_dag.py
[2026-06-28T11:22:28.990+0000] {logging_mixin.py:188} INFO - [2026-06-28T11:22:28.990+0000] {dag.py:3096} INFO - Sync 1 DAGs
[2026-06-28T11:22:29.007+0000] {logging_mixin.py:188} INFO - [2026-06-28T11:22:29.007+0000] {dag.py:3954} INFO - Setting next_dagrun for tutorial_dag to None, run_after=None
[2026-06-28T11:22:29.034+0000] {processor.py:183} INFO - Processing /home/airflow/.local/lib/python3.12/site-packages/airflow/example_dags/tutorial_dag.py took 0.092 seconds
[2026-06-28T11:22:59.891+0000] {processor.py:161} INFO - Started process (PID=1079) to work on /home/airflow/.local/lib/python3.12/site-packages/airflow/example_dags/tutorial_dag.py
[2026-06-28T11:22:59.892+0000] {processor.py:830} INFO - Processing file /home/airflow/.local/lib/python3.12/site-packages/airflow/example_dags/tutorial_dag.py for tasks to queue
[2026-06-28T11:22:59.894+0000] {logging_mixin.py:188} INFO - [2026-06-28T11:22:59.893+0000] {dagbag.py:545} INFO - Filling up the DagBag from /home/airflow/.local/lib/python3.12/site-packages/airflow/example_dags/tutorial_dag.py
[2026-06-28T11:22:59.901+0000] {processor.py:840} INFO - DAG(s) 'tutorial_dag' retrieved from /home/airflow/.local/lib/python3.12/site-packages/airflow/example_dags/tutorial_dag.py
[2026-06-28T11:22:59.925+0000] {logging_mixin.py:188} INFO - [2026-06-28T11:22:59.924+0000] {dag.py:3096} INFO - Sync 1 DAGs
[2026-06-28T11:22:59.941+0000] {logging_mixin.py:188} INFO - [2026-06-28T11:22:59.941+0000] {dag.py:3954} INFO - Setting next_dagrun for tutorial_dag to None, run_after=None
[2026-06-28T11:22:59.965+0000] {processor.py:183} INFO - Processing /home/airflow/.local/lib/python3.12/site-packages/airflow/example_dags/tutorial_dag.py took 0.084 seconds
[2026-06-28T11:23:30.152+0000] {processor.py:161} INFO - Started process (PID=1138) to work on /home/airflow/.local/lib/python3.12/site-packages/airflow/example_dags/tutorial_dag.py
[2026-06-28T11:23:30.169+0000] {processor.py:830} INFO - Processing file /home/airflow/.local/lib/python3.12/site-packages/airflow/example_dags/tutorial_dag.py for tasks to queue
[2026-06-28T11:23:30.171+0000] {logging_mixin.py:188} INFO - [2026-06-28T11:23:30.171+0000] {dagbag.py:545} INFO - Filling up the DagBag from /home/airflow/.local/lib/python3.12/site-packages/airflow/example_dags/tutorial_dag.py
[2026-06-28T11:23:30.179+0000] {processor.py:840} INFO - DAG(s) 'tutorial_dag' retrieved from /home/airflow/.local/lib/python3.12/site-packages/airflow/example_dags/tutorial_dag.py
[2026-06-28T11:23:30.210+0000] {logging_mixin.py:188} INFO - [2026-06-28T11:23:30.210+0000] {dag.py:3096} INFO - Sync 1 DAGs
[2026-06-28T11:23:30.229+0000] {logging_mixin.py:188} INFO - [2026-06-28T11:23:30.229+0000] {dag.py:3954} INFO - Setting next_dagrun for tutorial_dag to None, run_after=None
[2026-06-28T11:23:30.255+0000] {processor.py:183} INFO - Processing /home/airflow/.local/lib/python3.12/site-packages/airflow/example_dags/tutorial_dag.py took 0.110 seconds
[2026-06-28T11:24:01.097+0000] {processor.py:161} INFO - Started process (PID=1196) to work on /home/airflow/.local/lib/python3.12/site-packages/airflow/example_dags/tutorial_dag.py
[2026-06-28T11:24:01.101+0000] {processor.py:830} INFO - Processing file /home/airflow/.local/lib/python3.12/site-packages/airflow/example_dags/tutorial_dag.py for tasks to queue
[2026-06-28T11:24:01.104+0000] {logging_mixin.py:188} INFO - [2026-06-28T11:24:01.104+0000] {dagbag.py:545} INFO - Filling up the DagBag from /home/airflow/.local/lib/python3.12/site-packages/airflow/example_dags/tutorial_dag.py
[2026-06-28T11:24:01.122+0000] {processor.py:840} INFO - DAG(s) 'tutorial_dag' retrieved from /home/airflow/.local/lib/python3.12/site-packages/airflow/example_dags/tutorial_dag.py
[2026-06-28T11:24:01.154+0000] {logging_mixin.py:188} INFO - [2026-06-28T11:24:01.153+0000] {dag.py:3096} INFO - Sync 1 DAGs
[2026-06-28T11:24:01.173+0000] {logging_mixin.py:188} INFO - [2026-06-28T11:24:01.172+0000] {dag.py:3954} INFO - Setting next_dagrun for tutorial_dag to None, run_after=None
[2026-06-28T11:24:01.209+0000] {processor.py:183} INFO - Processing /home/airflow/.local/lib/python3.12/site-packages/airflow/example_dags/tutorial_dag.py took 0.124 seconds
[2026-06-28T11:24:31.671+0000] {processor.py:161} INFO - Started process (PID=1255) to work on /home/airflow/.local/lib/python3.12/site-packages/airflow/example_dags/tutorial_dag.py
[2026-06-28T11:24:31.672+0000] {processor.py:830} INFO - Processing file /home/airflow/.local/lib/python3.12/site-packages/airflow/example_dags/tutorial_dag.py for tasks to queue
[2026-06-28T11:24:31.675+0000] {logging_mixin.py:188} INFO - [2026-06-28T11:24:31.674+0000] {dagbag.py:545} INFO - Filling up the DagBag from /home/airflow/.local/lib/python3.12/site-packages/airflow/example_dags/tutorial_dag.py
[2026-06-28T11:24:31.682+0000] {processor.py:840} INFO - DAG(s) 'tutorial_dag' retrieved from /home/airflow/.local/lib/python3.12/site-packages/airflow/example_dags/tutorial_dag.py
[2026-06-28T11:24:31.709+0000] {logging_mixin.py:188} INFO - [2026-06-28T11:24:31.709+0000] {dag.py:3096} INFO - Sync 1 DAGs
[2026-06-28T11:24:31.720+0000] {logging_mixin.py:188} INFO - [2026-06-28T11:24:31.720+0000] {dag.py:3954} INFO - Setting next_dagrun for tutorial_dag to None, run_after=None
[2026-06-28T11:24:31.736+0000] {processor.py:183} INFO - Processing /home/airflow/.local/lib/python3.12/site-packages/airflow/example_dags/tutorial_dag.py took 0.075 seconds
[2026-06-28T11:25:02.861+0000] {processor.py:161} INFO - Started process (PID=1315) to work on /home/airflow/.local/lib/python3.12/site-packages/airflow/example_dags/tutorial_dag.py
[2026-06-28T11:25:02.863+0000] {processor.py:830} INFO - Processing file /home/airflow/.local/lib/python3.12/site-packages/airflow/example_dags/tutorial_dag.py for tasks to queue
[2026-06-28T11:25:02.868+0000] {logging_mixin.py:188} INFO - [2026-06-28T11:25:02.867+0000] {dagbag.py:545} INFO - Filling up the DagBag from /home/airflow/.local/lib/python3.12/site-packages/airflow/example_dags/tutorial_dag.py
[2026-06-28T11:25:02.874+0000] {processor.py:840} INFO - DAG(s) 'tutorial_dag' retrieved from /home/airflow/.local/lib/python3.12/site-packages/airflow/example_dags/tutorial_dag.py
[2026-06-28T11:25:02.898+0000] {logging_mixin.py:188} INFO - [2026-06-28T11:25:02.898+0000] {dag.py:3096} INFO - Sync 1 DAGs
[2026-06-28T11:25:02.915+0000] {logging_mixin.py:188} INFO - [2026-06-28T11:25:02.915+0000] {dag.py:3954} INFO - Setting next_dagrun for tutorial_dag to None, run_after=None
[2026-06-28T11:25:02.937+0000] {processor.py:183} INFO - Processing /home/airflow/.local/lib/python3.12/site-packages/airflow/example_dags/tutorial_dag.py took 0.083 seconds
[2026-06-28T11:25:33.164+0000] {processor.py:161} INFO - Started process (PID=1373) to work on /home/airflow/.local/lib/python3.12/site-packages/airflow/example_dags/tutorial_dag.py
[2026-06-28T11:25:33.164+0000] {processor.py:830} INFO - Processing file /home/airflow/.local/lib/python3.12/site-packages/airflow/example_dags/tutorial_dag.py for tasks to queue
[2026-06-28T11:25:33.166+0000] {logging_mixin.py:188} INFO - [2026-06-28T11:25:33.166+0000] {dagbag.py:545} INFO - Filling up the DagBag from /home/airflow/.local/lib/python3.12/site-packages/airflow/example_dags/tutorial_dag.py
[2026-06-28T11:25:33.170+0000] {processor.py:840} INFO - DAG(s) 'tutorial_dag' retrieved from /home/airflow/.local/lib/python3.12/site-packages/airflow/example_dags/tutorial_dag.py
[2026-06-28T11:25:33.188+0000] {logging_mixin.py:188} INFO - [2026-06-28T11:25:33.188+0000] {dag.py:3096} INFO - Sync 1 DAGs
[2026-06-28T11:25:33.199+0000] {logging_mixin.py:188} INFO - [2026-06-28T11:25:33.199+0000] {dag.py:3954} INFO - Setting next_dagrun for tutorial_dag to None, run_after=None
[2026-06-28T11:25:33.216+0000] {processor.py:183} INFO - Processing /home/airflow/.local/lib/python3.12/site-packages/airflow/example_dags/tutorial_dag.py took 0.058 seconds
[2026-06-28T11:26:03.936+0000] {processor.py:161} INFO - Started process (PID=1433) to work on /home/airflow/.local/lib/python3.12/site-packages/airflow/example_dags/tutorial_dag.py
[2026-06-28T11:26:03.937+0000] {processor.py:830} INFO - Processing file /home/airflow/.local/lib/python3.12/site-packages/airflow/example_dags/tutorial_dag.py for tasks to queue
[2026-06-28T11:26:03.939+0000] {logging_mixin.py:188} INFO - [2026-06-28T11:26:03.939+0000] {dagbag.py:545} INFO - Filling up the DagBag from /home/airflow/.local/lib/python3.12/site-packages/airflow/example_dags/tutorial_dag.py
[2026-06-28T11:26:03.946+0000] {processor.py:840} INFO - DAG(s) 'tutorial_dag' retrieved from /home/airflow/.local/lib/python3.12/site-packages/airflow/example_dags/tutorial_dag.py
[2026-06-28T11:26:03.970+0000] {logging_mixin.py:188} INFO - [2026-06-28T11:26:03.970+0000] {dag.py:3096} INFO - Sync 1 DAGs
[2026-06-28T11:26:03.986+0000] {logging_mixin.py:188} INFO - [2026-06-28T11:26:03.986+0000] {dag.py:3954} INFO - Setting next_dagrun for tutorial_dag to None, run_after=None
[2026-06-28T11:26:04.008+0000] {processor.py:183} INFO - Processing /home/airflow/.local/lib/python3.12/site-packages/airflow/example_dags/tutorial_dag.py took 0.079 seconds
[2026-06-28T11:26:34.656+0000] {processor.py:161} INFO - Started process (PID=1492) to work on /home/airflow/.local/lib/python3.12/site-packages/airflow/example_dags/tutorial_dag.py
[2026-06-28T11:26:34.657+0000] {processor.py:830} INFO - Processing file /home/airflow/.local/lib/python3.12/site-packages/airflow/example_dags/tutorial_dag.py for tasks to queue
[2026-06-28T11:26:34.659+0000] {logging_mixin.py:188} INFO - [2026-06-28T11:26:34.659+0000] {dagbag.py:545} INFO - Filling up the DagBag from /home/airflow/.local/lib/python3.12/site-packages/airflow/example_dags/tutorial_dag.py
[2026-06-28T11:26:34.665+0000] {processor.py:840} INFO - DAG(s) 'tutorial_dag' retrieved from /home/airflow/.local/lib/python3.12/site-packages/airflow/example_dags/tutorial_dag.py
[2026-06-28T11:26:34.687+0000] {logging_mixin.py:188} INFO - [2026-06-28T11:26:34.686+0000] {dag.py:3096} INFO - Sync 1 DAGs
[2026-06-28T11:26:34.704+0000] {logging_mixin.py:188} INFO - [2026-06-28T11:26:34.704+0000] {dag.py:3954} INFO - Setting next_dagrun for tutorial_dag to None, run_after=None
[2026-06-28T11:26:34.729+0000] {processor.py:183} INFO - Processing /home/airflow/.local/lib/python3.12/site-packages/airflow/example_dags/tutorial_dag.py took 0.079 seconds
[2026-06-28T11:27:04.806+0000] {processor.py:161} INFO - Started process (PID=1550) to work on /home/airflow/.local/lib/python3.12/site-packages/airflow/example_dags/tutorial_dag.py
[2026-06-28T11:27:04.807+0000] {processor.py:830} INFO - Processing file /home/airflow/.local/lib/python3.12/site-packages/airflow/example_dags/tutorial_dag.py for tasks to queue
[2026-06-28T11:27:04.808+0000] {logging_mixin.py:188} INFO - [2026-06-28T11:27:04.808+0000] {dagbag.py:545} INFO - Filling up the DagBag from /home/airflow/.local/lib/python3.12/site-packages/airflow/example_dags/tutorial_dag.py
[2026-06-28T11:27:04.813+0000] {processor.py:840} INFO - DAG(s) 'tutorial_dag' retrieved from /home/airflow/.local/lib/python3.12/site-packages/airflow/example_dags/tutorial_dag.py
[2026-06-28T11:27:04.832+0000] {logging_mixin.py:188} INFO - [2026-06-28T11:27:04.832+0000] {dag.py:3096} INFO - Sync 1 DAGs
[2026-06-28T11:27:04.843+0000] {logging_mixin.py:188} INFO - [2026-06-28T11:27:04.843+0000] {dag.py:3954} INFO - Setting next_dagrun for tutorial_dag to None, run_after=None
[2026-06-28T11:27:04.860+0000] {processor.py:183} INFO - Processing /home/airflow/.local/lib/python3.12/site-packages/airflow/example_dags/tutorial_dag.py took 0.061 seconds
[2026-06-28T11:27:35.250+0000] {processor.py:161} INFO - Started process (PID=1609) to work on /home/airflow/.local/lib/python3.12/site-packages/airflow/example_dags/tutorial_dag.py
[2026-06-28T11:27:35.252+0000] {processor.py:830} INFO - Processing file /home/airflow/.local/lib/python3.12/site-packages/airflow/example_dags/tutorial_dag.py for tasks to queue
[2026-06-28T11:27:35.253+0000] {logging_mixin.py:188} INFO - [2026-06-28T11:27:35.253+0000] {dagbag.py:545} INFO - Filling up the DagBag from /home/airflow/.local/lib/python3.12/site-packages/airflow/example_dags/tutorial_dag.py
[2026-06-28T11:27:35.258+0000] {processor.py:840} INFO - DAG(s) 'tutorial_dag' retrieved from /home/airflow/.local/lib/python3.12/site-packages/airflow/example_dags/tutorial_dag.py
[2026-06-28T11:27:35.275+0000] {logging_mixin.py:188} INFO - [2026-06-28T11:27:35.275+0000] {dag.py:3096} INFO - Sync 1 DAGs
[2026-06-28T11:27:35.287+0000] {logging_mixin.py:188} INFO - [2026-06-28T11:27:35.287+0000] {dag.py:3954} INFO - Setting next_dagrun for tutorial_dag to None, run_after=None
[2026-06-28T11:27:35.303+0000] {processor.py:183} INFO - Processing /home/airflow/.local/lib/python3.12/site-packages/airflow/example_dags/tutorial_dag.py took 0.058 seconds
[2026-06-28T11:28:05.612+0000] {processor.py:161} INFO - Started process (PID=1668) to work on /home/airflow/.local/lib/python3.12/site-packages/airflow/example_dags/tutorial_dag.py
[2026-06-28T11:28:05.613+0000] {processor.py:830} INFO - Processing file /home/airflow/.local/lib/python3.12/site-packages/airflow/example_dags/tutorial_dag.py for tasks to queue
[2026-06-28T11:28:05.615+0000] {logging_mixin.py:188} INFO - [2026-06-28T11:28:05.614+0000] {dagbag.py:545} INFO - Filling up the DagBag from /home/airflow/.local/lib/python3.12/site-packages/airflow/example_dags/tutorial_dag.py
[2026-06-28T11:28:05.621+0000] {processor.py:840} INFO - DAG(s) 'tutorial_dag' retrieved from /home/airflow/.local/lib/python3.12/site-packages/airflow/example_dags/tutorial_dag.py
[2026-06-28T11:28:05.645+0000] {logging_mixin.py:188} INFO - [2026-06-28T11:28:05.644+0000] {dag.py:3096} INFO - Sync 1 DAGs
[2026-06-28T11:28:05.661+0000] {logging_mixin.py:188} INFO - [2026-06-28T11:28:05.660+0000] {dag.py:3954} INFO - Setting next_dagrun for tutorial_dag to None, run_after=None
[2026-06-28T11:28:05.706+0000] {processor.py:183} INFO - Processing /home/airflow/.local/lib/python3.12/site-packages/airflow/example_dags/tutorial_dag.py took 0.101 seconds
[2026-06-28T11:28:36.083+0000] {processor.py:161} INFO - Started process (PID=1727) to work on /home/airflow/.local/lib/python3.12/site-packages/airflow/example_dags/tutorial_dag.py
[2026-06-28T11:28:36.088+0000] {processor.py:830} INFO - Processing file /home/airflow/.local/lib/python3.12/site-packages/airflow/example_dags/tutorial_dag.py for tasks to queue
[2026-06-28T11:28:36.093+0000] {logging_mixin.py:188} INFO - [2026-06-28T11:28:36.093+0000] {dagbag.py:545} INFO - Filling up the DagBag from /home/airflow/.local/lib/python3.12/site-packages/airflow/example_dags/tutorial_dag.py
[2026-06-28T11:28:36.111+0000] {processor.py:840} INFO - DAG(s) 'tutorial_dag' retrieved from /home/airflow/.local/lib/python3.12/site-packages/airflow/example_dags/tutorial_dag.py
[2026-06-28T11:28:36.184+0000] {logging_mixin.py:188} INFO - [2026-06-28T11:28:36.183+0000] {dag.py:3096} INFO - Sync 1 DAGs
[2026-06-28T11:28:36.237+0000] {logging_mixin.py:188} INFO - [2026-06-28T11:28:36.237+0000] {dag.py:3954} INFO - Setting next_dagrun for tutorial_dag to None, run_after=None
[2026-06-28T11:28:36.261+0000] {processor.py:183} INFO - Processing /home/airflow/.local/lib/python3.12/site-packages/airflow/example_dags/tutorial_dag.py took 0.201 seconds
[2026-06-28T11:29:06.313+0000] {processor.py:161} INFO - Started process (PID=1786) to work on /home/airflow/.local/lib/python3.12/site-packages/airflow/example_dags/tutorial_dag.py
[2026-06-28T11:29:06.314+0000] {processor.py:830} INFO - Processing file /home/airflow/.local/lib/python3.12/site-packages/airflow/example_dags/tutorial_dag.py for tasks to queue
[2026-06-28T11:29:06.316+0000] {logging_mixin.py:188} INFO - [2026-06-28T11:29:06.316+0000] {dagbag.py:545} INFO - Filling up the DagBag from /home/airflow/.local/lib/python3.12/site-packages/airflow/example_dags/tutorial_dag.py
[2026-06-28T11:29:06.322+0000] {processor.py:840} INFO - DAG(s) 'tutorial_dag' retrieved from /home/airflow/.local/lib/python3.12/site-packages/airflow/example_dags/tutorial_dag.py
[2026-06-28T11:29:06.351+0000] {logging_mixin.py:188} INFO - [2026-06-28T11:29:06.350+0000] {dag.py:3096} INFO - Sync 1 DAGs
[2026-06-28T11:29:06.368+0000] {logging_mixin.py:188} INFO - [2026-06-28T11:29:06.367+0000] {dag.py:3954} INFO - Setting next_dagrun for tutorial_dag to None, run_after=None
[2026-06-28T11:29:06.392+0000] {processor.py:183} INFO - Processing /home/airflow/.local/lib/python3.12/site-packages/airflow/example_dags/tutorial_dag.py took 0.086 seconds
[2026-06-28T11:29:37.164+0000] {processor.py:161} INFO - Started process (PID=1844) to work on /home/airflow/.local/lib/python3.12/site-packages/airflow/example_dags/tutorial_dag.py
[2026-06-28T11:29:37.166+0000] {processor.py:830} INFO - Processing file /home/airflow/.local/lib/python3.12/site-packages/airflow/example_dags/tutorial_dag.py for tasks to queue
[2026-06-28T11:29:37.169+0000] {logging_mixin.py:188} INFO - [2026-06-28T11:29:37.169+0000] {dagbag.py:545} INFO - Filling up the DagBag from /home/airflow/.local/lib/python3.12/site-packages/airflow/example_dags/tutorial_dag.py
[2026-06-28T11:29:37.187+0000] {processor.py:840} INFO - DAG(s) 'tutorial_dag' retrieved from /home/airflow/.local/lib/python3.12/site-packages/airflow/example_dags/tutorial_dag.py
[2026-06-28T11:29:37.217+0000] {logging_mixin.py:188} INFO - [2026-06-28T11:29:37.217+0000] {dag.py:3096} INFO - Sync 1 DAGs
[2026-06-28T11:29:37.553+0000] {logging_mixin.py:188} INFO - [2026-06-28T11:29:37.551+0000] {dag.py:3954} INFO - Setting next_dagrun for tutorial_dag to None, run_after=None
[2026-06-28T11:29:37.575+0000] {processor.py:183} INFO - Processing /home/airflow/.local/lib/python3.12/site-packages/airflow/example_dags/tutorial_dag.py took 0.428 seconds
[2026-06-28T11:30:08.545+0000] {processor.py:161} INFO - Started process (PID=1902) to work on /home/airflow/.local/lib/python3.12/site-packages/airflow/example_dags/tutorial_dag.py
[2026-06-28T11:30:08.549+0000] {processor.py:830} INFO - Processing file /home/airflow/.local/lib/python3.12/site-packages/airflow/example_dags/tutorial_dag.py for tasks to queue
[2026-06-28T11:30:08.551+0000] {logging_mixin.py:188} INFO - [2026-06-28T11:30:08.551+0000] {dagbag.py:545} INFO - Filling up the DagBag from /home/airflow/.local/lib/python3.12/site-packages/airflow/example_dags/tutorial_dag.py
[2026-06-28T11:30:08.564+0000] {processor.py:840} INFO - DAG(s) 'tutorial_dag' retrieved from /home/airflow/.local/lib/python3.12/site-packages/airflow/example_dags/tutorial_dag.py
[2026-06-28T11:30:08.616+0000] {logging_mixin.py:188} INFO - [2026-06-28T11:30:08.615+0000] {dag.py:3096} INFO - Sync 1 DAGs
[2026-06-28T11:30:08.651+0000] {logging_mixin.py:188} INFO - [2026-06-28T11:30:08.650+0000] {dag.py:3954} INFO - Setting next_dagrun for tutorial_dag to None, run_after=None
[2026-06-28T11:30:09.073+0000] {processor.py:183} INFO - Processing /home/airflow/.local/lib/python3.12/site-packages/airflow/example_dags/tutorial_dag.py took 0.545 seconds
[2026-06-28T11:30:39.863+0000] {processor.py:161} INFO - Started process (PID=1962) to work on /home/airflow/.local/lib/python3.12/site-packages/airflow/example_dags/tutorial_dag.py
[2026-06-28T11:30:39.865+0000] {processor.py:830} INFO - Processing file /home/airflow/.local/lib/python3.12/site-packages/airflow/example_dags/tutorial_dag.py for tasks to queue
[2026-06-28T11:30:39.867+0000] {logging_mixin.py:188} INFO - [2026-06-28T11:30:39.867+0000] {dagbag.py:545} INFO - Filling up the DagBag from /home/airflow/.local/lib/python3.12/site-packages/airflow/example_dags/tutorial_dag.py
[2026-06-28T11:30:39.874+0000] {processor.py:840} INFO - DAG(s) 'tutorial_dag' retrieved from /home/airflow/.local/lib/python3.12/site-packages/airflow/example_dags/tutorial_dag.py
[2026-06-28T11:30:39.900+0000] {logging_mixin.py:188} INFO - [2026-06-28T11:30:39.900+0000] {dag.py:3096} INFO - Sync 1 DAGs
[2026-06-28T11:30:39.917+0000] {logging_mixin.py:188} INFO - [2026-06-28T11:30:39.916+0000] {dag.py:3954} INFO - Setting next_dagrun for tutorial_dag to None, run_after=None
[2026-06-28T11:30:39.942+0000] {processor.py:183} INFO - Processing /home/airflow/.local/lib/python3.12/site-packages/airflow/example_dags/tutorial_dag.py took 0.086 seconds
[2026-06-28T11:31:10.342+0000] {processor.py:161} INFO - Started process (PID=2021) to work on /home/airflow/.local/lib/python3.12/site-packages/airflow/example_dags/tutorial_dag.py
[2026-06-28T11:31:10.343+0000] {processor.py:830} INFO - Processing file /home/airflow/.local/lib/python3.12/site-packages/airflow/example_dags/tutorial_dag.py for tasks to queue
[2026-06-28T11:31:10.345+0000] {logging_mixin.py:188} INFO - [2026-06-28T11:31:10.345+0000] {dagbag.py:545} INFO - Filling up the DagBag from /home/airflow/.local/lib/python3.12/site-packages/airflow/example_dags/tutorial_dag.py
[2026-06-28T11:31:10.352+0000] {processor.py:840} INFO - DAG(s) 'tutorial_dag' retrieved from /home/airflow/.local/lib/python3.12/site-packages/airflow/example_dags/tutorial_dag.py
[2026-06-28T11:31:10.382+0000] {logging_mixin.py:188} INFO - [2026-06-28T11:31:10.381+0000] {dag.py:3096} INFO - Sync 1 DAGs
[2026-06-28T11:31:10.404+0000] {logging_mixin.py:188} INFO - [2026-06-28T11:31:10.404+0000] {dag.py:3954} INFO - Setting next_dagrun for tutorial_dag to None, run_after=None
[2026-06-28T11:31:10.428+0000] {processor.py:183} INFO - Processing /home/airflow/.local/lib/python3.12/site-packages/airflow/example_dags/tutorial_dag.py took 0.095 seconds
[2026-06-28T11:31:40.635+0000] {processor.py:161} INFO - Started process (PID=2078) to work on /home/airflow/.local/lib/python3.12/site-packages/airflow/example_dags/tutorial_dag.py
[2026-06-28T11:31:40.638+0000] {processor.py:830} INFO - Processing file /home/airflow/.local/lib/python3.12/site-packages/airflow/example_dags/tutorial_dag.py for tasks to queue
[2026-06-28T11:31:40.640+0000] {logging_mixin.py:188} INFO - [2026-06-28T11:31:40.640+0000] {dagbag.py:545} INFO - Filling up the DagBag from /home/airflow/.local/lib/python3.12/site-packages/airflow/example_dags/tutorial_dag.py
[2026-06-28T11:31:40.651+0000] {processor.py:840} INFO - DAG(s) 'tutorial_dag' retrieved from /home/airflow/.local/lib/python3.12/site-packages/airflow/example_dags/tutorial_dag.py
[2026-06-28T11:31:40.678+0000] {logging_mixin.py:188} INFO - [2026-06-28T11:31:40.678+0000] {dag.py:3096} INFO - Sync 1 DAGs
[2026-06-28T11:31:40.696+0000] {logging_mixin.py:188} INFO - [2026-06-28T11:31:40.696+0000] {dag.py:3954} INFO - Setting next_dagrun for tutorial_dag to None, run_after=None
[2026-06-28T11:31:40.722+0000] {processor.py:183} INFO - Processing /home/airflow/.local/lib/python3.12/site-packages/airflow/example_dags/tutorial_dag.py took 0.094 seconds
[2026-06-28T11:32:10.852+0000] {processor.py:161} INFO - Started process (PID=2137) to work on /home/airflow/.local/lib/python3.12/site-packages/airflow/example_dags/tutorial_dag.py
[2026-06-28T11:32:10.853+0000] {processor.py:830} INFO - Processing file /home/airflow/.local/lib/python3.12/site-packages/airflow/example_dags/tutorial_dag.py for tasks to queue
[2026-06-28T11:32:10.855+0000] {logging_mixin.py:188} INFO - [2026-06-28T11:32:10.855+0000] {dagbag.py:545} INFO - Filling up the DagBag from /home/airflow/.local/lib/python3.12/site-packages/airflow/example_dags/tutorial_dag.py
[2026-06-28T11:32:10.862+0000] {processor.py:840} INFO - DAG(s) 'tutorial_dag' retrieved from /home/airflow/.local/lib/python3.12/site-packages/airflow/example_dags/tutorial_dag.py
[2026-06-28T11:32:10.889+0000] {logging_mixin.py:188} INFO - [2026-06-28T11:32:10.889+0000] {dag.py:3096} INFO - Sync 1 DAGs
[2026-06-28T11:32:10.907+0000] {logging_mixin.py:188} INFO - [2026-06-28T11:32:10.907+0000] {dag.py:3954} INFO - Setting next_dagrun for tutorial_dag to None, run_after=None
[2026-06-28T11:32:10.935+0000] {processor.py:183} INFO - Processing /home/airflow/.local/lib/python3.12/site-packages/airflow/example_dags/tutorial_dag.py took 0.089 seconds
[2026-06-28T11:32:41.351+0000] {processor.py:161} INFO - Started process (PID=2196) to work on /home/airflow/.local/lib/python3.12/site-packages/airflow/example_dags/tutorial_dag.py
[2026-06-28T11:32:41.353+0000] {processor.py:830} INFO - Processing file /home/airflow/.local/lib/python3.12/site-packages/airflow/example_dags/tutorial_dag.py for tasks to queue
[2026-06-28T11:32:41.356+0000] {logging_mixin.py:188} INFO - [2026-06-28T11:32:41.355+0000] {dagbag.py:545} INFO - Filling up the DagBag from /home/airflow/.local/lib/python3.12/site-packages/airflow/example_dags/tutorial_dag.py
[2026-06-28T11:32:41.364+0000] {processor.py:840} INFO - DAG(s) 'tutorial_dag' retrieved from /home/airflow/.local/lib/python3.12/site-packages/airflow/example_dags/tutorial_dag.py
[2026-06-28T11:32:41.419+0000] {logging_mixin.py:188} INFO - [2026-06-28T11:32:41.418+0000] {dag.py:3096} INFO - Sync 1 DAGs
[2026-06-28T11:32:41.459+0000] {logging_mixin.py:188} INFO - [2026-06-28T11:32:41.459+0000] {dag.py:3954} INFO - Setting next_dagrun for tutorial_dag to None, run_after=None
[2026-06-28T11:32:41.482+0000] {processor.py:183} INFO - Processing /home/airflow/.local/lib/python3.12/site-packages/airflow/example_dags/tutorial_dag.py took 0.149 seconds
[2026-06-28T11:33:11.690+0000] {processor.py:161} INFO - Started process (PID=2255) to work on /home/airflow/.local/lib/python3.12/site-packages/airflow/example_dags/tutorial_dag.py
[2026-06-28T11:33:11.691+0000] {processor.py:830} INFO - Processing file /home/airflow/.local/lib/python3.12/site-packages/airflow/example_dags/tutorial_dag.py for tasks to queue
[2026-06-28T11:33:11.694+0000] {logging_mixin.py:188} INFO - [2026-06-28T11:33:11.693+0000] {dagbag.py:545} INFO - Filling up the DagBag from /home/airflow/.local/lib/python3.12/site-packages/airflow/example_dags/tutorial_dag.py
[2026-06-28T11:33:11.701+0000] {processor.py:840} INFO - DAG(s) 'tutorial_dag' retrieved from /home/airflow/.local/lib/python3.12/site-packages/airflow/example_dags/tutorial_dag.py
[2026-06-28T11:33:11.735+0000] {logging_mixin.py:188} INFO - [2026-06-28T11:33:11.735+0000] {dag.py:3096} INFO - Sync 1 DAGs
[2026-06-28T11:33:11.753+0000] {logging_mixin.py:188} INFO - [2026-06-28T11:33:11.752+0000] {dag.py:3954} INFO - Setting next_dagrun for tutorial_dag to None, run_after=None
[2026-06-28T11:33:11.781+0000] {processor.py:183} INFO - Processing /home/airflow/.local/lib/python3.12/site-packages/airflow/example_dags/tutorial_dag.py took 0.098 seconds
[2026-06-28T11:33:42.033+0000] {processor.py:161} INFO - Started process (PID=2314) to work on /home/airflow/.local/lib/python3.12/site-packages/airflow/example_dags/tutorial_dag.py
[2026-06-28T11:33:42.034+0000] {processor.py:830} INFO - Processing file /home/airflow/.local/lib/python3.12/site-packages/airflow/example_dags/tutorial_dag.py for tasks to queue
[2026-06-28T11:33:42.037+0000] {logging_mixin.py:188} INFO - [2026-06-28T11:33:42.036+0000] {dagbag.py:545} INFO - Filling up the DagBag from /home/airflow/.local/lib/python3.12/site-packages/airflow/example_dags/tutorial_dag.py
[2026-06-28T11:33:42.045+0000] {processor.py:840} INFO - DAG(s) 'tutorial_dag' retrieved from /home/airflow/.local/lib/python3.12/site-packages/airflow/example_dags/tutorial_dag.py
[2026-06-28T11:33:42.071+0000] {logging_mixin.py:188} INFO - [2026-06-28T11:33:42.070+0000] {dag.py:3096} INFO - Sync 1 DAGs
[2026-06-28T11:33:42.111+0000] {logging_mixin.py:188} INFO - [2026-06-28T11:33:42.110+0000] {dag.py:3954} INFO - Setting next_dagrun for tutorial_dag to None, run_after=None
[2026-06-28T11:33:42.141+0000] {processor.py:183} INFO - Processing /home/airflow/.local/lib/python3.12/site-packages/airflow/example_dags/tutorial_dag.py took 0.114 seconds
[2026-06-28T11:34:12.675+0000] {processor.py:161} INFO - Started process (PID=2373) to work on /home/airflow/.local/lib/python3.12/site-packages/airflow/example_dags/tutorial_dag.py
[2026-06-28T11:34:12.685+0000] {processor.py:830} INFO - Processing file /home/airflow/.local/lib/python3.12/site-packages/airflow/example_dags/tutorial_dag.py for tasks to queue
[2026-06-28T11:34:12.700+0000] {logging_mixin.py:188} INFO - [2026-06-28T11:34:12.700+0000] {dagbag.py:545} INFO - Filling up the DagBag from /home/airflow/.local/lib/python3.12/site-packages/airflow/example_dags/tutorial_dag.py
[2026-06-28T11:34:12.714+0000] {processor.py:840} INFO - DAG(s) 'tutorial_dag' retrieved from /home/airflow/.local/lib/python3.12/site-packages/airflow/example_dags/tutorial_dag.py
[2026-06-28T11:34:12.759+0000] {logging_mixin.py:188} INFO - [2026-06-28T11:34:12.759+0000] {dag.py:3096} INFO - Sync 1 DAGs
[2026-06-28T11:34:12.790+0000] {logging_mixin.py:188} INFO - [2026-06-28T11:34:12.790+0000] {dag.py:3954} INFO - Setting next_dagrun for tutorial_dag to None, run_after=None
[2026-06-28T11:34:12.833+0000] {processor.py:183} INFO - Processing /home/airflow/.local/lib/python3.12/site-packages/airflow/example_dags/tutorial_dag.py took 0.179 seconds
[2026-06-28T11:34:43.006+0000] {processor.py:161} INFO - Started process (PID=2432) to work on /home/airflow/.local/lib/python3.12/site-packages/airflow/example_dags/tutorial_dag.py
[2026-06-28T11:34:43.009+0000] {processor.py:830} INFO - Processing file /home/airflow/.local/lib/python3.12/site-packages/airflow/example_dags/tutorial_dag.py for tasks to queue
[2026-06-28T11:34:43.012+0000] {logging_mixin.py:188} INFO - [2026-06-28T11:34:43.011+0000] {dagbag.py:545} INFO - Filling up the DagBag from /home/airflow/.local/lib/python3.12/site-packages/airflow/example_dags/tutorial_dag.py
[2026-06-28T11:34:43.022+0000] {processor.py:840} INFO - DAG(s) 'tutorial_dag' retrieved from /home/airflow/.local/lib/python3.12/site-packages/airflow/example_dags/tutorial_dag.py
[2026-06-28T11:34:43.061+0000] {logging_mixin.py:188} INFO - [2026-06-28T11:34:43.060+0000] {dag.py:3096} INFO - Sync 1 DAGs
[2026-06-28T11:34:43.100+0000] {logging_mixin.py:188} INFO - [2026-06-28T11:34:43.100+0000] {dag.py:3954} INFO - Setting next_dagrun for tutorial_dag to None, run_after=None
[2026-06-28T11:34:43.142+0000] {processor.py:183} INFO - Processing /home/airflow/.local/lib/python3.12/site-packages/airflow/example_dags/tutorial_dag.py took 0.150 seconds
[2026-06-28T11:35:13.897+0000] {processor.py:161} INFO - Started process (PID=2490) to work on /home/airflow/.local/lib/python3.12/site-packages/airflow/example_dags/tutorial_dag.py
[2026-06-28T11:35:13.898+0000] {processor.py:830} INFO - Processing file /home/airflow/.local/lib/python3.12/site-packages/airflow/example_dags/tutorial_dag.py for tasks to queue
[2026-06-28T11:35:13.900+0000] {logging_mixin.py:188} INFO - [2026-06-28T11:35:13.900+0000] {dagbag.py:545} INFO - Filling up the DagBag from /home/airflow/.local/lib/python3.12/site-packages/airflow/example_dags/tutorial_dag.py
[2026-06-28T11:35:13.907+0000] {processor.py:840} INFO - DAG(s) 'tutorial_dag' retrieved from /home/airflow/.local/lib/python3.12/site-packages/airflow/example_dags/tutorial_dag.py
[2026-06-28T11:35:13.933+0000] {logging_mixin.py:188} INFO - [2026-06-28T11:35:13.933+0000] {dag.py:3096} INFO - Sync 1 DAGs
[2026-06-28T11:35:13.950+0000] {logging_mixin.py:188} INFO - [2026-06-28T11:35:13.950+0000] {dag.py:3954} INFO - Setting next_dagrun for tutorial_dag to None, run_after=None
[2026-06-28T11:35:13.971+0000] {processor.py:183} INFO - Processing /home/airflow/.local/lib/python3.12/site-packages/airflow/example_dags/tutorial_dag.py took 0.080 seconds
[2026-06-28T11:35:44.121+0000] {processor.py:161} INFO - Started process (PID=2549) to work on /home/airflow/.local/lib/python3.12/site-packages/airflow/example_dags/tutorial_dag.py
[2026-06-28T11:35:44.122+0000] {processor.py:830} INFO - Processing file /home/airflow/.local/lib/python3.12/site-packages/airflow/example_dags/tutorial_dag.py for tasks to queue
[2026-06-28T11:35:44.125+0000] {logging_mixin.py:188} INFO - [2026-06-28T11:35:44.124+0000] {dagbag.py:545} INFO - Filling up the DagBag from /home/airflow/.local/lib/python3.12/site-packages/airflow/example_dags/tutorial_dag.py
[2026-06-28T11:35:44.134+0000] {processor.py:840} INFO - DAG(s) 'tutorial_dag' retrieved from /home/airflow/.local/lib/python3.12/site-packages/airflow/example_dags/tutorial_dag.py
[2026-06-28T11:35:44.185+0000] {logging_mixin.py:188} INFO - [2026-06-28T11:35:44.184+0000] {dag.py:3096} INFO - Sync 1 DAGs
[2026-06-28T11:35:44.225+0000] {logging_mixin.py:188} INFO - [2026-06-28T11:35:44.225+0000] {dag.py:3954} INFO - Setting next_dagrun for tutorial_dag to None, run_after=None
[2026-06-28T11:35:44.310+0000] {processor.py:183} INFO - Processing /home/airflow/.local/lib/python3.12/site-packages/airflow/example_dags/tutorial_dag.py took 0.204 seconds
[2026-06-28T11:36:15.215+0000] {processor.py:161} INFO - Started process (PID=2608) to work on /home/airflow/.local/lib/python3.12/site-packages/airflow/example_dags/tutorial_dag.py
[2026-06-28T11:36:15.216+0000] {processor.py:830} INFO - Processing file /home/airflow/.local/lib/python3.12/site-packages/airflow/example_dags/tutorial_dag.py for tasks to queue
[2026-06-28T11:36:15.219+0000] {logging_mixin.py:188} INFO - [2026-06-28T11:36:15.218+0000] {dagbag.py:545} INFO - Filling up the DagBag from /home/airflow/.local/lib/python3.12/site-packages/airflow/example_dags/tutorial_dag.py
[2026-06-28T11:36:15.226+0000] {processor.py:840} INFO - DAG(s) 'tutorial_dag' retrieved from /home/airflow/.local/lib/python3.12/site-packages/airflow/example_dags/tutorial_dag.py
[2026-06-28T11:36:15.253+0000] {logging_mixin.py:188} INFO - [2026-06-28T11:36:15.252+0000] {dag.py:3096} INFO - Sync 1 DAGs
[2026-06-28T11:36:15.270+0000] {logging_mixin.py:188} INFO - [2026-06-28T11:36:15.269+0000] {dag.py:3954} INFO - Setting next_dagrun for tutorial_dag to None, run_after=None
[2026-06-28T11:36:15.291+0000] {processor.py:183} INFO - Processing /home/airflow/.local/lib/python3.12/site-packages/airflow/example_dags/tutorial_dag.py took 0.082 seconds
[2026-06-28T11:36:45.752+0000] {processor.py:161} INFO - Started process (PID=2667) to work on /home/airflow/.local/lib/python3.12/site-packages/airflow/example_dags/tutorial_dag.py
[2026-06-28T11:36:45.753+0000] {processor.py:830} INFO - Processing file /home/airflow/.local/lib/python3.12/site-packages/airflow/example_dags/tutorial_dag.py for tasks to queue
[2026-06-28T11:36:45.755+0000] {logging_mixin.py:188} INFO - [2026-06-28T11:36:45.755+0000] {dagbag.py:545} INFO - Filling up the DagBag from /home/airflow/.local/lib/python3.12/site-packages/airflow/example_dags/tutorial_dag.py
[2026-06-28T11:36:45.763+0000] {processor.py:840} INFO - DAG(s) 'tutorial_dag' retrieved from /home/airflow/.local/lib/python3.12/site-packages/airflow/example_dags/tutorial_dag.py
[2026-06-28T11:36:45.818+0000] {logging_mixin.py:188} INFO - [2026-06-28T11:36:45.817+0000] {dag.py:3096} INFO - Sync 1 DAGs
[2026-06-28T11:36:45.875+0000] {logging_mixin.py:188} INFO - [2026-06-28T11:36:45.874+0000] {dag.py:3954} INFO - Setting next_dagrun for tutorial_dag to None, run_after=None
[2026-06-28T11:36:45.920+0000] {processor.py:183} INFO - Processing /home/airflow/.local/lib/python3.12/site-packages/airflow/example_dags/tutorial_dag.py took 0.176 seconds
[2026-06-28T11:37:16.122+0000] {processor.py:161} INFO - Started process (PID=2726) to work on /home/airflow/.local/lib/python3.12/site-packages/airflow/example_dags/tutorial_dag.py
[2026-06-28T11:37:16.123+0000] {processor.py:830} INFO - Processing file /home/airflow/.local/lib/python3.12/site-packages/airflow/example_dags/tutorial_dag.py for tasks to queue
[2026-06-28T11:37:16.126+0000] {logging_mixin.py:188} INFO - [2026-06-28T11:37:16.125+0000] {dagbag.py:545} INFO - Filling up the DagBag from /home/airflow/.local/lib/python3.12/site-packages/airflow/example_dags/tutorial_dag.py
[2026-06-28T11:37:16.147+0000] {processor.py:840} INFO - DAG(s) 'tutorial_dag' retrieved from /home/airflow/.local/lib/python3.12/site-packages/airflow/example_dags/tutorial_dag.py
[2026-06-28T11:37:16.174+0000] {logging_mixin.py:188} INFO - [2026-06-28T11:37:16.174+0000] {dag.py:3096} INFO - Sync 1 DAGs
[2026-06-28T11:37:16.193+0000] {logging_mixin.py:188} INFO - [2026-06-28T11:37:16.193+0000] {dag.py:3954} INFO - Setting next_dagrun for tutorial_dag to None, run_after=None
[2026-06-28T11:37:16.218+0000] {processor.py:183} INFO - Processing /home/airflow/.local/lib/python3.12/site-packages/airflow/example_dags/tutorial_dag.py took 0.107 seconds
[2026-06-28T11:37:46.598+0000] {processor.py:161} INFO - Started process (PID=2785) to work on /home/airflow/.local/lib/python3.12/site-packages/airflow/example_dags/tutorial_dag.py
[2026-06-28T11:37:46.599+0000] {processor.py:830} INFO - Processing file /home/airflow/.local/lib/python3.12/site-packages/airflow/example_dags/tutorial_dag.py for tasks to queue
[2026-06-28T11:37:46.601+0000] {logging_mixin.py:188} INFO - [2026-06-28T11:37:46.601+0000] {dagbag.py:545} INFO - Filling up the DagBag from /home/airflow/.local/lib/python3.12/site-packages/airflow/example_dags/tutorial_dag.py
[2026-06-28T11:37:46.608+0000] {processor.py:840} INFO - DAG(s) 'tutorial_dag' retrieved from /home/airflow/.local/lib/python3.12/site-packages/airflow/example_dags/tutorial_dag.py
[2026-06-28T11:37:46.634+0000] {logging_mixin.py:188} INFO - [2026-06-28T11:37:46.633+0000] {dag.py:3096} INFO - Sync 1 DAGs
[2026-06-28T11:37:46.650+0000] {logging_mixin.py:188} INFO - [2026-06-28T11:37:46.650+0000] {dag.py:3954} INFO - Setting next_dagrun for tutorial_dag to None, run_after=None
[2026-06-28T11:37:46.672+0000] {processor.py:183} INFO - Processing /home/airflow/.local/lib/python3.12/site-packages/airflow/example_dags/tutorial_dag.py took 0.080 seconds
[2026-06-28T11:38:17.324+0000] {processor.py:161} INFO - Started process (PID=2845) to work on /home/airflow/.local/lib/python3.12/site-packages/airflow/example_dags/tutorial_dag.py
[2026-06-28T11:38:17.325+0000] {processor.py:830} INFO - Processing file /home/airflow/.local/lib/python3.12/site-packages/airflow/example_dags/tutorial_dag.py for tasks to queue
[2026-06-28T11:38:17.327+0000] {logging_mixin.py:188} INFO - [2026-06-28T11:38:17.327+0000] {dagbag.py:545} INFO - Filling up the DagBag from /home/airflow/.local/lib/python3.12/site-packages/airflow/example_dags/tutorial_dag.py
[2026-06-28T11:38:17.334+0000] {processor.py:840} INFO - DAG(s) 'tutorial_dag' retrieved from /home/airflow/.local/lib/python3.12/site-packages/airflow/example_dags/tutorial_dag.py
[2026-06-28T11:38:17.369+0000] {logging_mixin.py:188} INFO - [2026-06-28T11:38:17.368+0000] {dag.py:3096} INFO - Sync 1 DAGs
[2026-06-28T11:38:17.392+0000] {logging_mixin.py:188} INFO - [2026-06-28T11:38:17.392+0000] {dag.py:3954} INFO - Setting next_dagrun for tutorial_dag to None, run_after=None
[2026-06-28T11:38:17.431+0000] {processor.py:183} INFO - Processing /home/airflow/.local/lib/python3.12/site-packages/airflow/example_dags/tutorial_dag.py took 0.114 seconds
[2026-06-28T11:38:48.030+0000] {processor.py:161} INFO - Started process (PID=2904) to work on /home/airflow/.local/lib/python3.12/site-packages/airflow/example_dags/tutorial_dag.py
[2026-06-28T11:38:48.031+0000] {processor.py:830} INFO - Processing file /home/airflow/.local/lib/python3.12/site-packages/airflow/example_dags/tutorial_dag.py for tasks to queue
[2026-06-28T11:38:48.033+0000] {logging_mixin.py:188} INFO - [2026-06-28T11:38:48.033+0000] {dagbag.py:545} INFO - Filling up the DagBag from /home/airflow/.local/lib/python3.12/site-packages/airflow/example_dags/tutorial_dag.py
[2026-06-28T11:38:48.040+0000] {processor.py:840} INFO - DAG(s) 'tutorial_dag' retrieved from /home/airflow/.local/lib/python3.12/site-packages/airflow/example_dags/tutorial_dag.py
[2026-06-28T11:38:48.069+0000] {logging_mixin.py:188} INFO - [2026-06-28T11:38:48.069+0000] {dag.py:3096} INFO - Sync 1 DAGs
[2026-06-28T11:38:48.090+0000] {logging_mixin.py:188} INFO - [2026-06-28T11:38:48.090+0000] {dag.py:3954} INFO - Setting next_dagrun for tutorial_dag to None, run_after=None
[2026-06-28T11:38:48.116+0000] {processor.py:183} INFO - Processing /home/airflow/.local/lib/python3.12/site-packages/airflow/example_dags/tutorial_dag.py took 0.093 seconds
[2026-06-28T11:39:18.515+0000] {processor.py:161} INFO - Started process (PID=2963) to work on /home/airflow/.local/lib/python3.12/site-packages/airflow/example_dags/tutorial_dag.py
[2026-06-28T11:39:18.516+0000] {processor.py:830} INFO - Processing file /home/airflow/.local/lib/python3.12/site-packages/airflow/example_dags/tutorial_dag.py for tasks to queue
[2026-06-28T11:39:18.520+0000] {logging_mixin.py:188} INFO - [2026-06-28T11:39:18.519+0000] {dagbag.py:545} INFO - Filling up the DagBag from /home/airflow/.local/lib/python3.12/site-packages/airflow/example_dags/tutorial_dag.py
[2026-06-28T11:39:18.527+0000] {processor.py:840} INFO - DAG(s) 'tutorial_dag' retrieved from /home/airflow/.local/lib/python3.12/site-packages/airflow/example_dags/tutorial_dag.py
[2026-06-28T11:39:18.564+0000] {logging_mixin.py:188} INFO - [2026-06-28T11:39:18.563+0000] {dag.py:3096} INFO - Sync 1 DAGs
[2026-06-28T11:39:18.596+0000] {logging_mixin.py:188} INFO - [2026-06-28T11:39:18.595+0000] {dag.py:3954} INFO - Setting next_dagrun for tutorial_dag to None, run_after=None
[2026-06-28T11:39:18.619+0000] {processor.py:183} INFO - Processing /home/airflow/.local/lib/python3.12/site-packages/airflow/example_dags/tutorial_dag.py took 0.111 seconds
[2026-06-28T11:39:49.008+0000] {processor.py:161} INFO - Started process (PID=3022) to work on /home/airflow/.local/lib/python3.12/site-packages/airflow/example_dags/tutorial_dag.py
[2026-06-28T11:39:49.009+0000] {processor.py:830} INFO - Processing file /home/airflow/.local/lib/python3.12/site-packages/airflow/example_dags/tutorial_dag.py for tasks to queue
[2026-06-28T11:39:49.012+0000] {logging_mixin.py:188} INFO - [2026-06-28T11:39:49.011+0000] {dagbag.py:545} INFO - Filling up the DagBag from /home/airflow/.local/lib/python3.12/site-packages/airflow/example_dags/tutorial_dag.py
[2026-06-28T11:39:49.018+0000] {processor.py:840} INFO - DAG(s) 'tutorial_dag' retrieved from /home/airflow/.local/lib/python3.12/site-packages/airflow/example_dags/tutorial_dag.py
[2026-06-28T11:39:49.045+0000] {logging_mixin.py:188} INFO - [2026-06-28T11:39:49.045+0000] {dag.py:3096} INFO - Sync 1 DAGs
[2026-06-28T11:39:49.066+0000] {logging_mixin.py:188} INFO - [2026-06-28T11:39:49.065+0000] {dag.py:3954} INFO - Setting next_dagrun for tutorial_dag to None, run_after=None
[2026-06-28T11:39:49.093+0000] {processor.py:183} INFO - Processing /home/airflow/.local/lib/python3.12/site-packages/airflow/example_dags/tutorial_dag.py took 0.092 seconds
[2026-06-28T11:40:19.699+0000] {processor.py:161} INFO - Started process (PID=3081) to work on /home/airflow/.local/lib/python3.12/site-packages/airflow/example_dags/tutorial_dag.py
[2026-06-28T11:40:19.700+0000] {processor.py:830} INFO - Processing file /home/airflow/.local/lib/python3.12/site-packages/airflow/example_dags/tutorial_dag.py for tasks to queue
[2026-06-28T11:40:19.706+0000] {logging_mixin.py:188} INFO - [2026-06-28T11:40:19.706+0000] {dagbag.py:545} INFO - Filling up the DagBag from /home/airflow/.local/lib/python3.12/site-packages/airflow/example_dags/tutorial_dag.py
[2026-06-28T11:40:19.725+0000] {processor.py:840} INFO - DAG(s) 'tutorial_dag' retrieved from /home/airflow/.local/lib/python3.12/site-packages/airflow/example_dags/tutorial_dag.py
[2026-06-28T11:40:19.834+0000] {logging_mixin.py:188} INFO - [2026-06-28T11:40:19.833+0000] {dag.py:3096} INFO - Sync 1 DAGs
[2026-06-28T11:40:19.881+0000] {logging_mixin.py:188} INFO - [2026-06-28T11:40:19.880+0000] {dag.py:3954} INFO - Setting next_dagrun for tutorial_dag to None, run_after=None
[2026-06-28T11:40:19.941+0000] {processor.py:183} INFO - Processing /home/airflow/.local/lib/python3.12/site-packages/airflow/example_dags/tutorial_dag.py took 0.259 seconds
[2026-06-28T11:40:50.384+0000] {processor.py:161} INFO - Started process (PID=3140) to work on /home/airflow/.local/lib/python3.12/site-packages/airflow/example_dags/tutorial_dag.py
[2026-06-28T11:40:50.385+0000] {processor.py:830} INFO - Processing file /home/airflow/.local/lib/python3.12/site-packages/airflow/example_dags/tutorial_dag.py for tasks to queue
[2026-06-28T11:40:50.387+0000] {logging_mixin.py:188} INFO - [2026-06-28T11:40:50.386+0000] {dagbag.py:545} INFO - Filling up the DagBag from /home/airflow/.local/lib/python3.12/site-packages/airflow/example_dags/tutorial_dag.py
[2026-06-28T11:40:50.393+0000] {processor.py:840} INFO - DAG(s) 'tutorial_dag' retrieved from /home/airflow/.local/lib/python3.12/site-packages/airflow/example_dags/tutorial_dag.py
[2026-06-28T11:40:50.419+0000] {logging_mixin.py:188} INFO - [2026-06-28T11:40:50.419+0000] {dag.py:3096} INFO - Sync 1 DAGs
[2026-06-28T11:40:50.436+0000] {logging_mixin.py:188} INFO - [2026-06-28T11:40:50.435+0000] {dag.py:3954} INFO - Setting next_dagrun for tutorial_dag to None, run_after=None
[2026-06-28T11:40:50.457+0000] {processor.py:183} INFO - Processing /home/airflow/.local/lib/python3.12/site-packages/airflow/example_dags/tutorial_dag.py took 0.080 seconds
[2026-06-28T11:41:21.124+0000] {processor.py:161} INFO - Started process (PID=3199) to work on /home/airflow/.local/lib/python3.12/site-packages/airflow/example_dags/tutorial_dag.py
[2026-06-28T11:41:21.125+0000] {processor.py:830} INFO - Processing file /home/airflow/.local/lib/python3.12/site-packages/airflow/example_dags/tutorial_dag.py for tasks to queue
[2026-06-28T11:41:21.127+0000] {logging_mixin.py:188} INFO - [2026-06-28T11:41:21.127+0000] {dagbag.py:545} INFO - Filling up the DagBag from /home/airflow/.local/lib/python3.12/site-packages/airflow/example_dags/tutorial_dag.py
[2026-06-28T11:41:21.134+0000] {processor.py:840} INFO - DAG(s) 'tutorial_dag' retrieved from /home/airflow/.local/lib/python3.12/site-packages/airflow/example_dags/tutorial_dag.py
[2026-06-28T11:41:21.160+0000] {logging_mixin.py:188} INFO - [2026-06-28T11:41:21.160+0000] {dag.py:3096} INFO - Sync 1 DAGs
[2026-06-28T11:41:21.178+0000] {logging_mixin.py:188} INFO - [2026-06-28T11:41:21.177+0000] {dag.py:3954} INFO - Setting next_dagrun for tutorial_dag to None, run_after=None
[2026-06-28T11:41:21.200+0000] {processor.py:183} INFO - Processing /home/airflow/.local/lib/python3.12/site-packages/airflow/example_dags/tutorial_dag.py took 0.083 seconds
[2026-06-28T11:41:52.103+0000] {processor.py:161} INFO - Started process (PID=3258) to work on /home/airflow/.local/lib/python3.12/site-packages/airflow/example_dags/tutorial_dag.py
[2026-06-28T11:41:52.104+0000] {processor.py:830} INFO - Processing file /home/airflow/.local/lib/python3.12/site-packages/airflow/example_dags/tutorial_dag.py for tasks to queue
[2026-06-28T11:41:52.107+0000] {logging_mixin.py:188} INFO - [2026-06-28T11:41:52.106+0000] {dagbag.py:545} INFO - Filling up the DagBag from /home/airflow/.local/lib/python3.12/site-packages/airflow/example_dags/tutorial_dag.py
[2026-06-28T11:41:52.117+0000] {processor.py:840} INFO - DAG(s) 'tutorial_dag' retrieved from /home/airflow/.local/lib/python3.12/site-packages/airflow/example_dags/tutorial_dag.py
[2026-06-28T11:41:52.175+0000] {logging_mixin.py:188} INFO - [2026-06-28T11:41:52.175+0000] {dag.py:3096} INFO - Sync 1 DAGs
[2026-06-28T11:41:52.213+0000] {logging_mixin.py:188} INFO - [2026-06-28T11:41:52.212+0000] {dag.py:3954} INFO - Setting next_dagrun for tutorial_dag to None, run_after=None
[2026-06-28T11:41:52.262+0000] {processor.py:183} INFO - Processing /home/airflow/.local/lib/python3.12/site-packages/airflow/example_dags/tutorial_dag.py took 0.189 seconds
[2026-06-28T11:42:22.870+0000] {processor.py:161} INFO - Started process (PID=3317) to work on /home/airflow/.local/lib/python3.12/site-packages/airflow/example_dags/tutorial_dag.py
[2026-06-28T11:42:22.871+0000] {processor.py:830} INFO - Processing file /home/airflow/.local/lib/python3.12/site-packages/airflow/example_dags/tutorial_dag.py for tasks to queue
[2026-06-28T11:42:22.873+0000] {logging_mixin.py:188} INFO - [2026-06-28T11:42:22.873+0000] {dagbag.py:545} INFO - Filling up the DagBag from /home/airflow/.local/lib/python3.12/site-packages/airflow/example_dags/tutorial_dag.py
[2026-06-28T11:42:22.880+0000] {processor.py:840} INFO - DAG(s) 'tutorial_dag' retrieved from /home/airflow/.local/lib/python3.12/site-packages/airflow/example_dags/tutorial_dag.py
[2026-06-28T11:42:22.907+0000] {logging_mixin.py:188} INFO - [2026-06-28T11:42:22.907+0000] {dag.py:3096} INFO - Sync 1 DAGs
[2026-06-28T11:42:22.924+0000] {logging_mixin.py:188} INFO - [2026-06-28T11:42:22.924+0000] {dag.py:3954} INFO - Setting next_dagrun for tutorial_dag to None, run_after=None
[2026-06-28T11:42:22.958+0000] {processor.py:183} INFO - Processing /home/airflow/.local/lib/python3.12/site-packages/airflow/example_dags/tutorial_dag.py took 0.094 seconds
[2026-06-28T11:42:53.508+0000] {processor.py:161} INFO - Started process (PID=3376) to work on /home/airflow/.local/lib/python3.12/site-packages/airflow/example_dags/tutorial_dag.py
[2026-06-28T11:42:53.509+0000] {processor.py:830} INFO - Processing file /home/airflow/.local/lib/python3.12/site-packages/airflow/example_dags/tutorial_dag.py for tasks to queue
[2026-06-28T11:42:53.511+0000] {logging_mixin.py:188} INFO - [2026-06-28T11:42:53.511+0000] {dagbag.py:545} INFO - Filling up the DagBag from /home/airflow/.local/lib/python3.12/site-packages/airflow/example_dags/tutorial_dag.py
[2026-06-28T11:42:53.518+0000] {processor.py:840} INFO - DAG(s) 'tutorial_dag' retrieved from /home/airflow/.local/lib/python3.12/site-packages/airflow/example_dags/tutorial_dag.py
[2026-06-28T11:42:53.546+0000] {logging_mixin.py:188} INFO - [2026-06-28T11:42:53.545+0000] {dag.py:3096} INFO - Sync 1 DAGs
[2026-06-28T11:42:53.562+0000] {logging_mixin.py:188} INFO - [2026-06-28T11:42:53.562+0000] {dag.py:3954} INFO - Setting next_dagrun for tutorial_dag to None, run_after=None
[2026-06-28T11:42:53.583+0000] {processor.py:183} INFO - Processing /home/airflow/.local/lib/python3.12/site-packages/airflow/example_dags/tutorial_dag.py took 0.082 seconds
[2026-06-28T11:43:24.266+0000] {processor.py:161} INFO - Started process (PID=3435) to work on /home/airflow/.local/lib/python3.12/site-packages/airflow/example_dags/tutorial_dag.py
[2026-06-28T11:43:24.271+0000] {processor.py:830} INFO - Processing file /home/airflow/.local/lib/python3.12/site-packages/airflow/example_dags/tutorial_dag.py for tasks to queue
[2026-06-28T11:43:24.276+0000] {logging_mixin.py:188} INFO - [2026-06-28T11:43:24.275+0000] {dagbag.py:545} INFO - Filling up the DagBag from /home/airflow/.local/lib/python3.12/site-packages/airflow/example_dags/tutorial_dag.py
[2026-06-28T11:43:24.295+0000] {processor.py:840} INFO - DAG(s) 'tutorial_dag' retrieved from /home/airflow/.local/lib/python3.12/site-packages/airflow/example_dags/tutorial_dag.py
[2026-06-28T11:43:24.327+0000] {logging_mixin.py:188} INFO - [2026-06-28T11:43:24.326+0000] {dag.py:3096} INFO - Sync 1 DAGs
[2026-06-28T11:43:24.344+0000] {logging_mixin.py:188} INFO - [2026-06-28T11:43:24.343+0000] {dag.py:3954} INFO - Setting next_dagrun for tutorial_dag to None, run_after=None
[2026-06-28T11:43:24.381+0000] {processor.py:183} INFO - Processing /home/airflow/.local/lib/python3.12/site-packages/airflow/example_dags/tutorial_dag.py took 0.130 seconds
[2026-06-28T11:43:54.784+0000] {processor.py:161} INFO - Started process (PID=3494) to work on /home/airflow/.local/lib/python3.12/site-packages/airflow/example_dags/tutorial_dag.py
[2026-06-28T11:43:54.788+0000] {processor.py:830} INFO - Processing file /home/airflow/.local/lib/python3.12/site-packages/airflow/example_dags/tutorial_dag.py for tasks to queue
[2026-06-28T11:43:54.793+0000] {logging_mixin.py:188} INFO - [2026-06-28T11:43:54.793+0000] {dagbag.py:545} INFO - Filling up the DagBag from /home/airflow/.local/lib/python3.12/site-packages/airflow/example_dags/tutorial_dag.py
[2026-06-28T11:43:54.808+0000] {processor.py:840} INFO - DAG(s) 'tutorial_dag' retrieved from /home/airflow/.local/lib/python3.12/site-packages/airflow/example_dags/tutorial_dag.py
[2026-06-28T11:43:54.897+0000] {logging_mixin.py:188} INFO - [2026-06-28T11:43:54.896+0000] {dag.py:3096} INFO - Sync 1 DAGs
[2026-06-28T11:43:54.965+0000] {logging_mixin.py:188} INFO - [2026-06-28T11:43:54.965+0000] {dag.py:3954} INFO - Setting next_dagrun for tutorial_dag to None, run_after=None
[2026-06-28T11:43:55.036+0000] {processor.py:183} INFO - Processing /home/airflow/.local/lib/python3.12/site-packages/airflow/example_dags/tutorial_dag.py took 0.283 seconds
[2026-06-28T11:44:25.932+0000] {processor.py:161} INFO - Started process (PID=3559) to work on /home/airflow/.local/lib/python3.12/site-packages/airflow/example_dags/tutorial_dag.py
[2026-06-28T11:44:25.933+0000] {processor.py:830} INFO - Processing file /home/airflow/.local/lib/python3.12/site-packages/airflow/example_dags/tutorial_dag.py for tasks to queue
[2026-06-28T11:44:25.938+0000] {logging_mixin.py:188} INFO - [2026-06-28T11:44:25.938+0000] {dagbag.py:545} INFO - Filling up the DagBag from /home/airflow/.local/lib/python3.12/site-packages/airflow/example_dags/tutorial_dag.py
[2026-06-28T11:44:25.953+0000] {processor.py:840} INFO - DAG(s) 'tutorial_dag' retrieved from /home/airflow/.local/lib/python3.12/site-packages/airflow/example_dags/tutorial_dag.py
[2026-06-28T11:44:25.979+0000] {logging_mixin.py:188} INFO - [2026-06-28T11:44:25.979+0000] {dag.py:3096} INFO - Sync 1 DAGs
[2026-06-28T11:44:26.000+0000] {logging_mixin.py:188} INFO - [2026-06-28T11:44:26.000+0000] {dag.py:3954} INFO - Setting next_dagrun for tutorial_dag to None, run_after=None
[2026-06-28T11:44:26.025+0000] {processor.py:183} INFO - Processing /home/airflow/.local/lib/python3.12/site-packages/airflow/example_dags/tutorial_dag.py took 0.108 seconds
[2026-06-28T11:44:56.385+0000] {processor.py:161} INFO - Started process (PID=3618) to work on /home/airflow/.local/lib/python3.12/site-packages/airflow/example_dags/tutorial_dag.py
[2026-06-28T11:44:56.387+0000] {processor.py:830} INFO - Processing file /home/airflow/.local/lib/python3.12/site-packages/airflow/example_dags/tutorial_dag.py for tasks to queue
[2026-06-28T11:44:56.389+0000] {logging_mixin.py:188} INFO - [2026-06-28T11:44:56.389+0000] {dagbag.py:545} INFO - Filling up the DagBag from /home/airflow/.local/lib/python3.12/site-packages/airflow/example_dags/tutorial_dag.py
[2026-06-28T11:44:56.395+0000] {processor.py:840} INFO - DAG(s) 'tutorial_dag' retrieved from /home/airflow/.local/lib/python3.12/site-packages/airflow/example_dags/tutorial_dag.py
[2026-06-28T11:44:56.422+0000] {logging_mixin.py:188} INFO - [2026-06-28T11:44:56.422+0000] {dag.py:3096} INFO - Sync 1 DAGs
[2026-06-28T11:44:56.440+0000] {logging_mixin.py:188} INFO - [2026-06-28T11:44:56.440+0000] {dag.py:3954} INFO - Setting next_dagrun for tutorial_dag to None, run_after=None
[2026-06-28T11:44:56.462+0000] {processor.py:183} INFO - Processing /home/airflow/.local/lib/python3.12/site-packages/airflow/example_dags/tutorial_dag.py took 0.083 seconds
[2026-06-28T11:45:26.653+0000] {processor.py:161} INFO - Started process (PID=3677) to work on /home/airflow/.local/lib/python3.12/site-packages/airflow/example_dags/tutorial_dag.py
[2026-06-28T11:45:26.654+0000] {processor.py:830} INFO - Processing file /home/airflow/.local/lib/python3.12/site-packages/airflow/example_dags/tutorial_dag.py for tasks to queue
[2026-06-28T11:45:26.657+0000] {logging_mixin.py:188} INFO - [2026-06-28T11:45:26.656+0000] {dagbag.py:545} INFO - Filling up the DagBag from /home/airflow/.local/lib/python3.12/site-packages/airflow/example_dags/tutorial_dag.py
[2026-06-28T11:45:26.663+0000] {processor.py:840} INFO - DAG(s) 'tutorial_dag' retrieved from /home/airflow/.local/lib/python3.12/site-packages/airflow/example_dags/tutorial_dag.py
[2026-06-28T11:45:26.696+0000] {logging_mixin.py:188} INFO - [2026-06-28T11:45:26.695+0000] {dag.py:3096} INFO - Sync 1 DAGs
[2026-06-28T11:45:26.716+0000] {logging_mixin.py:188} INFO - [2026-06-28T11:45:26.715+0000] {dag.py:3954} INFO - Setting next_dagrun for tutorial_dag to None, run_after=None
[2026-06-28T11:45:26.745+0000] {processor.py:183} INFO - Processing /home/airflow/.local/lib/python3.12/site-packages/airflow/example_dags/tutorial_dag.py took 0.104 seconds
[2026-06-28T11:45:57.569+0000] {processor.py:161} INFO - Started process (PID=3735) to work on /home/airflow/.local/lib/python3.12/site-packages/airflow/example_dags/tutorial_dag.py
[2026-06-28T11:45:57.570+0000] {processor.py:830} INFO - Processing file /home/airflow/.local/lib/python3.12/site-packages/airflow/example_dags/tutorial_dag.py for tasks to queue
[2026-06-28T11:45:57.572+0000] {logging_mixin.py:188} INFO - [2026-06-28T11:45:57.572+0000] {dagbag.py:545} INFO - Filling up the DagBag from /home/airflow/.local/lib/python3.12/site-packages/airflow/example_dags/tutorial_dag.py
[2026-06-28T11:45:57.579+0000] {processor.py:840} INFO - DAG(s) 'tutorial_dag' retrieved from /home/airflow/.local/lib/python3.12/site-packages/airflow/example_dags/tutorial_dag.py
[2026-06-28T11:45:57.608+0000] {logging_mixin.py:188} INFO - [2026-06-28T11:45:57.607+0000] {dag.py:3096} INFO - Sync 1 DAGs
[2026-06-28T11:45:57.626+0000] {logging_mixin.py:188} INFO - [2026-06-28T11:45:57.625+0000] {dag.py:3954} INFO - Setting next_dagrun for tutorial_dag to None, run_after=None
[2026-06-28T11:45:57.648+0000] {processor.py:183} INFO - Processing /home/airflow/.local/lib/python3.12/site-packages/airflow/example_dags/tutorial_dag.py took 0.086 seconds
[2026-06-28T11:46:27.708+0000] {processor.py:161} INFO - Started process (PID=3794) to work on /home/airflow/.local/lib/python3.12/site-packages/airflow/example_dags/tutorial_dag.py
[2026-06-28T11:46:27.710+0000] {processor.py:830} INFO - Processing file /home/airflow/.local/lib/python3.12/site-packages/airflow/example_dags/tutorial_dag.py for tasks to queue
[2026-06-28T11:46:27.713+0000] {logging_mixin.py:188} INFO - [2026-06-28T11:46:27.712+0000] {dagbag.py:545} INFO - Filling up the DagBag from /home/airflow/.local/lib/python3.12/site-packages/airflow/example_dags/tutorial_dag.py
[2026-06-28T11:46:27.728+0000] {processor.py:840} INFO - DAG(s) 'tutorial_dag' retrieved from /home/airflow/.local/lib/python3.12/site-packages/airflow/example_dags/tutorial_dag.py
[2026-06-28T11:46:27.791+0000] {logging_mixin.py:188} INFO - [2026-06-28T11:46:27.791+0000] {dag.py:3096} INFO - Sync 1 DAGs
[2026-06-28T11:46:27.879+0000] {logging_mixin.py:188} INFO - [2026-06-28T11:46:27.879+0000] {dag.py:3954} INFO - Setting next_dagrun for tutorial_dag to None, run_after=None
[2026-06-28T11:46:28.037+0000] {processor.py:183} INFO - Processing /home/airflow/.local/lib/python3.12/site-packages/airflow/example_dags/tutorial_dag.py took 0.336 seconds
[2026-06-28T11:46:58.588+0000] {processor.py:161} INFO - Started process (PID=3853) to work on /home/airflow/.local/lib/python3.12/site-packages/airflow/example_dags/tutorial_dag.py
[2026-06-28T11:46:58.589+0000] {processor.py:830} INFO - Processing file /home/airflow/.local/lib/python3.12/site-packages/airflow/example_dags/tutorial_dag.py for tasks to queue
[2026-06-28T11:46:58.591+0000] {logging_mixin.py:188} INFO - [2026-06-28T11:46:58.591+0000] {dagbag.py:545} INFO - Filling up the DagBag from /home/airflow/.local/lib/python3.12/site-packages/airflow/example_dags/tutorial_dag.py
[2026-06-28T11:46:58.598+0000] {processor.py:840} INFO - DAG(s) 'tutorial_dag' retrieved from /home/airflow/.local/lib/python3.12/site-packages/airflow/example_dags/tutorial_dag.py
[2026-06-28T11:46:58.625+0000] {logging_mixin.py:188} INFO - [2026-06-28T11:46:58.625+0000] {dag.py:3096} INFO - Sync 1 DAGs
[2026-06-28T11:46:58.646+0000] {logging_mixin.py:188} INFO - [2026-06-28T11:46:58.645+0000] {dag.py:3954} INFO - Setting next_dagrun for tutorial_dag to None, run_after=None
[2026-06-28T11:46:58.701+0000] {processor.py:183} INFO - Processing /home/airflow/.local/lib/python3.12/site-packages/airflow/example_dags/tutorial_dag.py took 0.121 seconds
[2026-06-28T11:47:28.947+0000] {processor.py:161} INFO - Started process (PID=3912) to work on /home/airflow/.local/lib/python3.12/site-packages/airflow/example_dags/tutorial_dag.py
[2026-06-28T11:47:28.948+0000] {processor.py:830} INFO - Processing file /home/airflow/.local/lib/python3.12/site-packages/airflow/example_dags/tutorial_dag.py for tasks to queue
[2026-06-28T11:47:28.950+0000] {logging_mixin.py:188} INFO - [2026-06-28T11:47:28.950+0000] {dagbag.py:545} INFO - Filling up the DagBag from /home/airflow/.local/lib/python3.12/site-packages/airflow/example_dags/tutorial_dag.py
[2026-06-28T11:47:28.958+0000] {processor.py:840} INFO - DAG(s) 'tutorial_dag' retrieved from /home/airflow/.local/lib/python3.12/site-packages/airflow/example_dags/tutorial_dag.py
[2026-06-28T11:47:28.983+0000] {logging_mixin.py:188} INFO - [2026-06-28T11:47:28.982+0000] {dag.py:3096} INFO - Sync 1 DAGs
[2026-06-28T11:47:28.999+0000] {logging_mixin.py:188} INFO - [2026-06-28T11:47:28.999+0000] {dag.py:3954} INFO - Setting next_dagrun for tutorial_dag to None, run_after=None
[2026-06-28T11:47:29.021+0000] {processor.py:183} INFO - Processing /home/airflow/.local/lib/python3.12/site-packages/airflow/example_dags/tutorial_dag.py took 0.080 seconds
[2026-06-28T11:47:59.291+0000] {processor.py:161} INFO - Started process (PID=3971) to work on /home/airflow/.local/lib/python3.12/site-packages/airflow/example_dags/tutorial_dag.py
[2026-06-28T11:47:59.296+0000] {processor.py:830} INFO - Processing file /home/airflow/.local/lib/python3.12/site-packages/airflow/example_dags/tutorial_dag.py for tasks to queue
[2026-06-28T11:47:59.300+0000] {logging_mixin.py:188} INFO - [2026-06-28T11:47:59.299+0000] {dagbag.py:545} INFO - Filling up the DagBag from /home/airflow/.local/lib/python3.12/site-packages/airflow/example_dags/tutorial_dag.py
[2026-06-28T11:47:59.315+0000] {processor.py:840} INFO - DAG(s) 'tutorial_dag' retrieved from /home/airflow/.local/lib/python3.12/site-packages/airflow/example_dags/tutorial_dag.py
[2026-06-28T11:47:59.355+0000] {logging_mixin.py:188} INFO - [2026-06-28T11:47:59.354+0000] {dag.py:3096} INFO - Sync 1 DAGs
[2026-06-28T11:47:59.384+0000] {logging_mixin.py:188} INFO - [2026-06-28T11:47:59.383+0000] {dag.py:3954} INFO - Setting next_dagrun for tutorial_dag to None, run_after=None
[2026-06-28T11:47:59.477+0000] {processor.py:183} INFO - Processing /home/airflow/.local/lib/python3.12/site-packages/airflow/example_dags/tutorial_dag.py took 0.201 seconds
[2026-06-28T11:48:29.583+0000] {processor.py:161} INFO - Started process (PID=4030) to work on /home/airflow/.local/lib/python3.12/site-packages/airflow/example_dags/tutorial_dag.py
[2026-06-28T11:48:29.584+0000] {processor.py:830} INFO - Processing file /home/airflow/.local/lib/python3.12/site-packages/airflow/example_dags/tutorial_dag.py for tasks to queue
[2026-06-28T11:48:29.585+0000] {logging_mixin.py:188} INFO - [2026-06-28T11:48:29.585+0000] {dagbag.py:545} INFO - Filling up the DagBag from /home/airflow/.local/lib/python3.12/site-packages/airflow/example_dags/tutorial_dag.py
[2026-06-28T11:48:29.590+0000] {processor.py:840} INFO - DAG(s) 'tutorial_dag' retrieved from /home/airflow/.local/lib/python3.12/site-packages/airflow/example_dags/tutorial_dag.py
[2026-06-28T11:48:29.609+0000] {logging_mixin.py:188} INFO - [2026-06-28T11:48:29.609+0000] {dag.py:3096} INFO - Sync 1 DAGs
[2026-06-28T11:48:29.621+0000] {logging_mixin.py:188} INFO - [2026-06-28T11:48:29.621+0000] {dag.py:3954} INFO - Setting next_dagrun for tutorial_dag to None, run_after=None
[2026-06-28T11:48:29.637+0000] {processor.py:183} INFO - Processing /home/airflow/.local/lib/python3.12/site-packages/airflow/example_dags/tutorial_dag.py took 0.060 seconds
[2026-06-28T11:48:59.952+0000] {processor.py:161} INFO - Started process (PID=4089) to work on /home/airflow/.local/lib/python3.12/site-packages/airflow/example_dags/tutorial_dag.py
[2026-06-28T11:48:59.953+0000] {processor.py:830} INFO - Processing file /home/airflow/.local/lib/python3.12/site-packages/airflow/example_dags/tutorial_dag.py for tasks to queue
[2026-06-28T11:48:59.955+0000] {logging_mixin.py:188} INFO - [2026-06-28T11:48:59.954+0000] {dagbag.py:545} INFO - Filling up the DagBag from /home/airflow/.local/lib/python3.12/site-packages/airflow/example_dags/tutorial_dag.py
[2026-06-28T11:48:59.962+0000] {processor.py:840} INFO - DAG(s) 'tutorial_dag' retrieved from /home/airflow/.local/lib/python3.12/site-packages/airflow/example_dags/tutorial_dag.py
[2026-06-28T11:48:59.988+0000] {logging_mixin.py:188} INFO - [2026-06-28T11:48:59.988+0000] {dag.py:3096} INFO - Sync 1 DAGs
[2026-06-28T11:49:00.006+0000] {logging_mixin.py:188} INFO - [2026-06-28T11:49:00.006+0000] {dag.py:3954} INFO - Setting next_dagrun for tutorial_dag to None, run_after=None
[2026-06-28T11:49:00.027+0000] {processor.py:183} INFO - Processing /home/airflow/.local/lib/python3.12/site-packages/airflow/example_dags/tutorial_dag.py took 0.082 seconds
[2026-06-28T11:49:30.262+0000] {processor.py:161} INFO - Started process (PID=4147) to work on /home/airflow/.local/lib/python3.12/site-packages/airflow/example_dags/tutorial_dag.py
[2026-06-28T11:49:30.264+0000] {processor.py:830} INFO - Processing file /home/airflow/.local/lib/python3.12/site-packages/airflow/example_dags/tutorial_dag.py for tasks to queue
[2026-06-28T11:49:30.266+0000] {logging_mixin.py:188} INFO - [2026-06-28T11:49:30.265+0000] {dagbag.py:545} INFO - Filling up the DagBag from /home/airflow/.local/lib/python3.12/site-packages/airflow/example_dags/tutorial_dag.py
[2026-06-28T11:49:30.273+0000] {processor.py:840} INFO - DAG(s) 'tutorial_dag' retrieved from /home/airflow/.local/lib/python3.12/site-packages/airflow/example_dags/tutorial_dag.py
[2026-06-28T11:49:30.298+0000] {logging_mixin.py:188} INFO - [2026-06-28T11:49:30.298+0000] {dag.py:3096} INFO - Sync 1 DAGs
[2026-06-28T11:49:30.316+0000] {logging_mixin.py:188} INFO - [2026-06-28T11:49:30.315+0000] {dag.py:3954} INFO - Setting next_dagrun for tutorial_dag to None, run_after=None
[2026-06-28T11:49:30.338+0000] {processor.py:183} INFO - Processing /home/airflow/.local/lib/python3.12/site-packages/airflow/example_dags/tutorial_dag.py took 0.082 seconds
[2026-06-28T11:50:00.728+0000] {processor.py:161} INFO - Started process (PID=4206) to work on /home/airflow/.local/lib/python3.12/site-packages/airflow/example_dags/tutorial_dag.py
[2026-06-28T11:50:00.729+0000] {processor.py:830} INFO - Processing file /home/airflow/.local/lib/python3.12/site-packages/airflow/example_dags/tutorial_dag.py for tasks to queue
[2026-06-28T11:50:00.731+0000] {logging_mixin.py:188} INFO - [2026-06-28T11:50:00.730+0000] {dagbag.py:545} INFO - Filling up the DagBag from /home/airflow/.local/lib/python3.12/site-packages/airflow/example_dags/tutorial_dag.py
[2026-06-28T11:50:00.738+0000] {processor.py:840} INFO - DAG(s) 'tutorial_dag' retrieved from /home/airflow/.local/lib/python3.12/site-packages/airflow/example_dags/tutorial_dag.py
[2026-06-28T11:50:00.767+0000] {logging_mixin.py:188} INFO - [2026-06-28T11:50:00.766+0000] {dag.py:3096} INFO - Sync 1 DAGs
[2026-06-28T11:50:00.785+0000] {logging_mixin.py:188} INFO - [2026-06-28T11:50:00.785+0000] {dag.py:3954} INFO - Setting next_dagrun for tutorial_dag to None, run_after=None
[2026-06-28T11:50:00.813+0000] {processor.py:183} INFO - Processing /home/airflow/.local/lib/python3.12/site-packages/airflow/example_dags/tutorial_dag.py took 0.092 seconds
[2026-06-28T11:50:31.368+0000] {processor.py:161} INFO - Started process (PID=4265) to work on /home/airflow/.local/lib/python3.12/site-packages/airflow/example_dags/tutorial_dag.py
[2026-06-28T11:50:31.371+0000] {processor.py:830} INFO - Processing file /home/airflow/.local/lib/python3.12/site-packages/airflow/example_dags/tutorial_dag.py for tasks to queue
[2026-06-28T11:50:31.374+0000] {logging_mixin.py:188} INFO - [2026-06-28T11:50:31.374+0000] {dagbag.py:545} INFO - Filling up the DagBag from /home/airflow/.local/lib/python3.12/site-packages/airflow/example_dags/tutorial_dag.py
[2026-06-28T11:50:31.381+0000] {processor.py:840} INFO - DAG(s) 'tutorial_dag' retrieved from /home/airflow/.local/lib/python3.12/site-packages/airflow/example_dags/tutorial_dag.py
[2026-06-28T11:50:31.406+0000] {logging_mixin.py:188} INFO - [2026-06-28T11:50:31.406+0000] {dag.py:3096} INFO - Sync 1 DAGs
[2026-06-28T11:50:31.423+0000] {logging_mixin.py:188} INFO - [2026-06-28T11:50:31.423+0000] {dag.py:3954} INFO - Setting next_dagrun for tutorial_dag to None, run_after=None
[2026-06-28T11:50:31.445+0000] {processor.py:183} INFO - Processing /home/airflow/.local/lib/python3.12/site-packages/airflow/example_dags/tutorial_dag.py took 0.086 seconds
[2026-06-28T11:51:02.249+0000] {processor.py:161} INFO - Started process (PID=4323) to work on /home/airflow/.local/lib/python3.12/site-packages/airflow/example_dags/tutorial_dag.py
[2026-06-28T11:51:02.250+0000] {processor.py:830} INFO - Processing file /home/airflow/.local/lib/python3.12/site-packages/airflow/example_dags/tutorial_dag.py for tasks to queue
[2026-06-28T11:51:02.252+0000] {logging_mixin.py:188} INFO - [2026-06-28T11:51:02.252+0000] {dagbag.py:545} INFO - Filling up the DagBag from /home/airflow/.local/lib/python3.12/site-packages/airflow/example_dags/tutorial_dag.py
[2026-06-28T11:51:02.259+0000] {processor.py:840} INFO - DAG(s) 'tutorial_dag' retrieved from /home/airflow/.local/lib/python3.12/site-packages/airflow/example_dags/tutorial_dag.py
[2026-06-28T11:51:02.284+0000] {logging_mixin.py:188} INFO - [2026-06-28T11:51:02.284+0000] {dag.py:3096} INFO - Sync 1 DAGs
[2026-06-28T11:51:02.301+0000] {logging_mixin.py:188} INFO - [2026-06-28T11:51:02.301+0000] {dag.py:3954} INFO - Setting next_dagrun for tutorial_dag to None, run_after=None
[2026-06-28T11:51:02.324+0000] {processor.py:183} INFO - Processing /home/airflow/.local/lib/python3.12/site-packages/airflow/example_dags/tutorial_dag.py took 0.082 seconds
[2026-06-28T11:51:32.597+0000] {processor.py:161} INFO - Started process (PID=4382) to work on /home/airflow/.local/lib/python3.12/site-packages/airflow/example_dags/tutorial_dag.py
[2026-06-28T11:51:32.598+0000] {processor.py:830} INFO - Processing file /home/airflow/.local/lib/python3.12/site-packages/airflow/example_dags/tutorial_dag.py for tasks to queue
[2026-06-28T11:51:32.601+0000] {logging_mixin.py:188} INFO - [2026-06-28T11:51:32.600+0000] {dagbag.py:545} INFO - Filling up the DagBag from /home/airflow/.local/lib/python3.12/site-packages/airflow/example_dags/tutorial_dag.py
[2026-06-28T11:51:32.607+0000] {processor.py:840} INFO - DAG(s) 'tutorial_dag' retrieved from /home/airflow/.local/lib/python3.12/site-packages/airflow/example_dags/tutorial_dag.py
[2026-06-28T11:51:32.633+0000] {logging_mixin.py:188} INFO - [2026-06-28T11:51:32.633+0000] {dag.py:3096} INFO - Sync 1 DAGs
[2026-06-28T11:51:32.653+0000] {logging_mixin.py:188} INFO - [2026-06-28T11:51:32.653+0000] {dag.py:3954} INFO - Setting next_dagrun for tutorial_dag to None, run_after=None
[2026-06-28T11:51:32.679+0000] {processor.py:183} INFO - Processing /home/airflow/.local/lib/python3.12/site-packages/airflow/example_dags/tutorial_dag.py took 0.089 seconds
[2026-06-28T11:52:03.205+0000] {processor.py:161} INFO - Started process (PID=4441) to work on /home/airflow/.local/lib/python3.12/site-packages/airflow/example_dags/tutorial_dag.py
[2026-06-28T11:52:03.209+0000] {processor.py:830} INFO - Processing file /home/airflow/.local/lib/python3.12/site-packages/airflow/example_dags/tutorial_dag.py for tasks to queue
[2026-06-28T11:52:03.221+0000] {logging_mixin.py:188} INFO - [2026-06-28T11:52:03.215+0000] {dagbag.py:545} INFO - Filling up the DagBag from /home/airflow/.local/lib/python3.12/site-packages/airflow/example_dags/tutorial_dag.py
[2026-06-28T11:52:03.261+0000] {processor.py:840} INFO - DAG(s) 'tutorial_dag' retrieved from /home/airflow/.local/lib/python3.12/site-packages/airflow/example_dags/tutorial_dag.py
[2026-06-28T11:52:03.338+0000] {logging_mixin.py:188} INFO - [2026-06-28T11:52:03.337+0000] {dag.py:3096} INFO - Sync 1 DAGs
[2026-06-28T11:52:03.367+0000] {logging_mixin.py:188} INFO - [2026-06-28T11:52:03.367+0000] {dag.py:3954} INFO - Setting next_dagrun for tutorial_dag to None, run_after=None
[2026-06-28T11:52:03.389+0000] {processor.py:183} INFO - Processing /home/airflow/.local/lib/python3.12/site-packages/airflow/example_dags/tutorial_dag.py took 0.210 seconds
[2026-06-28T11:58:42.197+0000] {processor.py:161} INFO - Started process (PID=126) to work on /home/airflow/.local/lib/python3.12/site-packages/airflow/example_dags/tutorial_dag.py
[2026-06-28T11:58:42.299+0000] {processor.py:830} INFO - Processing file /home/airflow/.local/lib/python3.12/site-packages/airflow/example_dags/tutorial_dag.py for tasks to queue
[2026-06-28T11:58:42.304+0000] {logging_mixin.py:188} INFO - [2026-06-28T11:58:42.303+0000] {dagbag.py:545} INFO - Filling up the DagBag from /home/airflow/.local/lib/python3.12/site-packages/airflow/example_dags/tutorial_dag.py
[2026-06-28T11:58:42.310+0000] {processor.py:840} INFO - DAG(s) 'tutorial_dag' retrieved from /home/airflow/.local/lib/python3.12/site-packages/airflow/example_dags/tutorial_dag.py
[2026-06-28T11:58:42.382+0000] {logging_mixin.py:188} INFO - [2026-06-28T11:58:42.382+0000] {dag.py:3096} INFO - Sync 1 DAGs
[2026-06-28T11:58:42.422+0000] {logging_mixin.py:188} INFO - [2026-06-28T11:58:42.421+0000] {dag.py:3954} INFO - Setting next_dagrun for tutorial_dag to None, run_after=None
[2026-06-28T11:58:42.536+0000] {processor.py:183} INFO - Processing /home/airflow/.local/lib/python3.12/site-packages/airflow/example_dags/tutorial_dag.py took 0.412 seconds
[2026-06-28T11:59:13.180+0000] {processor.py:161} INFO - Started process (PID=184) to work on /home/airflow/.local/lib/python3.12/site-packages/airflow/example_dags/tutorial_dag.py
[2026-06-28T11:59:13.181+0000] {processor.py:830} INFO - Processing file /home/airflow/.local/lib/python3.12/site-packages/airflow/example_dags/tutorial_dag.py for tasks to queue
[2026-06-28T11:59:13.183+0000] {logging_mixin.py:188} INFO - [2026-06-28T11:59:13.183+0000] {dagbag.py:545} INFO - Filling up the DagBag from /home/airflow/.local/lib/python3.12/site-packages/airflow/example_dags/tutorial_dag.py
[2026-06-28T11:59:13.190+0000] {processor.py:840} INFO - DAG(s) 'tutorial_dag' retrieved from /home/airflow/.local/lib/python3.12/site-packages/airflow/example_dags/tutorial_dag.py
[2026-06-28T11:59:13.218+0000] {logging_mixin.py:188} INFO - [2026-06-28T11:59:13.217+0000] {dag.py:3096} INFO - Sync 1 DAGs
[2026-06-28T11:59:13.236+0000] {logging_mixin.py:188} INFO - [2026-06-28T11:59:13.236+0000] {dag.py:3954} INFO - Setting next_dagrun for tutorial_dag to None, run_after=None
[2026-06-28T11:59:13.267+0000] {processor.py:183} INFO - Processing /home/airflow/.local/lib/python3.12/site-packages/airflow/example_dags/tutorial_dag.py took 0.094 seconds
[2026-06-28T11:59:43.469+0000] {processor.py:161} INFO - Started process (PID=243) to work on /home/airflow/.local/lib/python3.12/site-packages/airflow/example_dags/tutorial_dag.py
[2026-06-28T11:59:43.470+0000] {processor.py:830} INFO - Processing file /home/airflow/.local/lib/python3.12/site-packages/airflow/example_dags/tutorial_dag.py for tasks to queue
[2026-06-28T11:59:43.472+0000] {logging_mixin.py:188} INFO - [2026-06-28T11:59:43.472+0000] {dagbag.py:545} INFO - Filling up the DagBag from /home/airflow/.local/lib/python3.12/site-packages/airflow/example_dags/tutorial_dag.py
[2026-06-28T11:59:43.478+0000] {processor.py:840} INFO - DAG(s) 'tutorial_dag' retrieved from /home/airflow/.local/lib/python3.12/site-packages/airflow/example_dags/tutorial_dag.py
[2026-06-28T11:59:43.504+0000] {logging_mixin.py:188} INFO - [2026-06-28T11:59:43.504+0000] {dag.py:3096} INFO - Sync 1 DAGs
[2026-06-28T11:59:43.524+0000] {logging_mixin.py:188} INFO - [2026-06-28T11:59:43.523+0000] {dag.py:3954} INFO - Setting next_dagrun for tutorial_dag to None, run_after=None
[2026-06-28T11:59:43.559+0000] {processor.py:183} INFO - Processing /home/airflow/.local/lib/python3.12/site-packages/airflow/example_dags/tutorial_dag.py took 0.097 seconds
[2026-06-28T12:00:15.393+0000] {processor.py:161} INFO - Started process (PID=301) to work on /home/airflow/.local/lib/python3.12/site-packages/airflow/example_dags/tutorial_dag.py
[2026-06-28T12:00:15.394+0000] {processor.py:830} INFO - Processing file /home/airflow/.local/lib/python3.12/site-packages/airflow/example_dags/tutorial_dag.py for tasks to queue
[2026-06-28T12:00:15.396+0000] {logging_mixin.py:188} INFO - [2026-06-28T12:00:15.395+0000] {dagbag.py:545} INFO - Filling up the DagBag from /home/airflow/.local/lib/python3.12/site-packages/airflow/example_dags/tutorial_dag.py
[2026-06-28T12:00:15.402+0000] {processor.py:840} INFO - DAG(s) 'tutorial_dag' retrieved from /home/airflow/.local/lib/python3.12/site-packages/airflow/example_dags/tutorial_dag.py
[2026-06-28T12:00:15.426+0000] {logging_mixin.py:188} INFO - [2026-06-28T12:00:15.426+0000] {dag.py:3096} INFO - Sync 1 DAGs
[2026-06-28T12:00:15.443+0000] {logging_mixin.py:188} INFO - [2026-06-28T12:00:15.442+0000] {dag.py:3954} INFO - Setting next_dagrun for tutorial_dag to None, run_after=None
[2026-06-28T12:00:15.464+0000] {processor.py:183} INFO - Processing /home/airflow/.local/lib/python3.12/site-packages/airflow/example_dags/tutorial_dag.py took 0.079 seconds
[2026-06-28T12:00:47.402+0000] {processor.py:161} INFO - Started process (PID=360) to work on /home/airflow/.local/lib/python3.12/site-packages/airflow/example_dags/tutorial_dag.py
[2026-06-28T12:00:47.408+0000] {processor.py:830} INFO - Processing file /home/airflow/.local/lib/python3.12/site-packages/airflow/example_dags/tutorial_dag.py for tasks to queue
[2026-06-28T12:00:47.415+0000] {logging_mixin.py:188} INFO - [2026-06-28T12:00:47.414+0000] {dagbag.py:545} INFO - Filling up the DagBag from /home/airflow/.local/lib/python3.12/site-packages/airflow/example_dags/tutorial_dag.py
[2026-06-28T12:00:47.435+0000] {processor.py:840} INFO - DAG(s) 'tutorial_dag' retrieved from /home/airflow/.local/lib/python3.12/site-packages/airflow/example_dags/tutorial_dag.py
[2026-06-28T12:00:47.498+0000] {logging_mixin.py:188} INFO - [2026-06-28T12:00:47.497+0000] {dag.py:3096} INFO - Sync 1 DAGs
[2026-06-28T12:00:47.553+0000] {logging_mixin.py:188} INFO - [2026-06-28T12:00:47.553+0000] {dag.py:3954} INFO - Setting next_dagrun for tutorial_dag to None, run_after=None
[2026-06-28T12:00:47.627+0000] {processor.py:183} INFO - Processing /home/airflow/.local/lib/python3.12/site-packages/airflow/example_dags/tutorial_dag.py took 0.251 seconds
[2026-06-28T12:01:18.485+0000] {processor.py:161} INFO - Started process (PID=419) to work on /home/airflow/.local/lib/python3.12/site-packages/airflow/example_dags/tutorial_dag.py
[2026-06-28T12:01:18.486+0000] {processor.py:830} INFO - Processing file /home/airflow/.local/lib/python3.12/site-packages/airflow/example_dags/tutorial_dag.py for tasks to queue
[2026-06-28T12:01:18.489+0000] {logging_mixin.py:188} INFO - [2026-06-28T12:01:18.489+0000] {dagbag.py:545} INFO - Filling up the DagBag from /home/airflow/.local/lib/python3.12/site-packages/airflow/example_dags/tutorial_dag.py
[2026-06-28T12:01:18.497+0000] {processor.py:840} INFO - DAG(s) 'tutorial_dag' retrieved from /home/airflow/.local/lib/python3.12/site-packages/airflow/example_dags/tutorial_dag.py
[2026-06-28T12:01:18.521+0000] {logging_mixin.py:188} INFO - [2026-06-28T12:01:18.521+0000] {dag.py:3096} INFO - Sync 1 DAGs
[2026-06-28T12:01:18.532+0000] {logging_mixin.py:188} INFO - [2026-06-28T12:01:18.532+0000] {dag.py:3954} INFO - Setting next_dagrun for tutorial_dag to None, run_after=None
[2026-06-28T12:01:18.548+0000] {processor.py:183} INFO - Processing /home/airflow/.local/lib/python3.12/site-packages/airflow/example_dags/tutorial_dag.py took 0.073 seconds
[2026-06-28T12:01:48.951+0000] {processor.py:161} INFO - Started process (PID=478) to work on /home/airflow/.local/lib/python3.12/site-packages/airflow/example_dags/tutorial_dag.py
[2026-06-28T12:01:48.952+0000] {processor.py:830} INFO - Processing file /home/airflow/.local/lib/python3.12/site-packages/airflow/example_dags/tutorial_dag.py for tasks to queue
[2026-06-28T12:01:48.953+0000] {logging_mixin.py:188} INFO - [2026-06-28T12:01:48.953+0000] {dagbag.py:545} INFO - Filling up the DagBag from /home/airflow/.local/lib/python3.12/site-packages/airflow/example_dags/tutorial_dag.py
[2026-06-28T12:01:48.958+0000] {processor.py:840} INFO - DAG(s) 'tutorial_dag' retrieved from /home/airflow/.local/lib/python3.12/site-packages/airflow/example_dags/tutorial_dag.py
[2026-06-28T12:01:48.976+0000] {logging_mixin.py:188} INFO - [2026-06-28T12:01:48.975+0000] {dag.py:3096} INFO - Sync 1 DAGs
[2026-06-28T12:01:48.987+0000] {logging_mixin.py:188} INFO - [2026-06-28T12:01:48.987+0000] {dag.py:3954} INFO - Setting next_dagrun for tutorial_dag to None, run_after=None
[2026-06-28T12:01:49.003+0000] {processor.py:183} INFO - Processing /home/airflow/.local/lib/python3.12/site-packages/airflow/example_dags/tutorial_dag.py took 0.057 seconds
[2026-06-28T12:02:19.153+0000] {processor.py:161} INFO - Started process (PID=537) to work on /home/airflow/.local/lib/python3.12/site-packages/airflow/example_dags/tutorial_dag.py
[2026-06-28T12:02:19.154+0000] {processor.py:830} INFO - Processing file /home/airflow/.local/lib/python3.12/site-packages/airflow/example_dags/tutorial_dag.py for tasks to queue
[2026-06-28T12:02:19.155+0000] {logging_mixin.py:188} INFO - [2026-06-28T12:02:19.155+0000] {dagbag.py:545} INFO - Filling up the DagBag from /home/airflow/.local/lib/python3.12/site-packages/airflow/example_dags/tutorial_dag.py
[2026-06-28T12:02:19.160+0000] {processor.py:840} INFO - DAG(s) 'tutorial_dag' retrieved from /home/airflow/.local/lib/python3.12/site-packages/airflow/example_dags/tutorial_dag.py
[2026-06-28T12:02:19.177+0000] {logging_mixin.py:188} INFO - [2026-06-28T12:02:19.177+0000] {dag.py:3096} INFO - Sync 1 DAGs
[2026-06-28T12:02:19.188+0000] {logging_mixin.py:188} INFO - [2026-06-28T12:02:19.188+0000] {dag.py:3954} INFO - Setting next_dagrun for tutorial_dag to None, run_after=None
[2026-06-28T12:02:19.204+0000] {processor.py:183} INFO - Processing /home/airflow/.local/lib/python3.12/site-packages/airflow/example_dags/tutorial_dag.py took 0.056 seconds
[2026-06-28T12:02:50.124+0000] {processor.py:161} INFO - Started process (PID=596) to work on /home/airflow/.local/lib/python3.12/site-packages/airflow/example_dags/tutorial_dag.py
[2026-06-28T12:02:50.125+0000] {processor.py:830} INFO - Processing file /home/airflow/.local/lib/python3.12/site-packages/airflow/example_dags/tutorial_dag.py for tasks to queue
[2026-06-28T12:02:50.127+0000] {logging_mixin.py:188} INFO - [2026-06-28T12:02:50.127+0000] {dagbag.py:545} INFO - Filling up the DagBag from /home/airflow/.local/lib/python3.12/site-packages/airflow/example_dags/tutorial_dag.py
[2026-06-28T12:02:50.134+0000] {processor.py:840} INFO - DAG(s) 'tutorial_dag' retrieved from /home/airflow/.local/lib/python3.12/site-packages/airflow/example_dags/tutorial_dag.py
[2026-06-28T12:02:50.157+0000] {logging_mixin.py:188} INFO - [2026-06-28T12:02:50.156+0000] {dag.py:3096} INFO - Sync 1 DAGs
[2026-06-28T12:02:50.174+0000] {logging_mixin.py:188} INFO - [2026-06-28T12:02:50.173+0000] {dag.py:3954} INFO - Setting next_dagrun for tutorial_dag to None, run_after=None
[2026-06-28T12:02:50.196+0000] {processor.py:183} INFO - Processing /home/airflow/.local/lib/python3.12/site-packages/airflow/example_dags/tutorial_dag.py took 0.078 seconds
[2026-06-28T12:03:20.356+0000] {processor.py:161} INFO - Started process (PID=655) to work on /home/airflow/.local/lib/python3.12/site-packages/airflow/example_dags/tutorial_dag.py
[2026-06-28T12:03:20.357+0000] {processor.py:830} INFO - Processing file /home/airflow/.local/lib/python3.12/site-packages/airflow/example_dags/tutorial_dag.py for tasks to queue
[2026-06-28T12:03:20.359+0000] {logging_mixin.py:188} INFO - [2026-06-28T12:03:20.359+0000] {dagbag.py:545} INFO - Filling up the DagBag from /home/airflow/.local/lib/python3.12/site-packages/airflow/example_dags/tutorial_dag.py
[2026-06-28T12:03:20.368+0000] {processor.py:840} INFO - DAG(s) 'tutorial_dag' retrieved from /home/airflow/.local/lib/python3.12/site-packages/airflow/example_dags/tutorial_dag.py
[2026-06-28T12:03:20.402+0000] {logging_mixin.py:188} INFO - [2026-06-28T12:03:20.401+0000] {dag.py:3096} INFO - Sync 1 DAGs
[2026-06-28T12:03:20.416+0000] {logging_mixin.py:188} INFO - [2026-06-28T12:03:20.415+0000] {dag.py:3954} INFO - Setting next_dagrun for tutorial_dag to None, run_after=None
[2026-06-28T12:03:20.432+0000] {processor.py:183} INFO - Processing /home/airflow/.local/lib/python3.12/site-packages/airflow/example_dags/tutorial_dag.py took 0.084 seconds
[2026-06-28T12:03:51.216+0000] {processor.py:161} INFO - Started process (PID=714) to work on /home/airflow/.local/lib/python3.12/site-packages/airflow/example_dags/tutorial_dag.py
[2026-06-28T12:03:51.217+0000] {processor.py:830} INFO - Processing file /home/airflow/.local/lib/python3.12/site-packages/airflow/example_dags/tutorial_dag.py for tasks to queue
[2026-06-28T12:03:51.218+0000] {logging_mixin.py:188} INFO - [2026-06-28T12:03:51.218+0000] {dagbag.py:545} INFO - Filling up the DagBag from /home/airflow/.local/lib/python3.12/site-packages/airflow/example_dags/tutorial_dag.py
[2026-06-28T12:03:51.223+0000] {processor.py:840} INFO - DAG(s) 'tutorial_dag' retrieved from /home/airflow/.local/lib/python3.12/site-packages/airflow/example_dags/tutorial_dag.py
[2026-06-28T12:03:51.242+0000] {logging_mixin.py:188} INFO - [2026-06-28T12:03:51.242+0000] {dag.py:3096} INFO - Sync 1 DAGs
[2026-06-28T12:03:51.254+0000] {logging_mixin.py:188} INFO - [2026-06-28T12:03:51.253+0000] {dag.py:3954} INFO - Setting next_dagrun for tutorial_dag to None, run_after=None
[2026-06-28T12:03:51.270+0000] {processor.py:183} INFO - Processing /home/airflow/.local/lib/python3.12/site-packages/airflow/example_dags/tutorial_dag.py took 0.060 seconds
[2026-06-28T12:04:22.371+0000] {processor.py:161} INFO - Started process (PID=773) to work on /home/airflow/.local/lib/python3.12/site-packages/airflow/example_dags/tutorial_dag.py
[2026-06-28T12:04:22.372+0000] {processor.py:830} INFO - Processing file /home/airflow/.local/lib/python3.12/site-packages/airflow/example_dags/tutorial_dag.py for tasks to queue
[2026-06-28T12:04:22.374+0000] {logging_mixin.py:188} INFO - [2026-06-28T12:04:22.374+0000] {dagbag.py:545} INFO - Filling up the DagBag from /home/airflow/.local/lib/python3.12/site-packages/airflow/example_dags/tutorial_dag.py
[2026-06-28T12:04:22.381+0000] {processor.py:840} INFO - DAG(s) 'tutorial_dag' retrieved from /home/airflow/.local/lib/python3.12/site-packages/airflow/example_dags/tutorial_dag.py
[2026-06-28T12:04:22.405+0000] {logging_mixin.py:188} INFO - [2026-06-28T12:04:22.405+0000] {dag.py:3096} INFO - Sync 1 DAGs
[2026-06-28T12:04:22.421+0000] {logging_mixin.py:188} INFO - [2026-06-28T12:04:22.421+0000] {dag.py:3954} INFO - Setting next_dagrun for tutorial_dag to None, run_after=None
[2026-06-28T12:04:22.442+0000] {processor.py:183} INFO - Processing /home/airflow/.local/lib/python3.12/site-packages/airflow/example_dags/tutorial_dag.py took 0.079 seconds
[2026-06-28T12:07:45.031+0000] {processor.py:161} INFO - Started process (PID=138) to work on /home/airflow/.local/lib/python3.12/site-packages/airflow/example_dags/tutorial_dag.py
[2026-06-28T12:07:45.036+0000] {processor.py:830} INFO - Processing file /home/airflow/.local/lib/python3.12/site-packages/airflow/example_dags/tutorial_dag.py for tasks to queue
[2026-06-28T12:07:45.043+0000] {logging_mixin.py:188} INFO - [2026-06-28T12:07:45.042+0000] {dagbag.py:545} INFO - Filling up the DagBag from /home/airflow/.local/lib/python3.12/site-packages/airflow/example_dags/tutorial_dag.py
[2026-06-28T12:07:45.062+0000] {processor.py:840} INFO - DAG(s) 'tutorial_dag' retrieved from /home/airflow/.local/lib/python3.12/site-packages/airflow/example_dags/tutorial_dag.py
[2026-06-28T12:07:45.502+0000] {logging_mixin.py:188} INFO - [2026-06-28T12:07:45.500+0000] {dag.py:3096} INFO - Sync 1 DAGs
[2026-06-28T12:07:45.630+0000] {logging_mixin.py:188} INFO - [2026-06-28T12:07:45.625+0000] {dag.py:3954} INFO - Setting next_dagrun for tutorial_dag to None, run_after=None
[2026-06-28T12:07:45.738+0000] {processor.py:183} INFO - Processing /home/airflow/.local/lib/python3.12/site-packages/airflow/example_dags/tutorial_dag.py took 0.725 seconds
[2026-06-28T12:08:17.384+0000] {processor.py:161} INFO - Started process (PID=196) to work on /home/airflow/.local/lib/python3.12/site-packages/airflow/example_dags/tutorial_dag.py
[2026-06-28T12:08:17.404+0000] {processor.py:830} INFO - Processing file /home/airflow/.local/lib/python3.12/site-packages/airflow/example_dags/tutorial_dag.py for tasks to queue
[2026-06-28T12:08:17.407+0000] {logging_mixin.py:188} INFO - [2026-06-28T12:08:17.406+0000] {dagbag.py:545} INFO - Filling up the DagBag from /home/airflow/.local/lib/python3.12/site-packages/airflow/example_dags/tutorial_dag.py
[2026-06-28T12:08:17.420+0000] {processor.py:840} INFO - DAG(s) 'tutorial_dag' retrieved from /home/airflow/.local/lib/python3.12/site-packages/airflow/example_dags/tutorial_dag.py
[2026-06-28T12:08:17.508+0000] {logging_mixin.py:188} INFO - [2026-06-28T12:08:17.507+0000] {dag.py:3096} INFO - Sync 1 DAGs
[2026-06-28T12:08:17.541+0000] {logging_mixin.py:188} INFO - [2026-06-28T12:08:17.541+0000] {dag.py:3954} INFO - Setting next_dagrun for tutorial_dag to None, run_after=None
[2026-06-28T12:08:17.594+0000] {processor.py:183} INFO - Processing /home/airflow/.local/lib/python3.12/site-packages/airflow/example_dags/tutorial_dag.py took 0.246 seconds
[2026-06-28T12:08:48.695+0000] {processor.py:161} INFO - Started process (PID=254) to work on /home/airflow/.local/lib/python3.12/site-packages/airflow/example_dags/tutorial_dag.py
[2026-06-28T12:08:48.704+0000] {processor.py:830} INFO - Processing file /home/airflow/.local/lib/python3.12/site-packages/airflow/example_dags/tutorial_dag.py for tasks to queue
[2026-06-28T12:08:48.710+0000] {logging_mixin.py:188} INFO - [2026-06-28T12:08:48.709+0000] {dagbag.py:545} INFO - Filling up the DagBag from /home/airflow/.local/lib/python3.12/site-packages/airflow/example_dags/tutorial_dag.py
[2026-06-28T12:08:48.732+0000] {processor.py:840} INFO - DAG(s) 'tutorial_dag' retrieved from /home/airflow/.local/lib/python3.12/site-packages/airflow/example_dags/tutorial_dag.py
[2026-06-28T12:08:48.958+0000] {logging_mixin.py:188} INFO - [2026-06-28T12:08:48.953+0000] {dag.py:3096} INFO - Sync 1 DAGs
[2026-06-28T12:08:49.092+0000] {logging_mixin.py:188} INFO - [2026-06-28T12:08:49.091+0000] {dag.py:3954} INFO - Setting next_dagrun for tutorial_dag to None, run_after=None
[2026-06-28T12:08:49.183+0000] {processor.py:183} INFO - Processing /home/airflow/.local/lib/python3.12/site-packages/airflow/example_dags/tutorial_dag.py took 0.517 seconds
[2026-06-28T12:11:56.462+0000] {processor.py:161} INFO - Started process (PID=132) to work on /home/airflow/.local/lib/python3.12/site-packages/airflow/example_dags/tutorial_dag.py
[2026-06-28T12:11:56.472+0000] {processor.py:830} INFO - Processing file /home/airflow/.local/lib/python3.12/site-packages/airflow/example_dags/tutorial_dag.py for tasks to queue
[2026-06-28T12:11:56.477+0000] {logging_mixin.py:188} INFO - [2026-06-28T12:11:56.476+0000] {dagbag.py:545} INFO - Filling up the DagBag from /home/airflow/.local/lib/python3.12/site-packages/airflow/example_dags/tutorial_dag.py
[2026-06-28T12:11:56.496+0000] {processor.py:840} INFO - DAG(s) 'tutorial_dag' retrieved from /home/airflow/.local/lib/python3.12/site-packages/airflow/example_dags/tutorial_dag.py
[2026-06-28T12:11:56.895+0000] {logging_mixin.py:188} INFO - [2026-06-28T12:11:56.894+0000] {dag.py:3096} INFO - Sync 1 DAGs
[2026-06-28T12:11:56.943+0000] {logging_mixin.py:188} INFO - [2026-06-28T12:11:56.942+0000] {dag.py:3954} INFO - Setting next_dagrun for tutorial_dag to None, run_after=None
[2026-06-28T12:11:57.058+0000] {processor.py:183} INFO - Processing /home/airflow/.local/lib/python3.12/site-packages/airflow/example_dags/tutorial_dag.py took 0.619 seconds
[2026-06-28T12:12:27.196+0000] {processor.py:161} INFO - Started process (PID=190) to work on /home/airflow/.local/lib/python3.12/site-packages/airflow/example_dags/tutorial_dag.py
[2026-06-28T12:12:27.204+0000] {processor.py:830} INFO - Processing file /home/airflow/.local/lib/python3.12/site-packages/airflow/example_dags/tutorial_dag.py for tasks to queue
[2026-06-28T12:12:27.208+0000] {logging_mixin.py:188} INFO - [2026-06-28T12:12:27.208+0000] {dagbag.py:545} INFO - Filling up the DagBag from /home/airflow/.local/lib/python3.12/site-packages/airflow/example_dags/tutorial_dag.py
[2026-06-28T12:12:27.226+0000] {processor.py:840} INFO - DAG(s) 'tutorial_dag' retrieved from /home/airflow/.local/lib/python3.12/site-packages/airflow/example_dags/tutorial_dag.py
[2026-06-28T12:12:27.263+0000] {logging_mixin.py:188} INFO - [2026-06-28T12:12:27.263+0000] {dag.py:3096} INFO - Sync 1 DAGs
[2026-06-28T12:12:27.283+0000] {logging_mixin.py:188} INFO - [2026-06-28T12:12:27.283+0000] {dag.py:3954} INFO - Setting next_dagrun for tutorial_dag to None, run_after=None
[2026-06-28T12:12:27.301+0000] {processor.py:183} INFO - Processing /home/airflow/.local/lib/python3.12/site-packages/airflow/example_dags/tutorial_dag.py took 0.114 seconds
[2026-06-28T12:12:58.594+0000] {processor.py:161} INFO - Started process (PID=249) to work on /home/airflow/.local/lib/python3.12/site-packages/airflow/example_dags/tutorial_dag.py
[2026-06-28T12:12:58.599+0000] {processor.py:830} INFO - Processing file /home/airflow/.local/lib/python3.12/site-packages/airflow/example_dags/tutorial_dag.py for tasks to queue
[2026-06-28T12:12:58.605+0000] {logging_mixin.py:188} INFO - [2026-06-28T12:12:58.604+0000] {dagbag.py:545} INFO - Filling up the DagBag from /home/airflow/.local/lib/python3.12/site-packages/airflow/example_dags/tutorial_dag.py
[2026-06-28T12:12:58.640+0000] {processor.py:840} INFO - DAG(s) 'tutorial_dag' retrieved from /home/airflow/.local/lib/python3.12/site-packages/airflow/example_dags/tutorial_dag.py
[2026-06-28T12:12:58.723+0000] {logging_mixin.py:188} INFO - [2026-06-28T12:12:58.723+0000] {dag.py:3096} INFO - Sync 1 DAGs
[2026-06-28T12:12:58.794+0000] {logging_mixin.py:188} INFO - [2026-06-28T12:12:58.792+0000] {dag.py:3954} INFO - Setting next_dagrun for tutorial_dag to None, run_after=None
[2026-06-28T12:12:58.908+0000] {processor.py:183} INFO - Processing /home/airflow/.local/lib/python3.12/site-packages/airflow/example_dags/tutorial_dag.py took 0.338 seconds
[2026-06-28T12:13:29.294+0000] {processor.py:161} INFO - Started process (PID=313) to work on /home/airflow/.local/lib/python3.12/site-packages/airflow/example_dags/tutorial_dag.py
[2026-06-28T12:13:29.295+0000] {processor.py:830} INFO - Processing file /home/airflow/.local/lib/python3.12/site-packages/airflow/example_dags/tutorial_dag.py for tasks to queue
[2026-06-28T12:13:29.297+0000] {logging_mixin.py:188} INFO - [2026-06-28T12:13:29.297+0000] {dagbag.py:545} INFO - Filling up the DagBag from /home/airflow/.local/lib/python3.12/site-packages/airflow/example_dags/tutorial_dag.py
[2026-06-28T12:13:29.304+0000] {processor.py:840} INFO - DAG(s) 'tutorial_dag' retrieved from /home/airflow/.local/lib/python3.12/site-packages/airflow/example_dags/tutorial_dag.py
[2026-06-28T12:13:29.329+0000] {logging_mixin.py:188} INFO - [2026-06-28T12:13:29.329+0000] {dag.py:3096} INFO - Sync 1 DAGs
[2026-06-28T12:13:29.361+0000] {logging_mixin.py:188} INFO - [2026-06-28T12:13:29.360+0000] {dag.py:3954} INFO - Setting next_dagrun for tutorial_dag to None, run_after=None
[2026-06-28T12:13:29.410+0000] {processor.py:183} INFO - Processing /home/airflow/.local/lib/python3.12/site-packages/airflow/example_dags/tutorial_dag.py took 0.123 seconds
[2026-06-28T12:13:59.866+0000] {processor.py:161} INFO - Started process (PID=372) to work on /home/airflow/.local/lib/python3.12/site-packages/airflow/example_dags/tutorial_dag.py
[2026-06-28T12:13:59.868+0000] {processor.py:830} INFO - Processing file /home/airflow/.local/lib/python3.12/site-packages/airflow/example_dags/tutorial_dag.py for tasks to queue
[2026-06-28T12:13:59.870+0000] {logging_mixin.py:188} INFO - [2026-06-28T12:13:59.869+0000] {dagbag.py:545} INFO - Filling up the DagBag from /home/airflow/.local/lib/python3.12/site-packages/airflow/example_dags/tutorial_dag.py
[2026-06-28T12:13:59.876+0000] {processor.py:840} INFO - DAG(s) 'tutorial_dag' retrieved from /home/airflow/.local/lib/python3.12/site-packages/airflow/example_dags/tutorial_dag.py
[2026-06-28T12:13:59.902+0000] {logging_mixin.py:188} INFO - [2026-06-28T12:13:59.902+0000] {dag.py:3096} INFO - Sync 1 DAGs
[2026-06-28T12:13:59.924+0000] {logging_mixin.py:188} INFO - [2026-06-28T12:13:59.924+0000] {dag.py:3954} INFO - Setting next_dagrun for tutorial_dag to None, run_after=None
[2026-06-28T12:13:59.944+0000] {processor.py:183} INFO - Processing /home/airflow/.local/lib/python3.12/site-packages/airflow/example_dags/tutorial_dag.py took 0.085 seconds
[2026-06-28T12:14:30.464+0000] {processor.py:161} INFO - Started process (PID=431) to work on /home/airflow/.local/lib/python3.12/site-packages/airflow/example_dags/tutorial_dag.py
[2026-06-28T12:14:30.465+0000] {processor.py:830} INFO - Processing file /home/airflow/.local/lib/python3.12/site-packages/airflow/example_dags/tutorial_dag.py for tasks to queue
[2026-06-28T12:14:30.467+0000] {logging_mixin.py:188} INFO - [2026-06-28T12:14:30.467+0000] {dagbag.py:545} INFO - Filling up the DagBag from /home/airflow/.local/lib/python3.12/site-packages/airflow/example_dags/tutorial_dag.py
[2026-06-28T12:14:30.474+0000] {processor.py:840} INFO - DAG(s) 'tutorial_dag' retrieved from /home/airflow/.local/lib/python3.12/site-packages/airflow/example_dags/tutorial_dag.py
[2026-06-28T12:14:30.499+0000] {logging_mixin.py:188} INFO - [2026-06-28T12:14:30.499+0000] {dag.py:3096} INFO - Sync 1 DAGs
[2026-06-28T12:14:30.518+0000] {logging_mixin.py:188} INFO - [2026-06-28T12:14:30.518+0000] {dag.py:3954} INFO - Setting next_dagrun for tutorial_dag to None, run_after=None
[2026-06-28T12:14:30.538+0000] {processor.py:183} INFO - Processing /home/airflow/.local/lib/python3.12/site-packages/airflow/example_dags/tutorial_dag.py took 0.082 seconds
[2026-06-28T12:15:00.779+0000] {processor.py:161} INFO - Started process (PID=490) to work on /home/airflow/.local/lib/python3.12/site-packages/airflow/example_dags/tutorial_dag.py
[2026-06-28T12:15:00.782+0000] {processor.py:830} INFO - Processing file /home/airflow/.local/lib/python3.12/site-packages/airflow/example_dags/tutorial_dag.py for tasks to queue
[2026-06-28T12:15:00.795+0000] {logging_mixin.py:188} INFO - [2026-06-28T12:15:00.794+0000] {dagbag.py:545} INFO - Filling up the DagBag from /home/airflow/.local/lib/python3.12/site-packages/airflow/example_dags/tutorial_dag.py
[2026-06-28T12:15:00.809+0000] {processor.py:840} INFO - DAG(s) 'tutorial_dag' retrieved from /home/airflow/.local/lib/python3.12/site-packages/airflow/example_dags/tutorial_dag.py
[2026-06-28T12:15:00.929+0000] {logging_mixin.py:188} INFO - [2026-06-28T12:15:00.929+0000] {dag.py:3096} INFO - Sync 1 DAGs
[2026-06-28T12:15:01.005+0000] {logging_mixin.py:188} INFO - [2026-06-28T12:15:01.005+0000] {dag.py:3954} INFO - Setting next_dagrun for tutorial_dag to None, run_after=None
[2026-06-28T12:15:01.030+0000] {processor.py:183} INFO - Processing /home/airflow/.local/lib/python3.12/site-packages/airflow/example_dags/tutorial_dag.py took 0.285 seconds
[2026-06-28T12:15:31.449+0000] {processor.py:161} INFO - Started process (PID=549) to work on /home/airflow/.local/lib/python3.12/site-packages/airflow/example_dags/tutorial_dag.py
[2026-06-28T12:15:31.450+0000] {processor.py:830} INFO - Processing file /home/airflow/.local/lib/python3.12/site-packages/airflow/example_dags/tutorial_dag.py for tasks to queue
[2026-06-28T12:15:31.452+0000] {logging_mixin.py:188} INFO - [2026-06-28T12:15:31.452+0000] {dagbag.py:545} INFO - Filling up the DagBag from /home/airflow/.local/lib/python3.12/site-packages/airflow/example_dags/tutorial_dag.py
[2026-06-28T12:15:31.459+0000] {processor.py:840} INFO - DAG(s) 'tutorial_dag' retrieved from /home/airflow/.local/lib/python3.12/site-packages/airflow/example_dags/tutorial_dag.py
[2026-06-28T12:15:31.485+0000] {logging_mixin.py:188} INFO - [2026-06-28T12:15:31.485+0000] {dag.py:3096} INFO - Sync 1 DAGs
[2026-06-28T12:15:31.503+0000] {logging_mixin.py:188} INFO - [2026-06-28T12:15:31.503+0000] {dag.py:3954} INFO - Setting next_dagrun for tutorial_dag to None, run_after=None
[2026-06-28T12:15:31.525+0000] {processor.py:183} INFO - Processing /home/airflow/.local/lib/python3.12/site-packages/airflow/example_dags/tutorial_dag.py took 0.083 seconds
[2026-06-28T12:16:02.912+0000] {processor.py:161} INFO - Started process (PID=608) to work on /home/airflow/.local/lib/python3.12/site-packages/airflow/example_dags/tutorial_dag.py
[2026-06-28T12:16:02.913+0000] {processor.py:830} INFO - Processing file /home/airflow/.local/lib/python3.12/site-packages/airflow/example_dags/tutorial_dag.py for tasks to queue
[2026-06-28T12:16:02.934+0000] {logging_mixin.py:188} INFO - [2026-06-28T12:16:02.933+0000] {dagbag.py:545} INFO - Filling up the DagBag from /home/airflow/.local/lib/python3.12/site-packages/airflow/example_dags/tutorial_dag.py
[2026-06-28T12:16:03.030+0000] {processor.py:840} INFO - DAG(s) 'tutorial_dag' retrieved from /home/airflow/.local/lib/python3.12/site-packages/airflow/example_dags/tutorial_dag.py
[2026-06-28T12:16:03.217+0000] {logging_mixin.py:188} INFO - [2026-06-28T12:16:03.216+0000] {dag.py:3096} INFO - Sync 1 DAGs
[2026-06-28T12:16:03.273+0000] {logging_mixin.py:188} INFO - [2026-06-28T12:16:03.273+0000] {dag.py:3954} INFO - Setting next_dagrun for tutorial_dag to None, run_after=None
[2026-06-28T12:16:03.327+0000] {processor.py:183} INFO - Processing /home/airflow/.local/lib/python3.12/site-packages/airflow/example_dags/tutorial_dag.py took 0.497 seconds
[2026-06-28T12:16:34.123+0000] {processor.py:161} INFO - Started process (PID=667) to work on /home/airflow/.local/lib/python3.12/site-packages/airflow/example_dags/tutorial_dag.py
[2026-06-28T12:16:34.126+0000] {processor.py:830} INFO - Processing file /home/airflow/.local/lib/python3.12/site-packages/airflow/example_dags/tutorial_dag.py for tasks to queue
[2026-06-28T12:16:34.130+0000] {logging_mixin.py:188} INFO - [2026-06-28T12:16:34.129+0000] {dagbag.py:545} INFO - Filling up the DagBag from /home/airflow/.local/lib/python3.12/site-packages/airflow/example_dags/tutorial_dag.py
[2026-06-28T12:16:34.138+0000] {processor.py:840} INFO - DAG(s) 'tutorial_dag' retrieved from /home/airflow/.local/lib/python3.12/site-packages/airflow/example_dags/tutorial_dag.py
[2026-06-28T12:16:34.167+0000] {logging_mixin.py:188} INFO - [2026-06-28T12:16:34.166+0000] {dag.py:3096} INFO - Sync 1 DAGs
[2026-06-28T12:16:34.185+0000] {logging_mixin.py:188} INFO - [2026-06-28T12:16:34.185+0000] {dag.py:3954} INFO - Setting next_dagrun for tutorial_dag to None, run_after=None
[2026-06-28T12:16:34.215+0000] {processor.py:183} INFO - Processing /home/airflow/.local/lib/python3.12/site-packages/airflow/example_dags/tutorial_dag.py took 0.112 seconds
[2026-06-28T12:17:04.504+0000] {processor.py:161} INFO - Started process (PID=726) to work on /home/airflow/.local/lib/python3.12/site-packages/airflow/example_dags/tutorial_dag.py
[2026-06-28T12:17:04.505+0000] {processor.py:830} INFO - Processing file /home/airflow/.local/lib/python3.12/site-packages/airflow/example_dags/tutorial_dag.py for tasks to queue
[2026-06-28T12:17:04.507+0000] {logging_mixin.py:188} INFO - [2026-06-28T12:17:04.507+0000] {dagbag.py:545} INFO - Filling up the DagBag from /home/airflow/.local/lib/python3.12/site-packages/airflow/example_dags/tutorial_dag.py
[2026-06-28T12:17:04.514+0000] {processor.py:840} INFO - DAG(s) 'tutorial_dag' retrieved from /home/airflow/.local/lib/python3.12/site-packages/airflow/example_dags/tutorial_dag.py
[2026-06-28T12:17:04.539+0000] {logging_mixin.py:188} INFO - [2026-06-28T12:17:04.539+0000] {dag.py:3096} INFO - Sync 1 DAGs
[2026-06-28T12:17:04.557+0000] {logging_mixin.py:188} INFO - [2026-06-28T12:17:04.557+0000] {dag.py:3954} INFO - Setting next_dagrun for tutorial_dag to None, run_after=None
[2026-06-28T12:17:04.579+0000] {processor.py:183} INFO - Processing /home/airflow/.local/lib/python3.12/site-packages/airflow/example_dags/tutorial_dag.py took 0.082 seconds
[2026-06-28T12:17:34.617+0000] {processor.py:161} INFO - Started process (PID=786) to work on /home/airflow/.local/lib/python3.12/site-packages/airflow/example_dags/tutorial_dag.py
[2026-06-28T12:17:34.617+0000] {processor.py:830} INFO - Processing file /home/airflow/.local/lib/python3.12/site-packages/airflow/example_dags/tutorial_dag.py for tasks to queue
[2026-06-28T12:17:34.619+0000] {logging_mixin.py:188} INFO - [2026-06-28T12:17:34.619+0000] {dagbag.py:545} INFO - Filling up the DagBag from /home/airflow/.local/lib/python3.12/site-packages/airflow/example_dags/tutorial_dag.py
[2026-06-28T12:17:34.624+0000] {processor.py:840} INFO - DAG(s) 'tutorial_dag' retrieved from /home/airflow/.local/lib/python3.12/site-packages/airflow/example_dags/tutorial_dag.py
[2026-06-28T12:17:34.643+0000] {logging_mixin.py:188} INFO - [2026-06-28T12:17:34.643+0000] {dag.py:3096} INFO - Sync 1 DAGs
[2026-06-28T12:17:34.659+0000] {logging_mixin.py:188} INFO - [2026-06-28T12:17:34.658+0000] {dag.py:3954} INFO - Setting next_dagrun for tutorial_dag to None, run_after=None
[2026-06-28T12:17:34.677+0000] {processor.py:183} INFO - Processing /home/airflow/.local/lib/python3.12/site-packages/airflow/example_dags/tutorial_dag.py took 0.065 seconds
[2026-06-28T12:18:05.690+0000] {processor.py:161} INFO - Started process (PID=845) to work on /home/airflow/.local/lib/python3.12/site-packages/airflow/example_dags/tutorial_dag.py
[2026-06-28T12:18:05.691+0000] {processor.py:830} INFO - Processing file /home/airflow/.local/lib/python3.12/site-packages/airflow/example_dags/tutorial_dag.py for tasks to queue
[2026-06-28T12:18:05.692+0000] {logging_mixin.py:188} INFO - [2026-06-28T12:18:05.692+0000] {dagbag.py:545} INFO - Filling up the DagBag from /home/airflow/.local/lib/python3.12/site-packages/airflow/example_dags/tutorial_dag.py
[2026-06-28T12:18:05.697+0000] {processor.py:840} INFO - DAG(s) 'tutorial_dag' retrieved from /home/airflow/.local/lib/python3.12/site-packages/airflow/example_dags/tutorial_dag.py
[2026-06-28T12:18:05.718+0000] {logging_mixin.py:188} INFO - [2026-06-28T12:18:05.717+0000] {dag.py:3096} INFO - Sync 1 DAGs
[2026-06-28T12:18:05.730+0000] {logging_mixin.py:188} INFO - [2026-06-28T12:18:05.730+0000] {dag.py:3954} INFO - Setting next_dagrun for tutorial_dag to None, run_after=None
[2026-06-28T12:18:05.748+0000] {processor.py:183} INFO - Processing /home/airflow/.local/lib/python3.12/site-packages/airflow/example_dags/tutorial_dag.py took 0.066 seconds
[2026-06-28T12:18:36.657+0000] {processor.py:161} INFO - Started process (PID=904) to work on /home/airflow/.local/lib/python3.12/site-packages/airflow/example_dags/tutorial_dag.py
[2026-06-28T12:18:36.658+0000] {processor.py:830} INFO - Processing file /home/airflow/.local/lib/python3.12/site-packages/airflow/example_dags/tutorial_dag.py for tasks to queue
[2026-06-28T12:18:36.664+0000] {logging_mixin.py:188} INFO - [2026-06-28T12:18:36.663+0000] {dagbag.py:545} INFO - Filling up the DagBag from /home/airflow/.local/lib/python3.12/site-packages/airflow/example_dags/tutorial_dag.py
[2026-06-28T12:18:36.678+0000] {processor.py:840} INFO - DAG(s) 'tutorial_dag' retrieved from /home/airflow/.local/lib/python3.12/site-packages/airflow/example_dags/tutorial_dag.py
[2026-06-28T12:18:36.720+0000] {logging_mixin.py:188} INFO - [2026-06-28T12:18:36.720+0000] {dag.py:3096} INFO - Sync 1 DAGs
[2026-06-28T12:18:36.739+0000] {logging_mixin.py:188} INFO - [2026-06-28T12:18:36.739+0000] {dag.py:3954} INFO - Setting next_dagrun for tutorial_dag to None, run_after=None
[2026-06-28T12:18:36.760+0000] {processor.py:183} INFO - Processing /home/airflow/.local/lib/python3.12/site-packages/airflow/example_dags/tutorial_dag.py took 0.111 seconds
[2026-06-28T12:19:07.078+0000] {processor.py:161} INFO - Started process (PID=963) to work on /home/airflow/.local/lib/python3.12/site-packages/airflow/example_dags/tutorial_dag.py
[2026-06-28T12:19:07.079+0000] {processor.py:830} INFO - Processing file /home/airflow/.local/lib/python3.12/site-packages/airflow/example_dags/tutorial_dag.py for tasks to queue
[2026-06-28T12:19:07.081+0000] {logging_mixin.py:188} INFO - [2026-06-28T12:19:07.080+0000] {dagbag.py:545} INFO - Filling up the DagBag from /home/airflow/.local/lib/python3.12/site-packages/airflow/example_dags/tutorial_dag.py
[2026-06-28T12:19:07.088+0000] {processor.py:840} INFO - DAG(s) 'tutorial_dag' retrieved from /home/airflow/.local/lib/python3.12/site-packages/airflow/example_dags/tutorial_dag.py
[2026-06-28T12:19:07.113+0000] {logging_mixin.py:188} INFO - [2026-06-28T12:19:07.112+0000] {dag.py:3096} INFO - Sync 1 DAGs
[2026-06-28T12:19:07.130+0000] {logging_mixin.py:188} INFO - [2026-06-28T12:19:07.129+0000] {dag.py:3954} INFO - Setting next_dagrun for tutorial_dag to None, run_after=None
[2026-06-28T12:19:07.153+0000] {processor.py:183} INFO - Processing /home/airflow/.local/lib/python3.12/site-packages/airflow/example_dags/tutorial_dag.py took 0.083 seconds
[2026-06-28T12:19:37.834+0000] {processor.py:161} INFO - Started process (PID=1022) to work on /home/airflow/.local/lib/python3.12/site-packages/airflow/example_dags/tutorial_dag.py
[2026-06-28T12:19:37.836+0000] {processor.py:830} INFO - Processing file /home/airflow/.local/lib/python3.12/site-packages/airflow/example_dags/tutorial_dag.py for tasks to queue
[2026-06-28T12:19:37.840+0000] {logging_mixin.py:188} INFO - [2026-06-28T12:19:37.840+0000] {dagbag.py:545} INFO - Filling up the DagBag from /home/airflow/.local/lib/python3.12/site-packages/airflow/example_dags/tutorial_dag.py
[2026-06-28T12:19:37.860+0000] {processor.py:840} INFO - DAG(s) 'tutorial_dag' retrieved from /home/airflow/.local/lib/python3.12/site-packages/airflow/example_dags/tutorial_dag.py
[2026-06-28T12:19:37.919+0000] {logging_mixin.py:188} INFO - [2026-06-28T12:19:37.919+0000] {dag.py:3096} INFO - Sync 1 DAGs
[2026-06-28T12:19:37.936+0000] {logging_mixin.py:188} INFO - [2026-06-28T12:19:37.936+0000] {dag.py:3954} INFO - Setting next_dagrun for tutorial_dag to None, run_after=None
[2026-06-28T12:19:37.966+0000] {processor.py:183} INFO - Processing /home/airflow/.local/lib/python3.12/site-packages/airflow/example_dags/tutorial_dag.py took 0.151 seconds
[2026-06-28T12:20:08.819+0000] {processor.py:161} INFO - Started process (PID=1081) to work on /home/airflow/.local/lib/python3.12/site-packages/airflow/example_dags/tutorial_dag.py
[2026-06-28T12:20:08.820+0000] {processor.py:830} INFO - Processing file /home/airflow/.local/lib/python3.12/site-packages/airflow/example_dags/tutorial_dag.py for tasks to queue
[2026-06-28T12:20:08.824+0000] {logging_mixin.py:188} INFO - [2026-06-28T12:20:08.824+0000] {dagbag.py:545} INFO - Filling up the DagBag from /home/airflow/.local/lib/python3.12/site-packages/airflow/example_dags/tutorial_dag.py
[2026-06-28T12:20:08.839+0000] {processor.py:840} INFO - DAG(s) 'tutorial_dag' retrieved from /home/airflow/.local/lib/python3.12/site-packages/airflow/example_dags/tutorial_dag.py
[2026-06-28T12:20:08.871+0000] {logging_mixin.py:188} INFO - [2026-06-28T12:20:08.871+0000] {dag.py:3096} INFO - Sync 1 DAGs
[2026-06-28T12:20:08.889+0000] {logging_mixin.py:188} INFO - [2026-06-28T12:20:08.889+0000] {dag.py:3954} INFO - Setting next_dagrun for tutorial_dag to None, run_after=None
[2026-06-28T12:20:08.915+0000] {processor.py:183} INFO - Processing /home/airflow/.local/lib/python3.12/site-packages/airflow/example_dags/tutorial_dag.py took 0.118 seconds
[2026-06-28T12:20:40.010+0000] {processor.py:161} INFO - Started process (PID=1139) to work on /home/airflow/.local/lib/python3.12/site-packages/airflow/example_dags/tutorial_dag.py
[2026-06-28T12:20:40.012+0000] {processor.py:830} INFO - Processing file /home/airflow/.local/lib/python3.12/site-packages/airflow/example_dags/tutorial_dag.py for tasks to queue
[2026-06-28T12:20:40.025+0000] {logging_mixin.py:188} INFO - [2026-06-28T12:20:40.025+0000] {dagbag.py:545} INFO - Filling up the DagBag from /home/airflow/.local/lib/python3.12/site-packages/airflow/example_dags/tutorial_dag.py
[2026-06-28T12:20:40.077+0000] {processor.py:840} INFO - DAG(s) 'tutorial_dag' retrieved from /home/airflow/.local/lib/python3.12/site-packages/airflow/example_dags/tutorial_dag.py
[2026-06-28T12:20:40.271+0000] {logging_mixin.py:188} INFO - [2026-06-28T12:20:40.269+0000] {dag.py:3096} INFO - Sync 1 DAGs
[2026-06-28T12:20:40.309+0000] {logging_mixin.py:188} INFO - [2026-06-28T12:20:40.309+0000] {dag.py:3954} INFO - Setting next_dagrun for tutorial_dag to None, run_after=None
[2026-06-28T12:20:40.360+0000] {processor.py:183} INFO - Processing /home/airflow/.local/lib/python3.12/site-packages/airflow/example_dags/tutorial_dag.py took 0.361 seconds
[2026-06-28T12:21:10.475+0000] {processor.py:161} INFO - Started process (PID=1197) to work on /home/airflow/.local/lib/python3.12/site-packages/airflow/example_dags/tutorial_dag.py
[2026-06-28T12:21:10.476+0000] {processor.py:830} INFO - Processing file /home/airflow/.local/lib/python3.12/site-packages/airflow/example_dags/tutorial_dag.py for tasks to queue
[2026-06-28T12:21:10.486+0000] {logging_mixin.py:188} INFO - [2026-06-28T12:21:10.485+0000] {dagbag.py:545} INFO - Filling up the DagBag from /home/airflow/.local/lib/python3.12/site-packages/airflow/example_dags/tutorial_dag.py
[2026-06-28T12:21:10.503+0000] {processor.py:840} INFO - DAG(s) 'tutorial_dag' retrieved from /home/airflow/.local/lib/python3.12/site-packages/airflow/example_dags/tutorial_dag.py
[2026-06-28T12:21:10.560+0000] {logging_mixin.py:188} INFO - [2026-06-28T12:21:10.559+0000] {dag.py:3096} INFO - Sync 1 DAGs
[2026-06-28T12:21:10.602+0000] {logging_mixin.py:188} INFO - [2026-06-28T12:21:10.601+0000] {dag.py:3954} INFO - Setting next_dagrun for tutorial_dag to None, run_after=None
[2026-06-28T12:21:10.666+0000] {processor.py:183} INFO - Processing /home/airflow/.local/lib/python3.12/site-packages/airflow/example_dags/tutorial_dag.py took 0.200 seconds
[2026-06-28T12:21:41.492+0000] {processor.py:161} INFO - Started process (PID=1256) to work on /home/airflow/.local/lib/python3.12/site-packages/airflow/example_dags/tutorial_dag.py
[2026-06-28T12:21:41.493+0000] {processor.py:830} INFO - Processing file /home/airflow/.local/lib/python3.12/site-packages/airflow/example_dags/tutorial_dag.py for tasks to queue
[2026-06-28T12:21:41.495+0000] {logging_mixin.py:188} INFO - [2026-06-28T12:21:41.494+0000] {dagbag.py:545} INFO - Filling up the DagBag from /home/airflow/.local/lib/python3.12/site-packages/airflow/example_dags/tutorial_dag.py
[2026-06-28T12:21:41.499+0000] {processor.py:840} INFO - DAG(s) 'tutorial_dag' retrieved from /home/airflow/.local/lib/python3.12/site-packages/airflow/example_dags/tutorial_dag.py
[2026-06-28T12:21:41.518+0000] {logging_mixin.py:188} INFO - [2026-06-28T12:21:41.518+0000] {dag.py:3096} INFO - Sync 1 DAGs
[2026-06-28T12:21:41.530+0000] {logging_mixin.py:188} INFO - [2026-06-28T12:21:41.530+0000] {dag.py:3954} INFO - Setting next_dagrun for tutorial_dag to None, run_after=None
[2026-06-28T12:21:41.547+0000] {processor.py:183} INFO - Processing /home/airflow/.local/lib/python3.12/site-packages/airflow/example_dags/tutorial_dag.py took 0.060 seconds
[2026-06-28T12:22:11.837+0000] {processor.py:161} INFO - Started process (PID=1315) to work on /home/airflow/.local/lib/python3.12/site-packages/airflow/example_dags/tutorial_dag.py
[2026-06-28T12:22:11.838+0000] {processor.py:830} INFO - Processing file /home/airflow/.local/lib/python3.12/site-packages/airflow/example_dags/tutorial_dag.py for tasks to queue
[2026-06-28T12:22:11.839+0000] {logging_mixin.py:188} INFO - [2026-06-28T12:22:11.839+0000] {dagbag.py:545} INFO - Filling up the DagBag from /home/airflow/.local/lib/python3.12/site-packages/airflow/example_dags/tutorial_dag.py
[2026-06-28T12:22:11.844+0000] {processor.py:840} INFO - DAG(s) 'tutorial_dag' retrieved from /home/airflow/.local/lib/python3.12/site-packages/airflow/example_dags/tutorial_dag.py
[2026-06-28T12:22:11.863+0000] {logging_mixin.py:188} INFO - [2026-06-28T12:22:11.862+0000] {dag.py:3096} INFO - Sync 1 DAGs
[2026-06-28T12:22:11.877+0000] {logging_mixin.py:188} INFO - [2026-06-28T12:22:11.877+0000] {dag.py:3954} INFO - Setting next_dagrun for tutorial_dag to None, run_after=None
[2026-06-28T12:22:11.900+0000] {processor.py:183} INFO - Processing /home/airflow/.local/lib/python3.12/site-packages/airflow/example_dags/tutorial_dag.py took 0.069 seconds
[2026-06-28T12:22:42.095+0000] {processor.py:161} INFO - Started process (PID=1374) to work on /home/airflow/.local/lib/python3.12/site-packages/airflow/example_dags/tutorial_dag.py
[2026-06-28T12:22:42.096+0000] {processor.py:830} INFO - Processing file /home/airflow/.local/lib/python3.12/site-packages/airflow/example_dags/tutorial_dag.py for tasks to queue
[2026-06-28T12:22:42.098+0000] {logging_mixin.py:188} INFO - [2026-06-28T12:22:42.098+0000] {dagbag.py:545} INFO - Filling up the DagBag from /home/airflow/.local/lib/python3.12/site-packages/airflow/example_dags/tutorial_dag.py
[2026-06-28T12:22:42.103+0000] {processor.py:840} INFO - DAG(s) 'tutorial_dag' retrieved from /home/airflow/.local/lib/python3.12/site-packages/airflow/example_dags/tutorial_dag.py
[2026-06-28T12:22:42.122+0000] {logging_mixin.py:188} INFO - [2026-06-28T12:22:42.122+0000] {dag.py:3096} INFO - Sync 1 DAGs
[2026-06-28T12:22:42.134+0000] {logging_mixin.py:188} INFO - [2026-06-28T12:22:42.134+0000] {dag.py:3954} INFO - Setting next_dagrun for tutorial_dag to None, run_after=None
[2026-06-28T12:22:42.150+0000] {processor.py:183} INFO - Processing /home/airflow/.local/lib/python3.12/site-packages/airflow/example_dags/tutorial_dag.py took 0.061 seconds
[2026-06-28T12:23:12.479+0000] {processor.py:161} INFO - Started process (PID=1432) to work on /home/airflow/.local/lib/python3.12/site-packages/airflow/example_dags/tutorial_dag.py
[2026-06-28T12:23:12.479+0000] {processor.py:830} INFO - Processing file /home/airflow/.local/lib/python3.12/site-packages/airflow/example_dags/tutorial_dag.py for tasks to queue
[2026-06-28T12:23:12.482+0000] {logging_mixin.py:188} INFO - [2026-06-28T12:23:12.481+0000] {dagbag.py:545} INFO - Filling up the DagBag from /home/airflow/.local/lib/python3.12/site-packages/airflow/example_dags/tutorial_dag.py
[2026-06-28T12:23:12.487+0000] {processor.py:840} INFO - DAG(s) 'tutorial_dag' retrieved from /home/airflow/.local/lib/python3.12/site-packages/airflow/example_dags/tutorial_dag.py
[2026-06-28T12:23:12.506+0000] {logging_mixin.py:188} INFO - [2026-06-28T12:23:12.506+0000] {dag.py:3096} INFO - Sync 1 DAGs
[2026-06-28T12:23:12.518+0000] {logging_mixin.py:188} INFO - [2026-06-28T12:23:12.518+0000] {dag.py:3954} INFO - Setting next_dagrun for tutorial_dag to None, run_after=None
[2026-06-28T12:23:12.535+0000] {processor.py:183} INFO - Processing /home/airflow/.local/lib/python3.12/site-packages/airflow/example_dags/tutorial_dag.py took 0.062 seconds
[2026-06-28T12:23:42.978+0000] {processor.py:161} INFO - Started process (PID=1491) to work on /home/airflow/.local/lib/python3.12/site-packages/airflow/example_dags/tutorial_dag.py
[2026-06-28T12:23:42.979+0000] {processor.py:830} INFO - Processing file /home/airflow/.local/lib/python3.12/site-packages/airflow/example_dags/tutorial_dag.py for tasks to queue
[2026-06-28T12:23:42.981+0000] {logging_mixin.py:188} INFO - [2026-06-28T12:23:42.980+0000] {dagbag.py:545} INFO - Filling up the DagBag from /home/airflow/.local/lib/python3.12/site-packages/airflow/example_dags/tutorial_dag.py
[2026-06-28T12:23:42.986+0000] {processor.py:840} INFO - DAG(s) 'tutorial_dag' retrieved from /home/airflow/.local/lib/python3.12/site-packages/airflow/example_dags/tutorial_dag.py
[2026-06-28T12:23:43.004+0000] {logging_mixin.py:188} INFO - [2026-06-28T12:23:43.003+0000] {dag.py:3096} INFO - Sync 1 DAGs
[2026-06-28T12:23:43.015+0000] {logging_mixin.py:188} INFO - [2026-06-28T12:23:43.015+0000] {dag.py:3954} INFO - Setting next_dagrun for tutorial_dag to None, run_after=None
[2026-06-28T12:23:43.031+0000] {processor.py:183} INFO - Processing /home/airflow/.local/lib/python3.12/site-packages/airflow/example_dags/tutorial_dag.py took 0.058 seconds
[2026-06-28T12:24:13.562+0000] {processor.py:161} INFO - Started process (PID=1549) to work on /home/airflow/.local/lib/python3.12/site-packages/airflow/example_dags/tutorial_dag.py
[2026-06-28T12:24:13.563+0000] {processor.py:830} INFO - Processing file /home/airflow/.local/lib/python3.12/site-packages/airflow/example_dags/tutorial_dag.py for tasks to queue
[2026-06-28T12:24:13.565+0000] {logging_mixin.py:188} INFO - [2026-06-28T12:24:13.564+0000] {dagbag.py:545} INFO - Filling up the DagBag from /home/airflow/.local/lib/python3.12/site-packages/airflow/example_dags/tutorial_dag.py
[2026-06-28T12:24:13.570+0000] {processor.py:840} INFO - DAG(s) 'tutorial_dag' retrieved from /home/airflow/.local/lib/python3.12/site-packages/airflow/example_dags/tutorial_dag.py
[2026-06-28T12:24:13.588+0000] {logging_mixin.py:188} INFO - [2026-06-28T12:24:13.588+0000] {dag.py:3096} INFO - Sync 1 DAGs
[2026-06-28T12:24:13.599+0000] {logging_mixin.py:188} INFO - [2026-06-28T12:24:13.599+0000] {dag.py:3954} INFO - Setting next_dagrun for tutorial_dag to None, run_after=None
[2026-06-28T12:24:13.617+0000] {processor.py:183} INFO - Processing /home/airflow/.local/lib/python3.12/site-packages/airflow/example_dags/tutorial_dag.py took 0.062 seconds
[2026-06-28T12:24:43.960+0000] {processor.py:161} INFO - Started process (PID=1608) to work on /home/airflow/.local/lib/python3.12/site-packages/airflow/example_dags/tutorial_dag.py
[2026-06-28T12:24:43.960+0000] {processor.py:830} INFO - Processing file /home/airflow/.local/lib/python3.12/site-packages/airflow/example_dags/tutorial_dag.py for tasks to queue
[2026-06-28T12:24:43.962+0000] {logging_mixin.py:188} INFO - [2026-06-28T12:24:43.962+0000] {dagbag.py:545} INFO - Filling up the DagBag from /home/airflow/.local/lib/python3.12/site-packages/airflow/example_dags/tutorial_dag.py
[2026-06-28T12:24:43.967+0000] {processor.py:840} INFO - DAG(s) 'tutorial_dag' retrieved from /home/airflow/.local/lib/python3.12/site-packages/airflow/example_dags/tutorial_dag.py
[2026-06-28T12:24:43.987+0000] {logging_mixin.py:188} INFO - [2026-06-28T12:24:43.987+0000] {dag.py:3096} INFO - Sync 1 DAGs
[2026-06-28T12:24:43.999+0000] {logging_mixin.py:188} INFO - [2026-06-28T12:24:43.999+0000] {dag.py:3954} INFO - Setting next_dagrun for tutorial_dag to None, run_after=None
[2026-06-28T12:24:44.016+0000] {processor.py:183} INFO - Processing /home/airflow/.local/lib/python3.12/site-packages/airflow/example_dags/tutorial_dag.py took 0.062 seconds
[2026-06-28T12:25:14.320+0000] {processor.py:161} INFO - Started process (PID=1667) to work on /home/airflow/.local/lib/python3.12/site-packages/airflow/example_dags/tutorial_dag.py
[2026-06-28T12:25:14.321+0000] {processor.py:830} INFO - Processing file /home/airflow/.local/lib/python3.12/site-packages/airflow/example_dags/tutorial_dag.py for tasks to queue
[2026-06-28T12:25:14.323+0000] {logging_mixin.py:188} INFO - [2026-06-28T12:25:14.322+0000] {dagbag.py:545} INFO - Filling up the DagBag from /home/airflow/.local/lib/python3.12/site-packages/airflow/example_dags/tutorial_dag.py
[2026-06-28T12:25:14.328+0000] {processor.py:840} INFO - DAG(s) 'tutorial_dag' retrieved from /home/airflow/.local/lib/python3.12/site-packages/airflow/example_dags/tutorial_dag.py
[2026-06-28T12:25:14.347+0000] {logging_mixin.py:188} INFO - [2026-06-28T12:25:14.346+0000] {dag.py:3096} INFO - Sync 1 DAGs
[2026-06-28T12:25:14.359+0000] {logging_mixin.py:188} INFO - [2026-06-28T12:25:14.359+0000] {dag.py:3954} INFO - Setting next_dagrun for tutorial_dag to None, run_after=None
[2026-06-28T12:25:14.382+0000] {processor.py:183} INFO - Processing /home/airflow/.local/lib/python3.12/site-packages/airflow/example_dags/tutorial_dag.py took 0.067 seconds
[2026-06-28T12:25:45.181+0000] {processor.py:161} INFO - Started process (PID=1726) to work on /home/airflow/.local/lib/python3.12/site-packages/airflow/example_dags/tutorial_dag.py
[2026-06-28T12:25:45.182+0000] {processor.py:830} INFO - Processing file /home/airflow/.local/lib/python3.12/site-packages/airflow/example_dags/tutorial_dag.py for tasks to queue
[2026-06-28T12:25:45.184+0000] {logging_mixin.py:188} INFO - [2026-06-28T12:25:45.184+0000] {dagbag.py:545} INFO - Filling up the DagBag from /home/airflow/.local/lib/python3.12/site-packages/airflow/example_dags/tutorial_dag.py
[2026-06-28T12:25:45.191+0000] {processor.py:840} INFO - DAG(s) 'tutorial_dag' retrieved from /home/airflow/.local/lib/python3.12/site-packages/airflow/example_dags/tutorial_dag.py
[2026-06-28T12:25:45.234+0000] {logging_mixin.py:188} INFO - [2026-06-28T12:25:45.234+0000] {dag.py:3096} INFO - Sync 1 DAGs
[2026-06-28T12:25:45.262+0000] {logging_mixin.py:188} INFO - [2026-06-28T12:25:45.261+0000] {dag.py:3954} INFO - Setting next_dagrun for tutorial_dag to None, run_after=None
[2026-06-28T12:25:45.285+0000] {processor.py:183} INFO - Processing /home/airflow/.local/lib/python3.12/site-packages/airflow/example_dags/tutorial_dag.py took 0.112 seconds
[2026-06-28T12:26:15.788+0000] {processor.py:161} INFO - Started process (PID=1785) to work on /home/airflow/.local/lib/python3.12/site-packages/airflow/example_dags/tutorial_dag.py
[2026-06-28T12:26:15.791+0000] {processor.py:830} INFO - Processing file /home/airflow/.local/lib/python3.12/site-packages/airflow/example_dags/tutorial_dag.py for tasks to queue
[2026-06-28T12:26:15.797+0000] {logging_mixin.py:188} INFO - [2026-06-28T12:26:15.797+0000] {dagbag.py:545} INFO - Filling up the DagBag from /home/airflow/.local/lib/python3.12/site-packages/airflow/example_dags/tutorial_dag.py
[2026-06-28T12:26:15.816+0000] {processor.py:840} INFO - DAG(s) 'tutorial_dag' retrieved from /home/airflow/.local/lib/python3.12/site-packages/airflow/example_dags/tutorial_dag.py
[2026-06-28T12:26:15.868+0000] {logging_mixin.py:188} INFO - [2026-06-28T12:26:15.867+0000] {dag.py:3096} INFO - Sync 1 DAGs
[2026-06-28T12:26:15.908+0000] {logging_mixin.py:188} INFO - [2026-06-28T12:26:15.907+0000] {dag.py:3954} INFO - Setting next_dagrun for tutorial_dag to None, run_after=None
[2026-06-28T12:26:16.009+0000] {processor.py:183} INFO - Processing /home/airflow/.local/lib/python3.12/site-packages/airflow/example_dags/tutorial_dag.py took 0.238 seconds
[2026-06-28T12:26:46.175+0000] {processor.py:161} INFO - Started process (PID=1845) to work on /home/airflow/.local/lib/python3.12/site-packages/airflow/example_dags/tutorial_dag.py
[2026-06-28T12:26:46.176+0000] {processor.py:830} INFO - Processing file /home/airflow/.local/lib/python3.12/site-packages/airflow/example_dags/tutorial_dag.py for tasks to queue
[2026-06-28T12:26:46.177+0000] {logging_mixin.py:188} INFO - [2026-06-28T12:26:46.177+0000] {dagbag.py:545} INFO - Filling up the DagBag from /home/airflow/.local/lib/python3.12/site-packages/airflow/example_dags/tutorial_dag.py
[2026-06-28T12:26:46.182+0000] {processor.py:840} INFO - DAG(s) 'tutorial_dag' retrieved from /home/airflow/.local/lib/python3.12/site-packages/airflow/example_dags/tutorial_dag.py
[2026-06-28T12:26:46.200+0000] {logging_mixin.py:188} INFO - [2026-06-28T12:26:46.200+0000] {dag.py:3096} INFO - Sync 1 DAGs
[2026-06-28T12:26:46.212+0000] {logging_mixin.py:188} INFO - [2026-06-28T12:26:46.212+0000] {dag.py:3954} INFO - Setting next_dagrun for tutorial_dag to None, run_after=None
[2026-06-28T12:26:46.232+0000] {processor.py:183} INFO - Processing /home/airflow/.local/lib/python3.12/site-packages/airflow/example_dags/tutorial_dag.py took 0.062 seconds
[2026-06-28T12:27:16.957+0000] {processor.py:161} INFO - Started process (PID=1904) to work on /home/airflow/.local/lib/python3.12/site-packages/airflow/example_dags/tutorial_dag.py
[2026-06-28T12:27:16.957+0000] {processor.py:830} INFO - Processing file /home/airflow/.local/lib/python3.12/site-packages/airflow/example_dags/tutorial_dag.py for tasks to queue
[2026-06-28T12:27:16.959+0000] {logging_mixin.py:188} INFO - [2026-06-28T12:27:16.959+0000] {dagbag.py:545} INFO - Filling up the DagBag from /home/airflow/.local/lib/python3.12/site-packages/airflow/example_dags/tutorial_dag.py
[2026-06-28T12:27:16.965+0000] {processor.py:840} INFO - DAG(s) 'tutorial_dag' retrieved from /home/airflow/.local/lib/python3.12/site-packages/airflow/example_dags/tutorial_dag.py
[2026-06-28T12:27:16.982+0000] {logging_mixin.py:188} INFO - [2026-06-28T12:27:16.982+0000] {dag.py:3096} INFO - Sync 1 DAGs
[2026-06-28T12:27:17.129+0000] {logging_mixin.py:188} INFO - [2026-06-28T12:27:17.129+0000] {dag.py:3954} INFO - Setting next_dagrun for tutorial_dag to None, run_after=None
[2026-06-28T12:27:17.144+0000] {processor.py:183} INFO - Processing /home/airflow/.local/lib/python3.12/site-packages/airflow/example_dags/tutorial_dag.py took 0.193 seconds
[2026-06-28T12:27:47.221+0000] {processor.py:161} INFO - Started process (PID=1964) to work on /home/airflow/.local/lib/python3.12/site-packages/airflow/example_dags/tutorial_dag.py
[2026-06-28T12:27:47.221+0000] {processor.py:830} INFO - Processing file /home/airflow/.local/lib/python3.12/site-packages/airflow/example_dags/tutorial_dag.py for tasks to queue
[2026-06-28T12:27:47.223+0000] {logging_mixin.py:188} INFO - [2026-06-28T12:27:47.223+0000] {dagbag.py:545} INFO - Filling up the DagBag from /home/airflow/.local/lib/python3.12/site-packages/airflow/example_dags/tutorial_dag.py
[2026-06-28T12:27:47.228+0000] {processor.py:840} INFO - DAG(s) 'tutorial_dag' retrieved from /home/airflow/.local/lib/python3.12/site-packages/airflow/example_dags/tutorial_dag.py
[2026-06-28T12:27:47.246+0000] {logging_mixin.py:188} INFO - [2026-06-28T12:27:47.245+0000] {dag.py:3096} INFO - Sync 1 DAGs
[2026-06-28T12:27:47.257+0000] {logging_mixin.py:188} INFO - [2026-06-28T12:27:47.257+0000] {dag.py:3954} INFO - Setting next_dagrun for tutorial_dag to None, run_after=None
[2026-06-28T12:27:47.275+0000] {processor.py:183} INFO - Processing /home/airflow/.local/lib/python3.12/site-packages/airflow/example_dags/tutorial_dag.py took 0.060 seconds
[2026-06-28T12:28:17.952+0000] {processor.py:161} INFO - Started process (PID=2023) to work on /home/airflow/.local/lib/python3.12/site-packages/airflow/example_dags/tutorial_dag.py
[2026-06-28T12:28:17.953+0000] {processor.py:830} INFO - Processing file /home/airflow/.local/lib/python3.12/site-packages/airflow/example_dags/tutorial_dag.py for tasks to queue
[2026-06-28T12:28:17.955+0000] {logging_mixin.py:188} INFO - [2026-06-28T12:28:17.955+0000] {dagbag.py:545} INFO - Filling up the DagBag from /home/airflow/.local/lib/python3.12/site-packages/airflow/example_dags/tutorial_dag.py
[2026-06-28T12:28:17.960+0000] {processor.py:840} INFO - DAG(s) 'tutorial_dag' retrieved from /home/airflow/.local/lib/python3.12/site-packages/airflow/example_dags/tutorial_dag.py
[2026-06-28T12:28:17.978+0000] {logging_mixin.py:188} INFO - [2026-06-28T12:28:17.977+0000] {dag.py:3096} INFO - Sync 1 DAGs
[2026-06-28T12:28:17.989+0000] {logging_mixin.py:188} INFO - [2026-06-28T12:28:17.989+0000] {dag.py:3954} INFO - Setting next_dagrun for tutorial_dag to None, run_after=None
[2026-06-28T12:28:18.005+0000] {processor.py:183} INFO - Processing /home/airflow/.local/lib/python3.12/site-packages/airflow/example_dags/tutorial_dag.py took 0.058 seconds
[2026-06-28T12:28:48.354+0000] {processor.py:161} INFO - Started process (PID=2082) to work on /home/airflow/.local/lib/python3.12/site-packages/airflow/example_dags/tutorial_dag.py
[2026-06-28T12:28:48.355+0000] {processor.py:830} INFO - Processing file /home/airflow/.local/lib/python3.12/site-packages/airflow/example_dags/tutorial_dag.py for tasks to queue
[2026-06-28T12:28:48.357+0000] {logging_mixin.py:188} INFO - [2026-06-28T12:28:48.356+0000] {dagbag.py:545} INFO - Filling up the DagBag from /home/airflow/.local/lib/python3.12/site-packages/airflow/example_dags/tutorial_dag.py
[2026-06-28T12:28:48.362+0000] {processor.py:840} INFO - DAG(s) 'tutorial_dag' retrieved from /home/airflow/.local/lib/python3.12/site-packages/airflow/example_dags/tutorial_dag.py
[2026-06-28T12:28:48.381+0000] {logging_mixin.py:188} INFO - [2026-06-28T12:28:48.381+0000] {dag.py:3096} INFO - Sync 1 DAGs
[2026-06-28T12:28:48.396+0000] {logging_mixin.py:188} INFO - [2026-06-28T12:28:48.396+0000] {dag.py:3954} INFO - Setting next_dagrun for tutorial_dag to None, run_after=None
[2026-06-28T12:28:48.414+0000] {processor.py:183} INFO - Processing /home/airflow/.local/lib/python3.12/site-packages/airflow/example_dags/tutorial_dag.py took 0.065 seconds
[2026-06-28T12:29:19.059+0000] {processor.py:161} INFO - Started process (PID=2141) to work on /home/airflow/.local/lib/python3.12/site-packages/airflow/example_dags/tutorial_dag.py
[2026-06-28T12:29:19.060+0000] {processor.py:830} INFO - Processing file /home/airflow/.local/lib/python3.12/site-packages/airflow/example_dags/tutorial_dag.py for tasks to queue
[2026-06-28T12:29:19.061+0000] {logging_mixin.py:188} INFO - [2026-06-28T12:29:19.061+0000] {dagbag.py:545} INFO - Filling up the DagBag from /home/airflow/.local/lib/python3.12/site-packages/airflow/example_dags/tutorial_dag.py
[2026-06-28T12:29:19.066+0000] {processor.py:840} INFO - DAG(s) 'tutorial_dag' retrieved from /home/airflow/.local/lib/python3.12/site-packages/airflow/example_dags/tutorial_dag.py
[2026-06-28T12:29:19.089+0000] {logging_mixin.py:188} INFO - [2026-06-28T12:29:19.089+0000] {dag.py:3096} INFO - Sync 1 DAGs
[2026-06-28T12:29:19.103+0000] {logging_mixin.py:188} INFO - [2026-06-28T12:29:19.103+0000] {dag.py:3954} INFO - Setting next_dagrun for tutorial_dag to None, run_after=None
[2026-06-28T12:29:19.119+0000] {processor.py:183} INFO - Processing /home/airflow/.local/lib/python3.12/site-packages/airflow/example_dags/tutorial_dag.py took 0.065 seconds
[2026-06-28T12:29:49.222+0000] {processor.py:161} INFO - Started process (PID=2200) to work on /home/airflow/.local/lib/python3.12/site-packages/airflow/example_dags/tutorial_dag.py
[2026-06-28T12:29:49.223+0000] {processor.py:830} INFO - Processing file /home/airflow/.local/lib/python3.12/site-packages/airflow/example_dags/tutorial_dag.py for tasks to queue
[2026-06-28T12:29:49.225+0000] {logging_mixin.py:188} INFO - [2026-06-28T12:29:49.224+0000] {dagbag.py:545} INFO - Filling up the DagBag from /home/airflow/.local/lib/python3.12/site-packages/airflow/example_dags/tutorial_dag.py
[2026-06-28T12:29:49.229+0000] {processor.py:840} INFO - DAG(s) 'tutorial_dag' retrieved from /home/airflow/.local/lib/python3.12/site-packages/airflow/example_dags/tutorial_dag.py
[2026-06-28T12:29:49.247+0000] {logging_mixin.py:188} INFO - [2026-06-28T12:29:49.247+0000] {dag.py:3096} INFO - Sync 1 DAGs
[2026-06-28T12:29:49.259+0000] {logging_mixin.py:188} INFO - [2026-06-28T12:29:49.258+0000] {dag.py:3954} INFO - Setting next_dagrun for tutorial_dag to None, run_after=None
[2026-06-28T12:29:49.274+0000] {processor.py:183} INFO - Processing /home/airflow/.local/lib/python3.12/site-packages/airflow/example_dags/tutorial_dag.py took 0.057 seconds
[2026-06-28T12:30:19.824+0000] {processor.py:161} INFO - Started process (PID=2258) to work on /home/airflow/.local/lib/python3.12/site-packages/airflow/example_dags/tutorial_dag.py
[2026-06-28T12:30:19.825+0000] {processor.py:830} INFO - Processing file /home/airflow/.local/lib/python3.12/site-packages/airflow/example_dags/tutorial_dag.py for tasks to queue
[2026-06-28T12:30:19.827+0000] {logging_mixin.py:188} INFO - [2026-06-28T12:30:19.826+0000] {dagbag.py:545} INFO - Filling up the DagBag from /home/airflow/.local/lib/python3.12/site-packages/airflow/example_dags/tutorial_dag.py
[2026-06-28T12:30:19.831+0000] {processor.py:840} INFO - DAG(s) 'tutorial_dag' retrieved from /home/airflow/.local/lib/python3.12/site-packages/airflow/example_dags/tutorial_dag.py
[2026-06-28T12:30:19.851+0000] {logging_mixin.py:188} INFO - [2026-06-28T12:30:19.851+0000] {dag.py:3096} INFO - Sync 1 DAGs
[2026-06-28T12:30:19.868+0000] {logging_mixin.py:188} INFO - [2026-06-28T12:30:19.867+0000] {dag.py:3954} INFO - Setting next_dagrun for tutorial_dag to None, run_after=None
[2026-06-28T12:30:19.893+0000] {processor.py:183} INFO - Processing /home/airflow/.local/lib/python3.12/site-packages/airflow/example_dags/tutorial_dag.py took 0.073 seconds
[2026-06-28T12:30:50.219+0000] {processor.py:161} INFO - Started process (PID=2317) to work on /home/airflow/.local/lib/python3.12/site-packages/airflow/example_dags/tutorial_dag.py
[2026-06-28T12:30:50.220+0000] {processor.py:830} INFO - Processing file /home/airflow/.local/lib/python3.12/site-packages/airflow/example_dags/tutorial_dag.py for tasks to queue
[2026-06-28T12:30:50.222+0000] {logging_mixin.py:188} INFO - [2026-06-28T12:30:50.222+0000] {dagbag.py:545} INFO - Filling up the DagBag from /home/airflow/.local/lib/python3.12/site-packages/airflow/example_dags/tutorial_dag.py
[2026-06-28T12:30:50.229+0000] {processor.py:840} INFO - DAG(s) 'tutorial_dag' retrieved from /home/airflow/.local/lib/python3.12/site-packages/airflow/example_dags/tutorial_dag.py
[2026-06-28T12:30:50.268+0000] {logging_mixin.py:188} INFO - [2026-06-28T12:30:50.268+0000] {dag.py:3096} INFO - Sync 1 DAGs
[2026-06-28T12:30:50.311+0000] {logging_mixin.py:188} INFO - [2026-06-28T12:30:50.311+0000] {dag.py:3954} INFO - Setting next_dagrun for tutorial_dag to None, run_after=None
[2026-06-28T12:30:50.333+0000] {processor.py:183} INFO - Processing /home/airflow/.local/lib/python3.12/site-packages/airflow/example_dags/tutorial_dag.py took 0.122 seconds
[2026-06-28T12:31:20.647+0000] {processor.py:161} INFO - Started process (PID=2376) to work on /home/airflow/.local/lib/python3.12/site-packages/airflow/example_dags/tutorial_dag.py
[2026-06-28T12:31:20.647+0000] {processor.py:830} INFO - Processing file /home/airflow/.local/lib/python3.12/site-packages/airflow/example_dags/tutorial_dag.py for tasks to queue
[2026-06-28T12:31:20.649+0000] {logging_mixin.py:188} INFO - [2026-06-28T12:31:20.649+0000] {dagbag.py:545} INFO - Filling up the DagBag from /home/airflow/.local/lib/python3.12/site-packages/airflow/example_dags/tutorial_dag.py
[2026-06-28T12:31:20.653+0000] {processor.py:840} INFO - DAG(s) 'tutorial_dag' retrieved from /home/airflow/.local/lib/python3.12/site-packages/airflow/example_dags/tutorial_dag.py
[2026-06-28T12:31:20.671+0000] {logging_mixin.py:188} INFO - [2026-06-28T12:31:20.671+0000] {dag.py:3096} INFO - Sync 1 DAGs
[2026-06-28T12:31:20.682+0000] {logging_mixin.py:188} INFO - [2026-06-28T12:31:20.682+0000] {dag.py:3954} INFO - Setting next_dagrun for tutorial_dag to None, run_after=None
[2026-06-28T12:31:20.701+0000] {processor.py:183} INFO - Processing /home/airflow/.local/lib/python3.12/site-packages/airflow/example_dags/tutorial_dag.py took 0.060 seconds
[2026-06-28T12:31:51.245+0000] {processor.py:161} INFO - Started process (PID=2435) to work on /home/airflow/.local/lib/python3.12/site-packages/airflow/example_dags/tutorial_dag.py
[2026-06-28T12:31:51.245+0000] {processor.py:830} INFO - Processing file /home/airflow/.local/lib/python3.12/site-packages/airflow/example_dags/tutorial_dag.py for tasks to queue
[2026-06-28T12:31:51.248+0000] {logging_mixin.py:188} INFO - [2026-06-28T12:31:51.247+0000] {dagbag.py:545} INFO - Filling up the DagBag from /home/airflow/.local/lib/python3.12/site-packages/airflow/example_dags/tutorial_dag.py
[2026-06-28T12:31:51.254+0000] {processor.py:840} INFO - DAG(s) 'tutorial_dag' retrieved from /home/airflow/.local/lib/python3.12/site-packages/airflow/example_dags/tutorial_dag.py
[2026-06-28T12:31:51.292+0000] {logging_mixin.py:188} INFO - [2026-06-28T12:31:51.289+0000] {dag.py:3096} INFO - Sync 1 DAGs
[2026-06-28T12:31:51.312+0000] {logging_mixin.py:188} INFO - [2026-06-28T12:31:51.312+0000] {dag.py:3954} INFO - Setting next_dagrun for tutorial_dag to None, run_after=None
[2026-06-28T12:31:51.382+0000] {processor.py:183} INFO - Processing /home/airflow/.local/lib/python3.12/site-packages/airflow/example_dags/tutorial_dag.py took 0.151 seconds
[2026-06-28T16:04:20.805+0000] {processor.py:161} INFO - Started process (PID=149) to work on /home/airflow/.local/lib/python3.12/site-packages/airflow/example_dags/tutorial_dag.py
[2026-06-28T16:04:20.814+0000] {processor.py:830} INFO - Processing file /home/airflow/.local/lib/python3.12/site-packages/airflow/example_dags/tutorial_dag.py for tasks to queue
[2026-06-28T16:04:20.826+0000] {logging_mixin.py:188} INFO - [2026-06-28T16:04:20.826+0000] {dagbag.py:545} INFO - Filling up the DagBag from /home/airflow/.local/lib/python3.12/site-packages/airflow/example_dags/tutorial_dag.py
[2026-06-28T16:04:20.886+0000] {processor.py:840} INFO - DAG(s) 'tutorial_dag' retrieved from /home/airflow/.local/lib/python3.12/site-packages/airflow/example_dags/tutorial_dag.py
[2026-06-28T16:04:21.793+0000] {logging_mixin.py:188} INFO - [2026-06-28T16:04:21.792+0000] {override.py:1829} INFO - Created Permission View: can read on DAG:tutorial_dag
[2026-06-28T16:04:21.815+0000] {logging_mixin.py:188} INFO - [2026-06-28T16:04:21.815+0000] {override.py:1829} INFO - Created Permission View: can delete on DAG:tutorial_dag
[2026-06-28T16:04:21.829+0000] {logging_mixin.py:188} INFO - [2026-06-28T16:04:21.829+0000] {override.py:1829} INFO - Created Permission View: can edit on DAG:tutorial_dag
[2026-06-28T16:04:21.832+0000] {logging_mixin.py:188} INFO - [2026-06-28T16:04:21.831+0000] {dag.py:3096} INFO - Sync 1 DAGs
[2026-06-28T16:04:21.872+0000] {logging_mixin.py:188} INFO - [2026-06-28T16:04:21.869+0000] {dag.py:3118} INFO - Creating ORM DAG for tutorial_dag
[2026-06-28T16:04:21.873+0000] {logging_mixin.py:188} INFO - [2026-06-28T16:04:21.872+0000] {dag.py:3954} INFO - Setting next_dagrun for tutorial_dag to None, run_after=None
[2026-06-28T16:04:21.936+0000] {processor.py:183} INFO - Processing /home/airflow/.local/lib/python3.12/site-packages/airflow/example_dags/tutorial_dag.py took 1.180 seconds
[2026-06-28T16:04:52.193+0000] {processor.py:161} INFO - Started process (PID=208) to work on /home/airflow/.local/lib/python3.12/site-packages/airflow/example_dags/tutorial_dag.py
[2026-06-28T16:04:52.197+0000] {processor.py:830} INFO - Processing file /home/airflow/.local/lib/python3.12/site-packages/airflow/example_dags/tutorial_dag.py for tasks to queue
[2026-06-28T16:04:52.201+0000] {logging_mixin.py:188} INFO - [2026-06-28T16:04:52.201+0000] {dagbag.py:545} INFO - Filling up the DagBag from /home/airflow/.local/lib/python3.12/site-packages/airflow/example_dags/tutorial_dag.py
[2026-06-28T16:04:52.217+0000] {processor.py:840} INFO - DAG(s) 'tutorial_dag' retrieved from /home/airflow/.local/lib/python3.12/site-packages/airflow/example_dags/tutorial_dag.py
[2026-06-28T16:04:52.389+0000] {logging_mixin.py:188} INFO - [2026-06-28T16:04:52.389+0000] {dag.py:3096} INFO - Sync 1 DAGs
[2026-06-28T16:04:52.443+0000] {logging_mixin.py:188} INFO - [2026-06-28T16:04:52.442+0000] {dag.py:3954} INFO - Setting next_dagrun for tutorial_dag to None, run_after=None
[2026-06-28T16:04:52.480+0000] {processor.py:183} INFO - Processing /home/airflow/.local/lib/python3.12/site-packages/airflow/example_dags/tutorial_dag.py took 0.329 seconds
[2026-06-28T16:05:23.625+0000] {processor.py:161} INFO - Started process (PID=266) to work on /home/airflow/.local/lib/python3.12/site-packages/airflow/example_dags/tutorial_dag.py
[2026-06-28T16:05:23.638+0000] {processor.py:830} INFO - Processing file /home/airflow/.local/lib/python3.12/site-packages/airflow/example_dags/tutorial_dag.py for tasks to queue
[2026-06-28T16:05:23.659+0000] {logging_mixin.py:188} INFO - [2026-06-28T16:05:23.658+0000] {dagbag.py:545} INFO - Filling up the DagBag from /home/airflow/.local/lib/python3.12/site-packages/airflow/example_dags/tutorial_dag.py
[2026-06-28T16:05:23.750+0000] {processor.py:840} INFO - DAG(s) 'tutorial_dag' retrieved from /home/airflow/.local/lib/python3.12/site-packages/airflow/example_dags/tutorial_dag.py
[2026-06-28T16:05:23.943+0000] {logging_mixin.py:188} INFO - [2026-06-28T16:05:23.942+0000] {dag.py:3096} INFO - Sync 1 DAGs
[2026-06-28T16:05:24.077+0000] {logging_mixin.py:188} INFO - [2026-06-28T16:05:24.077+0000] {dag.py:3954} INFO - Setting next_dagrun for tutorial_dag to None, run_after=None
[2026-06-28T16:05:24.179+0000] {processor.py:183} INFO - Processing /home/airflow/.local/lib/python3.12/site-packages/airflow/example_dags/tutorial_dag.py took 0.670 seconds
[2026-06-28T16:05:54.847+0000] {processor.py:161} INFO - Started process (PID=325) to work on /home/airflow/.local/lib/python3.12/site-packages/airflow/example_dags/tutorial_dag.py
[2026-06-28T16:05:54.848+0000] {processor.py:830} INFO - Processing file /home/airflow/.local/lib/python3.12/site-packages/airflow/example_dags/tutorial_dag.py for tasks to queue
[2026-06-28T16:05:54.851+0000] {logging_mixin.py:188} INFO - [2026-06-28T16:05:54.851+0000] {dagbag.py:545} INFO - Filling up the DagBag from /home/airflow/.local/lib/python3.12/site-packages/airflow/example_dags/tutorial_dag.py
[2026-06-28T16:05:54.858+0000] {processor.py:840} INFO - DAG(s) 'tutorial_dag' retrieved from /home/airflow/.local/lib/python3.12/site-packages/airflow/example_dags/tutorial_dag.py
[2026-06-28T16:05:54.892+0000] {logging_mixin.py:188} INFO - [2026-06-28T16:05:54.892+0000] {dag.py:3096} INFO - Sync 1 DAGs
[2026-06-28T16:05:54.909+0000] {logging_mixin.py:188} INFO - [2026-06-28T16:05:54.909+0000] {dag.py:3954} INFO - Setting next_dagrun for tutorial_dag to None, run_after=None
[2026-06-28T16:05:54.939+0000] {processor.py:183} INFO - Processing /home/airflow/.local/lib/python3.12/site-packages/airflow/example_dags/tutorial_dag.py took 0.100 seconds
[2026-06-28T16:06:25.513+0000] {processor.py:161} INFO - Started process (PID=384) to work on /home/airflow/.local/lib/python3.12/site-packages/airflow/example_dags/tutorial_dag.py
[2026-06-28T16:06:25.514+0000] {processor.py:830} INFO - Processing file /home/airflow/.local/lib/python3.12/site-packages/airflow/example_dags/tutorial_dag.py for tasks to queue
[2026-06-28T16:06:25.517+0000] {logging_mixin.py:188} INFO - [2026-06-28T16:06:25.516+0000] {dagbag.py:545} INFO - Filling up the DagBag from /home/airflow/.local/lib/python3.12/site-packages/airflow/example_dags/tutorial_dag.py
[2026-06-28T16:06:25.527+0000] {processor.py:840} INFO - DAG(s) 'tutorial_dag' retrieved from /home/airflow/.local/lib/python3.12/site-packages/airflow/example_dags/tutorial_dag.py
[2026-06-28T16:06:25.582+0000] {logging_mixin.py:188} INFO - [2026-06-28T16:06:25.581+0000] {dag.py:3096} INFO - Sync 1 DAGs
[2026-06-28T16:06:25.609+0000] {logging_mixin.py:188} INFO - [2026-06-28T16:06:25.608+0000] {dag.py:3954} INFO - Setting next_dagrun for tutorial_dag to None, run_after=None
[2026-06-28T16:06:25.644+0000] {processor.py:183} INFO - Processing /home/airflow/.local/lib/python3.12/site-packages/airflow/example_dags/tutorial_dag.py took 0.150 seconds
[2026-06-28T16:06:56.354+0000] {processor.py:161} INFO - Started process (PID=443) to work on /home/airflow/.local/lib/python3.12/site-packages/airflow/example_dags/tutorial_dag.py
[2026-06-28T16:06:56.359+0000] {processor.py:830} INFO - Processing file /home/airflow/.local/lib/python3.12/site-packages/airflow/example_dags/tutorial_dag.py for tasks to queue
[2026-06-28T16:06:56.366+0000] {logging_mixin.py:188} INFO - [2026-06-28T16:06:56.365+0000] {dagbag.py:545} INFO - Filling up the DagBag from /home/airflow/.local/lib/python3.12/site-packages/airflow/example_dags/tutorial_dag.py
[2026-06-28T16:06:56.398+0000] {processor.py:840} INFO - DAG(s) 'tutorial_dag' retrieved from /home/airflow/.local/lib/python3.12/site-packages/airflow/example_dags/tutorial_dag.py
[2026-06-28T16:06:56.527+0000] {logging_mixin.py:188} INFO - [2026-06-28T16:06:56.527+0000] {dag.py:3096} INFO - Sync 1 DAGs
[2026-06-28T16:06:56.574+0000] {logging_mixin.py:188} INFO - [2026-06-28T16:06:56.574+0000] {dag.py:3954} INFO - Setting next_dagrun for tutorial_dag to None, run_after=None
[2026-06-28T16:06:56.628+0000] {processor.py:183} INFO - Processing /home/airflow/.local/lib/python3.12/site-packages/airflow/example_dags/tutorial_dag.py took 0.318 seconds
[2026-06-28T16:07:26.898+0000] {processor.py:161} INFO - Started process (PID=500) to work on /home/airflow/.local/lib/python3.12/site-packages/airflow/example_dags/tutorial_dag.py
[2026-06-28T16:07:26.899+0000] {processor.py:830} INFO - Processing file /home/airflow/.local/lib/python3.12/site-packages/airflow/example_dags/tutorial_dag.py for tasks to queue
[2026-06-28T16:07:26.901+0000] {logging_mixin.py:188} INFO - [2026-06-28T16:07:26.901+0000] {dagbag.py:545} INFO - Filling up the DagBag from /home/airflow/.local/lib/python3.12/site-packages/airflow/example_dags/tutorial_dag.py
[2026-06-28T16:07:26.907+0000] {processor.py:840} INFO - DAG(s) 'tutorial_dag' retrieved from /home/airflow/.local/lib/python3.12/site-packages/airflow/example_dags/tutorial_dag.py
[2026-06-28T16:07:27.065+0000] {logging_mixin.py:188} INFO - [2026-06-28T16:07:27.062+0000] {dag.py:3096} INFO - Sync 1 DAGs
[2026-06-28T16:07:27.117+0000] {logging_mixin.py:188} INFO - [2026-06-28T16:07:27.117+0000] {dag.py:3954} INFO - Setting next_dagrun for tutorial_dag to None, run_after=None
[2026-06-28T16:07:27.181+0000] {processor.py:183} INFO - Processing /home/airflow/.local/lib/python3.12/site-packages/airflow/example_dags/tutorial_dag.py took 0.291 seconds
[2026-06-28T16:07:57.230+0000] {processor.py:161} INFO - Started process (PID=557) to work on /home/airflow/.local/lib/python3.12/site-packages/airflow/example_dags/tutorial_dag.py
[2026-06-28T16:07:57.230+0000] {processor.py:830} INFO - Processing file /home/airflow/.local/lib/python3.12/site-packages/airflow/example_dags/tutorial_dag.py for tasks to queue
[2026-06-28T16:07:57.232+0000] {logging_mixin.py:188} INFO - [2026-06-28T16:07:57.232+0000] {dagbag.py:545} INFO - Filling up the DagBag from /home/airflow/.local/lib/python3.12/site-packages/airflow/example_dags/tutorial_dag.py
[2026-06-28T16:07:57.237+0000] {processor.py:840} INFO - DAG(s) 'tutorial_dag' retrieved from /home/airflow/.local/lib/python3.12/site-packages/airflow/example_dags/tutorial_dag.py
[2026-06-28T16:07:57.255+0000] {logging_mixin.py:188} INFO - [2026-06-28T16:07:57.255+0000] {dag.py:3096} INFO - Sync 1 DAGs
[2026-06-28T16:07:57.267+0000] {logging_mixin.py:188} INFO - [2026-06-28T16:07:57.266+0000] {dag.py:3954} INFO - Setting next_dagrun for tutorial_dag to None, run_after=None
[2026-06-28T16:07:57.283+0000] {processor.py:183} INFO - Processing /home/airflow/.local/lib/python3.12/site-packages/airflow/example_dags/tutorial_dag.py took 0.058 seconds
[2026-06-28T16:08:28.093+0000] {processor.py:161} INFO - Started process (PID=617) to work on /home/airflow/.local/lib/python3.12/site-packages/airflow/example_dags/tutorial_dag.py
[2026-06-28T16:08:28.094+0000] {processor.py:830} INFO - Processing file /home/airflow/.local/lib/python3.12/site-packages/airflow/example_dags/tutorial_dag.py for tasks to queue
[2026-06-28T16:08:28.096+0000] {logging_mixin.py:188} INFO - [2026-06-28T16:08:28.095+0000] {dagbag.py:545} INFO - Filling up the DagBag from /home/airflow/.local/lib/python3.12/site-packages/airflow/example_dags/tutorial_dag.py
[2026-06-28T16:08:28.102+0000] {processor.py:840} INFO - DAG(s) 'tutorial_dag' retrieved from /home/airflow/.local/lib/python3.12/site-packages/airflow/example_dags/tutorial_dag.py
[2026-06-28T16:08:28.127+0000] {logging_mixin.py:188} INFO - [2026-06-28T16:08:28.127+0000] {dag.py:3096} INFO - Sync 1 DAGs
[2026-06-28T16:08:28.144+0000] {logging_mixin.py:188} INFO - [2026-06-28T16:08:28.144+0000] {dag.py:3954} INFO - Setting next_dagrun for tutorial_dag to None, run_after=None
[2026-06-28T16:08:28.201+0000] {processor.py:183} INFO - Processing /home/airflow/.local/lib/python3.12/site-packages/airflow/example_dags/tutorial_dag.py took 0.115 seconds
[2026-06-28T16:08:58.544+0000] {processor.py:161} INFO - Started process (PID=676) to work on /home/airflow/.local/lib/python3.12/site-packages/airflow/example_dags/tutorial_dag.py
[2026-06-28T16:08:58.545+0000] {processor.py:830} INFO - Processing file /home/airflow/.local/lib/python3.12/site-packages/airflow/example_dags/tutorial_dag.py for tasks to queue
[2026-06-28T16:08:58.548+0000] {logging_mixin.py:188} INFO - [2026-06-28T16:08:58.547+0000] {dagbag.py:545} INFO - Filling up the DagBag from /home/airflow/.local/lib/python3.12/site-packages/airflow/example_dags/tutorial_dag.py
[2026-06-28T16:08:58.555+0000] {processor.py:840} INFO - DAG(s) 'tutorial_dag' retrieved from /home/airflow/.local/lib/python3.12/site-packages/airflow/example_dags/tutorial_dag.py
[2026-06-28T16:08:58.581+0000] {logging_mixin.py:188} INFO - [2026-06-28T16:08:58.581+0000] {dag.py:3096} INFO - Sync 1 DAGs
[2026-06-28T16:08:58.598+0000] {logging_mixin.py:188} INFO - [2026-06-28T16:08:58.598+0000] {dag.py:3954} INFO - Setting next_dagrun for tutorial_dag to None, run_after=None
[2026-06-28T16:08:58.617+0000] {processor.py:183} INFO - Processing /home/airflow/.local/lib/python3.12/site-packages/airflow/example_dags/tutorial_dag.py took 0.080 seconds
[2026-06-28T16:09:29.456+0000] {processor.py:161} INFO - Started process (PID=735) to work on /home/airflow/.local/lib/python3.12/site-packages/airflow/example_dags/tutorial_dag.py
[2026-06-28T16:09:29.457+0000] {processor.py:830} INFO - Processing file /home/airflow/.local/lib/python3.12/site-packages/airflow/example_dags/tutorial_dag.py for tasks to queue
[2026-06-28T16:09:29.460+0000] {logging_mixin.py:188} INFO - [2026-06-28T16:09:29.459+0000] {dagbag.py:545} INFO - Filling up the DagBag from /home/airflow/.local/lib/python3.12/site-packages/airflow/example_dags/tutorial_dag.py
[2026-06-28T16:09:29.466+0000] {processor.py:840} INFO - DAG(s) 'tutorial_dag' retrieved from /home/airflow/.local/lib/python3.12/site-packages/airflow/example_dags/tutorial_dag.py
[2026-06-28T16:09:29.497+0000] {logging_mixin.py:188} INFO - [2026-06-28T16:09:29.497+0000] {dag.py:3096} INFO - Sync 1 DAGs
[2026-06-28T16:09:29.515+0000] {logging_mixin.py:188} INFO - [2026-06-28T16:09:29.515+0000] {dag.py:3954} INFO - Setting next_dagrun for tutorial_dag to None, run_after=None
[2026-06-28T16:09:29.536+0000] {processor.py:183} INFO - Processing /home/airflow/.local/lib/python3.12/site-packages/airflow/example_dags/tutorial_dag.py took 0.087 seconds
[2026-06-28T16:09:59.859+0000] {processor.py:161} INFO - Started process (PID=794) to work on /home/airflow/.local/lib/python3.12/site-packages/airflow/example_dags/tutorial_dag.py
[2026-06-28T16:09:59.865+0000] {processor.py:830} INFO - Processing file /home/airflow/.local/lib/python3.12/site-packages/airflow/example_dags/tutorial_dag.py for tasks to queue
[2026-06-28T16:09:59.869+0000] {logging_mixin.py:188} INFO - [2026-06-28T16:09:59.869+0000] {dagbag.py:545} INFO - Filling up the DagBag from /home/airflow/.local/lib/python3.12/site-packages/airflow/example_dags/tutorial_dag.py
[2026-06-28T16:09:59.875+0000] {processor.py:840} INFO - DAG(s) 'tutorial_dag' retrieved from /home/airflow/.local/lib/python3.12/site-packages/airflow/example_dags/tutorial_dag.py
[2026-06-28T16:09:59.899+0000] {logging_mixin.py:188} INFO - [2026-06-28T16:09:59.899+0000] {dag.py:3096} INFO - Sync 1 DAGs
[2026-06-28T16:09:59.924+0000] {logging_mixin.py:188} INFO - [2026-06-28T16:09:59.924+0000] {dag.py:3954} INFO - Setting next_dagrun for tutorial_dag to None, run_after=None
[2026-06-28T16:09:59.950+0000] {processor.py:183} INFO - Processing /home/airflow/.local/lib/python3.12/site-packages/airflow/example_dags/tutorial_dag.py took 0.105 seconds
[2026-06-28T16:10:30.975+0000] {processor.py:161} INFO - Started process (PID=853) to work on /home/airflow/.local/lib/python3.12/site-packages/airflow/example_dags/tutorial_dag.py
[2026-06-28T16:10:30.978+0000] {processor.py:830} INFO - Processing file /home/airflow/.local/lib/python3.12/site-packages/airflow/example_dags/tutorial_dag.py for tasks to queue
[2026-06-28T16:10:30.982+0000] {logging_mixin.py:188} INFO - [2026-06-28T16:10:30.981+0000] {dagbag.py:545} INFO - Filling up the DagBag from /home/airflow/.local/lib/python3.12/site-packages/airflow/example_dags/tutorial_dag.py
[2026-06-28T16:10:30.996+0000] {processor.py:840} INFO - DAG(s) 'tutorial_dag' retrieved from /home/airflow/.local/lib/python3.12/site-packages/airflow/example_dags/tutorial_dag.py
[2026-06-28T16:10:31.062+0000] {logging_mixin.py:188} INFO - [2026-06-28T16:10:31.062+0000] {dag.py:3096} INFO - Sync 1 DAGs
[2026-06-28T16:10:31.087+0000] {logging_mixin.py:188} INFO - [2026-06-28T16:10:31.086+0000] {dag.py:3954} INFO - Setting next_dagrun for tutorial_dag to None, run_after=None
[2026-06-28T16:10:31.128+0000] {processor.py:183} INFO - Processing /home/airflow/.local/lib/python3.12/site-packages/airflow/example_dags/tutorial_dag.py took 0.170 seconds
[2026-06-28T16:11:02.506+0000] {processor.py:161} INFO - Started process (PID=912) to work on /home/airflow/.local/lib/python3.12/site-packages/airflow/example_dags/tutorial_dag.py
[2026-06-28T16:11:02.513+0000] {processor.py:830} INFO - Processing file /home/airflow/.local/lib/python3.12/site-packages/airflow/example_dags/tutorial_dag.py for tasks to queue
[2026-06-28T16:11:02.519+0000] {logging_mixin.py:188} INFO - [2026-06-28T16:11:02.519+0000] {dagbag.py:545} INFO - Filling up the DagBag from /home/airflow/.local/lib/python3.12/site-packages/airflow/example_dags/tutorial_dag.py
[2026-06-28T16:11:02.542+0000] {processor.py:840} INFO - DAG(s) 'tutorial_dag' retrieved from /home/airflow/.local/lib/python3.12/site-packages/airflow/example_dags/tutorial_dag.py
[2026-06-28T16:11:02.613+0000] {logging_mixin.py:188} INFO - [2026-06-28T16:11:02.613+0000] {dag.py:3096} INFO - Sync 1 DAGs
[2026-06-28T16:11:02.637+0000] {logging_mixin.py:188} INFO - [2026-06-28T16:11:02.637+0000] {dag.py:3954} INFO - Setting next_dagrun for tutorial_dag to None, run_after=None
[2026-06-28T16:11:02.660+0000] {processor.py:183} INFO - Processing /home/airflow/.local/lib/python3.12/site-packages/airflow/example_dags/tutorial_dag.py took 0.183 seconds
[2026-06-28T16:11:33.109+0000] {processor.py:161} INFO - Started process (PID=971) to work on /home/airflow/.local/lib/python3.12/site-packages/airflow/example_dags/tutorial_dag.py
[2026-06-28T16:11:33.119+0000] {processor.py:830} INFO - Processing file /home/airflow/.local/lib/python3.12/site-packages/airflow/example_dags/tutorial_dag.py for tasks to queue
[2026-06-28T16:11:33.126+0000] {logging_mixin.py:188} INFO - [2026-06-28T16:11:33.125+0000] {dagbag.py:545} INFO - Filling up the DagBag from /home/airflow/.local/lib/python3.12/site-packages/airflow/example_dags/tutorial_dag.py
[2026-06-28T16:11:33.133+0000] {processor.py:840} INFO - DAG(s) 'tutorial_dag' retrieved from /home/airflow/.local/lib/python3.12/site-packages/airflow/example_dags/tutorial_dag.py
[2026-06-28T16:11:33.205+0000] {logging_mixin.py:188} INFO - [2026-06-28T16:11:33.205+0000] {dag.py:3096} INFO - Sync 1 DAGs
[2026-06-28T16:11:33.252+0000] {logging_mixin.py:188} INFO - [2026-06-28T16:11:33.252+0000] {dag.py:3954} INFO - Setting next_dagrun for tutorial_dag to None, run_after=None
[2026-06-28T16:11:33.325+0000] {processor.py:183} INFO - Processing /home/airflow/.local/lib/python3.12/site-packages/airflow/example_dags/tutorial_dag.py took 0.240 seconds
[2026-06-28T16:12:03.521+0000] {processor.py:161} INFO - Started process (PID=1030) to work on /home/airflow/.local/lib/python3.12/site-packages/airflow/example_dags/tutorial_dag.py
[2026-06-28T16:12:03.522+0000] {processor.py:830} INFO - Processing file /home/airflow/.local/lib/python3.12/site-packages/airflow/example_dags/tutorial_dag.py for tasks to queue
[2026-06-28T16:12:03.524+0000] {logging_mixin.py:188} INFO - [2026-06-28T16:12:03.524+0000] {dagbag.py:545} INFO - Filling up the DagBag from /home/airflow/.local/lib/python3.12/site-packages/airflow/example_dags/tutorial_dag.py
[2026-06-28T16:12:03.531+0000] {processor.py:840} INFO - DAG(s) 'tutorial_dag' retrieved from /home/airflow/.local/lib/python3.12/site-packages/airflow/example_dags/tutorial_dag.py
[2026-06-28T16:12:03.556+0000] {logging_mixin.py:188} INFO - [2026-06-28T16:12:03.555+0000] {dag.py:3096} INFO - Sync 1 DAGs
[2026-06-28T16:12:03.574+0000] {logging_mixin.py:188} INFO - [2026-06-28T16:12:03.573+0000] {dag.py:3954} INFO - Setting next_dagrun for tutorial_dag to None, run_after=None
[2026-06-28T16:12:03.595+0000] {processor.py:183} INFO - Processing /home/airflow/.local/lib/python3.12/site-packages/airflow/example_dags/tutorial_dag.py took 0.081 seconds
[2026-06-28T16:12:34.095+0000] {processor.py:161} INFO - Started process (PID=1089) to work on /home/airflow/.local/lib/python3.12/site-packages/airflow/example_dags/tutorial_dag.py
[2026-06-28T16:12:34.098+0000] {processor.py:830} INFO - Processing file /home/airflow/.local/lib/python3.12/site-packages/airflow/example_dags/tutorial_dag.py for tasks to queue
[2026-06-28T16:12:34.100+0000] {logging_mixin.py:188} INFO - [2026-06-28T16:12:34.100+0000] {dagbag.py:545} INFO - Filling up the DagBag from /home/airflow/.local/lib/python3.12/site-packages/airflow/example_dags/tutorial_dag.py
[2026-06-28T16:12:34.107+0000] {processor.py:840} INFO - DAG(s) 'tutorial_dag' retrieved from /home/airflow/.local/lib/python3.12/site-packages/airflow/example_dags/tutorial_dag.py
[2026-06-28T16:12:34.137+0000] {logging_mixin.py:188} INFO - [2026-06-28T16:12:34.136+0000] {dag.py:3096} INFO - Sync 1 DAGs
[2026-06-28T16:12:34.156+0000] {logging_mixin.py:188} INFO - [2026-06-28T16:12:34.156+0000] {dag.py:3954} INFO - Setting next_dagrun for tutorial_dag to None, run_after=None
[2026-06-28T16:12:34.178+0000] {processor.py:183} INFO - Processing /home/airflow/.local/lib/python3.12/site-packages/airflow/example_dags/tutorial_dag.py took 0.092 seconds
[2026-06-28T16:13:05.013+0000] {processor.py:161} INFO - Started process (PID=1148) to work on /home/airflow/.local/lib/python3.12/site-packages/airflow/example_dags/tutorial_dag.py
[2026-06-28T16:13:05.014+0000] {processor.py:830} INFO - Processing file /home/airflow/.local/lib/python3.12/site-packages/airflow/example_dags/tutorial_dag.py for tasks to queue
[2026-06-28T16:13:05.016+0000] {logging_mixin.py:188} INFO - [2026-06-28T16:13:05.016+0000] {dagbag.py:545} INFO - Filling up the DagBag from /home/airflow/.local/lib/python3.12/site-packages/airflow/example_dags/tutorial_dag.py
[2026-06-28T16:13:05.023+0000] {processor.py:840} INFO - DAG(s) 'tutorial_dag' retrieved from /home/airflow/.local/lib/python3.12/site-packages/airflow/example_dags/tutorial_dag.py
[2026-06-28T16:13:05.050+0000] {logging_mixin.py:188} INFO - [2026-06-28T16:13:05.049+0000] {dag.py:3096} INFO - Sync 1 DAGs
[2026-06-28T16:13:05.067+0000] {logging_mixin.py:188} INFO - [2026-06-28T16:13:05.067+0000] {dag.py:3954} INFO - Setting next_dagrun for tutorial_dag to None, run_after=None
[2026-06-28T16:13:05.088+0000] {processor.py:183} INFO - Processing /home/airflow/.local/lib/python3.12/site-packages/airflow/example_dags/tutorial_dag.py took 0.083 seconds
[2026-06-28T16:13:35.859+0000] {processor.py:161} INFO - Started process (PID=1207) to work on /home/airflow/.local/lib/python3.12/site-packages/airflow/example_dags/tutorial_dag.py
[2026-06-28T16:13:35.861+0000] {processor.py:830} INFO - Processing file /home/airflow/.local/lib/python3.12/site-packages/airflow/example_dags/tutorial_dag.py for tasks to queue
[2026-06-28T16:13:35.863+0000] {logging_mixin.py:188} INFO - [2026-06-28T16:13:35.863+0000] {dagbag.py:545} INFO - Filling up the DagBag from /home/airflow/.local/lib/python3.12/site-packages/airflow/example_dags/tutorial_dag.py
[2026-06-28T16:13:35.874+0000] {processor.py:840} INFO - DAG(s) 'tutorial_dag' retrieved from /home/airflow/.local/lib/python3.12/site-packages/airflow/example_dags/tutorial_dag.py
[2026-06-28T16:13:35.930+0000] {logging_mixin.py:188} INFO - [2026-06-28T16:13:35.930+0000] {dag.py:3096} INFO - Sync 1 DAGs
[2026-06-28T16:13:35.960+0000] {logging_mixin.py:188} INFO - [2026-06-28T16:13:35.960+0000] {dag.py:3954} INFO - Setting next_dagrun for tutorial_dag to None, run_after=None
[2026-06-28T16:13:36.003+0000] {processor.py:183} INFO - Processing /home/airflow/.local/lib/python3.12/site-packages/airflow/example_dags/tutorial_dag.py took 0.160 seconds
[2026-06-28T16:14:06.775+0000] {processor.py:161} INFO - Started process (PID=1266) to work on /home/airflow/.local/lib/python3.12/site-packages/airflow/example_dags/tutorial_dag.py
[2026-06-28T16:14:06.776+0000] {processor.py:830} INFO - Processing file /home/airflow/.local/lib/python3.12/site-packages/airflow/example_dags/tutorial_dag.py for tasks to queue
[2026-06-28T16:14:06.779+0000] {logging_mixin.py:188} INFO - [2026-06-28T16:14:06.778+0000] {dagbag.py:545} INFO - Filling up the DagBag from /home/airflow/.local/lib/python3.12/site-packages/airflow/example_dags/tutorial_dag.py
[2026-06-28T16:14:06.785+0000] {processor.py:840} INFO - DAG(s) 'tutorial_dag' retrieved from /home/airflow/.local/lib/python3.12/site-packages/airflow/example_dags/tutorial_dag.py
[2026-06-28T16:14:06.810+0000] {logging_mixin.py:188} INFO - [2026-06-28T16:14:06.810+0000] {dag.py:3096} INFO - Sync 1 DAGs
[2026-06-28T16:14:06.827+0000] {logging_mixin.py:188} INFO - [2026-06-28T16:14:06.826+0000] {dag.py:3954} INFO - Setting next_dagrun for tutorial_dag to None, run_after=None
[2026-06-28T16:14:06.847+0000] {processor.py:183} INFO - Processing /home/airflow/.local/lib/python3.12/site-packages/airflow/example_dags/tutorial_dag.py took 0.079 seconds
[2026-06-28T16:14:37.022+0000] {processor.py:161} INFO - Started process (PID=1324) to work on /home/airflow/.local/lib/python3.12/site-packages/airflow/example_dags/tutorial_dag.py
[2026-06-28T16:14:37.023+0000] {processor.py:830} INFO - Processing file /home/airflow/.local/lib/python3.12/site-packages/airflow/example_dags/tutorial_dag.py for tasks to queue
[2026-06-28T16:14:37.024+0000] {logging_mixin.py:188} INFO - [2026-06-28T16:14:37.024+0000] {dagbag.py:545} INFO - Filling up the DagBag from /home/airflow/.local/lib/python3.12/site-packages/airflow/example_dags/tutorial_dag.py
[2026-06-28T16:14:37.029+0000] {processor.py:840} INFO - DAG(s) 'tutorial_dag' retrieved from /home/airflow/.local/lib/python3.12/site-packages/airflow/example_dags/tutorial_dag.py
[2026-06-28T16:14:37.049+0000] {logging_mixin.py:188} INFO - [2026-06-28T16:14:37.049+0000] {dag.py:3096} INFO - Sync 1 DAGs
[2026-06-28T16:14:37.061+0000] {logging_mixin.py:188} INFO - [2026-06-28T16:14:37.061+0000] {dag.py:3954} INFO - Setting next_dagrun for tutorial_dag to None, run_after=None
[2026-06-28T16:14:37.077+0000] {processor.py:183} INFO - Processing /home/airflow/.local/lib/python3.12/site-packages/airflow/example_dags/tutorial_dag.py took 0.062 seconds
[2026-06-28T16:15:07.521+0000] {processor.py:161} INFO - Started process (PID=1383) to work on /home/airflow/.local/lib/python3.12/site-packages/airflow/example_dags/tutorial_dag.py
[2026-06-28T16:15:07.522+0000] {processor.py:830} INFO - Processing file /home/airflow/.local/lib/python3.12/site-packages/airflow/example_dags/tutorial_dag.py for tasks to queue
[2026-06-28T16:15:07.524+0000] {logging_mixin.py:188} INFO - [2026-06-28T16:15:07.524+0000] {dagbag.py:545} INFO - Filling up the DagBag from /home/airflow/.local/lib/python3.12/site-packages/airflow/example_dags/tutorial_dag.py
[2026-06-28T16:15:07.531+0000] {processor.py:840} INFO - DAG(s) 'tutorial_dag' retrieved from /home/airflow/.local/lib/python3.12/site-packages/airflow/example_dags/tutorial_dag.py
[2026-06-28T16:15:07.558+0000] {logging_mixin.py:188} INFO - [2026-06-28T16:15:07.558+0000] {dag.py:3096} INFO - Sync 1 DAGs
[2026-06-28T16:15:07.576+0000] {logging_mixin.py:188} INFO - [2026-06-28T16:15:07.576+0000] {dag.py:3954} INFO - Setting next_dagrun for tutorial_dag to None, run_after=None
[2026-06-28T16:15:07.600+0000] {processor.py:183} INFO - Processing /home/airflow/.local/lib/python3.12/site-packages/airflow/example_dags/tutorial_dag.py took 0.086 seconds
[2026-06-28T16:15:38.561+0000] {processor.py:161} INFO - Started process (PID=1443) to work on /home/airflow/.local/lib/python3.12/site-packages/airflow/example_dags/tutorial_dag.py
[2026-06-28T16:15:38.562+0000] {processor.py:830} INFO - Processing file /home/airflow/.local/lib/python3.12/site-packages/airflow/example_dags/tutorial_dag.py for tasks to queue
[2026-06-28T16:15:38.564+0000] {logging_mixin.py:188} INFO - [2026-06-28T16:15:38.563+0000] {dagbag.py:545} INFO - Filling up the DagBag from /home/airflow/.local/lib/python3.12/site-packages/airflow/example_dags/tutorial_dag.py
[2026-06-28T16:15:38.571+0000] {processor.py:840} INFO - DAG(s) 'tutorial_dag' retrieved from /home/airflow/.local/lib/python3.12/site-packages/airflow/example_dags/tutorial_dag.py
[2026-06-28T16:15:38.597+0000] {logging_mixin.py:188} INFO - [2026-06-28T16:15:38.596+0000] {dag.py:3096} INFO - Sync 1 DAGs
[2026-06-28T16:15:38.622+0000] {logging_mixin.py:188} INFO - [2026-06-28T16:15:38.622+0000] {dag.py:3954} INFO - Setting next_dagrun for tutorial_dag to None, run_after=None
[2026-06-28T16:15:38.685+0000] {processor.py:183} INFO - Processing /home/airflow/.local/lib/python3.12/site-packages/airflow/example_dags/tutorial_dag.py took 0.131 seconds
[2026-06-28T16:16:08.994+0000] {processor.py:161} INFO - Started process (PID=1501) to work on /home/airflow/.local/lib/python3.12/site-packages/airflow/example_dags/tutorial_dag.py
[2026-06-28T16:16:08.997+0000] {processor.py:830} INFO - Processing file /home/airflow/.local/lib/python3.12/site-packages/airflow/example_dags/tutorial_dag.py for tasks to queue
[2026-06-28T16:16:09.004+0000] {logging_mixin.py:188} INFO - [2026-06-28T16:16:09.002+0000] {dagbag.py:545} INFO - Filling up the DagBag from /home/airflow/.local/lib/python3.12/site-packages/airflow/example_dags/tutorial_dag.py
[2026-06-28T16:16:09.019+0000] {processor.py:840} INFO - DAG(s) 'tutorial_dag' retrieved from /home/airflow/.local/lib/python3.12/site-packages/airflow/example_dags/tutorial_dag.py
[2026-06-28T16:16:09.057+0000] {logging_mixin.py:188} INFO - [2026-06-28T16:16:09.056+0000] {dag.py:3096} INFO - Sync 1 DAGs
[2026-06-28T16:16:09.077+0000] {logging_mixin.py:188} INFO - [2026-06-28T16:16:09.076+0000] {dag.py:3954} INFO - Setting next_dagrun for tutorial_dag to None, run_after=None
[2026-06-28T16:16:09.101+0000] {processor.py:183} INFO - Processing /home/airflow/.local/lib/python3.12/site-packages/airflow/example_dags/tutorial_dag.py took 0.116 seconds
[2026-06-28T16:16:39.551+0000] {processor.py:161} INFO - Started process (PID=1560) to work on /home/airflow/.local/lib/python3.12/site-packages/airflow/example_dags/tutorial_dag.py
[2026-06-28T16:16:39.552+0000] {processor.py:830} INFO - Processing file /home/airflow/.local/lib/python3.12/site-packages/airflow/example_dags/tutorial_dag.py for tasks to queue
[2026-06-28T16:16:39.553+0000] {logging_mixin.py:188} INFO - [2026-06-28T16:16:39.553+0000] {dagbag.py:545} INFO - Filling up the DagBag from /home/airflow/.local/lib/python3.12/site-packages/airflow/example_dags/tutorial_dag.py
[2026-06-28T16:16:39.558+0000] {processor.py:840} INFO - DAG(s) 'tutorial_dag' retrieved from /home/airflow/.local/lib/python3.12/site-packages/airflow/example_dags/tutorial_dag.py
[2026-06-28T16:16:39.579+0000] {logging_mixin.py:188} INFO - [2026-06-28T16:16:39.578+0000] {dag.py:3096} INFO - Sync 1 DAGs
[2026-06-28T16:16:39.591+0000] {logging_mixin.py:188} INFO - [2026-06-28T16:16:39.590+0000] {dag.py:3954} INFO - Setting next_dagrun for tutorial_dag to None, run_after=None
[2026-06-28T16:16:39.607+0000] {processor.py:183} INFO - Processing /home/airflow/.local/lib/python3.12/site-packages/airflow/example_dags/tutorial_dag.py took 0.062 seconds
[2026-06-28T16:17:10.196+0000] {processor.py:161} INFO - Started process (PID=1619) to work on /home/airflow/.local/lib/python3.12/site-packages/airflow/example_dags/tutorial_dag.py
[2026-06-28T16:17:10.200+0000] {processor.py:830} INFO - Processing file /home/airflow/.local/lib/python3.12/site-packages/airflow/example_dags/tutorial_dag.py for tasks to queue
[2026-06-28T16:17:10.207+0000] {logging_mixin.py:188} INFO - [2026-06-28T16:17:10.206+0000] {dagbag.py:545} INFO - Filling up the DagBag from /home/airflow/.local/lib/python3.12/site-packages/airflow/example_dags/tutorial_dag.py
[2026-06-28T16:17:10.219+0000] {processor.py:840} INFO - DAG(s) 'tutorial_dag' retrieved from /home/airflow/.local/lib/python3.12/site-packages/airflow/example_dags/tutorial_dag.py
[2026-06-28T16:17:10.271+0000] {logging_mixin.py:188} INFO - [2026-06-28T16:17:10.270+0000] {dag.py:3096} INFO - Sync 1 DAGs
[2026-06-28T16:17:10.305+0000] {logging_mixin.py:188} INFO - [2026-06-28T16:17:10.305+0000] {dag.py:3954} INFO - Setting next_dagrun for tutorial_dag to None, run_after=None
[2026-06-28T16:17:10.355+0000] {processor.py:183} INFO - Processing /home/airflow/.local/lib/python3.12/site-packages/airflow/example_dags/tutorial_dag.py took 0.188 seconds
[2026-06-28T16:17:40.752+0000] {processor.py:161} INFO - Started process (PID=1677) to work on /home/airflow/.local/lib/python3.12/site-packages/airflow/example_dags/tutorial_dag.py
[2026-06-28T16:17:40.752+0000] {processor.py:830} INFO - Processing file /home/airflow/.local/lib/python3.12/site-packages/airflow/example_dags/tutorial_dag.py for tasks to queue
[2026-06-28T16:17:40.754+0000] {logging_mixin.py:188} INFO - [2026-06-28T16:17:40.754+0000] {dagbag.py:545} INFO - Filling up the DagBag from /home/airflow/.local/lib/python3.12/site-packages/airflow/example_dags/tutorial_dag.py
[2026-06-28T16:17:40.909+0000] {processor.py:840} INFO - DAG(s) 'tutorial_dag' retrieved from /home/airflow/.local/lib/python3.12/site-packages/airflow/example_dags/tutorial_dag.py
[2026-06-28T16:17:40.929+0000] {logging_mixin.py:188} INFO - [2026-06-28T16:17:40.929+0000] {dag.py:3096} INFO - Sync 1 DAGs
[2026-06-28T16:17:40.943+0000] {logging_mixin.py:188} INFO - [2026-06-28T16:17:40.943+0000] {dag.py:3954} INFO - Setting next_dagrun for tutorial_dag to None, run_after=None
[2026-06-28T16:17:40.959+0000] {processor.py:183} INFO - Processing /home/airflow/.local/lib/python3.12/site-packages/airflow/example_dags/tutorial_dag.py took 0.213 seconds
[2026-06-28T16:18:11.480+0000] {processor.py:161} INFO - Started process (PID=1736) to work on /home/airflow/.local/lib/python3.12/site-packages/airflow/example_dags/tutorial_dag.py
[2026-06-28T16:18:11.481+0000] {processor.py:830} INFO - Processing file /home/airflow/.local/lib/python3.12/site-packages/airflow/example_dags/tutorial_dag.py for tasks to queue
[2026-06-28T16:18:11.483+0000] {logging_mixin.py:188} INFO - [2026-06-28T16:18:11.483+0000] {dagbag.py:545} INFO - Filling up the DagBag from /home/airflow/.local/lib/python3.12/site-packages/airflow/example_dags/tutorial_dag.py
[2026-06-28T16:18:11.489+0000] {processor.py:840} INFO - DAG(s) 'tutorial_dag' retrieved from /home/airflow/.local/lib/python3.12/site-packages/airflow/example_dags/tutorial_dag.py
[2026-06-28T16:18:11.566+0000] {logging_mixin.py:188} INFO - [2026-06-28T16:18:11.566+0000] {dag.py:3096} INFO - Sync 1 DAGs
[2026-06-28T16:18:11.587+0000] {logging_mixin.py:188} INFO - [2026-06-28T16:18:11.586+0000] {dag.py:3954} INFO - Setting next_dagrun for tutorial_dag to None, run_after=None
[2026-06-28T16:18:11.637+0000] {processor.py:183} INFO - Processing /home/airflow/.local/lib/python3.12/site-packages/airflow/example_dags/tutorial_dag.py took 0.166 seconds
[2026-06-28T16:18:42.005+0000] {processor.py:161} INFO - Started process (PID=1795) to work on /home/airflow/.local/lib/python3.12/site-packages/airflow/example_dags/tutorial_dag.py
[2026-06-28T16:18:42.006+0000] {processor.py:830} INFO - Processing file /home/airflow/.local/lib/python3.12/site-packages/airflow/example_dags/tutorial_dag.py for tasks to queue
[2026-06-28T16:18:42.009+0000] {logging_mixin.py:188} INFO - [2026-06-28T16:18:42.008+0000] {dagbag.py:545} INFO - Filling up the DagBag from /home/airflow/.local/lib/python3.12/site-packages/airflow/example_dags/tutorial_dag.py
[2026-06-28T16:18:42.017+0000] {processor.py:840} INFO - DAG(s) 'tutorial_dag' retrieved from /home/airflow/.local/lib/python3.12/site-packages/airflow/example_dags/tutorial_dag.py
[2026-06-28T16:18:42.061+0000] {logging_mixin.py:188} INFO - [2026-06-28T16:18:42.060+0000] {dag.py:3096} INFO - Sync 1 DAGs
[2026-06-28T16:18:42.081+0000] {logging_mixin.py:188} INFO - [2026-06-28T16:18:42.080+0000] {dag.py:3954} INFO - Setting next_dagrun for tutorial_dag to None, run_after=None
[2026-06-28T16:18:42.107+0000] {processor.py:183} INFO - Processing /home/airflow/.local/lib/python3.12/site-packages/airflow/example_dags/tutorial_dag.py took 0.108 seconds
[2026-06-28T16:19:13.034+0000] {processor.py:161} INFO - Started process (PID=1853) to work on /home/airflow/.local/lib/python3.12/site-packages/airflow/example_dags/tutorial_dag.py
[2026-06-28T16:19:13.035+0000] {processor.py:830} INFO - Processing file /home/airflow/.local/lib/python3.12/site-packages/airflow/example_dags/tutorial_dag.py for tasks to queue
[2026-06-28T16:19:13.036+0000] {logging_mixin.py:188} INFO - [2026-06-28T16:19:13.036+0000] {dagbag.py:545} INFO - Filling up the DagBag from /home/airflow/.local/lib/python3.12/site-packages/airflow/example_dags/tutorial_dag.py
[2026-06-28T16:19:13.041+0000] {processor.py:840} INFO - DAG(s) 'tutorial_dag' retrieved from /home/airflow/.local/lib/python3.12/site-packages/airflow/example_dags/tutorial_dag.py
[2026-06-28T16:19:13.060+0000] {logging_mixin.py:188} INFO - [2026-06-28T16:19:13.060+0000] {dag.py:3096} INFO - Sync 1 DAGs
[2026-06-28T16:19:13.071+0000] {logging_mixin.py:188} INFO - [2026-06-28T16:19:13.071+0000] {dag.py:3954} INFO - Setting next_dagrun for tutorial_dag to None, run_after=None
[2026-06-28T16:19:13.088+0000] {processor.py:183} INFO - Processing /home/airflow/.local/lib/python3.12/site-packages/airflow/example_dags/tutorial_dag.py took 0.059 seconds
[2026-06-28T16:19:43.810+0000] {processor.py:161} INFO - Started process (PID=1912) to work on /home/airflow/.local/lib/python3.12/site-packages/airflow/example_dags/tutorial_dag.py
[2026-06-28T16:19:43.811+0000] {processor.py:830} INFO - Processing file /home/airflow/.local/lib/python3.12/site-packages/airflow/example_dags/tutorial_dag.py for tasks to queue
[2026-06-28T16:19:43.812+0000] {logging_mixin.py:188} INFO - [2026-06-28T16:19:43.812+0000] {dagbag.py:545} INFO - Filling up the DagBag from /home/airflow/.local/lib/python3.12/site-packages/airflow/example_dags/tutorial_dag.py
[2026-06-28T16:19:43.817+0000] {processor.py:840} INFO - DAG(s) 'tutorial_dag' retrieved from /home/airflow/.local/lib/python3.12/site-packages/airflow/example_dags/tutorial_dag.py
[2026-06-28T16:19:43.836+0000] {logging_mixin.py:188} INFO - [2026-06-28T16:19:43.836+0000] {dag.py:3096} INFO - Sync 1 DAGs
[2026-06-28T16:19:43.853+0000] {logging_mixin.py:188} INFO - [2026-06-28T16:19:43.853+0000] {dag.py:3954} INFO - Setting next_dagrun for tutorial_dag to None, run_after=None
[2026-06-28T16:19:43.872+0000] {processor.py:183} INFO - Processing /home/airflow/.local/lib/python3.12/site-packages/airflow/example_dags/tutorial_dag.py took 0.067 seconds
[2026-06-28T16:20:14.852+0000] {processor.py:161} INFO - Started process (PID=1971) to work on /home/airflow/.local/lib/python3.12/site-packages/airflow/example_dags/tutorial_dag.py
[2026-06-28T16:20:14.853+0000] {processor.py:830} INFO - Processing file /home/airflow/.local/lib/python3.12/site-packages/airflow/example_dags/tutorial_dag.py for tasks to queue
[2026-06-28T16:20:14.856+0000] {logging_mixin.py:188} INFO - [2026-06-28T16:20:14.854+0000] {dagbag.py:545} INFO - Filling up the DagBag from /home/airflow/.local/lib/python3.12/site-packages/airflow/example_dags/tutorial_dag.py
[2026-06-28T16:20:14.873+0000] {processor.py:840} INFO - DAG(s) 'tutorial_dag' retrieved from /home/airflow/.local/lib/python3.12/site-packages/airflow/example_dags/tutorial_dag.py
[2026-06-28T16:20:14.903+0000] {logging_mixin.py:188} INFO - [2026-06-28T16:20:14.903+0000] {dag.py:3096} INFO - Sync 1 DAGs
[2026-06-28T16:20:14.922+0000] {logging_mixin.py:188} INFO - [2026-06-28T16:20:14.922+0000] {dag.py:3954} INFO - Setting next_dagrun for tutorial_dag to None, run_after=None
[2026-06-28T16:20:14.944+0000] {processor.py:183} INFO - Processing /home/airflow/.local/lib/python3.12/site-packages/airflow/example_dags/tutorial_dag.py took 0.111 seconds
[2026-06-28T16:20:45.512+0000] {processor.py:161} INFO - Started process (PID=2030) to work on /home/airflow/.local/lib/python3.12/site-packages/airflow/example_dags/tutorial_dag.py
[2026-06-28T16:20:45.513+0000] {processor.py:830} INFO - Processing file /home/airflow/.local/lib/python3.12/site-packages/airflow/example_dags/tutorial_dag.py for tasks to queue
[2026-06-28T16:20:45.515+0000] {logging_mixin.py:188} INFO - [2026-06-28T16:20:45.514+0000] {dagbag.py:545} INFO - Filling up the DagBag from /home/airflow/.local/lib/python3.12/site-packages/airflow/example_dags/tutorial_dag.py
[2026-06-28T16:20:45.521+0000] {processor.py:840} INFO - DAG(s) 'tutorial_dag' retrieved from /home/airflow/.local/lib/python3.12/site-packages/airflow/example_dags/tutorial_dag.py
[2026-06-28T16:20:45.547+0000] {logging_mixin.py:188} INFO - [2026-06-28T16:20:45.546+0000] {dag.py:3096} INFO - Sync 1 DAGs
[2026-06-28T16:20:45.565+0000] {logging_mixin.py:188} INFO - [2026-06-28T16:20:45.564+0000] {dag.py:3954} INFO - Setting next_dagrun for tutorial_dag to None, run_after=None
[2026-06-28T16:20:45.609+0000] {processor.py:183} INFO - Processing /home/airflow/.local/lib/python3.12/site-packages/airflow/example_dags/tutorial_dag.py took 0.105 seconds
[2026-06-28T16:21:15.897+0000] {processor.py:161} INFO - Started process (PID=2089) to work on /home/airflow/.local/lib/python3.12/site-packages/airflow/example_dags/tutorial_dag.py
[2026-06-28T16:21:15.898+0000] {processor.py:830} INFO - Processing file /home/airflow/.local/lib/python3.12/site-packages/airflow/example_dags/tutorial_dag.py for tasks to queue
[2026-06-28T16:21:15.900+0000] {logging_mixin.py:188} INFO - [2026-06-28T16:21:15.900+0000] {dagbag.py:545} INFO - Filling up the DagBag from /home/airflow/.local/lib/python3.12/site-packages/airflow/example_dags/tutorial_dag.py
[2026-06-28T16:21:15.907+0000] {processor.py:840} INFO - DAG(s) 'tutorial_dag' retrieved from /home/airflow/.local/lib/python3.12/site-packages/airflow/example_dags/tutorial_dag.py
[2026-06-28T16:21:15.936+0000] {logging_mixin.py:188} INFO - [2026-06-28T16:21:15.936+0000] {dag.py:3096} INFO - Sync 1 DAGs
[2026-06-28T16:21:15.953+0000] {logging_mixin.py:188} INFO - [2026-06-28T16:21:15.953+0000] {dag.py:3954} INFO - Setting next_dagrun for tutorial_dag to None, run_after=None
[2026-06-28T16:21:15.974+0000] {processor.py:183} INFO - Processing /home/airflow/.local/lib/python3.12/site-packages/airflow/example_dags/tutorial_dag.py took 0.084 seconds
[2026-06-28T16:21:46.262+0000] {processor.py:161} INFO - Started process (PID=2148) to work on /home/airflow/.local/lib/python3.12/site-packages/airflow/example_dags/tutorial_dag.py
[2026-06-28T16:21:46.263+0000] {processor.py:830} INFO - Processing file /home/airflow/.local/lib/python3.12/site-packages/airflow/example_dags/tutorial_dag.py for tasks to queue
[2026-06-28T16:21:46.266+0000] {logging_mixin.py:188} INFO - [2026-06-28T16:21:46.265+0000] {dagbag.py:545} INFO - Filling up the DagBag from /home/airflow/.local/lib/python3.12/site-packages/airflow/example_dags/tutorial_dag.py
[2026-06-28T16:21:46.273+0000] {processor.py:840} INFO - DAG(s) 'tutorial_dag' retrieved from /home/airflow/.local/lib/python3.12/site-packages/airflow/example_dags/tutorial_dag.py
[2026-06-28T16:21:46.312+0000] {logging_mixin.py:188} INFO - [2026-06-28T16:21:46.312+0000] {dag.py:3096} INFO - Sync 1 DAGs
[2026-06-28T16:21:46.329+0000] {logging_mixin.py:188} INFO - [2026-06-28T16:21:46.329+0000] {dag.py:3954} INFO - Setting next_dagrun for tutorial_dag to None, run_after=None
[2026-06-28T16:21:46.356+0000] {processor.py:183} INFO - Processing /home/airflow/.local/lib/python3.12/site-packages/airflow/example_dags/tutorial_dag.py took 0.111 seconds
[2026-06-28T16:22:16.562+0000] {processor.py:161} INFO - Started process (PID=2207) to work on /home/airflow/.local/lib/python3.12/site-packages/airflow/example_dags/tutorial_dag.py
[2026-06-28T16:22:16.571+0000] {processor.py:830} INFO - Processing file /home/airflow/.local/lib/python3.12/site-packages/airflow/example_dags/tutorial_dag.py for tasks to queue
[2026-06-28T16:22:16.577+0000] {logging_mixin.py:188} INFO - [2026-06-28T16:22:16.577+0000] {dagbag.py:545} INFO - Filling up the DagBag from /home/airflow/.local/lib/python3.12/site-packages/airflow/example_dags/tutorial_dag.py
[2026-06-28T16:22:16.606+0000] {processor.py:840} INFO - DAG(s) 'tutorial_dag' retrieved from /home/airflow/.local/lib/python3.12/site-packages/airflow/example_dags/tutorial_dag.py
[2026-06-28T16:22:16.688+0000] {logging_mixin.py:188} INFO - [2026-06-28T16:22:16.688+0000] {dag.py:3096} INFO - Sync 1 DAGs
[2026-06-28T16:22:16.741+0000] {logging_mixin.py:188} INFO - [2026-06-28T16:22:16.739+0000] {dag.py:3954} INFO - Setting next_dagrun for tutorial_dag to None, run_after=None
[2026-06-28T16:22:16.829+0000] {processor.py:183} INFO - Processing /home/airflow/.local/lib/python3.12/site-packages/airflow/example_dags/tutorial_dag.py took 0.297 seconds
[2026-06-28T16:22:47.760+0000] {processor.py:161} INFO - Started process (PID=2265) to work on /home/airflow/.local/lib/python3.12/site-packages/airflow/example_dags/tutorial_dag.py
[2026-06-28T16:22:47.760+0000] {processor.py:830} INFO - Processing file /home/airflow/.local/lib/python3.12/site-packages/airflow/example_dags/tutorial_dag.py for tasks to queue
[2026-06-28T16:22:47.763+0000] {logging_mixin.py:188} INFO - [2026-06-28T16:22:47.762+0000] {dagbag.py:545} INFO - Filling up the DagBag from /home/airflow/.local/lib/python3.12/site-packages/airflow/example_dags/tutorial_dag.py
[2026-06-28T16:22:47.773+0000] {processor.py:840} INFO - DAG(s) 'tutorial_dag' retrieved from /home/airflow/.local/lib/python3.12/site-packages/airflow/example_dags/tutorial_dag.py
[2026-06-28T16:22:47.814+0000] {logging_mixin.py:188} INFO - [2026-06-28T16:22:47.813+0000] {dag.py:3096} INFO - Sync 1 DAGs
[2026-06-28T16:22:47.854+0000] {logging_mixin.py:188} INFO - [2026-06-28T16:22:47.853+0000] {dag.py:3954} INFO - Setting next_dagrun for tutorial_dag to None, run_after=None
[2026-06-28T16:22:47.883+0000] {processor.py:183} INFO - Processing /home/airflow/.local/lib/python3.12/site-packages/airflow/example_dags/tutorial_dag.py took 0.130 seconds
[2026-06-28T16:23:18.216+0000] {processor.py:161} INFO - Started process (PID=2324) to work on /home/airflow/.local/lib/python3.12/site-packages/airflow/example_dags/tutorial_dag.py
[2026-06-28T16:23:18.218+0000] {processor.py:830} INFO - Processing file /home/airflow/.local/lib/python3.12/site-packages/airflow/example_dags/tutorial_dag.py for tasks to queue
[2026-06-28T16:23:18.222+0000] {logging_mixin.py:188} INFO - [2026-06-28T16:23:18.221+0000] {dagbag.py:545} INFO - Filling up the DagBag from /home/airflow/.local/lib/python3.12/site-packages/airflow/example_dags/tutorial_dag.py
[2026-06-28T16:23:18.240+0000] {processor.py:840} INFO - DAG(s) 'tutorial_dag' retrieved from /home/airflow/.local/lib/python3.12/site-packages/airflow/example_dags/tutorial_dag.py
[2026-06-28T16:23:18.335+0000] {logging_mixin.py:188} INFO - [2026-06-28T16:23:18.333+0000] {dag.py:3096} INFO - Sync 1 DAGs
[2026-06-28T16:23:18.400+0000] {logging_mixin.py:188} INFO - [2026-06-28T16:23:18.399+0000] {dag.py:3954} INFO - Setting next_dagrun for tutorial_dag to None, run_after=None
[2026-06-28T16:23:18.522+0000] {processor.py:183} INFO - Processing /home/airflow/.local/lib/python3.12/site-packages/airflow/example_dags/tutorial_dag.py took 0.313 seconds
[2026-06-28T16:23:48.855+0000] {processor.py:161} INFO - Started process (PID=2383) to work on /home/airflow/.local/lib/python3.12/site-packages/airflow/example_dags/tutorial_dag.py
[2026-06-28T16:23:48.856+0000] {processor.py:830} INFO - Processing file /home/airflow/.local/lib/python3.12/site-packages/airflow/example_dags/tutorial_dag.py for tasks to queue
[2026-06-28T16:23:48.858+0000] {logging_mixin.py:188} INFO - [2026-06-28T16:23:48.858+0000] {dagbag.py:545} INFO - Filling up the DagBag from /home/airflow/.local/lib/python3.12/site-packages/airflow/example_dags/tutorial_dag.py
[2026-06-28T16:23:48.865+0000] {processor.py:840} INFO - DAG(s) 'tutorial_dag' retrieved from /home/airflow/.local/lib/python3.12/site-packages/airflow/example_dags/tutorial_dag.py
[2026-06-28T16:23:48.889+0000] {logging_mixin.py:188} INFO - [2026-06-28T16:23:48.889+0000] {dag.py:3096} INFO - Sync 1 DAGs
[2026-06-28T16:23:48.905+0000] {logging_mixin.py:188} INFO - [2026-06-28T16:23:48.905+0000] {dag.py:3954} INFO - Setting next_dagrun for tutorial_dag to None, run_after=None
[2026-06-28T16:23:48.926+0000] {processor.py:183} INFO - Processing /home/airflow/.local/lib/python3.12/site-packages/airflow/example_dags/tutorial_dag.py took 0.079 seconds
[2026-06-28T16:24:19.637+0000] {processor.py:161} INFO - Started process (PID=2442) to work on /home/airflow/.local/lib/python3.12/site-packages/airflow/example_dags/tutorial_dag.py
[2026-06-28T16:24:19.638+0000] {processor.py:830} INFO - Processing file /home/airflow/.local/lib/python3.12/site-packages/airflow/example_dags/tutorial_dag.py for tasks to queue
[2026-06-28T16:24:19.641+0000] {logging_mixin.py:188} INFO - [2026-06-28T16:24:19.640+0000] {dagbag.py:545} INFO - Filling up the DagBag from /home/airflow/.local/lib/python3.12/site-packages/airflow/example_dags/tutorial_dag.py
[2026-06-28T16:24:19.647+0000] {processor.py:840} INFO - DAG(s) 'tutorial_dag' retrieved from /home/airflow/.local/lib/python3.12/site-packages/airflow/example_dags/tutorial_dag.py
[2026-06-28T16:24:19.672+0000] {logging_mixin.py:188} INFO - [2026-06-28T16:24:19.672+0000] {dag.py:3096} INFO - Sync 1 DAGs
[2026-06-28T16:24:19.689+0000] {logging_mixin.py:188} INFO - [2026-06-28T16:24:19.689+0000] {dag.py:3954} INFO - Setting next_dagrun for tutorial_dag to None, run_after=None
[2026-06-28T16:24:19.712+0000] {processor.py:183} INFO - Processing /home/airflow/.local/lib/python3.12/site-packages/airflow/example_dags/tutorial_dag.py took 0.082 seconds
[2026-06-28T16:24:49.936+0000] {processor.py:161} INFO - Started process (PID=2501) to work on /home/airflow/.local/lib/python3.12/site-packages/airflow/example_dags/tutorial_dag.py
[2026-06-28T16:24:49.937+0000] {processor.py:830} INFO - Processing file /home/airflow/.local/lib/python3.12/site-packages/airflow/example_dags/tutorial_dag.py for tasks to queue
[2026-06-28T16:24:49.942+0000] {logging_mixin.py:188} INFO - [2026-06-28T16:24:49.942+0000] {dagbag.py:545} INFO - Filling up the DagBag from /home/airflow/.local/lib/python3.12/site-packages/airflow/example_dags/tutorial_dag.py
[2026-06-28T16:24:49.958+0000] {processor.py:840} INFO - DAG(s) 'tutorial_dag' retrieved from /home/airflow/.local/lib/python3.12/site-packages/airflow/example_dags/tutorial_dag.py
[2026-06-28T16:24:50.000+0000] {logging_mixin.py:188} INFO - [2026-06-28T16:24:50.000+0000] {dag.py:3096} INFO - Sync 1 DAGs
[2026-06-28T16:24:50.023+0000] {logging_mixin.py:188} INFO - [2026-06-28T16:24:50.023+0000] {dag.py:3954} INFO - Setting next_dagrun for tutorial_dag to None, run_after=None
[2026-06-28T16:24:50.077+0000] {processor.py:183} INFO - Processing /home/airflow/.local/lib/python3.12/site-packages/airflow/example_dags/tutorial_dag.py took 0.153 seconds
[2026-06-28T16:25:20.311+0000] {processor.py:161} INFO - Started process (PID=2560) to work on /home/airflow/.local/lib/python3.12/site-packages/airflow/example_dags/tutorial_dag.py
[2026-06-28T16:25:20.311+0000] {processor.py:830} INFO - Processing file /home/airflow/.local/lib/python3.12/site-packages/airflow/example_dags/tutorial_dag.py for tasks to queue
[2026-06-28T16:25:20.313+0000] {logging_mixin.py:188} INFO - [2026-06-28T16:25:20.313+0000] {dagbag.py:545} INFO - Filling up the DagBag from /home/airflow/.local/lib/python3.12/site-packages/airflow/example_dags/tutorial_dag.py
[2026-06-28T16:25:20.320+0000] {processor.py:840} INFO - DAG(s) 'tutorial_dag' retrieved from /home/airflow/.local/lib/python3.12/site-packages/airflow/example_dags/tutorial_dag.py
[2026-06-28T16:25:20.348+0000] {logging_mixin.py:188} INFO - [2026-06-28T16:25:20.347+0000] {dag.py:3096} INFO - Sync 1 DAGs
[2026-06-28T16:25:20.366+0000] {logging_mixin.py:188} INFO - [2026-06-28T16:25:20.366+0000] {dag.py:3954} INFO - Setting next_dagrun for tutorial_dag to None, run_after=None
[2026-06-28T16:25:20.388+0000] {processor.py:183} INFO - Processing /home/airflow/.local/lib/python3.12/site-packages/airflow/example_dags/tutorial_dag.py took 0.085 seconds
[2026-06-28T16:25:50.961+0000] {processor.py:161} INFO - Started process (PID=2619) to work on /home/airflow/.local/lib/python3.12/site-packages/airflow/example_dags/tutorial_dag.py
[2026-06-28T16:25:50.962+0000] {processor.py:830} INFO - Processing file /home/airflow/.local/lib/python3.12/site-packages/airflow/example_dags/tutorial_dag.py for tasks to queue
[2026-06-28T16:25:50.964+0000] {logging_mixin.py:188} INFO - [2026-06-28T16:25:50.964+0000] {dagbag.py:545} INFO - Filling up the DagBag from /home/airflow/.local/lib/python3.12/site-packages/airflow/example_dags/tutorial_dag.py
[2026-06-28T16:25:50.971+0000] {processor.py:840} INFO - DAG(s) 'tutorial_dag' retrieved from /home/airflow/.local/lib/python3.12/site-packages/airflow/example_dags/tutorial_dag.py
[2026-06-28T16:25:50.995+0000] {logging_mixin.py:188} INFO - [2026-06-28T16:25:50.995+0000] {dag.py:3096} INFO - Sync 1 DAGs
[2026-06-28T16:25:51.017+0000] {logging_mixin.py:188} INFO - [2026-06-28T16:25:51.017+0000] {dag.py:3954} INFO - Setting next_dagrun for tutorial_dag to None, run_after=None
[2026-06-28T16:25:51.038+0000] {processor.py:183} INFO - Processing /home/airflow/.local/lib/python3.12/site-packages/airflow/example_dags/tutorial_dag.py took 0.086 seconds
[2026-06-28T16:26:21.745+0000] {processor.py:161} INFO - Started process (PID=2678) to work on /home/airflow/.local/lib/python3.12/site-packages/airflow/example_dags/tutorial_dag.py
[2026-06-28T16:26:21.746+0000] {processor.py:830} INFO - Processing file /home/airflow/.local/lib/python3.12/site-packages/airflow/example_dags/tutorial_dag.py for tasks to queue
[2026-06-28T16:26:21.747+0000] {logging_mixin.py:188} INFO - [2026-06-28T16:26:21.747+0000] {dagbag.py:545} INFO - Filling up the DagBag from /home/airflow/.local/lib/python3.12/site-packages/airflow/example_dags/tutorial_dag.py
[2026-06-28T16:26:21.754+0000] {processor.py:840} INFO - DAG(s) 'tutorial_dag' retrieved from /home/airflow/.local/lib/python3.12/site-packages/airflow/example_dags/tutorial_dag.py
[2026-06-28T16:26:21.778+0000] {logging_mixin.py:188} INFO - [2026-06-28T16:26:21.778+0000] {dag.py:3096} INFO - Sync 1 DAGs
[2026-06-28T16:26:21.802+0000] {logging_mixin.py:188} INFO - [2026-06-28T16:26:21.802+0000] {dag.py:3954} INFO - Setting next_dagrun for tutorial_dag to None, run_after=None
[2026-06-28T16:26:21.824+0000] {processor.py:183} INFO - Processing /home/airflow/.local/lib/python3.12/site-packages/airflow/example_dags/tutorial_dag.py took 0.086 seconds
[2026-06-28T16:26:52.740+0000] {processor.py:161} INFO - Started process (PID=2737) to work on /home/airflow/.local/lib/python3.12/site-packages/airflow/example_dags/tutorial_dag.py
[2026-06-28T16:26:52.741+0000] {processor.py:830} INFO - Processing file /home/airflow/.local/lib/python3.12/site-packages/airflow/example_dags/tutorial_dag.py for tasks to queue
[2026-06-28T16:26:52.744+0000] {logging_mixin.py:188} INFO - [2026-06-28T16:26:52.744+0000] {dagbag.py:545} INFO - Filling up the DagBag from /home/airflow/.local/lib/python3.12/site-packages/airflow/example_dags/tutorial_dag.py
[2026-06-28T16:26:52.765+0000] {processor.py:840} INFO - DAG(s) 'tutorial_dag' retrieved from /home/airflow/.local/lib/python3.12/site-packages/airflow/example_dags/tutorial_dag.py
[2026-06-28T16:26:52.848+0000] {logging_mixin.py:188} INFO - [2026-06-28T16:26:52.848+0000] {dag.py:3096} INFO - Sync 1 DAGs
[2026-06-28T16:26:52.872+0000] {logging_mixin.py:188} INFO - [2026-06-28T16:26:52.871+0000] {dag.py:3954} INFO - Setting next_dagrun for tutorial_dag to None, run_after=None
[2026-06-28T16:26:52.901+0000] {processor.py:183} INFO - Processing /home/airflow/.local/lib/python3.12/site-packages/airflow/example_dags/tutorial_dag.py took 0.170 seconds
[2026-06-28T16:27:23.485+0000] {processor.py:161} INFO - Started process (PID=2796) to work on /home/airflow/.local/lib/python3.12/site-packages/airflow/example_dags/tutorial_dag.py
[2026-06-28T16:27:23.486+0000] {processor.py:830} INFO - Processing file /home/airflow/.local/lib/python3.12/site-packages/airflow/example_dags/tutorial_dag.py for tasks to queue
[2026-06-28T16:27:23.488+0000] {logging_mixin.py:188} INFO - [2026-06-28T16:27:23.488+0000] {dagbag.py:545} INFO - Filling up the DagBag from /home/airflow/.local/lib/python3.12/site-packages/airflow/example_dags/tutorial_dag.py
[2026-06-28T16:27:23.495+0000] {processor.py:840} INFO - DAG(s) 'tutorial_dag' retrieved from /home/airflow/.local/lib/python3.12/site-packages/airflow/example_dags/tutorial_dag.py
[2026-06-28T16:27:23.523+0000] {logging_mixin.py:188} INFO - [2026-06-28T16:27:23.523+0000] {dag.py:3096} INFO - Sync 1 DAGs
[2026-06-28T16:27:23.540+0000] {logging_mixin.py:188} INFO - [2026-06-28T16:27:23.539+0000] {dag.py:3954} INFO - Setting next_dagrun for tutorial_dag to None, run_after=None
[2026-06-28T16:27:23.572+0000] {processor.py:183} INFO - Processing /home/airflow/.local/lib/python3.12/site-packages/airflow/example_dags/tutorial_dag.py took 0.095 seconds
[2026-06-28T16:27:54.577+0000] {processor.py:161} INFO - Started process (PID=2855) to work on /home/airflow/.local/lib/python3.12/site-packages/airflow/example_dags/tutorial_dag.py
[2026-06-28T16:27:54.578+0000] {processor.py:830} INFO - Processing file /home/airflow/.local/lib/python3.12/site-packages/airflow/example_dags/tutorial_dag.py for tasks to queue
[2026-06-28T16:27:54.580+0000] {logging_mixin.py:188} INFO - [2026-06-28T16:27:54.579+0000] {dagbag.py:545} INFO - Filling up the DagBag from /home/airflow/.local/lib/python3.12/site-packages/airflow/example_dags/tutorial_dag.py
[2026-06-28T16:27:54.586+0000] {processor.py:840} INFO - DAG(s) 'tutorial_dag' retrieved from /home/airflow/.local/lib/python3.12/site-packages/airflow/example_dags/tutorial_dag.py
[2026-06-28T16:27:54.612+0000] {logging_mixin.py:188} INFO - [2026-06-28T16:27:54.612+0000] {dag.py:3096} INFO - Sync 1 DAGs
[2026-06-28T16:27:54.633+0000] {logging_mixin.py:188} INFO - [2026-06-28T16:27:54.632+0000] {dag.py:3954} INFO - Setting next_dagrun for tutorial_dag to None, run_after=None
[2026-06-28T16:27:54.660+0000] {processor.py:183} INFO - Processing /home/airflow/.local/lib/python3.12/site-packages/airflow/example_dags/tutorial_dag.py took 0.091 seconds
[2026-06-28T16:28:24.783+0000] {processor.py:161} INFO - Started process (PID=2914) to work on /home/airflow/.local/lib/python3.12/site-packages/airflow/example_dags/tutorial_dag.py
[2026-06-28T16:28:24.784+0000] {processor.py:830} INFO - Processing file /home/airflow/.local/lib/python3.12/site-packages/airflow/example_dags/tutorial_dag.py for tasks to queue
[2026-06-28T16:28:24.786+0000] {logging_mixin.py:188} INFO - [2026-06-28T16:28:24.786+0000] {dagbag.py:545} INFO - Filling up the DagBag from /home/airflow/.local/lib/python3.12/site-packages/airflow/example_dags/tutorial_dag.py
[2026-06-28T16:28:24.799+0000] {processor.py:840} INFO - DAG(s) 'tutorial_dag' retrieved from /home/airflow/.local/lib/python3.12/site-packages/airflow/example_dags/tutorial_dag.py
[2026-06-28T16:28:24.860+0000] {logging_mixin.py:188} INFO - [2026-06-28T16:28:24.859+0000] {dag.py:3096} INFO - Sync 1 DAGs
[2026-06-28T16:28:24.901+0000] {logging_mixin.py:188} INFO - [2026-06-28T16:28:24.901+0000] {dag.py:3954} INFO - Setting next_dagrun for tutorial_dag to None, run_after=None
[2026-06-28T16:28:24.958+0000] {processor.py:183} INFO - Processing /home/airflow/.local/lib/python3.12/site-packages/airflow/example_dags/tutorial_dag.py took 0.182 seconds
[2026-06-28T16:28:56.013+0000] {processor.py:161} INFO - Started process (PID=2979) to work on /home/airflow/.local/lib/python3.12/site-packages/airflow/example_dags/tutorial_dag.py
[2026-06-28T16:28:56.014+0000] {processor.py:830} INFO - Processing file /home/airflow/.local/lib/python3.12/site-packages/airflow/example_dags/tutorial_dag.py for tasks to queue
[2026-06-28T16:28:56.016+0000] {logging_mixin.py:188} INFO - [2026-06-28T16:28:56.015+0000] {dagbag.py:545} INFO - Filling up the DagBag from /home/airflow/.local/lib/python3.12/site-packages/airflow/example_dags/tutorial_dag.py
[2026-06-28T16:28:56.022+0000] {processor.py:840} INFO - DAG(s) 'tutorial_dag' retrieved from /home/airflow/.local/lib/python3.12/site-packages/airflow/example_dags/tutorial_dag.py
[2026-06-28T16:28:56.046+0000] {logging_mixin.py:188} INFO - [2026-06-28T16:28:56.046+0000] {dag.py:3096} INFO - Sync 1 DAGs
[2026-06-28T16:28:56.063+0000] {logging_mixin.py:188} INFO - [2026-06-28T16:28:56.063+0000] {dag.py:3954} INFO - Setting next_dagrun for tutorial_dag to None, run_after=None
[2026-06-28T16:28:56.085+0000] {processor.py:183} INFO - Processing /home/airflow/.local/lib/python3.12/site-packages/airflow/example_dags/tutorial_dag.py took 0.080 seconds
[2026-06-28T16:29:26.818+0000] {processor.py:161} INFO - Started process (PID=3038) to work on /home/airflow/.local/lib/python3.12/site-packages/airflow/example_dags/tutorial_dag.py
[2026-06-28T16:29:26.819+0000] {processor.py:830} INFO - Processing file /home/airflow/.local/lib/python3.12/site-packages/airflow/example_dags/tutorial_dag.py for tasks to queue
[2026-06-28T16:29:26.821+0000] {logging_mixin.py:188} INFO - [2026-06-28T16:29:26.821+0000] {dagbag.py:545} INFO - Filling up the DagBag from /home/airflow/.local/lib/python3.12/site-packages/airflow/example_dags/tutorial_dag.py
[2026-06-28T16:29:26.829+0000] {processor.py:840} INFO - DAG(s) 'tutorial_dag' retrieved from /home/airflow/.local/lib/python3.12/site-packages/airflow/example_dags/tutorial_dag.py
[2026-06-28T16:29:26.861+0000] {logging_mixin.py:188} INFO - [2026-06-28T16:29:26.861+0000] {dag.py:3096} INFO - Sync 1 DAGs
[2026-06-28T16:29:26.880+0000] {logging_mixin.py:188} INFO - [2026-06-28T16:29:26.880+0000] {dag.py:3954} INFO - Setting next_dagrun for tutorial_dag to None, run_after=None
[2026-06-28T16:29:26.903+0000] {processor.py:183} INFO - Processing /home/airflow/.local/lib/python3.12/site-packages/airflow/example_dags/tutorial_dag.py took 0.092 seconds
[2026-06-28T16:29:57.668+0000] {processor.py:161} INFO - Started process (PID=3097) to work on /home/airflow/.local/lib/python3.12/site-packages/airflow/example_dags/tutorial_dag.py
[2026-06-28T16:29:57.669+0000] {processor.py:830} INFO - Processing file /home/airflow/.local/lib/python3.12/site-packages/airflow/example_dags/tutorial_dag.py for tasks to queue
[2026-06-28T16:29:57.672+0000] {logging_mixin.py:188} INFO - [2026-06-28T16:29:57.671+0000] {dagbag.py:545} INFO - Filling up the DagBag from /home/airflow/.local/lib/python3.12/site-packages/airflow/example_dags/tutorial_dag.py
[2026-06-28T16:29:57.678+0000] {processor.py:840} INFO - DAG(s) 'tutorial_dag' retrieved from /home/airflow/.local/lib/python3.12/site-packages/airflow/example_dags/tutorial_dag.py
[2026-06-28T16:29:57.735+0000] {logging_mixin.py:188} INFO - [2026-06-28T16:29:57.734+0000] {dag.py:3096} INFO - Sync 1 DAGs
[2026-06-28T16:29:57.794+0000] {logging_mixin.py:188} INFO - [2026-06-28T16:29:57.793+0000] {dag.py:3954} INFO - Setting next_dagrun for tutorial_dag to None, run_after=None
[2026-06-28T16:29:57.905+0000] {processor.py:183} INFO - Processing /home/airflow/.local/lib/python3.12/site-packages/airflow/example_dags/tutorial_dag.py took 0.252 seconds
[2026-06-28T16:30:27.942+0000] {processor.py:161} INFO - Started process (PID=3156) to work on /home/airflow/.local/lib/python3.12/site-packages/airflow/example_dags/tutorial_dag.py
[2026-06-28T16:30:27.943+0000] {processor.py:830} INFO - Processing file /home/airflow/.local/lib/python3.12/site-packages/airflow/example_dags/tutorial_dag.py for tasks to queue
[2026-06-28T16:30:27.945+0000] {logging_mixin.py:188} INFO - [2026-06-28T16:30:27.945+0000] {dagbag.py:545} INFO - Filling up the DagBag from /home/airflow/.local/lib/python3.12/site-packages/airflow/example_dags/tutorial_dag.py
[2026-06-28T16:30:27.950+0000] {processor.py:840} INFO - DAG(s) 'tutorial_dag' retrieved from /home/airflow/.local/lib/python3.12/site-packages/airflow/example_dags/tutorial_dag.py
[2026-06-28T16:30:27.970+0000] {logging_mixin.py:188} INFO - [2026-06-28T16:30:27.970+0000] {dag.py:3096} INFO - Sync 1 DAGs
[2026-06-28T16:30:27.982+0000] {logging_mixin.py:188} INFO - [2026-06-28T16:30:27.982+0000] {dag.py:3954} INFO - Setting next_dagrun for tutorial_dag to None, run_after=None
[2026-06-28T16:30:28.018+0000] {processor.py:183} INFO - Processing /home/airflow/.local/lib/python3.12/site-packages/airflow/example_dags/tutorial_dag.py took 0.082 seconds
[2026-06-28T16:30:58.394+0000] {processor.py:161} INFO - Started process (PID=3215) to work on /home/airflow/.local/lib/python3.12/site-packages/airflow/example_dags/tutorial_dag.py
[2026-06-28T16:30:58.396+0000] {processor.py:830} INFO - Processing file /home/airflow/.local/lib/python3.12/site-packages/airflow/example_dags/tutorial_dag.py for tasks to queue
[2026-06-28T16:30:58.398+0000] {logging_mixin.py:188} INFO - [2026-06-28T16:30:58.398+0000] {dagbag.py:545} INFO - Filling up the DagBag from /home/airflow/.local/lib/python3.12/site-packages/airflow/example_dags/tutorial_dag.py
[2026-06-28T16:30:58.404+0000] {processor.py:840} INFO - DAG(s) 'tutorial_dag' retrieved from /home/airflow/.local/lib/python3.12/site-packages/airflow/example_dags/tutorial_dag.py
[2026-06-28T16:30:58.430+0000] {logging_mixin.py:188} INFO - [2026-06-28T16:30:58.430+0000] {dag.py:3096} INFO - Sync 1 DAGs
[2026-06-28T16:30:58.449+0000] {logging_mixin.py:188} INFO - [2026-06-28T16:30:58.448+0000] {dag.py:3954} INFO - Setting next_dagrun for tutorial_dag to None, run_after=None
[2026-06-28T16:30:58.474+0000] {processor.py:183} INFO - Processing /home/airflow/.local/lib/python3.12/site-packages/airflow/example_dags/tutorial_dag.py took 0.087 seconds
[2026-06-28T16:31:28.675+0000] {processor.py:161} INFO - Started process (PID=3273) to work on /home/airflow/.local/lib/python3.12/site-packages/airflow/example_dags/tutorial_dag.py
[2026-06-28T16:31:28.677+0000] {processor.py:830} INFO - Processing file /home/airflow/.local/lib/python3.12/site-packages/airflow/example_dags/tutorial_dag.py for tasks to queue
[2026-06-28T16:31:28.681+0000] {logging_mixin.py:188} INFO - [2026-06-28T16:31:28.681+0000] {dagbag.py:545} INFO - Filling up the DagBag from /home/airflow/.local/lib/python3.12/site-packages/airflow/example_dags/tutorial_dag.py
[2026-06-28T16:31:28.688+0000] {processor.py:840} INFO - DAG(s) 'tutorial_dag' retrieved from /home/airflow/.local/lib/python3.12/site-packages/airflow/example_dags/tutorial_dag.py
[2026-06-28T16:31:28.712+0000] {logging_mixin.py:188} INFO - [2026-06-28T16:31:28.711+0000] {dag.py:3096} INFO - Sync 1 DAGs
[2026-06-28T16:31:28.729+0000] {logging_mixin.py:188} INFO - [2026-06-28T16:31:28.729+0000] {dag.py:3954} INFO - Setting next_dagrun for tutorial_dag to None, run_after=None
[2026-06-28T16:31:28.750+0000] {processor.py:183} INFO - Processing /home/airflow/.local/lib/python3.12/site-packages/airflow/example_dags/tutorial_dag.py took 0.083 seconds
[2026-06-28T16:31:59.418+0000] {processor.py:161} INFO - Started process (PID=3331) to work on /home/airflow/.local/lib/python3.12/site-packages/airflow/example_dags/tutorial_dag.py
[2026-06-28T16:31:59.419+0000] {processor.py:830} INFO - Processing file /home/airflow/.local/lib/python3.12/site-packages/airflow/example_dags/tutorial_dag.py for tasks to queue
[2026-06-28T16:31:59.421+0000] {logging_mixin.py:188} INFO - [2026-06-28T16:31:59.421+0000] {dagbag.py:545} INFO - Filling up the DagBag from /home/airflow/.local/lib/python3.12/site-packages/airflow/example_dags/tutorial_dag.py
[2026-06-28T16:31:59.428+0000] {processor.py:840} INFO - DAG(s) 'tutorial_dag' retrieved from /home/airflow/.local/lib/python3.12/site-packages/airflow/example_dags/tutorial_dag.py
[2026-06-28T16:31:59.453+0000] {logging_mixin.py:188} INFO - [2026-06-28T16:31:59.452+0000] {dag.py:3096} INFO - Sync 1 DAGs
[2026-06-28T16:31:59.469+0000] {logging_mixin.py:188} INFO - [2026-06-28T16:31:59.468+0000] {dag.py:3954} INFO - Setting next_dagrun for tutorial_dag to None, run_after=None
[2026-06-28T16:31:59.490+0000] {processor.py:183} INFO - Processing /home/airflow/.local/lib/python3.12/site-packages/airflow/example_dags/tutorial_dag.py took 0.080 seconds
[2026-06-28T16:32:30.070+0000] {processor.py:161} INFO - Started process (PID=3390) to work on /home/airflow/.local/lib/python3.12/site-packages/airflow/example_dags/tutorial_dag.py
[2026-06-28T16:32:30.072+0000] {processor.py:830} INFO - Processing file /home/airflow/.local/lib/python3.12/site-packages/airflow/example_dags/tutorial_dag.py for tasks to queue
[2026-06-28T16:32:30.075+0000] {logging_mixin.py:188} INFO - [2026-06-28T16:32:30.074+0000] {dagbag.py:545} INFO - Filling up the DagBag from /home/airflow/.local/lib/python3.12/site-packages/airflow/example_dags/tutorial_dag.py
[2026-06-28T16:32:30.082+0000] {processor.py:840} INFO - DAG(s) 'tutorial_dag' retrieved from /home/airflow/.local/lib/python3.12/site-packages/airflow/example_dags/tutorial_dag.py
[2026-06-28T16:32:30.113+0000] {logging_mixin.py:188} INFO - [2026-06-28T16:32:30.112+0000] {dag.py:3096} INFO - Sync 1 DAGs
[2026-06-28T16:32:30.129+0000] {logging_mixin.py:188} INFO - [2026-06-28T16:32:30.129+0000] {dag.py:3954} INFO - Setting next_dagrun for tutorial_dag to None, run_after=None
[2026-06-28T16:32:30.150+0000] {processor.py:183} INFO - Processing /home/airflow/.local/lib/python3.12/site-packages/airflow/example_dags/tutorial_dag.py took 0.088 seconds
[2026-06-28T16:33:00.927+0000] {processor.py:161} INFO - Started process (PID=3449) to work on /home/airflow/.local/lib/python3.12/site-packages/airflow/example_dags/tutorial_dag.py
[2026-06-28T16:33:00.927+0000] {processor.py:830} INFO - Processing file /home/airflow/.local/lib/python3.12/site-packages/airflow/example_dags/tutorial_dag.py for tasks to queue
[2026-06-28T16:33:00.929+0000] {logging_mixin.py:188} INFO - [2026-06-28T16:33:00.929+0000] {dagbag.py:545} INFO - Filling up the DagBag from /home/airflow/.local/lib/python3.12/site-packages/airflow/example_dags/tutorial_dag.py
[2026-06-28T16:33:00.936+0000] {processor.py:840} INFO - DAG(s) 'tutorial_dag' retrieved from /home/airflow/.local/lib/python3.12/site-packages/airflow/example_dags/tutorial_dag.py
[2026-06-28T16:33:00.962+0000] {logging_mixin.py:188} INFO - [2026-06-28T16:33:00.962+0000] {dag.py:3096} INFO - Sync 1 DAGs
[2026-06-28T16:33:00.986+0000] {logging_mixin.py:188} INFO - [2026-06-28T16:33:00.986+0000] {dag.py:3954} INFO - Setting next_dagrun for tutorial_dag to None, run_after=None
[2026-06-28T16:33:01.049+0000] {processor.py:183} INFO - Processing /home/airflow/.local/lib/python3.12/site-packages/airflow/example_dags/tutorial_dag.py took 0.130 seconds
[2026-06-28T16:33:31.597+0000] {processor.py:161} INFO - Started process (PID=3508) to work on /home/airflow/.local/lib/python3.12/site-packages/airflow/example_dags/tutorial_dag.py
[2026-06-28T16:33:31.599+0000] {processor.py:830} INFO - Processing file /home/airflow/.local/lib/python3.12/site-packages/airflow/example_dags/tutorial_dag.py for tasks to queue
[2026-06-28T16:33:31.602+0000] {logging_mixin.py:188} INFO - [2026-06-28T16:33:31.601+0000] {dagbag.py:545} INFO - Filling up the DagBag from /home/airflow/.local/lib/python3.12/site-packages/airflow/example_dags/tutorial_dag.py
[2026-06-28T16:33:31.609+0000] {processor.py:840} INFO - DAG(s) 'tutorial_dag' retrieved from /home/airflow/.local/lib/python3.12/site-packages/airflow/example_dags/tutorial_dag.py
[2026-06-28T16:33:31.653+0000] {logging_mixin.py:188} INFO - [2026-06-28T16:33:31.652+0000] {dag.py:3096} INFO - Sync 1 DAGs
[2026-06-28T16:33:31.698+0000] {logging_mixin.py:188} INFO - [2026-06-28T16:33:31.697+0000] {dag.py:3954} INFO - Setting next_dagrun for tutorial_dag to None, run_after=None
[2026-06-28T16:33:31.754+0000] {processor.py:183} INFO - Processing /home/airflow/.local/lib/python3.12/site-packages/airflow/example_dags/tutorial_dag.py took 0.165 seconds
[2026-06-28T16:34:02.006+0000] {processor.py:161} INFO - Started process (PID=3567) to work on /home/airflow/.local/lib/python3.12/site-packages/airflow/example_dags/tutorial_dag.py
[2026-06-28T16:34:02.007+0000] {processor.py:830} INFO - Processing file /home/airflow/.local/lib/python3.12/site-packages/airflow/example_dags/tutorial_dag.py for tasks to queue
[2026-06-28T16:34:02.009+0000] {logging_mixin.py:188} INFO - [2026-06-28T16:34:02.008+0000] {dagbag.py:545} INFO - Filling up the DagBag from /home/airflow/.local/lib/python3.12/site-packages/airflow/example_dags/tutorial_dag.py
[2026-06-28T16:34:02.016+0000] {processor.py:840} INFO - DAG(s) 'tutorial_dag' retrieved from /home/airflow/.local/lib/python3.12/site-packages/airflow/example_dags/tutorial_dag.py
[2026-06-28T16:34:02.043+0000] {logging_mixin.py:188} INFO - [2026-06-28T16:34:02.043+0000] {dag.py:3096} INFO - Sync 1 DAGs
[2026-06-28T16:34:02.061+0000] {logging_mixin.py:188} INFO - [2026-06-28T16:34:02.061+0000] {dag.py:3954} INFO - Setting next_dagrun for tutorial_dag to None, run_after=None
[2026-06-28T16:34:02.086+0000] {processor.py:183} INFO - Processing /home/airflow/.local/lib/python3.12/site-packages/airflow/example_dags/tutorial_dag.py took 0.088 seconds
[2026-06-28T16:34:32.618+0000] {processor.py:161} INFO - Started process (PID=3626) to work on /home/airflow/.local/lib/python3.12/site-packages/airflow/example_dags/tutorial_dag.py
[2026-06-28T16:34:32.619+0000] {processor.py:830} INFO - Processing file /home/airflow/.local/lib/python3.12/site-packages/airflow/example_dags/tutorial_dag.py for tasks to queue
[2026-06-28T16:34:32.621+0000] {logging_mixin.py:188} INFO - [2026-06-28T16:34:32.621+0000] {dagbag.py:545} INFO - Filling up the DagBag from /home/airflow/.local/lib/python3.12/site-packages/airflow/example_dags/tutorial_dag.py
[2026-06-28T16:34:32.628+0000] {processor.py:840} INFO - DAG(s) 'tutorial_dag' retrieved from /home/airflow/.local/lib/python3.12/site-packages/airflow/example_dags/tutorial_dag.py
[2026-06-28T16:34:32.653+0000] {logging_mixin.py:188} INFO - [2026-06-28T16:34:32.653+0000] {dag.py:3096} INFO - Sync 1 DAGs
[2026-06-28T16:34:32.670+0000] {logging_mixin.py:188} INFO - [2026-06-28T16:34:32.670+0000] {dag.py:3954} INFO - Setting next_dagrun for tutorial_dag to None, run_after=None
[2026-06-28T16:34:32.692+0000] {processor.py:183} INFO - Processing /home/airflow/.local/lib/python3.12/site-packages/airflow/example_dags/tutorial_dag.py took 0.083 seconds
[2026-06-28T16:35:03.108+0000] {processor.py:161} INFO - Started process (PID=3685) to work on /home/airflow/.local/lib/python3.12/site-packages/airflow/example_dags/tutorial_dag.py
[2026-06-28T16:35:03.109+0000] {processor.py:830} INFO - Processing file /home/airflow/.local/lib/python3.12/site-packages/airflow/example_dags/tutorial_dag.py for tasks to queue
[2026-06-28T16:35:03.111+0000] {logging_mixin.py:188} INFO - [2026-06-28T16:35:03.110+0000] {dagbag.py:545} INFO - Filling up the DagBag from /home/airflow/.local/lib/python3.12/site-packages/airflow/example_dags/tutorial_dag.py
[2026-06-28T16:35:03.117+0000] {processor.py:840} INFO - DAG(s) 'tutorial_dag' retrieved from /home/airflow/.local/lib/python3.12/site-packages/airflow/example_dags/tutorial_dag.py
[2026-06-28T16:35:03.141+0000] {logging_mixin.py:188} INFO - [2026-06-28T16:35:03.141+0000] {dag.py:3096} INFO - Sync 1 DAGs
[2026-06-28T16:35:03.159+0000] {logging_mixin.py:188} INFO - [2026-06-28T16:35:03.159+0000] {dag.py:3954} INFO - Setting next_dagrun for tutorial_dag to None, run_after=None
[2026-06-28T16:35:03.181+0000] {processor.py:183} INFO - Processing /home/airflow/.local/lib/python3.12/site-packages/airflow/example_dags/tutorial_dag.py took 0.082 seconds
[2026-06-28T16:35:33.791+0000] {processor.py:161} INFO - Started process (PID=3744) to work on /home/airflow/.local/lib/python3.12/site-packages/airflow/example_dags/tutorial_dag.py
[2026-06-28T16:35:33.795+0000] {processor.py:830} INFO - Processing file /home/airflow/.local/lib/python3.12/site-packages/airflow/example_dags/tutorial_dag.py for tasks to queue
[2026-06-28T16:35:33.797+0000] {logging_mixin.py:188} INFO - [2026-06-28T16:35:33.797+0000] {dagbag.py:545} INFO - Filling up the DagBag from /home/airflow/.local/lib/python3.12/site-packages/airflow/example_dags/tutorial_dag.py
[2026-06-28T16:35:33.804+0000] {processor.py:840} INFO - DAG(s) 'tutorial_dag' retrieved from /home/airflow/.local/lib/python3.12/site-packages/airflow/example_dags/tutorial_dag.py
[2026-06-28T16:35:33.867+0000] {logging_mixin.py:188} INFO - [2026-06-28T16:35:33.867+0000] {dag.py:3096} INFO - Sync 1 DAGs
[2026-06-28T16:35:33.890+0000] {logging_mixin.py:188} INFO - [2026-06-28T16:35:33.889+0000] {dag.py:3954} INFO - Setting next_dagrun for tutorial_dag to None, run_after=None
[2026-06-28T16:35:33.924+0000] {processor.py:183} INFO - Processing /home/airflow/.local/lib/python3.12/site-packages/airflow/example_dags/tutorial_dag.py took 0.160 seconds
[2026-06-28T16:36:04.178+0000] {processor.py:161} INFO - Started process (PID=3802) to work on /home/airflow/.local/lib/python3.12/site-packages/airflow/example_dags/tutorial_dag.py
[2026-06-28T16:36:04.179+0000] {processor.py:830} INFO - Processing file /home/airflow/.local/lib/python3.12/site-packages/airflow/example_dags/tutorial_dag.py for tasks to queue
[2026-06-28T16:36:04.181+0000] {logging_mixin.py:188} INFO - [2026-06-28T16:36:04.181+0000] {dagbag.py:545} INFO - Filling up the DagBag from /home/airflow/.local/lib/python3.12/site-packages/airflow/example_dags/tutorial_dag.py
[2026-06-28T16:36:04.198+0000] {processor.py:840} INFO - DAG(s) 'tutorial_dag' retrieved from /home/airflow/.local/lib/python3.12/site-packages/airflow/example_dags/tutorial_dag.py
[2026-06-28T16:36:04.250+0000] {logging_mixin.py:188} INFO - [2026-06-28T16:36:04.250+0000] {dag.py:3096} INFO - Sync 1 DAGs
[2026-06-28T16:36:04.267+0000] {logging_mixin.py:188} INFO - [2026-06-28T16:36:04.266+0000] {dag.py:3954} INFO - Setting next_dagrun for tutorial_dag to None, run_after=None
[2026-06-28T16:36:04.287+0000] {processor.py:183} INFO - Processing /home/airflow/.local/lib/python3.12/site-packages/airflow/example_dags/tutorial_dag.py took 0.117 seconds
[2026-06-28T16:36:34.636+0000] {processor.py:161} INFO - Started process (PID=3861) to work on /home/airflow/.local/lib/python3.12/site-packages/airflow/example_dags/tutorial_dag.py
[2026-06-28T16:36:34.637+0000] {processor.py:830} INFO - Processing file /home/airflow/.local/lib/python3.12/site-packages/airflow/example_dags/tutorial_dag.py for tasks to queue
[2026-06-28T16:36:34.640+0000] {logging_mixin.py:188} INFO - [2026-06-28T16:36:34.640+0000] {dagbag.py:545} INFO - Filling up the DagBag from /home/airflow/.local/lib/python3.12/site-packages/airflow/example_dags/tutorial_dag.py
[2026-06-28T16:36:34.654+0000] {processor.py:840} INFO - DAG(s) 'tutorial_dag' retrieved from /home/airflow/.local/lib/python3.12/site-packages/airflow/example_dags/tutorial_dag.py
[2026-06-28T16:36:34.706+0000] {logging_mixin.py:188} INFO - [2026-06-28T16:36:34.706+0000] {dag.py:3096} INFO - Sync 1 DAGs
[2026-06-28T16:36:34.741+0000] {logging_mixin.py:188} INFO - [2026-06-28T16:36:34.740+0000] {dag.py:3954} INFO - Setting next_dagrun for tutorial_dag to None, run_after=None
[2026-06-28T16:36:34.773+0000] {processor.py:183} INFO - Processing /home/airflow/.local/lib/python3.12/site-packages/airflow/example_dags/tutorial_dag.py took 0.144 seconds
[2026-06-28T16:37:05.174+0000] {processor.py:161} INFO - Started process (PID=3920) to work on /home/airflow/.local/lib/python3.12/site-packages/airflow/example_dags/tutorial_dag.py
[2026-06-28T16:37:05.175+0000] {processor.py:830} INFO - Processing file /home/airflow/.local/lib/python3.12/site-packages/airflow/example_dags/tutorial_dag.py for tasks to queue
[2026-06-28T16:37:05.176+0000] {logging_mixin.py:188} INFO - [2026-06-28T16:37:05.176+0000] {dagbag.py:545} INFO - Filling up the DagBag from /home/airflow/.local/lib/python3.12/site-packages/airflow/example_dags/tutorial_dag.py
[2026-06-28T16:37:05.181+0000] {processor.py:840} INFO - DAG(s) 'tutorial_dag' retrieved from /home/airflow/.local/lib/python3.12/site-packages/airflow/example_dags/tutorial_dag.py
[2026-06-28T16:37:05.199+0000] {logging_mixin.py:188} INFO - [2026-06-28T16:37:05.199+0000] {dag.py:3096} INFO - Sync 1 DAGs
[2026-06-28T16:37:05.211+0000] {logging_mixin.py:188} INFO - [2026-06-28T16:37:05.211+0000] {dag.py:3954} INFO - Setting next_dagrun for tutorial_dag to None, run_after=None
[2026-06-28T16:37:05.227+0000] {processor.py:183} INFO - Processing /home/airflow/.local/lib/python3.12/site-packages/airflow/example_dags/tutorial_dag.py took 0.058 seconds
[2026-06-28T16:37:35.766+0000] {processor.py:161} INFO - Started process (PID=3979) to work on /home/airflow/.local/lib/python3.12/site-packages/airflow/example_dags/tutorial_dag.py
[2026-06-28T16:37:35.768+0000] {processor.py:830} INFO - Processing file /home/airflow/.local/lib/python3.12/site-packages/airflow/example_dags/tutorial_dag.py for tasks to queue
[2026-06-28T16:37:35.772+0000] {logging_mixin.py:188} INFO - [2026-06-28T16:37:35.770+0000] {dagbag.py:545} INFO - Filling up the DagBag from /home/airflow/.local/lib/python3.12/site-packages/airflow/example_dags/tutorial_dag.py
[2026-06-28T16:37:35.786+0000] {processor.py:840} INFO - DAG(s) 'tutorial_dag' retrieved from /home/airflow/.local/lib/python3.12/site-packages/airflow/example_dags/tutorial_dag.py
[2026-06-28T16:37:35.822+0000] {logging_mixin.py:188} INFO - [2026-06-28T16:37:35.821+0000] {dag.py:3096} INFO - Sync 1 DAGs
[2026-06-28T16:37:35.839+0000] {logging_mixin.py:188} INFO - [2026-06-28T16:37:35.839+0000] {dag.py:3954} INFO - Setting next_dagrun for tutorial_dag to None, run_after=None
[2026-06-28T16:37:35.862+0000] {processor.py:183} INFO - Processing /home/airflow/.local/lib/python3.12/site-packages/airflow/example_dags/tutorial_dag.py took 0.103 seconds
[2026-06-28T16:38:06.044+0000] {processor.py:161} INFO - Started process (PID=4038) to work on /home/airflow/.local/lib/python3.12/site-packages/airflow/example_dags/tutorial_dag.py
[2026-06-28T16:38:06.046+0000] {processor.py:830} INFO - Processing file /home/airflow/.local/lib/python3.12/site-packages/airflow/example_dags/tutorial_dag.py for tasks to queue
[2026-06-28T16:38:06.051+0000] {logging_mixin.py:188} INFO - [2026-06-28T16:38:06.049+0000] {dagbag.py:545} INFO - Filling up the DagBag from /home/airflow/.local/lib/python3.12/site-packages/airflow/example_dags/tutorial_dag.py
[2026-06-28T16:38:06.064+0000] {processor.py:840} INFO - DAG(s) 'tutorial_dag' retrieved from /home/airflow/.local/lib/python3.12/site-packages/airflow/example_dags/tutorial_dag.py
[2026-06-28T16:38:06.099+0000] {logging_mixin.py:188} INFO - [2026-06-28T16:38:06.099+0000] {dag.py:3096} INFO - Sync 1 DAGs
[2026-06-28T16:38:06.118+0000] {logging_mixin.py:188} INFO - [2026-06-28T16:38:06.117+0000] {dag.py:3954} INFO - Setting next_dagrun for tutorial_dag to None, run_after=None
[2026-06-28T16:38:06.140+0000] {processor.py:183} INFO - Processing /home/airflow/.local/lib/python3.12/site-packages/airflow/example_dags/tutorial_dag.py took 0.104 seconds
[2026-06-28T16:38:36.489+0000] {processor.py:161} INFO - Started process (PID=4097) to work on /home/airflow/.local/lib/python3.12/site-packages/airflow/example_dags/tutorial_dag.py
[2026-06-28T16:38:36.490+0000] {processor.py:830} INFO - Processing file /home/airflow/.local/lib/python3.12/site-packages/airflow/example_dags/tutorial_dag.py for tasks to queue
[2026-06-28T16:38:36.492+0000] {logging_mixin.py:188} INFO - [2026-06-28T16:38:36.492+0000] {dagbag.py:545} INFO - Filling up the DagBag from /home/airflow/.local/lib/python3.12/site-packages/airflow/example_dags/tutorial_dag.py
[2026-06-28T16:38:36.499+0000] {processor.py:840} INFO - DAG(s) 'tutorial_dag' retrieved from /home/airflow/.local/lib/python3.12/site-packages/airflow/example_dags/tutorial_dag.py
[2026-06-28T16:38:36.525+0000] {logging_mixin.py:188} INFO - [2026-06-28T16:38:36.525+0000] {dag.py:3096} INFO - Sync 1 DAGs
[2026-06-28T16:38:36.551+0000] {logging_mixin.py:188} INFO - [2026-06-28T16:38:36.550+0000] {dag.py:3954} INFO - Setting next_dagrun for tutorial_dag to None, run_after=None
[2026-06-28T16:38:36.603+0000] {processor.py:183} INFO - Processing /home/airflow/.local/lib/python3.12/site-packages/airflow/example_dags/tutorial_dag.py took 0.122 seconds
[2026-06-28T16:39:07.213+0000] {processor.py:161} INFO - Started process (PID=4156) to work on /home/airflow/.local/lib/python3.12/site-packages/airflow/example_dags/tutorial_dag.py
[2026-06-28T16:39:07.215+0000] {processor.py:830} INFO - Processing file /home/airflow/.local/lib/python3.12/site-packages/airflow/example_dags/tutorial_dag.py for tasks to queue
[2026-06-28T16:39:07.217+0000] {logging_mixin.py:188} INFO - [2026-06-28T16:39:07.217+0000] {dagbag.py:545} INFO - Filling up the DagBag from /home/airflow/.local/lib/python3.12/site-packages/airflow/example_dags/tutorial_dag.py
[2026-06-28T16:39:07.225+0000] {processor.py:840} INFO - DAG(s) 'tutorial_dag' retrieved from /home/airflow/.local/lib/python3.12/site-packages/airflow/example_dags/tutorial_dag.py
[2026-06-28T16:39:07.252+0000] {logging_mixin.py:188} INFO - [2026-06-28T16:39:07.252+0000] {dag.py:3096} INFO - Sync 1 DAGs
[2026-06-28T16:39:07.269+0000] {logging_mixin.py:188} INFO - [2026-06-28T16:39:07.269+0000] {dag.py:3954} INFO - Setting next_dagrun for tutorial_dag to None, run_after=None
[2026-06-28T16:39:07.290+0000] {processor.py:183} INFO - Processing /home/airflow/.local/lib/python3.12/site-packages/airflow/example_dags/tutorial_dag.py took 0.084 seconds
[2026-06-28T16:39:38.086+0000] {processor.py:161} INFO - Started process (PID=4215) to work on /home/airflow/.local/lib/python3.12/site-packages/airflow/example_dags/tutorial_dag.py
[2026-06-28T16:39:38.087+0000] {processor.py:830} INFO - Processing file /home/airflow/.local/lib/python3.12/site-packages/airflow/example_dags/tutorial_dag.py for tasks to queue
[2026-06-28T16:39:38.091+0000] {logging_mixin.py:188} INFO - [2026-06-28T16:39:38.091+0000] {dagbag.py:545} INFO - Filling up the DagBag from /home/airflow/.local/lib/python3.12/site-packages/airflow/example_dags/tutorial_dag.py
[2026-06-28T16:39:38.104+0000] {processor.py:840} INFO - DAG(s) 'tutorial_dag' retrieved from /home/airflow/.local/lib/python3.12/site-packages/airflow/example_dags/tutorial_dag.py
[2026-06-28T16:39:38.145+0000] {logging_mixin.py:188} INFO - [2026-06-28T16:39:38.144+0000] {dag.py:3096} INFO - Sync 1 DAGs
[2026-06-28T16:39:38.183+0000] {logging_mixin.py:188} INFO - [2026-06-28T16:39:38.183+0000] {dag.py:3954} INFO - Setting next_dagrun for tutorial_dag to None, run_after=None
[2026-06-28T16:39:38.221+0000] {processor.py:183} INFO - Processing /home/airflow/.local/lib/python3.12/site-packages/airflow/example_dags/tutorial_dag.py took 0.142 seconds
[2026-06-28T16:40:08.852+0000] {processor.py:161} INFO - Started process (PID=4274) to work on /home/airflow/.local/lib/python3.12/site-packages/airflow/example_dags/tutorial_dag.py
[2026-06-28T16:40:08.853+0000] {processor.py:830} INFO - Processing file /home/airflow/.local/lib/python3.12/site-packages/airflow/example_dags/tutorial_dag.py for tasks to queue
[2026-06-28T16:40:08.855+0000] {logging_mixin.py:188} INFO - [2026-06-28T16:40:08.854+0000] {dagbag.py:545} INFO - Filling up the DagBag from /home/airflow/.local/lib/python3.12/site-packages/airflow/example_dags/tutorial_dag.py
[2026-06-28T16:40:08.859+0000] {processor.py:840} INFO - DAG(s) 'tutorial_dag' retrieved from /home/airflow/.local/lib/python3.12/site-packages/airflow/example_dags/tutorial_dag.py
[2026-06-28T16:40:08.878+0000] {logging_mixin.py:188} INFO - [2026-06-28T16:40:08.878+0000] {dag.py:3096} INFO - Sync 1 DAGs
[2026-06-28T16:40:08.900+0000] {logging_mixin.py:188} INFO - [2026-06-28T16:40:08.899+0000] {dag.py:3954} INFO - Setting next_dagrun for tutorial_dag to None, run_after=None
[2026-06-28T16:40:08.921+0000] {processor.py:183} INFO - Processing /home/airflow/.local/lib/python3.12/site-packages/airflow/example_dags/tutorial_dag.py took 0.074 seconds
[2026-06-28T16:40:39.184+0000] {processor.py:161} INFO - Started process (PID=4333) to work on /home/airflow/.local/lib/python3.12/site-packages/airflow/example_dags/tutorial_dag.py
[2026-06-28T16:40:39.186+0000] {processor.py:830} INFO - Processing file /home/airflow/.local/lib/python3.12/site-packages/airflow/example_dags/tutorial_dag.py for tasks to queue
[2026-06-28T16:40:39.188+0000] {logging_mixin.py:188} INFO - [2026-06-28T16:40:39.187+0000] {dagbag.py:545} INFO - Filling up the DagBag from /home/airflow/.local/lib/python3.12/site-packages/airflow/example_dags/tutorial_dag.py
[2026-06-28T16:40:39.194+0000] {processor.py:840} INFO - DAG(s) 'tutorial_dag' retrieved from /home/airflow/.local/lib/python3.12/site-packages/airflow/example_dags/tutorial_dag.py
[2026-06-28T16:40:39.220+0000] {logging_mixin.py:188} INFO - [2026-06-28T16:40:39.220+0000] {dag.py:3096} INFO - Sync 1 DAGs
[2026-06-28T16:40:39.237+0000] {logging_mixin.py:188} INFO - [2026-06-28T16:40:39.237+0000] {dag.py:3954} INFO - Setting next_dagrun for tutorial_dag to None, run_after=None
[2026-06-28T16:40:39.260+0000] {processor.py:183} INFO - Processing /home/airflow/.local/lib/python3.12/site-packages/airflow/example_dags/tutorial_dag.py took 0.083 seconds
[2026-06-28T16:41:09.613+0000] {processor.py:161} INFO - Started process (PID=4392) to work on /home/airflow/.local/lib/python3.12/site-packages/airflow/example_dags/tutorial_dag.py
[2026-06-28T16:41:09.614+0000] {processor.py:830} INFO - Processing file /home/airflow/.local/lib/python3.12/site-packages/airflow/example_dags/tutorial_dag.py for tasks to queue
[2026-06-28T16:41:09.616+0000] {logging_mixin.py:188} INFO - [2026-06-28T16:41:09.616+0000] {dagbag.py:545} INFO - Filling up the DagBag from /home/airflow/.local/lib/python3.12/site-packages/airflow/example_dags/tutorial_dag.py
[2026-06-28T16:41:09.624+0000] {processor.py:840} INFO - DAG(s) 'tutorial_dag' retrieved from /home/airflow/.local/lib/python3.12/site-packages/airflow/example_dags/tutorial_dag.py
[2026-06-28T16:41:09.650+0000] {logging_mixin.py:188} INFO - [2026-06-28T16:41:09.649+0000] {dag.py:3096} INFO - Sync 1 DAGs
[2026-06-28T16:41:09.667+0000] {logging_mixin.py:188} INFO - [2026-06-28T16:41:09.667+0000] {dag.py:3954} INFO - Setting next_dagrun for tutorial_dag to None, run_after=None
[2026-06-28T16:41:09.706+0000] {processor.py:183} INFO - Processing /home/airflow/.local/lib/python3.12/site-packages/airflow/example_dags/tutorial_dag.py took 0.101 seconds
[2026-06-28T16:41:40.812+0000] {processor.py:161} INFO - Started process (PID=4451) to work on /home/airflow/.local/lib/python3.12/site-packages/airflow/example_dags/tutorial_dag.py
[2026-06-28T16:41:40.816+0000] {processor.py:830} INFO - Processing file /home/airflow/.local/lib/python3.12/site-packages/airflow/example_dags/tutorial_dag.py for tasks to queue
[2026-06-28T16:41:40.822+0000] {logging_mixin.py:188} INFO - [2026-06-28T16:41:40.821+0000] {dagbag.py:545} INFO - Filling up the DagBag from /home/airflow/.local/lib/python3.12/site-packages/airflow/example_dags/tutorial_dag.py
[2026-06-28T16:41:40.840+0000] {processor.py:840} INFO - DAG(s) 'tutorial_dag' retrieved from /home/airflow/.local/lib/python3.12/site-packages/airflow/example_dags/tutorial_dag.py
[2026-06-28T16:41:40.892+0000] {logging_mixin.py:188} INFO - [2026-06-28T16:41:40.891+0000] {dag.py:3096} INFO - Sync 1 DAGs
[2026-06-28T16:41:40.944+0000] {logging_mixin.py:188} INFO - [2026-06-28T16:41:40.944+0000] {dag.py:3954} INFO - Setting next_dagrun for tutorial_dag to None, run_after=None
[2026-06-28T16:41:40.966+0000] {processor.py:183} INFO - Processing /home/airflow/.local/lib/python3.12/site-packages/airflow/example_dags/tutorial_dag.py took 0.176 seconds
[2026-06-28T16:42:11.594+0000] {processor.py:161} INFO - Started process (PID=4510) to work on /home/airflow/.local/lib/python3.12/site-packages/airflow/example_dags/tutorial_dag.py
[2026-06-28T16:42:11.595+0000] {processor.py:830} INFO - Processing file /home/airflow/.local/lib/python3.12/site-packages/airflow/example_dags/tutorial_dag.py for tasks to queue
[2026-06-28T16:42:11.597+0000] {logging_mixin.py:188} INFO - [2026-06-28T16:42:11.597+0000] {dagbag.py:545} INFO - Filling up the DagBag from /home/airflow/.local/lib/python3.12/site-packages/airflow/example_dags/tutorial_dag.py
[2026-06-28T16:42:11.604+0000] {processor.py:840} INFO - DAG(s) 'tutorial_dag' retrieved from /home/airflow/.local/lib/python3.12/site-packages/airflow/example_dags/tutorial_dag.py
[2026-06-28T16:42:11.638+0000] {logging_mixin.py:188} INFO - [2026-06-28T16:42:11.638+0000] {dag.py:3096} INFO - Sync 1 DAGs
[2026-06-28T16:42:11.655+0000] {logging_mixin.py:188} INFO - [2026-06-28T16:42:11.655+0000] {dag.py:3954} INFO - Setting next_dagrun for tutorial_dag to None, run_after=None
[2026-06-28T16:42:11.675+0000] {processor.py:183} INFO - Processing /home/airflow/.local/lib/python3.12/site-packages/airflow/example_dags/tutorial_dag.py took 0.089 seconds
[2026-06-28T16:42:42.039+0000] {processor.py:161} INFO - Started process (PID=4570) to work on /home/airflow/.local/lib/python3.12/site-packages/airflow/example_dags/tutorial_dag.py
[2026-06-28T16:42:42.040+0000] {processor.py:830} INFO - Processing file /home/airflow/.local/lib/python3.12/site-packages/airflow/example_dags/tutorial_dag.py for tasks to queue
[2026-06-28T16:42:42.042+0000] {logging_mixin.py:188} INFO - [2026-06-28T16:42:42.042+0000] {dagbag.py:545} INFO - Filling up the DagBag from /home/airflow/.local/lib/python3.12/site-packages/airflow/example_dags/tutorial_dag.py
[2026-06-28T16:42:42.047+0000] {processor.py:840} INFO - DAG(s) 'tutorial_dag' retrieved from /home/airflow/.local/lib/python3.12/site-packages/airflow/example_dags/tutorial_dag.py
[2026-06-28T16:42:42.065+0000] {logging_mixin.py:188} INFO - [2026-06-28T16:42:42.065+0000] {dag.py:3096} INFO - Sync 1 DAGs
[2026-06-28T16:42:42.077+0000] {logging_mixin.py:188} INFO - [2026-06-28T16:42:42.077+0000] {dag.py:3954} INFO - Setting next_dagrun for tutorial_dag to None, run_after=None
[2026-06-28T16:42:42.093+0000] {processor.py:183} INFO - Processing /home/airflow/.local/lib/python3.12/site-packages/airflow/example_dags/tutorial_dag.py took 0.059 seconds
[2026-06-28T16:43:12.277+0000] {processor.py:161} INFO - Started process (PID=4628) to work on /home/airflow/.local/lib/python3.12/site-packages/airflow/example_dags/tutorial_dag.py
[2026-06-28T16:43:12.278+0000] {processor.py:830} INFO - Processing file /home/airflow/.local/lib/python3.12/site-packages/airflow/example_dags/tutorial_dag.py for tasks to queue
[2026-06-28T16:43:12.280+0000] {logging_mixin.py:188} INFO - [2026-06-28T16:43:12.279+0000] {dagbag.py:545} INFO - Filling up the DagBag from /home/airflow/.local/lib/python3.12/site-packages/airflow/example_dags/tutorial_dag.py
[2026-06-28T16:43:12.286+0000] {processor.py:840} INFO - DAG(s) 'tutorial_dag' retrieved from /home/airflow/.local/lib/python3.12/site-packages/airflow/example_dags/tutorial_dag.py
[2026-06-28T16:43:12.315+0000] {logging_mixin.py:188} INFO - [2026-06-28T16:43:12.313+0000] {dag.py:3096} INFO - Sync 1 DAGs
[2026-06-28T16:43:12.333+0000] {logging_mixin.py:188} INFO - [2026-06-28T16:43:12.333+0000] {dag.py:3954} INFO - Setting next_dagrun for tutorial_dag to None, run_after=None
[2026-06-28T16:43:12.362+0000] {processor.py:183} INFO - Processing /home/airflow/.local/lib/python3.12/site-packages/airflow/example_dags/tutorial_dag.py took 0.092 seconds
[2026-06-28T16:43:42.902+0000] {processor.py:161} INFO - Started process (PID=4687) to work on /home/airflow/.local/lib/python3.12/site-packages/airflow/example_dags/tutorial_dag.py
[2026-06-28T16:43:42.903+0000] {processor.py:830} INFO - Processing file /home/airflow/.local/lib/python3.12/site-packages/airflow/example_dags/tutorial_dag.py for tasks to queue
[2026-06-28T16:43:42.906+0000] {logging_mixin.py:188} INFO - [2026-06-28T16:43:42.905+0000] {dagbag.py:545} INFO - Filling up the DagBag from /home/airflow/.local/lib/python3.12/site-packages/airflow/example_dags/tutorial_dag.py
[2026-06-28T16:43:42.912+0000] {processor.py:840} INFO - DAG(s) 'tutorial_dag' retrieved from /home/airflow/.local/lib/python3.12/site-packages/airflow/example_dags/tutorial_dag.py
[2026-06-28T16:43:42.939+0000] {logging_mixin.py:188} INFO - [2026-06-28T16:43:42.939+0000] {dag.py:3096} INFO - Sync 1 DAGs
[2026-06-28T16:43:42.957+0000] {logging_mixin.py:188} INFO - [2026-06-28T16:43:42.956+0000] {dag.py:3954} INFO - Setting next_dagrun for tutorial_dag to None, run_after=None
[2026-06-28T16:43:42.979+0000] {processor.py:183} INFO - Processing /home/airflow/.local/lib/python3.12/site-packages/airflow/example_dags/tutorial_dag.py took 0.085 seconds
[2026-06-28T16:44:13.702+0000] {processor.py:161} INFO - Started process (PID=4744) to work on /home/airflow/.local/lib/python3.12/site-packages/airflow/example_dags/tutorial_dag.py
[2026-06-28T16:44:13.703+0000] {processor.py:830} INFO - Processing file /home/airflow/.local/lib/python3.12/site-packages/airflow/example_dags/tutorial_dag.py for tasks to queue
[2026-06-28T16:44:13.704+0000] {logging_mixin.py:188} INFO - [2026-06-28T16:44:13.704+0000] {dagbag.py:545} INFO - Filling up the DagBag from /home/airflow/.local/lib/python3.12/site-packages/airflow/example_dags/tutorial_dag.py
[2026-06-28T16:44:13.709+0000] {processor.py:840} INFO - DAG(s) 'tutorial_dag' retrieved from /home/airflow/.local/lib/python3.12/site-packages/airflow/example_dags/tutorial_dag.py
[2026-06-28T16:44:13.729+0000] {logging_mixin.py:188} INFO - [2026-06-28T16:44:13.729+0000] {dag.py:3096} INFO - Sync 1 DAGs
[2026-06-28T16:44:13.742+0000] {logging_mixin.py:188} INFO - [2026-06-28T16:44:13.742+0000] {dag.py:3954} INFO - Setting next_dagrun for tutorial_dag to None, run_after=None
[2026-06-28T16:44:13.760+0000] {processor.py:183} INFO - Processing /home/airflow/.local/lib/python3.12/site-packages/airflow/example_dags/tutorial_dag.py took 0.064 seconds
[2026-06-28T16:44:43.913+0000] {processor.py:161} INFO - Started process (PID=4803) to work on /home/airflow/.local/lib/python3.12/site-packages/airflow/example_dags/tutorial_dag.py
[2026-06-28T16:44:43.914+0000] {processor.py:830} INFO - Processing file /home/airflow/.local/lib/python3.12/site-packages/airflow/example_dags/tutorial_dag.py for tasks to queue
[2026-06-28T16:44:43.916+0000] {logging_mixin.py:188} INFO - [2026-06-28T16:44:43.916+0000] {dagbag.py:545} INFO - Filling up the DagBag from /home/airflow/.local/lib/python3.12/site-packages/airflow/example_dags/tutorial_dag.py
[2026-06-28T16:44:43.921+0000] {processor.py:840} INFO - DAG(s) 'tutorial_dag' retrieved from /home/airflow/.local/lib/python3.12/site-packages/airflow/example_dags/tutorial_dag.py
[2026-06-28T16:44:43.939+0000] {logging_mixin.py:188} INFO - [2026-06-28T16:44:43.939+0000] {dag.py:3096} INFO - Sync 1 DAGs
[2026-06-28T16:44:43.954+0000] {logging_mixin.py:188} INFO - [2026-06-28T16:44:43.954+0000] {dag.py:3954} INFO - Setting next_dagrun for tutorial_dag to None, run_after=None
[2026-06-28T16:44:43.973+0000] {processor.py:183} INFO - Processing /home/airflow/.local/lib/python3.12/site-packages/airflow/example_dags/tutorial_dag.py took 0.065 seconds
[2026-06-28T16:45:14.773+0000] {processor.py:161} INFO - Started process (PID=4862) to work on /home/airflow/.local/lib/python3.12/site-packages/airflow/example_dags/tutorial_dag.py
[2026-06-28T16:45:14.774+0000] {processor.py:830} INFO - Processing file /home/airflow/.local/lib/python3.12/site-packages/airflow/example_dags/tutorial_dag.py for tasks to queue
[2026-06-28T16:45:14.777+0000] {logging_mixin.py:188} INFO - [2026-06-28T16:45:14.776+0000] {dagbag.py:545} INFO - Filling up the DagBag from /home/airflow/.local/lib/python3.12/site-packages/airflow/example_dags/tutorial_dag.py
[2026-06-28T16:45:14.793+0000] {processor.py:840} INFO - DAG(s) 'tutorial_dag' retrieved from /home/airflow/.local/lib/python3.12/site-packages/airflow/example_dags/tutorial_dag.py
[2026-06-28T16:45:14.837+0000] {logging_mixin.py:188} INFO - [2026-06-28T16:45:14.836+0000] {dag.py:3096} INFO - Sync 1 DAGs
[2026-06-28T16:45:14.857+0000] {logging_mixin.py:188} INFO - [2026-06-28T16:45:14.857+0000] {dag.py:3954} INFO - Setting next_dagrun for tutorial_dag to None, run_after=None
[2026-06-28T16:45:14.895+0000] {processor.py:183} INFO - Processing /home/airflow/.local/lib/python3.12/site-packages/airflow/example_dags/tutorial_dag.py took 0.130 seconds
[2026-06-28T16:45:45.787+0000] {processor.py:161} INFO - Started process (PID=4920) to work on /home/airflow/.local/lib/python3.12/site-packages/airflow/example_dags/tutorial_dag.py
[2026-06-28T16:45:45.790+0000] {processor.py:830} INFO - Processing file /home/airflow/.local/lib/python3.12/site-packages/airflow/example_dags/tutorial_dag.py for tasks to queue
[2026-06-28T16:45:45.794+0000] {logging_mixin.py:188} INFO - [2026-06-28T16:45:45.794+0000] {dagbag.py:545} INFO - Filling up the DagBag from /home/airflow/.local/lib/python3.12/site-packages/airflow/example_dags/tutorial_dag.py
[2026-06-28T16:45:45.806+0000] {processor.py:840} INFO - DAG(s) 'tutorial_dag' retrieved from /home/airflow/.local/lib/python3.12/site-packages/airflow/example_dags/tutorial_dag.py
[2026-06-28T16:45:45.848+0000] {logging_mixin.py:188} INFO - [2026-06-28T16:45:45.846+0000] {dag.py:3096} INFO - Sync 1 DAGs
[2026-06-28T16:45:45.882+0000] {logging_mixin.py:188} INFO - [2026-06-28T16:45:45.881+0000] {dag.py:3954} INFO - Setting next_dagrun for tutorial_dag to None, run_after=None
[2026-06-28T16:45:45.917+0000] {processor.py:183} INFO - Processing /home/airflow/.local/lib/python3.12/site-packages/airflow/example_dags/tutorial_dag.py took 0.156 seconds
[2026-06-28T16:46:16.702+0000] {processor.py:161} INFO - Started process (PID=4979) to work on /home/airflow/.local/lib/python3.12/site-packages/airflow/example_dags/tutorial_dag.py
[2026-06-28T16:46:16.703+0000] {processor.py:830} INFO - Processing file /home/airflow/.local/lib/python3.12/site-packages/airflow/example_dags/tutorial_dag.py for tasks to queue
[2026-06-28T16:46:16.705+0000] {logging_mixin.py:188} INFO - [2026-06-28T16:46:16.705+0000] {dagbag.py:545} INFO - Filling up the DagBag from /home/airflow/.local/lib/python3.12/site-packages/airflow/example_dags/tutorial_dag.py
[2026-06-28T16:46:16.712+0000] {processor.py:840} INFO - DAG(s) 'tutorial_dag' retrieved from /home/airflow/.local/lib/python3.12/site-packages/airflow/example_dags/tutorial_dag.py
[2026-06-28T16:46:16.755+0000] {logging_mixin.py:188} INFO - [2026-06-28T16:46:16.755+0000] {dag.py:3096} INFO - Sync 1 DAGs
[2026-06-28T16:46:16.780+0000] {logging_mixin.py:188} INFO - [2026-06-28T16:46:16.780+0000] {dag.py:3954} INFO - Setting next_dagrun for tutorial_dag to None, run_after=None
[2026-06-28T16:46:16.813+0000] {processor.py:183} INFO - Processing /home/airflow/.local/lib/python3.12/site-packages/airflow/example_dags/tutorial_dag.py took 0.118 seconds
[2026-06-28T16:46:47.665+0000] {processor.py:161} INFO - Started process (PID=5038) to work on /home/airflow/.local/lib/python3.12/site-packages/airflow/example_dags/tutorial_dag.py
[2026-06-28T16:46:47.665+0000] {processor.py:830} INFO - Processing file /home/airflow/.local/lib/python3.12/site-packages/airflow/example_dags/tutorial_dag.py for tasks to queue
[2026-06-28T16:46:47.667+0000] {logging_mixin.py:188} INFO - [2026-06-28T16:46:47.667+0000] {dagbag.py:545} INFO - Filling up the DagBag from /home/airflow/.local/lib/python3.12/site-packages/airflow/example_dags/tutorial_dag.py
[2026-06-28T16:46:47.672+0000] {processor.py:840} INFO - DAG(s) 'tutorial_dag' retrieved from /home/airflow/.local/lib/python3.12/site-packages/airflow/example_dags/tutorial_dag.py
[2026-06-28T16:46:47.693+0000] {logging_mixin.py:188} INFO - [2026-06-28T16:46:47.692+0000] {dag.py:3096} INFO - Sync 1 DAGs
[2026-06-28T16:46:47.711+0000] {logging_mixin.py:188} INFO - [2026-06-28T16:46:47.711+0000] {dag.py:3954} INFO - Setting next_dagrun for tutorial_dag to None, run_after=None
[2026-06-28T16:46:47.730+0000] {processor.py:183} INFO - Processing /home/airflow/.local/lib/python3.12/site-packages/airflow/example_dags/tutorial_dag.py took 0.071 seconds
[2026-06-28T16:47:18.130+0000] {processor.py:161} INFO - Started process (PID=5097) to work on /home/airflow/.local/lib/python3.12/site-packages/airflow/example_dags/tutorial_dag.py
[2026-06-28T16:47:18.131+0000] {processor.py:830} INFO - Processing file /home/airflow/.local/lib/python3.12/site-packages/airflow/example_dags/tutorial_dag.py for tasks to queue
[2026-06-28T16:47:18.133+0000] {logging_mixin.py:188} INFO - [2026-06-28T16:47:18.133+0000] {dagbag.py:545} INFO - Filling up the DagBag from /home/airflow/.local/lib/python3.12/site-packages/airflow/example_dags/tutorial_dag.py
[2026-06-28T16:47:18.141+0000] {processor.py:840} INFO - DAG(s) 'tutorial_dag' retrieved from /home/airflow/.local/lib/python3.12/site-packages/airflow/example_dags/tutorial_dag.py
[2026-06-28T16:47:18.168+0000] {logging_mixin.py:188} INFO - [2026-06-28T16:47:18.167+0000] {dag.py:3096} INFO - Sync 1 DAGs
[2026-06-28T16:47:18.186+0000] {logging_mixin.py:188} INFO - [2026-06-28T16:47:18.186+0000] {dag.py:3954} INFO - Setting next_dagrun for tutorial_dag to None, run_after=None
[2026-06-28T16:47:18.210+0000] {processor.py:183} INFO - Processing /home/airflow/.local/lib/python3.12/site-packages/airflow/example_dags/tutorial_dag.py took 0.088 seconds
[2026-06-28T16:47:48.807+0000] {processor.py:161} INFO - Started process (PID=5157) to work on /home/airflow/.local/lib/python3.12/site-packages/airflow/example_dags/tutorial_dag.py
[2026-06-28T16:47:48.811+0000] {processor.py:830} INFO - Processing file /home/airflow/.local/lib/python3.12/site-packages/airflow/example_dags/tutorial_dag.py for tasks to queue
[2026-06-28T16:47:48.813+0000] {logging_mixin.py:188} INFO - [2026-06-28T16:47:48.813+0000] {dagbag.py:545} INFO - Filling up the DagBag from /home/airflow/.local/lib/python3.12/site-packages/airflow/example_dags/tutorial_dag.py
[2026-06-28T16:47:48.822+0000] {processor.py:840} INFO - DAG(s) 'tutorial_dag' retrieved from /home/airflow/.local/lib/python3.12/site-packages/airflow/example_dags/tutorial_dag.py
[2026-06-28T16:47:48.883+0000] {logging_mixin.py:188} INFO - [2026-06-28T16:47:48.883+0000] {dag.py:3096} INFO - Sync 1 DAGs
[2026-06-28T16:47:48.935+0000] {logging_mixin.py:188} INFO - [2026-06-28T16:47:48.935+0000] {dag.py:3954} INFO - Setting next_dagrun for tutorial_dag to None, run_after=None
[2026-06-28T16:47:49.009+0000] {processor.py:183} INFO - Processing /home/airflow/.local/lib/python3.12/site-packages/airflow/example_dags/tutorial_dag.py took 0.220 seconds
[2026-06-28T16:48:19.473+0000] {processor.py:161} INFO - Started process (PID=5216) to work on /home/airflow/.local/lib/python3.12/site-packages/airflow/example_dags/tutorial_dag.py
[2026-06-28T16:48:19.477+0000] {processor.py:830} INFO - Processing file /home/airflow/.local/lib/python3.12/site-packages/airflow/example_dags/tutorial_dag.py for tasks to queue
[2026-06-28T16:48:19.481+0000] {logging_mixin.py:188} INFO - [2026-06-28T16:48:19.480+0000] {dagbag.py:545} INFO - Filling up the DagBag from /home/airflow/.local/lib/python3.12/site-packages/airflow/example_dags/tutorial_dag.py
[2026-06-28T16:48:19.494+0000] {processor.py:840} INFO - DAG(s) 'tutorial_dag' retrieved from /home/airflow/.local/lib/python3.12/site-packages/airflow/example_dags/tutorial_dag.py
[2026-06-28T16:48:19.533+0000] {logging_mixin.py:188} INFO - [2026-06-28T16:48:19.533+0000] {dag.py:3096} INFO - Sync 1 DAGs
[2026-06-28T16:48:19.557+0000] {logging_mixin.py:188} INFO - [2026-06-28T16:48:19.557+0000] {dag.py:3954} INFO - Setting next_dagrun for tutorial_dag to None, run_after=None
[2026-06-28T16:48:19.586+0000] {processor.py:183} INFO - Processing /home/airflow/.local/lib/python3.12/site-packages/airflow/example_dags/tutorial_dag.py took 0.135 seconds
[2026-06-28T16:48:49.887+0000] {processor.py:161} INFO - Started process (PID=5275) to work on /home/airflow/.local/lib/python3.12/site-packages/airflow/example_dags/tutorial_dag.py
[2026-06-28T16:48:49.888+0000] {processor.py:830} INFO - Processing file /home/airflow/.local/lib/python3.12/site-packages/airflow/example_dags/tutorial_dag.py for tasks to queue
[2026-06-28T16:48:49.891+0000] {logging_mixin.py:188} INFO - [2026-06-28T16:48:49.890+0000] {dagbag.py:545} INFO - Filling up the DagBag from /home/airflow/.local/lib/python3.12/site-packages/airflow/example_dags/tutorial_dag.py
[2026-06-28T16:48:49.900+0000] {processor.py:840} INFO - DAG(s) 'tutorial_dag' retrieved from /home/airflow/.local/lib/python3.12/site-packages/airflow/example_dags/tutorial_dag.py
[2026-06-28T16:48:49.961+0000] {logging_mixin.py:188} INFO - [2026-06-28T16:48:49.960+0000] {dag.py:3096} INFO - Sync 1 DAGs
[2026-06-28T16:48:49.989+0000] {logging_mixin.py:188} INFO - [2026-06-28T16:48:49.989+0000] {dag.py:3954} INFO - Setting next_dagrun for tutorial_dag to None, run_after=None
[2026-06-28T16:48:50.015+0000] {processor.py:183} INFO - Processing /home/airflow/.local/lib/python3.12/site-packages/airflow/example_dags/tutorial_dag.py took 0.140 seconds
[2026-06-28T16:49:20.632+0000] {processor.py:161} INFO - Started process (PID=5334) to work on /home/airflow/.local/lib/python3.12/site-packages/airflow/example_dags/tutorial_dag.py
[2026-06-28T16:49:20.634+0000] {processor.py:830} INFO - Processing file /home/airflow/.local/lib/python3.12/site-packages/airflow/example_dags/tutorial_dag.py for tasks to queue
[2026-06-28T16:49:20.636+0000] {logging_mixin.py:188} INFO - [2026-06-28T16:49:20.636+0000] {dagbag.py:545} INFO - Filling up the DagBag from /home/airflow/.local/lib/python3.12/site-packages/airflow/example_dags/tutorial_dag.py
[2026-06-28T16:49:20.642+0000] {processor.py:840} INFO - DAG(s) 'tutorial_dag' retrieved from /home/airflow/.local/lib/python3.12/site-packages/airflow/example_dags/tutorial_dag.py
[2026-06-28T16:49:20.668+0000] {logging_mixin.py:188} INFO - [2026-06-28T16:49:20.668+0000] {dag.py:3096} INFO - Sync 1 DAGs
[2026-06-28T16:49:20.685+0000] {logging_mixin.py:188} INFO - [2026-06-28T16:49:20.685+0000] {dag.py:3954} INFO - Setting next_dagrun for tutorial_dag to None, run_after=None
[2026-06-28T16:49:20.709+0000] {processor.py:183} INFO - Processing /home/airflow/.local/lib/python3.12/site-packages/airflow/example_dags/tutorial_dag.py took 0.084 seconds
[2026-06-28T16:49:51.636+0000] {processor.py:161} INFO - Started process (PID=5393) to work on /home/airflow/.local/lib/python3.12/site-packages/airflow/example_dags/tutorial_dag.py
[2026-06-28T16:49:51.637+0000] {processor.py:830} INFO - Processing file /home/airflow/.local/lib/python3.12/site-packages/airflow/example_dags/tutorial_dag.py for tasks to queue
[2026-06-28T16:49:51.639+0000] {logging_mixin.py:188} INFO - [2026-06-28T16:49:51.638+0000] {dagbag.py:545} INFO - Filling up the DagBag from /home/airflow/.local/lib/python3.12/site-packages/airflow/example_dags/tutorial_dag.py
[2026-06-28T16:49:51.645+0000] {processor.py:840} INFO - DAG(s) 'tutorial_dag' retrieved from /home/airflow/.local/lib/python3.12/site-packages/airflow/example_dags/tutorial_dag.py
[2026-06-28T16:49:51.672+0000] {logging_mixin.py:188} INFO - [2026-06-28T16:49:51.672+0000] {dag.py:3096} INFO - Sync 1 DAGs
[2026-06-28T16:49:51.691+0000] {logging_mixin.py:188} INFO - [2026-06-28T16:49:51.691+0000] {dag.py:3954} INFO - Setting next_dagrun for tutorial_dag to None, run_after=None
[2026-06-28T16:49:51.715+0000] {processor.py:183} INFO - Processing /home/airflow/.local/lib/python3.12/site-packages/airflow/example_dags/tutorial_dag.py took 0.086 seconds
[2026-06-28T16:50:22.752+0000] {processor.py:161} INFO - Started process (PID=5451) to work on /home/airflow/.local/lib/python3.12/site-packages/airflow/example_dags/tutorial_dag.py
[2026-06-28T16:50:22.753+0000] {processor.py:830} INFO - Processing file /home/airflow/.local/lib/python3.12/site-packages/airflow/example_dags/tutorial_dag.py for tasks to queue
[2026-06-28T16:50:22.755+0000] {logging_mixin.py:188} INFO - [2026-06-28T16:50:22.755+0000] {dagbag.py:545} INFO - Filling up the DagBag from /home/airflow/.local/lib/python3.12/site-packages/airflow/example_dags/tutorial_dag.py
[2026-06-28T16:50:22.762+0000] {processor.py:840} INFO - DAG(s) 'tutorial_dag' retrieved from /home/airflow/.local/lib/python3.12/site-packages/airflow/example_dags/tutorial_dag.py
[2026-06-28T16:50:22.784+0000] {logging_mixin.py:188} INFO - [2026-06-28T16:50:22.784+0000] {dag.py:3096} INFO - Sync 1 DAGs
[2026-06-28T16:50:22.796+0000] {logging_mixin.py:188} INFO - [2026-06-28T16:50:22.796+0000] {dag.py:3954} INFO - Setting next_dagrun for tutorial_dag to None, run_after=None
[2026-06-28T16:50:22.812+0000] {processor.py:183} INFO - Processing /home/airflow/.local/lib/python3.12/site-packages/airflow/example_dags/tutorial_dag.py took 0.066 seconds
[2026-06-28T16:50:53.184+0000] {processor.py:161} INFO - Started process (PID=5510) to work on /home/airflow/.local/lib/python3.12/site-packages/airflow/example_dags/tutorial_dag.py
[2026-06-28T16:50:53.187+0000] {processor.py:830} INFO - Processing file /home/airflow/.local/lib/python3.12/site-packages/airflow/example_dags/tutorial_dag.py for tasks to queue
[2026-06-28T16:50:53.189+0000] {logging_mixin.py:188} INFO - [2026-06-28T16:50:53.189+0000] {dagbag.py:545} INFO - Filling up the DagBag from /home/airflow/.local/lib/python3.12/site-packages/airflow/example_dags/tutorial_dag.py
[2026-06-28T16:50:53.196+0000] {processor.py:840} INFO - DAG(s) 'tutorial_dag' retrieved from /home/airflow/.local/lib/python3.12/site-packages/airflow/example_dags/tutorial_dag.py
[2026-06-28T16:50:53.237+0000] {logging_mixin.py:188} INFO - [2026-06-28T16:50:53.236+0000] {dag.py:3096} INFO - Sync 1 DAGs
[2026-06-28T16:50:53.256+0000] {logging_mixin.py:188} INFO - [2026-06-28T16:50:53.256+0000] {dag.py:3954} INFO - Setting next_dagrun for tutorial_dag to None, run_after=None
[2026-06-28T16:50:53.280+0000] {processor.py:183} INFO - Processing /home/airflow/.local/lib/python3.12/site-packages/airflow/example_dags/tutorial_dag.py took 0.104 seconds
[2026-06-28T16:51:24.010+0000] {processor.py:161} INFO - Started process (PID=5568) to work on /home/airflow/.local/lib/python3.12/site-packages/airflow/example_dags/tutorial_dag.py
[2026-06-28T16:51:24.011+0000] {processor.py:830} INFO - Processing file /home/airflow/.local/lib/python3.12/site-packages/airflow/example_dags/tutorial_dag.py for tasks to queue
[2026-06-28T16:51:24.013+0000] {logging_mixin.py:188} INFO - [2026-06-28T16:51:24.012+0000] {dagbag.py:545} INFO - Filling up the DagBag from /home/airflow/.local/lib/python3.12/site-packages/airflow/example_dags/tutorial_dag.py
[2026-06-28T16:51:24.020+0000] {processor.py:840} INFO - DAG(s) 'tutorial_dag' retrieved from /home/airflow/.local/lib/python3.12/site-packages/airflow/example_dags/tutorial_dag.py
[2026-06-28T16:51:24.055+0000] {logging_mixin.py:188} INFO - [2026-06-28T16:51:24.055+0000] {dag.py:3096} INFO - Sync 1 DAGs
[2026-06-28T16:51:24.078+0000] {logging_mixin.py:188} INFO - [2026-06-28T16:51:24.078+0000] {dag.py:3954} INFO - Setting next_dagrun for tutorial_dag to None, run_after=None
[2026-06-28T16:51:24.106+0000] {processor.py:183} INFO - Processing /home/airflow/.local/lib/python3.12/site-packages/airflow/example_dags/tutorial_dag.py took 0.103 seconds
[2026-06-28T16:51:54.535+0000] {processor.py:161} INFO - Started process (PID=5627) to work on /home/airflow/.local/lib/python3.12/site-packages/airflow/example_dags/tutorial_dag.py
[2026-06-28T16:51:54.536+0000] {processor.py:830} INFO - Processing file /home/airflow/.local/lib/python3.12/site-packages/airflow/example_dags/tutorial_dag.py for tasks to queue
[2026-06-28T16:51:54.538+0000] {logging_mixin.py:188} INFO - [2026-06-28T16:51:54.537+0000] {dagbag.py:545} INFO - Filling up the DagBag from /home/airflow/.local/lib/python3.12/site-packages/airflow/example_dags/tutorial_dag.py
[2026-06-28T16:51:54.548+0000] {processor.py:840} INFO - DAG(s) 'tutorial_dag' retrieved from /home/airflow/.local/lib/python3.12/site-packages/airflow/example_dags/tutorial_dag.py
[2026-06-28T16:51:54.590+0000] {logging_mixin.py:188} INFO - [2026-06-28T16:51:54.589+0000] {dag.py:3096} INFO - Sync 1 DAGs
[2026-06-28T16:51:54.607+0000] {logging_mixin.py:188} INFO - [2026-06-28T16:51:54.606+0000] {dag.py:3954} INFO - Setting next_dagrun for tutorial_dag to None, run_after=None
[2026-06-28T16:51:54.629+0000] {processor.py:183} INFO - Processing /home/airflow/.local/lib/python3.12/site-packages/airflow/example_dags/tutorial_dag.py took 0.102 seconds
[2026-06-28T16:52:25.116+0000] {processor.py:161} INFO - Started process (PID=5685) to work on /home/airflow/.local/lib/python3.12/site-packages/airflow/example_dags/tutorial_dag.py
[2026-06-28T16:52:25.117+0000] {processor.py:830} INFO - Processing file /home/airflow/.local/lib/python3.12/site-packages/airflow/example_dags/tutorial_dag.py for tasks to queue
[2026-06-28T16:52:25.119+0000] {logging_mixin.py:188} INFO - [2026-06-28T16:52:25.118+0000] {dagbag.py:545} INFO - Filling up the DagBag from /home/airflow/.local/lib/python3.12/site-packages/airflow/example_dags/tutorial_dag.py
[2026-06-28T16:52:25.126+0000] {processor.py:840} INFO - DAG(s) 'tutorial_dag' retrieved from /home/airflow/.local/lib/python3.12/site-packages/airflow/example_dags/tutorial_dag.py
[2026-06-28T16:52:25.153+0000] {logging_mixin.py:188} INFO - [2026-06-28T16:52:25.152+0000] {dag.py:3096} INFO - Sync 1 DAGs
[2026-06-28T16:52:25.172+0000] {logging_mixin.py:188} INFO - [2026-06-28T16:52:25.172+0000] {dag.py:3954} INFO - Setting next_dagrun for tutorial_dag to None, run_after=None
[2026-06-28T16:52:25.194+0000] {processor.py:183} INFO - Processing /home/airflow/.local/lib/python3.12/site-packages/airflow/example_dags/tutorial_dag.py took 0.085 seconds
[2026-06-28T16:52:55.789+0000] {processor.py:161} INFO - Started process (PID=5744) to work on /home/airflow/.local/lib/python3.12/site-packages/airflow/example_dags/tutorial_dag.py
[2026-06-28T16:52:55.789+0000] {processor.py:830} INFO - Processing file /home/airflow/.local/lib/python3.12/site-packages/airflow/example_dags/tutorial_dag.py for tasks to queue
[2026-06-28T16:52:55.791+0000] {logging_mixin.py:188} INFO - [2026-06-28T16:52:55.791+0000] {dagbag.py:545} INFO - Filling up the DagBag from /home/airflow/.local/lib/python3.12/site-packages/airflow/example_dags/tutorial_dag.py
[2026-06-28T16:52:55.796+0000] {processor.py:840} INFO - DAG(s) 'tutorial_dag' retrieved from /home/airflow/.local/lib/python3.12/site-packages/airflow/example_dags/tutorial_dag.py
[2026-06-28T16:52:55.814+0000] {logging_mixin.py:188} INFO - [2026-06-28T16:52:55.813+0000] {dag.py:3096} INFO - Sync 1 DAGs
[2026-06-28T16:52:55.827+0000] {logging_mixin.py:188} INFO - [2026-06-28T16:52:55.826+0000] {dag.py:3954} INFO - Setting next_dagrun for tutorial_dag to None, run_after=None
[2026-06-28T16:52:55.844+0000] {processor.py:183} INFO - Processing /home/airflow/.local/lib/python3.12/site-packages/airflow/example_dags/tutorial_dag.py took 0.063 seconds
[2026-06-28T16:53:27.178+0000] {processor.py:161} INFO - Started process (PID=5802) to work on /home/airflow/.local/lib/python3.12/site-packages/airflow/example_dags/tutorial_dag.py
[2026-06-28T16:53:27.180+0000] {processor.py:830} INFO - Processing file /home/airflow/.local/lib/python3.12/site-packages/airflow/example_dags/tutorial_dag.py for tasks to queue
[2026-06-28T16:53:27.182+0000] {logging_mixin.py:188} INFO - [2026-06-28T16:53:27.181+0000] {dagbag.py:545} INFO - Filling up the DagBag from /home/airflow/.local/lib/python3.12/site-packages/airflow/example_dags/tutorial_dag.py
[2026-06-28T16:53:27.190+0000] {processor.py:840} INFO - DAG(s) 'tutorial_dag' retrieved from /home/airflow/.local/lib/python3.12/site-packages/airflow/example_dags/tutorial_dag.py
[2026-06-28T16:53:27.222+0000] {logging_mixin.py:188} INFO - [2026-06-28T16:53:27.221+0000] {dag.py:3096} INFO - Sync 1 DAGs
[2026-06-28T16:53:27.242+0000] {logging_mixin.py:188} INFO - [2026-06-28T16:53:27.242+0000] {dag.py:3954} INFO - Setting next_dagrun for tutorial_dag to None, run_after=None
[2026-06-28T16:53:27.275+0000] {processor.py:183} INFO - Processing /home/airflow/.local/lib/python3.12/site-packages/airflow/example_dags/tutorial_dag.py took 0.105 seconds
[2026-06-28T16:53:58.258+0000] {processor.py:161} INFO - Started process (PID=5861) to work on /home/airflow/.local/lib/python3.12/site-packages/airflow/example_dags/tutorial_dag.py
[2026-06-28T16:53:58.261+0000] {processor.py:830} INFO - Processing file /home/airflow/.local/lib/python3.12/site-packages/airflow/example_dags/tutorial_dag.py for tasks to queue
[2026-06-28T16:53:58.266+0000] {logging_mixin.py:188} INFO - [2026-06-28T16:53:58.265+0000] {dagbag.py:545} INFO - Filling up the DagBag from /home/airflow/.local/lib/python3.12/site-packages/airflow/example_dags/tutorial_dag.py
[2026-06-28T16:53:58.278+0000] {processor.py:840} INFO - DAG(s) 'tutorial_dag' retrieved from /home/airflow/.local/lib/python3.12/site-packages/airflow/example_dags/tutorial_dag.py
[2026-06-28T16:53:58.307+0000] {logging_mixin.py:188} INFO - [2026-06-28T16:53:58.306+0000] {dag.py:3096} INFO - Sync 1 DAGs
[2026-06-28T16:53:58.324+0000] {logging_mixin.py:188} INFO - [2026-06-28T16:53:58.324+0000] {dag.py:3954} INFO - Setting next_dagrun for tutorial_dag to None, run_after=None
[2026-06-28T16:53:58.347+0000] {processor.py:183} INFO - Processing /home/airflow/.local/lib/python3.12/site-packages/airflow/example_dags/tutorial_dag.py took 0.096 seconds
[2026-06-28T16:54:29.283+0000] {processor.py:161} INFO - Started process (PID=5920) to work on /home/airflow/.local/lib/python3.12/site-packages/airflow/example_dags/tutorial_dag.py
[2026-06-28T16:54:29.284+0000] {processor.py:830} INFO - Processing file /home/airflow/.local/lib/python3.12/site-packages/airflow/example_dags/tutorial_dag.py for tasks to queue
[2026-06-28T16:54:29.287+0000] {logging_mixin.py:188} INFO - [2026-06-28T16:54:29.286+0000] {dagbag.py:545} INFO - Filling up the DagBag from /home/airflow/.local/lib/python3.12/site-packages/airflow/example_dags/tutorial_dag.py
[2026-06-28T16:54:29.292+0000] {processor.py:840} INFO - DAG(s) 'tutorial_dag' retrieved from /home/airflow/.local/lib/python3.12/site-packages/airflow/example_dags/tutorial_dag.py
[2026-06-28T16:54:29.311+0000] {logging_mixin.py:188} INFO - [2026-06-28T16:54:29.311+0000] {dag.py:3096} INFO - Sync 1 DAGs
[2026-06-28T16:54:29.323+0000] {logging_mixin.py:188} INFO - [2026-06-28T16:54:29.323+0000] {dag.py:3954} INFO - Setting next_dagrun for tutorial_dag to None, run_after=None
[2026-06-28T16:54:29.340+0000] {processor.py:183} INFO - Processing /home/airflow/.local/lib/python3.12/site-packages/airflow/example_dags/tutorial_dag.py took 0.064 seconds
[2026-06-28T16:55:00.052+0000] {processor.py:161} INFO - Started process (PID=5978) to work on /home/airflow/.local/lib/python3.12/site-packages/airflow/example_dags/tutorial_dag.py
[2026-06-28T16:55:00.053+0000] {processor.py:830} INFO - Processing file /home/airflow/.local/lib/python3.12/site-packages/airflow/example_dags/tutorial_dag.py for tasks to queue
[2026-06-28T16:55:00.056+0000] {logging_mixin.py:188} INFO - [2026-06-28T16:55:00.055+0000] {dagbag.py:545} INFO - Filling up the DagBag from /home/airflow/.local/lib/python3.12/site-packages/airflow/example_dags/tutorial_dag.py
[2026-06-28T16:55:00.062+0000] {processor.py:840} INFO - DAG(s) 'tutorial_dag' retrieved from /home/airflow/.local/lib/python3.12/site-packages/airflow/example_dags/tutorial_dag.py
[2026-06-28T16:55:00.083+0000] {logging_mixin.py:188} INFO - [2026-06-28T16:55:00.083+0000] {dag.py:3096} INFO - Sync 1 DAGs
[2026-06-28T16:55:00.094+0000] {logging_mixin.py:188} INFO - [2026-06-28T16:55:00.094+0000] {dag.py:3954} INFO - Setting next_dagrun for tutorial_dag to None, run_after=None
[2026-06-28T16:55:00.111+0000] {processor.py:183} INFO - Processing /home/airflow/.local/lib/python3.12/site-packages/airflow/example_dags/tutorial_dag.py took 0.065 seconds
[2026-06-28T16:55:30.513+0000] {processor.py:161} INFO - Started process (PID=6037) to work on /home/airflow/.local/lib/python3.12/site-packages/airflow/example_dags/tutorial_dag.py
[2026-06-28T16:55:30.513+0000] {processor.py:830} INFO - Processing file /home/airflow/.local/lib/python3.12/site-packages/airflow/example_dags/tutorial_dag.py for tasks to queue
[2026-06-28T16:55:30.516+0000] {logging_mixin.py:188} INFO - [2026-06-28T16:55:30.515+0000] {dagbag.py:545} INFO - Filling up the DagBag from /home/airflow/.local/lib/python3.12/site-packages/airflow/example_dags/tutorial_dag.py
[2026-06-28T16:55:30.521+0000] {processor.py:840} INFO - DAG(s) 'tutorial_dag' retrieved from /home/airflow/.local/lib/python3.12/site-packages/airflow/example_dags/tutorial_dag.py
[2026-06-28T16:55:30.547+0000] {logging_mixin.py:188} INFO - [2026-06-28T16:55:30.547+0000] {dag.py:3096} INFO - Sync 1 DAGs
[2026-06-28T16:55:30.590+0000] {logging_mixin.py:188} INFO - [2026-06-28T16:55:30.590+0000] {dag.py:3954} INFO - Setting next_dagrun for tutorial_dag to None, run_after=None
[2026-06-28T16:55:30.654+0000] {processor.py:183} INFO - Processing /home/airflow/.local/lib/python3.12/site-packages/airflow/example_dags/tutorial_dag.py took 0.152 seconds
[2026-06-28T16:56:00.940+0000] {processor.py:161} INFO - Started process (PID=6096) to work on /home/airflow/.local/lib/python3.12/site-packages/airflow/example_dags/tutorial_dag.py
[2026-06-28T16:56:00.941+0000] {processor.py:830} INFO - Processing file /home/airflow/.local/lib/python3.12/site-packages/airflow/example_dags/tutorial_dag.py for tasks to queue
[2026-06-28T16:56:00.944+0000] {logging_mixin.py:188} INFO - [2026-06-28T16:56:00.943+0000] {dagbag.py:545} INFO - Filling up the DagBag from /home/airflow/.local/lib/python3.12/site-packages/airflow/example_dags/tutorial_dag.py
[2026-06-28T16:56:00.952+0000] {processor.py:840} INFO - DAG(s) 'tutorial_dag' retrieved from /home/airflow/.local/lib/python3.12/site-packages/airflow/example_dags/tutorial_dag.py
[2026-06-28T16:56:00.979+0000] {logging_mixin.py:188} INFO - [2026-06-28T16:56:00.979+0000] {dag.py:3096} INFO - Sync 1 DAGs
[2026-06-28T16:56:00.997+0000] {logging_mixin.py:188} INFO - [2026-06-28T16:56:00.997+0000] {dag.py:3954} INFO - Setting next_dagrun for tutorial_dag to None, run_after=None
[2026-06-28T16:56:01.025+0000] {processor.py:183} INFO - Processing /home/airflow/.local/lib/python3.12/site-packages/airflow/example_dags/tutorial_dag.py took 0.092 seconds
[2026-06-28T16:56:31.142+0000] {processor.py:161} INFO - Started process (PID=6155) to work on /home/airflow/.local/lib/python3.12/site-packages/airflow/example_dags/tutorial_dag.py
[2026-06-28T16:56:31.144+0000] {processor.py:830} INFO - Processing file /home/airflow/.local/lib/python3.12/site-packages/airflow/example_dags/tutorial_dag.py for tasks to queue
[2026-06-28T16:56:31.146+0000] {logging_mixin.py:188} INFO - [2026-06-28T16:56:31.146+0000] {dagbag.py:545} INFO - Filling up the DagBag from /home/airflow/.local/lib/python3.12/site-packages/airflow/example_dags/tutorial_dag.py
[2026-06-28T16:56:31.155+0000] {processor.py:840} INFO - DAG(s) 'tutorial_dag' retrieved from /home/airflow/.local/lib/python3.12/site-packages/airflow/example_dags/tutorial_dag.py
[2026-06-28T16:56:31.184+0000] {logging_mixin.py:188} INFO - [2026-06-28T16:56:31.184+0000] {dag.py:3096} INFO - Sync 1 DAGs
[2026-06-28T16:56:31.203+0000] {logging_mixin.py:188} INFO - [2026-06-28T16:56:31.203+0000] {dag.py:3954} INFO - Setting next_dagrun for tutorial_dag to None, run_after=None
[2026-06-28T16:56:31.225+0000] {processor.py:183} INFO - Processing /home/airflow/.local/lib/python3.12/site-packages/airflow/example_dags/tutorial_dag.py took 0.091 seconds
[2026-06-28T16:57:02.391+0000] {processor.py:161} INFO - Started process (PID=6216) to work on /home/airflow/.local/lib/python3.12/site-packages/airflow/example_dags/tutorial_dag.py
[2026-06-28T16:57:02.393+0000] {processor.py:830} INFO - Processing file /home/airflow/.local/lib/python3.12/site-packages/airflow/example_dags/tutorial_dag.py for tasks to queue
[2026-06-28T16:57:02.395+0000] {logging_mixin.py:188} INFO - [2026-06-28T16:57:02.394+0000] {dagbag.py:545} INFO - Filling up the DagBag from /home/airflow/.local/lib/python3.12/site-packages/airflow/example_dags/tutorial_dag.py
[2026-06-28T16:57:02.401+0000] {processor.py:840} INFO - DAG(s) 'tutorial_dag' retrieved from /home/airflow/.local/lib/python3.12/site-packages/airflow/example_dags/tutorial_dag.py
[2026-06-28T16:57:02.428+0000] {logging_mixin.py:188} INFO - [2026-06-28T16:57:02.427+0000] {dag.py:3096} INFO - Sync 1 DAGs
[2026-06-28T16:57:02.447+0000] {logging_mixin.py:188} INFO - [2026-06-28T16:57:02.447+0000] {dag.py:3954} INFO - Setting next_dagrun for tutorial_dag to None, run_after=None
[2026-06-28T16:57:02.478+0000] {processor.py:183} INFO - Processing /home/airflow/.local/lib/python3.12/site-packages/airflow/example_dags/tutorial_dag.py took 0.094 seconds
[2026-06-28T16:57:34.286+0000] {processor.py:161} INFO - Started process (PID=6280) to work on /home/airflow/.local/lib/python3.12/site-packages/airflow/example_dags/tutorial_dag.py
[2026-06-28T16:57:34.287+0000] {processor.py:830} INFO - Processing file /home/airflow/.local/lib/python3.12/site-packages/airflow/example_dags/tutorial_dag.py for tasks to queue
[2026-06-28T16:57:34.289+0000] {logging_mixin.py:188} INFO - [2026-06-28T16:57:34.289+0000] {dagbag.py:545} INFO - Filling up the DagBag from /home/airflow/.local/lib/python3.12/site-packages/airflow/example_dags/tutorial_dag.py
[2026-06-28T16:57:34.296+0000] {processor.py:840} INFO - DAG(s) 'tutorial_dag' retrieved from /home/airflow/.local/lib/python3.12/site-packages/airflow/example_dags/tutorial_dag.py
[2026-06-28T16:57:34.325+0000] {logging_mixin.py:188} INFO - [2026-06-28T16:57:34.324+0000] {dag.py:3096} INFO - Sync 1 DAGs
[2026-06-28T16:57:34.382+0000] {logging_mixin.py:188} INFO - [2026-06-28T16:57:34.382+0000] {dag.py:3954} INFO - Setting next_dagrun for tutorial_dag to None, run_after=None
[2026-06-28T16:57:34.632+0000] {processor.py:183} INFO - Processing /home/airflow/.local/lib/python3.12/site-packages/airflow/example_dags/tutorial_dag.py took 0.355 seconds
[2026-06-28T16:58:05.537+0000] {processor.py:161} INFO - Started process (PID=6339) to work on /home/airflow/.local/lib/python3.12/site-packages/airflow/example_dags/tutorial_dag.py
[2026-06-28T16:58:05.542+0000] {processor.py:830} INFO - Processing file /home/airflow/.local/lib/python3.12/site-packages/airflow/example_dags/tutorial_dag.py for tasks to queue
[2026-06-28T16:58:05.548+0000] {logging_mixin.py:188} INFO - [2026-06-28T16:58:05.548+0000] {dagbag.py:545} INFO - Filling up the DagBag from /home/airflow/.local/lib/python3.12/site-packages/airflow/example_dags/tutorial_dag.py
[2026-06-28T16:58:05.560+0000] {processor.py:840} INFO - DAG(s) 'tutorial_dag' retrieved from /home/airflow/.local/lib/python3.12/site-packages/airflow/example_dags/tutorial_dag.py
[2026-06-28T16:58:05.586+0000] {logging_mixin.py:188} INFO - [2026-06-28T16:58:05.586+0000] {dag.py:3096} INFO - Sync 1 DAGs
[2026-06-28T16:58:05.602+0000] {logging_mixin.py:188} INFO - [2026-06-28T16:58:05.602+0000] {dag.py:3954} INFO - Setting next_dagrun for tutorial_dag to None, run_after=None
[2026-06-28T16:58:05.625+0000] {processor.py:183} INFO - Processing /home/airflow/.local/lib/python3.12/site-packages/airflow/example_dags/tutorial_dag.py took 0.110 seconds
[2026-06-28T16:58:36.512+0000] {processor.py:161} INFO - Started process (PID=6398) to work on /home/airflow/.local/lib/python3.12/site-packages/airflow/example_dags/tutorial_dag.py
[2026-06-28T16:58:36.516+0000] {processor.py:830} INFO - Processing file /home/airflow/.local/lib/python3.12/site-packages/airflow/example_dags/tutorial_dag.py for tasks to queue
[2026-06-28T16:58:36.521+0000] {logging_mixin.py:188} INFO - [2026-06-28T16:58:36.520+0000] {dagbag.py:545} INFO - Filling up the DagBag from /home/airflow/.local/lib/python3.12/site-packages/airflow/example_dags/tutorial_dag.py
[2026-06-28T16:58:36.537+0000] {processor.py:840} INFO - DAG(s) 'tutorial_dag' retrieved from /home/airflow/.local/lib/python3.12/site-packages/airflow/example_dags/tutorial_dag.py
[2026-06-28T16:58:36.579+0000] {logging_mixin.py:188} INFO - [2026-06-28T16:58:36.578+0000] {dag.py:3096} INFO - Sync 1 DAGs
[2026-06-28T16:58:36.597+0000] {logging_mixin.py:188} INFO - [2026-06-28T16:58:36.597+0000] {dag.py:3954} INFO - Setting next_dagrun for tutorial_dag to None, run_after=None
[2026-06-28T16:58:36.627+0000] {processor.py:183} INFO - Processing /home/airflow/.local/lib/python3.12/site-packages/airflow/example_dags/tutorial_dag.py took 0.130 seconds
[2026-06-28T16:59:06.975+0000] {processor.py:161} INFO - Started process (PID=6457) to work on /home/airflow/.local/lib/python3.12/site-packages/airflow/example_dags/tutorial_dag.py
[2026-06-28T16:59:06.977+0000] {processor.py:830} INFO - Processing file /home/airflow/.local/lib/python3.12/site-packages/airflow/example_dags/tutorial_dag.py for tasks to queue
[2026-06-28T16:59:06.982+0000] {logging_mixin.py:188} INFO - [2026-06-28T16:59:06.981+0000] {dagbag.py:545} INFO - Filling up the DagBag from /home/airflow/.local/lib/python3.12/site-packages/airflow/example_dags/tutorial_dag.py
[2026-06-28T16:59:06.999+0000] {processor.py:840} INFO - DAG(s) 'tutorial_dag' retrieved from /home/airflow/.local/lib/python3.12/site-packages/airflow/example_dags/tutorial_dag.py
[2026-06-28T16:59:07.043+0000] {logging_mixin.py:188} INFO - [2026-06-28T16:59:07.042+0000] {dag.py:3096} INFO - Sync 1 DAGs
[2026-06-28T16:59:07.069+0000] {logging_mixin.py:188} INFO - [2026-06-28T16:59:07.069+0000] {dag.py:3954} INFO - Setting next_dagrun for tutorial_dag to None, run_after=None
[2026-06-28T16:59:07.158+0000] {processor.py:183} INFO - Processing /home/airflow/.local/lib/python3.12/site-packages/airflow/example_dags/tutorial_dag.py took 0.201 seconds
[2026-06-28T16:59:37.408+0000] {processor.py:161} INFO - Started process (PID=6516) to work on /home/airflow/.local/lib/python3.12/site-packages/airflow/example_dags/tutorial_dag.py
[2026-06-28T16:59:37.409+0000] {processor.py:830} INFO - Processing file /home/airflow/.local/lib/python3.12/site-packages/airflow/example_dags/tutorial_dag.py for tasks to queue
[2026-06-28T16:59:37.411+0000] {logging_mixin.py:188} INFO - [2026-06-28T16:59:37.410+0000] {dagbag.py:545} INFO - Filling up the DagBag from /home/airflow/.local/lib/python3.12/site-packages/airflow/example_dags/tutorial_dag.py
[2026-06-28T16:59:37.417+0000] {processor.py:840} INFO - DAG(s) 'tutorial_dag' retrieved from /home/airflow/.local/lib/python3.12/site-packages/airflow/example_dags/tutorial_dag.py
[2026-06-28T16:59:37.445+0000] {logging_mixin.py:188} INFO - [2026-06-28T16:59:37.445+0000] {dag.py:3096} INFO - Sync 1 DAGs
[2026-06-28T16:59:37.466+0000] {logging_mixin.py:188} INFO - [2026-06-28T16:59:37.466+0000] {dag.py:3954} INFO - Setting next_dagrun for tutorial_dag to None, run_after=None
[2026-06-28T16:59:37.496+0000] {processor.py:183} INFO - Processing /home/airflow/.local/lib/python3.12/site-packages/airflow/example_dags/tutorial_dag.py took 0.095 seconds
[2026-06-28T17:00:07.547+0000] {processor.py:161} INFO - Started process (PID=6575) to work on /home/airflow/.local/lib/python3.12/site-packages/airflow/example_dags/tutorial_dag.py
[2026-06-28T17:00:07.548+0000] {processor.py:830} INFO - Processing file /home/airflow/.local/lib/python3.12/site-packages/airflow/example_dags/tutorial_dag.py for tasks to queue
[2026-06-28T17:00:07.550+0000] {logging_mixin.py:188} INFO - [2026-06-28T17:00:07.550+0000] {dagbag.py:545} INFO - Filling up the DagBag from /home/airflow/.local/lib/python3.12/site-packages/airflow/example_dags/tutorial_dag.py
[2026-06-28T17:00:07.557+0000] {processor.py:840} INFO - DAG(s) 'tutorial_dag' retrieved from /home/airflow/.local/lib/python3.12/site-packages/airflow/example_dags/tutorial_dag.py
[2026-06-28T17:00:07.584+0000] {logging_mixin.py:188} INFO - [2026-06-28T17:00:07.584+0000] {dag.py:3096} INFO - Sync 1 DAGs
[2026-06-28T17:00:07.602+0000] {logging_mixin.py:188} INFO - [2026-06-28T17:00:07.602+0000] {dag.py:3954} INFO - Setting next_dagrun for tutorial_dag to None, run_after=None
[2026-06-28T17:00:07.624+0000] {processor.py:183} INFO - Processing /home/airflow/.local/lib/python3.12/site-packages/airflow/example_dags/tutorial_dag.py took 0.085 seconds
[2026-06-28T17:00:38.549+0000] {processor.py:161} INFO - Started process (PID=6634) to work on /home/airflow/.local/lib/python3.12/site-packages/airflow/example_dags/tutorial_dag.py
[2026-06-28T17:00:38.550+0000] {processor.py:830} INFO - Processing file /home/airflow/.local/lib/python3.12/site-packages/airflow/example_dags/tutorial_dag.py for tasks to queue
[2026-06-28T17:00:38.554+0000] {logging_mixin.py:188} INFO - [2026-06-28T17:00:38.554+0000] {dagbag.py:545} INFO - Filling up the DagBag from /home/airflow/.local/lib/python3.12/site-packages/airflow/example_dags/tutorial_dag.py
[2026-06-28T17:00:38.560+0000] {processor.py:840} INFO - DAG(s) 'tutorial_dag' retrieved from /home/airflow/.local/lib/python3.12/site-packages/airflow/example_dags/tutorial_dag.py
[2026-06-28T17:00:38.594+0000] {logging_mixin.py:188} INFO - [2026-06-28T17:00:38.594+0000] {dag.py:3096} INFO - Sync 1 DAGs
[2026-06-28T17:00:38.616+0000] {logging_mixin.py:188} INFO - [2026-06-28T17:00:38.615+0000] {dag.py:3954} INFO - Setting next_dagrun for tutorial_dag to None, run_after=None
[2026-06-28T17:00:38.638+0000] {processor.py:183} INFO - Processing /home/airflow/.local/lib/python3.12/site-packages/airflow/example_dags/tutorial_dag.py took 0.101 seconds
[2026-06-28T17:01:08.914+0000] {processor.py:161} INFO - Started process (PID=6693) to work on /home/airflow/.local/lib/python3.12/site-packages/airflow/example_dags/tutorial_dag.py
[2026-06-28T17:01:08.915+0000] {processor.py:830} INFO - Processing file /home/airflow/.local/lib/python3.12/site-packages/airflow/example_dags/tutorial_dag.py for tasks to queue
[2026-06-28T17:01:08.917+0000] {logging_mixin.py:188} INFO - [2026-06-28T17:01:08.917+0000] {dagbag.py:545} INFO - Filling up the DagBag from /home/airflow/.local/lib/python3.12/site-packages/airflow/example_dags/tutorial_dag.py
[2026-06-28T17:01:08.924+0000] {processor.py:840} INFO - DAG(s) 'tutorial_dag' retrieved from /home/airflow/.local/lib/python3.12/site-packages/airflow/example_dags/tutorial_dag.py
[2026-06-28T17:01:08.954+0000] {logging_mixin.py:188} INFO - [2026-06-28T17:01:08.954+0000] {dag.py:3096} INFO - Sync 1 DAGs
[2026-06-28T17:01:09.013+0000] {logging_mixin.py:188} INFO - [2026-06-28T17:01:09.013+0000] {dag.py:3954} INFO - Setting next_dagrun for tutorial_dag to None, run_after=None
[2026-06-28T17:01:09.066+0000] {processor.py:183} INFO - Processing /home/airflow/.local/lib/python3.12/site-packages/airflow/example_dags/tutorial_dag.py took 0.159 seconds
[2026-06-28T17:01:39.382+0000] {processor.py:161} INFO - Started process (PID=6751) to work on /home/airflow/.local/lib/python3.12/site-packages/airflow/example_dags/tutorial_dag.py
[2026-06-28T17:01:39.394+0000] {processor.py:830} INFO - Processing file /home/airflow/.local/lib/python3.12/site-packages/airflow/example_dags/tutorial_dag.py for tasks to queue
[2026-06-28T17:01:39.398+0000] {logging_mixin.py:188} INFO - [2026-06-28T17:01:39.398+0000] {dagbag.py:545} INFO - Filling up the DagBag from /home/airflow/.local/lib/python3.12/site-packages/airflow/example_dags/tutorial_dag.py
[2026-06-28T17:01:39.411+0000] {processor.py:840} INFO - DAG(s) 'tutorial_dag' retrieved from /home/airflow/.local/lib/python3.12/site-packages/airflow/example_dags/tutorial_dag.py
[2026-06-28T17:01:39.437+0000] {logging_mixin.py:188} INFO - [2026-06-28T17:01:39.437+0000] {dag.py:3096} INFO - Sync 1 DAGs
[2026-06-28T17:01:39.516+0000] {logging_mixin.py:188} INFO - [2026-06-28T17:01:39.515+0000] {dag.py:3954} INFO - Setting next_dagrun for tutorial_dag to None, run_after=None
[2026-06-28T17:01:39.579+0000] {processor.py:183} INFO - Processing /home/airflow/.local/lib/python3.12/site-packages/airflow/example_dags/tutorial_dag.py took 0.213 seconds
[2026-06-28T17:02:09.808+0000] {processor.py:161} INFO - Started process (PID=6810) to work on /home/airflow/.local/lib/python3.12/site-packages/airflow/example_dags/tutorial_dag.py
[2026-06-28T17:02:09.808+0000] {processor.py:830} INFO - Processing file /home/airflow/.local/lib/python3.12/site-packages/airflow/example_dags/tutorial_dag.py for tasks to queue
[2026-06-28T17:02:09.810+0000] {logging_mixin.py:188} INFO - [2026-06-28T17:02:09.810+0000] {dagbag.py:545} INFO - Filling up the DagBag from /home/airflow/.local/lib/python3.12/site-packages/airflow/example_dags/tutorial_dag.py
[2026-06-28T17:02:09.815+0000] {processor.py:840} INFO - DAG(s) 'tutorial_dag' retrieved from /home/airflow/.local/lib/python3.12/site-packages/airflow/example_dags/tutorial_dag.py
[2026-06-28T17:02:09.835+0000] {logging_mixin.py:188} INFO - [2026-06-28T17:02:09.835+0000] {dag.py:3096} INFO - Sync 1 DAGs
[2026-06-28T17:02:09.847+0000] {logging_mixin.py:188} INFO - [2026-06-28T17:02:09.847+0000] {dag.py:3954} INFO - Setting next_dagrun for tutorial_dag to None, run_after=None
[2026-06-28T17:02:09.867+0000] {processor.py:183} INFO - Processing /home/airflow/.local/lib/python3.12/site-packages/airflow/example_dags/tutorial_dag.py took 0.065 seconds
[2026-06-28T17:02:39.922+0000] {processor.py:161} INFO - Started process (PID=6869) to work on /home/airflow/.local/lib/python3.12/site-packages/airflow/example_dags/tutorial_dag.py
[2026-06-28T17:02:39.923+0000] {processor.py:830} INFO - Processing file /home/airflow/.local/lib/python3.12/site-packages/airflow/example_dags/tutorial_dag.py for tasks to queue
[2026-06-28T17:02:39.925+0000] {logging_mixin.py:188} INFO - [2026-06-28T17:02:39.925+0000] {dagbag.py:545} INFO - Filling up the DagBag from /home/airflow/.local/lib/python3.12/site-packages/airflow/example_dags/tutorial_dag.py
[2026-06-28T17:02:39.932+0000] {processor.py:840} INFO - DAG(s) 'tutorial_dag' retrieved from /home/airflow/.local/lib/python3.12/site-packages/airflow/example_dags/tutorial_dag.py
[2026-06-28T17:02:39.962+0000] {logging_mixin.py:188} INFO - [2026-06-28T17:02:39.962+0000] {dag.py:3096} INFO - Sync 1 DAGs
[2026-06-28T17:02:39.981+0000] {logging_mixin.py:188} INFO - [2026-06-28T17:02:39.980+0000] {dag.py:3954} INFO - Setting next_dagrun for tutorial_dag to None, run_after=None
[2026-06-28T17:02:40.011+0000] {processor.py:183} INFO - Processing /home/airflow/.local/lib/python3.12/site-packages/airflow/example_dags/tutorial_dag.py took 0.096 seconds
[2026-06-28T17:03:10.481+0000] {processor.py:161} INFO - Started process (PID=6929) to work on /home/airflow/.local/lib/python3.12/site-packages/airflow/example_dags/tutorial_dag.py
[2026-06-28T17:03:10.482+0000] {processor.py:830} INFO - Processing file /home/airflow/.local/lib/python3.12/site-packages/airflow/example_dags/tutorial_dag.py for tasks to queue
[2026-06-28T17:03:10.484+0000] {logging_mixin.py:188} INFO - [2026-06-28T17:03:10.483+0000] {dagbag.py:545} INFO - Filling up the DagBag from /home/airflow/.local/lib/python3.12/site-packages/airflow/example_dags/tutorial_dag.py
[2026-06-28T17:03:10.490+0000] {processor.py:840} INFO - DAG(s) 'tutorial_dag' retrieved from /home/airflow/.local/lib/python3.12/site-packages/airflow/example_dags/tutorial_dag.py
[2026-06-28T17:03:10.518+0000] {logging_mixin.py:188} INFO - [2026-06-28T17:03:10.517+0000] {dag.py:3096} INFO - Sync 1 DAGs
[2026-06-28T17:03:10.544+0000] {logging_mixin.py:188} INFO - [2026-06-28T17:03:10.544+0000] {dag.py:3954} INFO - Setting next_dagrun for tutorial_dag to None, run_after=None
[2026-06-28T17:03:10.565+0000] {processor.py:183} INFO - Processing /home/airflow/.local/lib/python3.12/site-packages/airflow/example_dags/tutorial_dag.py took 0.092 seconds
[2026-06-28T17:03:41.175+0000] {processor.py:161} INFO - Started process (PID=6988) to work on /home/airflow/.local/lib/python3.12/site-packages/airflow/example_dags/tutorial_dag.py
[2026-06-28T17:03:41.176+0000] {processor.py:830} INFO - Processing file /home/airflow/.local/lib/python3.12/site-packages/airflow/example_dags/tutorial_dag.py for tasks to queue
[2026-06-28T17:03:41.178+0000] {logging_mixin.py:188} INFO - [2026-06-28T17:03:41.178+0000] {dagbag.py:545} INFO - Filling up the DagBag from /home/airflow/.local/lib/python3.12/site-packages/airflow/example_dags/tutorial_dag.py
[2026-06-28T17:03:41.185+0000] {processor.py:840} INFO - DAG(s) 'tutorial_dag' retrieved from /home/airflow/.local/lib/python3.12/site-packages/airflow/example_dags/tutorial_dag.py
[2026-06-28T17:03:41.211+0000] {logging_mixin.py:188} INFO - [2026-06-28T17:03:41.210+0000] {dag.py:3096} INFO - Sync 1 DAGs
[2026-06-28T17:03:41.228+0000] {logging_mixin.py:188} INFO - [2026-06-28T17:03:41.228+0000] {dag.py:3954} INFO - Setting next_dagrun for tutorial_dag to None, run_after=None
[2026-06-28T17:03:41.250+0000] {processor.py:183} INFO - Processing /home/airflow/.local/lib/python3.12/site-packages/airflow/example_dags/tutorial_dag.py took 0.084 seconds
[2026-06-28T17:04:12.404+0000] {processor.py:161} INFO - Started process (PID=7047) to work on /home/airflow/.local/lib/python3.12/site-packages/airflow/example_dags/tutorial_dag.py
[2026-06-28T17:04:12.405+0000] {processor.py:830} INFO - Processing file /home/airflow/.local/lib/python3.12/site-packages/airflow/example_dags/tutorial_dag.py for tasks to queue
[2026-06-28T17:04:12.407+0000] {logging_mixin.py:188} INFO - [2026-06-28T17:04:12.406+0000] {dagbag.py:545} INFO - Filling up the DagBag from /home/airflow/.local/lib/python3.12/site-packages/airflow/example_dags/tutorial_dag.py
[2026-06-28T17:04:12.416+0000] {processor.py:840} INFO - DAG(s) 'tutorial_dag' retrieved from /home/airflow/.local/lib/python3.12/site-packages/airflow/example_dags/tutorial_dag.py
[2026-06-28T17:04:12.465+0000] {logging_mixin.py:188} INFO - [2026-06-28T17:04:12.464+0000] {dag.py:3096} INFO - Sync 1 DAGs
[2026-06-28T17:04:12.502+0000] {logging_mixin.py:188} INFO - [2026-06-28T17:04:12.500+0000] {dag.py:3954} INFO - Setting next_dagrun for tutorial_dag to None, run_after=None
[2026-06-28T17:04:12.564+0000] {processor.py:183} INFO - Processing /home/airflow/.local/lib/python3.12/site-packages/airflow/example_dags/tutorial_dag.py took 0.168 seconds
[2026-06-28T17:04:43.197+0000] {processor.py:161} INFO - Started process (PID=7106) to work on /home/airflow/.local/lib/python3.12/site-packages/airflow/example_dags/tutorial_dag.py
[2026-06-28T17:04:43.198+0000] {processor.py:830} INFO - Processing file /home/airflow/.local/lib/python3.12/site-packages/airflow/example_dags/tutorial_dag.py for tasks to queue
[2026-06-28T17:04:43.200+0000] {logging_mixin.py:188} INFO - [2026-06-28T17:04:43.200+0000] {dagbag.py:545} INFO - Filling up the DagBag from /home/airflow/.local/lib/python3.12/site-packages/airflow/example_dags/tutorial_dag.py
[2026-06-28T17:04:43.207+0000] {processor.py:840} INFO - DAG(s) 'tutorial_dag' retrieved from /home/airflow/.local/lib/python3.12/site-packages/airflow/example_dags/tutorial_dag.py
[2026-06-28T17:04:43.240+0000] {logging_mixin.py:188} INFO - [2026-06-28T17:04:43.240+0000] {dag.py:3096} INFO - Sync 1 DAGs
[2026-06-28T17:04:43.261+0000] {logging_mixin.py:188} INFO - [2026-06-28T17:04:43.261+0000] {dag.py:3954} INFO - Setting next_dagrun for tutorial_dag to None, run_after=None
[2026-06-28T17:04:43.283+0000] {processor.py:183} INFO - Processing /home/airflow/.local/lib/python3.12/site-packages/airflow/example_dags/tutorial_dag.py took 0.099 seconds
[2026-06-28T17:05:14.212+0000] {processor.py:161} INFO - Started process (PID=7165) to work on /home/airflow/.local/lib/python3.12/site-packages/airflow/example_dags/tutorial_dag.py
[2026-06-28T17:05:14.215+0000] {processor.py:830} INFO - Processing file /home/airflow/.local/lib/python3.12/site-packages/airflow/example_dags/tutorial_dag.py for tasks to queue
[2026-06-28T17:05:14.218+0000] {logging_mixin.py:188} INFO - [2026-06-28T17:05:14.218+0000] {dagbag.py:545} INFO - Filling up the DagBag from /home/airflow/.local/lib/python3.12/site-packages/airflow/example_dags/tutorial_dag.py
[2026-06-28T17:05:14.225+0000] {processor.py:840} INFO - DAG(s) 'tutorial_dag' retrieved from /home/airflow/.local/lib/python3.12/site-packages/airflow/example_dags/tutorial_dag.py
[2026-06-28T17:05:14.260+0000] {logging_mixin.py:188} INFO - [2026-06-28T17:05:14.259+0000] {dag.py:3096} INFO - Sync 1 DAGs
[2026-06-28T17:05:14.300+0000] {logging_mixin.py:188} INFO - [2026-06-28T17:05:14.297+0000] {dag.py:3954} INFO - Setting next_dagrun for tutorial_dag to None, run_after=None
[2026-06-28T17:05:14.420+0000] {processor.py:183} INFO - Processing /home/airflow/.local/lib/python3.12/site-packages/airflow/example_dags/tutorial_dag.py took 0.220 seconds
[2026-06-28T17:05:44.707+0000] {processor.py:161} INFO - Started process (PID=7224) to work on /home/airflow/.local/lib/python3.12/site-packages/airflow/example_dags/tutorial_dag.py
[2026-06-28T17:05:44.709+0000] {processor.py:830} INFO - Processing file /home/airflow/.local/lib/python3.12/site-packages/airflow/example_dags/tutorial_dag.py for tasks to queue
[2026-06-28T17:05:44.711+0000] {logging_mixin.py:188} INFO - [2026-06-28T17:05:44.710+0000] {dagbag.py:545} INFO - Filling up the DagBag from /home/airflow/.local/lib/python3.12/site-packages/airflow/example_dags/tutorial_dag.py
[2026-06-28T17:05:44.717+0000] {processor.py:840} INFO - DAG(s) 'tutorial_dag' retrieved from /home/airflow/.local/lib/python3.12/site-packages/airflow/example_dags/tutorial_dag.py
[2026-06-28T17:05:44.752+0000] {logging_mixin.py:188} INFO - [2026-06-28T17:05:44.752+0000] {dag.py:3096} INFO - Sync 1 DAGs
[2026-06-28T17:05:44.812+0000] {logging_mixin.py:188} INFO - [2026-06-28T17:05:44.812+0000] {dag.py:3954} INFO - Setting next_dagrun for tutorial_dag to None, run_after=None
[2026-06-28T17:05:44.916+0000] {processor.py:183} INFO - Processing /home/airflow/.local/lib/python3.12/site-packages/airflow/example_dags/tutorial_dag.py took 0.219 seconds
[2026-06-28T17:06:15.636+0000] {processor.py:161} INFO - Started process (PID=7283) to work on /home/airflow/.local/lib/python3.12/site-packages/airflow/example_dags/tutorial_dag.py
[2026-06-28T17:06:15.638+0000] {processor.py:830} INFO - Processing file /home/airflow/.local/lib/python3.12/site-packages/airflow/example_dags/tutorial_dag.py for tasks to queue
[2026-06-28T17:06:15.640+0000] {logging_mixin.py:188} INFO - [2026-06-28T17:06:15.640+0000] {dagbag.py:545} INFO - Filling up the DagBag from /home/airflow/.local/lib/python3.12/site-packages/airflow/example_dags/tutorial_dag.py
[2026-06-28T17:06:15.652+0000] {processor.py:840} INFO - DAG(s) 'tutorial_dag' retrieved from /home/airflow/.local/lib/python3.12/site-packages/airflow/example_dags/tutorial_dag.py
[2026-06-28T17:06:15.729+0000] {logging_mixin.py:188} INFO - [2026-06-28T17:06:15.728+0000] {dag.py:3096} INFO - Sync 1 DAGs
[2026-06-28T17:06:15.775+0000] {logging_mixin.py:188} INFO - [2026-06-28T17:06:15.771+0000] {dag.py:3954} INFO - Setting next_dagrun for tutorial_dag to None, run_after=None
[2026-06-28T17:06:15.893+0000] {processor.py:183} INFO - Processing /home/airflow/.local/lib/python3.12/site-packages/airflow/example_dags/tutorial_dag.py took 0.275 seconds
[2026-06-28T17:06:46.457+0000] {processor.py:161} INFO - Started process (PID=7341) to work on /home/airflow/.local/lib/python3.12/site-packages/airflow/example_dags/tutorial_dag.py
[2026-06-28T17:06:46.458+0000] {processor.py:830} INFO - Processing file /home/airflow/.local/lib/python3.12/site-packages/airflow/example_dags/tutorial_dag.py for tasks to queue
[2026-06-28T17:06:46.460+0000] {logging_mixin.py:188} INFO - [2026-06-28T17:06:46.460+0000] {dagbag.py:545} INFO - Filling up the DagBag from /home/airflow/.local/lib/python3.12/site-packages/airflow/example_dags/tutorial_dag.py
[2026-06-28T17:06:46.467+0000] {processor.py:840} INFO - DAG(s) 'tutorial_dag' retrieved from /home/airflow/.local/lib/python3.12/site-packages/airflow/example_dags/tutorial_dag.py
[2026-06-28T17:06:46.491+0000] {logging_mixin.py:188} INFO - [2026-06-28T17:06:46.491+0000] {dag.py:3096} INFO - Sync 1 DAGs
[2026-06-28T17:06:46.503+0000] {logging_mixin.py:188} INFO - [2026-06-28T17:06:46.503+0000] {dag.py:3954} INFO - Setting next_dagrun for tutorial_dag to None, run_after=None
[2026-06-28T17:06:46.519+0000] {processor.py:183} INFO - Processing /home/airflow/.local/lib/python3.12/site-packages/airflow/example_dags/tutorial_dag.py took 0.070 seconds
[2026-06-28T17:07:17.195+0000] {processor.py:161} INFO - Started process (PID=7401) to work on /home/airflow/.local/lib/python3.12/site-packages/airflow/example_dags/tutorial_dag.py
[2026-06-28T17:07:17.197+0000] {processor.py:830} INFO - Processing file /home/airflow/.local/lib/python3.12/site-packages/airflow/example_dags/tutorial_dag.py for tasks to queue
[2026-06-28T17:07:17.199+0000] {logging_mixin.py:188} INFO - [2026-06-28T17:07:17.199+0000] {dagbag.py:545} INFO - Filling up the DagBag from /home/airflow/.local/lib/python3.12/site-packages/airflow/example_dags/tutorial_dag.py
[2026-06-28T17:07:17.205+0000] {processor.py:840} INFO - DAG(s) 'tutorial_dag' retrieved from /home/airflow/.local/lib/python3.12/site-packages/airflow/example_dags/tutorial_dag.py
[2026-06-28T17:07:17.242+0000] {logging_mixin.py:188} INFO - [2026-06-28T17:07:17.242+0000] {dag.py:3096} INFO - Sync 1 DAGs
[2026-06-28T17:07:17.264+0000] {logging_mixin.py:188} INFO - [2026-06-28T17:07:17.263+0000] {dag.py:3954} INFO - Setting next_dagrun for tutorial_dag to None, run_after=None
[2026-06-28T17:07:17.295+0000] {processor.py:183} INFO - Processing /home/airflow/.local/lib/python3.12/site-packages/airflow/example_dags/tutorial_dag.py took 0.108 seconds
[2026-06-28T17:07:47.526+0000] {processor.py:161} INFO - Started process (PID=7460) to work on /home/airflow/.local/lib/python3.12/site-packages/airflow/example_dags/tutorial_dag.py
[2026-06-28T17:07:47.527+0000] {processor.py:830} INFO - Processing file /home/airflow/.local/lib/python3.12/site-packages/airflow/example_dags/tutorial_dag.py for tasks to queue
[2026-06-28T17:07:47.529+0000] {logging_mixin.py:188} INFO - [2026-06-28T17:07:47.529+0000] {dagbag.py:545} INFO - Filling up the DagBag from /home/airflow/.local/lib/python3.12/site-packages/airflow/example_dags/tutorial_dag.py
[2026-06-28T17:07:47.534+0000] {processor.py:840} INFO - DAG(s) 'tutorial_dag' retrieved from /home/airflow/.local/lib/python3.12/site-packages/airflow/example_dags/tutorial_dag.py
[2026-06-28T17:07:47.556+0000] {logging_mixin.py:188} INFO - [2026-06-28T17:07:47.556+0000] {dag.py:3096} INFO - Sync 1 DAGs
[2026-06-28T17:07:47.572+0000] {logging_mixin.py:188} INFO - [2026-06-28T17:07:47.572+0000] {dag.py:3954} INFO - Setting next_dagrun for tutorial_dag to None, run_after=None
[2026-06-28T17:07:47.590+0000] {processor.py:183} INFO - Processing /home/airflow/.local/lib/python3.12/site-packages/airflow/example_dags/tutorial_dag.py took 0.070 seconds
[2026-06-28T17:08:18.102+0000] {processor.py:161} INFO - Started process (PID=7519) to work on /home/airflow/.local/lib/python3.12/site-packages/airflow/example_dags/tutorial_dag.py
[2026-06-28T17:08:18.103+0000] {processor.py:830} INFO - Processing file /home/airflow/.local/lib/python3.12/site-packages/airflow/example_dags/tutorial_dag.py for tasks to queue
[2026-06-28T17:08:18.104+0000] {logging_mixin.py:188} INFO - [2026-06-28T17:08:18.104+0000] {dagbag.py:545} INFO - Filling up the DagBag from /home/airflow/.local/lib/python3.12/site-packages/airflow/example_dags/tutorial_dag.py
[2026-06-28T17:08:18.109+0000] {processor.py:840} INFO - DAG(s) 'tutorial_dag' retrieved from /home/airflow/.local/lib/python3.12/site-packages/airflow/example_dags/tutorial_dag.py
[2026-06-28T17:08:18.129+0000] {logging_mixin.py:188} INFO - [2026-06-28T17:08:18.129+0000] {dag.py:3096} INFO - Sync 1 DAGs
[2026-06-28T17:08:18.141+0000] {logging_mixin.py:188} INFO - [2026-06-28T17:08:18.141+0000] {dag.py:3954} INFO - Setting next_dagrun for tutorial_dag to None, run_after=None
[2026-06-28T17:08:18.161+0000] {processor.py:183} INFO - Processing /home/airflow/.local/lib/python3.12/site-packages/airflow/example_dags/tutorial_dag.py took 0.066 seconds
[2026-06-28T17:08:48.704+0000] {processor.py:161} INFO - Started process (PID=7578) to work on /home/airflow/.local/lib/python3.12/site-packages/airflow/example_dags/tutorial_dag.py
[2026-06-28T17:08:48.705+0000] {processor.py:830} INFO - Processing file /home/airflow/.local/lib/python3.12/site-packages/airflow/example_dags/tutorial_dag.py for tasks to queue
[2026-06-28T17:08:48.707+0000] {logging_mixin.py:188} INFO - [2026-06-28T17:08:48.707+0000] {dagbag.py:545} INFO - Filling up the DagBag from /home/airflow/.local/lib/python3.12/site-packages/airflow/example_dags/tutorial_dag.py
[2026-06-28T17:08:48.715+0000] {processor.py:840} INFO - DAG(s) 'tutorial_dag' retrieved from /home/airflow/.local/lib/python3.12/site-packages/airflow/example_dags/tutorial_dag.py
[2026-06-28T17:08:48.742+0000] {logging_mixin.py:188} INFO - [2026-06-28T17:08:48.741+0000] {dag.py:3096} INFO - Sync 1 DAGs
[2026-06-28T17:08:48.761+0000] {logging_mixin.py:188} INFO - [2026-06-28T17:08:48.761+0000] {dag.py:3954} INFO - Setting next_dagrun for tutorial_dag to None, run_after=None
[2026-06-28T17:08:48.789+0000] {processor.py:183} INFO - Processing /home/airflow/.local/lib/python3.12/site-packages/airflow/example_dags/tutorial_dag.py took 0.095 seconds
[2026-06-28T17:09:18.949+0000] {processor.py:161} INFO - Started process (PID=7637) to work on /home/airflow/.local/lib/python3.12/site-packages/airflow/example_dags/tutorial_dag.py
[2026-06-28T17:09:18.950+0000] {processor.py:830} INFO - Processing file /home/airflow/.local/lib/python3.12/site-packages/airflow/example_dags/tutorial_dag.py for tasks to queue
[2026-06-28T17:09:18.952+0000] {logging_mixin.py:188} INFO - [2026-06-28T17:09:18.952+0000] {dagbag.py:545} INFO - Filling up the DagBag from /home/airflow/.local/lib/python3.12/site-packages/airflow/example_dags/tutorial_dag.py
[2026-06-28T17:09:18.961+0000] {processor.py:840} INFO - DAG(s) 'tutorial_dag' retrieved from /home/airflow/.local/lib/python3.12/site-packages/airflow/example_dags/tutorial_dag.py
[2026-06-28T17:09:18.994+0000] {logging_mixin.py:188} INFO - [2026-06-28T17:09:18.994+0000] {dag.py:3096} INFO - Sync 1 DAGs
[2026-06-28T17:09:19.020+0000] {logging_mixin.py:188} INFO - [2026-06-28T17:09:19.020+0000] {dag.py:3954} INFO - Setting next_dagrun for tutorial_dag to None, run_after=None
[2026-06-28T17:09:19.053+0000] {processor.py:183} INFO - Processing /home/airflow/.local/lib/python3.12/site-packages/airflow/example_dags/tutorial_dag.py took 0.113 seconds
[2026-06-28T17:09:49.174+0000] {processor.py:161} INFO - Started process (PID=7695) to work on /home/airflow/.local/lib/python3.12/site-packages/airflow/example_dags/tutorial_dag.py
[2026-06-28T17:09:49.175+0000] {processor.py:830} INFO - Processing file /home/airflow/.local/lib/python3.12/site-packages/airflow/example_dags/tutorial_dag.py for tasks to queue
[2026-06-28T17:09:49.177+0000] {logging_mixin.py:188} INFO - [2026-06-28T17:09:49.177+0000] {dagbag.py:545} INFO - Filling up the DagBag from /home/airflow/.local/lib/python3.12/site-packages/airflow/example_dags/tutorial_dag.py
[2026-06-28T17:09:49.192+0000] {processor.py:840} INFO - DAG(s) 'tutorial_dag' retrieved from /home/airflow/.local/lib/python3.12/site-packages/airflow/example_dags/tutorial_dag.py
[2026-06-28T17:09:49.226+0000] {logging_mixin.py:188} INFO - [2026-06-28T17:09:49.226+0000] {dag.py:3096} INFO - Sync 1 DAGs
[2026-06-28T17:09:49.241+0000] {logging_mixin.py:188} INFO - [2026-06-28T17:09:49.241+0000] {dag.py:3954} INFO - Setting next_dagrun for tutorial_dag to None, run_after=None
[2026-06-28T17:09:49.265+0000] {processor.py:183} INFO - Processing /home/airflow/.local/lib/python3.12/site-packages/airflow/example_dags/tutorial_dag.py took 0.098 seconds
[2026-06-28T17:10:20.100+0000] {processor.py:161} INFO - Started process (PID=7753) to work on /home/airflow/.local/lib/python3.12/site-packages/airflow/example_dags/tutorial_dag.py
[2026-06-28T17:10:20.103+0000] {processor.py:830} INFO - Processing file /home/airflow/.local/lib/python3.12/site-packages/airflow/example_dags/tutorial_dag.py for tasks to queue
[2026-06-28T17:10:20.109+0000] {logging_mixin.py:188} INFO - [2026-06-28T17:10:20.109+0000] {dagbag.py:545} INFO - Filling up the DagBag from /home/airflow/.local/lib/python3.12/site-packages/airflow/example_dags/tutorial_dag.py
[2026-06-28T17:10:20.153+0000] {processor.py:840} INFO - DAG(s) 'tutorial_dag' retrieved from /home/airflow/.local/lib/python3.12/site-packages/airflow/example_dags/tutorial_dag.py
[2026-06-28T17:10:20.227+0000] {logging_mixin.py:188} INFO - [2026-06-28T17:10:20.227+0000] {dag.py:3096} INFO - Sync 1 DAGs
[2026-06-28T17:10:20.266+0000] {logging_mixin.py:188} INFO - [2026-06-28T17:10:20.265+0000] {dag.py:3954} INFO - Setting next_dagrun for tutorial_dag to None, run_after=None
[2026-06-28T17:10:20.316+0000] {processor.py:183} INFO - Processing /home/airflow/.local/lib/python3.12/site-packages/airflow/example_dags/tutorial_dag.py took 0.304 seconds
[2026-06-28T17:10:51.006+0000] {processor.py:161} INFO - Started process (PID=7812) to work on /home/airflow/.local/lib/python3.12/site-packages/airflow/example_dags/tutorial_dag.py
[2026-06-28T17:10:51.008+0000] {processor.py:830} INFO - Processing file /home/airflow/.local/lib/python3.12/site-packages/airflow/example_dags/tutorial_dag.py for tasks to queue
[2026-06-28T17:10:51.011+0000] {logging_mixin.py:188} INFO - [2026-06-28T17:10:51.011+0000] {dagbag.py:545} INFO - Filling up the DagBag from /home/airflow/.local/lib/python3.12/site-packages/airflow/example_dags/tutorial_dag.py
[2026-06-28T17:10:51.023+0000] {processor.py:840} INFO - DAG(s) 'tutorial_dag' retrieved from /home/airflow/.local/lib/python3.12/site-packages/airflow/example_dags/tutorial_dag.py
[2026-06-28T17:10:51.079+0000] {logging_mixin.py:188} INFO - [2026-06-28T17:10:51.079+0000] {dag.py:3096} INFO - Sync 1 DAGs
[2026-06-28T17:10:51.109+0000] {logging_mixin.py:188} INFO - [2026-06-28T17:10:51.109+0000] {dag.py:3954} INFO - Setting next_dagrun for tutorial_dag to None, run_after=None
[2026-06-28T17:10:51.199+0000] {processor.py:183} INFO - Processing /home/airflow/.local/lib/python3.12/site-packages/airflow/example_dags/tutorial_dag.py took 0.208 seconds
[2026-06-28T17:11:21.796+0000] {processor.py:161} INFO - Started process (PID=7869) to work on /home/airflow/.local/lib/python3.12/site-packages/airflow/example_dags/tutorial_dag.py
[2026-06-28T17:11:21.797+0000] {processor.py:830} INFO - Processing file /home/airflow/.local/lib/python3.12/site-packages/airflow/example_dags/tutorial_dag.py for tasks to queue
[2026-06-28T17:11:21.799+0000] {logging_mixin.py:188} INFO - [2026-06-28T17:11:21.799+0000] {dagbag.py:545} INFO - Filling up the DagBag from /home/airflow/.local/lib/python3.12/site-packages/airflow/example_dags/tutorial_dag.py
[2026-06-28T17:11:21.806+0000] {processor.py:840} INFO - DAG(s) 'tutorial_dag' retrieved from /home/airflow/.local/lib/python3.12/site-packages/airflow/example_dags/tutorial_dag.py
[2026-06-28T17:11:21.835+0000] {logging_mixin.py:188} INFO - [2026-06-28T17:11:21.835+0000] {dag.py:3096} INFO - Sync 1 DAGs
[2026-06-28T17:11:21.853+0000] {logging_mixin.py:188} INFO - [2026-06-28T17:11:21.853+0000] {dag.py:3954} INFO - Setting next_dagrun for tutorial_dag to None, run_after=None
[2026-06-28T17:11:21.875+0000] {processor.py:183} INFO - Processing /home/airflow/.local/lib/python3.12/site-packages/airflow/example_dags/tutorial_dag.py took 0.087 seconds
[2026-06-28T17:11:52.564+0000] {processor.py:161} INFO - Started process (PID=7928) to work on /home/airflow/.local/lib/python3.12/site-packages/airflow/example_dags/tutorial_dag.py
[2026-06-28T17:11:52.565+0000] {processor.py:830} INFO - Processing file /home/airflow/.local/lib/python3.12/site-packages/airflow/example_dags/tutorial_dag.py for tasks to queue
[2026-06-28T17:11:52.567+0000] {logging_mixin.py:188} INFO - [2026-06-28T17:11:52.567+0000] {dagbag.py:545} INFO - Filling up the DagBag from /home/airflow/.local/lib/python3.12/site-packages/airflow/example_dags/tutorial_dag.py
[2026-06-28T17:11:52.574+0000] {processor.py:840} INFO - DAG(s) 'tutorial_dag' retrieved from /home/airflow/.local/lib/python3.12/site-packages/airflow/example_dags/tutorial_dag.py
[2026-06-28T17:11:52.604+0000] {logging_mixin.py:188} INFO - [2026-06-28T17:11:52.604+0000] {dag.py:3096} INFO - Sync 1 DAGs
[2026-06-28T17:11:52.621+0000] {logging_mixin.py:188} INFO - [2026-06-28T17:11:52.621+0000] {dag.py:3954} INFO - Setting next_dagrun for tutorial_dag to None, run_after=None
[2026-06-28T17:11:52.650+0000] {processor.py:183} INFO - Processing /home/airflow/.local/lib/python3.12/site-packages/airflow/example_dags/tutorial_dag.py took 0.092 seconds
[2026-06-28T17:12:22.893+0000] {processor.py:161} INFO - Started process (PID=7987) to work on /home/airflow/.local/lib/python3.12/site-packages/airflow/example_dags/tutorial_dag.py
[2026-06-28T17:12:22.897+0000] {processor.py:830} INFO - Processing file /home/airflow/.local/lib/python3.12/site-packages/airflow/example_dags/tutorial_dag.py for tasks to queue
[2026-06-28T17:12:22.899+0000] {logging_mixin.py:188} INFO - [2026-06-28T17:12:22.898+0000] {dagbag.py:545} INFO - Filling up the DagBag from /home/airflow/.local/lib/python3.12/site-packages/airflow/example_dags/tutorial_dag.py
[2026-06-28T17:12:22.905+0000] {processor.py:840} INFO - DAG(s) 'tutorial_dag' retrieved from /home/airflow/.local/lib/python3.12/site-packages/airflow/example_dags/tutorial_dag.py
[2026-06-28T17:12:22.933+0000] {logging_mixin.py:188} INFO - [2026-06-28T17:12:22.933+0000] {dag.py:3096} INFO - Sync 1 DAGs
[2026-06-28T17:12:22.950+0000] {logging_mixin.py:188} INFO - [2026-06-28T17:12:22.950+0000] {dag.py:3954} INFO - Setting next_dagrun for tutorial_dag to None, run_after=None
[2026-06-28T17:12:22.975+0000] {processor.py:183} INFO - Processing /home/airflow/.local/lib/python3.12/site-packages/airflow/example_dags/tutorial_dag.py took 0.089 seconds
[2026-06-28T17:12:53.416+0000] {processor.py:161} INFO - Started process (PID=8046) to work on /home/airflow/.local/lib/python3.12/site-packages/airflow/example_dags/tutorial_dag.py
[2026-06-28T17:12:53.419+0000] {processor.py:830} INFO - Processing file /home/airflow/.local/lib/python3.12/site-packages/airflow/example_dags/tutorial_dag.py for tasks to queue
[2026-06-28T17:12:53.425+0000] {logging_mixin.py:188} INFO - [2026-06-28T17:12:53.425+0000] {dagbag.py:545} INFO - Filling up the DagBag from /home/airflow/.local/lib/python3.12/site-packages/airflow/example_dags/tutorial_dag.py
[2026-06-28T17:12:53.447+0000] {processor.py:840} INFO - DAG(s) 'tutorial_dag' retrieved from /home/airflow/.local/lib/python3.12/site-packages/airflow/example_dags/tutorial_dag.py
[2026-06-28T17:12:53.510+0000] {logging_mixin.py:188} INFO - [2026-06-28T17:12:53.509+0000] {dag.py:3096} INFO - Sync 1 DAGs
[2026-06-28T17:12:53.527+0000] {logging_mixin.py:188} INFO - [2026-06-28T17:12:53.526+0000] {dag.py:3954} INFO - Setting next_dagrun for tutorial_dag to None, run_after=None
[2026-06-28T17:12:53.555+0000] {processor.py:183} INFO - Processing /home/airflow/.local/lib/python3.12/site-packages/airflow/example_dags/tutorial_dag.py took 0.160 seconds
[2026-06-28T17:13:24.454+0000] {processor.py:161} INFO - Started process (PID=8104) to work on /home/airflow/.local/lib/python3.12/site-packages/airflow/example_dags/tutorial_dag.py
[2026-06-28T17:13:24.455+0000] {processor.py:830} INFO - Processing file /home/airflow/.local/lib/python3.12/site-packages/airflow/example_dags/tutorial_dag.py for tasks to queue
[2026-06-28T17:13:24.499+0000] {logging_mixin.py:188} INFO - [2026-06-28T17:13:24.499+0000] {dagbag.py:545} INFO - Filling up the DagBag from /home/airflow/.local/lib/python3.12/site-packages/airflow/example_dags/tutorial_dag.py
[2026-06-28T17:13:24.522+0000] {processor.py:840} INFO - DAG(s) 'tutorial_dag' retrieved from /home/airflow/.local/lib/python3.12/site-packages/airflow/example_dags/tutorial_dag.py
[2026-06-28T17:13:24.610+0000] {logging_mixin.py:188} INFO - [2026-06-28T17:13:24.610+0000] {dag.py:3096} INFO - Sync 1 DAGs
[2026-06-28T17:13:24.670+0000] {logging_mixin.py:188} INFO - [2026-06-28T17:13:24.669+0000] {dag.py:3954} INFO - Setting next_dagrun for tutorial_dag to None, run_after=None
[2026-06-28T17:13:24.749+0000] {processor.py:183} INFO - Processing /home/airflow/.local/lib/python3.12/site-packages/airflow/example_dags/tutorial_dag.py took 0.321 seconds
[2026-06-28T17:13:55.082+0000] {processor.py:161} INFO - Started process (PID=8165) to work on /home/airflow/.local/lib/python3.12/site-packages/airflow/example_dags/tutorial_dag.py
[2026-06-28T17:13:55.083+0000] {processor.py:830} INFO - Processing file /home/airflow/.local/lib/python3.12/site-packages/airflow/example_dags/tutorial_dag.py for tasks to queue
[2026-06-28T17:13:55.086+0000] {logging_mixin.py:188} INFO - [2026-06-28T17:13:55.085+0000] {dagbag.py:545} INFO - Filling up the DagBag from /home/airflow/.local/lib/python3.12/site-packages/airflow/example_dags/tutorial_dag.py
[2026-06-28T17:13:55.092+0000] {processor.py:840} INFO - DAG(s) 'tutorial_dag' retrieved from /home/airflow/.local/lib/python3.12/site-packages/airflow/example_dags/tutorial_dag.py
[2026-06-28T17:13:55.120+0000] {logging_mixin.py:188} INFO - [2026-06-28T17:13:55.119+0000] {dag.py:3096} INFO - Sync 1 DAGs
[2026-06-28T17:13:55.137+0000] {logging_mixin.py:188} INFO - [2026-06-28T17:13:55.137+0000] {dag.py:3954} INFO - Setting next_dagrun for tutorial_dag to None, run_after=None
[2026-06-28T17:13:55.161+0000] {processor.py:183} INFO - Processing /home/airflow/.local/lib/python3.12/site-packages/airflow/example_dags/tutorial_dag.py took 0.085 seconds
[2026-06-28T17:14:25.647+0000] {processor.py:161} INFO - Started process (PID=8224) to work on /home/airflow/.local/lib/python3.12/site-packages/airflow/example_dags/tutorial_dag.py
[2026-06-28T17:14:25.649+0000] {processor.py:830} INFO - Processing file /home/airflow/.local/lib/python3.12/site-packages/airflow/example_dags/tutorial_dag.py for tasks to queue
[2026-06-28T17:14:25.651+0000] {logging_mixin.py:188} INFO - [2026-06-28T17:14:25.650+0000] {dagbag.py:545} INFO - Filling up the DagBag from /home/airflow/.local/lib/python3.12/site-packages/airflow/example_dags/tutorial_dag.py
[2026-06-28T17:14:25.657+0000] {processor.py:840} INFO - DAG(s) 'tutorial_dag' retrieved from /home/airflow/.local/lib/python3.12/site-packages/airflow/example_dags/tutorial_dag.py
[2026-06-28T17:14:25.688+0000] {logging_mixin.py:188} INFO - [2026-06-28T17:14:25.688+0000] {dag.py:3096} INFO - Sync 1 DAGs
[2026-06-28T17:14:25.706+0000] {logging_mixin.py:188} INFO - [2026-06-28T17:14:25.706+0000] {dag.py:3954} INFO - Setting next_dagrun for tutorial_dag to None, run_after=None
[2026-06-28T17:14:25.737+0000] {processor.py:183} INFO - Processing /home/airflow/.local/lib/python3.12/site-packages/airflow/example_dags/tutorial_dag.py took 0.097 seconds
[2026-06-28T17:14:56.414+0000] {processor.py:161} INFO - Started process (PID=8283) to work on /home/airflow/.local/lib/python3.12/site-packages/airflow/example_dags/tutorial_dag.py
[2026-06-28T17:14:56.420+0000] {processor.py:830} INFO - Processing file /home/airflow/.local/lib/python3.12/site-packages/airflow/example_dags/tutorial_dag.py for tasks to queue
[2026-06-28T17:14:56.426+0000] {logging_mixin.py:188} INFO - [2026-06-28T17:14:56.426+0000] {dagbag.py:545} INFO - Filling up the DagBag from /home/airflow/.local/lib/python3.12/site-packages/airflow/example_dags/tutorial_dag.py
[2026-06-28T17:14:56.458+0000] {processor.py:840} INFO - DAG(s) 'tutorial_dag' retrieved from /home/airflow/.local/lib/python3.12/site-packages/airflow/example_dags/tutorial_dag.py
[2026-06-28T17:14:56.527+0000] {logging_mixin.py:188} INFO - [2026-06-28T17:14:56.527+0000] {dag.py:3096} INFO - Sync 1 DAGs
[2026-06-28T17:14:56.564+0000] {logging_mixin.py:188} INFO - [2026-06-28T17:14:56.563+0000] {dag.py:3954} INFO - Setting next_dagrun for tutorial_dag to None, run_after=None
[2026-06-28T17:14:56.599+0000] {processor.py:183} INFO - Processing /home/airflow/.local/lib/python3.12/site-packages/airflow/example_dags/tutorial_dag.py took 0.220 seconds
[2026-06-28T17:15:27.445+0000] {processor.py:161} INFO - Started process (PID=8342) to work on /home/airflow/.local/lib/python3.12/site-packages/airflow/example_dags/tutorial_dag.py
[2026-06-28T17:15:27.447+0000] {processor.py:830} INFO - Processing file /home/airflow/.local/lib/python3.12/site-packages/airflow/example_dags/tutorial_dag.py for tasks to queue
[2026-06-28T17:15:27.449+0000] {logging_mixin.py:188} INFO - [2026-06-28T17:15:27.449+0000] {dagbag.py:545} INFO - Filling up the DagBag from /home/airflow/.local/lib/python3.12/site-packages/airflow/example_dags/tutorial_dag.py
[2026-06-28T17:15:27.463+0000] {processor.py:840} INFO - DAG(s) 'tutorial_dag' retrieved from /home/airflow/.local/lib/python3.12/site-packages/airflow/example_dags/tutorial_dag.py
[2026-06-28T17:15:27.544+0000] {logging_mixin.py:188} INFO - [2026-06-28T17:15:27.544+0000] {dag.py:3096} INFO - Sync 1 DAGs
[2026-06-28T17:15:27.588+0000] {logging_mixin.py:188} INFO - [2026-06-28T17:15:27.588+0000] {dag.py:3954} INFO - Setting next_dagrun for tutorial_dag to None, run_after=None
[2026-06-28T17:15:27.642+0000] {processor.py:183} INFO - Processing /home/airflow/.local/lib/python3.12/site-packages/airflow/example_dags/tutorial_dag.py took 0.207 seconds
[2026-06-28T17:15:57.781+0000] {processor.py:161} INFO - Started process (PID=8400) to work on /home/airflow/.local/lib/python3.12/site-packages/airflow/example_dags/tutorial_dag.py
[2026-06-28T17:15:57.783+0000] {processor.py:830} INFO - Processing file /home/airflow/.local/lib/python3.12/site-packages/airflow/example_dags/tutorial_dag.py for tasks to queue
[2026-06-28T17:15:57.785+0000] {logging_mixin.py:188} INFO - [2026-06-28T17:15:57.785+0000] {dagbag.py:545} INFO - Filling up the DagBag from /home/airflow/.local/lib/python3.12/site-packages/airflow/example_dags/tutorial_dag.py
[2026-06-28T17:15:57.792+0000] {processor.py:840} INFO - DAG(s) 'tutorial_dag' retrieved from /home/airflow/.local/lib/python3.12/site-packages/airflow/example_dags/tutorial_dag.py
[2026-06-28T17:15:57.820+0000] {logging_mixin.py:188} INFO - [2026-06-28T17:15:57.819+0000] {dag.py:3096} INFO - Sync 1 DAGs
[2026-06-28T17:15:57.838+0000] {logging_mixin.py:188} INFO - [2026-06-28T17:15:57.838+0000] {dag.py:3954} INFO - Setting next_dagrun for tutorial_dag to None, run_after=None
[2026-06-28T17:15:57.863+0000] {processor.py:183} INFO - Processing /home/airflow/.local/lib/python3.12/site-packages/airflow/example_dags/tutorial_dag.py took 0.089 seconds
[2026-06-28T17:16:28.288+0000] {processor.py:161} INFO - Started process (PID=8458) to work on /home/airflow/.local/lib/python3.12/site-packages/airflow/example_dags/tutorial_dag.py
[2026-06-28T17:16:28.291+0000] {processor.py:830} INFO - Processing file /home/airflow/.local/lib/python3.12/site-packages/airflow/example_dags/tutorial_dag.py for tasks to queue
[2026-06-28T17:16:28.295+0000] {logging_mixin.py:188} INFO - [2026-06-28T17:16:28.295+0000] {dagbag.py:545} INFO - Filling up the DagBag from /home/airflow/.local/lib/python3.12/site-packages/airflow/example_dags/tutorial_dag.py
[2026-06-28T17:16:28.305+0000] {processor.py:840} INFO - DAG(s) 'tutorial_dag' retrieved from /home/airflow/.local/lib/python3.12/site-packages/airflow/example_dags/tutorial_dag.py
[2026-06-28T17:16:28.336+0000] {logging_mixin.py:188} INFO - [2026-06-28T17:16:28.336+0000] {dag.py:3096} INFO - Sync 1 DAGs
[2026-06-28T17:16:28.354+0000] {logging_mixin.py:188} INFO - [2026-06-28T17:16:28.354+0000] {dag.py:3954} INFO - Setting next_dagrun for tutorial_dag to None, run_after=None
[2026-06-28T17:16:28.377+0000] {processor.py:183} INFO - Processing /home/airflow/.local/lib/python3.12/site-packages/airflow/example_dags/tutorial_dag.py took 0.097 seconds
[2026-06-28T17:16:58.816+0000] {processor.py:161} INFO - Started process (PID=8517) to work on /home/airflow/.local/lib/python3.12/site-packages/airflow/example_dags/tutorial_dag.py
[2026-06-28T17:16:58.826+0000] {processor.py:830} INFO - Processing file /home/airflow/.local/lib/python3.12/site-packages/airflow/example_dags/tutorial_dag.py for tasks to queue
[2026-06-28T17:16:58.829+0000] {logging_mixin.py:188} INFO - [2026-06-28T17:16:58.828+0000] {dagbag.py:545} INFO - Filling up the DagBag from /home/airflow/.local/lib/python3.12/site-packages/airflow/example_dags/tutorial_dag.py
[2026-06-28T17:16:58.845+0000] {processor.py:840} INFO - DAG(s) 'tutorial_dag' retrieved from /home/airflow/.local/lib/python3.12/site-packages/airflow/example_dags/tutorial_dag.py
[2026-06-28T17:16:58.897+0000] {logging_mixin.py:188} INFO - [2026-06-28T17:16:58.897+0000] {dag.py:3096} INFO - Sync 1 DAGs
[2026-06-28T17:16:58.927+0000] {logging_mixin.py:188} INFO - [2026-06-28T17:16:58.927+0000] {dag.py:3954} INFO - Setting next_dagrun for tutorial_dag to None, run_after=None
[2026-06-28T17:16:58.952+0000] {processor.py:183} INFO - Processing /home/airflow/.local/lib/python3.12/site-packages/airflow/example_dags/tutorial_dag.py took 0.163 seconds
[2026-06-28T17:17:29.531+0000] {processor.py:161} INFO - Started process (PID=8577) to work on /home/airflow/.local/lib/python3.12/site-packages/airflow/example_dags/tutorial_dag.py
[2026-06-28T17:17:29.533+0000] {processor.py:830} INFO - Processing file /home/airflow/.local/lib/python3.12/site-packages/airflow/example_dags/tutorial_dag.py for tasks to queue
[2026-06-28T17:17:29.535+0000] {logging_mixin.py:188} INFO - [2026-06-28T17:17:29.535+0000] {dagbag.py:545} INFO - Filling up the DagBag from /home/airflow/.local/lib/python3.12/site-packages/airflow/example_dags/tutorial_dag.py
[2026-06-28T17:17:29.542+0000] {processor.py:840} INFO - DAG(s) 'tutorial_dag' retrieved from /home/airflow/.local/lib/python3.12/site-packages/airflow/example_dags/tutorial_dag.py
[2026-06-28T17:17:29.569+0000] {logging_mixin.py:188} INFO - [2026-06-28T17:17:29.569+0000] {dag.py:3096} INFO - Sync 1 DAGs
[2026-06-28T17:17:29.587+0000] {logging_mixin.py:188} INFO - [2026-06-28T17:17:29.587+0000] {dag.py:3954} INFO - Setting next_dagrun for tutorial_dag to None, run_after=None
[2026-06-28T17:17:29.608+0000] {processor.py:183} INFO - Processing /home/airflow/.local/lib/python3.12/site-packages/airflow/example_dags/tutorial_dag.py took 0.084 seconds
[2026-06-28T17:17:59.650+0000] {processor.py:161} INFO - Started process (PID=8636) to work on /home/airflow/.local/lib/python3.12/site-packages/airflow/example_dags/tutorial_dag.py
[2026-06-28T17:17:59.651+0000] {processor.py:830} INFO - Processing file /home/airflow/.local/lib/python3.12/site-packages/airflow/example_dags/tutorial_dag.py for tasks to queue
[2026-06-28T17:17:59.653+0000] {logging_mixin.py:188} INFO - [2026-06-28T17:17:59.653+0000] {dagbag.py:545} INFO - Filling up the DagBag from /home/airflow/.local/lib/python3.12/site-packages/airflow/example_dags/tutorial_dag.py
[2026-06-28T17:17:59.660+0000] {processor.py:840} INFO - DAG(s) 'tutorial_dag' retrieved from /home/airflow/.local/lib/python3.12/site-packages/airflow/example_dags/tutorial_dag.py
[2026-06-28T17:17:59.723+0000] {logging_mixin.py:188} INFO - [2026-06-28T17:17:59.723+0000] {dag.py:3096} INFO - Sync 1 DAGs
[2026-06-28T17:17:59.771+0000] {logging_mixin.py:188} INFO - [2026-06-28T17:17:59.771+0000] {dag.py:3954} INFO - Setting next_dagrun for tutorial_dag to None, run_after=None
[2026-06-28T17:17:59.819+0000] {processor.py:183} INFO - Processing /home/airflow/.local/lib/python3.12/site-packages/airflow/example_dags/tutorial_dag.py took 0.177 seconds
[2026-06-28T17:18:30.512+0000] {processor.py:161} INFO - Started process (PID=8695) to work on /home/airflow/.local/lib/python3.12/site-packages/airflow/example_dags/tutorial_dag.py
[2026-06-28T17:18:30.514+0000] {processor.py:830} INFO - Processing file /home/airflow/.local/lib/python3.12/site-packages/airflow/example_dags/tutorial_dag.py for tasks to queue
[2026-06-28T17:18:30.517+0000] {logging_mixin.py:188} INFO - [2026-06-28T17:18:30.516+0000] {dagbag.py:545} INFO - Filling up the DagBag from /home/airflow/.local/lib/python3.12/site-packages/airflow/example_dags/tutorial_dag.py
[2026-06-28T17:18:30.526+0000] {processor.py:840} INFO - DAG(s) 'tutorial_dag' retrieved from /home/airflow/.local/lib/python3.12/site-packages/airflow/example_dags/tutorial_dag.py
[2026-06-28T17:18:30.553+0000] {logging_mixin.py:188} INFO - [2026-06-28T17:18:30.553+0000] {dag.py:3096} INFO - Sync 1 DAGs
[2026-06-28T17:18:30.573+0000] {logging_mixin.py:188} INFO - [2026-06-28T17:18:30.572+0000] {dag.py:3954} INFO - Setting next_dagrun for tutorial_dag to None, run_after=None
[2026-06-28T17:18:30.597+0000] {processor.py:183} INFO - Processing /home/airflow/.local/lib/python3.12/site-packages/airflow/example_dags/tutorial_dag.py took 0.093 seconds
[2026-06-28T17:19:01.106+0000] {processor.py:161} INFO - Started process (PID=8754) to work on /home/airflow/.local/lib/python3.12/site-packages/airflow/example_dags/tutorial_dag.py
[2026-06-28T17:19:01.107+0000] {processor.py:830} INFO - Processing file /home/airflow/.local/lib/python3.12/site-packages/airflow/example_dags/tutorial_dag.py for tasks to queue
[2026-06-28T17:19:01.109+0000] {logging_mixin.py:188} INFO - [2026-06-28T17:19:01.109+0000] {dagbag.py:545} INFO - Filling up the DagBag from /home/airflow/.local/lib/python3.12/site-packages/airflow/example_dags/tutorial_dag.py
[2026-06-28T17:19:01.116+0000] {processor.py:840} INFO - DAG(s) 'tutorial_dag' retrieved from /home/airflow/.local/lib/python3.12/site-packages/airflow/example_dags/tutorial_dag.py
[2026-06-28T17:19:01.142+0000] {logging_mixin.py:188} INFO - [2026-06-28T17:19:01.142+0000] {dag.py:3096} INFO - Sync 1 DAGs
[2026-06-28T17:19:01.162+0000] {logging_mixin.py:188} INFO - [2026-06-28T17:19:01.161+0000] {dag.py:3954} INFO - Setting next_dagrun for tutorial_dag to None, run_after=None
[2026-06-28T17:19:01.184+0000] {processor.py:183} INFO - Processing /home/airflow/.local/lib/python3.12/site-packages/airflow/example_dags/tutorial_dag.py took 0.086 seconds
[2026-06-28T17:19:31.430+0000] {processor.py:161} INFO - Started process (PID=8813) to work on /home/airflow/.local/lib/python3.12/site-packages/airflow/example_dags/tutorial_dag.py
[2026-06-28T17:19:31.433+0000] {processor.py:830} INFO - Processing file /home/airflow/.local/lib/python3.12/site-packages/airflow/example_dags/tutorial_dag.py for tasks to queue
[2026-06-28T17:19:31.435+0000] {logging_mixin.py:188} INFO - [2026-06-28T17:19:31.434+0000] {dagbag.py:545} INFO - Filling up the DagBag from /home/airflow/.local/lib/python3.12/site-packages/airflow/example_dags/tutorial_dag.py
[2026-06-28T17:19:31.446+0000] {processor.py:840} INFO - DAG(s) 'tutorial_dag' retrieved from /home/airflow/.local/lib/python3.12/site-packages/airflow/example_dags/tutorial_dag.py
[2026-06-28T17:19:31.502+0000] {logging_mixin.py:188} INFO - [2026-06-28T17:19:31.502+0000] {dag.py:3096} INFO - Sync 1 DAGs
[2026-06-28T17:19:31.520+0000] {logging_mixin.py:188} INFO - [2026-06-28T17:19:31.519+0000] {dag.py:3954} INFO - Setting next_dagrun for tutorial_dag to None, run_after=None
[2026-06-28T17:19:31.545+0000] {processor.py:183} INFO - Processing /home/airflow/.local/lib/python3.12/site-packages/airflow/example_dags/tutorial_dag.py took 0.122 seconds
[2026-06-28T17:20:02.312+0000] {processor.py:161} INFO - Started process (PID=8872) to work on /home/airflow/.local/lib/python3.12/site-packages/airflow/example_dags/tutorial_dag.py
[2026-06-28T17:20:02.313+0000] {processor.py:830} INFO - Processing file /home/airflow/.local/lib/python3.12/site-packages/airflow/example_dags/tutorial_dag.py for tasks to queue
[2026-06-28T17:20:02.315+0000] {logging_mixin.py:188} INFO - [2026-06-28T17:20:02.315+0000] {dagbag.py:545} INFO - Filling up the DagBag from /home/airflow/.local/lib/python3.12/site-packages/airflow/example_dags/tutorial_dag.py
[2026-06-28T17:20:02.322+0000] {processor.py:840} INFO - DAG(s) 'tutorial_dag' retrieved from /home/airflow/.local/lib/python3.12/site-packages/airflow/example_dags/tutorial_dag.py
[2026-06-28T17:20:02.351+0000] {logging_mixin.py:188} INFO - [2026-06-28T17:20:02.350+0000] {dag.py:3096} INFO - Sync 1 DAGs
[2026-06-28T17:20:02.369+0000] {logging_mixin.py:188} INFO - [2026-06-28T17:20:02.369+0000] {dag.py:3954} INFO - Setting next_dagrun for tutorial_dag to None, run_after=None
[2026-06-28T17:20:02.402+0000] {processor.py:183} INFO - Processing /home/airflow/.local/lib/python3.12/site-packages/airflow/example_dags/tutorial_dag.py took 0.098 seconds
[2026-06-28T17:20:32.985+0000] {processor.py:161} INFO - Started process (PID=8932) to work on /home/airflow/.local/lib/python3.12/site-packages/airflow/example_dags/tutorial_dag.py
[2026-06-28T17:20:32.992+0000] {processor.py:830} INFO - Processing file /home/airflow/.local/lib/python3.12/site-packages/airflow/example_dags/tutorial_dag.py for tasks to queue
[2026-06-28T17:20:32.999+0000] {logging_mixin.py:188} INFO - [2026-06-28T17:20:32.999+0000] {dagbag.py:545} INFO - Filling up the DagBag from /home/airflow/.local/lib/python3.12/site-packages/airflow/example_dags/tutorial_dag.py
[2026-06-28T17:20:33.019+0000] {processor.py:840} INFO - DAG(s) 'tutorial_dag' retrieved from /home/airflow/.local/lib/python3.12/site-packages/airflow/example_dags/tutorial_dag.py
[2026-06-28T17:20:33.072+0000] {logging_mixin.py:188} INFO - [2026-06-28T17:20:33.071+0000] {dag.py:3096} INFO - Sync 1 DAGs
[2026-06-28T17:20:33.104+0000] {logging_mixin.py:188} INFO - [2026-06-28T17:20:33.103+0000] {dag.py:3954} INFO - Setting next_dagrun for tutorial_dag to None, run_after=None
[2026-06-28T17:20:33.152+0000] {processor.py:183} INFO - Processing /home/airflow/.local/lib/python3.12/site-packages/airflow/example_dags/tutorial_dag.py took 0.185 seconds
[2026-06-28T17:21:03.892+0000] {processor.py:161} INFO - Started process (PID=8991) to work on /home/airflow/.local/lib/python3.12/site-packages/airflow/example_dags/tutorial_dag.py
[2026-06-28T17:21:03.894+0000] {processor.py:830} INFO - Processing file /home/airflow/.local/lib/python3.12/site-packages/airflow/example_dags/tutorial_dag.py for tasks to queue
[2026-06-28T17:21:03.909+0000] {logging_mixin.py:188} INFO - [2026-06-28T17:21:03.908+0000] {dagbag.py:545} INFO - Filling up the DagBag from /home/airflow/.local/lib/python3.12/site-packages/airflow/example_dags/tutorial_dag.py
[2026-06-28T17:21:03.930+0000] {processor.py:840} INFO - DAG(s) 'tutorial_dag' retrieved from /home/airflow/.local/lib/python3.12/site-packages/airflow/example_dags/tutorial_dag.py
[2026-06-28T17:21:03.986+0000] {logging_mixin.py:188} INFO - [2026-06-28T17:21:03.986+0000] {dag.py:3096} INFO - Sync 1 DAGs
[2026-06-28T17:21:04.004+0000] {logging_mixin.py:188} INFO - [2026-06-28T17:21:04.004+0000] {dag.py:3954} INFO - Setting next_dagrun for tutorial_dag to None, run_after=None
[2026-06-28T17:21:04.028+0000] {processor.py:183} INFO - Processing /home/airflow/.local/lib/python3.12/site-packages/airflow/example_dags/tutorial_dag.py took 0.173 seconds
[2026-06-28T17:21:34.100+0000] {processor.py:161} INFO - Started process (PID=9050) to work on /home/airflow/.local/lib/python3.12/site-packages/airflow/example_dags/tutorial_dag.py
[2026-06-28T17:21:34.101+0000] {processor.py:830} INFO - Processing file /home/airflow/.local/lib/python3.12/site-packages/airflow/example_dags/tutorial_dag.py for tasks to queue
[2026-06-28T17:21:34.103+0000] {logging_mixin.py:188} INFO - [2026-06-28T17:21:34.103+0000] {dagbag.py:545} INFO - Filling up the DagBag from /home/airflow/.local/lib/python3.12/site-packages/airflow/example_dags/tutorial_dag.py
[2026-06-28T17:21:34.110+0000] {processor.py:840} INFO - DAG(s) 'tutorial_dag' retrieved from /home/airflow/.local/lib/python3.12/site-packages/airflow/example_dags/tutorial_dag.py
[2026-06-28T17:21:34.135+0000] {logging_mixin.py:188} INFO - [2026-06-28T17:21:34.135+0000] {dag.py:3096} INFO - Sync 1 DAGs
[2026-06-28T17:21:34.154+0000] {logging_mixin.py:188} INFO - [2026-06-28T17:21:34.154+0000] {dag.py:3954} INFO - Setting next_dagrun for tutorial_dag to None, run_after=None
[2026-06-28T17:21:34.180+0000] {processor.py:183} INFO - Processing /home/airflow/.local/lib/python3.12/site-packages/airflow/example_dags/tutorial_dag.py took 0.087 seconds
[2026-06-28T17:22:04.357+0000] {processor.py:161} INFO - Started process (PID=9109) to work on /home/airflow/.local/lib/python3.12/site-packages/airflow/example_dags/tutorial_dag.py
[2026-06-28T17:22:04.358+0000] {processor.py:830} INFO - Processing file /home/airflow/.local/lib/python3.12/site-packages/airflow/example_dags/tutorial_dag.py for tasks to queue
[2026-06-28T17:22:04.363+0000] {logging_mixin.py:188} INFO - [2026-06-28T17:22:04.362+0000] {dagbag.py:545} INFO - Filling up the DagBag from /home/airflow/.local/lib/python3.12/site-packages/airflow/example_dags/tutorial_dag.py
[2026-06-28T17:22:04.380+0000] {processor.py:840} INFO - DAG(s) 'tutorial_dag' retrieved from /home/airflow/.local/lib/python3.12/site-packages/airflow/example_dags/tutorial_dag.py
[2026-06-28T17:22:04.416+0000] {logging_mixin.py:188} INFO - [2026-06-28T17:22:04.415+0000] {dag.py:3096} INFO - Sync 1 DAGs
[2026-06-28T17:22:04.434+0000] {logging_mixin.py:188} INFO - [2026-06-28T17:22:04.433+0000] {dag.py:3954} INFO - Setting next_dagrun for tutorial_dag to None, run_after=None
[2026-06-28T17:22:04.458+0000] {processor.py:183} INFO - Processing /home/airflow/.local/lib/python3.12/site-packages/airflow/example_dags/tutorial_dag.py took 0.107 seconds
[2026-06-28T17:22:35.040+0000] {processor.py:161} INFO - Started process (PID=9168) to work on /home/airflow/.local/lib/python3.12/site-packages/airflow/example_dags/tutorial_dag.py
[2026-06-28T17:22:35.041+0000] {processor.py:830} INFO - Processing file /home/airflow/.local/lib/python3.12/site-packages/airflow/example_dags/tutorial_dag.py for tasks to queue
[2026-06-28T17:22:35.043+0000] {logging_mixin.py:188} INFO - [2026-06-28T17:22:35.042+0000] {dagbag.py:545} INFO - Filling up the DagBag from /home/airflow/.local/lib/python3.12/site-packages/airflow/example_dags/tutorial_dag.py
[2026-06-28T17:22:35.049+0000] {processor.py:840} INFO - DAG(s) 'tutorial_dag' retrieved from /home/airflow/.local/lib/python3.12/site-packages/airflow/example_dags/tutorial_dag.py
[2026-06-28T17:22:35.102+0000] {logging_mixin.py:188} INFO - [2026-06-28T17:22:35.102+0000] {dag.py:3096} INFO - Sync 1 DAGs
[2026-06-28T17:22:35.191+0000] {logging_mixin.py:188} INFO - [2026-06-28T17:22:35.190+0000] {dag.py:3954} INFO - Setting next_dagrun for tutorial_dag to None, run_after=None
[2026-06-28T17:22:35.254+0000] {processor.py:183} INFO - Processing /home/airflow/.local/lib/python3.12/site-packages/airflow/example_dags/tutorial_dag.py took 0.223 seconds
[2026-06-28T17:23:05.722+0000] {processor.py:161} INFO - Started process (PID=9227) to work on /home/airflow/.local/lib/python3.12/site-packages/airflow/example_dags/tutorial_dag.py
[2026-06-28T17:23:05.725+0000] {processor.py:830} INFO - Processing file /home/airflow/.local/lib/python3.12/site-packages/airflow/example_dags/tutorial_dag.py for tasks to queue
[2026-06-28T17:23:05.727+0000] {logging_mixin.py:188} INFO - [2026-06-28T17:23:05.726+0000] {dagbag.py:545} INFO - Filling up the DagBag from /home/airflow/.local/lib/python3.12/site-packages/airflow/example_dags/tutorial_dag.py
[2026-06-28T17:23:05.743+0000] {processor.py:840} INFO - DAG(s) 'tutorial_dag' retrieved from /home/airflow/.local/lib/python3.12/site-packages/airflow/example_dags/tutorial_dag.py
[2026-06-28T17:23:05.771+0000] {logging_mixin.py:188} INFO - [2026-06-28T17:23:05.770+0000] {dag.py:3096} INFO - Sync 1 DAGs
[2026-06-28T17:23:05.790+0000] {logging_mixin.py:188} INFO - [2026-06-28T17:23:05.789+0000] {dag.py:3954} INFO - Setting next_dagrun for tutorial_dag to None, run_after=None
[2026-06-28T17:23:05.839+0000] {processor.py:183} INFO - Processing /home/airflow/.local/lib/python3.12/site-packages/airflow/example_dags/tutorial_dag.py took 0.130 seconds
[2026-06-28T17:23:35.983+0000] {processor.py:161} INFO - Started process (PID=9286) to work on /home/airflow/.local/lib/python3.12/site-packages/airflow/example_dags/tutorial_dag.py
[2026-06-28T17:23:35.984+0000] {processor.py:830} INFO - Processing file /home/airflow/.local/lib/python3.12/site-packages/airflow/example_dags/tutorial_dag.py for tasks to queue
[2026-06-28T17:23:35.986+0000] {logging_mixin.py:188} INFO - [2026-06-28T17:23:35.986+0000] {dagbag.py:545} INFO - Filling up the DagBag from /home/airflow/.local/lib/python3.12/site-packages/airflow/example_dags/tutorial_dag.py
[2026-06-28T17:23:35.993+0000] {processor.py:840} INFO - DAG(s) 'tutorial_dag' retrieved from /home/airflow/.local/lib/python3.12/site-packages/airflow/example_dags/tutorial_dag.py
[2026-06-28T17:23:36.021+0000] {logging_mixin.py:188} INFO - [2026-06-28T17:23:36.021+0000] {dag.py:3096} INFO - Sync 1 DAGs
[2026-06-28T17:23:36.044+0000] {logging_mixin.py:188} INFO - [2026-06-28T17:23:36.044+0000] {dag.py:3954} INFO - Setting next_dagrun for tutorial_dag to None, run_after=None
[2026-06-28T17:23:36.116+0000] {processor.py:183} INFO - Processing /home/airflow/.local/lib/python3.12/site-packages/airflow/example_dags/tutorial_dag.py took 0.140 seconds
[2026-06-28T17:24:06.766+0000] {processor.py:161} INFO - Started process (PID=9346) to work on /home/airflow/.local/lib/python3.12/site-packages/airflow/example_dags/tutorial_dag.py
[2026-06-28T17:24:06.769+0000] {processor.py:830} INFO - Processing file /home/airflow/.local/lib/python3.12/site-packages/airflow/example_dags/tutorial_dag.py for tasks to queue
[2026-06-28T17:24:06.771+0000] {logging_mixin.py:188} INFO - [2026-06-28T17:24:06.771+0000] {dagbag.py:545} INFO - Filling up the DagBag from /home/airflow/.local/lib/python3.12/site-packages/airflow/example_dags/tutorial_dag.py
[2026-06-28T17:24:06.781+0000] {processor.py:840} INFO - DAG(s) 'tutorial_dag' retrieved from /home/airflow/.local/lib/python3.12/site-packages/airflow/example_dags/tutorial_dag.py
[2026-06-28T17:24:06.813+0000] {logging_mixin.py:188} INFO - [2026-06-28T17:24:06.813+0000] {dag.py:3096} INFO - Sync 1 DAGs
[2026-06-28T17:24:06.849+0000] {logging_mixin.py:188} INFO - [2026-06-28T17:24:06.849+0000] {dag.py:3954} INFO - Setting next_dagrun for tutorial_dag to None, run_after=None
[2026-06-28T17:24:06.910+0000] {processor.py:183} INFO - Processing /home/airflow/.local/lib/python3.12/site-packages/airflow/example_dags/tutorial_dag.py took 0.169 seconds
[2026-06-28T17:24:37.439+0000] {processor.py:161} INFO - Started process (PID=9405) to work on /home/airflow/.local/lib/python3.12/site-packages/airflow/example_dags/tutorial_dag.py
[2026-06-28T17:24:37.440+0000] {processor.py:830} INFO - Processing file /home/airflow/.local/lib/python3.12/site-packages/airflow/example_dags/tutorial_dag.py for tasks to queue
[2026-06-28T17:24:37.443+0000] {logging_mixin.py:188} INFO - [2026-06-28T17:24:37.442+0000] {dagbag.py:545} INFO - Filling up the DagBag from /home/airflow/.local/lib/python3.12/site-packages/airflow/example_dags/tutorial_dag.py
[2026-06-28T17:24:37.452+0000] {processor.py:840} INFO - DAG(s) 'tutorial_dag' retrieved from /home/airflow/.local/lib/python3.12/site-packages/airflow/example_dags/tutorial_dag.py
[2026-06-28T17:24:37.492+0000] {logging_mixin.py:188} INFO - [2026-06-28T17:24:37.491+0000] {dag.py:3096} INFO - Sync 1 DAGs
[2026-06-28T17:24:37.532+0000] {logging_mixin.py:188} INFO - [2026-06-28T17:24:37.531+0000] {dag.py:3954} INFO - Setting next_dagrun for tutorial_dag to None, run_after=None
[2026-06-28T17:24:37.594+0000] {processor.py:183} INFO - Processing /home/airflow/.local/lib/python3.12/site-packages/airflow/example_dags/tutorial_dag.py took 0.173 seconds
[2026-06-28T17:25:08.030+0000] {processor.py:161} INFO - Started process (PID=9464) to work on /home/airflow/.local/lib/python3.12/site-packages/airflow/example_dags/tutorial_dag.py
[2026-06-28T17:25:08.035+0000] {processor.py:830} INFO - Processing file /home/airflow/.local/lib/python3.12/site-packages/airflow/example_dags/tutorial_dag.py for tasks to queue
[2026-06-28T17:25:08.041+0000] {logging_mixin.py:188} INFO - [2026-06-28T17:25:08.041+0000] {dagbag.py:545} INFO - Filling up the DagBag from /home/airflow/.local/lib/python3.12/site-packages/airflow/example_dags/tutorial_dag.py
[2026-06-28T17:25:08.051+0000] {processor.py:840} INFO - DAG(s) 'tutorial_dag' retrieved from /home/airflow/.local/lib/python3.12/site-packages/airflow/example_dags/tutorial_dag.py
[2026-06-28T17:25:08.078+0000] {logging_mixin.py:188} INFO - [2026-06-28T17:25:08.077+0000] {dag.py:3096} INFO - Sync 1 DAGs
[2026-06-28T17:25:08.095+0000] {logging_mixin.py:188} INFO - [2026-06-28T17:25:08.095+0000] {dag.py:3954} INFO - Setting next_dagrun for tutorial_dag to None, run_after=None
[2026-06-28T17:25:08.139+0000] {processor.py:183} INFO - Processing /home/airflow/.local/lib/python3.12/site-packages/airflow/example_dags/tutorial_dag.py took 0.117 seconds
[2026-06-28T17:25:38.559+0000] {processor.py:161} INFO - Started process (PID=9523) to work on /home/airflow/.local/lib/python3.12/site-packages/airflow/example_dags/tutorial_dag.py
[2026-06-28T17:25:38.566+0000] {processor.py:830} INFO - Processing file /home/airflow/.local/lib/python3.12/site-packages/airflow/example_dags/tutorial_dag.py for tasks to queue
[2026-06-28T17:25:38.568+0000] {logging_mixin.py:188} INFO - [2026-06-28T17:25:38.567+0000] {dagbag.py:545} INFO - Filling up the DagBag from /home/airflow/.local/lib/python3.12/site-packages/airflow/example_dags/tutorial_dag.py
[2026-06-28T17:25:38.575+0000] {processor.py:840} INFO - DAG(s) 'tutorial_dag' retrieved from /home/airflow/.local/lib/python3.12/site-packages/airflow/example_dags/tutorial_dag.py
[2026-06-28T17:25:38.609+0000] {logging_mixin.py:188} INFO - [2026-06-28T17:25:38.609+0000] {dag.py:3096} INFO - Sync 1 DAGs
[2026-06-28T17:25:38.626+0000] {logging_mixin.py:188} INFO - [2026-06-28T17:25:38.626+0000] {dag.py:3954} INFO - Setting next_dagrun for tutorial_dag to None, run_after=None
[2026-06-28T17:25:38.655+0000] {processor.py:183} INFO - Processing /home/airflow/.local/lib/python3.12/site-packages/airflow/example_dags/tutorial_dag.py took 0.102 seconds
[2026-06-28T17:26:09.508+0000] {processor.py:161} INFO - Started process (PID=9582) to work on /home/airflow/.local/lib/python3.12/site-packages/airflow/example_dags/tutorial_dag.py
[2026-06-28T17:26:09.510+0000] {processor.py:830} INFO - Processing file /home/airflow/.local/lib/python3.12/site-packages/airflow/example_dags/tutorial_dag.py for tasks to queue
[2026-06-28T17:26:09.512+0000] {logging_mixin.py:188} INFO - [2026-06-28T17:26:09.512+0000] {dagbag.py:545} INFO - Filling up the DagBag from /home/airflow/.local/lib/python3.12/site-packages/airflow/example_dags/tutorial_dag.py
[2026-06-28T17:26:09.519+0000] {processor.py:840} INFO - DAG(s) 'tutorial_dag' retrieved from /home/airflow/.local/lib/python3.12/site-packages/airflow/example_dags/tutorial_dag.py
[2026-06-28T17:26:09.546+0000] {logging_mixin.py:188} INFO - [2026-06-28T17:26:09.545+0000] {dag.py:3096} INFO - Sync 1 DAGs
[2026-06-28T17:26:09.565+0000] {logging_mixin.py:188} INFO - [2026-06-28T17:26:09.565+0000] {dag.py:3954} INFO - Setting next_dagrun for tutorial_dag to None, run_after=None
[2026-06-28T17:26:09.586+0000] {processor.py:183} INFO - Processing /home/airflow/.local/lib/python3.12/site-packages/airflow/example_dags/tutorial_dag.py took 0.094 seconds
[2026-06-28T17:26:40.426+0000] {processor.py:161} INFO - Started process (PID=9641) to work on /home/airflow/.local/lib/python3.12/site-packages/airflow/example_dags/tutorial_dag.py
[2026-06-28T17:26:40.430+0000] {processor.py:830} INFO - Processing file /home/airflow/.local/lib/python3.12/site-packages/airflow/example_dags/tutorial_dag.py for tasks to queue
[2026-06-28T17:26:40.453+0000] {logging_mixin.py:188} INFO - [2026-06-28T17:26:40.452+0000] {dagbag.py:545} INFO - Filling up the DagBag from /home/airflow/.local/lib/python3.12/site-packages/airflow/example_dags/tutorial_dag.py
[2026-06-28T17:26:40.468+0000] {processor.py:840} INFO - DAG(s) 'tutorial_dag' retrieved from /home/airflow/.local/lib/python3.12/site-packages/airflow/example_dags/tutorial_dag.py
[2026-06-28T17:26:40.507+0000] {logging_mixin.py:188} INFO - [2026-06-28T17:26:40.507+0000] {dag.py:3096} INFO - Sync 1 DAGs
[2026-06-28T17:26:40.532+0000] {logging_mixin.py:188} INFO - [2026-06-28T17:26:40.531+0000] {dag.py:3954} INFO - Setting next_dagrun for tutorial_dag to None, run_after=None
[2026-06-28T17:26:40.560+0000] {processor.py:183} INFO - Processing /home/airflow/.local/lib/python3.12/site-packages/airflow/example_dags/tutorial_dag.py took 0.177 seconds
[2026-06-28T17:27:10.749+0000] {processor.py:161} INFO - Started process (PID=9700) to work on /home/airflow/.local/lib/python3.12/site-packages/airflow/example_dags/tutorial_dag.py
[2026-06-28T17:27:10.753+0000] {processor.py:830} INFO - Processing file /home/airflow/.local/lib/python3.12/site-packages/airflow/example_dags/tutorial_dag.py for tasks to queue
[2026-06-28T17:27:10.759+0000] {logging_mixin.py:188} INFO - [2026-06-28T17:27:10.754+0000] {dagbag.py:545} INFO - Filling up the DagBag from /home/airflow/.local/lib/python3.12/site-packages/airflow/example_dags/tutorial_dag.py
[2026-06-28T17:27:10.780+0000] {processor.py:840} INFO - DAG(s) 'tutorial_dag' retrieved from /home/airflow/.local/lib/python3.12/site-packages/airflow/example_dags/tutorial_dag.py
[2026-06-28T17:27:10.813+0000] {logging_mixin.py:188} INFO - [2026-06-28T17:27:10.813+0000] {dag.py:3096} INFO - Sync 1 DAGs
[2026-06-28T17:27:10.860+0000] {logging_mixin.py:188} INFO - [2026-06-28T17:27:10.859+0000] {dag.py:3954} INFO - Setting next_dagrun for tutorial_dag to None, run_after=None
[2026-06-28T17:27:10.910+0000] {processor.py:183} INFO - Processing /home/airflow/.local/lib/python3.12/site-packages/airflow/example_dags/tutorial_dag.py took 0.178 seconds
[2026-06-28T17:27:41.290+0000] {processor.py:161} INFO - Started process (PID=9759) to work on /home/airflow/.local/lib/python3.12/site-packages/airflow/example_dags/tutorial_dag.py
[2026-06-28T17:27:41.291+0000] {processor.py:830} INFO - Processing file /home/airflow/.local/lib/python3.12/site-packages/airflow/example_dags/tutorial_dag.py for tasks to queue
[2026-06-28T17:27:41.294+0000] {logging_mixin.py:188} INFO - [2026-06-28T17:27:41.293+0000] {dagbag.py:545} INFO - Filling up the DagBag from /home/airflow/.local/lib/python3.12/site-packages/airflow/example_dags/tutorial_dag.py
[2026-06-28T17:27:41.301+0000] {processor.py:840} INFO - DAG(s) 'tutorial_dag' retrieved from /home/airflow/.local/lib/python3.12/site-packages/airflow/example_dags/tutorial_dag.py
[2026-06-28T17:27:41.329+0000] {logging_mixin.py:188} INFO - [2026-06-28T17:27:41.329+0000] {dag.py:3096} INFO - Sync 1 DAGs
[2026-06-28T17:27:41.348+0000] {logging_mixin.py:188} INFO - [2026-06-28T17:27:41.347+0000] {dag.py:3954} INFO - Setting next_dagrun for tutorial_dag to None, run_after=None
[2026-06-28T17:27:41.369+0000] {processor.py:183} INFO - Processing /home/airflow/.local/lib/python3.12/site-packages/airflow/example_dags/tutorial_dag.py took 0.085 seconds
[2026-06-28T17:28:11.470+0000] {processor.py:161} INFO - Started process (PID=9818) to work on /home/airflow/.local/lib/python3.12/site-packages/airflow/example_dags/tutorial_dag.py
[2026-06-28T17:28:11.471+0000] {processor.py:830} INFO - Processing file /home/airflow/.local/lib/python3.12/site-packages/airflow/example_dags/tutorial_dag.py for tasks to queue
[2026-06-28T17:28:11.473+0000] {logging_mixin.py:188} INFO - [2026-06-28T17:28:11.473+0000] {dagbag.py:545} INFO - Filling up the DagBag from /home/airflow/.local/lib/python3.12/site-packages/airflow/example_dags/tutorial_dag.py
[2026-06-28T17:28:11.480+0000] {processor.py:840} INFO - DAG(s) 'tutorial_dag' retrieved from /home/airflow/.local/lib/python3.12/site-packages/airflow/example_dags/tutorial_dag.py
[2026-06-28T17:28:11.521+0000] {logging_mixin.py:188} INFO - [2026-06-28T17:28:11.521+0000] {dag.py:3096} INFO - Sync 1 DAGs
[2026-06-28T17:28:11.574+0000] {logging_mixin.py:188} INFO - [2026-06-28T17:28:11.574+0000] {dag.py:3954} INFO - Setting next_dagrun for tutorial_dag to None, run_after=None
[2026-06-28T17:28:11.643+0000] {processor.py:183} INFO - Processing /home/airflow/.local/lib/python3.12/site-packages/airflow/example_dags/tutorial_dag.py took 0.182 seconds
[2026-06-28T17:28:42.690+0000] {processor.py:161} INFO - Started process (PID=9877) to work on /home/airflow/.local/lib/python3.12/site-packages/airflow/example_dags/tutorial_dag.py
[2026-06-28T17:28:42.697+0000] {processor.py:830} INFO - Processing file /home/airflow/.local/lib/python3.12/site-packages/airflow/example_dags/tutorial_dag.py for tasks to queue
[2026-06-28T17:28:42.706+0000] {logging_mixin.py:188} INFO - [2026-06-28T17:28:42.706+0000] {dagbag.py:545} INFO - Filling up the DagBag from /home/airflow/.local/lib/python3.12/site-packages/airflow/example_dags/tutorial_dag.py
[2026-06-28T17:28:42.732+0000] {processor.py:840} INFO - DAG(s) 'tutorial_dag' retrieved from /home/airflow/.local/lib/python3.12/site-packages/airflow/example_dags/tutorial_dag.py
[2026-06-28T17:28:42.795+0000] {logging_mixin.py:188} INFO - [2026-06-28T17:28:42.794+0000] {dag.py:3096} INFO - Sync 1 DAGs
[2026-06-28T17:28:42.831+0000] {logging_mixin.py:188} INFO - [2026-06-28T17:28:42.831+0000] {dag.py:3954} INFO - Setting next_dagrun for tutorial_dag to None, run_after=None
[2026-06-28T17:28:42.877+0000] {processor.py:183} INFO - Processing /home/airflow/.local/lib/python3.12/site-packages/airflow/example_dags/tutorial_dag.py took 0.242 seconds
[2026-06-28T17:29:13.690+0000] {processor.py:161} INFO - Started process (PID=9936) to work on /home/airflow/.local/lib/python3.12/site-packages/airflow/example_dags/tutorial_dag.py
[2026-06-28T17:29:13.691+0000] {processor.py:830} INFO - Processing file /home/airflow/.local/lib/python3.12/site-packages/airflow/example_dags/tutorial_dag.py for tasks to queue
[2026-06-28T17:29:13.693+0000] {logging_mixin.py:188} INFO - [2026-06-28T17:29:13.693+0000] {dagbag.py:545} INFO - Filling up the DagBag from /home/airflow/.local/lib/python3.12/site-packages/airflow/example_dags/tutorial_dag.py
[2026-06-28T17:29:13.700+0000] {processor.py:840} INFO - DAG(s) 'tutorial_dag' retrieved from /home/airflow/.local/lib/python3.12/site-packages/airflow/example_dags/tutorial_dag.py
[2026-06-28T17:29:13.752+0000] {logging_mixin.py:188} INFO - [2026-06-28T17:29:13.751+0000] {dag.py:3096} INFO - Sync 1 DAGs
[2026-06-28T17:29:13.780+0000] {logging_mixin.py:188} INFO - [2026-06-28T17:29:13.779+0000] {dag.py:3954} INFO - Setting next_dagrun for tutorial_dag to None, run_after=None
[2026-06-28T17:29:13.812+0000] {processor.py:183} INFO - Processing /home/airflow/.local/lib/python3.12/site-packages/airflow/example_dags/tutorial_dag.py took 0.130 seconds
[2026-06-28T17:29:44.787+0000] {processor.py:161} INFO - Started process (PID=10001) to work on /home/airflow/.local/lib/python3.12/site-packages/airflow/example_dags/tutorial_dag.py
[2026-06-28T17:29:44.793+0000] {processor.py:830} INFO - Processing file /home/airflow/.local/lib/python3.12/site-packages/airflow/example_dags/tutorial_dag.py for tasks to queue
[2026-06-28T17:29:44.801+0000] {logging_mixin.py:188} INFO - [2026-06-28T17:29:44.801+0000] {dagbag.py:545} INFO - Filling up the DagBag from /home/airflow/.local/lib/python3.12/site-packages/airflow/example_dags/tutorial_dag.py
[2026-06-28T17:29:44.836+0000] {processor.py:840} INFO - DAG(s) 'tutorial_dag' retrieved from /home/airflow/.local/lib/python3.12/site-packages/airflow/example_dags/tutorial_dag.py
[2026-06-28T17:29:44.874+0000] {logging_mixin.py:188} INFO - [2026-06-28T17:29:44.874+0000] {dag.py:3096} INFO - Sync 1 DAGs
[2026-06-28T17:29:44.891+0000] {logging_mixin.py:188} INFO - [2026-06-28T17:29:44.890+0000] {dag.py:3954} INFO - Setting next_dagrun for tutorial_dag to None, run_after=None
[2026-06-28T17:29:44.911+0000] {processor.py:183} INFO - Processing /home/airflow/.local/lib/python3.12/site-packages/airflow/example_dags/tutorial_dag.py took 0.151 seconds
[2026-06-28T17:30:15.212+0000] {processor.py:161} INFO - Started process (PID=10059) to work on /home/airflow/.local/lib/python3.12/site-packages/airflow/example_dags/tutorial_dag.py
[2026-06-28T17:30:15.213+0000] {processor.py:830} INFO - Processing file /home/airflow/.local/lib/python3.12/site-packages/airflow/example_dags/tutorial_dag.py for tasks to queue
[2026-06-28T17:30:15.215+0000] {logging_mixin.py:188} INFO - [2026-06-28T17:30:15.214+0000] {dagbag.py:545} INFO - Filling up the DagBag from /home/airflow/.local/lib/python3.12/site-packages/airflow/example_dags/tutorial_dag.py
[2026-06-28T17:30:15.221+0000] {processor.py:840} INFO - DAG(s) 'tutorial_dag' retrieved from /home/airflow/.local/lib/python3.12/site-packages/airflow/example_dags/tutorial_dag.py
[2026-06-28T17:30:15.246+0000] {logging_mixin.py:188} INFO - [2026-06-28T17:30:15.246+0000] {dag.py:3096} INFO - Sync 1 DAGs
[2026-06-28T17:30:15.266+0000] {logging_mixin.py:188} INFO - [2026-06-28T17:30:15.266+0000] {dag.py:3954} INFO - Setting next_dagrun for tutorial_dag to None, run_after=None
[2026-06-28T17:30:15.292+0000] {processor.py:183} INFO - Processing /home/airflow/.local/lib/python3.12/site-packages/airflow/example_dags/tutorial_dag.py took 0.088 seconds
[2026-06-28T18:12:54.725+0000] {processor.py:161} INFO - Started process (PID=132) to work on /home/airflow/.local/lib/python3.12/site-packages/airflow/example_dags/tutorial_dag.py
[2026-06-28T18:12:54.730+0000] {processor.py:830} INFO - Processing file /home/airflow/.local/lib/python3.12/site-packages/airflow/example_dags/tutorial_dag.py for tasks to queue
[2026-06-28T18:12:54.735+0000] {logging_mixin.py:188} INFO - [2026-06-28T18:12:54.734+0000] {dagbag.py:545} INFO - Filling up the DagBag from /home/airflow/.local/lib/python3.12/site-packages/airflow/example_dags/tutorial_dag.py
[2026-06-28T18:12:54.744+0000] {processor.py:840} INFO - DAG(s) 'tutorial_dag' retrieved from /home/airflow/.local/lib/python3.12/site-packages/airflow/example_dags/tutorial_dag.py
[2026-06-28T18:12:54.770+0000] {logging_mixin.py:188} INFO - [2026-06-28T18:12:54.770+0000] {dag.py:3096} INFO - Sync 1 DAGs
[2026-06-28T18:12:54.787+0000] {logging_mixin.py:188} INFO - [2026-06-28T18:12:54.787+0000] {dag.py:3954} INFO - Setting next_dagrun for tutorial_dag to None, run_after=None
[2026-06-28T18:12:54.811+0000] {processor.py:183} INFO - Processing /home/airflow/.local/lib/python3.12/site-packages/airflow/example_dags/tutorial_dag.py took 0.110 seconds
[2026-06-28T18:13:25.276+0000] {processor.py:161} INFO - Started process (PID=191) to work on /home/airflow/.local/lib/python3.12/site-packages/airflow/example_dags/tutorial_dag.py
[2026-06-28T18:13:25.278+0000] {processor.py:830} INFO - Processing file /home/airflow/.local/lib/python3.12/site-packages/airflow/example_dags/tutorial_dag.py for tasks to queue
[2026-06-28T18:13:25.281+0000] {logging_mixin.py:188} INFO - [2026-06-28T18:13:25.281+0000] {dagbag.py:545} INFO - Filling up the DagBag from /home/airflow/.local/lib/python3.12/site-packages/airflow/example_dags/tutorial_dag.py
[2026-06-28T18:13:25.291+0000] {processor.py:840} INFO - DAG(s) 'tutorial_dag' retrieved from /home/airflow/.local/lib/python3.12/site-packages/airflow/example_dags/tutorial_dag.py
[2026-06-28T18:13:25.318+0000] {logging_mixin.py:188} INFO - [2026-06-28T18:13:25.318+0000] {dag.py:3096} INFO - Sync 1 DAGs
[2026-06-28T18:13:25.336+0000] {logging_mixin.py:188} INFO - [2026-06-28T18:13:25.335+0000] {dag.py:3954} INFO - Setting next_dagrun for tutorial_dag to None, run_after=None
[2026-06-28T18:13:25.360+0000] {processor.py:183} INFO - Processing /home/airflow/.local/lib/python3.12/site-packages/airflow/example_dags/tutorial_dag.py took 0.092 seconds
[2026-06-28T18:19:10.837+0000] {processor.py:161} INFO - Started process (PID=132) to work on /home/airflow/.local/lib/python3.12/site-packages/airflow/example_dags/tutorial_dag.py
[2026-06-28T18:19:10.845+0000] {processor.py:830} INFO - Processing file /home/airflow/.local/lib/python3.12/site-packages/airflow/example_dags/tutorial_dag.py for tasks to queue
[2026-06-28T18:19:10.853+0000] {logging_mixin.py:188} INFO - [2026-06-28T18:19:10.853+0000] {dagbag.py:545} INFO - Filling up the DagBag from /home/airflow/.local/lib/python3.12/site-packages/airflow/example_dags/tutorial_dag.py
[2026-06-28T18:19:10.893+0000] {processor.py:840} INFO - DAG(s) 'tutorial_dag' retrieved from /home/airflow/.local/lib/python3.12/site-packages/airflow/example_dags/tutorial_dag.py
[2026-06-28T18:19:11.277+0000] {logging_mixin.py:188} INFO - [2026-06-28T18:19:11.277+0000] {dag.py:3096} INFO - Sync 1 DAGs
[2026-06-28T18:19:11.309+0000] {logging_mixin.py:188} INFO - [2026-06-28T18:19:11.308+0000] {dag.py:3954} INFO - Setting next_dagrun for tutorial_dag to None, run_after=None
[2026-06-28T18:19:11.389+0000] {processor.py:183} INFO - Processing /home/airflow/.local/lib/python3.12/site-packages/airflow/example_dags/tutorial_dag.py took 0.582 seconds
[2026-06-28T18:19:41.543+0000] {processor.py:161} INFO - Started process (PID=191) to work on /home/airflow/.local/lib/python3.12/site-packages/airflow/example_dags/tutorial_dag.py
[2026-06-28T18:19:41.546+0000] {processor.py:830} INFO - Processing file /home/airflow/.local/lib/python3.12/site-packages/airflow/example_dags/tutorial_dag.py for tasks to queue
[2026-06-28T18:19:41.548+0000] {logging_mixin.py:188} INFO - [2026-06-28T18:19:41.548+0000] {dagbag.py:545} INFO - Filling up the DagBag from /home/airflow/.local/lib/python3.12/site-packages/airflow/example_dags/tutorial_dag.py
[2026-06-28T18:19:41.563+0000] {processor.py:840} INFO - DAG(s) 'tutorial_dag' retrieved from /home/airflow/.local/lib/python3.12/site-packages/airflow/example_dags/tutorial_dag.py
[2026-06-28T18:19:41.597+0000] {logging_mixin.py:188} INFO - [2026-06-28T18:19:41.597+0000] {dag.py:3096} INFO - Sync 1 DAGs
[2026-06-28T18:19:41.610+0000] {logging_mixin.py:188} INFO - [2026-06-28T18:19:41.610+0000] {dag.py:3954} INFO - Setting next_dagrun for tutorial_dag to None, run_after=None
[2026-06-28T18:19:41.628+0000] {processor.py:183} INFO - Processing /home/airflow/.local/lib/python3.12/site-packages/airflow/example_dags/tutorial_dag.py took 0.096 seconds
[2026-06-28T18:20:12.675+0000] {processor.py:161} INFO - Started process (PID=250) to work on /home/airflow/.local/lib/python3.12/site-packages/airflow/example_dags/tutorial_dag.py
[2026-06-28T18:20:12.678+0000] {processor.py:830} INFO - Processing file /home/airflow/.local/lib/python3.12/site-packages/airflow/example_dags/tutorial_dag.py for tasks to queue
[2026-06-28T18:20:12.684+0000] {logging_mixin.py:188} INFO - [2026-06-28T18:20:12.684+0000] {dagbag.py:545} INFO - Filling up the DagBag from /home/airflow/.local/lib/python3.12/site-packages/airflow/example_dags/tutorial_dag.py
[2026-06-28T18:20:12.706+0000] {processor.py:840} INFO - DAG(s) 'tutorial_dag' retrieved from /home/airflow/.local/lib/python3.12/site-packages/airflow/example_dags/tutorial_dag.py
[2026-06-28T18:20:12.753+0000] {logging_mixin.py:188} INFO - [2026-06-28T18:20:12.753+0000] {dag.py:3096} INFO - Sync 1 DAGs
[2026-06-28T18:20:12.771+0000] {logging_mixin.py:188} INFO - [2026-06-28T18:20:12.771+0000] {dag.py:3954} INFO - Setting next_dagrun for tutorial_dag to None, run_after=None
[2026-06-28T18:20:12.825+0000] {processor.py:183} INFO - Processing /home/airflow/.local/lib/python3.12/site-packages/airflow/example_dags/tutorial_dag.py took 0.176 seconds
[2026-06-28T18:20:43.011+0000] {processor.py:161} INFO - Started process (PID=309) to work on /home/airflow/.local/lib/python3.12/site-packages/airflow/example_dags/tutorial_dag.py
[2026-06-28T18:20:43.012+0000] {processor.py:830} INFO - Processing file /home/airflow/.local/lib/python3.12/site-packages/airflow/example_dags/tutorial_dag.py for tasks to queue
[2026-06-28T18:20:43.014+0000] {logging_mixin.py:188} INFO - [2026-06-28T18:20:43.014+0000] {dagbag.py:545} INFO - Filling up the DagBag from /home/airflow/.local/lib/python3.12/site-packages/airflow/example_dags/tutorial_dag.py
[2026-06-28T18:20:43.020+0000] {processor.py:840} INFO - DAG(s) 'tutorial_dag' retrieved from /home/airflow/.local/lib/python3.12/site-packages/airflow/example_dags/tutorial_dag.py
[2026-06-28T18:20:43.040+0000] {logging_mixin.py:188} INFO - [2026-06-28T18:20:43.040+0000] {dag.py:3096} INFO - Sync 1 DAGs
[2026-06-28T18:20:43.052+0000] {logging_mixin.py:188} INFO - [2026-06-28T18:20:43.052+0000] {dag.py:3954} INFO - Setting next_dagrun for tutorial_dag to None, run_after=None
[2026-06-28T18:20:43.079+0000] {processor.py:183} INFO - Processing /home/airflow/.local/lib/python3.12/site-packages/airflow/example_dags/tutorial_dag.py took 0.075 seconds
[2026-06-28T18:21:13.671+0000] {processor.py:161} INFO - Started process (PID=368) to work on /home/airflow/.local/lib/python3.12/site-packages/airflow/example_dags/tutorial_dag.py
[2026-06-28T18:21:13.671+0000] {processor.py:830} INFO - Processing file /home/airflow/.local/lib/python3.12/site-packages/airflow/example_dags/tutorial_dag.py for tasks to queue
[2026-06-28T18:21:13.673+0000] {logging_mixin.py:188} INFO - [2026-06-28T18:21:13.673+0000] {dagbag.py:545} INFO - Filling up the DagBag from /home/airflow/.local/lib/python3.12/site-packages/airflow/example_dags/tutorial_dag.py
[2026-06-28T18:21:13.679+0000] {processor.py:840} INFO - DAG(s) 'tutorial_dag' retrieved from /home/airflow/.local/lib/python3.12/site-packages/airflow/example_dags/tutorial_dag.py
[2026-06-28T18:21:13.696+0000] {logging_mixin.py:188} INFO - [2026-06-28T18:21:13.696+0000] {dag.py:3096} INFO - Sync 1 DAGs
[2026-06-28T18:21:13.707+0000] {logging_mixin.py:188} INFO - [2026-06-28T18:21:13.707+0000] {dag.py:3954} INFO - Setting next_dagrun for tutorial_dag to None, run_after=None
[2026-06-28T18:21:13.725+0000] {processor.py:183} INFO - Processing /home/airflow/.local/lib/python3.12/site-packages/airflow/example_dags/tutorial_dag.py took 0.060 seconds
[2026-06-28T18:21:44.767+0000] {processor.py:161} INFO - Started process (PID=433) to work on /home/airflow/.local/lib/python3.12/site-packages/airflow/example_dags/tutorial_dag.py
[2026-06-28T18:21:44.770+0000] {processor.py:830} INFO - Processing file /home/airflow/.local/lib/python3.12/site-packages/airflow/example_dags/tutorial_dag.py for tasks to queue
[2026-06-28T18:21:44.772+0000] {logging_mixin.py:188} INFO - [2026-06-28T18:21:44.772+0000] {dagbag.py:545} INFO - Filling up the DagBag from /home/airflow/.local/lib/python3.12/site-packages/airflow/example_dags/tutorial_dag.py
[2026-06-28T18:21:44.777+0000] {processor.py:840} INFO - DAG(s) 'tutorial_dag' retrieved from /home/airflow/.local/lib/python3.12/site-packages/airflow/example_dags/tutorial_dag.py
[2026-06-28T18:21:44.795+0000] {logging_mixin.py:188} INFO - [2026-06-28T18:21:44.794+0000] {dag.py:3096} INFO - Sync 1 DAGs
[2026-06-28T18:21:44.806+0000] {logging_mixin.py:188} INFO - [2026-06-28T18:21:44.806+0000] {dag.py:3954} INFO - Setting next_dagrun for tutorial_dag to None, run_after=None
[2026-06-28T18:21:44.838+0000] {processor.py:183} INFO - Processing /home/airflow/.local/lib/python3.12/site-packages/airflow/example_dags/tutorial_dag.py took 0.079 seconds
[2026-06-28T18:22:15.448+0000] {processor.py:161} INFO - Started process (PID=492) to work on /home/airflow/.local/lib/python3.12/site-packages/airflow/example_dags/tutorial_dag.py
[2026-06-28T18:22:15.449+0000] {processor.py:830} INFO - Processing file /home/airflow/.local/lib/python3.12/site-packages/airflow/example_dags/tutorial_dag.py for tasks to queue
[2026-06-28T18:22:15.451+0000] {logging_mixin.py:188} INFO - [2026-06-28T18:22:15.451+0000] {dagbag.py:545} INFO - Filling up the DagBag from /home/airflow/.local/lib/python3.12/site-packages/airflow/example_dags/tutorial_dag.py
[2026-06-28T18:22:15.458+0000] {processor.py:840} INFO - DAG(s) 'tutorial_dag' retrieved from /home/airflow/.local/lib/python3.12/site-packages/airflow/example_dags/tutorial_dag.py
[2026-06-28T18:22:15.482+0000] {logging_mixin.py:188} INFO - [2026-06-28T18:22:15.482+0000] {dag.py:3096} INFO - Sync 1 DAGs
[2026-06-28T18:22:15.498+0000] {logging_mixin.py:188} INFO - [2026-06-28T18:22:15.498+0000] {dag.py:3954} INFO - Setting next_dagrun for tutorial_dag to None, run_after=None
[2026-06-28T18:22:15.523+0000] {processor.py:183} INFO - Processing /home/airflow/.local/lib/python3.12/site-packages/airflow/example_dags/tutorial_dag.py took 0.092 seconds
[2026-06-28T18:22:46.809+0000] {processor.py:161} INFO - Started process (PID=551) to work on /home/airflow/.local/lib/python3.12/site-packages/airflow/example_dags/tutorial_dag.py
[2026-06-28T18:22:46.811+0000] {processor.py:830} INFO - Processing file /home/airflow/.local/lib/python3.12/site-packages/airflow/example_dags/tutorial_dag.py for tasks to queue
[2026-06-28T18:22:46.817+0000] {logging_mixin.py:188} INFO - [2026-06-28T18:22:46.817+0000] {dagbag.py:545} INFO - Filling up the DagBag from /home/airflow/.local/lib/python3.12/site-packages/airflow/example_dags/tutorial_dag.py
[2026-06-28T18:22:46.830+0000] {processor.py:840} INFO - DAG(s) 'tutorial_dag' retrieved from /home/airflow/.local/lib/python3.12/site-packages/airflow/example_dags/tutorial_dag.py
[2026-06-28T18:22:46.903+0000] {logging_mixin.py:188} INFO - [2026-06-28T18:22:46.903+0000] {dag.py:3096} INFO - Sync 1 DAGs
[2026-06-28T18:22:46.950+0000] {logging_mixin.py:188} INFO - [2026-06-28T18:22:46.949+0000] {dag.py:3954} INFO - Setting next_dagrun for tutorial_dag to None, run_after=None
[2026-06-28T18:22:47.058+0000] {processor.py:183} INFO - Processing /home/airflow/.local/lib/python3.12/site-packages/airflow/example_dags/tutorial_dag.py took 0.294 seconds
[2026-06-28T18:23:17.381+0000] {processor.py:161} INFO - Started process (PID=610) to work on /home/airflow/.local/lib/python3.12/site-packages/airflow/example_dags/tutorial_dag.py
[2026-06-28T18:23:17.382+0000] {processor.py:830} INFO - Processing file /home/airflow/.local/lib/python3.12/site-packages/airflow/example_dags/tutorial_dag.py for tasks to queue
[2026-06-28T18:23:17.384+0000] {logging_mixin.py:188} INFO - [2026-06-28T18:23:17.384+0000] {dagbag.py:545} INFO - Filling up the DagBag from /home/airflow/.local/lib/python3.12/site-packages/airflow/example_dags/tutorial_dag.py
[2026-06-28T18:23:17.391+0000] {processor.py:840} INFO - DAG(s) 'tutorial_dag' retrieved from /home/airflow/.local/lib/python3.12/site-packages/airflow/example_dags/tutorial_dag.py
[2026-06-28T18:23:17.422+0000] {logging_mixin.py:188} INFO - [2026-06-28T18:23:17.422+0000] {dag.py:3096} INFO - Sync 1 DAGs
[2026-06-28T18:23:17.444+0000] {logging_mixin.py:188} INFO - [2026-06-28T18:23:17.443+0000] {dag.py:3954} INFO - Setting next_dagrun for tutorial_dag to None, run_after=None
[2026-06-28T18:23:17.466+0000] {processor.py:183} INFO - Processing /home/airflow/.local/lib/python3.12/site-packages/airflow/example_dags/tutorial_dag.py took 0.093 seconds
[2026-06-28T18:23:47.741+0000] {processor.py:161} INFO - Started process (PID=669) to work on /home/airflow/.local/lib/python3.12/site-packages/airflow/example_dags/tutorial_dag.py
[2026-06-28T18:23:47.745+0000] {processor.py:830} INFO - Processing file /home/airflow/.local/lib/python3.12/site-packages/airflow/example_dags/tutorial_dag.py for tasks to queue
[2026-06-28T18:23:47.749+0000] {logging_mixin.py:188} INFO - [2026-06-28T18:23:47.747+0000] {dagbag.py:545} INFO - Filling up the DagBag from /home/airflow/.local/lib/python3.12/site-packages/airflow/example_dags/tutorial_dag.py
[2026-06-28T18:23:47.764+0000] {processor.py:840} INFO - DAG(s) 'tutorial_dag' retrieved from /home/airflow/.local/lib/python3.12/site-packages/airflow/example_dags/tutorial_dag.py
[2026-06-28T18:23:47.787+0000] {logging_mixin.py:188} INFO - [2026-06-28T18:23:47.787+0000] {dag.py:3096} INFO - Sync 1 DAGs
[2026-06-28T18:23:47.804+0000] {logging_mixin.py:188} INFO - [2026-06-28T18:23:47.804+0000] {dag.py:3954} INFO - Setting next_dagrun for tutorial_dag to None, run_after=None
[2026-06-28T18:23:47.825+0000] {processor.py:183} INFO - Processing /home/airflow/.local/lib/python3.12/site-packages/airflow/example_dags/tutorial_dag.py took 0.098 seconds
[2026-06-28T18:24:18.670+0000] {processor.py:161} INFO - Started process (PID=727) to work on /home/airflow/.local/lib/python3.12/site-packages/airflow/example_dags/tutorial_dag.py
[2026-06-28T18:24:18.670+0000] {processor.py:830} INFO - Processing file /home/airflow/.local/lib/python3.12/site-packages/airflow/example_dags/tutorial_dag.py for tasks to queue
[2026-06-28T18:24:18.672+0000] {logging_mixin.py:188} INFO - [2026-06-28T18:24:18.672+0000] {dagbag.py:545} INFO - Filling up the DagBag from /home/airflow/.local/lib/python3.12/site-packages/airflow/example_dags/tutorial_dag.py
[2026-06-28T18:24:18.679+0000] {processor.py:840} INFO - DAG(s) 'tutorial_dag' retrieved from /home/airflow/.local/lib/python3.12/site-packages/airflow/example_dags/tutorial_dag.py
[2026-06-28T18:24:18.711+0000] {logging_mixin.py:188} INFO - [2026-06-28T18:24:18.711+0000] {dag.py:3096} INFO - Sync 1 DAGs
[2026-06-28T18:24:18.729+0000] {logging_mixin.py:188} INFO - [2026-06-28T18:24:18.729+0000] {dag.py:3954} INFO - Setting next_dagrun for tutorial_dag to None, run_after=None
[2026-06-28T18:24:18.757+0000] {processor.py:183} INFO - Processing /home/airflow/.local/lib/python3.12/site-packages/airflow/example_dags/tutorial_dag.py took 0.094 seconds
[2026-06-28T18:24:49.752+0000] {processor.py:161} INFO - Started process (PID=786) to work on /home/airflow/.local/lib/python3.12/site-packages/airflow/example_dags/tutorial_dag.py
[2026-06-28T18:24:49.754+0000] {processor.py:830} INFO - Processing file /home/airflow/.local/lib/python3.12/site-packages/airflow/example_dags/tutorial_dag.py for tasks to queue
[2026-06-28T18:24:49.758+0000] {logging_mixin.py:188} INFO - [2026-06-28T18:24:49.758+0000] {dagbag.py:545} INFO - Filling up the DagBag from /home/airflow/.local/lib/python3.12/site-packages/airflow/example_dags/tutorial_dag.py
[2026-06-28T18:24:49.778+0000] {processor.py:840} INFO - DAG(s) 'tutorial_dag' retrieved from /home/airflow/.local/lib/python3.12/site-packages/airflow/example_dags/tutorial_dag.py
[2026-06-28T18:24:49.812+0000] {logging_mixin.py:188} INFO - [2026-06-28T18:24:49.811+0000] {dag.py:3096} INFO - Sync 1 DAGs
[2026-06-28T18:24:49.829+0000] {logging_mixin.py:188} INFO - [2026-06-28T18:24:49.829+0000] {dag.py:3954} INFO - Setting next_dagrun for tutorial_dag to None, run_after=None
[2026-06-28T18:24:49.852+0000] {processor.py:183} INFO - Processing /home/airflow/.local/lib/python3.12/site-packages/airflow/example_dags/tutorial_dag.py took 0.114 seconds
[2026-06-28T18:25:20.503+0000] {processor.py:161} INFO - Started process (PID=845) to work on /home/airflow/.local/lib/python3.12/site-packages/airflow/example_dags/tutorial_dag.py
[2026-06-28T18:25:20.505+0000] {processor.py:830} INFO - Processing file /home/airflow/.local/lib/python3.12/site-packages/airflow/example_dags/tutorial_dag.py for tasks to queue
[2026-06-28T18:25:20.509+0000] {logging_mixin.py:188} INFO - [2026-06-28T18:25:20.507+0000] {dagbag.py:545} INFO - Filling up the DagBag from /home/airflow/.local/lib/python3.12/site-packages/airflow/example_dags/tutorial_dag.py
[2026-06-28T18:25:20.518+0000] {processor.py:840} INFO - DAG(s) 'tutorial_dag' retrieved from /home/airflow/.local/lib/python3.12/site-packages/airflow/example_dags/tutorial_dag.py
[2026-06-28T18:25:20.546+0000] {logging_mixin.py:188} INFO - [2026-06-28T18:25:20.545+0000] {dag.py:3096} INFO - Sync 1 DAGs
[2026-06-28T18:25:20.563+0000] {logging_mixin.py:188} INFO - [2026-06-28T18:25:20.563+0000] {dag.py:3954} INFO - Setting next_dagrun for tutorial_dag to None, run_after=None
[2026-06-28T18:25:20.589+0000] {processor.py:183} INFO - Processing /home/airflow/.local/lib/python3.12/site-packages/airflow/example_dags/tutorial_dag.py took 0.101 seconds
[2026-06-28T18:25:51.305+0000] {processor.py:161} INFO - Started process (PID=904) to work on /home/airflow/.local/lib/python3.12/site-packages/airflow/example_dags/tutorial_dag.py
[2026-06-28T18:25:51.309+0000] {processor.py:830} INFO - Processing file /home/airflow/.local/lib/python3.12/site-packages/airflow/example_dags/tutorial_dag.py for tasks to queue
[2026-06-28T18:25:51.314+0000] {logging_mixin.py:188} INFO - [2026-06-28T18:25:51.311+0000] {dagbag.py:545} INFO - Filling up the DagBag from /home/airflow/.local/lib/python3.12/site-packages/airflow/example_dags/tutorial_dag.py
[2026-06-28T18:25:51.321+0000] {processor.py:840} INFO - DAG(s) 'tutorial_dag' retrieved from /home/airflow/.local/lib/python3.12/site-packages/airflow/example_dags/tutorial_dag.py
[2026-06-28T18:25:51.346+0000] {logging_mixin.py:188} INFO - [2026-06-28T18:25:51.346+0000] {dag.py:3096} INFO - Sync 1 DAGs
[2026-06-28T18:25:51.371+0000] {logging_mixin.py:188} INFO - [2026-06-28T18:25:51.370+0000] {dag.py:3954} INFO - Setting next_dagrun for tutorial_dag to None, run_after=None
[2026-06-28T18:25:51.394+0000] {processor.py:183} INFO - Processing /home/airflow/.local/lib/python3.12/site-packages/airflow/example_dags/tutorial_dag.py took 0.102 seconds
[2026-06-28T18:26:22.384+0000] {processor.py:161} INFO - Started process (PID=963) to work on /home/airflow/.local/lib/python3.12/site-packages/airflow/example_dags/tutorial_dag.py
[2026-06-28T18:26:22.389+0000] {processor.py:830} INFO - Processing file /home/airflow/.local/lib/python3.12/site-packages/airflow/example_dags/tutorial_dag.py for tasks to queue
[2026-06-28T18:26:22.393+0000] {logging_mixin.py:188} INFO - [2026-06-28T18:26:22.391+0000] {dagbag.py:545} INFO - Filling up the DagBag from /home/airflow/.local/lib/python3.12/site-packages/airflow/example_dags/tutorial_dag.py
[2026-06-28T18:26:22.406+0000] {processor.py:840} INFO - DAG(s) 'tutorial_dag' retrieved from /home/airflow/.local/lib/python3.12/site-packages/airflow/example_dags/tutorial_dag.py
[2026-06-28T18:26:22.469+0000] {logging_mixin.py:188} INFO - [2026-06-28T18:26:22.468+0000] {dag.py:3096} INFO - Sync 1 DAGs
[2026-06-28T18:26:22.507+0000] {logging_mixin.py:188} INFO - [2026-06-28T18:26:22.507+0000] {dag.py:3954} INFO - Setting next_dagrun for tutorial_dag to None, run_after=None
[2026-06-28T18:26:22.553+0000] {processor.py:183} INFO - Processing /home/airflow/.local/lib/python3.12/site-packages/airflow/example_dags/tutorial_dag.py took 0.199 seconds
[2026-06-28T18:26:53.415+0000] {processor.py:161} INFO - Started process (PID=1022) to work on /home/airflow/.local/lib/python3.12/site-packages/airflow/example_dags/tutorial_dag.py
[2026-06-28T18:26:53.422+0000] {processor.py:830} INFO - Processing file /home/airflow/.local/lib/python3.12/site-packages/airflow/example_dags/tutorial_dag.py for tasks to queue
[2026-06-28T18:26:53.428+0000] {logging_mixin.py:188} INFO - [2026-06-28T18:26:53.427+0000] {dagbag.py:545} INFO - Filling up the DagBag from /home/airflow/.local/lib/python3.12/site-packages/airflow/example_dags/tutorial_dag.py
[2026-06-28T18:26:53.446+0000] {processor.py:840} INFO - DAG(s) 'tutorial_dag' retrieved from /home/airflow/.local/lib/python3.12/site-packages/airflow/example_dags/tutorial_dag.py
[2026-06-28T18:26:53.503+0000] {logging_mixin.py:188} INFO - [2026-06-28T18:26:53.502+0000] {dag.py:3096} INFO - Sync 1 DAGs
[2026-06-28T18:26:53.551+0000] {logging_mixin.py:188} INFO - [2026-06-28T18:26:53.551+0000] {dag.py:3954} INFO - Setting next_dagrun for tutorial_dag to None, run_after=None
[2026-06-28T18:26:53.603+0000] {processor.py:183} INFO - Processing /home/airflow/.local/lib/python3.12/site-packages/airflow/example_dags/tutorial_dag.py took 0.210 seconds
[2026-06-28T18:27:23.867+0000] {processor.py:161} INFO - Started process (PID=1080) to work on /home/airflow/.local/lib/python3.12/site-packages/airflow/example_dags/tutorial_dag.py
[2026-06-28T18:27:23.867+0000] {processor.py:830} INFO - Processing file /home/airflow/.local/lib/python3.12/site-packages/airflow/example_dags/tutorial_dag.py for tasks to queue
[2026-06-28T18:27:23.869+0000] {logging_mixin.py:188} INFO - [2026-06-28T18:27:23.869+0000] {dagbag.py:545} INFO - Filling up the DagBag from /home/airflow/.local/lib/python3.12/site-packages/airflow/example_dags/tutorial_dag.py
[2026-06-28T18:27:23.874+0000] {processor.py:840} INFO - DAG(s) 'tutorial_dag' retrieved from /home/airflow/.local/lib/python3.12/site-packages/airflow/example_dags/tutorial_dag.py
[2026-06-28T18:27:23.891+0000] {logging_mixin.py:188} INFO - [2026-06-28T18:27:23.890+0000] {dag.py:3096} INFO - Sync 1 DAGs
[2026-06-28T18:27:23.901+0000] {logging_mixin.py:188} INFO - [2026-06-28T18:27:23.901+0000] {dag.py:3954} INFO - Setting next_dagrun for tutorial_dag to None, run_after=None
[2026-06-28T18:27:23.918+0000] {processor.py:183} INFO - Processing /home/airflow/.local/lib/python3.12/site-packages/airflow/example_dags/tutorial_dag.py took 0.056 seconds
[2026-06-28T18:27:54.258+0000] {processor.py:161} INFO - Started process (PID=1138) to work on /home/airflow/.local/lib/python3.12/site-packages/airflow/example_dags/tutorial_dag.py
[2026-06-28T18:27:54.258+0000] {processor.py:830} INFO - Processing file /home/airflow/.local/lib/python3.12/site-packages/airflow/example_dags/tutorial_dag.py for tasks to queue
[2026-06-28T18:27:54.260+0000] {logging_mixin.py:188} INFO - [2026-06-28T18:27:54.260+0000] {dagbag.py:545} INFO - Filling up the DagBag from /home/airflow/.local/lib/python3.12/site-packages/airflow/example_dags/tutorial_dag.py
[2026-06-28T18:27:54.264+0000] {processor.py:840} INFO - DAG(s) 'tutorial_dag' retrieved from /home/airflow/.local/lib/python3.12/site-packages/airflow/example_dags/tutorial_dag.py
[2026-06-28T18:27:54.281+0000] {logging_mixin.py:188} INFO - [2026-06-28T18:27:54.281+0000] {dag.py:3096} INFO - Sync 1 DAGs
[2026-06-28T18:27:54.292+0000] {logging_mixin.py:188} INFO - [2026-06-28T18:27:54.292+0000] {dag.py:3954} INFO - Setting next_dagrun for tutorial_dag to None, run_after=None
[2026-06-28T18:27:54.308+0000] {processor.py:183} INFO - Processing /home/airflow/.local/lib/python3.12/site-packages/airflow/example_dags/tutorial_dag.py took 0.057 seconds
[2026-06-28T18:28:24.625+0000] {processor.py:161} INFO - Started process (PID=1197) to work on /home/airflow/.local/lib/python3.12/site-packages/airflow/example_dags/tutorial_dag.py
[2026-06-28T18:28:24.628+0000] {processor.py:830} INFO - Processing file /home/airflow/.local/lib/python3.12/site-packages/airflow/example_dags/tutorial_dag.py for tasks to queue
[2026-06-28T18:28:24.635+0000] {logging_mixin.py:188} INFO - [2026-06-28T18:28:24.634+0000] {dagbag.py:545} INFO - Filling up the DagBag from /home/airflow/.local/lib/python3.12/site-packages/airflow/example_dags/tutorial_dag.py
[2026-06-28T18:28:24.646+0000] {processor.py:840} INFO - DAG(s) 'tutorial_dag' retrieved from /home/airflow/.local/lib/python3.12/site-packages/airflow/example_dags/tutorial_dag.py
[2026-06-28T18:28:24.677+0000] {logging_mixin.py:188} INFO - [2026-06-28T18:28:24.677+0000] {dag.py:3096} INFO - Sync 1 DAGs
[2026-06-28T18:28:24.704+0000] {logging_mixin.py:188} INFO - [2026-06-28T18:28:24.704+0000] {dag.py:3954} INFO - Setting next_dagrun for tutorial_dag to None, run_after=None
[2026-06-28T18:28:24.755+0000] {processor.py:183} INFO - Processing /home/airflow/.local/lib/python3.12/site-packages/airflow/example_dags/tutorial_dag.py took 0.141 seconds
[2026-06-28T18:28:55.469+0000] {processor.py:161} INFO - Started process (PID=1256) to work on /home/airflow/.local/lib/python3.12/site-packages/airflow/example_dags/tutorial_dag.py
[2026-06-28T18:28:55.470+0000] {processor.py:830} INFO - Processing file /home/airflow/.local/lib/python3.12/site-packages/airflow/example_dags/tutorial_dag.py for tasks to queue
[2026-06-28T18:28:55.472+0000] {logging_mixin.py:188} INFO - [2026-06-28T18:28:55.471+0000] {dagbag.py:545} INFO - Filling up the DagBag from /home/airflow/.local/lib/python3.12/site-packages/airflow/example_dags/tutorial_dag.py
[2026-06-28T18:28:55.476+0000] {processor.py:840} INFO - DAG(s) 'tutorial_dag' retrieved from /home/airflow/.local/lib/python3.12/site-packages/airflow/example_dags/tutorial_dag.py
[2026-06-28T18:28:55.494+0000] {logging_mixin.py:188} INFO - [2026-06-28T18:28:55.494+0000] {dag.py:3096} INFO - Sync 1 DAGs
[2026-06-28T18:28:55.506+0000] {logging_mixin.py:188} INFO - [2026-06-28T18:28:55.506+0000] {dag.py:3954} INFO - Setting next_dagrun for tutorial_dag to None, run_after=None
[2026-06-28T18:28:55.528+0000] {processor.py:183} INFO - Processing /home/airflow/.local/lib/python3.12/site-packages/airflow/example_dags/tutorial_dag.py took 0.064 seconds
[2026-06-28T18:29:26.052+0000] {processor.py:161} INFO - Started process (PID=1314) to work on /home/airflow/.local/lib/python3.12/site-packages/airflow/example_dags/tutorial_dag.py
[2026-06-28T18:29:26.053+0000] {processor.py:830} INFO - Processing file /home/airflow/.local/lib/python3.12/site-packages/airflow/example_dags/tutorial_dag.py for tasks to queue
[2026-06-28T18:29:26.055+0000] {logging_mixin.py:188} INFO - [2026-06-28T18:29:26.055+0000] {dagbag.py:545} INFO - Filling up the DagBag from /home/airflow/.local/lib/python3.12/site-packages/airflow/example_dags/tutorial_dag.py
[2026-06-28T18:29:26.061+0000] {processor.py:840} INFO - DAG(s) 'tutorial_dag' retrieved from /home/airflow/.local/lib/python3.12/site-packages/airflow/example_dags/tutorial_dag.py
[2026-06-28T18:29:26.081+0000] {logging_mixin.py:188} INFO - [2026-06-28T18:29:26.080+0000] {dag.py:3096} INFO - Sync 1 DAGs
[2026-06-28T18:29:26.094+0000] {logging_mixin.py:188} INFO - [2026-06-28T18:29:26.093+0000] {dag.py:3954} INFO - Setting next_dagrun for tutorial_dag to None, run_after=None
[2026-06-28T18:29:26.109+0000] {processor.py:183} INFO - Processing /home/airflow/.local/lib/python3.12/site-packages/airflow/example_dags/tutorial_dag.py took 0.064 seconds
[2026-06-28T18:29:57.022+0000] {processor.py:161} INFO - Started process (PID=1373) to work on /home/airflow/.local/lib/python3.12/site-packages/airflow/example_dags/tutorial_dag.py
[2026-06-28T18:29:57.023+0000] {processor.py:830} INFO - Processing file /home/airflow/.local/lib/python3.12/site-packages/airflow/example_dags/tutorial_dag.py for tasks to queue
[2026-06-28T18:29:57.025+0000] {logging_mixin.py:188} INFO - [2026-06-28T18:29:57.024+0000] {dagbag.py:545} INFO - Filling up the DagBag from /home/airflow/.local/lib/python3.12/site-packages/airflow/example_dags/tutorial_dag.py
[2026-06-28T18:29:57.029+0000] {processor.py:840} INFO - DAG(s) 'tutorial_dag' retrieved from /home/airflow/.local/lib/python3.12/site-packages/airflow/example_dags/tutorial_dag.py
[2026-06-28T18:29:57.046+0000] {logging_mixin.py:188} INFO - [2026-06-28T18:29:57.046+0000] {dag.py:3096} INFO - Sync 1 DAGs
[2026-06-28T18:29:57.057+0000] {logging_mixin.py:188} INFO - [2026-06-28T18:29:57.057+0000] {dag.py:3954} INFO - Setting next_dagrun for tutorial_dag to None, run_after=None
[2026-06-28T18:29:57.074+0000] {processor.py:183} INFO - Processing /home/airflow/.local/lib/python3.12/site-packages/airflow/example_dags/tutorial_dag.py took 0.056 seconds
[2026-06-28T18:30:27.199+0000] {processor.py:161} INFO - Started process (PID=1432) to work on /home/airflow/.local/lib/python3.12/site-packages/airflow/example_dags/tutorial_dag.py
[2026-06-28T18:30:27.200+0000] {processor.py:830} INFO - Processing file /home/airflow/.local/lib/python3.12/site-packages/airflow/example_dags/tutorial_dag.py for tasks to queue
[2026-06-28T18:30:27.201+0000] {logging_mixin.py:188} INFO - [2026-06-28T18:30:27.201+0000] {dagbag.py:545} INFO - Filling up the DagBag from /home/airflow/.local/lib/python3.12/site-packages/airflow/example_dags/tutorial_dag.py
[2026-06-28T18:30:27.206+0000] {processor.py:840} INFO - DAG(s) 'tutorial_dag' retrieved from /home/airflow/.local/lib/python3.12/site-packages/airflow/example_dags/tutorial_dag.py
[2026-06-28T18:30:27.224+0000] {logging_mixin.py:188} INFO - [2026-06-28T18:30:27.223+0000] {dag.py:3096} INFO - Sync 1 DAGs
[2026-06-28T18:30:27.235+0000] {logging_mixin.py:188} INFO - [2026-06-28T18:30:27.235+0000] {dag.py:3954} INFO - Setting next_dagrun for tutorial_dag to None, run_after=None
[2026-06-28T18:30:27.251+0000] {processor.py:183} INFO - Processing /home/airflow/.local/lib/python3.12/site-packages/airflow/example_dags/tutorial_dag.py took 0.058 seconds
[2026-06-28T18:30:57.359+0000] {processor.py:161} INFO - Started process (PID=1491) to work on /home/airflow/.local/lib/python3.12/site-packages/airflow/example_dags/tutorial_dag.py
[2026-06-28T18:30:57.360+0000] {processor.py:830} INFO - Processing file /home/airflow/.local/lib/python3.12/site-packages/airflow/example_dags/tutorial_dag.py for tasks to queue
[2026-06-28T18:30:57.361+0000] {logging_mixin.py:188} INFO - [2026-06-28T18:30:57.361+0000] {dagbag.py:545} INFO - Filling up the DagBag from /home/airflow/.local/lib/python3.12/site-packages/airflow/example_dags/tutorial_dag.py
[2026-06-28T18:30:57.366+0000] {processor.py:840} INFO - DAG(s) 'tutorial_dag' retrieved from /home/airflow/.local/lib/python3.12/site-packages/airflow/example_dags/tutorial_dag.py
[2026-06-28T18:30:57.384+0000] {logging_mixin.py:188} INFO - [2026-06-28T18:30:57.384+0000] {dag.py:3096} INFO - Sync 1 DAGs
[2026-06-28T18:30:57.398+0000] {logging_mixin.py:188} INFO - [2026-06-28T18:30:57.397+0000] {dag.py:3954} INFO - Setting next_dagrun for tutorial_dag to None, run_after=None
[2026-06-28T18:30:57.414+0000] {processor.py:183} INFO - Processing /home/airflow/.local/lib/python3.12/site-packages/airflow/example_dags/tutorial_dag.py took 0.060 seconds
[2026-06-28T18:31:28.204+0000] {processor.py:161} INFO - Started process (PID=1550) to work on /home/airflow/.local/lib/python3.12/site-packages/airflow/example_dags/tutorial_dag.py
[2026-06-28T18:31:28.205+0000] {processor.py:830} INFO - Processing file /home/airflow/.local/lib/python3.12/site-packages/airflow/example_dags/tutorial_dag.py for tasks to queue
[2026-06-28T18:31:28.206+0000] {logging_mixin.py:188} INFO - [2026-06-28T18:31:28.206+0000] {dagbag.py:545} INFO - Filling up the DagBag from /home/airflow/.local/lib/python3.12/site-packages/airflow/example_dags/tutorial_dag.py
[2026-06-28T18:31:28.212+0000] {processor.py:840} INFO - DAG(s) 'tutorial_dag' retrieved from /home/airflow/.local/lib/python3.12/site-packages/airflow/example_dags/tutorial_dag.py
[2026-06-28T18:31:28.231+0000] {logging_mixin.py:188} INFO - [2026-06-28T18:31:28.231+0000] {dag.py:3096} INFO - Sync 1 DAGs
[2026-06-28T18:31:28.242+0000] {logging_mixin.py:188} INFO - [2026-06-28T18:31:28.242+0000] {dag.py:3954} INFO - Setting next_dagrun for tutorial_dag to None, run_after=None
[2026-06-28T18:31:28.260+0000] {processor.py:183} INFO - Processing /home/airflow/.local/lib/python3.12/site-packages/airflow/example_dags/tutorial_dag.py took 0.061 seconds
[2026-06-28T18:31:58.772+0000] {processor.py:161} INFO - Started process (PID=1608) to work on /home/airflow/.local/lib/python3.12/site-packages/airflow/example_dags/tutorial_dag.py
[2026-06-28T18:31:58.773+0000] {processor.py:830} INFO - Processing file /home/airflow/.local/lib/python3.12/site-packages/airflow/example_dags/tutorial_dag.py for tasks to queue
[2026-06-28T18:31:58.775+0000] {logging_mixin.py:188} INFO - [2026-06-28T18:31:58.775+0000] {dagbag.py:545} INFO - Filling up the DagBag from /home/airflow/.local/lib/python3.12/site-packages/airflow/example_dags/tutorial_dag.py
[2026-06-28T18:31:58.789+0000] {processor.py:840} INFO - DAG(s) 'tutorial_dag' retrieved from /home/airflow/.local/lib/python3.12/site-packages/airflow/example_dags/tutorial_dag.py
[2026-06-28T18:31:58.821+0000] {logging_mixin.py:188} INFO - [2026-06-28T18:31:58.821+0000] {dag.py:3096} INFO - Sync 1 DAGs
[2026-06-28T18:31:58.839+0000] {logging_mixin.py:188} INFO - [2026-06-28T18:31:58.839+0000] {dag.py:3954} INFO - Setting next_dagrun for tutorial_dag to None, run_after=None
[2026-06-28T18:31:58.861+0000] {processor.py:183} INFO - Processing /home/airflow/.local/lib/python3.12/site-packages/airflow/example_dags/tutorial_dag.py took 0.103 seconds
[2026-06-28T18:32:28.904+0000] {processor.py:161} INFO - Started process (PID=1667) to work on /home/airflow/.local/lib/python3.12/site-packages/airflow/example_dags/tutorial_dag.py
[2026-06-28T18:32:28.906+0000] {processor.py:830} INFO - Processing file /home/airflow/.local/lib/python3.12/site-packages/airflow/example_dags/tutorial_dag.py for tasks to queue
[2026-06-28T18:32:28.916+0000] {logging_mixin.py:188} INFO - [2026-06-28T18:32:28.912+0000] {dagbag.py:545} INFO - Filling up the DagBag from /home/airflow/.local/lib/python3.12/site-packages/airflow/example_dags/tutorial_dag.py
[2026-06-28T18:32:28.923+0000] {processor.py:840} INFO - DAG(s) 'tutorial_dag' retrieved from /home/airflow/.local/lib/python3.12/site-packages/airflow/example_dags/tutorial_dag.py
[2026-06-28T18:32:28.949+0000] {logging_mixin.py:188} INFO - [2026-06-28T18:32:28.948+0000] {dag.py:3096} INFO - Sync 1 DAGs
[2026-06-28T18:32:28.968+0000] {logging_mixin.py:188} INFO - [2026-06-28T18:32:28.968+0000] {dag.py:3954} INFO - Setting next_dagrun for tutorial_dag to None, run_after=None
[2026-06-28T18:32:28.997+0000] {processor.py:183} INFO - Processing /home/airflow/.local/lib/python3.12/site-packages/airflow/example_dags/tutorial_dag.py took 0.102 seconds
[2026-06-28T18:32:59.706+0000] {processor.py:161} INFO - Started process (PID=1726) to work on /home/airflow/.local/lib/python3.12/site-packages/airflow/example_dags/tutorial_dag.py
[2026-06-28T18:32:59.713+0000] {processor.py:830} INFO - Processing file /home/airflow/.local/lib/python3.12/site-packages/airflow/example_dags/tutorial_dag.py for tasks to queue
[2026-06-28T18:32:59.718+0000] {logging_mixin.py:188} INFO - [2026-06-28T18:32:59.718+0000] {dagbag.py:545} INFO - Filling up the DagBag from /home/airflow/.local/lib/python3.12/site-packages/airflow/example_dags/tutorial_dag.py
[2026-06-28T18:32:59.757+0000] {processor.py:840} INFO - DAG(s) 'tutorial_dag' retrieved from /home/airflow/.local/lib/python3.12/site-packages/airflow/example_dags/tutorial_dag.py
[2026-06-28T18:32:59.840+0000] {logging_mixin.py:188} INFO - [2026-06-28T18:32:59.838+0000] {dag.py:3096} INFO - Sync 1 DAGs
[2026-06-28T18:33:00.332+0000] {logging_mixin.py:188} INFO - [2026-06-28T18:33:00.332+0000] {dag.py:3954} INFO - Setting next_dagrun for tutorial_dag to None, run_after=None
[2026-06-28T18:33:00.346+0000] {processor.py:183} INFO - Processing /home/airflow/.local/lib/python3.12/site-packages/airflow/example_dags/tutorial_dag.py took 0.678 seconds
[2026-06-28T18:33:30.989+0000] {processor.py:161} INFO - Started process (PID=1785) to work on /home/airflow/.local/lib/python3.12/site-packages/airflow/example_dags/tutorial_dag.py
[2026-06-28T18:33:30.989+0000] {processor.py:830} INFO - Processing file /home/airflow/.local/lib/python3.12/site-packages/airflow/example_dags/tutorial_dag.py for tasks to queue
[2026-06-28T18:33:30.995+0000] {logging_mixin.py:188} INFO - [2026-06-28T18:33:30.995+0000] {dagbag.py:545} INFO - Filling up the DagBag from /home/airflow/.local/lib/python3.12/site-packages/airflow/example_dags/tutorial_dag.py
[2026-06-28T18:33:31.018+0000] {processor.py:840} INFO - DAG(s) 'tutorial_dag' retrieved from /home/airflow/.local/lib/python3.12/site-packages/airflow/example_dags/tutorial_dag.py
[2026-06-28T18:33:31.102+0000] {logging_mixin.py:188} INFO - [2026-06-28T18:33:31.101+0000] {dag.py:3096} INFO - Sync 1 DAGs
[2026-06-28T18:33:31.132+0000] {logging_mixin.py:188} INFO - [2026-06-28T18:33:31.132+0000] {dag.py:3954} INFO - Setting next_dagrun for tutorial_dag to None, run_after=None
[2026-06-28T18:33:31.413+0000] {processor.py:183} INFO - Processing /home/airflow/.local/lib/python3.12/site-packages/airflow/example_dags/tutorial_dag.py took 0.436 seconds
[2026-06-28T18:34:01.784+0000] {processor.py:161} INFO - Started process (PID=1844) to work on /home/airflow/.local/lib/python3.12/site-packages/airflow/example_dags/tutorial_dag.py
[2026-06-28T18:34:01.785+0000] {processor.py:830} INFO - Processing file /home/airflow/.local/lib/python3.12/site-packages/airflow/example_dags/tutorial_dag.py for tasks to queue
[2026-06-28T18:34:01.787+0000] {logging_mixin.py:188} INFO - [2026-06-28T18:34:01.786+0000] {dagbag.py:545} INFO - Filling up the DagBag from /home/airflow/.local/lib/python3.12/site-packages/airflow/example_dags/tutorial_dag.py
[2026-06-28T18:34:01.793+0000] {processor.py:840} INFO - DAG(s) 'tutorial_dag' retrieved from /home/airflow/.local/lib/python3.12/site-packages/airflow/example_dags/tutorial_dag.py
[2026-06-28T18:34:01.815+0000] {logging_mixin.py:188} INFO - [2026-06-28T18:34:01.815+0000] {dag.py:3096} INFO - Sync 1 DAGs
[2026-06-28T18:34:01.831+0000] {logging_mixin.py:188} INFO - [2026-06-28T18:34:01.830+0000] {dag.py:3954} INFO - Setting next_dagrun for tutorial_dag to None, run_after=None
[2026-06-28T18:34:01.851+0000] {processor.py:183} INFO - Processing /home/airflow/.local/lib/python3.12/site-packages/airflow/example_dags/tutorial_dag.py took 0.077 seconds
[2026-06-28T18:34:32.736+0000] {processor.py:161} INFO - Started process (PID=1903) to work on /home/airflow/.local/lib/python3.12/site-packages/airflow/example_dags/tutorial_dag.py
[2026-06-28T18:34:32.737+0000] {processor.py:830} INFO - Processing file /home/airflow/.local/lib/python3.12/site-packages/airflow/example_dags/tutorial_dag.py for tasks to queue
[2026-06-28T18:34:32.740+0000] {logging_mixin.py:188} INFO - [2026-06-28T18:34:32.739+0000] {dagbag.py:545} INFO - Filling up the DagBag from /home/airflow/.local/lib/python3.12/site-packages/airflow/example_dags/tutorial_dag.py
[2026-06-28T18:34:32.746+0000] {processor.py:840} INFO - DAG(s) 'tutorial_dag' retrieved from /home/airflow/.local/lib/python3.12/site-packages/airflow/example_dags/tutorial_dag.py
[2026-06-28T18:34:32.771+0000] {logging_mixin.py:188} INFO - [2026-06-28T18:34:32.770+0000] {dag.py:3096} INFO - Sync 1 DAGs
[2026-06-28T18:34:32.787+0000] {logging_mixin.py:188} INFO - [2026-06-28T18:34:32.787+0000] {dag.py:3954} INFO - Setting next_dagrun for tutorial_dag to None, run_after=None
[2026-06-28T18:34:32.810+0000] {processor.py:183} INFO - Processing /home/airflow/.local/lib/python3.12/site-packages/airflow/example_dags/tutorial_dag.py took 0.086 seconds
[2026-06-28T18:35:03.000+0000] {processor.py:161} INFO - Started process (PID=1962) to work on /home/airflow/.local/lib/python3.12/site-packages/airflow/example_dags/tutorial_dag.py
[2026-06-28T18:35:03.000+0000] {processor.py:830} INFO - Processing file /home/airflow/.local/lib/python3.12/site-packages/airflow/example_dags/tutorial_dag.py for tasks to queue
[2026-06-28T18:35:03.003+0000] {logging_mixin.py:188} INFO - [2026-06-28T18:35:03.002+0000] {dagbag.py:545} INFO - Filling up the DagBag from /home/airflow/.local/lib/python3.12/site-packages/airflow/example_dags/tutorial_dag.py
[2026-06-28T18:35:03.009+0000] {processor.py:840} INFO - DAG(s) 'tutorial_dag' retrieved from /home/airflow/.local/lib/python3.12/site-packages/airflow/example_dags/tutorial_dag.py
[2026-06-28T18:35:03.032+0000] {logging_mixin.py:188} INFO - [2026-06-28T18:35:03.032+0000] {dag.py:3096} INFO - Sync 1 DAGs
[2026-06-28T18:35:03.052+0000] {logging_mixin.py:188} INFO - [2026-06-28T18:35:03.051+0000] {dag.py:3954} INFO - Setting next_dagrun for tutorial_dag to None, run_after=None
[2026-06-28T18:35:03.073+0000] {processor.py:183} INFO - Processing /home/airflow/.local/lib/python3.12/site-packages/airflow/example_dags/tutorial_dag.py took 0.081 seconds
[2026-06-28T18:35:33.426+0000] {processor.py:161} INFO - Started process (PID=2021) to work on /home/airflow/.local/lib/python3.12/site-packages/airflow/example_dags/tutorial_dag.py
[2026-06-28T18:35:33.428+0000] {processor.py:830} INFO - Processing file /home/airflow/.local/lib/python3.12/site-packages/airflow/example_dags/tutorial_dag.py for tasks to queue
[2026-06-28T18:35:33.431+0000] {logging_mixin.py:188} INFO - [2026-06-28T18:35:33.430+0000] {dagbag.py:545} INFO - Filling up the DagBag from /home/airflow/.local/lib/python3.12/site-packages/airflow/example_dags/tutorial_dag.py
[2026-06-28T18:35:33.439+0000] {processor.py:840} INFO - DAG(s) 'tutorial_dag' retrieved from /home/airflow/.local/lib/python3.12/site-packages/airflow/example_dags/tutorial_dag.py
[2026-06-28T18:35:33.468+0000] {logging_mixin.py:188} INFO - [2026-06-28T18:35:33.468+0000] {dag.py:3096} INFO - Sync 1 DAGs
[2026-06-28T18:35:33.485+0000] {logging_mixin.py:188} INFO - [2026-06-28T18:35:33.485+0000] {dag.py:3954} INFO - Setting next_dagrun for tutorial_dag to None, run_after=None
[2026-06-28T18:35:33.510+0000] {processor.py:183} INFO - Processing /home/airflow/.local/lib/python3.12/site-packages/airflow/example_dags/tutorial_dag.py took 0.093 seconds
[2026-06-28T18:36:04.084+0000] {processor.py:161} INFO - Started process (PID=2080) to work on /home/airflow/.local/lib/python3.12/site-packages/airflow/example_dags/tutorial_dag.py
[2026-06-28T18:36:04.085+0000] {processor.py:830} INFO - Processing file /home/airflow/.local/lib/python3.12/site-packages/airflow/example_dags/tutorial_dag.py for tasks to queue
[2026-06-28T18:36:04.087+0000] {logging_mixin.py:188} INFO - [2026-06-28T18:36:04.087+0000] {dagbag.py:545} INFO - Filling up the DagBag from /home/airflow/.local/lib/python3.12/site-packages/airflow/example_dags/tutorial_dag.py
[2026-06-28T18:36:04.098+0000] {processor.py:840} INFO - DAG(s) 'tutorial_dag' retrieved from /home/airflow/.local/lib/python3.12/site-packages/airflow/example_dags/tutorial_dag.py
[2026-06-28T18:36:04.137+0000] {logging_mixin.py:188} INFO - [2026-06-28T18:36:04.137+0000] {dag.py:3096} INFO - Sync 1 DAGs
[2026-06-28T18:36:04.169+0000] {logging_mixin.py:188} INFO - [2026-06-28T18:36:04.169+0000] {dag.py:3954} INFO - Setting next_dagrun for tutorial_dag to None, run_after=None
[2026-06-28T18:36:04.191+0000] {processor.py:183} INFO - Processing /home/airflow/.local/lib/python3.12/site-packages/airflow/example_dags/tutorial_dag.py took 0.114 seconds
[2026-06-28T18:36:34.717+0000] {processor.py:161} INFO - Started process (PID=2139) to work on /home/airflow/.local/lib/python3.12/site-packages/airflow/example_dags/tutorial_dag.py
[2026-06-28T18:36:34.718+0000] {processor.py:830} INFO - Processing file /home/airflow/.local/lib/python3.12/site-packages/airflow/example_dags/tutorial_dag.py for tasks to queue
[2026-06-28T18:36:34.720+0000] {logging_mixin.py:188} INFO - [2026-06-28T18:36:34.719+0000] {dagbag.py:545} INFO - Filling up the DagBag from /home/airflow/.local/lib/python3.12/site-packages/airflow/example_dags/tutorial_dag.py
[2026-06-28T18:36:34.726+0000] {processor.py:840} INFO - DAG(s) 'tutorial_dag' retrieved from /home/airflow/.local/lib/python3.12/site-packages/airflow/example_dags/tutorial_dag.py
[2026-06-28T18:36:34.748+0000] {logging_mixin.py:188} INFO - [2026-06-28T18:36:34.748+0000] {dag.py:3096} INFO - Sync 1 DAGs
[2026-06-28T18:36:34.765+0000] {logging_mixin.py:188} INFO - [2026-06-28T18:36:34.765+0000] {dag.py:3954} INFO - Setting next_dagrun for tutorial_dag to None, run_after=None
[2026-06-28T18:36:34.786+0000] {processor.py:183} INFO - Processing /home/airflow/.local/lib/python3.12/site-packages/airflow/example_dags/tutorial_dag.py took 0.076 seconds
[2026-06-28T18:37:04.955+0000] {processor.py:161} INFO - Started process (PID=2198) to work on /home/airflow/.local/lib/python3.12/site-packages/airflow/example_dags/tutorial_dag.py
[2026-06-28T18:37:04.963+0000] {processor.py:830} INFO - Processing file /home/airflow/.local/lib/python3.12/site-packages/airflow/example_dags/tutorial_dag.py for tasks to queue
[2026-06-28T18:37:04.975+0000] {logging_mixin.py:188} INFO - [2026-06-28T18:37:04.975+0000] {dagbag.py:545} INFO - Filling up the DagBag from /home/airflow/.local/lib/python3.12/site-packages/airflow/example_dags/tutorial_dag.py
[2026-06-28T18:37:04.994+0000] {processor.py:840} INFO - DAG(s) 'tutorial_dag' retrieved from /home/airflow/.local/lib/python3.12/site-packages/airflow/example_dags/tutorial_dag.py
[2026-06-28T18:37:05.059+0000] {logging_mixin.py:188} INFO - [2026-06-28T18:37:05.059+0000] {dag.py:3096} INFO - Sync 1 DAGs
[2026-06-28T18:37:05.103+0000] {logging_mixin.py:188} INFO - [2026-06-28T18:37:05.103+0000] {dag.py:3954} INFO - Setting next_dagrun for tutorial_dag to None, run_after=None
[2026-06-28T18:37:05.161+0000] {processor.py:183} INFO - Processing /home/airflow/.local/lib/python3.12/site-packages/airflow/example_dags/tutorial_dag.py took 0.246 seconds
[2026-06-28T18:37:36.180+0000] {processor.py:161} INFO - Started process (PID=2257) to work on /home/airflow/.local/lib/python3.12/site-packages/airflow/example_dags/tutorial_dag.py
[2026-06-28T18:37:36.183+0000] {processor.py:830} INFO - Processing file /home/airflow/.local/lib/python3.12/site-packages/airflow/example_dags/tutorial_dag.py for tasks to queue
[2026-06-28T18:37:36.185+0000] {logging_mixin.py:188} INFO - [2026-06-28T18:37:36.184+0000] {dagbag.py:545} INFO - Filling up the DagBag from /home/airflow/.local/lib/python3.12/site-packages/airflow/example_dags/tutorial_dag.py
[2026-06-28T18:37:36.195+0000] {processor.py:840} INFO - DAG(s) 'tutorial_dag' retrieved from /home/airflow/.local/lib/python3.12/site-packages/airflow/example_dags/tutorial_dag.py
[2026-06-28T18:37:36.242+0000] {logging_mixin.py:188} INFO - [2026-06-28T18:37:36.242+0000] {dag.py:3096} INFO - Sync 1 DAGs
[2026-06-28T18:37:36.277+0000] {logging_mixin.py:188} INFO - [2026-06-28T18:37:36.277+0000] {dag.py:3954} INFO - Setting next_dagrun for tutorial_dag to None, run_after=None
[2026-06-28T18:37:36.309+0000] {processor.py:183} INFO - Processing /home/airflow/.local/lib/python3.12/site-packages/airflow/example_dags/tutorial_dag.py took 0.141 seconds
[2026-06-28T18:38:07.043+0000] {processor.py:161} INFO - Started process (PID=2317) to work on /home/airflow/.local/lib/python3.12/site-packages/airflow/example_dags/tutorial_dag.py
[2026-06-28T18:38:07.044+0000] {processor.py:830} INFO - Processing file /home/airflow/.local/lib/python3.12/site-packages/airflow/example_dags/tutorial_dag.py for tasks to queue
[2026-06-28T18:38:07.046+0000] {logging_mixin.py:188} INFO - [2026-06-28T18:38:07.046+0000] {dagbag.py:545} INFO - Filling up the DagBag from /home/airflow/.local/lib/python3.12/site-packages/airflow/example_dags/tutorial_dag.py
[2026-06-28T18:38:07.053+0000] {processor.py:840} INFO - DAG(s) 'tutorial_dag' retrieved from /home/airflow/.local/lib/python3.12/site-packages/airflow/example_dags/tutorial_dag.py
[2026-06-28T18:38:07.113+0000] {logging_mixin.py:188} INFO - [2026-06-28T18:38:07.113+0000] {dag.py:3096} INFO - Sync 1 DAGs
[2026-06-28T18:38:07.137+0000] {logging_mixin.py:188} INFO - [2026-06-28T18:38:07.136+0000] {dag.py:3954} INFO - Setting next_dagrun for tutorial_dag to None, run_after=None
[2026-06-28T18:38:07.158+0000] {processor.py:183} INFO - Processing /home/airflow/.local/lib/python3.12/site-packages/airflow/example_dags/tutorial_dag.py took 0.124 seconds
[2026-06-28T18:38:37.859+0000] {processor.py:161} INFO - Started process (PID=2376) to work on /home/airflow/.local/lib/python3.12/site-packages/airflow/example_dags/tutorial_dag.py
[2026-06-28T18:38:37.860+0000] {processor.py:830} INFO - Processing file /home/airflow/.local/lib/python3.12/site-packages/airflow/example_dags/tutorial_dag.py for tasks to queue
[2026-06-28T18:38:37.862+0000] {logging_mixin.py:188} INFO - [2026-06-28T18:38:37.862+0000] {dagbag.py:545} INFO - Filling up the DagBag from /home/airflow/.local/lib/python3.12/site-packages/airflow/example_dags/tutorial_dag.py
[2026-06-28T18:38:37.869+0000] {processor.py:840} INFO - DAG(s) 'tutorial_dag' retrieved from /home/airflow/.local/lib/python3.12/site-packages/airflow/example_dags/tutorial_dag.py
[2026-06-28T18:38:37.892+0000] {logging_mixin.py:188} INFO - [2026-06-28T18:38:37.892+0000] {dag.py:3096} INFO - Sync 1 DAGs
[2026-06-28T18:38:37.912+0000] {logging_mixin.py:188} INFO - [2026-06-28T18:38:37.911+0000] {dag.py:3954} INFO - Setting next_dagrun for tutorial_dag to None, run_after=None
[2026-06-28T18:38:38.019+0000] {processor.py:183} INFO - Processing /home/airflow/.local/lib/python3.12/site-packages/airflow/example_dags/tutorial_dag.py took 0.171 seconds
[2026-06-28T18:39:08.419+0000] {processor.py:161} INFO - Started process (PID=2436) to work on /home/airflow/.local/lib/python3.12/site-packages/airflow/example_dags/tutorial_dag.py
[2026-06-28T18:39:08.419+0000] {processor.py:830} INFO - Processing file /home/airflow/.local/lib/python3.12/site-packages/airflow/example_dags/tutorial_dag.py for tasks to queue
[2026-06-28T18:39:08.422+0000] {logging_mixin.py:188} INFO - [2026-06-28T18:39:08.421+0000] {dagbag.py:545} INFO - Filling up the DagBag from /home/airflow/.local/lib/python3.12/site-packages/airflow/example_dags/tutorial_dag.py
[2026-06-28T18:39:08.428+0000] {processor.py:840} INFO - DAG(s) 'tutorial_dag' retrieved from /home/airflow/.local/lib/python3.12/site-packages/airflow/example_dags/tutorial_dag.py
[2026-06-28T18:39:08.454+0000] {logging_mixin.py:188} INFO - [2026-06-28T18:39:08.454+0000] {dag.py:3096} INFO - Sync 1 DAGs
[2026-06-28T18:39:08.471+0000] {logging_mixin.py:188} INFO - [2026-06-28T18:39:08.470+0000] {dag.py:3954} INFO - Setting next_dagrun for tutorial_dag to None, run_after=None
[2026-06-28T18:39:08.492+0000] {processor.py:183} INFO - Processing /home/airflow/.local/lib/python3.12/site-packages/airflow/example_dags/tutorial_dag.py took 0.084 seconds
[2026-06-28T18:39:38.686+0000] {processor.py:161} INFO - Started process (PID=2495) to work on /home/airflow/.local/lib/python3.12/site-packages/airflow/example_dags/tutorial_dag.py
[2026-06-28T18:39:38.692+0000] {processor.py:830} INFO - Processing file /home/airflow/.local/lib/python3.12/site-packages/airflow/example_dags/tutorial_dag.py for tasks to queue
[2026-06-28T18:39:38.694+0000] {logging_mixin.py:188} INFO - [2026-06-28T18:39:38.693+0000] {dagbag.py:545} INFO - Filling up the DagBag from /home/airflow/.local/lib/python3.12/site-packages/airflow/example_dags/tutorial_dag.py
[2026-06-28T18:39:38.704+0000] {processor.py:840} INFO - DAG(s) 'tutorial_dag' retrieved from /home/airflow/.local/lib/python3.12/site-packages/airflow/example_dags/tutorial_dag.py
[2026-06-28T18:39:38.731+0000] {logging_mixin.py:188} INFO - [2026-06-28T18:39:38.730+0000] {dag.py:3096} INFO - Sync 1 DAGs
[2026-06-28T18:39:38.749+0000] {logging_mixin.py:188} INFO - [2026-06-28T18:39:38.749+0000] {dag.py:3954} INFO - Setting next_dagrun for tutorial_dag to None, run_after=None
[2026-06-28T18:39:38.770+0000] {processor.py:183} INFO - Processing /home/airflow/.local/lib/python3.12/site-packages/airflow/example_dags/tutorial_dag.py took 0.103 seconds
[2026-06-28T18:40:09.275+0000] {processor.py:161} INFO - Started process (PID=2554) to work on /home/airflow/.local/lib/python3.12/site-packages/airflow/example_dags/tutorial_dag.py
[2026-06-28T18:40:09.278+0000] {processor.py:830} INFO - Processing file /home/airflow/.local/lib/python3.12/site-packages/airflow/example_dags/tutorial_dag.py for tasks to queue
[2026-06-28T18:40:09.283+0000] {logging_mixin.py:188} INFO - [2026-06-28T18:40:09.282+0000] {dagbag.py:545} INFO - Filling up the DagBag from /home/airflow/.local/lib/python3.12/site-packages/airflow/example_dags/tutorial_dag.py
[2026-06-28T18:40:09.298+0000] {processor.py:840} INFO - DAG(s) 'tutorial_dag' retrieved from /home/airflow/.local/lib/python3.12/site-packages/airflow/example_dags/tutorial_dag.py
[2026-06-28T18:40:09.345+0000] {logging_mixin.py:188} INFO - [2026-06-28T18:40:09.344+0000] {dag.py:3096} INFO - Sync 1 DAGs
[2026-06-28T18:40:09.366+0000] {logging_mixin.py:188} INFO - [2026-06-28T18:40:09.366+0000] {dag.py:3954} INFO - Setting next_dagrun for tutorial_dag to None, run_after=None
[2026-06-28T18:40:09.426+0000] {processor.py:183} INFO - Processing /home/airflow/.local/lib/python3.12/site-packages/airflow/example_dags/tutorial_dag.py took 0.158 seconds
[2026-06-28T18:40:39.957+0000] {processor.py:161} INFO - Started process (PID=2613) to work on /home/airflow/.local/lib/python3.12/site-packages/airflow/example_dags/tutorial_dag.py
[2026-06-28T18:40:39.963+0000] {processor.py:830} INFO - Processing file /home/airflow/.local/lib/python3.12/site-packages/airflow/example_dags/tutorial_dag.py for tasks to queue
[2026-06-28T18:40:39.977+0000] {logging_mixin.py:188} INFO - [2026-06-28T18:40:39.971+0000] {dagbag.py:545} INFO - Filling up the DagBag from /home/airflow/.local/lib/python3.12/site-packages/airflow/example_dags/tutorial_dag.py
[2026-06-28T18:40:40.054+0000] {processor.py:840} INFO - DAG(s) 'tutorial_dag' retrieved from /home/airflow/.local/lib/python3.12/site-packages/airflow/example_dags/tutorial_dag.py
[2026-06-28T18:40:40.220+0000] {logging_mixin.py:188} INFO - [2026-06-28T18:40:40.220+0000] {dag.py:3096} INFO - Sync 1 DAGs
[2026-06-28T18:40:40.286+0000] {logging_mixin.py:188} INFO - [2026-06-28T18:40:40.285+0000] {dag.py:3954} INFO - Setting next_dagrun for tutorial_dag to None, run_after=None
[2026-06-28T18:40:40.325+0000] {processor.py:183} INFO - Processing /home/airflow/.local/lib/python3.12/site-packages/airflow/example_dags/tutorial_dag.py took 0.408 seconds
[2026-06-28T18:41:11.230+0000] {processor.py:161} INFO - Started process (PID=2672) to work on /home/airflow/.local/lib/python3.12/site-packages/airflow/example_dags/tutorial_dag.py
[2026-06-28T18:41:11.231+0000] {processor.py:830} INFO - Processing file /home/airflow/.local/lib/python3.12/site-packages/airflow/example_dags/tutorial_dag.py for tasks to queue
[2026-06-28T18:41:11.234+0000] {logging_mixin.py:188} INFO - [2026-06-28T18:41:11.233+0000] {dagbag.py:545} INFO - Filling up the DagBag from /home/airflow/.local/lib/python3.12/site-packages/airflow/example_dags/tutorial_dag.py
[2026-06-28T18:41:11.241+0000] {processor.py:840} INFO - DAG(s) 'tutorial_dag' retrieved from /home/airflow/.local/lib/python3.12/site-packages/airflow/example_dags/tutorial_dag.py
[2026-06-28T18:41:11.263+0000] {logging_mixin.py:188} INFO - [2026-06-28T18:41:11.263+0000] {dag.py:3096} INFO - Sync 1 DAGs
[2026-06-28T18:41:11.279+0000] {logging_mixin.py:188} INFO - [2026-06-28T18:41:11.279+0000] {dag.py:3954} INFO - Setting next_dagrun for tutorial_dag to None, run_after=None
[2026-06-28T18:41:11.301+0000] {processor.py:183} INFO - Processing /home/airflow/.local/lib/python3.12/site-packages/airflow/example_dags/tutorial_dag.py took 0.079 seconds
[2026-06-28T18:41:41.850+0000] {processor.py:161} INFO - Started process (PID=2730) to work on /home/airflow/.local/lib/python3.12/site-packages/airflow/example_dags/tutorial_dag.py
[2026-06-28T18:41:41.852+0000] {processor.py:830} INFO - Processing file /home/airflow/.local/lib/python3.12/site-packages/airflow/example_dags/tutorial_dag.py for tasks to queue
[2026-06-28T18:41:41.857+0000] {logging_mixin.py:188} INFO - [2026-06-28T18:41:41.857+0000] {dagbag.py:545} INFO - Filling up the DagBag from /home/airflow/.local/lib/python3.12/site-packages/airflow/example_dags/tutorial_dag.py
[2026-06-28T18:41:41.878+0000] {processor.py:840} INFO - DAG(s) 'tutorial_dag' retrieved from /home/airflow/.local/lib/python3.12/site-packages/airflow/example_dags/tutorial_dag.py
[2026-06-28T18:41:41.938+0000] {logging_mixin.py:188} INFO - [2026-06-28T18:41:41.937+0000] {dag.py:3096} INFO - Sync 1 DAGs
[2026-06-28T18:41:41.979+0000] {logging_mixin.py:188} INFO - [2026-06-28T18:41:41.978+0000] {dag.py:3954} INFO - Setting next_dagrun for tutorial_dag to None, run_after=None
[2026-06-28T18:41:42.042+0000] {processor.py:183} INFO - Processing /home/airflow/.local/lib/python3.12/site-packages/airflow/example_dags/tutorial_dag.py took 0.217 seconds
[2026-06-28T18:42:12.175+0000] {processor.py:161} INFO - Started process (PID=2789) to work on /home/airflow/.local/lib/python3.12/site-packages/airflow/example_dags/tutorial_dag.py
[2026-06-28T18:42:12.176+0000] {processor.py:830} INFO - Processing file /home/airflow/.local/lib/python3.12/site-packages/airflow/example_dags/tutorial_dag.py for tasks to queue
[2026-06-28T18:42:12.178+0000] {logging_mixin.py:188} INFO - [2026-06-28T18:42:12.177+0000] {dagbag.py:545} INFO - Filling up the DagBag from /home/airflow/.local/lib/python3.12/site-packages/airflow/example_dags/tutorial_dag.py
[2026-06-28T18:42:12.184+0000] {processor.py:840} INFO - DAG(s) 'tutorial_dag' retrieved from /home/airflow/.local/lib/python3.12/site-packages/airflow/example_dags/tutorial_dag.py
[2026-06-28T18:42:12.210+0000] {logging_mixin.py:188} INFO - [2026-06-28T18:42:12.210+0000] {dag.py:3096} INFO - Sync 1 DAGs
[2026-06-28T18:42:12.226+0000] {logging_mixin.py:188} INFO - [2026-06-28T18:42:12.226+0000] {dag.py:3954} INFO - Setting next_dagrun for tutorial_dag to None, run_after=None
[2026-06-28T18:42:12.247+0000] {processor.py:183} INFO - Processing /home/airflow/.local/lib/python3.12/site-packages/airflow/example_dags/tutorial_dag.py took 0.080 seconds
[2026-06-28T18:42:42.526+0000] {processor.py:161} INFO - Started process (PID=2848) to work on /home/airflow/.local/lib/python3.12/site-packages/airflow/example_dags/tutorial_dag.py
[2026-06-28T18:42:42.534+0000] {processor.py:830} INFO - Processing file /home/airflow/.local/lib/python3.12/site-packages/airflow/example_dags/tutorial_dag.py for tasks to queue
[2026-06-28T18:42:42.541+0000] {logging_mixin.py:188} INFO - [2026-06-28T18:42:42.541+0000] {dagbag.py:545} INFO - Filling up the DagBag from /home/airflow/.local/lib/python3.12/site-packages/airflow/example_dags/tutorial_dag.py
[2026-06-28T18:42:42.567+0000] {processor.py:840} INFO - DAG(s) 'tutorial_dag' retrieved from /home/airflow/.local/lib/python3.12/site-packages/airflow/example_dags/tutorial_dag.py
[2026-06-28T18:42:42.627+0000] {logging_mixin.py:188} INFO - [2026-06-28T18:42:42.626+0000] {dag.py:3096} INFO - Sync 1 DAGs
[2026-06-28T18:42:42.686+0000] {logging_mixin.py:188} INFO - [2026-06-28T18:42:42.686+0000] {dag.py:3954} INFO - Setting next_dagrun for tutorial_dag to None, run_after=None
[2026-06-28T18:42:42.792+0000] {processor.py:183} INFO - Processing /home/airflow/.local/lib/python3.12/site-packages/airflow/example_dags/tutorial_dag.py took 0.292 seconds
[2026-06-28T18:43:12.908+0000] {processor.py:161} INFO - Started process (PID=2905) to work on /home/airflow/.local/lib/python3.12/site-packages/airflow/example_dags/tutorial_dag.py
[2026-06-28T18:43:12.909+0000] {processor.py:830} INFO - Processing file /home/airflow/.local/lib/python3.12/site-packages/airflow/example_dags/tutorial_dag.py for tasks to queue
[2026-06-28T18:43:12.911+0000] {logging_mixin.py:188} INFO - [2026-06-28T18:43:12.910+0000] {dagbag.py:545} INFO - Filling up the DagBag from /home/airflow/.local/lib/python3.12/site-packages/airflow/example_dags/tutorial_dag.py
[2026-06-28T18:43:12.917+0000] {processor.py:840} INFO - DAG(s) 'tutorial_dag' retrieved from /home/airflow/.local/lib/python3.12/site-packages/airflow/example_dags/tutorial_dag.py
[2026-06-28T18:43:12.939+0000] {logging_mixin.py:188} INFO - [2026-06-28T18:43:12.939+0000] {dag.py:3096} INFO - Sync 1 DAGs
[2026-06-28T18:43:12.957+0000] {logging_mixin.py:188} INFO - [2026-06-28T18:43:12.957+0000] {dag.py:3954} INFO - Setting next_dagrun for tutorial_dag to None, run_after=None
[2026-06-28T18:43:12.978+0000] {processor.py:183} INFO - Processing /home/airflow/.local/lib/python3.12/site-packages/airflow/example_dags/tutorial_dag.py took 0.074 seconds
[2026-06-28T18:43:43.345+0000] {processor.py:161} INFO - Started process (PID=2965) to work on /home/airflow/.local/lib/python3.12/site-packages/airflow/example_dags/tutorial_dag.py
[2026-06-28T18:43:43.346+0000] {processor.py:830} INFO - Processing file /home/airflow/.local/lib/python3.12/site-packages/airflow/example_dags/tutorial_dag.py for tasks to queue
[2026-06-28T18:43:43.348+0000] {logging_mixin.py:188} INFO - [2026-06-28T18:43:43.348+0000] {dagbag.py:545} INFO - Filling up the DagBag from /home/airflow/.local/lib/python3.12/site-packages/airflow/example_dags/tutorial_dag.py
[2026-06-28T18:43:43.355+0000] {processor.py:840} INFO - DAG(s) 'tutorial_dag' retrieved from /home/airflow/.local/lib/python3.12/site-packages/airflow/example_dags/tutorial_dag.py
[2026-06-28T18:43:43.378+0000] {logging_mixin.py:188} INFO - [2026-06-28T18:43:43.378+0000] {dag.py:3096} INFO - Sync 1 DAGs
[2026-06-28T18:43:43.395+0000] {logging_mixin.py:188} INFO - [2026-06-28T18:43:43.395+0000] {dag.py:3954} INFO - Setting next_dagrun for tutorial_dag to None, run_after=None
[2026-06-28T18:43:43.417+0000] {processor.py:183} INFO - Processing /home/airflow/.local/lib/python3.12/site-packages/airflow/example_dags/tutorial_dag.py took 0.086 seconds
[2026-06-28T18:44:13.810+0000] {processor.py:161} INFO - Started process (PID=3024) to work on /home/airflow/.local/lib/python3.12/site-packages/airflow/example_dags/tutorial_dag.py
[2026-06-28T18:44:13.811+0000] {processor.py:830} INFO - Processing file /home/airflow/.local/lib/python3.12/site-packages/airflow/example_dags/tutorial_dag.py for tasks to queue
[2026-06-28T18:44:13.813+0000] {logging_mixin.py:188} INFO - [2026-06-28T18:44:13.813+0000] {dagbag.py:545} INFO - Filling up the DagBag from /home/airflow/.local/lib/python3.12/site-packages/airflow/example_dags/tutorial_dag.py
[2026-06-28T18:44:13.819+0000] {processor.py:840} INFO - DAG(s) 'tutorial_dag' retrieved from /home/airflow/.local/lib/python3.12/site-packages/airflow/example_dags/tutorial_dag.py
[2026-06-28T18:44:13.855+0000] {logging_mixin.py:188} INFO - [2026-06-28T18:44:13.855+0000] {dag.py:3096} INFO - Sync 1 DAGs
[2026-06-28T18:44:13.872+0000] {logging_mixin.py:188} INFO - [2026-06-28T18:44:13.872+0000] {dag.py:3954} INFO - Setting next_dagrun for tutorial_dag to None, run_after=None
[2026-06-28T18:44:13.896+0000] {processor.py:183} INFO - Processing /home/airflow/.local/lib/python3.12/site-packages/airflow/example_dags/tutorial_dag.py took 0.093 seconds
[2026-06-28T18:44:44.451+0000] {processor.py:161} INFO - Started process (PID=3083) to work on /home/airflow/.local/lib/python3.12/site-packages/airflow/example_dags/tutorial_dag.py
[2026-06-28T18:44:44.452+0000] {processor.py:830} INFO - Processing file /home/airflow/.local/lib/python3.12/site-packages/airflow/example_dags/tutorial_dag.py for tasks to queue
[2026-06-28T18:44:44.454+0000] {logging_mixin.py:188} INFO - [2026-06-28T18:44:44.454+0000] {dagbag.py:545} INFO - Filling up the DagBag from /home/airflow/.local/lib/python3.12/site-packages/airflow/example_dags/tutorial_dag.py
[2026-06-28T18:44:44.461+0000] {processor.py:840} INFO - DAG(s) 'tutorial_dag' retrieved from /home/airflow/.local/lib/python3.12/site-packages/airflow/example_dags/tutorial_dag.py
[2026-06-28T18:44:44.486+0000] {logging_mixin.py:188} INFO - [2026-06-28T18:44:44.486+0000] {dag.py:3096} INFO - Sync 1 DAGs
[2026-06-28T18:44:44.503+0000] {logging_mixin.py:188} INFO - [2026-06-28T18:44:44.502+0000] {dag.py:3954} INFO - Setting next_dagrun for tutorial_dag to None, run_after=None
[2026-06-28T18:44:44.524+0000] {processor.py:183} INFO - Processing /home/airflow/.local/lib/python3.12/site-packages/airflow/example_dags/tutorial_dag.py took 0.080 seconds
[2026-06-28T18:45:15.186+0000] {processor.py:161} INFO - Started process (PID=3142) to work on /home/airflow/.local/lib/python3.12/site-packages/airflow/example_dags/tutorial_dag.py
[2026-06-28T18:45:15.187+0000] {processor.py:830} INFO - Processing file /home/airflow/.local/lib/python3.12/site-packages/airflow/example_dags/tutorial_dag.py for tasks to queue
[2026-06-28T18:45:15.189+0000] {logging_mixin.py:188} INFO - [2026-06-28T18:45:15.189+0000] {dagbag.py:545} INFO - Filling up the DagBag from /home/airflow/.local/lib/python3.12/site-packages/airflow/example_dags/tutorial_dag.py
[2026-06-28T18:45:15.196+0000] {processor.py:840} INFO - DAG(s) 'tutorial_dag' retrieved from /home/airflow/.local/lib/python3.12/site-packages/airflow/example_dags/tutorial_dag.py
[2026-06-28T18:45:15.220+0000] {logging_mixin.py:188} INFO - [2026-06-28T18:45:15.219+0000] {dag.py:3096} INFO - Sync 1 DAGs
[2026-06-28T18:45:15.236+0000] {logging_mixin.py:188} INFO - [2026-06-28T18:45:15.236+0000] {dag.py:3954} INFO - Setting next_dagrun for tutorial_dag to None, run_after=None
[2026-06-28T18:45:15.257+0000] {processor.py:183} INFO - Processing /home/airflow/.local/lib/python3.12/site-packages/airflow/example_dags/tutorial_dag.py took 0.078 seconds
[2026-06-28T18:45:45.689+0000] {processor.py:161} INFO - Started process (PID=3201) to work on /home/airflow/.local/lib/python3.12/site-packages/airflow/example_dags/tutorial_dag.py
[2026-06-28T18:45:45.690+0000] {processor.py:830} INFO - Processing file /home/airflow/.local/lib/python3.12/site-packages/airflow/example_dags/tutorial_dag.py for tasks to queue
[2026-06-28T18:45:45.694+0000] {logging_mixin.py:188} INFO - [2026-06-28T18:45:45.693+0000] {dagbag.py:545} INFO - Filling up the DagBag from /home/airflow/.local/lib/python3.12/site-packages/airflow/example_dags/tutorial_dag.py
[2026-06-28T18:45:45.707+0000] {processor.py:840} INFO - DAG(s) 'tutorial_dag' retrieved from /home/airflow/.local/lib/python3.12/site-packages/airflow/example_dags/tutorial_dag.py
[2026-06-28T18:45:45.753+0000] {logging_mixin.py:188} INFO - [2026-06-28T18:45:45.753+0000] {dag.py:3096} INFO - Sync 1 DAGs
[2026-06-28T18:45:45.773+0000] {logging_mixin.py:188} INFO - [2026-06-28T18:45:45.772+0000] {dag.py:3954} INFO - Setting next_dagrun for tutorial_dag to None, run_after=None
[2026-06-28T18:45:45.800+0000] {processor.py:183} INFO - Processing /home/airflow/.local/lib/python3.12/site-packages/airflow/example_dags/tutorial_dag.py took 0.122 seconds
[2026-06-28T18:46:16.382+0000] {processor.py:161} INFO - Started process (PID=3260) to work on /home/airflow/.local/lib/python3.12/site-packages/airflow/example_dags/tutorial_dag.py
[2026-06-28T18:46:16.383+0000] {processor.py:830} INFO - Processing file /home/airflow/.local/lib/python3.12/site-packages/airflow/example_dags/tutorial_dag.py for tasks to queue
[2026-06-28T18:46:16.385+0000] {logging_mixin.py:188} INFO - [2026-06-28T18:46:16.384+0000] {dagbag.py:545} INFO - Filling up the DagBag from /home/airflow/.local/lib/python3.12/site-packages/airflow/example_dags/tutorial_dag.py
[2026-06-28T18:46:16.391+0000] {processor.py:840} INFO - DAG(s) 'tutorial_dag' retrieved from /home/airflow/.local/lib/python3.12/site-packages/airflow/example_dags/tutorial_dag.py
[2026-06-28T18:46:16.415+0000] {logging_mixin.py:188} INFO - [2026-06-28T18:46:16.415+0000] {dag.py:3096} INFO - Sync 1 DAGs
[2026-06-28T18:46:16.431+0000] {logging_mixin.py:188} INFO - [2026-06-28T18:46:16.431+0000] {dag.py:3954} INFO - Setting next_dagrun for tutorial_dag to None, run_after=None
[2026-06-28T18:46:16.462+0000] {processor.py:183} INFO - Processing /home/airflow/.local/lib/python3.12/site-packages/airflow/example_dags/tutorial_dag.py took 0.088 seconds
[2026-06-28T18:46:46.683+0000] {processor.py:161} INFO - Started process (PID=3319) to work on /home/airflow/.local/lib/python3.12/site-packages/airflow/example_dags/tutorial_dag.py
[2026-06-28T18:46:46.684+0000] {processor.py:830} INFO - Processing file /home/airflow/.local/lib/python3.12/site-packages/airflow/example_dags/tutorial_dag.py for tasks to queue
[2026-06-28T18:46:46.689+0000] {logging_mixin.py:188} INFO - [2026-06-28T18:46:46.688+0000] {dagbag.py:545} INFO - Filling up the DagBag from /home/airflow/.local/lib/python3.12/site-packages/airflow/example_dags/tutorial_dag.py
[2026-06-28T18:46:46.695+0000] {processor.py:840} INFO - DAG(s) 'tutorial_dag' retrieved from /home/airflow/.local/lib/python3.12/site-packages/airflow/example_dags/tutorial_dag.py
[2026-06-28T18:46:46.721+0000] {logging_mixin.py:188} INFO - [2026-06-28T18:46:46.721+0000] {dag.py:3096} INFO - Sync 1 DAGs
[2026-06-28T18:46:46.737+0000] {logging_mixin.py:188} INFO - [2026-06-28T18:46:46.737+0000] {dag.py:3954} INFO - Setting next_dagrun for tutorial_dag to None, run_after=None
[2026-06-28T18:46:46.757+0000] {processor.py:183} INFO - Processing /home/airflow/.local/lib/python3.12/site-packages/airflow/example_dags/tutorial_dag.py took 0.082 seconds
[2026-06-28T18:47:17.112+0000] {processor.py:161} INFO - Started process (PID=3376) to work on /home/airflow/.local/lib/python3.12/site-packages/airflow/example_dags/tutorial_dag.py
[2026-06-28T18:47:17.113+0000] {processor.py:830} INFO - Processing file /home/airflow/.local/lib/python3.12/site-packages/airflow/example_dags/tutorial_dag.py for tasks to queue
[2026-06-28T18:47:17.117+0000] {logging_mixin.py:188} INFO - [2026-06-28T18:47:17.116+0000] {dagbag.py:545} INFO - Filling up the DagBag from /home/airflow/.local/lib/python3.12/site-packages/airflow/example_dags/tutorial_dag.py
[2026-06-28T18:47:17.130+0000] {processor.py:840} INFO - DAG(s) 'tutorial_dag' retrieved from /home/airflow/.local/lib/python3.12/site-packages/airflow/example_dags/tutorial_dag.py
[2026-06-28T18:47:17.219+0000] {logging_mixin.py:188} INFO - [2026-06-28T18:47:17.219+0000] {dag.py:3096} INFO - Sync 1 DAGs
[2026-06-28T18:47:17.249+0000] {logging_mixin.py:188} INFO - [2026-06-28T18:47:17.248+0000] {dag.py:3954} INFO - Setting next_dagrun for tutorial_dag to None, run_after=None
[2026-06-28T18:47:17.303+0000] {processor.py:183} INFO - Processing /home/airflow/.local/lib/python3.12/site-packages/airflow/example_dags/tutorial_dag.py took 0.208 seconds
[2026-06-28T18:47:47.379+0000] {processor.py:161} INFO - Started process (PID=3435) to work on /home/airflow/.local/lib/python3.12/site-packages/airflow/example_dags/tutorial_dag.py
[2026-06-28T18:47:47.380+0000] {processor.py:830} INFO - Processing file /home/airflow/.local/lib/python3.12/site-packages/airflow/example_dags/tutorial_dag.py for tasks to queue
[2026-06-28T18:47:47.381+0000] {logging_mixin.py:188} INFO - [2026-06-28T18:47:47.381+0000] {dagbag.py:545} INFO - Filling up the DagBag from /home/airflow/.local/lib/python3.12/site-packages/airflow/example_dags/tutorial_dag.py
[2026-06-28T18:47:47.386+0000] {processor.py:840} INFO - DAG(s) 'tutorial_dag' retrieved from /home/airflow/.local/lib/python3.12/site-packages/airflow/example_dags/tutorial_dag.py
[2026-06-28T18:47:47.404+0000] {logging_mixin.py:188} INFO - [2026-06-28T18:47:47.404+0000] {dag.py:3096} INFO - Sync 1 DAGs
[2026-06-28T18:47:47.415+0000] {logging_mixin.py:188} INFO - [2026-06-28T18:47:47.415+0000] {dag.py:3954} INFO - Setting next_dagrun for tutorial_dag to None, run_after=None
[2026-06-28T18:47:47.444+0000] {processor.py:183} INFO - Processing /home/airflow/.local/lib/python3.12/site-packages/airflow/example_dags/tutorial_dag.py took 0.070 seconds
[2026-06-28T18:48:18.020+0000] {processor.py:161} INFO - Started process (PID=3494) to work on /home/airflow/.local/lib/python3.12/site-packages/airflow/example_dags/tutorial_dag.py
[2026-06-28T18:48:18.021+0000] {processor.py:830} INFO - Processing file /home/airflow/.local/lib/python3.12/site-packages/airflow/example_dags/tutorial_dag.py for tasks to queue
[2026-06-28T18:48:18.022+0000] {logging_mixin.py:188} INFO - [2026-06-28T18:48:18.022+0000] {dagbag.py:545} INFO - Filling up the DagBag from /home/airflow/.local/lib/python3.12/site-packages/airflow/example_dags/tutorial_dag.py
[2026-06-28T18:48:18.027+0000] {processor.py:840} INFO - DAG(s) 'tutorial_dag' retrieved from /home/airflow/.local/lib/python3.12/site-packages/airflow/example_dags/tutorial_dag.py
[2026-06-28T18:48:18.044+0000] {logging_mixin.py:188} INFO - [2026-06-28T18:48:18.044+0000] {dag.py:3096} INFO - Sync 1 DAGs
[2026-06-28T18:48:18.056+0000] {logging_mixin.py:188} INFO - [2026-06-28T18:48:18.056+0000] {dag.py:3954} INFO - Setting next_dagrun for tutorial_dag to None, run_after=None
[2026-06-28T18:48:18.072+0000] {processor.py:183} INFO - Processing /home/airflow/.local/lib/python3.12/site-packages/airflow/example_dags/tutorial_dag.py took 0.058 seconds
[2026-06-28T18:48:48.415+0000] {processor.py:161} INFO - Started process (PID=3553) to work on /home/airflow/.local/lib/python3.12/site-packages/airflow/example_dags/tutorial_dag.py
[2026-06-28T18:48:48.417+0000] {processor.py:830} INFO - Processing file /home/airflow/.local/lib/python3.12/site-packages/airflow/example_dags/tutorial_dag.py for tasks to queue
[2026-06-28T18:48:48.419+0000] {logging_mixin.py:188} INFO - [2026-06-28T18:48:48.418+0000] {dagbag.py:545} INFO - Filling up the DagBag from /home/airflow/.local/lib/python3.12/site-packages/airflow/example_dags/tutorial_dag.py
[2026-06-28T18:48:48.425+0000] {processor.py:840} INFO - DAG(s) 'tutorial_dag' retrieved from /home/airflow/.local/lib/python3.12/site-packages/airflow/example_dags/tutorial_dag.py
[2026-06-28T18:48:48.443+0000] {logging_mixin.py:188} INFO - [2026-06-28T18:48:48.443+0000] {dag.py:3096} INFO - Sync 1 DAGs
[2026-06-28T18:48:48.455+0000] {logging_mixin.py:188} INFO - [2026-06-28T18:48:48.454+0000] {dag.py:3954} INFO - Setting next_dagrun for tutorial_dag to None, run_after=None
[2026-06-28T18:48:48.471+0000] {processor.py:183} INFO - Processing /home/airflow/.local/lib/python3.12/site-packages/airflow/example_dags/tutorial_dag.py took 0.063 seconds
[2026-06-28T18:49:19.302+0000] {processor.py:161} INFO - Started process (PID=3612) to work on /home/airflow/.local/lib/python3.12/site-packages/airflow/example_dags/tutorial_dag.py
[2026-06-28T18:49:19.305+0000] {processor.py:830} INFO - Processing file /home/airflow/.local/lib/python3.12/site-packages/airflow/example_dags/tutorial_dag.py for tasks to queue
[2026-06-28T18:49:19.309+0000] {logging_mixin.py:188} INFO - [2026-06-28T18:49:19.308+0000] {dagbag.py:545} INFO - Filling up the DagBag from /home/airflow/.local/lib/python3.12/site-packages/airflow/example_dags/tutorial_dag.py
[2026-06-28T18:49:19.324+0000] {processor.py:840} INFO - DAG(s) 'tutorial_dag' retrieved from /home/airflow/.local/lib/python3.12/site-packages/airflow/example_dags/tutorial_dag.py
[2026-06-28T18:49:19.366+0000] {logging_mixin.py:188} INFO - [2026-06-28T18:49:19.366+0000] {dag.py:3096} INFO - Sync 1 DAGs
[2026-06-28T18:49:19.384+0000] {logging_mixin.py:188} INFO - [2026-06-28T18:49:19.384+0000] {dag.py:3954} INFO - Setting next_dagrun for tutorial_dag to None, run_after=None
[2026-06-28T18:49:19.406+0000] {processor.py:183} INFO - Processing /home/airflow/.local/lib/python3.12/site-packages/airflow/example_dags/tutorial_dag.py took 0.116 seconds
[2026-06-28T18:49:50.110+0000] {processor.py:161} INFO - Started process (PID=3677) to work on /home/airflow/.local/lib/python3.12/site-packages/airflow/example_dags/tutorial_dag.py
[2026-06-28T18:49:50.110+0000] {processor.py:830} INFO - Processing file /home/airflow/.local/lib/python3.12/site-packages/airflow/example_dags/tutorial_dag.py for tasks to queue
[2026-06-28T18:49:50.112+0000] {logging_mixin.py:188} INFO - [2026-06-28T18:49:50.112+0000] {dagbag.py:545} INFO - Filling up the DagBag from /home/airflow/.local/lib/python3.12/site-packages/airflow/example_dags/tutorial_dag.py
[2026-06-28T18:49:50.116+0000] {processor.py:840} INFO - DAG(s) 'tutorial_dag' retrieved from /home/airflow/.local/lib/python3.12/site-packages/airflow/example_dags/tutorial_dag.py
[2026-06-28T18:49:50.135+0000] {logging_mixin.py:188} INFO - [2026-06-28T18:49:50.134+0000] {dag.py:3096} INFO - Sync 1 DAGs
[2026-06-28T18:49:50.147+0000] {logging_mixin.py:188} INFO - [2026-06-28T18:49:50.147+0000] {dag.py:3954} INFO - Setting next_dagrun for tutorial_dag to None, run_after=None
[2026-06-28T18:49:50.163+0000] {processor.py:183} INFO - Processing /home/airflow/.local/lib/python3.12/site-packages/airflow/example_dags/tutorial_dag.py took 0.058 seconds
[2026-06-28T18:50:20.537+0000] {processor.py:161} INFO - Started process (PID=3736) to work on /home/airflow/.local/lib/python3.12/site-packages/airflow/example_dags/tutorial_dag.py
[2026-06-28T18:50:20.539+0000] {processor.py:830} INFO - Processing file /home/airflow/.local/lib/python3.12/site-packages/airflow/example_dags/tutorial_dag.py for tasks to queue
[2026-06-28T18:50:20.541+0000] {logging_mixin.py:188} INFO - [2026-06-28T18:50:20.540+0000] {dagbag.py:545} INFO - Filling up the DagBag from /home/airflow/.local/lib/python3.12/site-packages/airflow/example_dags/tutorial_dag.py
[2026-06-28T18:50:20.548+0000] {processor.py:840} INFO - DAG(s) 'tutorial_dag' retrieved from /home/airflow/.local/lib/python3.12/site-packages/airflow/example_dags/tutorial_dag.py
[2026-06-28T18:50:20.576+0000] {logging_mixin.py:188} INFO - [2026-06-28T18:50:20.575+0000] {dag.py:3096} INFO - Sync 1 DAGs
[2026-06-28T18:50:20.593+0000] {logging_mixin.py:188} INFO - [2026-06-28T18:50:20.593+0000] {dag.py:3954} INFO - Setting next_dagrun for tutorial_dag to None, run_after=None
[2026-06-28T18:50:20.620+0000] {processor.py:183} INFO - Processing /home/airflow/.local/lib/python3.12/site-packages/airflow/example_dags/tutorial_dag.py took 0.098 seconds
[2026-06-28T18:50:50.936+0000] {processor.py:161} INFO - Started process (PID=3795) to work on /home/airflow/.local/lib/python3.12/site-packages/airflow/example_dags/tutorial_dag.py
[2026-06-28T18:50:50.937+0000] {processor.py:830} INFO - Processing file /home/airflow/.local/lib/python3.12/site-packages/airflow/example_dags/tutorial_dag.py for tasks to queue
[2026-06-28T18:50:50.939+0000] {logging_mixin.py:188} INFO - [2026-06-28T18:50:50.938+0000] {dagbag.py:545} INFO - Filling up the DagBag from /home/airflow/.local/lib/python3.12/site-packages/airflow/example_dags/tutorial_dag.py
[2026-06-28T18:50:50.943+0000] {processor.py:840} INFO - DAG(s) 'tutorial_dag' retrieved from /home/airflow/.local/lib/python3.12/site-packages/airflow/example_dags/tutorial_dag.py
[2026-06-28T18:50:50.961+0000] {logging_mixin.py:188} INFO - [2026-06-28T18:50:50.961+0000] {dag.py:3096} INFO - Sync 1 DAGs
[2026-06-28T18:50:50.972+0000] {logging_mixin.py:188} INFO - [2026-06-28T18:50:50.972+0000] {dag.py:3954} INFO - Setting next_dagrun for tutorial_dag to None, run_after=None
[2026-06-28T18:50:50.987+0000] {processor.py:183} INFO - Processing /home/airflow/.local/lib/python3.12/site-packages/airflow/example_dags/tutorial_dag.py took 0.056 seconds
[2026-06-28T18:51:21.514+0000] {processor.py:161} INFO - Started process (PID=3853) to work on /home/airflow/.local/lib/python3.12/site-packages/airflow/example_dags/tutorial_dag.py
[2026-06-28T18:51:21.515+0000] {processor.py:830} INFO - Processing file /home/airflow/.local/lib/python3.12/site-packages/airflow/example_dags/tutorial_dag.py for tasks to queue
[2026-06-28T18:51:21.517+0000] {logging_mixin.py:188} INFO - [2026-06-28T18:51:21.517+0000] {dagbag.py:545} INFO - Filling up the DagBag from /home/airflow/.local/lib/python3.12/site-packages/airflow/example_dags/tutorial_dag.py
[2026-06-28T18:51:21.525+0000] {processor.py:840} INFO - DAG(s) 'tutorial_dag' retrieved from /home/airflow/.local/lib/python3.12/site-packages/airflow/example_dags/tutorial_dag.py
[2026-06-28T18:51:21.551+0000] {logging_mixin.py:188} INFO - [2026-06-28T18:51:21.550+0000] {dag.py:3096} INFO - Sync 1 DAGs
[2026-06-28T18:51:21.568+0000] {logging_mixin.py:188} INFO - [2026-06-28T18:51:21.567+0000] {dag.py:3954} INFO - Setting next_dagrun for tutorial_dag to None, run_after=None
[2026-06-28T18:51:21.589+0000] {processor.py:183} INFO - Processing /home/airflow/.local/lib/python3.12/site-packages/airflow/example_dags/tutorial_dag.py took 0.083 seconds
[2026-06-28T18:51:52.598+0000] {processor.py:161} INFO - Started process (PID=3912) to work on /home/airflow/.local/lib/python3.12/site-packages/airflow/example_dags/tutorial_dag.py
[2026-06-28T18:51:52.599+0000] {processor.py:830} INFO - Processing file /home/airflow/.local/lib/python3.12/site-packages/airflow/example_dags/tutorial_dag.py for tasks to queue
[2026-06-28T18:51:52.600+0000] {logging_mixin.py:188} INFO - [2026-06-28T18:51:52.600+0000] {dagbag.py:545} INFO - Filling up the DagBag from /home/airflow/.local/lib/python3.12/site-packages/airflow/example_dags/tutorial_dag.py
[2026-06-28T18:51:52.605+0000] {processor.py:840} INFO - DAG(s) 'tutorial_dag' retrieved from /home/airflow/.local/lib/python3.12/site-packages/airflow/example_dags/tutorial_dag.py
[2026-06-28T18:51:52.623+0000] {logging_mixin.py:188} INFO - [2026-06-28T18:51:52.623+0000] {dag.py:3096} INFO - Sync 1 DAGs
[2026-06-28T18:51:52.634+0000] {logging_mixin.py:188} INFO - [2026-06-28T18:51:52.634+0000] {dag.py:3954} INFO - Setting next_dagrun for tutorial_dag to None, run_after=None
[2026-06-28T18:51:52.650+0000] {processor.py:183} INFO - Processing /home/airflow/.local/lib/python3.12/site-packages/airflow/example_dags/tutorial_dag.py took 0.057 seconds
[2026-06-28T18:52:23.470+0000] {processor.py:161} INFO - Started process (PID=3971) to work on /home/airflow/.local/lib/python3.12/site-packages/airflow/example_dags/tutorial_dag.py
[2026-06-28T18:52:23.471+0000] {processor.py:830} INFO - Processing file /home/airflow/.local/lib/python3.12/site-packages/airflow/example_dags/tutorial_dag.py for tasks to queue
[2026-06-28T18:52:23.472+0000] {logging_mixin.py:188} INFO - [2026-06-28T18:52:23.472+0000] {dagbag.py:545} INFO - Filling up the DagBag from /home/airflow/.local/lib/python3.12/site-packages/airflow/example_dags/tutorial_dag.py
[2026-06-28T18:52:23.477+0000] {processor.py:840} INFO - DAG(s) 'tutorial_dag' retrieved from /home/airflow/.local/lib/python3.12/site-packages/airflow/example_dags/tutorial_dag.py
[2026-06-28T18:52:23.495+0000] {logging_mixin.py:188} INFO - [2026-06-28T18:52:23.495+0000] {dag.py:3096} INFO - Sync 1 DAGs
[2026-06-28T18:52:23.507+0000] {logging_mixin.py:188} INFO - [2026-06-28T18:52:23.507+0000] {dag.py:3954} INFO - Setting next_dagrun for tutorial_dag to None, run_after=None
[2026-06-28T18:52:23.523+0000] {processor.py:183} INFO - Processing /home/airflow/.local/lib/python3.12/site-packages/airflow/example_dags/tutorial_dag.py took 0.057 seconds
[2026-06-28T18:52:53.705+0000] {processor.py:161} INFO - Started process (PID=4030) to work on /home/airflow/.local/lib/python3.12/site-packages/airflow/example_dags/tutorial_dag.py
[2026-06-28T18:52:53.706+0000] {processor.py:830} INFO - Processing file /home/airflow/.local/lib/python3.12/site-packages/airflow/example_dags/tutorial_dag.py for tasks to queue
[2026-06-28T18:52:53.708+0000] {logging_mixin.py:188} INFO - [2026-06-28T18:52:53.707+0000] {dagbag.py:545} INFO - Filling up the DagBag from /home/airflow/.local/lib/python3.12/site-packages/airflow/example_dags/tutorial_dag.py
[2026-06-28T18:52:53.712+0000] {processor.py:840} INFO - DAG(s) 'tutorial_dag' retrieved from /home/airflow/.local/lib/python3.12/site-packages/airflow/example_dags/tutorial_dag.py
[2026-06-28T18:52:53.729+0000] {logging_mixin.py:188} INFO - [2026-06-28T18:52:53.729+0000] {dag.py:3096} INFO - Sync 1 DAGs
[2026-06-28T18:52:53.740+0000] {logging_mixin.py:188} INFO - [2026-06-28T18:52:53.740+0000] {dag.py:3954} INFO - Setting next_dagrun for tutorial_dag to None, run_after=None
[2026-06-28T18:52:53.756+0000] {processor.py:183} INFO - Processing /home/airflow/.local/lib/python3.12/site-packages/airflow/example_dags/tutorial_dag.py took 0.055 seconds
[2026-06-28T18:53:24.608+0000] {processor.py:161} INFO - Started process (PID=4089) to work on /home/airflow/.local/lib/python3.12/site-packages/airflow/example_dags/tutorial_dag.py
[2026-06-28T18:53:24.609+0000] {processor.py:830} INFO - Processing file /home/airflow/.local/lib/python3.12/site-packages/airflow/example_dags/tutorial_dag.py for tasks to queue
[2026-06-28T18:53:24.611+0000] {logging_mixin.py:188} INFO - [2026-06-28T18:53:24.610+0000] {dagbag.py:545} INFO - Filling up the DagBag from /home/airflow/.local/lib/python3.12/site-packages/airflow/example_dags/tutorial_dag.py
[2026-06-28T18:53:24.617+0000] {processor.py:840} INFO - DAG(s) 'tutorial_dag' retrieved from /home/airflow/.local/lib/python3.12/site-packages/airflow/example_dags/tutorial_dag.py
[2026-06-28T18:53:24.641+0000] {logging_mixin.py:188} INFO - [2026-06-28T18:53:24.640+0000] {dag.py:3096} INFO - Sync 1 DAGs
[2026-06-28T18:53:24.653+0000] {logging_mixin.py:188} INFO - [2026-06-28T18:53:24.653+0000] {dag.py:3954} INFO - Setting next_dagrun for tutorial_dag to None, run_after=None
[2026-06-28T18:53:24.669+0000] {processor.py:183} INFO - Processing /home/airflow/.local/lib/python3.12/site-packages/airflow/example_dags/tutorial_dag.py took 0.069 seconds
[2026-06-28T18:53:55.969+0000] {processor.py:161} INFO - Started process (PID=4148) to work on /home/airflow/.local/lib/python3.12/site-packages/airflow/example_dags/tutorial_dag.py
[2026-06-28T18:53:55.970+0000] {processor.py:830} INFO - Processing file /home/airflow/.local/lib/python3.12/site-packages/airflow/example_dags/tutorial_dag.py for tasks to queue
[2026-06-28T18:53:55.972+0000] {logging_mixin.py:188} INFO - [2026-06-28T18:53:55.972+0000] {dagbag.py:545} INFO - Filling up the DagBag from /home/airflow/.local/lib/python3.12/site-packages/airflow/example_dags/tutorial_dag.py
[2026-06-28T18:53:55.979+0000] {processor.py:840} INFO - DAG(s) 'tutorial_dag' retrieved from /home/airflow/.local/lib/python3.12/site-packages/airflow/example_dags/tutorial_dag.py
[2026-06-28T18:53:56.039+0000] {logging_mixin.py:188} INFO - [2026-06-28T18:53:56.039+0000] {dag.py:3096} INFO - Sync 1 DAGs
[2026-06-28T18:53:56.082+0000] {logging_mixin.py:188} INFO - [2026-06-28T18:53:56.080+0000] {dag.py:3954} INFO - Setting next_dagrun for tutorial_dag to None, run_after=None
[2026-06-28T18:53:56.129+0000] {processor.py:183} INFO - Processing /home/airflow/.local/lib/python3.12/site-packages/airflow/example_dags/tutorial_dag.py took 0.169 seconds
[2026-06-28T18:54:26.882+0000] {processor.py:161} INFO - Started process (PID=4207) to work on /home/airflow/.local/lib/python3.12/site-packages/airflow/example_dags/tutorial_dag.py
[2026-06-28T18:54:26.883+0000] {processor.py:830} INFO - Processing file /home/airflow/.local/lib/python3.12/site-packages/airflow/example_dags/tutorial_dag.py for tasks to queue
[2026-06-28T18:54:26.884+0000] {logging_mixin.py:188} INFO - [2026-06-28T18:54:26.884+0000] {dagbag.py:545} INFO - Filling up the DagBag from /home/airflow/.local/lib/python3.12/site-packages/airflow/example_dags/tutorial_dag.py
[2026-06-28T18:54:26.889+0000] {processor.py:840} INFO - DAG(s) 'tutorial_dag' retrieved from /home/airflow/.local/lib/python3.12/site-packages/airflow/example_dags/tutorial_dag.py
[2026-06-28T18:54:26.906+0000] {logging_mixin.py:188} INFO - [2026-06-28T18:54:26.906+0000] {dag.py:3096} INFO - Sync 1 DAGs
[2026-06-28T18:54:26.919+0000] {logging_mixin.py:188} INFO - [2026-06-28T18:54:26.919+0000] {dag.py:3954} INFO - Setting next_dagrun for tutorial_dag to None, run_after=None
[2026-06-28T18:54:26.944+0000] {processor.py:183} INFO - Processing /home/airflow/.local/lib/python3.12/site-packages/airflow/example_dags/tutorial_dag.py took 0.070 seconds
[2026-06-28T18:54:57.209+0000] {processor.py:161} INFO - Started process (PID=4266) to work on /home/airflow/.local/lib/python3.12/site-packages/airflow/example_dags/tutorial_dag.py
[2026-06-28T18:54:57.209+0000] {processor.py:830} INFO - Processing file /home/airflow/.local/lib/python3.12/site-packages/airflow/example_dags/tutorial_dag.py for tasks to queue
[2026-06-28T18:54:57.211+0000] {logging_mixin.py:188} INFO - [2026-06-28T18:54:57.211+0000] {dagbag.py:545} INFO - Filling up the DagBag from /home/airflow/.local/lib/python3.12/site-packages/airflow/example_dags/tutorial_dag.py
[2026-06-28T18:54:57.217+0000] {processor.py:840} INFO - DAG(s) 'tutorial_dag' retrieved from /home/airflow/.local/lib/python3.12/site-packages/airflow/example_dags/tutorial_dag.py
[2026-06-28T18:54:57.246+0000] {logging_mixin.py:188} INFO - [2026-06-28T18:54:57.246+0000] {dag.py:3096} INFO - Sync 1 DAGs
[2026-06-28T18:54:57.270+0000] {logging_mixin.py:188} INFO - [2026-06-28T18:54:57.270+0000] {dag.py:3954} INFO - Setting next_dagrun for tutorial_dag to None, run_after=None
[2026-06-28T18:54:57.305+0000] {processor.py:183} INFO - Processing /home/airflow/.local/lib/python3.12/site-packages/airflow/example_dags/tutorial_dag.py took 0.103 seconds
[2026-06-28T18:55:28.205+0000] {processor.py:161} INFO - Started process (PID=4326) to work on /home/airflow/.local/lib/python3.12/site-packages/airflow/example_dags/tutorial_dag.py
[2026-06-28T18:55:28.206+0000] {processor.py:830} INFO - Processing file /home/airflow/.local/lib/python3.12/site-packages/airflow/example_dags/tutorial_dag.py for tasks to queue
[2026-06-28T18:55:28.208+0000] {logging_mixin.py:188} INFO - [2026-06-28T18:55:28.208+0000] {dagbag.py:545} INFO - Filling up the DagBag from /home/airflow/.local/lib/python3.12/site-packages/airflow/example_dags/tutorial_dag.py
[2026-06-28T18:55:28.215+0000] {processor.py:840} INFO - DAG(s) 'tutorial_dag' retrieved from /home/airflow/.local/lib/python3.12/site-packages/airflow/example_dags/tutorial_dag.py
[2026-06-28T18:55:28.242+0000] {logging_mixin.py:188} INFO - [2026-06-28T18:55:28.242+0000] {dag.py:3096} INFO - Sync 1 DAGs
[2026-06-28T18:55:28.261+0000] {logging_mixin.py:188} INFO - [2026-06-28T18:55:28.261+0000] {dag.py:3954} INFO - Setting next_dagrun for tutorial_dag to None, run_after=None
[2026-06-28T18:55:28.285+0000] {processor.py:183} INFO - Processing /home/airflow/.local/lib/python3.12/site-packages/airflow/example_dags/tutorial_dag.py took 0.088 seconds
[2026-06-28T18:55:59.159+0000] {processor.py:161} INFO - Started process (PID=4385) to work on /home/airflow/.local/lib/python3.12/site-packages/airflow/example_dags/tutorial_dag.py
[2026-06-28T18:55:59.160+0000] {processor.py:830} INFO - Processing file /home/airflow/.local/lib/python3.12/site-packages/airflow/example_dags/tutorial_dag.py for tasks to queue
[2026-06-28T18:55:59.161+0000] {logging_mixin.py:188} INFO - [2026-06-28T18:55:59.161+0000] {dagbag.py:545} INFO - Filling up the DagBag from /home/airflow/.local/lib/python3.12/site-packages/airflow/example_dags/tutorial_dag.py
[2026-06-28T18:55:59.171+0000] {processor.py:840} INFO - DAG(s) 'tutorial_dag' retrieved from /home/airflow/.local/lib/python3.12/site-packages/airflow/example_dags/tutorial_dag.py
[2026-06-28T18:55:59.218+0000] {logging_mixin.py:188} INFO - [2026-06-28T18:55:59.218+0000] {dag.py:3096} INFO - Sync 1 DAGs
[2026-06-28T18:55:59.296+0000] {logging_mixin.py:188} INFO - [2026-06-28T18:55:59.292+0000] {dag.py:3954} INFO - Setting next_dagrun for tutorial_dag to None, run_after=None
[2026-06-28T18:55:59.447+0000] {processor.py:183} INFO - Processing /home/airflow/.local/lib/python3.12/site-packages/airflow/example_dags/tutorial_dag.py took 0.296 seconds
[2026-06-28T18:56:29.817+0000] {processor.py:161} INFO - Started process (PID=4444) to work on /home/airflow/.local/lib/python3.12/site-packages/airflow/example_dags/tutorial_dag.py
[2026-06-28T18:56:29.821+0000] {processor.py:830} INFO - Processing file /home/airflow/.local/lib/python3.12/site-packages/airflow/example_dags/tutorial_dag.py for tasks to queue
[2026-06-28T18:56:29.825+0000] {logging_mixin.py:188} INFO - [2026-06-28T18:56:29.824+0000] {dagbag.py:545} INFO - Filling up the DagBag from /home/airflow/.local/lib/python3.12/site-packages/airflow/example_dags/tutorial_dag.py
[2026-06-28T18:56:29.841+0000] {processor.py:840} INFO - DAG(s) 'tutorial_dag' retrieved from /home/airflow/.local/lib/python3.12/site-packages/airflow/example_dags/tutorial_dag.py
[2026-06-28T18:56:29.898+0000] {logging_mixin.py:188} INFO - [2026-06-28T18:56:29.898+0000] {dag.py:3096} INFO - Sync 1 DAGs
[2026-06-28T18:56:29.935+0000] {logging_mixin.py:188} INFO - [2026-06-28T18:56:29.935+0000] {dag.py:3954} INFO - Setting next_dagrun for tutorial_dag to None, run_after=None
[2026-06-28T18:56:30.026+0000] {processor.py:183} INFO - Processing /home/airflow/.local/lib/python3.12/site-packages/airflow/example_dags/tutorial_dag.py took 0.226 seconds
[2026-06-28T18:57:01.023+0000] {processor.py:161} INFO - Started process (PID=4503) to work on /home/airflow/.local/lib/python3.12/site-packages/airflow/example_dags/tutorial_dag.py
[2026-06-28T18:57:01.024+0000] {processor.py:830} INFO - Processing file /home/airflow/.local/lib/python3.12/site-packages/airflow/example_dags/tutorial_dag.py for tasks to queue
[2026-06-28T18:57:01.026+0000] {logging_mixin.py:188} INFO - [2026-06-28T18:57:01.026+0000] {dagbag.py:545} INFO - Filling up the DagBag from /home/airflow/.local/lib/python3.12/site-packages/airflow/example_dags/tutorial_dag.py
[2026-06-28T18:57:01.032+0000] {processor.py:840} INFO - DAG(s) 'tutorial_dag' retrieved from /home/airflow/.local/lib/python3.12/site-packages/airflow/example_dags/tutorial_dag.py
[2026-06-28T18:57:01.059+0000] {logging_mixin.py:188} INFO - [2026-06-28T18:57:01.059+0000] {dag.py:3096} INFO - Sync 1 DAGs
[2026-06-28T18:57:01.082+0000] {logging_mixin.py:188} INFO - [2026-06-28T18:57:01.081+0000] {dag.py:3954} INFO - Setting next_dagrun for tutorial_dag to None, run_after=None
[2026-06-28T18:57:01.130+0000] {processor.py:183} INFO - Processing /home/airflow/.local/lib/python3.12/site-packages/airflow/example_dags/tutorial_dag.py took 0.124 seconds
[2026-06-28T18:57:31.640+0000] {processor.py:161} INFO - Started process (PID=4562) to work on /home/airflow/.local/lib/python3.12/site-packages/airflow/example_dags/tutorial_dag.py
[2026-06-28T18:57:31.641+0000] {processor.py:830} INFO - Processing file /home/airflow/.local/lib/python3.12/site-packages/airflow/example_dags/tutorial_dag.py for tasks to queue
[2026-06-28T18:57:31.643+0000] {logging_mixin.py:188} INFO - [2026-06-28T18:57:31.642+0000] {dagbag.py:545} INFO - Filling up the DagBag from /home/airflow/.local/lib/python3.12/site-packages/airflow/example_dags/tutorial_dag.py
[2026-06-28T18:57:31.649+0000] {processor.py:840} INFO - DAG(s) 'tutorial_dag' retrieved from /home/airflow/.local/lib/python3.12/site-packages/airflow/example_dags/tutorial_dag.py
[2026-06-28T18:57:31.674+0000] {logging_mixin.py:188} INFO - [2026-06-28T18:57:31.674+0000] {dag.py:3096} INFO - Sync 1 DAGs
[2026-06-28T18:57:31.691+0000] {logging_mixin.py:188} INFO - [2026-06-28T18:57:31.691+0000] {dag.py:3954} INFO - Setting next_dagrun for tutorial_dag to None, run_after=None
[2026-06-28T18:57:31.714+0000] {processor.py:183} INFO - Processing /home/airflow/.local/lib/python3.12/site-packages/airflow/example_dags/tutorial_dag.py took 0.081 seconds
[2026-06-28T18:58:01.879+0000] {processor.py:161} INFO - Started process (PID=4621) to work on /home/airflow/.local/lib/python3.12/site-packages/airflow/example_dags/tutorial_dag.py
[2026-06-28T18:58:01.880+0000] {processor.py:830} INFO - Processing file /home/airflow/.local/lib/python3.12/site-packages/airflow/example_dags/tutorial_dag.py for tasks to queue
[2026-06-28T18:58:01.882+0000] {logging_mixin.py:188} INFO - [2026-06-28T18:58:01.882+0000] {dagbag.py:545} INFO - Filling up the DagBag from /home/airflow/.local/lib/python3.12/site-packages/airflow/example_dags/tutorial_dag.py
[2026-06-28T18:58:01.889+0000] {processor.py:840} INFO - DAG(s) 'tutorial_dag' retrieved from /home/airflow/.local/lib/python3.12/site-packages/airflow/example_dags/tutorial_dag.py
[2026-06-28T18:58:01.916+0000] {logging_mixin.py:188} INFO - [2026-06-28T18:58:01.915+0000] {dag.py:3096} INFO - Sync 1 DAGs
[2026-06-28T18:58:01.945+0000] {logging_mixin.py:188} INFO - [2026-06-28T18:58:01.945+0000] {dag.py:3954} INFO - Setting next_dagrun for tutorial_dag to None, run_after=None
[2026-06-28T18:58:01.983+0000] {processor.py:183} INFO - Processing /home/airflow/.local/lib/python3.12/site-packages/airflow/example_dags/tutorial_dag.py took 0.111 seconds
[2026-06-28T18:58:32.203+0000] {processor.py:161} INFO - Started process (PID=4680) to work on /home/airflow/.local/lib/python3.12/site-packages/airflow/example_dags/tutorial_dag.py
[2026-06-28T18:58:32.204+0000] {processor.py:830} INFO - Processing file /home/airflow/.local/lib/python3.12/site-packages/airflow/example_dags/tutorial_dag.py for tasks to queue
[2026-06-28T18:58:32.206+0000] {logging_mixin.py:188} INFO - [2026-06-28T18:58:32.205+0000] {dagbag.py:545} INFO - Filling up the DagBag from /home/airflow/.local/lib/python3.12/site-packages/airflow/example_dags/tutorial_dag.py
[2026-06-28T18:58:32.212+0000] {processor.py:840} INFO - DAG(s) 'tutorial_dag' retrieved from /home/airflow/.local/lib/python3.12/site-packages/airflow/example_dags/tutorial_dag.py
[2026-06-28T18:58:32.237+0000] {logging_mixin.py:188} INFO - [2026-06-28T18:58:32.237+0000] {dag.py:3096} INFO - Sync 1 DAGs
[2026-06-28T18:58:32.254+0000] {logging_mixin.py:188} INFO - [2026-06-28T18:58:32.253+0000] {dag.py:3954} INFO - Setting next_dagrun for tutorial_dag to None, run_after=None
[2026-06-28T18:58:32.275+0000] {processor.py:183} INFO - Processing /home/airflow/.local/lib/python3.12/site-packages/airflow/example_dags/tutorial_dag.py took 0.079 seconds
[2026-06-28T18:59:03.220+0000] {processor.py:161} INFO - Started process (PID=4739) to work on /home/airflow/.local/lib/python3.12/site-packages/airflow/example_dags/tutorial_dag.py
[2026-06-28T18:59:03.221+0000] {processor.py:830} INFO - Processing file /home/airflow/.local/lib/python3.12/site-packages/airflow/example_dags/tutorial_dag.py for tasks to queue
[2026-06-28T18:59:03.223+0000] {logging_mixin.py:188} INFO - [2026-06-28T18:59:03.223+0000] {dagbag.py:545} INFO - Filling up the DagBag from /home/airflow/.local/lib/python3.12/site-packages/airflow/example_dags/tutorial_dag.py
[2026-06-28T18:59:03.230+0000] {processor.py:840} INFO - DAG(s) 'tutorial_dag' retrieved from /home/airflow/.local/lib/python3.12/site-packages/airflow/example_dags/tutorial_dag.py
[2026-06-28T18:59:03.256+0000] {logging_mixin.py:188} INFO - [2026-06-28T18:59:03.255+0000] {dag.py:3096} INFO - Sync 1 DAGs
[2026-06-28T18:59:03.275+0000] {logging_mixin.py:188} INFO - [2026-06-28T18:59:03.275+0000] {dag.py:3954} INFO - Setting next_dagrun for tutorial_dag to None, run_after=None
[2026-06-28T18:59:03.296+0000] {processor.py:183} INFO - Processing /home/airflow/.local/lib/python3.12/site-packages/airflow/example_dags/tutorial_dag.py took 0.083 seconds
[2026-06-28T18:59:34.090+0000] {processor.py:161} INFO - Started process (PID=4798) to work on /home/airflow/.local/lib/python3.12/site-packages/airflow/example_dags/tutorial_dag.py
[2026-06-28T18:59:34.091+0000] {processor.py:830} INFO - Processing file /home/airflow/.local/lib/python3.12/site-packages/airflow/example_dags/tutorial_dag.py for tasks to queue
[2026-06-28T18:59:34.094+0000] {logging_mixin.py:188} INFO - [2026-06-28T18:59:34.093+0000] {dagbag.py:545} INFO - Filling up the DagBag from /home/airflow/.local/lib/python3.12/site-packages/airflow/example_dags/tutorial_dag.py
[2026-06-28T18:59:34.103+0000] {processor.py:840} INFO - DAG(s) 'tutorial_dag' retrieved from /home/airflow/.local/lib/python3.12/site-packages/airflow/example_dags/tutorial_dag.py
[2026-06-28T18:59:34.145+0000] {logging_mixin.py:188} INFO - [2026-06-28T18:59:34.144+0000] {dag.py:3096} INFO - Sync 1 DAGs
[2026-06-28T18:59:34.180+0000] {logging_mixin.py:188} INFO - [2026-06-28T18:59:34.180+0000] {dag.py:3954} INFO - Setting next_dagrun for tutorial_dag to None, run_after=None
[2026-06-28T18:59:34.205+0000] {processor.py:183} INFO - Processing /home/airflow/.local/lib/python3.12/site-packages/airflow/example_dags/tutorial_dag.py took 0.121 seconds
[2026-06-28T19:00:05.130+0000] {processor.py:161} INFO - Started process (PID=4857) to work on /home/airflow/.local/lib/python3.12/site-packages/airflow/example_dags/tutorial_dag.py
[2026-06-28T19:00:05.132+0000] {processor.py:830} INFO - Processing file /home/airflow/.local/lib/python3.12/site-packages/airflow/example_dags/tutorial_dag.py for tasks to queue
[2026-06-28T19:00:05.134+0000] {logging_mixin.py:188} INFO - [2026-06-28T19:00:05.133+0000] {dagbag.py:545} INFO - Filling up the DagBag from /home/airflow/.local/lib/python3.12/site-packages/airflow/example_dags/tutorial_dag.py
[2026-06-28T19:00:05.141+0000] {processor.py:840} INFO - DAG(s) 'tutorial_dag' retrieved from /home/airflow/.local/lib/python3.12/site-packages/airflow/example_dags/tutorial_dag.py
[2026-06-28T19:00:05.205+0000] {logging_mixin.py:188} INFO - [2026-06-28T19:00:05.205+0000] {dag.py:3096} INFO - Sync 1 DAGs
[2026-06-28T19:00:05.237+0000] {logging_mixin.py:188} INFO - [2026-06-28T19:00:05.237+0000] {dag.py:3954} INFO - Setting next_dagrun for tutorial_dag to None, run_after=None
[2026-06-28T19:00:05.297+0000] {processor.py:183} INFO - Processing /home/airflow/.local/lib/python3.12/site-packages/airflow/example_dags/tutorial_dag.py took 0.195 seconds
[2026-06-28T19:00:36.197+0000] {processor.py:161} INFO - Started process (PID=4918) to work on /home/airflow/.local/lib/python3.12/site-packages/airflow/example_dags/tutorial_dag.py
[2026-06-28T19:00:36.198+0000] {processor.py:830} INFO - Processing file /home/airflow/.local/lib/python3.12/site-packages/airflow/example_dags/tutorial_dag.py for tasks to queue
[2026-06-28T19:00:36.200+0000] {logging_mixin.py:188} INFO - [2026-06-28T19:00:36.199+0000] {dagbag.py:545} INFO - Filling up the DagBag from /home/airflow/.local/lib/python3.12/site-packages/airflow/example_dags/tutorial_dag.py
[2026-06-28T19:00:36.204+0000] {processor.py:840} INFO - DAG(s) 'tutorial_dag' retrieved from /home/airflow/.local/lib/python3.12/site-packages/airflow/example_dags/tutorial_dag.py
[2026-06-28T19:00:36.221+0000] {logging_mixin.py:188} INFO - [2026-06-28T19:00:36.221+0000] {dag.py:3096} INFO - Sync 1 DAGs
[2026-06-28T19:00:36.239+0000] {logging_mixin.py:188} INFO - [2026-06-28T19:00:36.238+0000] {dag.py:3954} INFO - Setting next_dagrun for tutorial_dag to None, run_after=None
[2026-06-28T19:00:36.262+0000] {processor.py:183} INFO - Processing /home/airflow/.local/lib/python3.12/site-packages/airflow/example_dags/tutorial_dag.py took 0.069 seconds
[2026-06-28T19:01:07.181+0000] {processor.py:161} INFO - Started process (PID=4977) to work on /home/airflow/.local/lib/python3.12/site-packages/airflow/example_dags/tutorial_dag.py
[2026-06-28T19:01:07.181+0000] {processor.py:830} INFO - Processing file /home/airflow/.local/lib/python3.12/site-packages/airflow/example_dags/tutorial_dag.py for tasks to queue
[2026-06-28T19:01:07.183+0000] {logging_mixin.py:188} INFO - [2026-06-28T19:01:07.182+0000] {dagbag.py:545} INFO - Filling up the DagBag from /home/airflow/.local/lib/python3.12/site-packages/airflow/example_dags/tutorial_dag.py
[2026-06-28T19:01:07.187+0000] {processor.py:840} INFO - DAG(s) 'tutorial_dag' retrieved from /home/airflow/.local/lib/python3.12/site-packages/airflow/example_dags/tutorial_dag.py
[2026-06-28T19:01:07.205+0000] {logging_mixin.py:188} INFO - [2026-06-28T19:01:07.205+0000] {dag.py:3096} INFO - Sync 1 DAGs
[2026-06-28T19:01:07.217+0000] {logging_mixin.py:188} INFO - [2026-06-28T19:01:07.217+0000] {dag.py:3954} INFO - Setting next_dagrun for tutorial_dag to None, run_after=None
[2026-06-28T19:01:07.246+0000] {processor.py:183} INFO - Processing /home/airflow/.local/lib/python3.12/site-packages/airflow/example_dags/tutorial_dag.py took 0.071 seconds
[2026-06-28T19:01:37.889+0000] {processor.py:161} INFO - Started process (PID=5036) to work on /home/airflow/.local/lib/python3.12/site-packages/airflow/example_dags/tutorial_dag.py
[2026-06-28T19:01:37.890+0000] {processor.py:830} INFO - Processing file /home/airflow/.local/lib/python3.12/site-packages/airflow/example_dags/tutorial_dag.py for tasks to queue
[2026-06-28T19:01:37.892+0000] {logging_mixin.py:188} INFO - [2026-06-28T19:01:37.892+0000] {dagbag.py:545} INFO - Filling up the DagBag from /home/airflow/.local/lib/python3.12/site-packages/airflow/example_dags/tutorial_dag.py
[2026-06-28T19:01:37.899+0000] {processor.py:840} INFO - DAG(s) 'tutorial_dag' retrieved from /home/airflow/.local/lib/python3.12/site-packages/airflow/example_dags/tutorial_dag.py
[2026-06-28T19:01:37.923+0000] {logging_mixin.py:188} INFO - [2026-06-28T19:01:37.923+0000] {dag.py:3096} INFO - Sync 1 DAGs
[2026-06-28T19:01:37.943+0000] {logging_mixin.py:188} INFO - [2026-06-28T19:01:37.943+0000] {dag.py:3954} INFO - Setting next_dagrun for tutorial_dag to None, run_after=None
[2026-06-28T19:01:37.974+0000] {processor.py:183} INFO - Processing /home/airflow/.local/lib/python3.12/site-packages/airflow/example_dags/tutorial_dag.py took 0.090 seconds
[2026-06-28T19:02:08.620+0000] {processor.py:161} INFO - Started process (PID=5095) to work on /home/airflow/.local/lib/python3.12/site-packages/airflow/example_dags/tutorial_dag.py
[2026-06-28T19:02:08.621+0000] {processor.py:830} INFO - Processing file /home/airflow/.local/lib/python3.12/site-packages/airflow/example_dags/tutorial_dag.py for tasks to queue
[2026-06-28T19:02:08.623+0000] {logging_mixin.py:188} INFO - [2026-06-28T19:02:08.623+0000] {dagbag.py:545} INFO - Filling up the DagBag from /home/airflow/.local/lib/python3.12/site-packages/airflow/example_dags/tutorial_dag.py
[2026-06-28T19:02:08.630+0000] {processor.py:840} INFO - DAG(s) 'tutorial_dag' retrieved from /home/airflow/.local/lib/python3.12/site-packages/airflow/example_dags/tutorial_dag.py
[2026-06-28T19:02:08.657+0000] {logging_mixin.py:188} INFO - [2026-06-28T19:02:08.657+0000] {dag.py:3096} INFO - Sync 1 DAGs
[2026-06-28T19:02:08.676+0000] {logging_mixin.py:188} INFO - [2026-06-28T19:02:08.676+0000] {dag.py:3954} INFO - Setting next_dagrun for tutorial_dag to None, run_after=None
[2026-06-28T19:02:08.698+0000] {processor.py:183} INFO - Processing /home/airflow/.local/lib/python3.12/site-packages/airflow/example_dags/tutorial_dag.py took 0.085 seconds
[2026-06-28T19:02:39.647+0000] {processor.py:161} INFO - Started process (PID=5154) to work on /home/airflow/.local/lib/python3.12/site-packages/airflow/example_dags/tutorial_dag.py
[2026-06-28T19:02:39.649+0000] {processor.py:830} INFO - Processing file /home/airflow/.local/lib/python3.12/site-packages/airflow/example_dags/tutorial_dag.py for tasks to queue
[2026-06-28T19:02:39.653+0000] {logging_mixin.py:188} INFO - [2026-06-28T19:02:39.652+0000] {dagbag.py:545} INFO - Filling up the DagBag from /home/airflow/.local/lib/python3.12/site-packages/airflow/example_dags/tutorial_dag.py
[2026-06-28T19:02:39.659+0000] {processor.py:840} INFO - DAG(s) 'tutorial_dag' retrieved from /home/airflow/.local/lib/python3.12/site-packages/airflow/example_dags/tutorial_dag.py
[2026-06-28T19:02:39.699+0000] {logging_mixin.py:188} INFO - [2026-06-28T19:02:39.698+0000] {dag.py:3096} INFO - Sync 1 DAGs
[2026-06-28T19:02:39.719+0000] {logging_mixin.py:188} INFO - [2026-06-28T19:02:39.719+0000] {dag.py:3954} INFO - Setting next_dagrun for tutorial_dag to None, run_after=None
[2026-06-28T19:02:39.738+0000] {processor.py:183} INFO - Processing /home/airflow/.local/lib/python3.12/site-packages/airflow/example_dags/tutorial_dag.py took 0.104 seconds
[2026-06-28T19:03:10.295+0000] {processor.py:161} INFO - Started process (PID=5213) to work on /home/airflow/.local/lib/python3.12/site-packages/airflow/example_dags/tutorial_dag.py
[2026-06-28T19:03:10.296+0000] {processor.py:830} INFO - Processing file /home/airflow/.local/lib/python3.12/site-packages/airflow/example_dags/tutorial_dag.py for tasks to queue
[2026-06-28T19:03:10.298+0000] {logging_mixin.py:188} INFO - [2026-06-28T19:03:10.298+0000] {dagbag.py:545} INFO - Filling up the DagBag from /home/airflow/.local/lib/python3.12/site-packages/airflow/example_dags/tutorial_dag.py
[2026-06-28T19:03:10.304+0000] {processor.py:840} INFO - DAG(s) 'tutorial_dag' retrieved from /home/airflow/.local/lib/python3.12/site-packages/airflow/example_dags/tutorial_dag.py
[2026-06-28T19:03:10.330+0000] {logging_mixin.py:188} INFO - [2026-06-28T19:03:10.329+0000] {dag.py:3096} INFO - Sync 1 DAGs
[2026-06-28T19:03:10.346+0000] {logging_mixin.py:188} INFO - [2026-06-28T19:03:10.346+0000] {dag.py:3954} INFO - Setting next_dagrun for tutorial_dag to None, run_after=None
[2026-06-28T19:03:10.368+0000] {processor.py:183} INFO - Processing /home/airflow/.local/lib/python3.12/site-packages/airflow/example_dags/tutorial_dag.py took 0.080 seconds
[2026-06-28T19:03:40.792+0000] {processor.py:161} INFO - Started process (PID=5272) to work on /home/airflow/.local/lib/python3.12/site-packages/airflow/example_dags/tutorial_dag.py
[2026-06-28T19:03:40.793+0000] {processor.py:830} INFO - Processing file /home/airflow/.local/lib/python3.12/site-packages/airflow/example_dags/tutorial_dag.py for tasks to queue
[2026-06-28T19:03:40.796+0000] {logging_mixin.py:188} INFO - [2026-06-28T19:03:40.795+0000] {dagbag.py:545} INFO - Filling up the DagBag from /home/airflow/.local/lib/python3.12/site-packages/airflow/example_dags/tutorial_dag.py
[2026-06-28T19:03:40.802+0000] {processor.py:840} INFO - DAG(s) 'tutorial_dag' retrieved from /home/airflow/.local/lib/python3.12/site-packages/airflow/example_dags/tutorial_dag.py
[2026-06-28T19:03:40.843+0000] {logging_mixin.py:188} INFO - [2026-06-28T19:03:40.842+0000] {dag.py:3096} INFO - Sync 1 DAGs
[2026-06-28T19:03:40.861+0000] {logging_mixin.py:188} INFO - [2026-06-28T19:03:40.861+0000] {dag.py:3954} INFO - Setting next_dagrun for tutorial_dag to None, run_after=None
[2026-06-28T19:03:40.942+0000] {processor.py:183} INFO - Processing /home/airflow/.local/lib/python3.12/site-packages/airflow/example_dags/tutorial_dag.py took 0.164 seconds
[2026-06-28T19:04:11.199+0000] {processor.py:161} INFO - Started process (PID=5331) to work on /home/airflow/.local/lib/python3.12/site-packages/airflow/example_dags/tutorial_dag.py
[2026-06-28T19:04:11.199+0000] {processor.py:830} INFO - Processing file /home/airflow/.local/lib/python3.12/site-packages/airflow/example_dags/tutorial_dag.py for tasks to queue
[2026-06-28T19:04:11.201+0000] {logging_mixin.py:188} INFO - [2026-06-28T19:04:11.201+0000] {dagbag.py:545} INFO - Filling up the DagBag from /home/airflow/.local/lib/python3.12/site-packages/airflow/example_dags/tutorial_dag.py
[2026-06-28T19:04:11.205+0000] {processor.py:840} INFO - DAG(s) 'tutorial_dag' retrieved from /home/airflow/.local/lib/python3.12/site-packages/airflow/example_dags/tutorial_dag.py
[2026-06-28T19:04:11.224+0000] {logging_mixin.py:188} INFO - [2026-06-28T19:04:11.224+0000] {dag.py:3096} INFO - Sync 1 DAGs
[2026-06-28T19:04:11.235+0000] {logging_mixin.py:188} INFO - [2026-06-28T19:04:11.235+0000] {dag.py:3954} INFO - Setting next_dagrun for tutorial_dag to None, run_after=None
[2026-06-28T19:04:11.251+0000] {processor.py:183} INFO - Processing /home/airflow/.local/lib/python3.12/site-packages/airflow/example_dags/tutorial_dag.py took 0.058 seconds
[2026-06-28T19:04:41.748+0000] {processor.py:161} INFO - Started process (PID=5390) to work on /home/airflow/.local/lib/python3.12/site-packages/airflow/example_dags/tutorial_dag.py
[2026-06-28T19:04:41.749+0000] {processor.py:830} INFO - Processing file /home/airflow/.local/lib/python3.12/site-packages/airflow/example_dags/tutorial_dag.py for tasks to queue
[2026-06-28T19:04:41.751+0000] {logging_mixin.py:188} INFO - [2026-06-28T19:04:41.751+0000] {dagbag.py:545} INFO - Filling up the DagBag from /home/airflow/.local/lib/python3.12/site-packages/airflow/example_dags/tutorial_dag.py
[2026-06-28T19:04:41.757+0000] {processor.py:840} INFO - DAG(s) 'tutorial_dag' retrieved from /home/airflow/.local/lib/python3.12/site-packages/airflow/example_dags/tutorial_dag.py
[2026-06-28T19:04:41.781+0000] {logging_mixin.py:188} INFO - [2026-06-28T19:04:41.780+0000] {dag.py:3096} INFO - Sync 1 DAGs
[2026-06-28T19:04:41.798+0000] {logging_mixin.py:188} INFO - [2026-06-28T19:04:41.798+0000] {dag.py:3954} INFO - Setting next_dagrun for tutorial_dag to None, run_after=None
[2026-06-28T19:04:41.819+0000] {processor.py:183} INFO - Processing /home/airflow/.local/lib/python3.12/site-packages/airflow/example_dags/tutorial_dag.py took 0.077 seconds
[2026-06-28T19:05:12.503+0000] {processor.py:161} INFO - Started process (PID=5449) to work on /home/airflow/.local/lib/python3.12/site-packages/airflow/example_dags/tutorial_dag.py
[2026-06-28T19:05:12.506+0000] {processor.py:830} INFO - Processing file /home/airflow/.local/lib/python3.12/site-packages/airflow/example_dags/tutorial_dag.py for tasks to queue
[2026-06-28T19:05:12.508+0000] {logging_mixin.py:188} INFO - [2026-06-28T19:05:12.508+0000] {dagbag.py:545} INFO - Filling up the DagBag from /home/airflow/.local/lib/python3.12/site-packages/airflow/example_dags/tutorial_dag.py
[2026-06-28T19:05:12.514+0000] {processor.py:840} INFO - DAG(s) 'tutorial_dag' retrieved from /home/airflow/.local/lib/python3.12/site-packages/airflow/example_dags/tutorial_dag.py
[2026-06-28T19:05:12.541+0000] {logging_mixin.py:188} INFO - [2026-06-28T19:05:12.541+0000] {dag.py:3096} INFO - Sync 1 DAGs
[2026-06-28T19:05:12.558+0000] {logging_mixin.py:188} INFO - [2026-06-28T19:05:12.558+0000] {dag.py:3954} INFO - Setting next_dagrun for tutorial_dag to None, run_after=None
[2026-06-28T19:05:12.580+0000] {processor.py:183} INFO - Processing /home/airflow/.local/lib/python3.12/site-packages/airflow/example_dags/tutorial_dag.py took 0.084 seconds
[2026-06-28T19:05:43.167+0000] {processor.py:161} INFO - Started process (PID=5508) to work on /home/airflow/.local/lib/python3.12/site-packages/airflow/example_dags/tutorial_dag.py
[2026-06-28T19:05:43.171+0000] {processor.py:830} INFO - Processing file /home/airflow/.local/lib/python3.12/site-packages/airflow/example_dags/tutorial_dag.py for tasks to queue
[2026-06-28T19:05:43.184+0000] {logging_mixin.py:188} INFO - [2026-06-28T19:05:43.183+0000] {dagbag.py:545} INFO - Filling up the DagBag from /home/airflow/.local/lib/python3.12/site-packages/airflow/example_dags/tutorial_dag.py
[2026-06-28T19:05:43.221+0000] {processor.py:840} INFO - DAG(s) 'tutorial_dag' retrieved from /home/airflow/.local/lib/python3.12/site-packages/airflow/example_dags/tutorial_dag.py
[2026-06-28T19:05:43.364+0000] {logging_mixin.py:188} INFO - [2026-06-28T19:05:43.361+0000] {dag.py:3096} INFO - Sync 1 DAGs
[2026-06-28T19:05:43.466+0000] {logging_mixin.py:188} INFO - [2026-06-28T19:05:43.464+0000] {dag.py:3954} INFO - Setting next_dagrun for tutorial_dag to None, run_after=None
[2026-06-28T19:05:43.597+0000] {processor.py:183} INFO - Processing /home/airflow/.local/lib/python3.12/site-packages/airflow/example_dags/tutorial_dag.py took 0.496 seconds
[2026-06-28T19:06:14.297+0000] {processor.py:161} INFO - Started process (PID=5567) to work on /home/airflow/.local/lib/python3.12/site-packages/airflow/example_dags/tutorial_dag.py
[2026-06-28T19:06:14.298+0000] {processor.py:830} INFO - Processing file /home/airflow/.local/lib/python3.12/site-packages/airflow/example_dags/tutorial_dag.py for tasks to queue
[2026-06-28T19:06:14.300+0000] {logging_mixin.py:188} INFO - [2026-06-28T19:06:14.300+0000] {dagbag.py:545} INFO - Filling up the DagBag from /home/airflow/.local/lib/python3.12/site-packages/airflow/example_dags/tutorial_dag.py
[2026-06-28T19:06:14.306+0000] {processor.py:840} INFO - DAG(s) 'tutorial_dag' retrieved from /home/airflow/.local/lib/python3.12/site-packages/airflow/example_dags/tutorial_dag.py
[2026-06-28T19:06:14.333+0000] {logging_mixin.py:188} INFO - [2026-06-28T19:06:14.332+0000] {dag.py:3096} INFO - Sync 1 DAGs
[2026-06-28T19:06:14.349+0000] {logging_mixin.py:188} INFO - [2026-06-28T19:06:14.349+0000] {dag.py:3954} INFO - Setting next_dagrun for tutorial_dag to None, run_after=None
[2026-06-28T19:06:14.370+0000] {processor.py:183} INFO - Processing /home/airflow/.local/lib/python3.12/site-packages/airflow/example_dags/tutorial_dag.py took 0.080 seconds
[2026-06-28T19:06:45.025+0000] {processor.py:161} INFO - Started process (PID=5627) to work on /home/airflow/.local/lib/python3.12/site-packages/airflow/example_dags/tutorial_dag.py
[2026-06-28T19:06:45.026+0000] {processor.py:830} INFO - Processing file /home/airflow/.local/lib/python3.12/site-packages/airflow/example_dags/tutorial_dag.py for tasks to queue
[2026-06-28T19:06:45.028+0000] {logging_mixin.py:188} INFO - [2026-06-28T19:06:45.028+0000] {dagbag.py:545} INFO - Filling up the DagBag from /home/airflow/.local/lib/python3.12/site-packages/airflow/example_dags/tutorial_dag.py
[2026-06-28T19:06:45.034+0000] {processor.py:840} INFO - DAG(s) 'tutorial_dag' retrieved from /home/airflow/.local/lib/python3.12/site-packages/airflow/example_dags/tutorial_dag.py
[2026-06-28T19:06:45.068+0000] {logging_mixin.py:188} INFO - [2026-06-28T19:06:45.068+0000] {dag.py:3096} INFO - Sync 1 DAGs
[2026-06-28T19:06:45.093+0000] {logging_mixin.py:188} INFO - [2026-06-28T19:06:45.092+0000] {dag.py:3954} INFO - Setting next_dagrun for tutorial_dag to None, run_after=None
[2026-06-28T19:06:45.124+0000] {processor.py:183} INFO - Processing /home/airflow/.local/lib/python3.12/site-packages/airflow/example_dags/tutorial_dag.py took 0.110 seconds
[2026-06-28T19:07:15.339+0000] {processor.py:161} INFO - Started process (PID=5686) to work on /home/airflow/.local/lib/python3.12/site-packages/airflow/example_dags/tutorial_dag.py
[2026-06-28T19:07:15.339+0000] {processor.py:830} INFO - Processing file /home/airflow/.local/lib/python3.12/site-packages/airflow/example_dags/tutorial_dag.py for tasks to queue
[2026-06-28T19:07:15.341+0000] {logging_mixin.py:188} INFO - [2026-06-28T19:07:15.341+0000] {dagbag.py:545} INFO - Filling up the DagBag from /home/airflow/.local/lib/python3.12/site-packages/airflow/example_dags/tutorial_dag.py
[2026-06-28T19:07:15.347+0000] {processor.py:840} INFO - DAG(s) 'tutorial_dag' retrieved from /home/airflow/.local/lib/python3.12/site-packages/airflow/example_dags/tutorial_dag.py
[2026-06-28T19:07:15.369+0000] {logging_mixin.py:188} INFO - [2026-06-28T19:07:15.369+0000] {dag.py:3096} INFO - Sync 1 DAGs
[2026-06-28T19:07:15.385+0000] {logging_mixin.py:188} INFO - [2026-06-28T19:07:15.385+0000] {dag.py:3954} INFO - Setting next_dagrun for tutorial_dag to None, run_after=None
[2026-06-28T19:07:15.409+0000] {processor.py:183} INFO - Processing /home/airflow/.local/lib/python3.12/site-packages/airflow/example_dags/tutorial_dag.py took 0.079 seconds
[2026-06-28T19:07:45.902+0000] {processor.py:161} INFO - Started process (PID=5745) to work on /home/airflow/.local/lib/python3.12/site-packages/airflow/example_dags/tutorial_dag.py
[2026-06-28T19:07:45.903+0000] {processor.py:830} INFO - Processing file /home/airflow/.local/lib/python3.12/site-packages/airflow/example_dags/tutorial_dag.py for tasks to queue
[2026-06-28T19:07:45.905+0000] {logging_mixin.py:188} INFO - [2026-06-28T19:07:45.904+0000] {dagbag.py:545} INFO - Filling up the DagBag from /home/airflow/.local/lib/python3.12/site-packages/airflow/example_dags/tutorial_dag.py
[2026-06-28T19:07:45.910+0000] {processor.py:840} INFO - DAG(s) 'tutorial_dag' retrieved from /home/airflow/.local/lib/python3.12/site-packages/airflow/example_dags/tutorial_dag.py
[2026-06-28T19:07:45.935+0000] {logging_mixin.py:188} INFO - [2026-06-28T19:07:45.934+0000] {dag.py:3096} INFO - Sync 1 DAGs
[2026-06-28T19:07:45.952+0000] {logging_mixin.py:188} INFO - [2026-06-28T19:07:45.952+0000] {dag.py:3954} INFO - Setting next_dagrun for tutorial_dag to None, run_after=None
[2026-06-28T19:07:45.976+0000] {processor.py:183} INFO - Processing /home/airflow/.local/lib/python3.12/site-packages/airflow/example_dags/tutorial_dag.py took 0.081 seconds
[2026-06-28T19:08:16.807+0000] {processor.py:161} INFO - Started process (PID=5804) to work on /home/airflow/.local/lib/python3.12/site-packages/airflow/example_dags/tutorial_dag.py
[2026-06-28T19:08:16.807+0000] {processor.py:830} INFO - Processing file /home/airflow/.local/lib/python3.12/site-packages/airflow/example_dags/tutorial_dag.py for tasks to queue
[2026-06-28T19:08:16.809+0000] {logging_mixin.py:188} INFO - [2026-06-28T19:08:16.809+0000] {dagbag.py:545} INFO - Filling up the DagBag from /home/airflow/.local/lib/python3.12/site-packages/airflow/example_dags/tutorial_dag.py
[2026-06-28T19:08:16.817+0000] {processor.py:840} INFO - DAG(s) 'tutorial_dag' retrieved from /home/airflow/.local/lib/python3.12/site-packages/airflow/example_dags/tutorial_dag.py
[2026-06-28T19:08:16.861+0000] {logging_mixin.py:188} INFO - [2026-06-28T19:08:16.861+0000] {dag.py:3096} INFO - Sync 1 DAGs
[2026-06-28T19:08:16.878+0000] {logging_mixin.py:188} INFO - [2026-06-28T19:08:16.878+0000] {dag.py:3954} INFO - Setting next_dagrun for tutorial_dag to None, run_after=None
[2026-06-28T19:08:16.905+0000] {processor.py:183} INFO - Processing /home/airflow/.local/lib/python3.12/site-packages/airflow/example_dags/tutorial_dag.py took 0.106 seconds
[2026-06-28T19:08:47.266+0000] {processor.py:161} INFO - Started process (PID=5863) to work on /home/airflow/.local/lib/python3.12/site-packages/airflow/example_dags/tutorial_dag.py
[2026-06-28T19:08:47.267+0000] {processor.py:830} INFO - Processing file /home/airflow/.local/lib/python3.12/site-packages/airflow/example_dags/tutorial_dag.py for tasks to queue
[2026-06-28T19:08:47.269+0000] {logging_mixin.py:188} INFO - [2026-06-28T19:08:47.268+0000] {dagbag.py:545} INFO - Filling up the DagBag from /home/airflow/.local/lib/python3.12/site-packages/airflow/example_dags/tutorial_dag.py
[2026-06-28T19:08:47.276+0000] {processor.py:840} INFO - DAG(s) 'tutorial_dag' retrieved from /home/airflow/.local/lib/python3.12/site-packages/airflow/example_dags/tutorial_dag.py
[2026-06-28T19:08:47.304+0000] {logging_mixin.py:188} INFO - [2026-06-28T19:08:47.304+0000] {dag.py:3096} INFO - Sync 1 DAGs
[2026-06-28T19:08:47.329+0000] {logging_mixin.py:188} INFO - [2026-06-28T19:08:47.329+0000] {dag.py:3954} INFO - Setting next_dagrun for tutorial_dag to None, run_after=None
[2026-06-28T19:08:47.403+0000] {processor.py:183} INFO - Processing /home/airflow/.local/lib/python3.12/site-packages/airflow/example_dags/tutorial_dag.py took 0.145 seconds
[2026-06-28T19:09:18.147+0000] {processor.py:161} INFO - Started process (PID=5922) to work on /home/airflow/.local/lib/python3.12/site-packages/airflow/example_dags/tutorial_dag.py
[2026-06-28T19:09:18.151+0000] {processor.py:830} INFO - Processing file /home/airflow/.local/lib/python3.12/site-packages/airflow/example_dags/tutorial_dag.py for tasks to queue
[2026-06-28T19:09:18.153+0000] {logging_mixin.py:188} INFO - [2026-06-28T19:09:18.152+0000] {dagbag.py:545} INFO - Filling up the DagBag from /home/airflow/.local/lib/python3.12/site-packages/airflow/example_dags/tutorial_dag.py
[2026-06-28T19:09:18.160+0000] {processor.py:840} INFO - DAG(s) 'tutorial_dag' retrieved from /home/airflow/.local/lib/python3.12/site-packages/airflow/example_dags/tutorial_dag.py
[2026-06-28T19:09:18.220+0000] {logging_mixin.py:188} INFO - [2026-06-28T19:09:18.220+0000] {dag.py:3096} INFO - Sync 1 DAGs
[2026-06-28T19:09:18.255+0000] {logging_mixin.py:188} INFO - [2026-06-28T19:09:18.254+0000] {dag.py:3954} INFO - Setting next_dagrun for tutorial_dag to None, run_after=None
[2026-06-28T19:09:18.296+0000] {processor.py:183} INFO - Processing /home/airflow/.local/lib/python3.12/site-packages/airflow/example_dags/tutorial_dag.py took 0.164 seconds
[2026-06-28T19:09:49.073+0000] {processor.py:161} INFO - Started process (PID=5980) to work on /home/airflow/.local/lib/python3.12/site-packages/airflow/example_dags/tutorial_dag.py
[2026-06-28T19:09:49.081+0000] {processor.py:830} INFO - Processing file /home/airflow/.local/lib/python3.12/site-packages/airflow/example_dags/tutorial_dag.py for tasks to queue
[2026-06-28T19:09:49.088+0000] {logging_mixin.py:188} INFO - [2026-06-28T19:09:49.087+0000] {dagbag.py:545} INFO - Filling up the DagBag from /home/airflow/.local/lib/python3.12/site-packages/airflow/example_dags/tutorial_dag.py
[2026-06-28T19:09:49.110+0000] {processor.py:840} INFO - DAG(s) 'tutorial_dag' retrieved from /home/airflow/.local/lib/python3.12/site-packages/airflow/example_dags/tutorial_dag.py
[2026-06-28T19:09:49.209+0000] {logging_mixin.py:188} INFO - [2026-06-28T19:09:49.208+0000] {dag.py:3096} INFO - Sync 1 DAGs
[2026-06-28T19:09:49.235+0000] {logging_mixin.py:188} INFO - [2026-06-28T19:09:49.234+0000] {dag.py:3954} INFO - Setting next_dagrun for tutorial_dag to None, run_after=None
[2026-06-28T19:09:49.304+0000] {processor.py:183} INFO - Processing /home/airflow/.local/lib/python3.12/site-packages/airflow/example_dags/tutorial_dag.py took 0.264 seconds
[2026-06-28T19:10:19.835+0000] {processor.py:161} INFO - Started process (PID=6039) to work on /home/airflow/.local/lib/python3.12/site-packages/airflow/example_dags/tutorial_dag.py
[2026-06-28T19:10:19.836+0000] {processor.py:830} INFO - Processing file /home/airflow/.local/lib/python3.12/site-packages/airflow/example_dags/tutorial_dag.py for tasks to queue
[2026-06-28T19:10:19.838+0000] {logging_mixin.py:188} INFO - [2026-06-28T19:10:19.837+0000] {dagbag.py:545} INFO - Filling up the DagBag from /home/airflow/.local/lib/python3.12/site-packages/airflow/example_dags/tutorial_dag.py
[2026-06-28T19:10:19.843+0000] {processor.py:840} INFO - DAG(s) 'tutorial_dag' retrieved from /home/airflow/.local/lib/python3.12/site-packages/airflow/example_dags/tutorial_dag.py
[2026-06-28T19:10:19.877+0000] {logging_mixin.py:188} INFO - [2026-06-28T19:10:19.877+0000] {dag.py:3096} INFO - Sync 1 DAGs
[2026-06-28T19:10:19.898+0000] {logging_mixin.py:188} INFO - [2026-06-28T19:10:19.897+0000] {dag.py:3954} INFO - Setting next_dagrun for tutorial_dag to None, run_after=None
[2026-06-28T19:10:19.932+0000] {processor.py:183} INFO - Processing /home/airflow/.local/lib/python3.12/site-packages/airflow/example_dags/tutorial_dag.py took 0.105 seconds
[2026-06-28T19:10:50.232+0000] {processor.py:161} INFO - Started process (PID=6098) to work on /home/airflow/.local/lib/python3.12/site-packages/airflow/example_dags/tutorial_dag.py
[2026-06-28T19:10:50.238+0000] {processor.py:830} INFO - Processing file /home/airflow/.local/lib/python3.12/site-packages/airflow/example_dags/tutorial_dag.py for tasks to queue
[2026-06-28T19:10:50.244+0000] {logging_mixin.py:188} INFO - [2026-06-28T19:10:50.243+0000] {dagbag.py:545} INFO - Filling up the DagBag from /home/airflow/.local/lib/python3.12/site-packages/airflow/example_dags/tutorial_dag.py
[2026-06-28T19:10:50.269+0000] {processor.py:840} INFO - DAG(s) 'tutorial_dag' retrieved from /home/airflow/.local/lib/python3.12/site-packages/airflow/example_dags/tutorial_dag.py
[2026-06-28T19:10:50.332+0000] {logging_mixin.py:188} INFO - [2026-06-28T19:10:50.331+0000] {dag.py:3096} INFO - Sync 1 DAGs
[2026-06-28T19:10:50.380+0000] {logging_mixin.py:188} INFO - [2026-06-28T19:10:50.380+0000] {dag.py:3954} INFO - Setting next_dagrun for tutorial_dag to None, run_after=None
[2026-06-28T19:10:50.457+0000] {processor.py:183} INFO - Processing /home/airflow/.local/lib/python3.12/site-packages/airflow/example_dags/tutorial_dag.py took 0.252 seconds
[2026-06-28T19:11:20.918+0000] {processor.py:161} INFO - Started process (PID=6158) to work on /home/airflow/.local/lib/python3.12/site-packages/airflow/example_dags/tutorial_dag.py
[2026-06-28T19:11:20.919+0000] {processor.py:830} INFO - Processing file /home/airflow/.local/lib/python3.12/site-packages/airflow/example_dags/tutorial_dag.py for tasks to queue
[2026-06-28T19:11:20.921+0000] {logging_mixin.py:188} INFO - [2026-06-28T19:11:20.921+0000] {dagbag.py:545} INFO - Filling up the DagBag from /home/airflow/.local/lib/python3.12/site-packages/airflow/example_dags/tutorial_dag.py
[2026-06-28T19:11:20.927+0000] {processor.py:840} INFO - DAG(s) 'tutorial_dag' retrieved from /home/airflow/.local/lib/python3.12/site-packages/airflow/example_dags/tutorial_dag.py
[2026-06-28T19:11:20.964+0000] {logging_mixin.py:188} INFO - [2026-06-28T19:11:20.964+0000] {dag.py:3096} INFO - Sync 1 DAGs
[2026-06-28T19:11:20.984+0000] {logging_mixin.py:188} INFO - [2026-06-28T19:11:20.984+0000] {dag.py:3954} INFO - Setting next_dagrun for tutorial_dag to None, run_after=None
[2026-06-28T19:11:21.019+0000] {processor.py:183} INFO - Processing /home/airflow/.local/lib/python3.12/site-packages/airflow/example_dags/tutorial_dag.py took 0.108 seconds
[2026-06-28T19:11:51.103+0000] {processor.py:161} INFO - Started process (PID=6216) to work on /home/airflow/.local/lib/python3.12/site-packages/airflow/example_dags/tutorial_dag.py
[2026-06-28T19:11:51.104+0000] {processor.py:830} INFO - Processing file /home/airflow/.local/lib/python3.12/site-packages/airflow/example_dags/tutorial_dag.py for tasks to queue
[2026-06-28T19:11:51.106+0000] {logging_mixin.py:188} INFO - [2026-06-28T19:11:51.106+0000] {dagbag.py:545} INFO - Filling up the DagBag from /home/airflow/.local/lib/python3.12/site-packages/airflow/example_dags/tutorial_dag.py
[2026-06-28T19:11:51.115+0000] {processor.py:840} INFO - DAG(s) 'tutorial_dag' retrieved from /home/airflow/.local/lib/python3.12/site-packages/airflow/example_dags/tutorial_dag.py
[2026-06-28T19:11:51.150+0000] {logging_mixin.py:188} INFO - [2026-06-28T19:11:51.149+0000] {dag.py:3096} INFO - Sync 1 DAGs
[2026-06-28T19:11:51.171+0000] {logging_mixin.py:188} INFO - [2026-06-28T19:11:51.171+0000] {dag.py:3954} INFO - Setting next_dagrun for tutorial_dag to None, run_after=None
[2026-06-28T19:11:51.196+0000] {processor.py:183} INFO - Processing /home/airflow/.local/lib/python3.12/site-packages/airflow/example_dags/tutorial_dag.py took 0.102 seconds
[2026-06-28T19:12:22.381+0000] {processor.py:161} INFO - Started process (PID=6275) to work on /home/airflow/.local/lib/python3.12/site-packages/airflow/example_dags/tutorial_dag.py
[2026-06-28T19:12:22.385+0000] {processor.py:830} INFO - Processing file /home/airflow/.local/lib/python3.12/site-packages/airflow/example_dags/tutorial_dag.py for tasks to queue
[2026-06-28T19:12:22.389+0000] {logging_mixin.py:188} INFO - [2026-06-28T19:12:22.388+0000] {dagbag.py:545} INFO - Filling up the DagBag from /home/airflow/.local/lib/python3.12/site-packages/airflow/example_dags/tutorial_dag.py
[2026-06-28T19:12:22.396+0000] {processor.py:840} INFO - DAG(s) 'tutorial_dag' retrieved from /home/airflow/.local/lib/python3.12/site-packages/airflow/example_dags/tutorial_dag.py
[2026-06-28T19:12:22.425+0000] {logging_mixin.py:188} INFO - [2026-06-28T19:12:22.425+0000] {dag.py:3096} INFO - Sync 1 DAGs
[2026-06-28T19:12:22.443+0000] {logging_mixin.py:188} INFO - [2026-06-28T19:12:22.443+0000] {dag.py:3954} INFO - Setting next_dagrun for tutorial_dag to None, run_after=None
[2026-06-28T19:12:22.467+0000] {processor.py:183} INFO - Processing /home/airflow/.local/lib/python3.12/site-packages/airflow/example_dags/tutorial_dag.py took 0.093 seconds
[2026-06-28T19:12:53.573+0000] {processor.py:161} INFO - Started process (PID=6335) to work on /home/airflow/.local/lib/python3.12/site-packages/airflow/example_dags/tutorial_dag.py
[2026-06-28T19:12:53.588+0000] {processor.py:830} INFO - Processing file /home/airflow/.local/lib/python3.12/site-packages/airflow/example_dags/tutorial_dag.py for tasks to queue
[2026-06-28T19:12:53.599+0000] {logging_mixin.py:188} INFO - [2026-06-28T19:12:53.598+0000] {dagbag.py:545} INFO - Filling up the DagBag from /home/airflow/.local/lib/python3.12/site-packages/airflow/example_dags/tutorial_dag.py
[2026-06-28T19:12:53.622+0000] {processor.py:840} INFO - DAG(s) 'tutorial_dag' retrieved from /home/airflow/.local/lib/python3.12/site-packages/airflow/example_dags/tutorial_dag.py
[2026-06-28T19:12:53.766+0000] {logging_mixin.py:188} INFO - [2026-06-28T19:12:53.765+0000] {dag.py:3096} INFO - Sync 1 DAGs
[2026-06-28T19:12:53.815+0000] {logging_mixin.py:188} INFO - [2026-06-28T19:12:53.813+0000] {dag.py:3954} INFO - Setting next_dagrun for tutorial_dag to None, run_after=None
[2026-06-28T19:12:53.902+0000] {processor.py:183} INFO - Processing /home/airflow/.local/lib/python3.12/site-packages/airflow/example_dags/tutorial_dag.py took 0.353 seconds
[2026-06-28T19:13:24.027+0000] {processor.py:161} INFO - Started process (PID=6393) to work on /home/airflow/.local/lib/python3.12/site-packages/airflow/example_dags/tutorial_dag.py
[2026-06-28T19:13:24.030+0000] {processor.py:830} INFO - Processing file /home/airflow/.local/lib/python3.12/site-packages/airflow/example_dags/tutorial_dag.py for tasks to queue
[2026-06-28T19:13:24.032+0000] {logging_mixin.py:188} INFO - [2026-06-28T19:13:24.031+0000] {dagbag.py:545} INFO - Filling up the DagBag from /home/airflow/.local/lib/python3.12/site-packages/airflow/example_dags/tutorial_dag.py
[2026-06-28T19:13:24.039+0000] {processor.py:840} INFO - DAG(s) 'tutorial_dag' retrieved from /home/airflow/.local/lib/python3.12/site-packages/airflow/example_dags/tutorial_dag.py
[2026-06-28T19:13:24.069+0000] {logging_mixin.py:188} INFO - [2026-06-28T19:13:24.069+0000] {dag.py:3096} INFO - Sync 1 DAGs
[2026-06-28T19:13:24.081+0000] {logging_mixin.py:188} INFO - [2026-06-28T19:13:24.081+0000] {dag.py:3954} INFO - Setting next_dagrun for tutorial_dag to None, run_after=None
[2026-06-28T19:13:24.097+0000] {processor.py:183} INFO - Processing /home/airflow/.local/lib/python3.12/site-packages/airflow/example_dags/tutorial_dag.py took 0.077 seconds
[2026-06-28T19:13:54.640+0000] {processor.py:161} INFO - Started process (PID=6450) to work on /home/airflow/.local/lib/python3.12/site-packages/airflow/example_dags/tutorial_dag.py
[2026-06-28T19:13:54.644+0000] {processor.py:830} INFO - Processing file /home/airflow/.local/lib/python3.12/site-packages/airflow/example_dags/tutorial_dag.py for tasks to queue
[2026-06-28T19:13:54.654+0000] {logging_mixin.py:188} INFO - [2026-06-28T19:13:54.654+0000] {dagbag.py:545} INFO - Filling up the DagBag from /home/airflow/.local/lib/python3.12/site-packages/airflow/example_dags/tutorial_dag.py
[2026-06-28T19:13:54.674+0000] {processor.py:840} INFO - DAG(s) 'tutorial_dag' retrieved from /home/airflow/.local/lib/python3.12/site-packages/airflow/example_dags/tutorial_dag.py
[2026-06-28T19:13:54.708+0000] {logging_mixin.py:188} INFO - [2026-06-28T19:13:54.708+0000] {dag.py:3096} INFO - Sync 1 DAGs
[2026-06-28T19:13:54.727+0000] {logging_mixin.py:188} INFO - [2026-06-28T19:13:54.726+0000] {dag.py:3954} INFO - Setting next_dagrun for tutorial_dag to None, run_after=None
[2026-06-28T19:13:54.757+0000] {processor.py:183} INFO - Processing /home/airflow/.local/lib/python3.12/site-packages/airflow/example_dags/tutorial_dag.py took 0.134 seconds
[2026-06-28T19:14:25.655+0000] {processor.py:161} INFO - Started process (PID=6509) to work on /home/airflow/.local/lib/python3.12/site-packages/airflow/example_dags/tutorial_dag.py
[2026-06-28T19:14:25.657+0000] {processor.py:830} INFO - Processing file /home/airflow/.local/lib/python3.12/site-packages/airflow/example_dags/tutorial_dag.py for tasks to queue
[2026-06-28T19:14:25.659+0000] {logging_mixin.py:188} INFO - [2026-06-28T19:14:25.659+0000] {dagbag.py:545} INFO - Filling up the DagBag from /home/airflow/.local/lib/python3.12/site-packages/airflow/example_dags/tutorial_dag.py
[2026-06-28T19:14:25.667+0000] {processor.py:840} INFO - DAG(s) 'tutorial_dag' retrieved from /home/airflow/.local/lib/python3.12/site-packages/airflow/example_dags/tutorial_dag.py
[2026-06-28T19:14:25.691+0000] {logging_mixin.py:188} INFO - [2026-06-28T19:14:25.691+0000] {dag.py:3096} INFO - Sync 1 DAGs
[2026-06-28T19:14:25.707+0000] {logging_mixin.py:188} INFO - [2026-06-28T19:14:25.706+0000] {dag.py:3954} INFO - Setting next_dagrun for tutorial_dag to None, run_after=None
[2026-06-28T19:14:25.723+0000] {processor.py:183} INFO - Processing /home/airflow/.local/lib/python3.12/site-packages/airflow/example_dags/tutorial_dag.py took 0.074 seconds
[2026-06-28T19:14:56.796+0000] {processor.py:161} INFO - Started process (PID=6567) to work on /home/airflow/.local/lib/python3.12/site-packages/airflow/example_dags/tutorial_dag.py
[2026-06-28T19:14:56.798+0000] {processor.py:830} INFO - Processing file /home/airflow/.local/lib/python3.12/site-packages/airflow/example_dags/tutorial_dag.py for tasks to queue
[2026-06-28T19:14:56.805+0000] {logging_mixin.py:188} INFO - [2026-06-28T19:14:56.804+0000] {dagbag.py:545} INFO - Filling up the DagBag from /home/airflow/.local/lib/python3.12/site-packages/airflow/example_dags/tutorial_dag.py
[2026-06-28T19:14:56.817+0000] {processor.py:840} INFO - DAG(s) 'tutorial_dag' retrieved from /home/airflow/.local/lib/python3.12/site-packages/airflow/example_dags/tutorial_dag.py
[2026-06-28T19:14:56.862+0000] {logging_mixin.py:188} INFO - [2026-06-28T19:14:56.861+0000] {dag.py:3096} INFO - Sync 1 DAGs
[2026-06-28T19:14:57.250+0000] {logging_mixin.py:188} INFO - [2026-06-28T19:14:57.250+0000] {dag.py:3954} INFO - Setting next_dagrun for tutorial_dag to None, run_after=None
[2026-06-28T19:14:57.277+0000] {processor.py:183} INFO - Processing /home/airflow/.local/lib/python3.12/site-packages/airflow/example_dags/tutorial_dag.py took 0.498 seconds
[2026-06-28T19:15:27.339+0000] {processor.py:161} INFO - Started process (PID=6626) to work on /home/airflow/.local/lib/python3.12/site-packages/airflow/example_dags/tutorial_dag.py
[2026-06-28T19:15:27.345+0000] {processor.py:830} INFO - Processing file /home/airflow/.local/lib/python3.12/site-packages/airflow/example_dags/tutorial_dag.py for tasks to queue
[2026-06-28T19:15:27.346+0000] {logging_mixin.py:188} INFO - [2026-06-28T19:15:27.346+0000] {dagbag.py:545} INFO - Filling up the DagBag from /home/airflow/.local/lib/python3.12/site-packages/airflow/example_dags/tutorial_dag.py
[2026-06-28T19:15:27.350+0000] {processor.py:840} INFO - DAG(s) 'tutorial_dag' retrieved from /home/airflow/.local/lib/python3.12/site-packages/airflow/example_dags/tutorial_dag.py
[2026-06-28T19:15:27.368+0000] {logging_mixin.py:188} INFO - [2026-06-28T19:15:27.368+0000] {dag.py:3096} INFO - Sync 1 DAGs
[2026-06-28T19:15:27.379+0000] {logging_mixin.py:188} INFO - [2026-06-28T19:15:27.379+0000] {dag.py:3954} INFO - Setting next_dagrun for tutorial_dag to None, run_after=None
[2026-06-28T19:15:27.397+0000] {processor.py:183} INFO - Processing /home/airflow/.local/lib/python3.12/site-packages/airflow/example_dags/tutorial_dag.py took 0.064 seconds
[2026-06-28T19:15:57.552+0000] {processor.py:161} INFO - Started process (PID=6684) to work on /home/airflow/.local/lib/python3.12/site-packages/airflow/example_dags/tutorial_dag.py
[2026-06-28T19:15:57.581+0000] {processor.py:830} INFO - Processing file /home/airflow/.local/lib/python3.12/site-packages/airflow/example_dags/tutorial_dag.py for tasks to queue
[2026-06-28T19:15:57.586+0000] {logging_mixin.py:188} INFO - [2026-06-28T19:15:57.585+0000] {dagbag.py:545} INFO - Filling up the DagBag from /home/airflow/.local/lib/python3.12/site-packages/airflow/example_dags/tutorial_dag.py
[2026-06-28T19:15:57.610+0000] {processor.py:840} INFO - DAG(s) 'tutorial_dag' retrieved from /home/airflow/.local/lib/python3.12/site-packages/airflow/example_dags/tutorial_dag.py
[2026-06-28T19:15:57.681+0000] {logging_mixin.py:188} INFO - [2026-06-28T19:15:57.681+0000] {dag.py:3096} INFO - Sync 1 DAGs
[2026-06-28T19:15:57.788+0000] {logging_mixin.py:188} INFO - [2026-06-28T19:15:57.788+0000] {dag.py:3954} INFO - Setting next_dagrun for tutorial_dag to None, run_after=None
[2026-06-28T19:15:57.854+0000] {processor.py:183} INFO - Processing /home/airflow/.local/lib/python3.12/site-packages/airflow/example_dags/tutorial_dag.py took 0.320 seconds
[2026-06-28T19:16:27.919+0000] {processor.py:161} INFO - Started process (PID=6742) to work on /home/airflow/.local/lib/python3.12/site-packages/airflow/example_dags/tutorial_dag.py
[2026-06-28T19:16:27.924+0000] {processor.py:830} INFO - Processing file /home/airflow/.local/lib/python3.12/site-packages/airflow/example_dags/tutorial_dag.py for tasks to queue
[2026-06-28T19:16:27.926+0000] {logging_mixin.py:188} INFO - [2026-06-28T19:16:27.926+0000] {dagbag.py:545} INFO - Filling up the DagBag from /home/airflow/.local/lib/python3.12/site-packages/airflow/example_dags/tutorial_dag.py
[2026-06-28T19:16:27.932+0000] {processor.py:840} INFO - DAG(s) 'tutorial_dag' retrieved from /home/airflow/.local/lib/python3.12/site-packages/airflow/example_dags/tutorial_dag.py
[2026-06-28T19:16:27.967+0000] {logging_mixin.py:188} INFO - [2026-06-28T19:16:27.967+0000] {dag.py:3096} INFO - Sync 1 DAGs
[2026-06-28T19:16:27.983+0000] {logging_mixin.py:188} INFO - [2026-06-28T19:16:27.982+0000] {dag.py:3954} INFO - Setting next_dagrun for tutorial_dag to None, run_after=None
[2026-06-28T19:16:28.011+0000] {processor.py:183} INFO - Processing /home/airflow/.local/lib/python3.12/site-packages/airflow/example_dags/tutorial_dag.py took 0.099 seconds
[2026-06-28T19:16:58.262+0000] {processor.py:161} INFO - Started process (PID=6801) to work on /home/airflow/.local/lib/python3.12/site-packages/airflow/example_dags/tutorial_dag.py
[2026-06-28T19:16:58.276+0000] {processor.py:830} INFO - Processing file /home/airflow/.local/lib/python3.12/site-packages/airflow/example_dags/tutorial_dag.py for tasks to queue
[2026-06-28T19:16:58.287+0000] {logging_mixin.py:188} INFO - [2026-06-28T19:16:58.286+0000] {dagbag.py:545} INFO - Filling up the DagBag from /home/airflow/.local/lib/python3.12/site-packages/airflow/example_dags/tutorial_dag.py
[2026-06-28T19:16:58.311+0000] {processor.py:840} INFO - DAG(s) 'tutorial_dag' retrieved from /home/airflow/.local/lib/python3.12/site-packages/airflow/example_dags/tutorial_dag.py
[2026-06-28T19:16:58.465+0000] {logging_mixin.py:188} INFO - [2026-06-28T19:16:58.465+0000] {dag.py:3096} INFO - Sync 1 DAGs
[2026-06-28T19:16:58.497+0000] {logging_mixin.py:188} INFO - [2026-06-28T19:16:58.497+0000] {dag.py:3954} INFO - Setting next_dagrun for tutorial_dag to None, run_after=None
[2026-06-28T19:16:58.571+0000] {processor.py:183} INFO - Processing /home/airflow/.local/lib/python3.12/site-packages/airflow/example_dags/tutorial_dag.py took 0.351 seconds
[2026-06-28T19:17:28.757+0000] {processor.py:161} INFO - Started process (PID=6860) to work on /home/airflow/.local/lib/python3.12/site-packages/airflow/example_dags/tutorial_dag.py
[2026-06-28T19:17:28.763+0000] {processor.py:830} INFO - Processing file /home/airflow/.local/lib/python3.12/site-packages/airflow/example_dags/tutorial_dag.py for tasks to queue
[2026-06-28T19:17:28.766+0000] {logging_mixin.py:188} INFO - [2026-06-28T19:17:28.765+0000] {dagbag.py:545} INFO - Filling up the DagBag from /home/airflow/.local/lib/python3.12/site-packages/airflow/example_dags/tutorial_dag.py
[2026-06-28T19:17:28.772+0000] {processor.py:840} INFO - DAG(s) 'tutorial_dag' retrieved from /home/airflow/.local/lib/python3.12/site-packages/airflow/example_dags/tutorial_dag.py
[2026-06-28T19:17:28.811+0000] {logging_mixin.py:188} INFO - [2026-06-28T19:17:28.811+0000] {dag.py:3096} INFO - Sync 1 DAGs
[2026-06-28T19:17:28.829+0000] {logging_mixin.py:188} INFO - [2026-06-28T19:17:28.827+0000] {dag.py:3954} INFO - Setting next_dagrun for tutorial_dag to None, run_after=None
[2026-06-28T19:17:28.853+0000] {processor.py:183} INFO - Processing /home/airflow/.local/lib/python3.12/site-packages/airflow/example_dags/tutorial_dag.py took 0.104 seconds
[2026-06-28T19:17:59.068+0000] {processor.py:161} INFO - Started process (PID=6919) to work on /home/airflow/.local/lib/python3.12/site-packages/airflow/example_dags/tutorial_dag.py
[2026-06-28T19:17:59.069+0000] {processor.py:830} INFO - Processing file /home/airflow/.local/lib/python3.12/site-packages/airflow/example_dags/tutorial_dag.py for tasks to queue
[2026-06-28T19:17:59.073+0000] {logging_mixin.py:188} INFO - [2026-06-28T19:17:59.073+0000] {dagbag.py:545} INFO - Filling up the DagBag from /home/airflow/.local/lib/python3.12/site-packages/airflow/example_dags/tutorial_dag.py
[2026-06-28T19:17:59.135+0000] {processor.py:840} INFO - DAG(s) 'tutorial_dag' retrieved from /home/airflow/.local/lib/python3.12/site-packages/airflow/example_dags/tutorial_dag.py
[2026-06-28T19:17:59.303+0000] {logging_mixin.py:188} INFO - [2026-06-28T19:17:59.302+0000] {dag.py:3096} INFO - Sync 1 DAGs
[2026-06-28T19:17:59.374+0000] {logging_mixin.py:188} INFO - [2026-06-28T19:17:59.374+0000] {dag.py:3954} INFO - Setting next_dagrun for tutorial_dag to None, run_after=None
[2026-06-28T19:17:59.424+0000] {processor.py:183} INFO - Processing /home/airflow/.local/lib/python3.12/site-packages/airflow/example_dags/tutorial_dag.py took 0.396 seconds
[2026-06-28T19:18:30.184+0000] {processor.py:161} INFO - Started process (PID=6978) to work on /home/airflow/.local/lib/python3.12/site-packages/airflow/example_dags/tutorial_dag.py
[2026-06-28T19:18:30.185+0000] {processor.py:830} INFO - Processing file /home/airflow/.local/lib/python3.12/site-packages/airflow/example_dags/tutorial_dag.py for tasks to queue
[2026-06-28T19:18:30.186+0000] {logging_mixin.py:188} INFO - [2026-06-28T19:18:30.186+0000] {dagbag.py:545} INFO - Filling up the DagBag from /home/airflow/.local/lib/python3.12/site-packages/airflow/example_dags/tutorial_dag.py
[2026-06-28T19:18:30.196+0000] {processor.py:840} INFO - DAG(s) 'tutorial_dag' retrieved from /home/airflow/.local/lib/python3.12/site-packages/airflow/example_dags/tutorial_dag.py
[2026-06-28T19:18:30.254+0000] {logging_mixin.py:188} INFO - [2026-06-28T19:18:30.252+0000] {dag.py:3096} INFO - Sync 1 DAGs
[2026-06-28T19:18:30.306+0000] {logging_mixin.py:188} INFO - [2026-06-28T19:18:30.305+0000] {dag.py:3954} INFO - Setting next_dagrun for tutorial_dag to None, run_after=None
[2026-06-28T19:18:30.401+0000] {processor.py:183} INFO - Processing /home/airflow/.local/lib/python3.12/site-packages/airflow/example_dags/tutorial_dag.py took 0.227 seconds
[2026-06-28T19:19:00.855+0000] {processor.py:161} INFO - Started process (PID=7037) to work on /home/airflow/.local/lib/python3.12/site-packages/airflow/example_dags/tutorial_dag.py
[2026-06-28T19:19:00.868+0000] {processor.py:830} INFO - Processing file /home/airflow/.local/lib/python3.12/site-packages/airflow/example_dags/tutorial_dag.py for tasks to queue
[2026-06-28T19:19:00.876+0000] {logging_mixin.py:188} INFO - [2026-06-28T19:19:00.875+0000] {dagbag.py:545} INFO - Filling up the DagBag from /home/airflow/.local/lib/python3.12/site-packages/airflow/example_dags/tutorial_dag.py
[2026-06-28T19:19:00.896+0000] {processor.py:840} INFO - DAG(s) 'tutorial_dag' retrieved from /home/airflow/.local/lib/python3.12/site-packages/airflow/example_dags/tutorial_dag.py
[2026-06-28T19:19:00.953+0000] {logging_mixin.py:188} INFO - [2026-06-28T19:19:00.953+0000] {dag.py:3096} INFO - Sync 1 DAGs
[2026-06-28T19:19:01.002+0000] {logging_mixin.py:188} INFO - [2026-06-28T19:19:01.001+0000] {dag.py:3954} INFO - Setting next_dagrun for tutorial_dag to None, run_after=None
[2026-06-28T19:19:01.111+0000] {processor.py:183} INFO - Processing /home/airflow/.local/lib/python3.12/site-packages/airflow/example_dags/tutorial_dag.py took 0.280 seconds
[2026-06-28T19:19:31.852+0000] {processor.py:161} INFO - Started process (PID=7096) to work on /home/airflow/.local/lib/python3.12/site-packages/airflow/example_dags/tutorial_dag.py
[2026-06-28T19:19:31.853+0000] {processor.py:830} INFO - Processing file /home/airflow/.local/lib/python3.12/site-packages/airflow/example_dags/tutorial_dag.py for tasks to queue
[2026-06-28T19:19:31.855+0000] {logging_mixin.py:188} INFO - [2026-06-28T19:19:31.855+0000] {dagbag.py:545} INFO - Filling up the DagBag from /home/airflow/.local/lib/python3.12/site-packages/airflow/example_dags/tutorial_dag.py
[2026-06-28T19:19:31.861+0000] {processor.py:840} INFO - DAG(s) 'tutorial_dag' retrieved from /home/airflow/.local/lib/python3.12/site-packages/airflow/example_dags/tutorial_dag.py
[2026-06-28T19:19:31.884+0000] {logging_mixin.py:188} INFO - [2026-06-28T19:19:31.884+0000] {dag.py:3096} INFO - Sync 1 DAGs
[2026-06-28T19:19:31.901+0000] {logging_mixin.py:188} INFO - [2026-06-28T19:19:31.901+0000] {dag.py:3954} INFO - Setting next_dagrun for tutorial_dag to None, run_after=None
[2026-06-28T19:19:31.923+0000] {processor.py:183} INFO - Processing /home/airflow/.local/lib/python3.12/site-packages/airflow/example_dags/tutorial_dag.py took 0.079 seconds
[2026-06-28T19:20:02.136+0000] {processor.py:161} INFO - Started process (PID=7155) to work on /home/airflow/.local/lib/python3.12/site-packages/airflow/example_dags/tutorial_dag.py
[2026-06-28T19:20:02.149+0000] {processor.py:830} INFO - Processing file /home/airflow/.local/lib/python3.12/site-packages/airflow/example_dags/tutorial_dag.py for tasks to queue
[2026-06-28T19:20:02.157+0000] {logging_mixin.py:188} INFO - [2026-06-28T19:20:02.156+0000] {dagbag.py:545} INFO - Filling up the DagBag from /home/airflow/.local/lib/python3.12/site-packages/airflow/example_dags/tutorial_dag.py
[2026-06-28T19:20:02.171+0000] {processor.py:840} INFO - DAG(s) 'tutorial_dag' retrieved from /home/airflow/.local/lib/python3.12/site-packages/airflow/example_dags/tutorial_dag.py
[2026-06-28T19:20:02.233+0000] {logging_mixin.py:188} INFO - [2026-06-28T19:20:02.232+0000] {dag.py:3096} INFO - Sync 1 DAGs
[2026-06-28T19:20:02.282+0000] {logging_mixin.py:188} INFO - [2026-06-28T19:20:02.282+0000] {dag.py:3954} INFO - Setting next_dagrun for tutorial_dag to None, run_after=None
[2026-06-28T19:20:02.342+0000] {processor.py:183} INFO - Processing /home/airflow/.local/lib/python3.12/site-packages/airflow/example_dags/tutorial_dag.py took 0.238 seconds
[2026-06-28T19:20:32.461+0000] {processor.py:161} INFO - Started process (PID=7214) to work on /home/airflow/.local/lib/python3.12/site-packages/airflow/example_dags/tutorial_dag.py
[2026-06-28T19:20:32.462+0000] {processor.py:830} INFO - Processing file /home/airflow/.local/lib/python3.12/site-packages/airflow/example_dags/tutorial_dag.py for tasks to queue
[2026-06-28T19:20:32.463+0000] {logging_mixin.py:188} INFO - [2026-06-28T19:20:32.463+0000] {dagbag.py:545} INFO - Filling up the DagBag from /home/airflow/.local/lib/python3.12/site-packages/airflow/example_dags/tutorial_dag.py
[2026-06-28T19:20:32.467+0000] {processor.py:840} INFO - DAG(s) 'tutorial_dag' retrieved from /home/airflow/.local/lib/python3.12/site-packages/airflow/example_dags/tutorial_dag.py
[2026-06-28T19:20:32.486+0000] {logging_mixin.py:188} INFO - [2026-06-28T19:20:32.486+0000] {dag.py:3096} INFO - Sync 1 DAGs
[2026-06-28T19:20:32.501+0000] {logging_mixin.py:188} INFO - [2026-06-28T19:20:32.501+0000] {dag.py:3954} INFO - Setting next_dagrun for tutorial_dag to None, run_after=None
[2026-06-28T19:20:32.521+0000] {processor.py:183} INFO - Processing /home/airflow/.local/lib/python3.12/site-packages/airflow/example_dags/tutorial_dag.py took 0.064 seconds
[2026-06-28T19:21:03.060+0000] {processor.py:161} INFO - Started process (PID=7270) to work on /home/airflow/.local/lib/python3.12/site-packages/airflow/example_dags/tutorial_dag.py
[2026-06-28T19:21:03.064+0000] {processor.py:830} INFO - Processing file /home/airflow/.local/lib/python3.12/site-packages/airflow/example_dags/tutorial_dag.py for tasks to queue
[2026-06-28T19:21:03.066+0000] {logging_mixin.py:188} INFO - [2026-06-28T19:21:03.066+0000] {dagbag.py:545} INFO - Filling up the DagBag from /home/airflow/.local/lib/python3.12/site-packages/airflow/example_dags/tutorial_dag.py
[2026-06-28T19:21:03.072+0000] {processor.py:840} INFO - DAG(s) 'tutorial_dag' retrieved from /home/airflow/.local/lib/python3.12/site-packages/airflow/example_dags/tutorial_dag.py
[2026-06-28T19:21:03.098+0000] {logging_mixin.py:188} INFO - [2026-06-28T19:21:03.097+0000] {dag.py:3096} INFO - Sync 1 DAGs
[2026-06-28T19:21:03.116+0000] {logging_mixin.py:188} INFO - [2026-06-28T19:21:03.115+0000] {dag.py:3954} INFO - Setting next_dagrun for tutorial_dag to None, run_after=None
[2026-06-28T19:21:03.155+0000] {processor.py:183} INFO - Processing /home/airflow/.local/lib/python3.12/site-packages/airflow/example_dags/tutorial_dag.py took 0.102 seconds
[2026-06-28T19:21:33.948+0000] {processor.py:161} INFO - Started process (PID=7329) to work on /home/airflow/.local/lib/python3.12/site-packages/airflow/example_dags/tutorial_dag.py
[2026-06-28T19:21:33.950+0000] {processor.py:830} INFO - Processing file /home/airflow/.local/lib/python3.12/site-packages/airflow/example_dags/tutorial_dag.py for tasks to queue
[2026-06-28T19:21:33.957+0000] {logging_mixin.py:188} INFO - [2026-06-28T19:21:33.956+0000] {dagbag.py:545} INFO - Filling up the DagBag from /home/airflow/.local/lib/python3.12/site-packages/airflow/example_dags/tutorial_dag.py
[2026-06-28T19:21:33.996+0000] {processor.py:840} INFO - DAG(s) 'tutorial_dag' retrieved from /home/airflow/.local/lib/python3.12/site-packages/airflow/example_dags/tutorial_dag.py
[2026-06-28T19:21:34.061+0000] {logging_mixin.py:188} INFO - [2026-06-28T19:21:34.061+0000] {dag.py:3096} INFO - Sync 1 DAGs
[2026-06-28T19:21:34.104+0000] {logging_mixin.py:188} INFO - [2026-06-28T19:21:34.103+0000] {dag.py:3954} INFO - Setting next_dagrun for tutorial_dag to None, run_after=None
[2026-06-28T19:21:34.173+0000] {processor.py:183} INFO - Processing /home/airflow/.local/lib/python3.12/site-packages/airflow/example_dags/tutorial_dag.py took 0.264 seconds
[2026-06-28T19:22:04.712+0000] {processor.py:161} INFO - Started process (PID=7388) to work on /home/airflow/.local/lib/python3.12/site-packages/airflow/example_dags/tutorial_dag.py
[2026-06-28T19:22:04.730+0000] {processor.py:830} INFO - Processing file /home/airflow/.local/lib/python3.12/site-packages/airflow/example_dags/tutorial_dag.py for tasks to queue
[2026-06-28T19:22:04.734+0000] {logging_mixin.py:188} INFO - [2026-06-28T19:22:04.734+0000] {dagbag.py:545} INFO - Filling up the DagBag from /home/airflow/.local/lib/python3.12/site-packages/airflow/example_dags/tutorial_dag.py
[2026-06-28T19:22:04.740+0000] {processor.py:840} INFO - DAG(s) 'tutorial_dag' retrieved from /home/airflow/.local/lib/python3.12/site-packages/airflow/example_dags/tutorial_dag.py
[2026-06-28T19:22:04.764+0000] {logging_mixin.py:188} INFO - [2026-06-28T19:22:04.764+0000] {dag.py:3096} INFO - Sync 1 DAGs
[2026-06-28T19:22:04.782+0000] {logging_mixin.py:188} INFO - [2026-06-28T19:22:04.781+0000] {dag.py:3954} INFO - Setting next_dagrun for tutorial_dag to None, run_after=None
[2026-06-28T19:22:04.803+0000] {processor.py:183} INFO - Processing /home/airflow/.local/lib/python3.12/site-packages/airflow/example_dags/tutorial_dag.py took 0.109 seconds
[2026-06-28T19:22:35.283+0000] {processor.py:161} INFO - Started process (PID=7447) to work on /home/airflow/.local/lib/python3.12/site-packages/airflow/example_dags/tutorial_dag.py
[2026-06-28T19:22:35.287+0000] {processor.py:830} INFO - Processing file /home/airflow/.local/lib/python3.12/site-packages/airflow/example_dags/tutorial_dag.py for tasks to queue
[2026-06-28T19:22:35.293+0000] {logging_mixin.py:188} INFO - [2026-06-28T19:22:35.292+0000] {dagbag.py:545} INFO - Filling up the DagBag from /home/airflow/.local/lib/python3.12/site-packages/airflow/example_dags/tutorial_dag.py
[2026-06-28T19:22:35.307+0000] {processor.py:840} INFO - DAG(s) 'tutorial_dag' retrieved from /home/airflow/.local/lib/python3.12/site-packages/airflow/example_dags/tutorial_dag.py
[2026-06-28T19:22:35.387+0000] {logging_mixin.py:188} INFO - [2026-06-28T19:22:35.383+0000] {dag.py:3096} INFO - Sync 1 DAGs
[2026-06-28T19:22:35.422+0000] {logging_mixin.py:188} INFO - [2026-06-28T19:22:35.422+0000] {dag.py:3954} INFO - Setting next_dagrun for tutorial_dag to None, run_after=None
[2026-06-28T19:22:35.447+0000] {processor.py:183} INFO - Processing /home/airflow/.local/lib/python3.12/site-packages/airflow/example_dags/tutorial_dag.py took 0.186 seconds
[2026-06-28T19:23:05.823+0000] {processor.py:161} INFO - Started process (PID=7506) to work on /home/airflow/.local/lib/python3.12/site-packages/airflow/example_dags/tutorial_dag.py
[2026-06-28T19:23:05.824+0000] {processor.py:830} INFO - Processing file /home/airflow/.local/lib/python3.12/site-packages/airflow/example_dags/tutorial_dag.py for tasks to queue
[2026-06-28T19:23:05.827+0000] {logging_mixin.py:188} INFO - [2026-06-28T19:23:05.826+0000] {dagbag.py:545} INFO - Filling up the DagBag from /home/airflow/.local/lib/python3.12/site-packages/airflow/example_dags/tutorial_dag.py
[2026-06-28T19:23:05.833+0000] {processor.py:840} INFO - DAG(s) 'tutorial_dag' retrieved from /home/airflow/.local/lib/python3.12/site-packages/airflow/example_dags/tutorial_dag.py
[2026-06-28T19:23:05.856+0000] {logging_mixin.py:188} INFO - [2026-06-28T19:23:05.856+0000] {dag.py:3096} INFO - Sync 1 DAGs
[2026-06-28T19:23:05.873+0000] {logging_mixin.py:188} INFO - [2026-06-28T19:23:05.873+0000] {dag.py:3954} INFO - Setting next_dagrun for tutorial_dag to None, run_after=None
[2026-06-28T19:23:05.899+0000] {processor.py:183} INFO - Processing /home/airflow/.local/lib/python3.12/site-packages/airflow/example_dags/tutorial_dag.py took 0.083 seconds
[2026-06-28T19:23:36.638+0000] {processor.py:161} INFO - Started process (PID=7565) to work on /home/airflow/.local/lib/python3.12/site-packages/airflow/example_dags/tutorial_dag.py
[2026-06-28T19:23:36.639+0000] {processor.py:830} INFO - Processing file /home/airflow/.local/lib/python3.12/site-packages/airflow/example_dags/tutorial_dag.py for tasks to queue
[2026-06-28T19:23:36.641+0000] {logging_mixin.py:188} INFO - [2026-06-28T19:23:36.641+0000] {dagbag.py:545} INFO - Filling up the DagBag from /home/airflow/.local/lib/python3.12/site-packages/airflow/example_dags/tutorial_dag.py
[2026-06-28T19:23:36.648+0000] {processor.py:840} INFO - DAG(s) 'tutorial_dag' retrieved from /home/airflow/.local/lib/python3.12/site-packages/airflow/example_dags/tutorial_dag.py
[2026-06-28T19:23:36.674+0000] {logging_mixin.py:188} INFO - [2026-06-28T19:23:36.674+0000] {dag.py:3096} INFO - Sync 1 DAGs
[2026-06-28T19:23:36.690+0000] {logging_mixin.py:188} INFO - [2026-06-28T19:23:36.690+0000] {dag.py:3954} INFO - Setting next_dagrun for tutorial_dag to None, run_after=None
[2026-06-28T19:23:36.713+0000] {processor.py:183} INFO - Processing /home/airflow/.local/lib/python3.12/site-packages/airflow/example_dags/tutorial_dag.py took 0.083 seconds
[2026-06-28T19:24:07.251+0000] {processor.py:161} INFO - Started process (PID=7624) to work on /home/airflow/.local/lib/python3.12/site-packages/airflow/example_dags/tutorial_dag.py
[2026-06-28T19:24:07.252+0000] {processor.py:830} INFO - Processing file /home/airflow/.local/lib/python3.12/site-packages/airflow/example_dags/tutorial_dag.py for tasks to queue
[2026-06-28T19:24:07.255+0000] {logging_mixin.py:188} INFO - [2026-06-28T19:24:07.255+0000] {dagbag.py:545} INFO - Filling up the DagBag from /home/airflow/.local/lib/python3.12/site-packages/airflow/example_dags/tutorial_dag.py
[2026-06-28T19:24:07.264+0000] {processor.py:840} INFO - DAG(s) 'tutorial_dag' retrieved from /home/airflow/.local/lib/python3.12/site-packages/airflow/example_dags/tutorial_dag.py
[2026-06-28T19:24:07.333+0000] {logging_mixin.py:188} INFO - [2026-06-28T19:24:07.332+0000] {dag.py:3096} INFO - Sync 1 DAGs
[2026-06-28T19:24:07.351+0000] {logging_mixin.py:188} INFO - [2026-06-28T19:24:07.350+0000] {dag.py:3954} INFO - Setting next_dagrun for tutorial_dag to None, run_after=None
[2026-06-28T19:24:07.383+0000] {processor.py:183} INFO - Processing /home/airflow/.local/lib/python3.12/site-packages/airflow/example_dags/tutorial_dag.py took 0.148 seconds
[2026-06-28T19:24:37.625+0000] {processor.py:161} INFO - Started process (PID=7682) to work on /home/airflow/.local/lib/python3.12/site-packages/airflow/example_dags/tutorial_dag.py
[2026-06-28T19:24:37.629+0000] {processor.py:830} INFO - Processing file /home/airflow/.local/lib/python3.12/site-packages/airflow/example_dags/tutorial_dag.py for tasks to queue
[2026-06-28T19:24:37.640+0000] {logging_mixin.py:188} INFO - [2026-06-28T19:24:37.639+0000] {dagbag.py:545} INFO - Filling up the DagBag from /home/airflow/.local/lib/python3.12/site-packages/airflow/example_dags/tutorial_dag.py
[2026-06-28T19:24:37.651+0000] {processor.py:840} INFO - DAG(s) 'tutorial_dag' retrieved from /home/airflow/.local/lib/python3.12/site-packages/airflow/example_dags/tutorial_dag.py
[2026-06-28T19:24:37.686+0000] {logging_mixin.py:188} INFO - [2026-06-28T19:24:37.685+0000] {dag.py:3096} INFO - Sync 1 DAGs
[2026-06-28T19:24:37.725+0000] {logging_mixin.py:188} INFO - [2026-06-28T19:24:37.725+0000] {dag.py:3954} INFO - Setting next_dagrun for tutorial_dag to None, run_after=None
[2026-06-28T19:24:37.789+0000] {processor.py:183} INFO - Processing /home/airflow/.local/lib/python3.12/site-packages/airflow/example_dags/tutorial_dag.py took 0.199 seconds
[2026-06-28T19:25:08.017+0000] {processor.py:161} INFO - Started process (PID=7741) to work on /home/airflow/.local/lib/python3.12/site-packages/airflow/example_dags/tutorial_dag.py
[2026-06-28T19:25:08.070+0000] {processor.py:830} INFO - Processing file /home/airflow/.local/lib/python3.12/site-packages/airflow/example_dags/tutorial_dag.py for tasks to queue
[2026-06-28T19:25:08.072+0000] {logging_mixin.py:188} INFO - [2026-06-28T19:25:08.072+0000] {dagbag.py:545} INFO - Filling up the DagBag from /home/airflow/.local/lib/python3.12/site-packages/airflow/example_dags/tutorial_dag.py
[2026-06-28T19:25:08.086+0000] {processor.py:840} INFO - DAG(s) 'tutorial_dag' retrieved from /home/airflow/.local/lib/python3.12/site-packages/airflow/example_dags/tutorial_dag.py
[2026-06-28T19:25:08.135+0000] {logging_mixin.py:188} INFO - [2026-06-28T19:25:08.134+0000] {dag.py:3096} INFO - Sync 1 DAGs
[2026-06-28T19:25:08.163+0000] {logging_mixin.py:188} INFO - [2026-06-28T19:25:08.162+0000] {dag.py:3954} INFO - Setting next_dagrun for tutorial_dag to None, run_after=None
[2026-06-28T19:25:08.213+0000] {processor.py:183} INFO - Processing /home/airflow/.local/lib/python3.12/site-packages/airflow/example_dags/tutorial_dag.py took 0.203 seconds
[2026-06-28T19:25:38.665+0000] {processor.py:161} INFO - Started process (PID=7800) to work on /home/airflow/.local/lib/python3.12/site-packages/airflow/example_dags/tutorial_dag.py
[2026-06-28T19:25:38.666+0000] {processor.py:830} INFO - Processing file /home/airflow/.local/lib/python3.12/site-packages/airflow/example_dags/tutorial_dag.py for tasks to queue
[2026-06-28T19:25:38.668+0000] {logging_mixin.py:188} INFO - [2026-06-28T19:25:38.668+0000] {dagbag.py:545} INFO - Filling up the DagBag from /home/airflow/.local/lib/python3.12/site-packages/airflow/example_dags/tutorial_dag.py
[2026-06-28T19:25:38.677+0000] {processor.py:840} INFO - DAG(s) 'tutorial_dag' retrieved from /home/airflow/.local/lib/python3.12/site-packages/airflow/example_dags/tutorial_dag.py
[2026-06-28T19:25:38.722+0000] {logging_mixin.py:188} INFO - [2026-06-28T19:25:38.721+0000] {dag.py:3096} INFO - Sync 1 DAGs
[2026-06-28T19:25:38.741+0000] {logging_mixin.py:188} INFO - [2026-06-28T19:25:38.740+0000] {dag.py:3954} INFO - Setting next_dagrun for tutorial_dag to None, run_after=None
[2026-06-28T19:25:38.765+0000] {processor.py:183} INFO - Processing /home/airflow/.local/lib/python3.12/site-packages/airflow/example_dags/tutorial_dag.py took 0.107 seconds
[2026-06-28T19:26:09.279+0000] {processor.py:161} INFO - Started process (PID=7858) to work on /home/airflow/.local/lib/python3.12/site-packages/airflow/example_dags/tutorial_dag.py
[2026-06-28T19:26:09.303+0000] {processor.py:830} INFO - Processing file /home/airflow/.local/lib/python3.12/site-packages/airflow/example_dags/tutorial_dag.py for tasks to queue
[2026-06-28T19:26:09.314+0000] {logging_mixin.py:188} INFO - [2026-06-28T19:26:09.311+0000] {dagbag.py:545} INFO - Filling up the DagBag from /home/airflow/.local/lib/python3.12/site-packages/airflow/example_dags/tutorial_dag.py
[2026-06-28T19:26:09.341+0000] {processor.py:840} INFO - DAG(s) 'tutorial_dag' retrieved from /home/airflow/.local/lib/python3.12/site-packages/airflow/example_dags/tutorial_dag.py
[2026-06-28T19:26:09.459+0000] {logging_mixin.py:188} INFO - [2026-06-28T19:26:09.459+0000] {dag.py:3096} INFO - Sync 1 DAGs
[2026-06-28T19:26:09.510+0000] {logging_mixin.py:188} INFO - [2026-06-28T19:26:09.509+0000] {dag.py:3954} INFO - Setting next_dagrun for tutorial_dag to None, run_after=None
[2026-06-28T19:26:09.592+0000] {processor.py:183} INFO - Processing /home/airflow/.local/lib/python3.12/site-packages/airflow/example_dags/tutorial_dag.py took 0.355 seconds
[2026-06-28T19:26:40.238+0000] {processor.py:161} INFO - Started process (PID=7917) to work on /home/airflow/.local/lib/python3.12/site-packages/airflow/example_dags/tutorial_dag.py
[2026-06-28T19:26:40.246+0000] {processor.py:830} INFO - Processing file /home/airflow/.local/lib/python3.12/site-packages/airflow/example_dags/tutorial_dag.py for tasks to queue
[2026-06-28T19:26:40.250+0000] {logging_mixin.py:188} INFO - [2026-06-28T19:26:40.249+0000] {dagbag.py:545} INFO - Filling up the DagBag from /home/airflow/.local/lib/python3.12/site-packages/airflow/example_dags/tutorial_dag.py
[2026-06-28T19:26:40.260+0000] {processor.py:840} INFO - DAG(s) 'tutorial_dag' retrieved from /home/airflow/.local/lib/python3.12/site-packages/airflow/example_dags/tutorial_dag.py
[2026-06-28T19:26:40.313+0000] {logging_mixin.py:188} INFO - [2026-06-28T19:26:40.313+0000] {dag.py:3096} INFO - Sync 1 DAGs
[2026-06-28T19:26:40.333+0000] {logging_mixin.py:188} INFO - [2026-06-28T19:26:40.332+0000] {dag.py:3954} INFO - Setting next_dagrun for tutorial_dag to None, run_after=None
[2026-06-28T19:26:40.354+0000] {processor.py:183} INFO - Processing /home/airflow/.local/lib/python3.12/site-packages/airflow/example_dags/tutorial_dag.py took 0.135 seconds
[2026-06-28T19:27:10.812+0000] {processor.py:161} INFO - Started process (PID=7976) to work on /home/airflow/.local/lib/python3.12/site-packages/airflow/example_dags/tutorial_dag.py
[2026-06-28T19:27:10.813+0000] {processor.py:830} INFO - Processing file /home/airflow/.local/lib/python3.12/site-packages/airflow/example_dags/tutorial_dag.py for tasks to queue
[2026-06-28T19:27:10.815+0000] {logging_mixin.py:188} INFO - [2026-06-28T19:27:10.815+0000] {dagbag.py:545} INFO - Filling up the DagBag from /home/airflow/.local/lib/python3.12/site-packages/airflow/example_dags/tutorial_dag.py
[2026-06-28T19:27:10.821+0000] {processor.py:840} INFO - DAG(s) 'tutorial_dag' retrieved from /home/airflow/.local/lib/python3.12/site-packages/airflow/example_dags/tutorial_dag.py
[2026-06-28T19:27:10.848+0000] {logging_mixin.py:188} INFO - [2026-06-28T19:27:10.848+0000] {dag.py:3096} INFO - Sync 1 DAGs
[2026-06-28T19:27:10.871+0000] {logging_mixin.py:188} INFO - [2026-06-28T19:27:10.870+0000] {dag.py:3954} INFO - Setting next_dagrun for tutorial_dag to None, run_after=None
[2026-06-28T19:27:10.905+0000] {processor.py:183} INFO - Processing /home/airflow/.local/lib/python3.12/site-packages/airflow/example_dags/tutorial_dag.py took 0.100 seconds
[2026-06-28T19:27:41.290+0000] {processor.py:161} INFO - Started process (PID=8035) to work on /home/airflow/.local/lib/python3.12/site-packages/airflow/example_dags/tutorial_dag.py
[2026-06-28T19:27:41.303+0000] {processor.py:830} INFO - Processing file /home/airflow/.local/lib/python3.12/site-packages/airflow/example_dags/tutorial_dag.py for tasks to queue
[2026-06-28T19:27:41.305+0000] {logging_mixin.py:188} INFO - [2026-06-28T19:27:41.305+0000] {dagbag.py:545} INFO - Filling up the DagBag from /home/airflow/.local/lib/python3.12/site-packages/airflow/example_dags/tutorial_dag.py
[2026-06-28T19:27:41.315+0000] {processor.py:840} INFO - DAG(s) 'tutorial_dag' retrieved from /home/airflow/.local/lib/python3.12/site-packages/airflow/example_dags/tutorial_dag.py
[2026-06-28T19:27:41.350+0000] {logging_mixin.py:188} INFO - [2026-06-28T19:27:41.350+0000] {dag.py:3096} INFO - Sync 1 DAGs
[2026-06-28T19:27:41.368+0000] {logging_mixin.py:188} INFO - [2026-06-28T19:27:41.368+0000] {dag.py:3954} INFO - Setting next_dagrun for tutorial_dag to None, run_after=None
[2026-06-28T19:27:41.397+0000] {processor.py:183} INFO - Processing /home/airflow/.local/lib/python3.12/site-packages/airflow/example_dags/tutorial_dag.py took 0.120 seconds
[2026-06-28T19:28:11.819+0000] {processor.py:161} INFO - Started process (PID=8094) to work on /home/airflow/.local/lib/python3.12/site-packages/airflow/example_dags/tutorial_dag.py
[2026-06-28T19:28:11.820+0000] {processor.py:830} INFO - Processing file /home/airflow/.local/lib/python3.12/site-packages/airflow/example_dags/tutorial_dag.py for tasks to queue
[2026-06-28T19:28:11.823+0000] {logging_mixin.py:188} INFO - [2026-06-28T19:28:11.822+0000] {dagbag.py:545} INFO - Filling up the DagBag from /home/airflow/.local/lib/python3.12/site-packages/airflow/example_dags/tutorial_dag.py
[2026-06-28T19:28:11.833+0000] {processor.py:840} INFO - DAG(s) 'tutorial_dag' retrieved from /home/airflow/.local/lib/python3.12/site-packages/airflow/example_dags/tutorial_dag.py
[2026-06-28T19:28:11.863+0000] {logging_mixin.py:188} INFO - [2026-06-28T19:28:11.863+0000] {dag.py:3096} INFO - Sync 1 DAGs
[2026-06-28T19:28:11.885+0000] {logging_mixin.py:188} INFO - [2026-06-28T19:28:11.885+0000] {dag.py:3954} INFO - Setting next_dagrun for tutorial_dag to None, run_after=None
[2026-06-28T19:28:11.929+0000] {processor.py:183} INFO - Processing /home/airflow/.local/lib/python3.12/site-packages/airflow/example_dags/tutorial_dag.py took 0.124 seconds
[2026-06-28T19:28:42.126+0000] {processor.py:161} INFO - Started process (PID=8153) to work on /home/airflow/.local/lib/python3.12/site-packages/airflow/example_dags/tutorial_dag.py
[2026-06-28T19:28:42.129+0000] {processor.py:830} INFO - Processing file /home/airflow/.local/lib/python3.12/site-packages/airflow/example_dags/tutorial_dag.py for tasks to queue
[2026-06-28T19:28:42.135+0000] {logging_mixin.py:188} INFO - [2026-06-28T19:28:42.134+0000] {dagbag.py:545} INFO - Filling up the DagBag from /home/airflow/.local/lib/python3.12/site-packages/airflow/example_dags/tutorial_dag.py
[2026-06-28T19:28:42.145+0000] {processor.py:840} INFO - DAG(s) 'tutorial_dag' retrieved from /home/airflow/.local/lib/python3.12/site-packages/airflow/example_dags/tutorial_dag.py
[2026-06-28T19:28:42.204+0000] {logging_mixin.py:188} INFO - [2026-06-28T19:28:42.202+0000] {dag.py:3096} INFO - Sync 1 DAGs
[2026-06-28T19:28:42.226+0000] {logging_mixin.py:188} INFO - [2026-06-28T19:28:42.225+0000] {dag.py:3954} INFO - Setting next_dagrun for tutorial_dag to None, run_after=None
[2026-06-28T19:28:42.254+0000] {processor.py:183} INFO - Processing /home/airflow/.local/lib/python3.12/site-packages/airflow/example_dags/tutorial_dag.py took 0.136 seconds
[2026-06-28T19:29:12.572+0000] {processor.py:161} INFO - Started process (PID=8212) to work on /home/airflow/.local/lib/python3.12/site-packages/airflow/example_dags/tutorial_dag.py
[2026-06-28T19:29:12.573+0000] {processor.py:830} INFO - Processing file /home/airflow/.local/lib/python3.12/site-packages/airflow/example_dags/tutorial_dag.py for tasks to queue
[2026-06-28T19:29:12.575+0000] {logging_mixin.py:188} INFO - [2026-06-28T19:29:12.575+0000] {dagbag.py:545} INFO - Filling up the DagBag from /home/airflow/.local/lib/python3.12/site-packages/airflow/example_dags/tutorial_dag.py
[2026-06-28T19:29:12.584+0000] {processor.py:840} INFO - DAG(s) 'tutorial_dag' retrieved from /home/airflow/.local/lib/python3.12/site-packages/airflow/example_dags/tutorial_dag.py
[2026-06-28T19:29:12.622+0000] {logging_mixin.py:188} INFO - [2026-06-28T19:29:12.622+0000] {dag.py:3096} INFO - Sync 1 DAGs
[2026-06-28T19:29:12.644+0000] {logging_mixin.py:188} INFO - [2026-06-28T19:29:12.643+0000] {dag.py:3954} INFO - Setting next_dagrun for tutorial_dag to None, run_after=None
[2026-06-28T19:29:12.675+0000] {processor.py:183} INFO - Processing /home/airflow/.local/lib/python3.12/site-packages/airflow/example_dags/tutorial_dag.py took 0.111 seconds
[2026-06-28T19:29:43.262+0000] {processor.py:161} INFO - Started process (PID=8269) to work on /home/airflow/.local/lib/python3.12/site-packages/airflow/example_dags/tutorial_dag.py
[2026-06-28T19:29:43.263+0000] {processor.py:830} INFO - Processing file /home/airflow/.local/lib/python3.12/site-packages/airflow/example_dags/tutorial_dag.py for tasks to queue
[2026-06-28T19:29:43.265+0000] {logging_mixin.py:188} INFO - [2026-06-28T19:29:43.265+0000] {dagbag.py:545} INFO - Filling up the DagBag from /home/airflow/.local/lib/python3.12/site-packages/airflow/example_dags/tutorial_dag.py
[2026-06-28T19:29:43.272+0000] {processor.py:840} INFO - DAG(s) 'tutorial_dag' retrieved from /home/airflow/.local/lib/python3.12/site-packages/airflow/example_dags/tutorial_dag.py
[2026-06-28T19:29:43.299+0000] {logging_mixin.py:188} INFO - [2026-06-28T19:29:43.299+0000] {dag.py:3096} INFO - Sync 1 DAGs
[2026-06-28T19:29:43.317+0000] {logging_mixin.py:188} INFO - [2026-06-28T19:29:43.317+0000] {dag.py:3954} INFO - Setting next_dagrun for tutorial_dag to None, run_after=None
[2026-06-28T19:29:43.343+0000] {processor.py:183} INFO - Processing /home/airflow/.local/lib/python3.12/site-packages/airflow/example_dags/tutorial_dag.py took 0.088 seconds
[2026-06-28T19:30:13.904+0000] {processor.py:161} INFO - Started process (PID=8329) to work on /home/airflow/.local/lib/python3.12/site-packages/airflow/example_dags/tutorial_dag.py
[2026-06-28T19:30:13.906+0000] {processor.py:830} INFO - Processing file /home/airflow/.local/lib/python3.12/site-packages/airflow/example_dags/tutorial_dag.py for tasks to queue
[2026-06-28T19:30:13.908+0000] {logging_mixin.py:188} INFO - [2026-06-28T19:30:13.908+0000] {dagbag.py:545} INFO - Filling up the DagBag from /home/airflow/.local/lib/python3.12/site-packages/airflow/example_dags/tutorial_dag.py
[2026-06-28T19:30:13.917+0000] {processor.py:840} INFO - DAG(s) 'tutorial_dag' retrieved from /home/airflow/.local/lib/python3.12/site-packages/airflow/example_dags/tutorial_dag.py
[2026-06-28T19:30:13.944+0000] {logging_mixin.py:188} INFO - [2026-06-28T19:30:13.944+0000] {dag.py:3096} INFO - Sync 1 DAGs
[2026-06-28T19:30:13.962+0000] {logging_mixin.py:188} INFO - [2026-06-28T19:30:13.962+0000] {dag.py:3954} INFO - Setting next_dagrun for tutorial_dag to None, run_after=None
[2026-06-28T19:30:13.978+0000] {processor.py:183} INFO - Processing /home/airflow/.local/lib/python3.12/site-packages/airflow/example_dags/tutorial_dag.py took 0.092 seconds
[2026-06-28T19:30:45.745+0000] {processor.py:161} INFO - Started process (PID=8388) to work on /home/airflow/.local/lib/python3.12/site-packages/airflow/example_dags/tutorial_dag.py
[2026-06-28T19:30:45.748+0000] {processor.py:830} INFO - Processing file /home/airflow/.local/lib/python3.12/site-packages/airflow/example_dags/tutorial_dag.py for tasks to queue
[2026-06-28T19:30:45.763+0000] {logging_mixin.py:188} INFO - [2026-06-28T19:30:45.763+0000] {dagbag.py:545} INFO - Filling up the DagBag from /home/airflow/.local/lib/python3.12/site-packages/airflow/example_dags/tutorial_dag.py
[2026-06-28T19:30:45.818+0000] {processor.py:840} INFO - DAG(s) 'tutorial_dag' retrieved from /home/airflow/.local/lib/python3.12/site-packages/airflow/example_dags/tutorial_dag.py
[2026-06-28T19:30:45.934+0000] {logging_mixin.py:188} INFO - [2026-06-28T19:30:45.934+0000] {dag.py:3096} INFO - Sync 1 DAGs
[2026-06-28T19:30:45.951+0000] {logging_mixin.py:188} INFO - [2026-06-28T19:30:45.951+0000] {dag.py:3954} INFO - Setting next_dagrun for tutorial_dag to None, run_after=None
[2026-06-28T19:30:45.993+0000] {processor.py:183} INFO - Processing /home/airflow/.local/lib/python3.12/site-packages/airflow/example_dags/tutorial_dag.py took 0.292 seconds
[2026-06-28T19:31:16.968+0000] {processor.py:161} INFO - Started process (PID=8448) to work on /home/airflow/.local/lib/python3.12/site-packages/airflow/example_dags/tutorial_dag.py
[2026-06-28T19:31:16.969+0000] {processor.py:830} INFO - Processing file /home/airflow/.local/lib/python3.12/site-packages/airflow/example_dags/tutorial_dag.py for tasks to queue
[2026-06-28T19:31:16.971+0000] {logging_mixin.py:188} INFO - [2026-06-28T19:31:16.971+0000] {dagbag.py:545} INFO - Filling up the DagBag from /home/airflow/.local/lib/python3.12/site-packages/airflow/example_dags/tutorial_dag.py
[2026-06-28T19:31:16.978+0000] {processor.py:840} INFO - DAG(s) 'tutorial_dag' retrieved from /home/airflow/.local/lib/python3.12/site-packages/airflow/example_dags/tutorial_dag.py
[2026-06-28T19:31:17.012+0000] {logging_mixin.py:188} INFO - [2026-06-28T19:31:17.012+0000] {dag.py:3096} INFO - Sync 1 DAGs
[2026-06-28T19:31:17.031+0000] {logging_mixin.py:188} INFO - [2026-06-28T19:31:17.030+0000] {dag.py:3954} INFO - Setting next_dagrun for tutorial_dag to None, run_after=None
[2026-06-28T19:31:17.077+0000] {processor.py:183} INFO - Processing /home/airflow/.local/lib/python3.12/site-packages/airflow/example_dags/tutorial_dag.py took 0.117 seconds
[2026-06-28T19:31:47.135+0000] {processor.py:161} INFO - Started process (PID=8506) to work on /home/airflow/.local/lib/python3.12/site-packages/airflow/example_dags/tutorial_dag.py
[2026-06-28T19:31:47.136+0000] {processor.py:830} INFO - Processing file /home/airflow/.local/lib/python3.12/site-packages/airflow/example_dags/tutorial_dag.py for tasks to queue
[2026-06-28T19:31:47.137+0000] {logging_mixin.py:188} INFO - [2026-06-28T19:31:47.137+0000] {dagbag.py:545} INFO - Filling up the DagBag from /home/airflow/.local/lib/python3.12/site-packages/airflow/example_dags/tutorial_dag.py
[2026-06-28T19:31:47.142+0000] {processor.py:840} INFO - DAG(s) 'tutorial_dag' retrieved from /home/airflow/.local/lib/python3.12/site-packages/airflow/example_dags/tutorial_dag.py
[2026-06-28T19:31:47.162+0000] {logging_mixin.py:188} INFO - [2026-06-28T19:31:47.162+0000] {dag.py:3096} INFO - Sync 1 DAGs
[2026-06-28T19:31:47.174+0000] {logging_mixin.py:188} INFO - [2026-06-28T19:31:47.173+0000] {dag.py:3954} INFO - Setting next_dagrun for tutorial_dag to None, run_after=None
[2026-06-28T19:31:47.191+0000] {processor.py:183} INFO - Processing /home/airflow/.local/lib/python3.12/site-packages/airflow/example_dags/tutorial_dag.py took 0.061 seconds
[2026-06-28T19:32:17.533+0000] {processor.py:161} INFO - Started process (PID=8565) to work on /home/airflow/.local/lib/python3.12/site-packages/airflow/example_dags/tutorial_dag.py
[2026-06-28T19:32:17.561+0000] {processor.py:830} INFO - Processing file /home/airflow/.local/lib/python3.12/site-packages/airflow/example_dags/tutorial_dag.py for tasks to queue
[2026-06-28T19:32:17.569+0000] {logging_mixin.py:188} INFO - [2026-06-28T19:32:17.569+0000] {dagbag.py:545} INFO - Filling up the DagBag from /home/airflow/.local/lib/python3.12/site-packages/airflow/example_dags/tutorial_dag.py
[2026-06-28T19:32:17.656+0000] {processor.py:840} INFO - DAG(s) 'tutorial_dag' retrieved from /home/airflow/.local/lib/python3.12/site-packages/airflow/example_dags/tutorial_dag.py
[2026-06-28T19:32:17.748+0000] {logging_mixin.py:188} INFO - [2026-06-28T19:32:17.747+0000] {dag.py:3096} INFO - Sync 1 DAGs
[2026-06-28T19:32:17.775+0000] {logging_mixin.py:188} INFO - [2026-06-28T19:32:17.775+0000] {dag.py:3954} INFO - Setting next_dagrun for tutorial_dag to None, run_after=None
[2026-06-28T19:32:17.803+0000] {processor.py:183} INFO - Processing /home/airflow/.local/lib/python3.12/site-packages/airflow/example_dags/tutorial_dag.py took 0.284 seconds
[2026-06-28T19:32:48.752+0000] {processor.py:161} INFO - Started process (PID=8624) to work on /home/airflow/.local/lib/python3.12/site-packages/airflow/example_dags/tutorial_dag.py
[2026-06-28T19:32:48.755+0000] {processor.py:830} INFO - Processing file /home/airflow/.local/lib/python3.12/site-packages/airflow/example_dags/tutorial_dag.py for tasks to queue
[2026-06-28T19:32:48.767+0000] {logging_mixin.py:188} INFO - [2026-06-28T19:32:48.766+0000] {dagbag.py:545} INFO - Filling up the DagBag from /home/airflow/.local/lib/python3.12/site-packages/airflow/example_dags/tutorial_dag.py
[2026-06-28T19:32:48.795+0000] {processor.py:840} INFO - DAG(s) 'tutorial_dag' retrieved from /home/airflow/.local/lib/python3.12/site-packages/airflow/example_dags/tutorial_dag.py
[2026-06-28T19:32:48.828+0000] {logging_mixin.py:188} INFO - [2026-06-28T19:32:48.828+0000] {dag.py:3096} INFO - Sync 1 DAGs
[2026-06-28T19:32:48.851+0000] {logging_mixin.py:188} INFO - [2026-06-28T19:32:48.851+0000] {dag.py:3954} INFO - Setting next_dagrun for tutorial_dag to None, run_after=None
[2026-06-28T19:32:48.874+0000] {processor.py:183} INFO - Processing /home/airflow/.local/lib/python3.12/site-packages/airflow/example_dags/tutorial_dag.py took 0.148 seconds
[2026-06-28T19:33:19.095+0000] {processor.py:161} INFO - Started process (PID=8683) to work on /home/airflow/.local/lib/python3.12/site-packages/airflow/example_dags/tutorial_dag.py
[2026-06-28T19:33:19.098+0000] {processor.py:830} INFO - Processing file /home/airflow/.local/lib/python3.12/site-packages/airflow/example_dags/tutorial_dag.py for tasks to queue
[2026-06-28T19:33:19.100+0000] {logging_mixin.py:188} INFO - [2026-06-28T19:33:19.100+0000] {dagbag.py:545} INFO - Filling up the DagBag from /home/airflow/.local/lib/python3.12/site-packages/airflow/example_dags/tutorial_dag.py
[2026-06-28T19:33:19.106+0000] {processor.py:840} INFO - DAG(s) 'tutorial_dag' retrieved from /home/airflow/.local/lib/python3.12/site-packages/airflow/example_dags/tutorial_dag.py
[2026-06-28T19:33:19.125+0000] {logging_mixin.py:188} INFO - [2026-06-28T19:33:19.125+0000] {dag.py:3096} INFO - Sync 1 DAGs
[2026-06-28T19:33:19.136+0000] {logging_mixin.py:188} INFO - [2026-06-28T19:33:19.136+0000] {dag.py:3954} INFO - Setting next_dagrun for tutorial_dag to None, run_after=None
[2026-06-28T19:33:19.153+0000] {processor.py:183} INFO - Processing /home/airflow/.local/lib/python3.12/site-packages/airflow/example_dags/tutorial_dag.py took 0.064 seconds
[2026-06-28T19:33:50.280+0000] {processor.py:161} INFO - Started process (PID=8741) to work on /home/airflow/.local/lib/python3.12/site-packages/airflow/example_dags/tutorial_dag.py
[2026-06-28T19:33:50.281+0000] {processor.py:830} INFO - Processing file /home/airflow/.local/lib/python3.12/site-packages/airflow/example_dags/tutorial_dag.py for tasks to queue
[2026-06-28T19:33:50.283+0000] {logging_mixin.py:188} INFO - [2026-06-28T19:33:50.283+0000] {dagbag.py:545} INFO - Filling up the DagBag from /home/airflow/.local/lib/python3.12/site-packages/airflow/example_dags/tutorial_dag.py
[2026-06-28T19:33:50.292+0000] {processor.py:840} INFO - DAG(s) 'tutorial_dag' retrieved from /home/airflow/.local/lib/python3.12/site-packages/airflow/example_dags/tutorial_dag.py
[2026-06-28T19:33:50.321+0000] {logging_mixin.py:188} INFO - [2026-06-28T19:33:50.320+0000] {dag.py:3096} INFO - Sync 1 DAGs
[2026-06-28T19:33:50.339+0000] {logging_mixin.py:188} INFO - [2026-06-28T19:33:50.338+0000] {dag.py:3954} INFO - Setting next_dagrun for tutorial_dag to None, run_after=None
[2026-06-28T19:33:50.365+0000] {processor.py:183} INFO - Processing /home/airflow/.local/lib/python3.12/site-packages/airflow/example_dags/tutorial_dag.py took 0.098 seconds
[2026-06-28T19:34:21.625+0000] {processor.py:161} INFO - Started process (PID=8801) to work on /home/airflow/.local/lib/python3.12/site-packages/airflow/example_dags/tutorial_dag.py
[2026-06-28T19:34:21.653+0000] {processor.py:830} INFO - Processing file /home/airflow/.local/lib/python3.12/site-packages/airflow/example_dags/tutorial_dag.py for tasks to queue
[2026-06-28T19:34:21.656+0000] {logging_mixin.py:188} INFO - [2026-06-28T19:34:21.655+0000] {dagbag.py:545} INFO - Filling up the DagBag from /home/airflow/.local/lib/python3.12/site-packages/airflow/example_dags/tutorial_dag.py
[2026-06-28T19:34:21.662+0000] {processor.py:840} INFO - DAG(s) 'tutorial_dag' retrieved from /home/airflow/.local/lib/python3.12/site-packages/airflow/example_dags/tutorial_dag.py
[2026-06-28T19:34:21.713+0000] {logging_mixin.py:188} INFO - [2026-06-28T19:34:21.712+0000] {dag.py:3096} INFO - Sync 1 DAGs
[2026-06-28T19:34:21.747+0000] {logging_mixin.py:188} INFO - [2026-06-28T19:34:21.746+0000] {dag.py:3954} INFO - Setting next_dagrun for tutorial_dag to None, run_after=None
[2026-06-28T19:34:21.775+0000] {processor.py:183} INFO - Processing /home/airflow/.local/lib/python3.12/site-packages/airflow/example_dags/tutorial_dag.py took 0.174 seconds
[2026-06-28T19:34:53.085+0000] {processor.py:161} INFO - Started process (PID=8866) to work on /home/airflow/.local/lib/python3.12/site-packages/airflow/example_dags/tutorial_dag.py
[2026-06-28T19:34:53.086+0000] {processor.py:830} INFO - Processing file /home/airflow/.local/lib/python3.12/site-packages/airflow/example_dags/tutorial_dag.py for tasks to queue
[2026-06-28T19:34:53.101+0000] {logging_mixin.py:188} INFO - [2026-06-28T19:34:53.100+0000] {dagbag.py:545} INFO - Filling up the DagBag from /home/airflow/.local/lib/python3.12/site-packages/airflow/example_dags/tutorial_dag.py
[2026-06-28T19:34:53.114+0000] {processor.py:840} INFO - DAG(s) 'tutorial_dag' retrieved from /home/airflow/.local/lib/python3.12/site-packages/airflow/example_dags/tutorial_dag.py
[2026-06-28T19:34:53.157+0000] {logging_mixin.py:188} INFO - [2026-06-28T19:34:53.156+0000] {dag.py:3096} INFO - Sync 1 DAGs
[2026-06-28T19:34:53.175+0000] {logging_mixin.py:188} INFO - [2026-06-28T19:34:53.174+0000] {dag.py:3954} INFO - Setting next_dagrun for tutorial_dag to None, run_after=None
[2026-06-28T19:34:53.203+0000] {processor.py:183} INFO - Processing /home/airflow/.local/lib/python3.12/site-packages/airflow/example_dags/tutorial_dag.py took 0.152 seconds
[2026-06-28T19:35:24.155+0000] {processor.py:161} INFO - Started process (PID=8925) to work on /home/airflow/.local/lib/python3.12/site-packages/airflow/example_dags/tutorial_dag.py
[2026-06-28T19:35:24.159+0000] {processor.py:830} INFO - Processing file /home/airflow/.local/lib/python3.12/site-packages/airflow/example_dags/tutorial_dag.py for tasks to queue
[2026-06-28T19:35:24.163+0000] {logging_mixin.py:188} INFO - [2026-06-28T19:35:24.162+0000] {dagbag.py:545} INFO - Filling up the DagBag from /home/airflow/.local/lib/python3.12/site-packages/airflow/example_dags/tutorial_dag.py
[2026-06-28T19:35:24.175+0000] {processor.py:840} INFO - DAG(s) 'tutorial_dag' retrieved from /home/airflow/.local/lib/python3.12/site-packages/airflow/example_dags/tutorial_dag.py
[2026-06-28T19:35:24.217+0000] {logging_mixin.py:188} INFO - [2026-06-28T19:35:24.217+0000] {dag.py:3096} INFO - Sync 1 DAGs
[2026-06-28T19:35:24.235+0000] {logging_mixin.py:188} INFO - [2026-06-28T19:35:24.235+0000] {dag.py:3954} INFO - Setting next_dagrun for tutorial_dag to None, run_after=None
[2026-06-28T19:35:24.270+0000] {processor.py:183} INFO - Processing /home/airflow/.local/lib/python3.12/site-packages/airflow/example_dags/tutorial_dag.py took 0.135 seconds
[2026-06-28T19:35:54.803+0000] {processor.py:161} INFO - Started process (PID=8983) to work on /home/airflow/.local/lib/python3.12/site-packages/airflow/example_dags/tutorial_dag.py
[2026-06-28T19:35:54.804+0000] {processor.py:830} INFO - Processing file /home/airflow/.local/lib/python3.12/site-packages/airflow/example_dags/tutorial_dag.py for tasks to queue
[2026-06-28T19:35:54.809+0000] {logging_mixin.py:188} INFO - [2026-06-28T19:35:54.809+0000] {dagbag.py:545} INFO - Filling up the DagBag from /home/airflow/.local/lib/python3.12/site-packages/airflow/example_dags/tutorial_dag.py
[2026-06-28T19:35:54.816+0000] {processor.py:840} INFO - DAG(s) 'tutorial_dag' retrieved from /home/airflow/.local/lib/python3.12/site-packages/airflow/example_dags/tutorial_dag.py
[2026-06-28T19:35:54.849+0000] {logging_mixin.py:188} INFO - [2026-06-28T19:35:54.848+0000] {dag.py:3096} INFO - Sync 1 DAGs
[2026-06-28T19:35:54.866+0000] {logging_mixin.py:188} INFO - [2026-06-28T19:35:54.866+0000] {dag.py:3954} INFO - Setting next_dagrun for tutorial_dag to None, run_after=None
[2026-06-28T19:35:54.889+0000] {processor.py:183} INFO - Processing /home/airflow/.local/lib/python3.12/site-packages/airflow/example_dags/tutorial_dag.py took 0.097 seconds
[2026-06-28T19:36:25.272+0000] {processor.py:161} INFO - Started process (PID=9041) to work on /home/airflow/.local/lib/python3.12/site-packages/airflow/example_dags/tutorial_dag.py
[2026-06-28T19:36:25.274+0000] {processor.py:830} INFO - Processing file /home/airflow/.local/lib/python3.12/site-packages/airflow/example_dags/tutorial_dag.py for tasks to queue
[2026-06-28T19:36:25.277+0000] {logging_mixin.py:188} INFO - [2026-06-28T19:36:25.277+0000] {dagbag.py:545} INFO - Filling up the DagBag from /home/airflow/.local/lib/python3.12/site-packages/airflow/example_dags/tutorial_dag.py
[2026-06-28T19:36:25.283+0000] {processor.py:840} INFO - DAG(s) 'tutorial_dag' retrieved from /home/airflow/.local/lib/python3.12/site-packages/airflow/example_dags/tutorial_dag.py
[2026-06-28T19:36:25.305+0000] {logging_mixin.py:188} INFO - [2026-06-28T19:36:25.305+0000] {dag.py:3096} INFO - Sync 1 DAGs
[2026-06-28T19:36:25.317+0000] {logging_mixin.py:188} INFO - [2026-06-28T19:36:25.316+0000] {dag.py:3954} INFO - Setting next_dagrun for tutorial_dag to None, run_after=None
[2026-06-28T19:36:25.332+0000] {processor.py:183} INFO - Processing /home/airflow/.local/lib/python3.12/site-packages/airflow/example_dags/tutorial_dag.py took 0.067 seconds
[2026-06-28T19:36:56.328+0000] {processor.py:161} INFO - Started process (PID=9100) to work on /home/airflow/.local/lib/python3.12/site-packages/airflow/example_dags/tutorial_dag.py
[2026-06-28T19:36:56.329+0000] {processor.py:830} INFO - Processing file /home/airflow/.local/lib/python3.12/site-packages/airflow/example_dags/tutorial_dag.py for tasks to queue
[2026-06-28T19:36:56.334+0000] {logging_mixin.py:188} INFO - [2026-06-28T19:36:56.333+0000] {dagbag.py:545} INFO - Filling up the DagBag from /home/airflow/.local/lib/python3.12/site-packages/airflow/example_dags/tutorial_dag.py
[2026-06-28T19:36:56.342+0000] {processor.py:840} INFO - DAG(s) 'tutorial_dag' retrieved from /home/airflow/.local/lib/python3.12/site-packages/airflow/example_dags/tutorial_dag.py
[2026-06-28T19:36:56.370+0000] {logging_mixin.py:188} INFO - [2026-06-28T19:36:56.370+0000] {dag.py:3096} INFO - Sync 1 DAGs
[2026-06-28T19:36:56.389+0000] {logging_mixin.py:188} INFO - [2026-06-28T19:36:56.389+0000] {dag.py:3954} INFO - Setting next_dagrun for tutorial_dag to None, run_after=None
[2026-06-28T19:36:56.425+0000] {processor.py:183} INFO - Processing /home/airflow/.local/lib/python3.12/site-packages/airflow/example_dags/tutorial_dag.py took 0.112 seconds
[2026-06-28T19:37:27.417+0000] {processor.py:161} INFO - Started process (PID=9161) to work on /home/airflow/.local/lib/python3.12/site-packages/airflow/example_dags/tutorial_dag.py
[2026-06-28T19:37:27.446+0000] {processor.py:830} INFO - Processing file /home/airflow/.local/lib/python3.12/site-packages/airflow/example_dags/tutorial_dag.py for tasks to queue
[2026-06-28T19:37:27.459+0000] {logging_mixin.py:188} INFO - [2026-06-28T19:37:27.457+0000] {dagbag.py:545} INFO - Filling up the DagBag from /home/airflow/.local/lib/python3.12/site-packages/airflow/example_dags/tutorial_dag.py
[2026-06-28T19:37:27.513+0000] {processor.py:840} INFO - DAG(s) 'tutorial_dag' retrieved from /home/airflow/.local/lib/python3.12/site-packages/airflow/example_dags/tutorial_dag.py
[2026-06-28T19:37:27.564+0000] {logging_mixin.py:188} INFO - [2026-06-28T19:37:27.564+0000] {dag.py:3096} INFO - Sync 1 DAGs
[2026-06-28T19:37:27.603+0000] {logging_mixin.py:188} INFO - [2026-06-28T19:37:27.603+0000] {dag.py:3954} INFO - Setting next_dagrun for tutorial_dag to None, run_after=None
[2026-06-28T19:37:27.634+0000] {processor.py:183} INFO - Processing /home/airflow/.local/lib/python3.12/site-packages/airflow/example_dags/tutorial_dag.py took 0.238 seconds
[2026-06-28T19:37:58.107+0000] {processor.py:161} INFO - Started process (PID=9220) to work on /home/airflow/.local/lib/python3.12/site-packages/airflow/example_dags/tutorial_dag.py
[2026-06-28T19:37:58.110+0000] {processor.py:830} INFO - Processing file /home/airflow/.local/lib/python3.12/site-packages/airflow/example_dags/tutorial_dag.py for tasks to queue
[2026-06-28T19:37:58.114+0000] {logging_mixin.py:188} INFO - [2026-06-28T19:37:58.113+0000] {dagbag.py:545} INFO - Filling up the DagBag from /home/airflow/.local/lib/python3.12/site-packages/airflow/example_dags/tutorial_dag.py
[2026-06-28T19:37:58.128+0000] {processor.py:840} INFO - DAG(s) 'tutorial_dag' retrieved from /home/airflow/.local/lib/python3.12/site-packages/airflow/example_dags/tutorial_dag.py
[2026-06-28T19:37:58.197+0000] {logging_mixin.py:188} INFO - [2026-06-28T19:37:58.197+0000] {dag.py:3096} INFO - Sync 1 DAGs
[2026-06-28T19:37:58.221+0000] {logging_mixin.py:188} INFO - [2026-06-28T19:37:58.220+0000] {dag.py:3954} INFO - Setting next_dagrun for tutorial_dag to None, run_after=None
[2026-06-28T19:37:58.253+0000] {processor.py:183} INFO - Processing /home/airflow/.local/lib/python3.12/site-packages/airflow/example_dags/tutorial_dag.py took 0.162 seconds
[2026-06-28T19:38:28.638+0000] {processor.py:161} INFO - Started process (PID=9279) to work on /home/airflow/.local/lib/python3.12/site-packages/airflow/example_dags/tutorial_dag.py
[2026-06-28T19:38:28.641+0000] {processor.py:830} INFO - Processing file /home/airflow/.local/lib/python3.12/site-packages/airflow/example_dags/tutorial_dag.py for tasks to queue
[2026-06-28T19:38:28.643+0000] {logging_mixin.py:188} INFO - [2026-06-28T19:38:28.642+0000] {dagbag.py:545} INFO - Filling up the DagBag from /home/airflow/.local/lib/python3.12/site-packages/airflow/example_dags/tutorial_dag.py
[2026-06-28T19:38:28.648+0000] {processor.py:840} INFO - DAG(s) 'tutorial_dag' retrieved from /home/airflow/.local/lib/python3.12/site-packages/airflow/example_dags/tutorial_dag.py
[2026-06-28T19:38:28.668+0000] {logging_mixin.py:188} INFO - [2026-06-28T19:38:28.668+0000] {dag.py:3096} INFO - Sync 1 DAGs
[2026-06-28T19:38:28.679+0000] {logging_mixin.py:188} INFO - [2026-06-28T19:38:28.679+0000] {dag.py:3954} INFO - Setting next_dagrun for tutorial_dag to None, run_after=None
[2026-06-28T19:38:28.697+0000] {processor.py:183} INFO - Processing /home/airflow/.local/lib/python3.12/site-packages/airflow/example_dags/tutorial_dag.py took 0.066 seconds
[2026-06-28T19:39:01.404+0000] {processor.py:161} INFO - Started process (PID=9338) to work on /home/airflow/.local/lib/python3.12/site-packages/airflow/example_dags/tutorial_dag.py
[2026-06-28T19:39:01.415+0000] {processor.py:830} INFO - Processing file /home/airflow/.local/lib/python3.12/site-packages/airflow/example_dags/tutorial_dag.py for tasks to queue
[2026-06-28T19:39:01.418+0000] {logging_mixin.py:188} INFO - [2026-06-28T19:39:01.417+0000] {dagbag.py:545} INFO - Filling up the DagBag from /home/airflow/.local/lib/python3.12/site-packages/airflow/example_dags/tutorial_dag.py
[2026-06-28T19:39:01.438+0000] {processor.py:840} INFO - DAG(s) 'tutorial_dag' retrieved from /home/airflow/.local/lib/python3.12/site-packages/airflow/example_dags/tutorial_dag.py
[2026-06-28T19:39:01.502+0000] {logging_mixin.py:188} INFO - [2026-06-28T19:39:01.501+0000] {dag.py:3096} INFO - Sync 1 DAGs
[2026-06-28T19:39:01.524+0000] {logging_mixin.py:188} INFO - [2026-06-28T19:39:01.523+0000] {dag.py:3954} INFO - Setting next_dagrun for tutorial_dag to None, run_after=None
[2026-06-28T19:39:01.578+0000] {processor.py:183} INFO - Processing /home/airflow/.local/lib/python3.12/site-packages/airflow/example_dags/tutorial_dag.py took 0.195 seconds
[2026-06-28T19:39:32.346+0000] {processor.py:161} INFO - Started process (PID=9395) to work on /home/airflow/.local/lib/python3.12/site-packages/airflow/example_dags/tutorial_dag.py
[2026-06-28T19:39:32.358+0000] {processor.py:830} INFO - Processing file /home/airflow/.local/lib/python3.12/site-packages/airflow/example_dags/tutorial_dag.py for tasks to queue
[2026-06-28T19:39:32.365+0000] {logging_mixin.py:188} INFO - [2026-06-28T19:39:32.364+0000] {dagbag.py:545} INFO - Filling up the DagBag from /home/airflow/.local/lib/python3.12/site-packages/airflow/example_dags/tutorial_dag.py
[2026-06-28T19:39:32.388+0000] {processor.py:840} INFO - DAG(s) 'tutorial_dag' retrieved from /home/airflow/.local/lib/python3.12/site-packages/airflow/example_dags/tutorial_dag.py
[2026-06-28T19:39:32.449+0000] {logging_mixin.py:188} INFO - [2026-06-28T19:39:32.449+0000] {dag.py:3096} INFO - Sync 1 DAGs
[2026-06-28T19:39:32.474+0000] {logging_mixin.py:188} INFO - [2026-06-28T19:39:32.473+0000] {dag.py:3954} INFO - Setting next_dagrun for tutorial_dag to None, run_after=None
[2026-06-28T19:39:32.520+0000] {processor.py:183} INFO - Processing /home/airflow/.local/lib/python3.12/site-packages/airflow/example_dags/tutorial_dag.py took 0.190 seconds
[2026-06-28T19:40:03.149+0000] {processor.py:161} INFO - Started process (PID=9454) to work on /home/airflow/.local/lib/python3.12/site-packages/airflow/example_dags/tutorial_dag.py
[2026-06-28T19:40:03.150+0000] {processor.py:830} INFO - Processing file /home/airflow/.local/lib/python3.12/site-packages/airflow/example_dags/tutorial_dag.py for tasks to queue
[2026-06-28T19:40:03.152+0000] {logging_mixin.py:188} INFO - [2026-06-28T19:40:03.151+0000] {dagbag.py:545} INFO - Filling up the DagBag from /home/airflow/.local/lib/python3.12/site-packages/airflow/example_dags/tutorial_dag.py
[2026-06-28T19:40:03.158+0000] {processor.py:840} INFO - DAG(s) 'tutorial_dag' retrieved from /home/airflow/.local/lib/python3.12/site-packages/airflow/example_dags/tutorial_dag.py
[2026-06-28T19:40:03.187+0000] {logging_mixin.py:188} INFO - [2026-06-28T19:40:03.186+0000] {dag.py:3096} INFO - Sync 1 DAGs
[2026-06-28T19:40:03.204+0000] {logging_mixin.py:188} INFO - [2026-06-28T19:40:03.204+0000] {dag.py:3954} INFO - Setting next_dagrun for tutorial_dag to None, run_after=None
[2026-06-28T19:40:03.228+0000] {processor.py:183} INFO - Processing /home/airflow/.local/lib/python3.12/site-packages/airflow/example_dags/tutorial_dag.py took 0.086 seconds
[2026-06-28T19:40:33.852+0000] {processor.py:161} INFO - Started process (PID=9513) to work on /home/airflow/.local/lib/python3.12/site-packages/airflow/example_dags/tutorial_dag.py
[2026-06-28T19:40:33.853+0000] {processor.py:830} INFO - Processing file /home/airflow/.local/lib/python3.12/site-packages/airflow/example_dags/tutorial_dag.py for tasks to queue
[2026-06-28T19:40:33.855+0000] {logging_mixin.py:188} INFO - [2026-06-28T19:40:33.855+0000] {dagbag.py:545} INFO - Filling up the DagBag from /home/airflow/.local/lib/python3.12/site-packages/airflow/example_dags/tutorial_dag.py
[2026-06-28T19:40:33.861+0000] {processor.py:840} INFO - DAG(s) 'tutorial_dag' retrieved from /home/airflow/.local/lib/python3.12/site-packages/airflow/example_dags/tutorial_dag.py
[2026-06-28T19:40:33.893+0000] {logging_mixin.py:188} INFO - [2026-06-28T19:40:33.893+0000] {dag.py:3096} INFO - Sync 1 DAGs
[2026-06-28T19:40:33.912+0000] {logging_mixin.py:188} INFO - [2026-06-28T19:40:33.912+0000] {dag.py:3954} INFO - Setting next_dagrun for tutorial_dag to None, run_after=None
[2026-06-28T19:40:33.937+0000] {processor.py:183} INFO - Processing /home/airflow/.local/lib/python3.12/site-packages/airflow/example_dags/tutorial_dag.py took 0.092 seconds
[2026-06-28T19:41:03.996+0000] {processor.py:161} INFO - Started process (PID=9571) to work on /home/airflow/.local/lib/python3.12/site-packages/airflow/example_dags/tutorial_dag.py
[2026-06-28T19:41:03.999+0000] {processor.py:830} INFO - Processing file /home/airflow/.local/lib/python3.12/site-packages/airflow/example_dags/tutorial_dag.py for tasks to queue
[2026-06-28T19:41:04.001+0000] {logging_mixin.py:188} INFO - [2026-06-28T19:41:04.000+0000] {dagbag.py:545} INFO - Filling up the DagBag from /home/airflow/.local/lib/python3.12/site-packages/airflow/example_dags/tutorial_dag.py
[2026-06-28T19:41:04.006+0000] {processor.py:840} INFO - DAG(s) 'tutorial_dag' retrieved from /home/airflow/.local/lib/python3.12/site-packages/airflow/example_dags/tutorial_dag.py
[2026-06-28T19:41:04.028+0000] {logging_mixin.py:188} INFO - [2026-06-28T19:41:04.028+0000] {dag.py:3096} INFO - Sync 1 DAGs
[2026-06-28T19:41:04.039+0000] {logging_mixin.py:188} INFO - [2026-06-28T19:41:04.039+0000] {dag.py:3954} INFO - Setting next_dagrun for tutorial_dag to None, run_after=None
[2026-06-28T19:41:04.055+0000] {processor.py:183} INFO - Processing /home/airflow/.local/lib/python3.12/site-packages/airflow/example_dags/tutorial_dag.py took 0.065 seconds
[2026-06-28T19:41:35.070+0000] {processor.py:161} INFO - Started process (PID=9631) to work on /home/airflow/.local/lib/python3.12/site-packages/airflow/example_dags/tutorial_dag.py
[2026-06-28T19:41:35.075+0000] {processor.py:830} INFO - Processing file /home/airflow/.local/lib/python3.12/site-packages/airflow/example_dags/tutorial_dag.py for tasks to queue
[2026-06-28T19:41:35.078+0000] {logging_mixin.py:188} INFO - [2026-06-28T19:41:35.078+0000] {dagbag.py:545} INFO - Filling up the DagBag from /home/airflow/.local/lib/python3.12/site-packages/airflow/example_dags/tutorial_dag.py
[2026-06-28T19:41:35.086+0000] {processor.py:840} INFO - DAG(s) 'tutorial_dag' retrieved from /home/airflow/.local/lib/python3.12/site-packages/airflow/example_dags/tutorial_dag.py
[2026-06-28T19:41:35.147+0000] {logging_mixin.py:188} INFO - [2026-06-28T19:41:35.145+0000] {dag.py:3096} INFO - Sync 1 DAGs
[2026-06-28T19:41:35.184+0000] {logging_mixin.py:188} INFO - [2026-06-28T19:41:35.184+0000] {dag.py:3954} INFO - Setting next_dagrun for tutorial_dag to None, run_after=None
[2026-06-28T19:41:35.247+0000] {processor.py:183} INFO - Processing /home/airflow/.local/lib/python3.12/site-packages/airflow/example_dags/tutorial_dag.py took 0.192 seconds
[2026-06-28T19:42:05.424+0000] {processor.py:161} INFO - Started process (PID=9690) to work on /home/airflow/.local/lib/python3.12/site-packages/airflow/example_dags/tutorial_dag.py
[2026-06-28T19:42:05.426+0000] {processor.py:830} INFO - Processing file /home/airflow/.local/lib/python3.12/site-packages/airflow/example_dags/tutorial_dag.py for tasks to queue
[2026-06-28T19:42:05.428+0000] {logging_mixin.py:188} INFO - [2026-06-28T19:42:05.427+0000] {dagbag.py:545} INFO - Filling up the DagBag from /home/airflow/.local/lib/python3.12/site-packages/airflow/example_dags/tutorial_dag.py
[2026-06-28T19:42:05.432+0000] {processor.py:840} INFO - DAG(s) 'tutorial_dag' retrieved from /home/airflow/.local/lib/python3.12/site-packages/airflow/example_dags/tutorial_dag.py
[2026-06-28T19:42:05.450+0000] {logging_mixin.py:188} INFO - [2026-06-28T19:42:05.450+0000] {dag.py:3096} INFO - Sync 1 DAGs
[2026-06-28T19:42:05.461+0000] {logging_mixin.py:188} INFO - [2026-06-28T19:42:05.461+0000] {dag.py:3954} INFO - Setting next_dagrun for tutorial_dag to None, run_after=None
[2026-06-28T19:42:05.477+0000] {processor.py:183} INFO - Processing /home/airflow/.local/lib/python3.12/site-packages/airflow/example_dags/tutorial_dag.py took 0.058 seconds
[2026-06-28T19:42:36.107+0000] {processor.py:161} INFO - Started process (PID=9749) to work on /home/airflow/.local/lib/python3.12/site-packages/airflow/example_dags/tutorial_dag.py
[2026-06-28T19:42:36.109+0000] {processor.py:830} INFO - Processing file /home/airflow/.local/lib/python3.12/site-packages/airflow/example_dags/tutorial_dag.py for tasks to queue
[2026-06-28T19:42:36.110+0000] {logging_mixin.py:188} INFO - [2026-06-28T19:42:36.110+0000] {dagbag.py:545} INFO - Filling up the DagBag from /home/airflow/.local/lib/python3.12/site-packages/airflow/example_dags/tutorial_dag.py
[2026-06-28T19:42:36.115+0000] {processor.py:840} INFO - DAG(s) 'tutorial_dag' retrieved from /home/airflow/.local/lib/python3.12/site-packages/airflow/example_dags/tutorial_dag.py
[2026-06-28T19:42:36.133+0000] {logging_mixin.py:188} INFO - [2026-06-28T19:42:36.133+0000] {dag.py:3096} INFO - Sync 1 DAGs
[2026-06-28T19:42:36.145+0000] {logging_mixin.py:188} INFO - [2026-06-28T19:42:36.145+0000] {dag.py:3954} INFO - Setting next_dagrun for tutorial_dag to None, run_after=None
[2026-06-28T19:42:36.162+0000] {processor.py:183} INFO - Processing /home/airflow/.local/lib/python3.12/site-packages/airflow/example_dags/tutorial_dag.py took 0.060 seconds
[2026-06-28T19:43:06.641+0000] {processor.py:161} INFO - Started process (PID=9808) to work on /home/airflow/.local/lib/python3.12/site-packages/airflow/example_dags/tutorial_dag.py
[2026-06-28T19:43:06.642+0000] {processor.py:830} INFO - Processing file /home/airflow/.local/lib/python3.12/site-packages/airflow/example_dags/tutorial_dag.py for tasks to queue
[2026-06-28T19:43:06.643+0000] {logging_mixin.py:188} INFO - [2026-06-28T19:43:06.643+0000] {dagbag.py:545} INFO - Filling up the DagBag from /home/airflow/.local/lib/python3.12/site-packages/airflow/example_dags/tutorial_dag.py
[2026-06-28T19:43:06.648+0000] {processor.py:840} INFO - DAG(s) 'tutorial_dag' retrieved from /home/airflow/.local/lib/python3.12/site-packages/airflow/example_dags/tutorial_dag.py
[2026-06-28T19:43:06.666+0000] {logging_mixin.py:188} INFO - [2026-06-28T19:43:06.666+0000] {dag.py:3096} INFO - Sync 1 DAGs
[2026-06-28T19:43:06.677+0000] {logging_mixin.py:188} INFO - [2026-06-28T19:43:06.676+0000] {dag.py:3954} INFO - Setting next_dagrun for tutorial_dag to None, run_after=None
[2026-06-28T19:43:06.707+0000] {processor.py:183} INFO - Processing /home/airflow/.local/lib/python3.12/site-packages/airflow/example_dags/tutorial_dag.py took 0.073 seconds
[2026-06-28T19:43:38.021+0000] {processor.py:161} INFO - Started process (PID=9867) to work on /home/airflow/.local/lib/python3.12/site-packages/airflow/example_dags/tutorial_dag.py
[2026-06-28T19:43:38.024+0000] {processor.py:830} INFO - Processing file /home/airflow/.local/lib/python3.12/site-packages/airflow/example_dags/tutorial_dag.py for tasks to queue
[2026-06-28T19:43:38.031+0000] {logging_mixin.py:188} INFO - [2026-06-28T19:43:38.031+0000] {dagbag.py:545} INFO - Filling up the DagBag from /home/airflow/.local/lib/python3.12/site-packages/airflow/example_dags/tutorial_dag.py
[2026-06-28T19:43:38.048+0000] {processor.py:840} INFO - DAG(s) 'tutorial_dag' retrieved from /home/airflow/.local/lib/python3.12/site-packages/airflow/example_dags/tutorial_dag.py
[2026-06-28T19:43:38.100+0000] {logging_mixin.py:188} INFO - [2026-06-28T19:43:38.099+0000] {dag.py:3096} INFO - Sync 1 DAGs
[2026-06-28T19:43:38.120+0000] {logging_mixin.py:188} INFO - [2026-06-28T19:43:38.120+0000] {dag.py:3954} INFO - Setting next_dagrun for tutorial_dag to None, run_after=None
[2026-06-28T19:43:38.143+0000] {processor.py:183} INFO - Processing /home/airflow/.local/lib/python3.12/site-packages/airflow/example_dags/tutorial_dag.py took 0.140 seconds
[2026-06-28T19:44:08.974+0000] {processor.py:161} INFO - Started process (PID=9926) to work on /home/airflow/.local/lib/python3.12/site-packages/airflow/example_dags/tutorial_dag.py
[2026-06-28T19:44:08.975+0000] {processor.py:830} INFO - Processing file /home/airflow/.local/lib/python3.12/site-packages/airflow/example_dags/tutorial_dag.py for tasks to queue
[2026-06-28T19:44:08.977+0000] {logging_mixin.py:188} INFO - [2026-06-28T19:44:08.976+0000] {dagbag.py:545} INFO - Filling up the DagBag from /home/airflow/.local/lib/python3.12/site-packages/airflow/example_dags/tutorial_dag.py
[2026-06-28T19:44:08.985+0000] {processor.py:840} INFO - DAG(s) 'tutorial_dag' retrieved from /home/airflow/.local/lib/python3.12/site-packages/airflow/example_dags/tutorial_dag.py
[2026-06-28T19:44:09.034+0000] {logging_mixin.py:188} INFO - [2026-06-28T19:44:09.031+0000] {dag.py:3096} INFO - Sync 1 DAGs
[2026-06-28T19:44:09.090+0000] {logging_mixin.py:188} INFO - [2026-06-28T19:44:09.089+0000] {dag.py:3954} INFO - Setting next_dagrun for tutorial_dag to None, run_after=None
[2026-06-28T19:44:09.136+0000] {processor.py:183} INFO - Processing /home/airflow/.local/lib/python3.12/site-packages/airflow/example_dags/tutorial_dag.py took 0.169 seconds
[2026-06-28T19:44:39.364+0000] {processor.py:161} INFO - Started process (PID=9986) to work on /home/airflow/.local/lib/python3.12/site-packages/airflow/example_dags/tutorial_dag.py
[2026-06-28T19:44:39.365+0000] {processor.py:830} INFO - Processing file /home/airflow/.local/lib/python3.12/site-packages/airflow/example_dags/tutorial_dag.py for tasks to queue
[2026-06-28T19:44:39.367+0000] {logging_mixin.py:188} INFO - [2026-06-28T19:44:39.367+0000] {dagbag.py:545} INFO - Filling up the DagBag from /home/airflow/.local/lib/python3.12/site-packages/airflow/example_dags/tutorial_dag.py
[2026-06-28T19:44:39.374+0000] {processor.py:840} INFO - DAG(s) 'tutorial_dag' retrieved from /home/airflow/.local/lib/python3.12/site-packages/airflow/example_dags/tutorial_dag.py
[2026-06-28T19:44:39.402+0000] {logging_mixin.py:188} INFO - [2026-06-28T19:44:39.402+0000] {dag.py:3096} INFO - Sync 1 DAGs
[2026-06-28T19:44:39.420+0000] {logging_mixin.py:188} INFO - [2026-06-28T19:44:39.420+0000] {dag.py:3954} INFO - Setting next_dagrun for tutorial_dag to None, run_after=None
[2026-06-28T19:44:39.443+0000] {processor.py:183} INFO - Processing /home/airflow/.local/lib/python3.12/site-packages/airflow/example_dags/tutorial_dag.py took 0.085 seconds
[2026-06-28T19:45:10.338+0000] {processor.py:161} INFO - Started process (PID=10046) to work on /home/airflow/.local/lib/python3.12/site-packages/airflow/example_dags/tutorial_dag.py
[2026-06-28T19:45:10.341+0000] {processor.py:830} INFO - Processing file /home/airflow/.local/lib/python3.12/site-packages/airflow/example_dags/tutorial_dag.py for tasks to queue
[2026-06-28T19:45:10.342+0000] {logging_mixin.py:188} INFO - [2026-06-28T19:45:10.342+0000] {dagbag.py:545} INFO - Filling up the DagBag from /home/airflow/.local/lib/python3.12/site-packages/airflow/example_dags/tutorial_dag.py
[2026-06-28T19:45:10.347+0000] {processor.py:840} INFO - DAG(s) 'tutorial_dag' retrieved from /home/airflow/.local/lib/python3.12/site-packages/airflow/example_dags/tutorial_dag.py
[2026-06-28T19:45:10.364+0000] {logging_mixin.py:188} INFO - [2026-06-28T19:45:10.364+0000] {dag.py:3096} INFO - Sync 1 DAGs
[2026-06-28T19:45:10.376+0000] {logging_mixin.py:188} INFO - [2026-06-28T19:45:10.376+0000] {dag.py:3954} INFO - Setting next_dagrun for tutorial_dag to None, run_after=None
[2026-06-28T19:45:10.398+0000] {processor.py:183} INFO - Processing /home/airflow/.local/lib/python3.12/site-packages/airflow/example_dags/tutorial_dag.py took 0.065 seconds
[2026-06-28T19:45:42.144+0000] {processor.py:161} INFO - Started process (PID=10105) to work on /home/airflow/.local/lib/python3.12/site-packages/airflow/example_dags/tutorial_dag.py
[2026-06-28T19:45:42.153+0000] {processor.py:830} INFO - Processing file /home/airflow/.local/lib/python3.12/site-packages/airflow/example_dags/tutorial_dag.py for tasks to queue
[2026-06-28T19:45:42.158+0000] {logging_mixin.py:188} INFO - [2026-06-28T19:45:42.157+0000] {dagbag.py:545} INFO - Filling up the DagBag from /home/airflow/.local/lib/python3.12/site-packages/airflow/example_dags/tutorial_dag.py
[2026-06-28T19:45:42.171+0000] {processor.py:840} INFO - DAG(s) 'tutorial_dag' retrieved from /home/airflow/.local/lib/python3.12/site-packages/airflow/example_dags/tutorial_dag.py
[2026-06-28T19:45:42.200+0000] {logging_mixin.py:188} INFO - [2026-06-28T19:45:42.200+0000] {dag.py:3096} INFO - Sync 1 DAGs
[2026-06-28T19:45:42.220+0000] {logging_mixin.py:188} INFO - [2026-06-28T19:45:42.220+0000] {dag.py:3954} INFO - Setting next_dagrun for tutorial_dag to None, run_after=None
[2026-06-28T19:45:42.309+0000] {processor.py:183} INFO - Processing /home/airflow/.local/lib/python3.12/site-packages/airflow/example_dags/tutorial_dag.py took 0.175 seconds
[2026-06-28T19:46:12.528+0000] {processor.py:161} INFO - Started process (PID=10163) to work on /home/airflow/.local/lib/python3.12/site-packages/airflow/example_dags/tutorial_dag.py
[2026-06-28T19:46:12.529+0000] {processor.py:830} INFO - Processing file /home/airflow/.local/lib/python3.12/site-packages/airflow/example_dags/tutorial_dag.py for tasks to queue
[2026-06-28T19:46:12.532+0000] {logging_mixin.py:188} INFO - [2026-06-28T19:46:12.532+0000] {dagbag.py:545} INFO - Filling up the DagBag from /home/airflow/.local/lib/python3.12/site-packages/airflow/example_dags/tutorial_dag.py
[2026-06-28T19:46:12.547+0000] {processor.py:840} INFO - DAG(s) 'tutorial_dag' retrieved from /home/airflow/.local/lib/python3.12/site-packages/airflow/example_dags/tutorial_dag.py
[2026-06-28T19:46:12.583+0000] {logging_mixin.py:188} INFO - [2026-06-28T19:46:12.583+0000] {dag.py:3096} INFO - Sync 1 DAGs
[2026-06-28T19:46:12.606+0000] {logging_mixin.py:188} INFO - [2026-06-28T19:46:12.606+0000] {dag.py:3954} INFO - Setting next_dagrun for tutorial_dag to None, run_after=None
[2026-06-28T19:46:12.636+0000] {processor.py:183} INFO - Processing /home/airflow/.local/lib/python3.12/site-packages/airflow/example_dags/tutorial_dag.py took 0.126 seconds
[2026-06-28T19:46:42.946+0000] {processor.py:161} INFO - Started process (PID=10221) to work on /home/airflow/.local/lib/python3.12/site-packages/airflow/example_dags/tutorial_dag.py
[2026-06-28T19:46:42.947+0000] {processor.py:830} INFO - Processing file /home/airflow/.local/lib/python3.12/site-packages/airflow/example_dags/tutorial_dag.py for tasks to queue
[2026-06-28T19:46:42.948+0000] {logging_mixin.py:188} INFO - [2026-06-28T19:46:42.948+0000] {dagbag.py:545} INFO - Filling up the DagBag from /home/airflow/.local/lib/python3.12/site-packages/airflow/example_dags/tutorial_dag.py
[2026-06-28T19:46:42.953+0000] {processor.py:840} INFO - DAG(s) 'tutorial_dag' retrieved from /home/airflow/.local/lib/python3.12/site-packages/airflow/example_dags/tutorial_dag.py
[2026-06-28T19:46:42.971+0000] {logging_mixin.py:188} INFO - [2026-06-28T19:46:42.971+0000] {dag.py:3096} INFO - Sync 1 DAGs
[2026-06-28T19:46:42.983+0000] {logging_mixin.py:188} INFO - [2026-06-28T19:46:42.982+0000] {dag.py:3954} INFO - Setting next_dagrun for tutorial_dag to None, run_after=None
[2026-06-28T19:46:43.001+0000] {processor.py:183} INFO - Processing /home/airflow/.local/lib/python3.12/site-packages/airflow/example_dags/tutorial_dag.py took 0.061 seconds
[2026-06-28T19:47:13.504+0000] {processor.py:161} INFO - Started process (PID=10280) to work on /home/airflow/.local/lib/python3.12/site-packages/airflow/example_dags/tutorial_dag.py
[2026-06-28T19:47:13.506+0000] {processor.py:830} INFO - Processing file /home/airflow/.local/lib/python3.12/site-packages/airflow/example_dags/tutorial_dag.py for tasks to queue
[2026-06-28T19:47:13.508+0000] {logging_mixin.py:188} INFO - [2026-06-28T19:47:13.508+0000] {dagbag.py:545} INFO - Filling up the DagBag from /home/airflow/.local/lib/python3.12/site-packages/airflow/example_dags/tutorial_dag.py
[2026-06-28T19:47:13.512+0000] {processor.py:840} INFO - DAG(s) 'tutorial_dag' retrieved from /home/airflow/.local/lib/python3.12/site-packages/airflow/example_dags/tutorial_dag.py
[2026-06-28T19:47:13.531+0000] {logging_mixin.py:188} INFO - [2026-06-28T19:47:13.530+0000] {dag.py:3096} INFO - Sync 1 DAGs
[2026-06-28T19:47:13.542+0000] {logging_mixin.py:188} INFO - [2026-06-28T19:47:13.542+0000] {dag.py:3954} INFO - Setting next_dagrun for tutorial_dag to None, run_after=None
[2026-06-28T19:47:13.559+0000] {processor.py:183} INFO - Processing /home/airflow/.local/lib/python3.12/site-packages/airflow/example_dags/tutorial_dag.py took 0.062 seconds
[2026-06-28T19:47:45.156+0000] {processor.py:161} INFO - Started process (PID=10339) to work on /home/airflow/.local/lib/python3.12/site-packages/airflow/example_dags/tutorial_dag.py
[2026-06-28T19:47:45.171+0000] {processor.py:830} INFO - Processing file /home/airflow/.local/lib/python3.12/site-packages/airflow/example_dags/tutorial_dag.py for tasks to queue
[2026-06-28T19:47:45.174+0000] {logging_mixin.py:188} INFO - [2026-06-28T19:47:45.173+0000] {dagbag.py:545} INFO - Filling up the DagBag from /home/airflow/.local/lib/python3.12/site-packages/airflow/example_dags/tutorial_dag.py
[2026-06-28T19:47:45.188+0000] {processor.py:840} INFO - DAG(s) 'tutorial_dag' retrieved from /home/airflow/.local/lib/python3.12/site-packages/airflow/example_dags/tutorial_dag.py
[2026-06-28T19:47:45.262+0000] {logging_mixin.py:188} INFO - [2026-06-28T19:47:45.262+0000] {dag.py:3096} INFO - Sync 1 DAGs
[2026-06-28T19:47:45.303+0000] {logging_mixin.py:188} INFO - [2026-06-28T19:47:45.303+0000] {dag.py:3954} INFO - Setting next_dagrun for tutorial_dag to None, run_after=None
[2026-06-28T19:47:45.337+0000] {processor.py:183} INFO - Processing /home/airflow/.local/lib/python3.12/site-packages/airflow/example_dags/tutorial_dag.py took 0.192 seconds
[2026-06-28T19:48:15.497+0000] {processor.py:161} INFO - Started process (PID=10398) to work on /home/airflow/.local/lib/python3.12/site-packages/airflow/example_dags/tutorial_dag.py
[2026-06-28T19:48:15.499+0000] {processor.py:830} INFO - Processing file /home/airflow/.local/lib/python3.12/site-packages/airflow/example_dags/tutorial_dag.py for tasks to queue
[2026-06-28T19:48:15.501+0000] {logging_mixin.py:188} INFO - [2026-06-28T19:48:15.500+0000] {dagbag.py:545} INFO - Filling up the DagBag from /home/airflow/.local/lib/python3.12/site-packages/airflow/example_dags/tutorial_dag.py
[2026-06-28T19:48:15.509+0000] {processor.py:840} INFO - DAG(s) 'tutorial_dag' retrieved from /home/airflow/.local/lib/python3.12/site-packages/airflow/example_dags/tutorial_dag.py
[2026-06-28T19:48:15.579+0000] {logging_mixin.py:188} INFO - [2026-06-28T19:48:15.579+0000] {dag.py:3096} INFO - Sync 1 DAGs
[2026-06-28T19:48:15.614+0000] {logging_mixin.py:188} INFO - [2026-06-28T19:48:15.614+0000] {dag.py:3954} INFO - Setting next_dagrun for tutorial_dag to None, run_after=None
[2026-06-28T19:48:15.655+0000] {processor.py:183} INFO - Processing /home/airflow/.local/lib/python3.12/site-packages/airflow/example_dags/tutorial_dag.py took 0.172 seconds
[2026-06-28T19:48:46.390+0000] {processor.py:161} INFO - Started process (PID=10457) to work on /home/airflow/.local/lib/python3.12/site-packages/airflow/example_dags/tutorial_dag.py
[2026-06-28T19:48:46.391+0000] {processor.py:830} INFO - Processing file /home/airflow/.local/lib/python3.12/site-packages/airflow/example_dags/tutorial_dag.py for tasks to queue
[2026-06-28T19:48:46.393+0000] {logging_mixin.py:188} INFO - [2026-06-28T19:48:46.393+0000] {dagbag.py:545} INFO - Filling up the DagBag from /home/airflow/.local/lib/python3.12/site-packages/airflow/example_dags/tutorial_dag.py
[2026-06-28T19:48:46.399+0000] {processor.py:840} INFO - DAG(s) 'tutorial_dag' retrieved from /home/airflow/.local/lib/python3.12/site-packages/airflow/example_dags/tutorial_dag.py
[2026-06-28T19:48:46.421+0000] {logging_mixin.py:188} INFO - [2026-06-28T19:48:46.421+0000] {dag.py:3096} INFO - Sync 1 DAGs
[2026-06-28T19:48:46.432+0000] {logging_mixin.py:188} INFO - [2026-06-28T19:48:46.432+0000] {dag.py:3954} INFO - Setting next_dagrun for tutorial_dag to None, run_after=None
[2026-06-28T19:48:46.448+0000] {processor.py:183} INFO - Processing /home/airflow/.local/lib/python3.12/site-packages/airflow/example_dags/tutorial_dag.py took 0.066 seconds
[2026-06-28T19:49:17.702+0000] {processor.py:161} INFO - Started process (PID=10516) to work on /home/airflow/.local/lib/python3.12/site-packages/airflow/example_dags/tutorial_dag.py
[2026-06-28T19:49:17.705+0000] {processor.py:830} INFO - Processing file /home/airflow/.local/lib/python3.12/site-packages/airflow/example_dags/tutorial_dag.py for tasks to queue
[2026-06-28T19:49:17.709+0000] {logging_mixin.py:188} INFO - [2026-06-28T19:49:17.708+0000] {dagbag.py:545} INFO - Filling up the DagBag from /home/airflow/.local/lib/python3.12/site-packages/airflow/example_dags/tutorial_dag.py
[2026-06-28T19:49:17.715+0000] {processor.py:840} INFO - DAG(s) 'tutorial_dag' retrieved from /home/airflow/.local/lib/python3.12/site-packages/airflow/example_dags/tutorial_dag.py
[2026-06-28T19:49:17.740+0000] {logging_mixin.py:188} INFO - [2026-06-28T19:49:17.740+0000] {dag.py:3096} INFO - Sync 1 DAGs
[2026-06-28T19:49:17.755+0000] {logging_mixin.py:188} INFO - [2026-06-28T19:49:17.755+0000] {dag.py:3954} INFO - Setting next_dagrun for tutorial_dag to None, run_after=None
[2026-06-28T19:49:17.792+0000] {processor.py:183} INFO - Processing /home/airflow/.local/lib/python3.12/site-packages/airflow/example_dags/tutorial_dag.py took 0.105 seconds
[2026-06-28T19:49:49.070+0000] {processor.py:161} INFO - Started process (PID=10577) to work on /home/airflow/.local/lib/python3.12/site-packages/airflow/example_dags/tutorial_dag.py
[2026-06-28T19:49:49.071+0000] {processor.py:830} INFO - Processing file /home/airflow/.local/lib/python3.12/site-packages/airflow/example_dags/tutorial_dag.py for tasks to queue
[2026-06-28T19:49:49.074+0000] {logging_mixin.py:188} INFO - [2026-06-28T19:49:49.073+0000] {dagbag.py:545} INFO - Filling up the DagBag from /home/airflow/.local/lib/python3.12/site-packages/airflow/example_dags/tutorial_dag.py
[2026-06-28T19:49:49.079+0000] {processor.py:840} INFO - DAG(s) 'tutorial_dag' retrieved from /home/airflow/.local/lib/python3.12/site-packages/airflow/example_dags/tutorial_dag.py
[2026-06-28T19:49:49.111+0000] {logging_mixin.py:188} INFO - [2026-06-28T19:49:49.110+0000] {dag.py:3096} INFO - Sync 1 DAGs
[2026-06-28T19:49:49.125+0000] {logging_mixin.py:188} INFO - [2026-06-28T19:49:49.125+0000] {dag.py:3954} INFO - Setting next_dagrun for tutorial_dag to None, run_after=None
[2026-06-28T19:49:49.141+0000] {processor.py:183} INFO - Processing /home/airflow/.local/lib/python3.12/site-packages/airflow/example_dags/tutorial_dag.py took 0.079 seconds
[2026-06-28T19:50:21.226+0000] {processor.py:161} INFO - Started process (PID=10638) to work on /home/airflow/.local/lib/python3.12/site-packages/airflow/example_dags/tutorial_dag.py
[2026-06-28T19:50:21.227+0000] {processor.py:830} INFO - Processing file /home/airflow/.local/lib/python3.12/site-packages/airflow/example_dags/tutorial_dag.py for tasks to queue
[2026-06-28T19:50:21.229+0000] {logging_mixin.py:188} INFO - [2026-06-28T19:50:21.229+0000] {dagbag.py:545} INFO - Filling up the DagBag from /home/airflow/.local/lib/python3.12/site-packages/airflow/example_dags/tutorial_dag.py
[2026-06-28T19:50:21.236+0000] {processor.py:840} INFO - DAG(s) 'tutorial_dag' retrieved from /home/airflow/.local/lib/python3.12/site-packages/airflow/example_dags/tutorial_dag.py
[2026-06-28T19:50:21.263+0000] {logging_mixin.py:188} INFO - [2026-06-28T19:50:21.263+0000] {dag.py:3096} INFO - Sync 1 DAGs
[2026-06-28T19:50:21.279+0000] {logging_mixin.py:188} INFO - [2026-06-28T19:50:21.279+0000] {dag.py:3954} INFO - Setting next_dagrun for tutorial_dag to None, run_after=None
[2026-06-28T19:50:21.312+0000] {processor.py:183} INFO - Processing /home/airflow/.local/lib/python3.12/site-packages/airflow/example_dags/tutorial_dag.py took 0.094 seconds
[2026-06-28T19:50:52.520+0000] {processor.py:161} INFO - Started process (PID=10697) to work on /home/airflow/.local/lib/python3.12/site-packages/airflow/example_dags/tutorial_dag.py
[2026-06-28T19:50:52.658+0000] {processor.py:830} INFO - Processing file /home/airflow/.local/lib/python3.12/site-packages/airflow/example_dags/tutorial_dag.py for tasks to queue
[2026-06-28T19:50:52.662+0000] {logging_mixin.py:188} INFO - [2026-06-28T19:50:52.662+0000] {dagbag.py:545} INFO - Filling up the DagBag from /home/airflow/.local/lib/python3.12/site-packages/airflow/example_dags/tutorial_dag.py
[2026-06-28T19:50:52.670+0000] {processor.py:840} INFO - DAG(s) 'tutorial_dag' retrieved from /home/airflow/.local/lib/python3.12/site-packages/airflow/example_dags/tutorial_dag.py
[2026-06-28T19:50:52.706+0000] {logging_mixin.py:188} INFO - [2026-06-28T19:50:52.706+0000] {dag.py:3096} INFO - Sync 1 DAGs
[2026-06-28T19:50:52.741+0000] {logging_mixin.py:188} INFO - [2026-06-28T19:50:52.741+0000] {dag.py:3954} INFO - Setting next_dagrun for tutorial_dag to None, run_after=None
[2026-06-28T19:50:52.783+0000] {processor.py:183} INFO - Processing /home/airflow/.local/lib/python3.12/site-packages/airflow/example_dags/tutorial_dag.py took 0.288 seconds
[2026-06-28T19:51:23.591+0000] {processor.py:161} INFO - Started process (PID=10756) to work on /home/airflow/.local/lib/python3.12/site-packages/airflow/example_dags/tutorial_dag.py
[2026-06-28T19:51:23.592+0000] {processor.py:830} INFO - Processing file /home/airflow/.local/lib/python3.12/site-packages/airflow/example_dags/tutorial_dag.py for tasks to queue
[2026-06-28T19:51:23.596+0000] {logging_mixin.py:188} INFO - [2026-06-28T19:51:23.595+0000] {dagbag.py:545} INFO - Filling up the DagBag from /home/airflow/.local/lib/python3.12/site-packages/airflow/example_dags/tutorial_dag.py
[2026-06-28T19:51:23.603+0000] {processor.py:840} INFO - DAG(s) 'tutorial_dag' retrieved from /home/airflow/.local/lib/python3.12/site-packages/airflow/example_dags/tutorial_dag.py
[2026-06-28T19:51:23.638+0000] {logging_mixin.py:188} INFO - [2026-06-28T19:51:23.638+0000] {dag.py:3096} INFO - Sync 1 DAGs
[2026-06-28T19:51:23.658+0000] {logging_mixin.py:188} INFO - [2026-06-28T19:51:23.655+0000] {dag.py:3954} INFO - Setting next_dagrun for tutorial_dag to None, run_after=None
[2026-06-28T19:51:23.682+0000] {processor.py:183} INFO - Processing /home/airflow/.local/lib/python3.12/site-packages/airflow/example_dags/tutorial_dag.py took 0.099 seconds
[2026-06-28T19:51:54.483+0000] {processor.py:161} INFO - Started process (PID=10816) to work on /home/airflow/.local/lib/python3.12/site-packages/airflow/example_dags/tutorial_dag.py
[2026-06-28T19:51:54.491+0000] {processor.py:830} INFO - Processing file /home/airflow/.local/lib/python3.12/site-packages/airflow/example_dags/tutorial_dag.py for tasks to queue
[2026-06-28T19:51:54.493+0000] {logging_mixin.py:188} INFO - [2026-06-28T19:51:54.493+0000] {dagbag.py:545} INFO - Filling up the DagBag from /home/airflow/.local/lib/python3.12/site-packages/airflow/example_dags/tutorial_dag.py
[2026-06-28T19:51:54.501+0000] {processor.py:840} INFO - DAG(s) 'tutorial_dag' retrieved from /home/airflow/.local/lib/python3.12/site-packages/airflow/example_dags/tutorial_dag.py
[2026-06-28T19:51:54.530+0000] {logging_mixin.py:188} INFO - [2026-06-28T19:51:54.530+0000] {dag.py:3096} INFO - Sync 1 DAGs
[2026-06-28T19:51:54.546+0000] {logging_mixin.py:188} INFO - [2026-06-28T19:51:54.546+0000] {dag.py:3954} INFO - Setting next_dagrun for tutorial_dag to None, run_after=None
[2026-06-28T19:51:54.571+0000] {processor.py:183} INFO - Processing /home/airflow/.local/lib/python3.12/site-packages/airflow/example_dags/tutorial_dag.py took 0.096 seconds
[2026-06-28T19:52:24.742+0000] {processor.py:161} INFO - Started process (PID=10875) to work on /home/airflow/.local/lib/python3.12/site-packages/airflow/example_dags/tutorial_dag.py
[2026-06-28T19:52:24.743+0000] {processor.py:830} INFO - Processing file /home/airflow/.local/lib/python3.12/site-packages/airflow/example_dags/tutorial_dag.py for tasks to queue
[2026-06-28T19:52:24.745+0000] {logging_mixin.py:188} INFO - [2026-06-28T19:52:24.745+0000] {dagbag.py:545} INFO - Filling up the DagBag from /home/airflow/.local/lib/python3.12/site-packages/airflow/example_dags/tutorial_dag.py
[2026-06-28T19:52:24.752+0000] {processor.py:840} INFO - DAG(s) 'tutorial_dag' retrieved from /home/airflow/.local/lib/python3.12/site-packages/airflow/example_dags/tutorial_dag.py
[2026-06-28T19:52:24.779+0000] {logging_mixin.py:188} INFO - [2026-06-28T19:52:24.779+0000] {dag.py:3096} INFO - Sync 1 DAGs
[2026-06-28T19:52:24.801+0000] {logging_mixin.py:188} INFO - [2026-06-28T19:52:24.800+0000] {dag.py:3954} INFO - Setting next_dagrun for tutorial_dag to None, run_after=None
[2026-06-28T19:52:24.829+0000] {processor.py:183} INFO - Processing /home/airflow/.local/lib/python3.12/site-packages/airflow/example_dags/tutorial_dag.py took 0.097 seconds
[2026-06-28T19:52:55.501+0000] {processor.py:161} INFO - Started process (PID=10934) to work on /home/airflow/.local/lib/python3.12/site-packages/airflow/example_dags/tutorial_dag.py
[2026-06-28T19:52:55.512+0000] {processor.py:830} INFO - Processing file /home/airflow/.local/lib/python3.12/site-packages/airflow/example_dags/tutorial_dag.py for tasks to queue
[2026-06-28T19:52:55.520+0000] {logging_mixin.py:188} INFO - [2026-06-28T19:52:55.516+0000] {dagbag.py:545} INFO - Filling up the DagBag from /home/airflow/.local/lib/python3.12/site-packages/airflow/example_dags/tutorial_dag.py
[2026-06-28T19:52:55.552+0000] {processor.py:840} INFO - DAG(s) 'tutorial_dag' retrieved from /home/airflow/.local/lib/python3.12/site-packages/airflow/example_dags/tutorial_dag.py
[2026-06-28T19:52:55.630+0000] {logging_mixin.py:188} INFO - [2026-06-28T19:52:55.629+0000] {dag.py:3096} INFO - Sync 1 DAGs
[2026-06-28T19:52:55.677+0000] {logging_mixin.py:188} INFO - [2026-06-28T19:52:55.677+0000] {dag.py:3954} INFO - Setting next_dagrun for tutorial_dag to None, run_after=None
[2026-06-28T19:52:55.733+0000] {processor.py:183} INFO - Processing /home/airflow/.local/lib/python3.12/site-packages/airflow/example_dags/tutorial_dag.py took 0.252 seconds
[2026-06-28T19:53:25.827+0000] {processor.py:161} INFO - Started process (PID=10992) to work on /home/airflow/.local/lib/python3.12/site-packages/airflow/example_dags/tutorial_dag.py
[2026-06-28T19:53:25.827+0000] {processor.py:830} INFO - Processing file /home/airflow/.local/lib/python3.12/site-packages/airflow/example_dags/tutorial_dag.py for tasks to queue
[2026-06-28T19:53:25.829+0000] {logging_mixin.py:188} INFO - [2026-06-28T19:53:25.829+0000] {dagbag.py:545} INFO - Filling up the DagBag from /home/airflow/.local/lib/python3.12/site-packages/airflow/example_dags/tutorial_dag.py
[2026-06-28T19:53:25.834+0000] {processor.py:840} INFO - DAG(s) 'tutorial_dag' retrieved from /home/airflow/.local/lib/python3.12/site-packages/airflow/example_dags/tutorial_dag.py
[2026-06-28T19:53:25.852+0000] {logging_mixin.py:188} INFO - [2026-06-28T19:53:25.852+0000] {dag.py:3096} INFO - Sync 1 DAGs
[2026-06-28T19:53:25.864+0000] {logging_mixin.py:188} INFO - [2026-06-28T19:53:25.863+0000] {dag.py:3954} INFO - Setting next_dagrun for tutorial_dag to None, run_after=None
[2026-06-28T19:53:25.881+0000] {processor.py:183} INFO - Processing /home/airflow/.local/lib/python3.12/site-packages/airflow/example_dags/tutorial_dag.py took 0.061 seconds
[2026-06-28T19:53:56.080+0000] {processor.py:161} INFO - Started process (PID=11052) to work on /home/airflow/.local/lib/python3.12/site-packages/airflow/example_dags/tutorial_dag.py
[2026-06-28T19:53:56.088+0000] {processor.py:830} INFO - Processing file /home/airflow/.local/lib/python3.12/site-packages/airflow/example_dags/tutorial_dag.py for tasks to queue
[2026-06-28T19:53:56.090+0000] {logging_mixin.py:188} INFO - [2026-06-28T19:53:56.090+0000] {dagbag.py:545} INFO - Filling up the DagBag from /home/airflow/.local/lib/python3.12/site-packages/airflow/example_dags/tutorial_dag.py
[2026-06-28T19:53:56.097+0000] {processor.py:840} INFO - DAG(s) 'tutorial_dag' retrieved from /home/airflow/.local/lib/python3.12/site-packages/airflow/example_dags/tutorial_dag.py
[2026-06-28T19:53:56.123+0000] {logging_mixin.py:188} INFO - [2026-06-28T19:53:56.123+0000] {dag.py:3096} INFO - Sync 1 DAGs
[2026-06-28T19:53:56.141+0000] {logging_mixin.py:188} INFO - [2026-06-28T19:53:56.140+0000] {dag.py:3954} INFO - Setting next_dagrun for tutorial_dag to None, run_after=None
[2026-06-28T19:53:56.168+0000] {processor.py:183} INFO - Processing /home/airflow/.local/lib/python3.12/site-packages/airflow/example_dags/tutorial_dag.py took 0.097 seconds
[2026-06-28T19:54:26.559+0000] {processor.py:161} INFO - Started process (PID=11110) to work on /home/airflow/.local/lib/python3.12/site-packages/airflow/example_dags/tutorial_dag.py
[2026-06-28T19:54:26.564+0000] {processor.py:830} INFO - Processing file /home/airflow/.local/lib/python3.12/site-packages/airflow/example_dags/tutorial_dag.py for tasks to queue
[2026-06-28T19:54:26.567+0000] {logging_mixin.py:188} INFO - [2026-06-28T19:54:26.567+0000] {dagbag.py:545} INFO - Filling up the DagBag from /home/airflow/.local/lib/python3.12/site-packages/airflow/example_dags/tutorial_dag.py
[2026-06-28T19:54:26.580+0000] {processor.py:840} INFO - DAG(s) 'tutorial_dag' retrieved from /home/airflow/.local/lib/python3.12/site-packages/airflow/example_dags/tutorial_dag.py
[2026-06-28T19:54:26.638+0000] {logging_mixin.py:188} INFO - [2026-06-28T19:54:26.638+0000] {dag.py:3096} INFO - Sync 1 DAGs
[2026-06-28T19:54:26.692+0000] {logging_mixin.py:188} INFO - [2026-06-28T19:54:26.691+0000] {dag.py:3954} INFO - Setting next_dagrun for tutorial_dag to None, run_after=None
[2026-06-28T19:54:26.759+0000] {processor.py:183} INFO - Processing /home/airflow/.local/lib/python3.12/site-packages/airflow/example_dags/tutorial_dag.py took 0.221 seconds
[2026-06-28T19:54:56.846+0000] {processor.py:161} INFO - Started process (PID=11167) to work on /home/airflow/.local/lib/python3.12/site-packages/airflow/example_dags/tutorial_dag.py
[2026-06-28T19:54:56.849+0000] {processor.py:830} INFO - Processing file /home/airflow/.local/lib/python3.12/site-packages/airflow/example_dags/tutorial_dag.py for tasks to queue
[2026-06-28T19:54:56.852+0000] {logging_mixin.py:188} INFO - [2026-06-28T19:54:56.851+0000] {dagbag.py:545} INFO - Filling up the DagBag from /home/airflow/.local/lib/python3.12/site-packages/airflow/example_dags/tutorial_dag.py
[2026-06-28T19:54:56.858+0000] {processor.py:840} INFO - DAG(s) 'tutorial_dag' retrieved from /home/airflow/.local/lib/python3.12/site-packages/airflow/example_dags/tutorial_dag.py
[2026-06-28T19:54:56.884+0000] {logging_mixin.py:188} INFO - [2026-06-28T19:54:56.884+0000] {dag.py:3096} INFO - Sync 1 DAGs
[2026-06-28T19:54:56.905+0000] {logging_mixin.py:188} INFO - [2026-06-28T19:54:56.905+0000] {dag.py:3954} INFO - Setting next_dagrun for tutorial_dag to None, run_after=None
[2026-06-28T19:54:56.935+0000] {processor.py:183} INFO - Processing /home/airflow/.local/lib/python3.12/site-packages/airflow/example_dags/tutorial_dag.py took 0.102 seconds
[2026-06-28T19:55:27.261+0000] {processor.py:161} INFO - Started process (PID=11226) to work on /home/airflow/.local/lib/python3.12/site-packages/airflow/example_dags/tutorial_dag.py
[2026-06-28T19:55:27.263+0000] {processor.py:830} INFO - Processing file /home/airflow/.local/lib/python3.12/site-packages/airflow/example_dags/tutorial_dag.py for tasks to queue
[2026-06-28T19:55:27.265+0000] {logging_mixin.py:188} INFO - [2026-06-28T19:55:27.264+0000] {dagbag.py:545} INFO - Filling up the DagBag from /home/airflow/.local/lib/python3.12/site-packages/airflow/example_dags/tutorial_dag.py
[2026-06-28T19:55:27.275+0000] {processor.py:840} INFO - DAG(s) 'tutorial_dag' retrieved from /home/airflow/.local/lib/python3.12/site-packages/airflow/example_dags/tutorial_dag.py
[2026-06-28T19:55:27.360+0000] {logging_mixin.py:188} INFO - [2026-06-28T19:55:27.360+0000] {dag.py:3096} INFO - Sync 1 DAGs
[2026-06-28T19:55:27.384+0000] {logging_mixin.py:188} INFO - [2026-06-28T19:55:27.383+0000] {dag.py:3954} INFO - Setting next_dagrun for tutorial_dag to None, run_after=None
[2026-06-28T19:55:27.422+0000] {processor.py:183} INFO - Processing /home/airflow/.local/lib/python3.12/site-packages/airflow/example_dags/tutorial_dag.py took 0.167 seconds
[2026-06-28T19:55:59.185+0000] {processor.py:161} INFO - Started process (PID=11285) to work on /home/airflow/.local/lib/python3.12/site-packages/airflow/example_dags/tutorial_dag.py
[2026-06-28T19:55:59.188+0000] {processor.py:830} INFO - Processing file /home/airflow/.local/lib/python3.12/site-packages/airflow/example_dags/tutorial_dag.py for tasks to queue
[2026-06-28T19:55:59.190+0000] {logging_mixin.py:188} INFO - [2026-06-28T19:55:59.190+0000] {dagbag.py:545} INFO - Filling up the DagBag from /home/airflow/.local/lib/python3.12/site-packages/airflow/example_dags/tutorial_dag.py
[2026-06-28T19:55:59.200+0000] {processor.py:840} INFO - DAG(s) 'tutorial_dag' retrieved from /home/airflow/.local/lib/python3.12/site-packages/airflow/example_dags/tutorial_dag.py
[2026-06-28T19:55:59.220+0000] {logging_mixin.py:188} INFO - [2026-06-28T19:55:59.220+0000] {dag.py:3096} INFO - Sync 1 DAGs
[2026-06-28T19:55:59.232+0000] {logging_mixin.py:188} INFO - [2026-06-28T19:55:59.232+0000] {dag.py:3954} INFO - Setting next_dagrun for tutorial_dag to None, run_after=None
[2026-06-28T19:55:59.398+0000] {processor.py:183} INFO - Processing /home/airflow/.local/lib/python3.12/site-packages/airflow/example_dags/tutorial_dag.py took 0.219 seconds
[2026-06-28T19:56:30.490+0000] {processor.py:161} INFO - Started process (PID=11344) to work on /home/airflow/.local/lib/python3.12/site-packages/airflow/example_dags/tutorial_dag.py
[2026-06-28T19:56:30.494+0000] {processor.py:830} INFO - Processing file /home/airflow/.local/lib/python3.12/site-packages/airflow/example_dags/tutorial_dag.py for tasks to queue
[2026-06-28T19:56:30.497+0000] {logging_mixin.py:188} INFO - [2026-06-28T19:56:30.497+0000] {dagbag.py:545} INFO - Filling up the DagBag from /home/airflow/.local/lib/python3.12/site-packages/airflow/example_dags/tutorial_dag.py
[2026-06-28T19:56:30.509+0000] {processor.py:840} INFO - DAG(s) 'tutorial_dag' retrieved from /home/airflow/.local/lib/python3.12/site-packages/airflow/example_dags/tutorial_dag.py
[2026-06-28T19:56:30.540+0000] {logging_mixin.py:188} INFO - [2026-06-28T19:56:30.540+0000] {dag.py:3096} INFO - Sync 1 DAGs
[2026-06-28T19:56:30.560+0000] {logging_mixin.py:188} INFO - [2026-06-28T19:56:30.560+0000] {dag.py:3954} INFO - Setting next_dagrun for tutorial_dag to None, run_after=None
[2026-06-28T19:56:30.606+0000] {processor.py:183} INFO - Processing /home/airflow/.local/lib/python3.12/site-packages/airflow/example_dags/tutorial_dag.py took 0.125 seconds
[2026-06-28T19:57:01.761+0000] {processor.py:161} INFO - Started process (PID=11403) to work on /home/airflow/.local/lib/python3.12/site-packages/airflow/example_dags/tutorial_dag.py
[2026-06-28T19:57:01.771+0000] {processor.py:830} INFO - Processing file /home/airflow/.local/lib/python3.12/site-packages/airflow/example_dags/tutorial_dag.py for tasks to queue
[2026-06-28T19:57:01.779+0000] {logging_mixin.py:188} INFO - [2026-06-28T19:57:01.779+0000] {dagbag.py:545} INFO - Filling up the DagBag from /home/airflow/.local/lib/python3.12/site-packages/airflow/example_dags/tutorial_dag.py
[2026-06-28T19:57:01.799+0000] {processor.py:840} INFO - DAG(s) 'tutorial_dag' retrieved from /home/airflow/.local/lib/python3.12/site-packages/airflow/example_dags/tutorial_dag.py
[2026-06-28T19:57:01.874+0000] {logging_mixin.py:188} INFO - [2026-06-28T19:57:01.874+0000] {dag.py:3096} INFO - Sync 1 DAGs
[2026-06-28T19:57:01.928+0000] {logging_mixin.py:188} INFO - [2026-06-28T19:57:01.927+0000] {dag.py:3954} INFO - Setting next_dagrun for tutorial_dag to None, run_after=None
[2026-06-28T19:57:02.004+0000] {processor.py:183} INFO - Processing /home/airflow/.local/lib/python3.12/site-packages/airflow/example_dags/tutorial_dag.py took 0.265 seconds
[2026-06-28T19:57:32.312+0000] {processor.py:161} INFO - Started process (PID=11462) to work on /home/airflow/.local/lib/python3.12/site-packages/airflow/example_dags/tutorial_dag.py
[2026-06-28T19:57:32.312+0000] {processor.py:830} INFO - Processing file /home/airflow/.local/lib/python3.12/site-packages/airflow/example_dags/tutorial_dag.py for tasks to queue
[2026-06-28T19:57:32.314+0000] {logging_mixin.py:188} INFO - [2026-06-28T19:57:32.314+0000] {dagbag.py:545} INFO - Filling up the DagBag from /home/airflow/.local/lib/python3.12/site-packages/airflow/example_dags/tutorial_dag.py
[2026-06-28T19:57:32.320+0000] {processor.py:840} INFO - DAG(s) 'tutorial_dag' retrieved from /home/airflow/.local/lib/python3.12/site-packages/airflow/example_dags/tutorial_dag.py
[2026-06-28T19:57:32.346+0000] {logging_mixin.py:188} INFO - [2026-06-28T19:57:32.346+0000] {dag.py:3096} INFO - Sync 1 DAGs
[2026-06-28T19:57:32.368+0000] {logging_mixin.py:188} INFO - [2026-06-28T19:57:32.368+0000] {dag.py:3954} INFO - Setting next_dagrun for tutorial_dag to None, run_after=None
[2026-06-28T19:57:32.395+0000] {processor.py:183} INFO - Processing /home/airflow/.local/lib/python3.12/site-packages/airflow/example_dags/tutorial_dag.py took 0.093 seconds
[2026-06-28T19:58:03.369+0000] {processor.py:161} INFO - Started process (PID=11521) to work on /home/airflow/.local/lib/python3.12/site-packages/airflow/example_dags/tutorial_dag.py
[2026-06-28T19:58:03.370+0000] {processor.py:830} INFO - Processing file /home/airflow/.local/lib/python3.12/site-packages/airflow/example_dags/tutorial_dag.py for tasks to queue
[2026-06-28T19:58:03.374+0000] {logging_mixin.py:188} INFO - [2026-06-28T19:58:03.374+0000] {dagbag.py:545} INFO - Filling up the DagBag from /home/airflow/.local/lib/python3.12/site-packages/airflow/example_dags/tutorial_dag.py
[2026-06-28T19:58:03.390+0000] {processor.py:840} INFO - DAG(s) 'tutorial_dag' retrieved from /home/airflow/.local/lib/python3.12/site-packages/airflow/example_dags/tutorial_dag.py
[2026-06-28T19:58:03.414+0000] {logging_mixin.py:188} INFO - [2026-06-28T19:58:03.414+0000] {dag.py:3096} INFO - Sync 1 DAGs
[2026-06-28T19:58:03.431+0000] {logging_mixin.py:188} INFO - [2026-06-28T19:58:03.431+0000] {dag.py:3954} INFO - Setting next_dagrun for tutorial_dag to None, run_after=None
[2026-06-28T19:58:03.454+0000] {processor.py:183} INFO - Processing /home/airflow/.local/lib/python3.12/site-packages/airflow/example_dags/tutorial_dag.py took 0.102 seconds
[2026-06-28T19:58:33.583+0000] {processor.py:161} INFO - Started process (PID=11580) to work on /home/airflow/.local/lib/python3.12/site-packages/airflow/example_dags/tutorial_dag.py
[2026-06-28T19:58:33.591+0000] {processor.py:830} INFO - Processing file /home/airflow/.local/lib/python3.12/site-packages/airflow/example_dags/tutorial_dag.py for tasks to queue
[2026-06-28T19:58:33.595+0000] {logging_mixin.py:188} INFO - [2026-06-28T19:58:33.593+0000] {dagbag.py:545} INFO - Filling up the DagBag from /home/airflow/.local/lib/python3.12/site-packages/airflow/example_dags/tutorial_dag.py
[2026-06-28T19:58:33.607+0000] {processor.py:840} INFO - DAG(s) 'tutorial_dag' retrieved from /home/airflow/.local/lib/python3.12/site-packages/airflow/example_dags/tutorial_dag.py
[2026-06-28T19:58:33.643+0000] {logging_mixin.py:188} INFO - [2026-06-28T19:58:33.643+0000] {dag.py:3096} INFO - Sync 1 DAGs
[2026-06-28T19:58:33.665+0000] {logging_mixin.py:188} INFO - [2026-06-28T19:58:33.664+0000] {dag.py:3954} INFO - Setting next_dagrun for tutorial_dag to None, run_after=None
[2026-06-28T19:58:33.693+0000] {processor.py:183} INFO - Processing /home/airflow/.local/lib/python3.12/site-packages/airflow/example_dags/tutorial_dag.py took 0.118 seconds
[2026-06-28T19:59:04.207+0000] {processor.py:161} INFO - Started process (PID=11639) to work on /home/airflow/.local/lib/python3.12/site-packages/airflow/example_dags/tutorial_dag.py
[2026-06-28T19:59:04.208+0000] {processor.py:830} INFO - Processing file /home/airflow/.local/lib/python3.12/site-packages/airflow/example_dags/tutorial_dag.py for tasks to queue
[2026-06-28T19:59:04.210+0000] {logging_mixin.py:188} INFO - [2026-06-28T19:59:04.209+0000] {dagbag.py:545} INFO - Filling up the DagBag from /home/airflow/.local/lib/python3.12/site-packages/airflow/example_dags/tutorial_dag.py
[2026-06-28T19:59:04.220+0000] {processor.py:840} INFO - DAG(s) 'tutorial_dag' retrieved from /home/airflow/.local/lib/python3.12/site-packages/airflow/example_dags/tutorial_dag.py
[2026-06-28T19:59:04.247+0000] {logging_mixin.py:188} INFO - [2026-06-28T19:59:04.247+0000] {dag.py:3096} INFO - Sync 1 DAGs
[2026-06-28T19:59:04.275+0000] {logging_mixin.py:188} INFO - [2026-06-28T19:59:04.275+0000] {dag.py:3954} INFO - Setting next_dagrun for tutorial_dag to None, run_after=None
[2026-06-28T19:59:04.331+0000] {processor.py:183} INFO - Processing /home/airflow/.local/lib/python3.12/site-packages/airflow/example_dags/tutorial_dag.py took 0.134 seconds
[2026-06-28T19:59:36.374+0000] {processor.py:161} INFO - Started process (PID=11698) to work on /home/airflow/.local/lib/python3.12/site-packages/airflow/example_dags/tutorial_dag.py
[2026-06-28T19:59:36.379+0000] {processor.py:830} INFO - Processing file /home/airflow/.local/lib/python3.12/site-packages/airflow/example_dags/tutorial_dag.py for tasks to queue
[2026-06-28T19:59:36.383+0000] {logging_mixin.py:188} INFO - [2026-06-28T19:59:36.383+0000] {dagbag.py:545} INFO - Filling up the DagBag from /home/airflow/.local/lib/python3.12/site-packages/airflow/example_dags/tutorial_dag.py
[2026-06-28T19:59:36.396+0000] {processor.py:840} INFO - DAG(s) 'tutorial_dag' retrieved from /home/airflow/.local/lib/python3.12/site-packages/airflow/example_dags/tutorial_dag.py
[2026-06-28T19:59:36.440+0000] {logging_mixin.py:188} INFO - [2026-06-28T19:59:36.439+0000] {dag.py:3096} INFO - Sync 1 DAGs
[2026-06-28T19:59:36.473+0000] {logging_mixin.py:188} INFO - [2026-06-28T19:59:36.472+0000] {dag.py:3954} INFO - Setting next_dagrun for tutorial_dag to None, run_after=None
[2026-06-28T19:59:36.550+0000] {processor.py:183} INFO - Processing /home/airflow/.local/lib/python3.12/site-packages/airflow/example_dags/tutorial_dag.py took 0.200 seconds
[2026-06-28T20:00:06.686+0000] {processor.py:161} INFO - Started process (PID=11757) to work on /home/airflow/.local/lib/python3.12/site-packages/airflow/example_dags/tutorial_dag.py
[2026-06-28T20:00:06.687+0000] {processor.py:830} INFO - Processing file /home/airflow/.local/lib/python3.12/site-packages/airflow/example_dags/tutorial_dag.py for tasks to queue
[2026-06-28T20:00:06.690+0000] {logging_mixin.py:188} INFO - [2026-06-28T20:00:06.689+0000] {dagbag.py:545} INFO - Filling up the DagBag from /home/airflow/.local/lib/python3.12/site-packages/airflow/example_dags/tutorial_dag.py
[2026-06-28T20:00:06.698+0000] {processor.py:840} INFO - DAG(s) 'tutorial_dag' retrieved from /home/airflow/.local/lib/python3.12/site-packages/airflow/example_dags/tutorial_dag.py
[2026-06-28T20:00:06.756+0000] {logging_mixin.py:188} INFO - [2026-06-28T20:00:06.756+0000] {dag.py:3096} INFO - Sync 1 DAGs
[2026-06-28T20:00:06.778+0000] {logging_mixin.py:188} INFO - [2026-06-28T20:00:06.778+0000] {dag.py:3954} INFO - Setting next_dagrun for tutorial_dag to None, run_after=None
[2026-06-28T20:00:06.822+0000] {processor.py:183} INFO - Processing /home/airflow/.local/lib/python3.12/site-packages/airflow/example_dags/tutorial_dag.py took 0.145 seconds
[2026-06-28T20:00:37.197+0000] {processor.py:161} INFO - Started process (PID=11816) to work on /home/airflow/.local/lib/python3.12/site-packages/airflow/example_dags/tutorial_dag.py
[2026-06-28T20:00:37.198+0000] {processor.py:830} INFO - Processing file /home/airflow/.local/lib/python3.12/site-packages/airflow/example_dags/tutorial_dag.py for tasks to queue
[2026-06-28T20:00:37.200+0000] {logging_mixin.py:188} INFO - [2026-06-28T20:00:37.200+0000] {dagbag.py:545} INFO - Filling up the DagBag from /home/airflow/.local/lib/python3.12/site-packages/airflow/example_dags/tutorial_dag.py
[2026-06-28T20:00:37.206+0000] {processor.py:840} INFO - DAG(s) 'tutorial_dag' retrieved from /home/airflow/.local/lib/python3.12/site-packages/airflow/example_dags/tutorial_dag.py
[2026-06-28T20:00:37.238+0000] {logging_mixin.py:188} INFO - [2026-06-28T20:00:37.237+0000] {dag.py:3096} INFO - Sync 1 DAGs
[2026-06-28T20:00:37.257+0000] {logging_mixin.py:188} INFO - [2026-06-28T20:00:37.257+0000] {dag.py:3954} INFO - Setting next_dagrun for tutorial_dag to None, run_after=None
[2026-06-28T20:00:37.280+0000] {processor.py:183} INFO - Processing /home/airflow/.local/lib/python3.12/site-packages/airflow/example_dags/tutorial_dag.py took 0.091 seconds
[2026-06-28T20:01:07.957+0000] {processor.py:161} INFO - Started process (PID=11875) to work on /home/airflow/.local/lib/python3.12/site-packages/airflow/example_dags/tutorial_dag.py
[2026-06-28T20:01:07.959+0000] {processor.py:830} INFO - Processing file /home/airflow/.local/lib/python3.12/site-packages/airflow/example_dags/tutorial_dag.py for tasks to queue
[2026-06-28T20:01:07.962+0000] {logging_mixin.py:188} INFO - [2026-06-28T20:01:07.962+0000] {dagbag.py:545} INFO - Filling up the DagBag from /home/airflow/.local/lib/python3.12/site-packages/airflow/example_dags/tutorial_dag.py
[2026-06-28T20:01:07.969+0000] {processor.py:840} INFO - DAG(s) 'tutorial_dag' retrieved from /home/airflow/.local/lib/python3.12/site-packages/airflow/example_dags/tutorial_dag.py
[2026-06-28T20:01:08.017+0000] {logging_mixin.py:188} INFO - [2026-06-28T20:01:08.017+0000] {dag.py:3096} INFO - Sync 1 DAGs
[2026-06-28T20:01:08.035+0000] {logging_mixin.py:188} INFO - [2026-06-28T20:01:08.035+0000] {dag.py:3954} INFO - Setting next_dagrun for tutorial_dag to None, run_after=None
[2026-06-28T20:01:08.056+0000] {processor.py:183} INFO - Processing /home/airflow/.local/lib/python3.12/site-packages/airflow/example_dags/tutorial_dag.py took 0.124 seconds
[2026-06-28T20:25:06.897+0000] {processor.py:161} INFO - Started process (PID=125) to work on /home/airflow/.local/lib/python3.12/site-packages/airflow/example_dags/tutorial_dag.py
[2026-06-28T20:25:06.902+0000] {processor.py:830} INFO - Processing file /home/airflow/.local/lib/python3.12/site-packages/airflow/example_dags/tutorial_dag.py for tasks to queue
[2026-06-28T20:25:06.905+0000] {logging_mixin.py:188} INFO - [2026-06-28T20:25:06.904+0000] {dagbag.py:545} INFO - Filling up the DagBag from /home/airflow/.local/lib/python3.12/site-packages/airflow/example_dags/tutorial_dag.py
[2026-06-28T20:25:06.914+0000] {processor.py:840} INFO - DAG(s) 'tutorial_dag' retrieved from /home/airflow/.local/lib/python3.12/site-packages/airflow/example_dags/tutorial_dag.py
[2026-06-28T20:25:06.952+0000] {logging_mixin.py:188} INFO - [2026-06-28T20:25:06.951+0000] {dag.py:3096} INFO - Sync 1 DAGs
[2026-06-28T20:25:06.970+0000] {logging_mixin.py:188} INFO - [2026-06-28T20:25:06.970+0000] {dag.py:3954} INFO - Setting next_dagrun for tutorial_dag to None, run_after=None
[2026-06-28T20:25:07.001+0000] {processor.py:183} INFO - Processing /home/airflow/.local/lib/python3.12/site-packages/airflow/example_dags/tutorial_dag.py took 0.111 seconds
[2026-06-28T20:25:37.746+0000] {processor.py:161} INFO - Started process (PID=184) to work on /home/airflow/.local/lib/python3.12/site-packages/airflow/example_dags/tutorial_dag.py
[2026-06-28T20:25:37.751+0000] {processor.py:830} INFO - Processing file /home/airflow/.local/lib/python3.12/site-packages/airflow/example_dags/tutorial_dag.py for tasks to queue
[2026-06-28T20:25:37.754+0000] {logging_mixin.py:188} INFO - [2026-06-28T20:25:37.753+0000] {dagbag.py:545} INFO - Filling up the DagBag from /home/airflow/.local/lib/python3.12/site-packages/airflow/example_dags/tutorial_dag.py
[2026-06-28T20:25:37.763+0000] {processor.py:840} INFO - DAG(s) 'tutorial_dag' retrieved from /home/airflow/.local/lib/python3.12/site-packages/airflow/example_dags/tutorial_dag.py
[2026-06-28T20:25:37.791+0000] {logging_mixin.py:188} INFO - [2026-06-28T20:25:37.791+0000] {dag.py:3096} INFO - Sync 1 DAGs
[2026-06-28T20:25:37.808+0000] {logging_mixin.py:188} INFO - [2026-06-28T20:25:37.807+0000] {dag.py:3954} INFO - Setting next_dagrun for tutorial_dag to None, run_after=None
[2026-06-28T20:25:37.827+0000] {processor.py:183} INFO - Processing /home/airflow/.local/lib/python3.12/site-packages/airflow/example_dags/tutorial_dag.py took 0.088 seconds
[2026-06-28T20:26:07.978+0000] {processor.py:161} INFO - Started process (PID=243) to work on /home/airflow/.local/lib/python3.12/site-packages/airflow/example_dags/tutorial_dag.py
[2026-06-28T20:26:07.980+0000] {processor.py:830} INFO - Processing file /home/airflow/.local/lib/python3.12/site-packages/airflow/example_dags/tutorial_dag.py for tasks to queue
[2026-06-28T20:26:07.981+0000] {logging_mixin.py:188} INFO - [2026-06-28T20:26:07.981+0000] {dagbag.py:545} INFO - Filling up the DagBag from /home/airflow/.local/lib/python3.12/site-packages/airflow/example_dags/tutorial_dag.py
[2026-06-28T20:26:07.987+0000] {processor.py:840} INFO - DAG(s) 'tutorial_dag' retrieved from /home/airflow/.local/lib/python3.12/site-packages/airflow/example_dags/tutorial_dag.py
[2026-06-28T20:26:08.008+0000] {logging_mixin.py:188} INFO - [2026-06-28T20:26:08.007+0000] {dag.py:3096} INFO - Sync 1 DAGs
[2026-06-28T20:26:08.021+0000] {logging_mixin.py:188} INFO - [2026-06-28T20:26:08.021+0000] {dag.py:3954} INFO - Setting next_dagrun for tutorial_dag to None, run_after=None
[2026-06-28T20:26:08.039+0000] {processor.py:183} INFO - Processing /home/airflow/.local/lib/python3.12/site-packages/airflow/example_dags/tutorial_dag.py took 0.066 seconds
[2026-06-28T20:26:39.603+0000] {processor.py:161} INFO - Started process (PID=302) to work on /home/airflow/.local/lib/python3.12/site-packages/airflow/example_dags/tutorial_dag.py
[2026-06-28T20:26:39.606+0000] {processor.py:830} INFO - Processing file /home/airflow/.local/lib/python3.12/site-packages/airflow/example_dags/tutorial_dag.py for tasks to queue
[2026-06-28T20:26:39.611+0000] {logging_mixin.py:188} INFO - [2026-06-28T20:26:39.610+0000] {dagbag.py:545} INFO - Filling up the DagBag from /home/airflow/.local/lib/python3.12/site-packages/airflow/example_dags/tutorial_dag.py
[2026-06-28T20:26:39.629+0000] {processor.py:840} INFO - DAG(s) 'tutorial_dag' retrieved from /home/airflow/.local/lib/python3.12/site-packages/airflow/example_dags/tutorial_dag.py
[2026-06-28T20:26:39.740+0000] {logging_mixin.py:188} INFO - [2026-06-28T20:26:39.740+0000] {dag.py:3096} INFO - Sync 1 DAGs
[2026-06-28T20:26:39.916+0000] {logging_mixin.py:188} INFO - [2026-06-28T20:26:39.916+0000] {dag.py:3954} INFO - Setting next_dagrun for tutorial_dag to None, run_after=None
[2026-06-28T20:26:40.106+0000] {processor.py:183} INFO - Processing /home/airflow/.local/lib/python3.12/site-packages/airflow/example_dags/tutorial_dag.py took 0.522 seconds
[2026-06-28T20:27:10.965+0000] {processor.py:161} INFO - Started process (PID=361) to work on /home/airflow/.local/lib/python3.12/site-packages/airflow/example_dags/tutorial_dag.py
[2026-06-28T20:27:10.966+0000] {processor.py:830} INFO - Processing file /home/airflow/.local/lib/python3.12/site-packages/airflow/example_dags/tutorial_dag.py for tasks to queue
[2026-06-28T20:27:10.968+0000] {logging_mixin.py:188} INFO - [2026-06-28T20:27:10.968+0000] {dagbag.py:545} INFO - Filling up the DagBag from /home/airflow/.local/lib/python3.12/site-packages/airflow/example_dags/tutorial_dag.py
[2026-06-28T20:27:10.975+0000] {processor.py:840} INFO - DAG(s) 'tutorial_dag' retrieved from /home/airflow/.local/lib/python3.12/site-packages/airflow/example_dags/tutorial_dag.py
[2026-06-28T20:27:11.003+0000] {logging_mixin.py:188} INFO - [2026-06-28T20:27:11.003+0000] {dag.py:3096} INFO - Sync 1 DAGs
[2026-06-28T20:27:11.022+0000] {logging_mixin.py:188} INFO - [2026-06-28T20:27:11.022+0000] {dag.py:3954} INFO - Setting next_dagrun for tutorial_dag to None, run_after=None
[2026-06-28T20:27:11.044+0000] {processor.py:183} INFO - Processing /home/airflow/.local/lib/python3.12/site-packages/airflow/example_dags/tutorial_dag.py took 0.086 seconds
[2026-06-28T20:27:41.902+0000] {processor.py:161} INFO - Started process (PID=420) to work on /home/airflow/.local/lib/python3.12/site-packages/airflow/example_dags/tutorial_dag.py
[2026-06-28T20:27:41.902+0000] {processor.py:830} INFO - Processing file /home/airflow/.local/lib/python3.12/site-packages/airflow/example_dags/tutorial_dag.py for tasks to queue
[2026-06-28T20:27:41.905+0000] {logging_mixin.py:188} INFO - [2026-06-28T20:27:41.904+0000] {dagbag.py:545} INFO - Filling up the DagBag from /home/airflow/.local/lib/python3.12/site-packages/airflow/example_dags/tutorial_dag.py
[2026-06-28T20:27:41.911+0000] {processor.py:840} INFO - DAG(s) 'tutorial_dag' retrieved from /home/airflow/.local/lib/python3.12/site-packages/airflow/example_dags/tutorial_dag.py
[2026-06-28T20:27:41.939+0000] {logging_mixin.py:188} INFO - [2026-06-28T20:27:41.939+0000] {dag.py:3096} INFO - Sync 1 DAGs
[2026-06-28T20:27:41.957+0000] {logging_mixin.py:188} INFO - [2026-06-28T20:27:41.956+0000] {dag.py:3954} INFO - Setting next_dagrun for tutorial_dag to None, run_after=None
[2026-06-28T20:27:41.979+0000] {processor.py:183} INFO - Processing /home/airflow/.local/lib/python3.12/site-packages/airflow/example_dags/tutorial_dag.py took 0.084 seconds
[2026-06-28T20:28:12.362+0000] {processor.py:161} INFO - Started process (PID=479) to work on /home/airflow/.local/lib/python3.12/site-packages/airflow/example_dags/tutorial_dag.py
[2026-06-28T20:28:12.363+0000] {processor.py:830} INFO - Processing file /home/airflow/.local/lib/python3.12/site-packages/airflow/example_dags/tutorial_dag.py for tasks to queue
[2026-06-28T20:28:12.365+0000] {logging_mixin.py:188} INFO - [2026-06-28T20:28:12.365+0000] {dagbag.py:545} INFO - Filling up the DagBag from /home/airflow/.local/lib/python3.12/site-packages/airflow/example_dags/tutorial_dag.py
[2026-06-28T20:28:12.371+0000] {processor.py:840} INFO - DAG(s) 'tutorial_dag' retrieved from /home/airflow/.local/lib/python3.12/site-packages/airflow/example_dags/tutorial_dag.py
[2026-06-28T20:28:12.396+0000] {logging_mixin.py:188} INFO - [2026-06-28T20:28:12.395+0000] {dag.py:3096} INFO - Sync 1 DAGs
[2026-06-28T20:28:12.413+0000] {logging_mixin.py:188} INFO - [2026-06-28T20:28:12.412+0000] {dag.py:3954} INFO - Setting next_dagrun for tutorial_dag to None, run_after=None
[2026-06-28T20:28:12.434+0000] {processor.py:183} INFO - Processing /home/airflow/.local/lib/python3.12/site-packages/airflow/example_dags/tutorial_dag.py took 0.078 seconds
[2026-06-28T20:28:42.851+0000] {processor.py:161} INFO - Started process (PID=538) to work on /home/airflow/.local/lib/python3.12/site-packages/airflow/example_dags/tutorial_dag.py
[2026-06-28T20:28:42.852+0000] {processor.py:830} INFO - Processing file /home/airflow/.local/lib/python3.12/site-packages/airflow/example_dags/tutorial_dag.py for tasks to queue
[2026-06-28T20:28:42.854+0000] {logging_mixin.py:188} INFO - [2026-06-28T20:28:42.853+0000] {dagbag.py:545} INFO - Filling up the DagBag from /home/airflow/.local/lib/python3.12/site-packages/airflow/example_dags/tutorial_dag.py
[2026-06-28T20:28:42.860+0000] {processor.py:840} INFO - DAG(s) 'tutorial_dag' retrieved from /home/airflow/.local/lib/python3.12/site-packages/airflow/example_dags/tutorial_dag.py
[2026-06-28T20:28:42.884+0000] {logging_mixin.py:188} INFO - [2026-06-28T20:28:42.884+0000] {dag.py:3096} INFO - Sync 1 DAGs
[2026-06-28T20:28:42.901+0000] {logging_mixin.py:188} INFO - [2026-06-28T20:28:42.901+0000] {dag.py:3954} INFO - Setting next_dagrun for tutorial_dag to None, run_after=None
[2026-06-28T20:28:42.926+0000] {processor.py:183} INFO - Processing /home/airflow/.local/lib/python3.12/site-packages/airflow/example_dags/tutorial_dag.py took 0.082 seconds
[2026-06-28T20:29:12.998+0000] {processor.py:161} INFO - Started process (PID=597) to work on /home/airflow/.local/lib/python3.12/site-packages/airflow/example_dags/tutorial_dag.py
[2026-06-28T20:29:12.999+0000] {processor.py:830} INFO - Processing file /home/airflow/.local/lib/python3.12/site-packages/airflow/example_dags/tutorial_dag.py for tasks to queue
[2026-06-28T20:29:13.001+0000] {logging_mixin.py:188} INFO - [2026-06-28T20:29:13.000+0000] {dagbag.py:545} INFO - Filling up the DagBag from /home/airflow/.local/lib/python3.12/site-packages/airflow/example_dags/tutorial_dag.py
[2026-06-28T20:29:13.007+0000] {processor.py:840} INFO - DAG(s) 'tutorial_dag' retrieved from /home/airflow/.local/lib/python3.12/site-packages/airflow/example_dags/tutorial_dag.py
[2026-06-28T20:29:13.031+0000] {logging_mixin.py:188} INFO - [2026-06-28T20:29:13.031+0000] {dag.py:3096} INFO - Sync 1 DAGs
[2026-06-28T20:29:13.048+0000] {logging_mixin.py:188} INFO - [2026-06-28T20:29:13.047+0000] {dag.py:3954} INFO - Setting next_dagrun for tutorial_dag to None, run_after=None
[2026-06-28T20:29:13.071+0000] {processor.py:183} INFO - Processing /home/airflow/.local/lib/python3.12/site-packages/airflow/example_dags/tutorial_dag.py took 0.080 seconds
[2026-06-28T20:29:44.061+0000] {processor.py:161} INFO - Started process (PID=655) to work on /home/airflow/.local/lib/python3.12/site-packages/airflow/example_dags/tutorial_dag.py
[2026-06-28T20:29:44.063+0000] {processor.py:830} INFO - Processing file /home/airflow/.local/lib/python3.12/site-packages/airflow/example_dags/tutorial_dag.py for tasks to queue
[2026-06-28T20:29:44.072+0000] {logging_mixin.py:188} INFO - [2026-06-28T20:29:44.069+0000] {dagbag.py:545} INFO - Filling up the DagBag from /home/airflow/.local/lib/python3.12/site-packages/airflow/example_dags/tutorial_dag.py
[2026-06-28T20:29:44.082+0000] {processor.py:840} INFO - DAG(s) 'tutorial_dag' retrieved from /home/airflow/.local/lib/python3.12/site-packages/airflow/example_dags/tutorial_dag.py
[2026-06-28T20:29:44.118+0000] {logging_mixin.py:188} INFO - [2026-06-28T20:29:44.117+0000] {dag.py:3096} INFO - Sync 1 DAGs
[2026-06-28T20:29:44.152+0000] {logging_mixin.py:188} INFO - [2026-06-28T20:29:44.152+0000] {dag.py:3954} INFO - Setting next_dagrun for tutorial_dag to None, run_after=None
[2026-06-28T20:29:44.180+0000] {processor.py:183} INFO - Processing /home/airflow/.local/lib/python3.12/site-packages/airflow/example_dags/tutorial_dag.py took 0.142 seconds
[2026-06-28T20:30:15.143+0000] {processor.py:161} INFO - Started process (PID=714) to work on /home/airflow/.local/lib/python3.12/site-packages/airflow/example_dags/tutorial_dag.py
[2026-06-28T20:30:15.146+0000] {processor.py:830} INFO - Processing file /home/airflow/.local/lib/python3.12/site-packages/airflow/example_dags/tutorial_dag.py for tasks to queue
[2026-06-28T20:30:15.149+0000] {logging_mixin.py:188} INFO - [2026-06-28T20:30:15.149+0000] {dagbag.py:545} INFO - Filling up the DagBag from /home/airflow/.local/lib/python3.12/site-packages/airflow/example_dags/tutorial_dag.py
[2026-06-28T20:30:15.205+0000] {processor.py:840} INFO - DAG(s) 'tutorial_dag' retrieved from /home/airflow/.local/lib/python3.12/site-packages/airflow/example_dags/tutorial_dag.py
[2026-06-28T20:30:15.323+0000] {logging_mixin.py:188} INFO - [2026-06-28T20:30:15.323+0000] {dag.py:3096} INFO - Sync 1 DAGs
[2026-06-28T20:30:15.376+0000] {logging_mixin.py:188} INFO - [2026-06-28T20:30:15.374+0000] {dag.py:3954} INFO - Setting next_dagrun for tutorial_dag to None, run_after=None
[2026-06-28T20:30:15.449+0000] {processor.py:183} INFO - Processing /home/airflow/.local/lib/python3.12/site-packages/airflow/example_dags/tutorial_dag.py took 0.325 seconds
[2026-06-28T20:30:45.952+0000] {processor.py:161} INFO - Started process (PID=772) to work on /home/airflow/.local/lib/python3.12/site-packages/airflow/example_dags/tutorial_dag.py
[2026-06-28T20:30:45.961+0000] {processor.py:830} INFO - Processing file /home/airflow/.local/lib/python3.12/site-packages/airflow/example_dags/tutorial_dag.py for tasks to queue
[2026-06-28T20:30:45.974+0000] {logging_mixin.py:188} INFO - [2026-06-28T20:30:45.973+0000] {dagbag.py:545} INFO - Filling up the DagBag from /home/airflow/.local/lib/python3.12/site-packages/airflow/example_dags/tutorial_dag.py
[2026-06-28T20:30:46.000+0000] {processor.py:840} INFO - DAG(s) 'tutorial_dag' retrieved from /home/airflow/.local/lib/python3.12/site-packages/airflow/example_dags/tutorial_dag.py
[2026-06-28T20:30:46.124+0000] {logging_mixin.py:188} INFO - [2026-06-28T20:30:46.124+0000] {dag.py:3096} INFO - Sync 1 DAGs
[2026-06-28T20:30:46.223+0000] {logging_mixin.py:188} INFO - [2026-06-28T20:30:46.223+0000] {dag.py:3954} INFO - Setting next_dagrun for tutorial_dag to None, run_after=None
[2026-06-28T20:30:46.310+0000] {processor.py:183} INFO - Processing /home/airflow/.local/lib/python3.12/site-packages/airflow/example_dags/tutorial_dag.py took 0.410 seconds
[2026-06-28T20:31:16.683+0000] {processor.py:161} INFO - Started process (PID=831) to work on /home/airflow/.local/lib/python3.12/site-packages/airflow/example_dags/tutorial_dag.py
[2026-06-28T20:31:16.684+0000] {processor.py:830} INFO - Processing file /home/airflow/.local/lib/python3.12/site-packages/airflow/example_dags/tutorial_dag.py for tasks to queue
[2026-06-28T20:31:16.696+0000] {logging_mixin.py:188} INFO - [2026-06-28T20:31:16.695+0000] {dagbag.py:545} INFO - Filling up the DagBag from /home/airflow/.local/lib/python3.12/site-packages/airflow/example_dags/tutorial_dag.py
[2026-06-28T20:31:16.703+0000] {processor.py:840} INFO - DAG(s) 'tutorial_dag' retrieved from /home/airflow/.local/lib/python3.12/site-packages/airflow/example_dags/tutorial_dag.py
[2026-06-28T20:31:16.771+0000] {logging_mixin.py:188} INFO - [2026-06-28T20:31:16.771+0000] {dag.py:3096} INFO - Sync 1 DAGs
[2026-06-28T20:31:16.795+0000] {logging_mixin.py:188} INFO - [2026-06-28T20:31:16.795+0000] {dag.py:3954} INFO - Setting next_dagrun for tutorial_dag to None, run_after=None
[2026-06-28T20:31:16.847+0000] {processor.py:183} INFO - Processing /home/airflow/.local/lib/python3.12/site-packages/airflow/example_dags/tutorial_dag.py took 0.179 seconds
[2026-06-28T20:31:47.255+0000] {processor.py:161} INFO - Started process (PID=889) to work on /home/airflow/.local/lib/python3.12/site-packages/airflow/example_dags/tutorial_dag.py
[2026-06-28T20:31:47.256+0000] {processor.py:830} INFO - Processing file /home/airflow/.local/lib/python3.12/site-packages/airflow/example_dags/tutorial_dag.py for tasks to queue
[2026-06-28T20:31:47.257+0000] {logging_mixin.py:188} INFO - [2026-06-28T20:31:47.257+0000] {dagbag.py:545} INFO - Filling up the DagBag from /home/airflow/.local/lib/python3.12/site-packages/airflow/example_dags/tutorial_dag.py
[2026-06-28T20:31:47.265+0000] {processor.py:840} INFO - DAG(s) 'tutorial_dag' retrieved from /home/airflow/.local/lib/python3.12/site-packages/airflow/example_dags/tutorial_dag.py
[2026-06-28T20:31:47.291+0000] {logging_mixin.py:188} INFO - [2026-06-28T20:31:47.290+0000] {dag.py:3096} INFO - Sync 1 DAGs
[2026-06-28T20:31:47.310+0000] {logging_mixin.py:188} INFO - [2026-06-28T20:31:47.310+0000] {dag.py:3954} INFO - Setting next_dagrun for tutorial_dag to None, run_after=None
[2026-06-28T20:31:47.356+0000] {processor.py:183} INFO - Processing /home/airflow/.local/lib/python3.12/site-packages/airflow/example_dags/tutorial_dag.py took 0.115 seconds
[2026-06-28T20:32:17.929+0000] {processor.py:161} INFO - Started process (PID=948) to work on /home/airflow/.local/lib/python3.12/site-packages/airflow/example_dags/tutorial_dag.py
[2026-06-28T20:32:17.930+0000] {processor.py:830} INFO - Processing file /home/airflow/.local/lib/python3.12/site-packages/airflow/example_dags/tutorial_dag.py for tasks to queue
[2026-06-28T20:32:17.932+0000] {logging_mixin.py:188} INFO - [2026-06-28T20:32:17.932+0000] {dagbag.py:545} INFO - Filling up the DagBag from /home/airflow/.local/lib/python3.12/site-packages/airflow/example_dags/tutorial_dag.py
[2026-06-28T20:32:17.939+0000] {processor.py:840} INFO - DAG(s) 'tutorial_dag' retrieved from /home/airflow/.local/lib/python3.12/site-packages/airflow/example_dags/tutorial_dag.py
[2026-06-28T20:32:17.968+0000] {logging_mixin.py:188} INFO - [2026-06-28T20:32:17.967+0000] {dag.py:3096} INFO - Sync 1 DAGs
[2026-06-28T20:32:17.987+0000] {logging_mixin.py:188} INFO - [2026-06-28T20:32:17.986+0000] {dag.py:3954} INFO - Setting next_dagrun for tutorial_dag to None, run_after=None
[2026-06-28T20:32:18.007+0000] {processor.py:183} INFO - Processing /home/airflow/.local/lib/python3.12/site-packages/airflow/example_dags/tutorial_dag.py took 0.085 seconds
[2026-06-28T20:35:52.717+0000] {processor.py:161} INFO - Started process (PID=131) to work on /home/airflow/.local/lib/python3.12/site-packages/airflow/example_dags/tutorial_dag.py
[2026-06-28T20:35:52.756+0000] {processor.py:830} INFO - Processing file /home/airflow/.local/lib/python3.12/site-packages/airflow/example_dags/tutorial_dag.py for tasks to queue
[2026-06-28T20:35:52.770+0000] {logging_mixin.py:188} INFO - [2026-06-28T20:35:52.768+0000] {dagbag.py:545} INFO - Filling up the DagBag from /home/airflow/.local/lib/python3.12/site-packages/airflow/example_dags/tutorial_dag.py
[2026-06-28T20:35:52.789+0000] {processor.py:840} INFO - DAG(s) 'tutorial_dag' retrieved from /home/airflow/.local/lib/python3.12/site-packages/airflow/example_dags/tutorial_dag.py
[2026-06-28T20:35:53.136+0000] {logging_mixin.py:188} INFO - [2026-06-28T20:35:53.135+0000] {override.py:1829} INFO - Created Permission View: can read on DAG:tutorial_dag
[2026-06-28T20:35:53.170+0000] {logging_mixin.py:188} INFO - [2026-06-28T20:35:53.170+0000] {override.py:1829} INFO - Created Permission View: can delete on DAG:tutorial_dag
[2026-06-28T20:35:53.186+0000] {logging_mixin.py:188} INFO - [2026-06-28T20:35:53.185+0000] {override.py:1829} INFO - Created Permission View: can edit on DAG:tutorial_dag
[2026-06-28T20:35:53.186+0000] {logging_mixin.py:188} INFO - [2026-06-28T20:35:53.186+0000] {dag.py:3096} INFO - Sync 1 DAGs
[2026-06-28T20:35:53.221+0000] {logging_mixin.py:188} INFO - [2026-06-28T20:35:53.220+0000] {dag.py:3118} INFO - Creating ORM DAG for tutorial_dag
[2026-06-28T20:35:53.222+0000] {logging_mixin.py:188} INFO - [2026-06-28T20:35:53.222+0000] {dag.py:3954} INFO - Setting next_dagrun for tutorial_dag to None, run_after=None
[2026-06-28T20:35:53.269+0000] {processor.py:183} INFO - Processing /home/airflow/.local/lib/python3.12/site-packages/airflow/example_dags/tutorial_dag.py took 0.584 seconds
[2026-06-28T20:36:23.747+0000] {processor.py:161} INFO - Started process (PID=191) to work on /home/airflow/.local/lib/python3.12/site-packages/airflow/example_dags/tutorial_dag.py
[2026-06-28T20:36:23.756+0000] {processor.py:830} INFO - Processing file /home/airflow/.local/lib/python3.12/site-packages/airflow/example_dags/tutorial_dag.py for tasks to queue
[2026-06-28T20:36:23.762+0000] {logging_mixin.py:188} INFO - [2026-06-28T20:36:23.762+0000] {dagbag.py:545} INFO - Filling up the DagBag from /home/airflow/.local/lib/python3.12/site-packages/airflow/example_dags/tutorial_dag.py
[2026-06-28T20:36:23.775+0000] {processor.py:840} INFO - DAG(s) 'tutorial_dag' retrieved from /home/airflow/.local/lib/python3.12/site-packages/airflow/example_dags/tutorial_dag.py
[2026-06-28T20:36:23.816+0000] {logging_mixin.py:188} INFO - [2026-06-28T20:36:23.815+0000] {dag.py:3096} INFO - Sync 1 DAGs
[2026-06-28T20:36:23.932+0000] {logging_mixin.py:188} INFO - [2026-06-28T20:36:23.929+0000] {dag.py:3954} INFO - Setting next_dagrun for tutorial_dag to None, run_after=None
[2026-06-28T20:36:24.032+0000] {processor.py:183} INFO - Processing /home/airflow/.local/lib/python3.12/site-packages/airflow/example_dags/tutorial_dag.py took 0.319 seconds
[2026-06-28T20:44:38.010+0000] {processor.py:161} INFO - Started process (PID=117) to work on /home/airflow/.local/lib/python3.12/site-packages/airflow/example_dags/tutorial_dag.py
[2026-06-28T20:44:38.016+0000] {processor.py:830} INFO - Processing file /home/airflow/.local/lib/python3.12/site-packages/airflow/example_dags/tutorial_dag.py for tasks to queue
[2026-06-28T20:44:38.018+0000] {logging_mixin.py:188} INFO - [2026-06-28T20:44:38.018+0000] {dagbag.py:545} INFO - Filling up the DagBag from /home/airflow/.local/lib/python3.12/site-packages/airflow/example_dags/tutorial_dag.py
[2026-06-28T20:44:38.023+0000] {processor.py:840} INFO - DAG(s) 'tutorial_dag' retrieved from /home/airflow/.local/lib/python3.12/site-packages/airflow/example_dags/tutorial_dag.py
[2026-06-28T20:44:38.127+0000] {logging_mixin.py:188} INFO - [2026-06-28T20:44:38.127+0000] {override.py:1829} INFO - Created Permission View: can edit on DAG:tutorial_dag
[2026-06-28T20:44:38.135+0000] {logging_mixin.py:188} INFO - [2026-06-28T20:44:38.135+0000] {override.py:1829} INFO - Created Permission View: can read on DAG:tutorial_dag
[2026-06-28T20:44:38.140+0000] {logging_mixin.py:188} INFO - [2026-06-28T20:44:38.140+0000] {override.py:1829} INFO - Created Permission View: can delete on DAG:tutorial_dag
[2026-06-28T20:44:38.141+0000] {logging_mixin.py:188} INFO - [2026-06-28T20:44:38.141+0000] {dag.py:3096} INFO - Sync 1 DAGs
[2026-06-28T20:44:38.151+0000] {logging_mixin.py:188} INFO - [2026-06-28T20:44:38.150+0000] {dag.py:3118} INFO - Creating ORM DAG for tutorial_dag
[2026-06-28T20:44:38.151+0000] {logging_mixin.py:188} INFO - [2026-06-28T20:44:38.151+0000] {dag.py:3954} INFO - Setting next_dagrun for tutorial_dag to None, run_after=None
[2026-06-28T20:44:38.169+0000] {processor.py:183} INFO - Processing /home/airflow/.local/lib/python3.12/site-packages/airflow/example_dags/tutorial_dag.py took 0.166 seconds
[2026-06-28T20:45:08.249+0000] {processor.py:161} INFO - Started process (PID=176) to work on /home/airflow/.local/lib/python3.12/site-packages/airflow/example_dags/tutorial_dag.py
[2026-06-28T20:45:08.250+0000] {processor.py:830} INFO - Processing file /home/airflow/.local/lib/python3.12/site-packages/airflow/example_dags/tutorial_dag.py for tasks to queue
[2026-06-28T20:45:08.252+0000] {logging_mixin.py:188} INFO - [2026-06-28T20:45:08.252+0000] {dagbag.py:545} INFO - Filling up the DagBag from /home/airflow/.local/lib/python3.12/site-packages/airflow/example_dags/tutorial_dag.py
[2026-06-28T20:45:08.258+0000] {processor.py:840} INFO - DAG(s) 'tutorial_dag' retrieved from /home/airflow/.local/lib/python3.12/site-packages/airflow/example_dags/tutorial_dag.py
[2026-06-28T20:45:08.275+0000] {logging_mixin.py:188} INFO - [2026-06-28T20:45:08.275+0000] {dag.py:3096} INFO - Sync 1 DAGs
[2026-06-28T20:45:08.286+0000] {logging_mixin.py:188} INFO - [2026-06-28T20:45:08.286+0000] {dag.py:3954} INFO - Setting next_dagrun for tutorial_dag to None, run_after=None
[2026-06-28T20:45:08.304+0000] {processor.py:183} INFO - Processing /home/airflow/.local/lib/python3.12/site-packages/airflow/example_dags/tutorial_dag.py took 0.070 seconds
[2026-06-28T20:45:40.898+0000] {processor.py:161} INFO - Started process (PID=235) to work on /home/airflow/.local/lib/python3.12/site-packages/airflow/example_dags/tutorial_dag.py
[2026-06-28T20:45:40.901+0000] {processor.py:830} INFO - Processing file /home/airflow/.local/lib/python3.12/site-packages/airflow/example_dags/tutorial_dag.py for tasks to queue
[2026-06-28T20:45:40.907+0000] {logging_mixin.py:188} INFO - [2026-06-28T20:45:40.907+0000] {dagbag.py:545} INFO - Filling up the DagBag from /home/airflow/.local/lib/python3.12/site-packages/airflow/example_dags/tutorial_dag.py
[2026-06-28T20:45:40.931+0000] {processor.py:840} INFO - DAG(s) 'tutorial_dag' retrieved from /home/airflow/.local/lib/python3.12/site-packages/airflow/example_dags/tutorial_dag.py
[2026-06-28T20:45:41.064+0000] {logging_mixin.py:188} INFO - [2026-06-28T20:45:41.062+0000] {dag.py:3096} INFO - Sync 1 DAGs
[2026-06-28T20:45:41.118+0000] {logging_mixin.py:188} INFO - [2026-06-28T20:45:41.117+0000] {dag.py:3954} INFO - Setting next_dagrun for tutorial_dag to None, run_after=None
[2026-06-28T20:45:41.228+0000] {processor.py:183} INFO - Processing /home/airflow/.local/lib/python3.12/site-packages/airflow/example_dags/tutorial_dag.py took 0.374 seconds
[2026-06-28T20:46:12.038+0000] {processor.py:161} INFO - Started process (PID=294) to work on /home/airflow/.local/lib/python3.12/site-packages/airflow/example_dags/tutorial_dag.py
[2026-06-28T20:46:12.040+0000] {processor.py:830} INFO - Processing file /home/airflow/.local/lib/python3.12/site-packages/airflow/example_dags/tutorial_dag.py for tasks to queue
[2026-06-28T20:46:12.044+0000] {logging_mixin.py:188} INFO - [2026-06-28T20:46:12.044+0000] {dagbag.py:545} INFO - Filling up the DagBag from /home/airflow/.local/lib/python3.12/site-packages/airflow/example_dags/tutorial_dag.py
[2026-06-28T20:46:12.057+0000] {processor.py:840} INFO - DAG(s) 'tutorial_dag' retrieved from /home/airflow/.local/lib/python3.12/site-packages/airflow/example_dags/tutorial_dag.py
[2026-06-28T20:46:12.104+0000] {logging_mixin.py:188} INFO - [2026-06-28T20:46:12.104+0000] {dag.py:3096} INFO - Sync 1 DAGs
[2026-06-28T20:46:12.129+0000] {logging_mixin.py:188} INFO - [2026-06-28T20:46:12.128+0000] {dag.py:3954} INFO - Setting next_dagrun for tutorial_dag to None, run_after=None
[2026-06-28T20:46:12.193+0000] {processor.py:183} INFO - Processing /home/airflow/.local/lib/python3.12/site-packages/airflow/example_dags/tutorial_dag.py took 0.174 seconds
[2026-06-28T20:46:42.277+0000] {processor.py:161} INFO - Started process (PID=353) to work on /home/airflow/.local/lib/python3.12/site-packages/airflow/example_dags/tutorial_dag.py
[2026-06-28T20:46:42.278+0000] {processor.py:830} INFO - Processing file /home/airflow/.local/lib/python3.12/site-packages/airflow/example_dags/tutorial_dag.py for tasks to queue
[2026-06-28T20:46:42.281+0000] {logging_mixin.py:188} INFO - [2026-06-28T20:46:42.280+0000] {dagbag.py:545} INFO - Filling up the DagBag from /home/airflow/.local/lib/python3.12/site-packages/airflow/example_dags/tutorial_dag.py
[2026-06-28T20:46:42.287+0000] {processor.py:840} INFO - DAG(s) 'tutorial_dag' retrieved from /home/airflow/.local/lib/python3.12/site-packages/airflow/example_dags/tutorial_dag.py
[2026-06-28T20:46:42.314+0000] {logging_mixin.py:188} INFO - [2026-06-28T20:46:42.313+0000] {dag.py:3096} INFO - Sync 1 DAGs
[2026-06-28T20:46:42.335+0000] {logging_mixin.py:188} INFO - [2026-06-28T20:46:42.335+0000] {dag.py:3954} INFO - Setting next_dagrun for tutorial_dag to None, run_after=None
[2026-06-28T20:46:42.357+0000] {processor.py:183} INFO - Processing /home/airflow/.local/lib/python3.12/site-packages/airflow/example_dags/tutorial_dag.py took 0.086 seconds
[2026-06-28T20:47:12.879+0000] {processor.py:161} INFO - Started process (PID=412) to work on /home/airflow/.local/lib/python3.12/site-packages/airflow/example_dags/tutorial_dag.py
[2026-06-28T20:47:12.880+0000] {processor.py:830} INFO - Processing file /home/airflow/.local/lib/python3.12/site-packages/airflow/example_dags/tutorial_dag.py for tasks to queue
[2026-06-28T20:47:12.882+0000] {logging_mixin.py:188} INFO - [2026-06-28T20:47:12.882+0000] {dagbag.py:545} INFO - Filling up the DagBag from /home/airflow/.local/lib/python3.12/site-packages/airflow/example_dags/tutorial_dag.py
[2026-06-28T20:47:12.888+0000] {processor.py:840} INFO - DAG(s) 'tutorial_dag' retrieved from /home/airflow/.local/lib/python3.12/site-packages/airflow/example_dags/tutorial_dag.py
[2026-06-28T20:47:12.913+0000] {logging_mixin.py:188} INFO - [2026-06-28T20:47:12.913+0000] {dag.py:3096} INFO - Sync 1 DAGs
[2026-06-28T20:47:12.929+0000] {logging_mixin.py:188} INFO - [2026-06-28T20:47:12.929+0000] {dag.py:3954} INFO - Setting next_dagrun for tutorial_dag to None, run_after=None
[2026-06-28T20:47:12.951+0000] {processor.py:183} INFO - Processing /home/airflow/.local/lib/python3.12/site-packages/airflow/example_dags/tutorial_dag.py took 0.078 seconds
[2026-06-28T20:47:43.132+0000] {processor.py:161} INFO - Started process (PID=471) to work on /home/airflow/.local/lib/python3.12/site-packages/airflow/example_dags/tutorial_dag.py
[2026-06-28T20:47:43.133+0000] {processor.py:830} INFO - Processing file /home/airflow/.local/lib/python3.12/site-packages/airflow/example_dags/tutorial_dag.py for tasks to queue
[2026-06-28T20:47:43.134+0000] {logging_mixin.py:188} INFO - [2026-06-28T20:47:43.134+0000] {dagbag.py:545} INFO - Filling up the DagBag from /home/airflow/.local/lib/python3.12/site-packages/airflow/example_dags/tutorial_dag.py
[2026-06-28T20:47:43.139+0000] {processor.py:840} INFO - DAG(s) 'tutorial_dag' retrieved from /home/airflow/.local/lib/python3.12/site-packages/airflow/example_dags/tutorial_dag.py
[2026-06-28T20:47:43.156+0000] {logging_mixin.py:188} INFO - [2026-06-28T20:47:43.156+0000] {dag.py:3096} INFO - Sync 1 DAGs
[2026-06-28T20:47:43.167+0000] {logging_mixin.py:188} INFO - [2026-06-28T20:47:43.167+0000] {dag.py:3954} INFO - Setting next_dagrun for tutorial_dag to None, run_after=None
[2026-06-28T20:47:43.185+0000] {processor.py:183} INFO - Processing /home/airflow/.local/lib/python3.12/site-packages/airflow/example_dags/tutorial_dag.py took 0.058 seconds
[2026-06-28T20:48:13.343+0000] {processor.py:161} INFO - Started process (PID=530) to work on /home/airflow/.local/lib/python3.12/site-packages/airflow/example_dags/tutorial_dag.py
[2026-06-28T20:48:13.344+0000] {processor.py:830} INFO - Processing file /home/airflow/.local/lib/python3.12/site-packages/airflow/example_dags/tutorial_dag.py for tasks to queue
[2026-06-28T20:48:13.346+0000] {logging_mixin.py:188} INFO - [2026-06-28T20:48:13.346+0000] {dagbag.py:545} INFO - Filling up the DagBag from /home/airflow/.local/lib/python3.12/site-packages/airflow/example_dags/tutorial_dag.py
[2026-06-28T20:48:13.350+0000] {processor.py:840} INFO - DAG(s) 'tutorial_dag' retrieved from /home/airflow/.local/lib/python3.12/site-packages/airflow/example_dags/tutorial_dag.py
[2026-06-28T20:48:13.368+0000] {logging_mixin.py:188} INFO - [2026-06-28T20:48:13.368+0000] {dag.py:3096} INFO - Sync 1 DAGs
[2026-06-28T20:48:13.379+0000] {logging_mixin.py:188} INFO - [2026-06-28T20:48:13.378+0000] {dag.py:3954} INFO - Setting next_dagrun for tutorial_dag to None, run_after=None
[2026-06-28T20:48:13.394+0000] {processor.py:183} INFO - Processing /home/airflow/.local/lib/python3.12/site-packages/airflow/example_dags/tutorial_dag.py took 0.057 seconds
[2026-06-28T20:48:44.024+0000] {processor.py:161} INFO - Started process (PID=595) to work on /home/airflow/.local/lib/python3.12/site-packages/airflow/example_dags/tutorial_dag.py
[2026-06-28T20:48:44.025+0000] {processor.py:830} INFO - Processing file /home/airflow/.local/lib/python3.12/site-packages/airflow/example_dags/tutorial_dag.py for tasks to queue
[2026-06-28T20:48:44.027+0000] {logging_mixin.py:188} INFO - [2026-06-28T20:48:44.026+0000] {dagbag.py:545} INFO - Filling up the DagBag from /home/airflow/.local/lib/python3.12/site-packages/airflow/example_dags/tutorial_dag.py
[2026-06-28T20:48:44.047+0000] {processor.py:840} INFO - DAG(s) 'tutorial_dag' retrieved from /home/airflow/.local/lib/python3.12/site-packages/airflow/example_dags/tutorial_dag.py
[2026-06-28T20:48:44.073+0000] {logging_mixin.py:188} INFO - [2026-06-28T20:48:44.073+0000] {dag.py:3096} INFO - Sync 1 DAGs
[2026-06-28T20:48:44.090+0000] {logging_mixin.py:188} INFO - [2026-06-28T20:48:44.090+0000] {dag.py:3954} INFO - Setting next_dagrun for tutorial_dag to None, run_after=None
[2026-06-28T20:48:44.132+0000] {processor.py:183} INFO - Processing /home/airflow/.local/lib/python3.12/site-packages/airflow/example_dags/tutorial_dag.py took 0.115 seconds
[2026-06-28T20:54:17.313+0000] {processor.py:161} INFO - Started process (PID=133) to work on /home/airflow/.local/lib/python3.12/site-packages/airflow/example_dags/tutorial_dag.py
[2026-06-28T20:54:17.328+0000] {processor.py:830} INFO - Processing file /home/airflow/.local/lib/python3.12/site-packages/airflow/example_dags/tutorial_dag.py for tasks to queue
[2026-06-28T20:54:17.334+0000] {logging_mixin.py:188} INFO - [2026-06-28T20:54:17.334+0000] {dagbag.py:545} INFO - Filling up the DagBag from /home/airflow/.local/lib/python3.12/site-packages/airflow/example_dags/tutorial_dag.py
[2026-06-28T20:54:17.372+0000] {processor.py:840} INFO - DAG(s) 'tutorial_dag' retrieved from /home/airflow/.local/lib/python3.12/site-packages/airflow/example_dags/tutorial_dag.py
[2026-06-28T20:54:17.967+0000] {logging_mixin.py:188} INFO - [2026-06-28T20:54:17.967+0000] {override.py:1829} INFO - Created Permission View: can edit on DAG:tutorial_dag
[2026-06-28T20:54:18.002+0000] {logging_mixin.py:188} INFO - [2026-06-28T20:54:18.002+0000] {override.py:1829} INFO - Created Permission View: can read on DAG:tutorial_dag
[2026-06-28T20:54:18.049+0000] {logging_mixin.py:188} INFO - [2026-06-28T20:54:18.048+0000] {override.py:1829} INFO - Created Permission View: can delete on DAG:tutorial_dag
[2026-06-28T20:54:18.053+0000] {logging_mixin.py:188} INFO - [2026-06-28T20:54:18.053+0000] {dag.py:3096} INFO - Sync 1 DAGs
[2026-06-28T20:54:18.177+0000] {logging_mixin.py:188} INFO - [2026-06-28T20:54:18.173+0000] {dag.py:3118} INFO - Creating ORM DAG for tutorial_dag
[2026-06-28T20:54:18.180+0000] {logging_mixin.py:188} INFO - [2026-06-28T20:54:18.179+0000] {dag.py:3954} INFO - Setting next_dagrun for tutorial_dag to None, run_after=None
[2026-06-28T20:54:18.341+0000] {processor.py:183} INFO - Processing /home/airflow/.local/lib/python3.12/site-packages/airflow/example_dags/tutorial_dag.py took 1.048 seconds
[2026-06-28T20:54:48.475+0000] {processor.py:161} INFO - Started process (PID=192) to work on /home/airflow/.local/lib/python3.12/site-packages/airflow/example_dags/tutorial_dag.py
[2026-06-28T20:54:48.480+0000] {processor.py:830} INFO - Processing file /home/airflow/.local/lib/python3.12/site-packages/airflow/example_dags/tutorial_dag.py for tasks to queue
[2026-06-28T20:54:48.488+0000] {logging_mixin.py:188} INFO - [2026-06-28T20:54:48.485+0000] {dagbag.py:545} INFO - Filling up the DagBag from /home/airflow/.local/lib/python3.12/site-packages/airflow/example_dags/tutorial_dag.py
[2026-06-28T20:54:48.500+0000] {processor.py:840} INFO - DAG(s) 'tutorial_dag' retrieved from /home/airflow/.local/lib/python3.12/site-packages/airflow/example_dags/tutorial_dag.py
[2026-06-28T20:54:48.526+0000] {logging_mixin.py:188} INFO - [2026-06-28T20:54:48.526+0000] {dag.py:3096} INFO - Sync 1 DAGs
[2026-06-28T20:54:48.553+0000] {logging_mixin.py:188} INFO - [2026-06-28T20:54:48.552+0000] {dag.py:3954} INFO - Setting next_dagrun for tutorial_dag to None, run_after=None
[2026-06-28T20:54:48.578+0000] {processor.py:183} INFO - Processing /home/airflow/.local/lib/python3.12/site-packages/airflow/example_dags/tutorial_dag.py took 0.113 seconds
[2026-06-28T20:55:19.381+0000] {processor.py:161} INFO - Started process (PID=251) to work on /home/airflow/.local/lib/python3.12/site-packages/airflow/example_dags/tutorial_dag.py
[2026-06-28T20:55:19.382+0000] {processor.py:830} INFO - Processing file /home/airflow/.local/lib/python3.12/site-packages/airflow/example_dags/tutorial_dag.py for tasks to queue
[2026-06-28T20:55:19.386+0000] {logging_mixin.py:188} INFO - [2026-06-28T20:55:19.385+0000] {dagbag.py:545} INFO - Filling up the DagBag from /home/airflow/.local/lib/python3.12/site-packages/airflow/example_dags/tutorial_dag.py
[2026-06-28T20:55:19.406+0000] {processor.py:840} INFO - DAG(s) 'tutorial_dag' retrieved from /home/airflow/.local/lib/python3.12/site-packages/airflow/example_dags/tutorial_dag.py
[2026-06-28T20:55:19.604+0000] {logging_mixin.py:188} INFO - [2026-06-28T20:55:19.595+0000] {dag.py:3096} INFO - Sync 1 DAGs
[2026-06-28T20:55:19.749+0000] {logging_mixin.py:188} INFO - [2026-06-28T20:55:19.749+0000] {dag.py:3954} INFO - Setting next_dagrun for tutorial_dag to None, run_after=None
[2026-06-28T20:55:19.873+0000] {processor.py:183} INFO - Processing /home/airflow/.local/lib/python3.12/site-packages/airflow/example_dags/tutorial_dag.py took 0.508 seconds
[2026-06-28T20:55:50.774+0000] {processor.py:161} INFO - Started process (PID=315) to work on /home/airflow/.local/lib/python3.12/site-packages/airflow/example_dags/tutorial_dag.py
[2026-06-28T20:55:50.775+0000] {processor.py:830} INFO - Processing file /home/airflow/.local/lib/python3.12/site-packages/airflow/example_dags/tutorial_dag.py for tasks to queue
[2026-06-28T20:55:50.777+0000] {logging_mixin.py:188} INFO - [2026-06-28T20:55:50.777+0000] {dagbag.py:545} INFO - Filling up the DagBag from /home/airflow/.local/lib/python3.12/site-packages/airflow/example_dags/tutorial_dag.py
[2026-06-28T20:55:50.783+0000] {processor.py:840} INFO - DAG(s) 'tutorial_dag' retrieved from /home/airflow/.local/lib/python3.12/site-packages/airflow/example_dags/tutorial_dag.py
[2026-06-28T20:55:50.806+0000] {logging_mixin.py:188} INFO - [2026-06-28T20:55:50.806+0000] {dag.py:3096} INFO - Sync 1 DAGs
[2026-06-28T20:55:50.823+0000] {logging_mixin.py:188} INFO - [2026-06-28T20:55:50.823+0000] {dag.py:3954} INFO - Setting next_dagrun for tutorial_dag to None, run_after=None
[2026-06-28T20:55:50.845+0000] {processor.py:183} INFO - Processing /home/airflow/.local/lib/python3.12/site-packages/airflow/example_dags/tutorial_dag.py took 0.078 seconds
