[2026-06-28T07:48:52.122+0000] {processor.py:161} INFO - Started process (PID=89) to work on /home/airflow/.local/lib/python3.12/site-packages/airflow/example_dags/tutorial_objectstorage.py
[2026-06-28T07:48:52.123+0000] {processor.py:830} INFO - Processing file /home/airflow/.local/lib/python3.12/site-packages/airflow/example_dags/tutorial_objectstorage.py for tasks to queue
[2026-06-28T07:48:52.127+0000] {logging_mixin.py:188} INFO - [2026-06-28T07:48:52.127+0000] {dagbag.py:545} INFO - Filling up the DagBag from /home/airflow/.local/lib/python3.12/site-packages/airflow/example_dags/tutorial_objectstorage.py
[2026-06-28T07:48:52.140+0000] {processor.py:840} INFO - DAG(s) 'tutorial_objectstorage' retrieved from /home/airflow/.local/lib/python3.12/site-packages/airflow/example_dags/tutorial_objectstorage.py
[2026-06-28T07:48:52.183+0000] {logging_mixin.py:188} INFO - [2026-06-28T07:48:52.182+0000] {dag.py:3096} INFO - Sync 1 DAGs
[2026-06-28T07:48:52.208+0000] {logging_mixin.py:188} INFO - [2026-06-28T07:48:52.208+0000] {dag.py:3954} INFO - Setting next_dagrun for tutorial_objectstorage to None, run_after=None
[2026-06-28T07:48:52.254+0000] {processor.py:183} INFO - Processing /home/airflow/.local/lib/python3.12/site-packages/airflow/example_dags/tutorial_objectstorage.py took 0.161 seconds
[2026-06-28T07:49:22.897+0000] {processor.py:161} INFO - Started process (PID=148) to work on /home/airflow/.local/lib/python3.12/site-packages/airflow/example_dags/tutorial_objectstorage.py
[2026-06-28T07:49:22.903+0000] {processor.py:830} INFO - Processing file /home/airflow/.local/lib/python3.12/site-packages/airflow/example_dags/tutorial_objectstorage.py for tasks to queue
[2026-06-28T07:49:22.915+0000] {logging_mixin.py:188} INFO - [2026-06-28T07:49:22.915+0000] {dagbag.py:545} INFO - Filling up the DagBag from /home/airflow/.local/lib/python3.12/site-packages/airflow/example_dags/tutorial_objectstorage.py
[2026-06-28T07:49:22.983+0000] {processor.py:840} INFO - DAG(s) 'tutorial_objectstorage' retrieved from /home/airflow/.local/lib/python3.12/site-packages/airflow/example_dags/tutorial_objectstorage.py
[2026-06-28T07:49:23.105+0000] {logging_mixin.py:188} INFO - [2026-06-28T07:49:23.105+0000] {dag.py:3096} INFO - Sync 1 DAGs
[2026-06-28T07:49:23.286+0000] {logging_mixin.py:188} INFO - [2026-06-28T07:49:23.286+0000] {dag.py:3954} INFO - Setting next_dagrun for tutorial_objectstorage to None, run_after=None
[2026-06-28T07:49:23.322+0000] {processor.py:183} INFO - Processing /home/airflow/.local/lib/python3.12/site-packages/airflow/example_dags/tutorial_objectstorage.py took 0.453 seconds
[2026-06-28T07:49:53.747+0000] {processor.py:161} INFO - Started process (PID=207) to work on /home/airflow/.local/lib/python3.12/site-packages/airflow/example_dags/tutorial_objectstorage.py
[2026-06-28T07:49:53.748+0000] {processor.py:830} INFO - Processing file /home/airflow/.local/lib/python3.12/site-packages/airflow/example_dags/tutorial_objectstorage.py for tasks to queue
[2026-06-28T07:49:53.750+0000] {logging_mixin.py:188} INFO - [2026-06-28T07:49:53.750+0000] {dagbag.py:545} INFO - Filling up the DagBag from /home/airflow/.local/lib/python3.12/site-packages/airflow/example_dags/tutorial_objectstorage.py
[2026-06-28T07:49:53.758+0000] {processor.py:840} INFO - DAG(s) 'tutorial_objectstorage' retrieved from /home/airflow/.local/lib/python3.12/site-packages/airflow/example_dags/tutorial_objectstorage.py
[2026-06-28T07:49:53.780+0000] {logging_mixin.py:188} INFO - [2026-06-28T07:49:53.780+0000] {dag.py:3096} INFO - Sync 1 DAGs
[2026-06-28T07:49:53.802+0000] {logging_mixin.py:188} INFO - [2026-06-28T07:49:53.801+0000] {dag.py:3954} INFO - Setting next_dagrun for tutorial_objectstorage to None, run_after=None
[2026-06-28T07:49:53.822+0000] {processor.py:183} INFO - Processing /home/airflow/.local/lib/python3.12/site-packages/airflow/example_dags/tutorial_objectstorage.py took 0.081 seconds
[2026-06-28T07:50:24.527+0000] {processor.py:161} INFO - Started process (PID=266) to work on /home/airflow/.local/lib/python3.12/site-packages/airflow/example_dags/tutorial_objectstorage.py
[2026-06-28T07:50:24.528+0000] {processor.py:830} INFO - Processing file /home/airflow/.local/lib/python3.12/site-packages/airflow/example_dags/tutorial_objectstorage.py for tasks to queue
[2026-06-28T07:50:24.530+0000] {logging_mixin.py:188} INFO - [2026-06-28T07:50:24.529+0000] {dagbag.py:545} INFO - Filling up the DagBag from /home/airflow/.local/lib/python3.12/site-packages/airflow/example_dags/tutorial_objectstorage.py
[2026-06-28T07:50:24.538+0000] {processor.py:840} INFO - DAG(s) 'tutorial_objectstorage' retrieved from /home/airflow/.local/lib/python3.12/site-packages/airflow/example_dags/tutorial_objectstorage.py
[2026-06-28T07:50:24.561+0000] {logging_mixin.py:188} INFO - [2026-06-28T07:50:24.561+0000] {dag.py:3096} INFO - Sync 1 DAGs
[2026-06-28T07:50:24.579+0000] {logging_mixin.py:188} INFO - [2026-06-28T07:50:24.579+0000] {dag.py:3954} INFO - Setting next_dagrun for tutorial_objectstorage to None, run_after=None
[2026-06-28T07:50:24.600+0000] {processor.py:183} INFO - Processing /home/airflow/.local/lib/python3.12/site-packages/airflow/example_dags/tutorial_objectstorage.py took 0.081 seconds
[2026-06-28T07:50:55.623+0000] {processor.py:161} INFO - Started process (PID=325) to work on /home/airflow/.local/lib/python3.12/site-packages/airflow/example_dags/tutorial_objectstorage.py
[2026-06-28T07:50:55.624+0000] {processor.py:830} INFO - Processing file /home/airflow/.local/lib/python3.12/site-packages/airflow/example_dags/tutorial_objectstorage.py for tasks to queue
[2026-06-28T07:50:55.626+0000] {logging_mixin.py:188} INFO - [2026-06-28T07:50:55.626+0000] {dagbag.py:545} INFO - Filling up the DagBag from /home/airflow/.local/lib/python3.12/site-packages/airflow/example_dags/tutorial_objectstorage.py
[2026-06-28T07:50:55.635+0000] {processor.py:840} INFO - DAG(s) 'tutorial_objectstorage' retrieved from /home/airflow/.local/lib/python3.12/site-packages/airflow/example_dags/tutorial_objectstorage.py
[2026-06-28T07:50:55.658+0000] {logging_mixin.py:188} INFO - [2026-06-28T07:50:55.657+0000] {dag.py:3096} INFO - Sync 1 DAGs
[2026-06-28T07:50:55.674+0000] {logging_mixin.py:188} INFO - [2026-06-28T07:50:55.674+0000] {dag.py:3954} INFO - Setting next_dagrun for tutorial_objectstorage to None, run_after=None
[2026-06-28T07:50:55.697+0000] {processor.py:183} INFO - Processing /home/airflow/.local/lib/python3.12/site-packages/airflow/example_dags/tutorial_objectstorage.py took 0.089 seconds
[2026-06-28T07:51:25.733+0000] {processor.py:161} INFO - Started process (PID=384) to work on /home/airflow/.local/lib/python3.12/site-packages/airflow/example_dags/tutorial_objectstorage.py
[2026-06-28T07:51:25.734+0000] {processor.py:830} INFO - Processing file /home/airflow/.local/lib/python3.12/site-packages/airflow/example_dags/tutorial_objectstorage.py for tasks to queue
[2026-06-28T07:51:25.736+0000] {logging_mixin.py:188} INFO - [2026-06-28T07:51:25.735+0000] {dagbag.py:545} INFO - Filling up the DagBag from /home/airflow/.local/lib/python3.12/site-packages/airflow/example_dags/tutorial_objectstorage.py
[2026-06-28T07:51:25.743+0000] {processor.py:840} INFO - DAG(s) 'tutorial_objectstorage' retrieved from /home/airflow/.local/lib/python3.12/site-packages/airflow/example_dags/tutorial_objectstorage.py
[2026-06-28T07:51:25.765+0000] {logging_mixin.py:188} INFO - [2026-06-28T07:51:25.764+0000] {dag.py:3096} INFO - Sync 1 DAGs
[2026-06-28T07:51:25.781+0000] {logging_mixin.py:188} INFO - [2026-06-28T07:51:25.781+0000] {dag.py:3954} INFO - Setting next_dagrun for tutorial_objectstorage to None, run_after=None
[2026-06-28T07:51:25.807+0000] {processor.py:183} INFO - Processing /home/airflow/.local/lib/python3.12/site-packages/airflow/example_dags/tutorial_objectstorage.py took 0.081 seconds
[2026-06-28T07:51:56.340+0000] {processor.py:161} INFO - Started process (PID=443) to work on /home/airflow/.local/lib/python3.12/site-packages/airflow/example_dags/tutorial_objectstorage.py
[2026-06-28T07:51:56.341+0000] {processor.py:830} INFO - Processing file /home/airflow/.local/lib/python3.12/site-packages/airflow/example_dags/tutorial_objectstorage.py for tasks to queue
[2026-06-28T07:51:56.343+0000] {logging_mixin.py:188} INFO - [2026-06-28T07:51:56.343+0000] {dagbag.py:545} INFO - Filling up the DagBag from /home/airflow/.local/lib/python3.12/site-packages/airflow/example_dags/tutorial_objectstorage.py
[2026-06-28T07:51:56.351+0000] {processor.py:840} INFO - DAG(s) 'tutorial_objectstorage' retrieved from /home/airflow/.local/lib/python3.12/site-packages/airflow/example_dags/tutorial_objectstorage.py
[2026-06-28T07:51:56.374+0000] {logging_mixin.py:188} INFO - [2026-06-28T07:51:56.373+0000] {dag.py:3096} INFO - Sync 1 DAGs
[2026-06-28T07:51:56.391+0000] {logging_mixin.py:188} INFO - [2026-06-28T07:51:56.390+0000] {dag.py:3954} INFO - Setting next_dagrun for tutorial_objectstorage to None, run_after=None
[2026-06-28T07:51:56.411+0000] {processor.py:183} INFO - Processing /home/airflow/.local/lib/python3.12/site-packages/airflow/example_dags/tutorial_objectstorage.py took 0.078 seconds
[2026-06-28T07:52:27.126+0000] {processor.py:161} INFO - Started process (PID=502) to work on /home/airflow/.local/lib/python3.12/site-packages/airflow/example_dags/tutorial_objectstorage.py
[2026-06-28T07:52:27.127+0000] {processor.py:830} INFO - Processing file /home/airflow/.local/lib/python3.12/site-packages/airflow/example_dags/tutorial_objectstorage.py for tasks to queue
[2026-06-28T07:52:27.129+0000] {logging_mixin.py:188} INFO - [2026-06-28T07:52:27.129+0000] {dagbag.py:545} INFO - Filling up the DagBag from /home/airflow/.local/lib/python3.12/site-packages/airflow/example_dags/tutorial_objectstorage.py
[2026-06-28T07:52:27.138+0000] {processor.py:840} INFO - DAG(s) 'tutorial_objectstorage' retrieved from /home/airflow/.local/lib/python3.12/site-packages/airflow/example_dags/tutorial_objectstorage.py
[2026-06-28T07:52:27.159+0000] {logging_mixin.py:188} INFO - [2026-06-28T07:52:27.159+0000] {dag.py:3096} INFO - Sync 1 DAGs
[2026-06-28T07:52:27.177+0000] {logging_mixin.py:188} INFO - [2026-06-28T07:52:27.176+0000] {dag.py:3954} INFO - Setting next_dagrun for tutorial_objectstorage to None, run_after=None
[2026-06-28T07:52:27.197+0000] {processor.py:183} INFO - Processing /home/airflow/.local/lib/python3.12/site-packages/airflow/example_dags/tutorial_objectstorage.py took 0.079 seconds
[2026-06-28T07:52:57.924+0000] {processor.py:161} INFO - Started process (PID=561) to work on /home/airflow/.local/lib/python3.12/site-packages/airflow/example_dags/tutorial_objectstorage.py
[2026-06-28T07:52:57.924+0000] {processor.py:830} INFO - Processing file /home/airflow/.local/lib/python3.12/site-packages/airflow/example_dags/tutorial_objectstorage.py for tasks to queue
[2026-06-28T07:52:57.927+0000] {logging_mixin.py:188} INFO - [2026-06-28T07:52:57.926+0000] {dagbag.py:545} INFO - Filling up the DagBag from /home/airflow/.local/lib/python3.12/site-packages/airflow/example_dags/tutorial_objectstorage.py
[2026-06-28T07:52:57.935+0000] {processor.py:840} INFO - DAG(s) 'tutorial_objectstorage' retrieved from /home/airflow/.local/lib/python3.12/site-packages/airflow/example_dags/tutorial_objectstorage.py
[2026-06-28T07:52:57.957+0000] {logging_mixin.py:188} INFO - [2026-06-28T07:52:57.957+0000] {dag.py:3096} INFO - Sync 1 DAGs
[2026-06-28T07:52:57.974+0000] {logging_mixin.py:188} INFO - [2026-06-28T07:52:57.973+0000] {dag.py:3954} INFO - Setting next_dagrun for tutorial_objectstorage to None, run_after=None
[2026-06-28T07:52:57.994+0000] {processor.py:183} INFO - Processing /home/airflow/.local/lib/python3.12/site-packages/airflow/example_dags/tutorial_objectstorage.py took 0.078 seconds
[2026-06-28T07:53:28.643+0000] {processor.py:161} INFO - Started process (PID=620) to work on /home/airflow/.local/lib/python3.12/site-packages/airflow/example_dags/tutorial_objectstorage.py
[2026-06-28T07:53:28.644+0000] {processor.py:830} INFO - Processing file /home/airflow/.local/lib/python3.12/site-packages/airflow/example_dags/tutorial_objectstorage.py for tasks to queue
[2026-06-28T07:53:28.647+0000] {logging_mixin.py:188} INFO - [2026-06-28T07:53:28.647+0000] {dagbag.py:545} INFO - Filling up the DagBag from /home/airflow/.local/lib/python3.12/site-packages/airflow/example_dags/tutorial_objectstorage.py
[2026-06-28T07:53:28.655+0000] {processor.py:840} INFO - DAG(s) 'tutorial_objectstorage' retrieved from /home/airflow/.local/lib/python3.12/site-packages/airflow/example_dags/tutorial_objectstorage.py
[2026-06-28T07:53:28.688+0000] {logging_mixin.py:188} INFO - [2026-06-28T07:53:28.688+0000] {dag.py:3096} INFO - Sync 1 DAGs
[2026-06-28T07:53:28.705+0000] {logging_mixin.py:188} INFO - [2026-06-28T07:53:28.704+0000] {dag.py:3954} INFO - Setting next_dagrun for tutorial_objectstorage to None, run_after=None
[2026-06-28T07:53:28.757+0000] {processor.py:183} INFO - Processing /home/airflow/.local/lib/python3.12/site-packages/airflow/example_dags/tutorial_objectstorage.py took 0.123 seconds
[2026-06-28T07:53:59.630+0000] {processor.py:161} INFO - Started process (PID=679) to work on /home/airflow/.local/lib/python3.12/site-packages/airflow/example_dags/tutorial_objectstorage.py
[2026-06-28T07:53:59.633+0000] {processor.py:830} INFO - Processing file /home/airflow/.local/lib/python3.12/site-packages/airflow/example_dags/tutorial_objectstorage.py for tasks to queue
[2026-06-28T07:53:59.637+0000] {logging_mixin.py:188} INFO - [2026-06-28T07:53:59.637+0000] {dagbag.py:545} INFO - Filling up the DagBag from /home/airflow/.local/lib/python3.12/site-packages/airflow/example_dags/tutorial_objectstorage.py
[2026-06-28T07:53:59.662+0000] {processor.py:840} INFO - DAG(s) 'tutorial_objectstorage' retrieved from /home/airflow/.local/lib/python3.12/site-packages/airflow/example_dags/tutorial_objectstorage.py
[2026-06-28T07:53:59.754+0000] {logging_mixin.py:188} INFO - [2026-06-28T07:53:59.754+0000] {dag.py:3096} INFO - Sync 1 DAGs
[2026-06-28T07:53:59.858+0000] {logging_mixin.py:188} INFO - [2026-06-28T07:53:59.858+0000] {dag.py:3954} INFO - Setting next_dagrun for tutorial_objectstorage to None, run_after=None
[2026-06-28T07:53:59.932+0000] {processor.py:183} INFO - Processing /home/airflow/.local/lib/python3.12/site-packages/airflow/example_dags/tutorial_objectstorage.py took 0.311 seconds
[2026-06-28T07:54:30.857+0000] {processor.py:161} INFO - Started process (PID=744) to work on /home/airflow/.local/lib/python3.12/site-packages/airflow/example_dags/tutorial_objectstorage.py
[2026-06-28T07:54:30.858+0000] {processor.py:830} INFO - Processing file /home/airflow/.local/lib/python3.12/site-packages/airflow/example_dags/tutorial_objectstorage.py for tasks to queue
[2026-06-28T07:54:30.860+0000] {logging_mixin.py:188} INFO - [2026-06-28T07:54:30.859+0000] {dagbag.py:545} INFO - Filling up the DagBag from /home/airflow/.local/lib/python3.12/site-packages/airflow/example_dags/tutorial_objectstorage.py
[2026-06-28T07:54:30.868+0000] {processor.py:840} INFO - DAG(s) 'tutorial_objectstorage' retrieved from /home/airflow/.local/lib/python3.12/site-packages/airflow/example_dags/tutorial_objectstorage.py
[2026-06-28T07:54:30.893+0000] {logging_mixin.py:188} INFO - [2026-06-28T07:54:30.893+0000] {dag.py:3096} INFO - Sync 1 DAGs
[2026-06-28T07:54:30.911+0000] {logging_mixin.py:188} INFO - [2026-06-28T07:54:30.911+0000] {dag.py:3954} INFO - Setting next_dagrun for tutorial_objectstorage to None, run_after=None
[2026-06-28T07:54:30.946+0000] {processor.py:183} INFO - Processing /home/airflow/.local/lib/python3.12/site-packages/airflow/example_dags/tutorial_objectstorage.py took 0.097 seconds
[2026-06-28T07:55:01.613+0000] {processor.py:161} INFO - Started process (PID=803) to work on /home/airflow/.local/lib/python3.12/site-packages/airflow/example_dags/tutorial_objectstorage.py
[2026-06-28T07:55:01.614+0000] {processor.py:830} INFO - Processing file /home/airflow/.local/lib/python3.12/site-packages/airflow/example_dags/tutorial_objectstorage.py for tasks to queue
[2026-06-28T07:55:01.616+0000] {logging_mixin.py:188} INFO - [2026-06-28T07:55:01.616+0000] {dagbag.py:545} INFO - Filling up the DagBag from /home/airflow/.local/lib/python3.12/site-packages/airflow/example_dags/tutorial_objectstorage.py
[2026-06-28T07:55:01.624+0000] {processor.py:840} INFO - DAG(s) 'tutorial_objectstorage' retrieved from /home/airflow/.local/lib/python3.12/site-packages/airflow/example_dags/tutorial_objectstorage.py
[2026-06-28T07:55:01.645+0000] {logging_mixin.py:188} INFO - [2026-06-28T07:55:01.645+0000] {dag.py:3096} INFO - Sync 1 DAGs
[2026-06-28T07:55:01.663+0000] {logging_mixin.py:188} INFO - [2026-06-28T07:55:01.662+0000] {dag.py:3954} INFO - Setting next_dagrun for tutorial_objectstorage to None, run_after=None
[2026-06-28T07:55:01.687+0000] {processor.py:183} INFO - Processing /home/airflow/.local/lib/python3.12/site-packages/airflow/example_dags/tutorial_objectstorage.py took 0.081 seconds
[2026-06-28T07:55:32.453+0000] {processor.py:161} INFO - Started process (PID=862) to work on /home/airflow/.local/lib/python3.12/site-packages/airflow/example_dags/tutorial_objectstorage.py
[2026-06-28T07:55:32.453+0000] {processor.py:830} INFO - Processing file /home/airflow/.local/lib/python3.12/site-packages/airflow/example_dags/tutorial_objectstorage.py for tasks to queue
[2026-06-28T07:55:32.456+0000] {logging_mixin.py:188} INFO - [2026-06-28T07:55:32.456+0000] {dagbag.py:545} INFO - Filling up the DagBag from /home/airflow/.local/lib/python3.12/site-packages/airflow/example_dags/tutorial_objectstorage.py
[2026-06-28T07:55:32.466+0000] {processor.py:840} INFO - DAG(s) 'tutorial_objectstorage' retrieved from /home/airflow/.local/lib/python3.12/site-packages/airflow/example_dags/tutorial_objectstorage.py
[2026-06-28T07:55:32.538+0000] {logging_mixin.py:188} INFO - [2026-06-28T07:55:32.538+0000] {dag.py:3096} INFO - Sync 1 DAGs
[2026-06-28T07:55:32.562+0000] {logging_mixin.py:188} INFO - [2026-06-28T07:55:32.562+0000] {dag.py:3954} INFO - Setting next_dagrun for tutorial_objectstorage to None, run_after=None
[2026-06-28T07:55:32.617+0000] {processor.py:183} INFO - Processing /home/airflow/.local/lib/python3.12/site-packages/airflow/example_dags/tutorial_objectstorage.py took 0.172 seconds
[2026-06-28T07:56:03.062+0000] {processor.py:161} INFO - Started process (PID=921) to work on /home/airflow/.local/lib/python3.12/site-packages/airflow/example_dags/tutorial_objectstorage.py
[2026-06-28T07:56:03.063+0000] {processor.py:830} INFO - Processing file /home/airflow/.local/lib/python3.12/site-packages/airflow/example_dags/tutorial_objectstorage.py for tasks to queue
[2026-06-28T07:56:03.065+0000] {logging_mixin.py:188} INFO - [2026-06-28T07:56:03.065+0000] {dagbag.py:545} INFO - Filling up the DagBag from /home/airflow/.local/lib/python3.12/site-packages/airflow/example_dags/tutorial_objectstorage.py
[2026-06-28T07:56:03.075+0000] {processor.py:840} INFO - DAG(s) 'tutorial_objectstorage' retrieved from /home/airflow/.local/lib/python3.12/site-packages/airflow/example_dags/tutorial_objectstorage.py
[2026-06-28T07:56:03.125+0000] {logging_mixin.py:188} INFO - [2026-06-28T07:56:03.125+0000] {dag.py:3096} INFO - Sync 1 DAGs
[2026-06-28T07:56:03.143+0000] {logging_mixin.py:188} INFO - [2026-06-28T07:56:03.143+0000] {dag.py:3954} INFO - Setting next_dagrun for tutorial_objectstorage to None, run_after=None
[2026-06-28T07:56:03.164+0000] {processor.py:183} INFO - Processing /home/airflow/.local/lib/python3.12/site-packages/airflow/example_dags/tutorial_objectstorage.py took 0.115 seconds
[2026-06-28T07:56:33.872+0000] {processor.py:161} INFO - Started process (PID=980) to work on /home/airflow/.local/lib/python3.12/site-packages/airflow/example_dags/tutorial_objectstorage.py
[2026-06-28T07:56:33.873+0000] {processor.py:830} INFO - Processing file /home/airflow/.local/lib/python3.12/site-packages/airflow/example_dags/tutorial_objectstorage.py for tasks to queue
[2026-06-28T07:56:33.874+0000] {logging_mixin.py:188} INFO - [2026-06-28T07:56:33.874+0000] {dagbag.py:545} INFO - Filling up the DagBag from /home/airflow/.local/lib/python3.12/site-packages/airflow/example_dags/tutorial_objectstorage.py
[2026-06-28T07:56:33.883+0000] {processor.py:840} INFO - DAG(s) 'tutorial_objectstorage' retrieved from /home/airflow/.local/lib/python3.12/site-packages/airflow/example_dags/tutorial_objectstorage.py
[2026-06-28T07:56:33.904+0000] {logging_mixin.py:188} INFO - [2026-06-28T07:56:33.904+0000] {dag.py:3096} INFO - Sync 1 DAGs
[2026-06-28T07:56:33.921+0000] {logging_mixin.py:188} INFO - [2026-06-28T07:56:33.921+0000] {dag.py:3954} INFO - Setting next_dagrun for tutorial_objectstorage to None, run_after=None
[2026-06-28T07:56:33.942+0000] {processor.py:183} INFO - Processing /home/airflow/.local/lib/python3.12/site-packages/airflow/example_dags/tutorial_objectstorage.py took 0.077 seconds
[2026-06-28T07:57:04.455+0000] {processor.py:161} INFO - Started process (PID=1039) to work on /home/airflow/.local/lib/python3.12/site-packages/airflow/example_dags/tutorial_objectstorage.py
[2026-06-28T07:57:04.456+0000] {processor.py:830} INFO - Processing file /home/airflow/.local/lib/python3.12/site-packages/airflow/example_dags/tutorial_objectstorage.py for tasks to queue
[2026-06-28T07:57:04.458+0000] {logging_mixin.py:188} INFO - [2026-06-28T07:57:04.458+0000] {dagbag.py:545} INFO - Filling up the DagBag from /home/airflow/.local/lib/python3.12/site-packages/airflow/example_dags/tutorial_objectstorage.py
[2026-06-28T07:57:04.467+0000] {processor.py:840} INFO - DAG(s) 'tutorial_objectstorage' retrieved from /home/airflow/.local/lib/python3.12/site-packages/airflow/example_dags/tutorial_objectstorage.py
[2026-06-28T07:57:04.484+0000] {logging_mixin.py:188} INFO - [2026-06-28T07:57:04.484+0000] {dag.py:3096} INFO - Sync 1 DAGs
[2026-06-28T07:57:04.495+0000] {logging_mixin.py:188} INFO - [2026-06-28T07:57:04.495+0000] {dag.py:3954} INFO - Setting next_dagrun for tutorial_objectstorage to None, run_after=None
[2026-06-28T07:57:04.511+0000] {processor.py:183} INFO - Processing /home/airflow/.local/lib/python3.12/site-packages/airflow/example_dags/tutorial_objectstorage.py took 0.061 seconds
[2026-06-28T07:57:34.950+0000] {processor.py:161} INFO - Started process (PID=1098) to work on /home/airflow/.local/lib/python3.12/site-packages/airflow/example_dags/tutorial_objectstorage.py
[2026-06-28T07:57:34.951+0000] {processor.py:830} INFO - Processing file /home/airflow/.local/lib/python3.12/site-packages/airflow/example_dags/tutorial_objectstorage.py for tasks to queue
[2026-06-28T07:57:34.953+0000] {logging_mixin.py:188} INFO - [2026-06-28T07:57:34.952+0000] {dagbag.py:545} INFO - Filling up the DagBag from /home/airflow/.local/lib/python3.12/site-packages/airflow/example_dags/tutorial_objectstorage.py
[2026-06-28T07:57:34.960+0000] {processor.py:840} INFO - DAG(s) 'tutorial_objectstorage' retrieved from /home/airflow/.local/lib/python3.12/site-packages/airflow/example_dags/tutorial_objectstorage.py
[2026-06-28T07:57:34.983+0000] {logging_mixin.py:188} INFO - [2026-06-28T07:57:34.983+0000] {dag.py:3096} INFO - Sync 1 DAGs
[2026-06-28T07:57:35.001+0000] {logging_mixin.py:188} INFO - [2026-06-28T07:57:35.000+0000] {dag.py:3954} INFO - Setting next_dagrun for tutorial_objectstorage to None, run_after=None
[2026-06-28T07:57:35.032+0000] {processor.py:183} INFO - Processing /home/airflow/.local/lib/python3.12/site-packages/airflow/example_dags/tutorial_objectstorage.py took 0.089 seconds
[2026-06-28T07:58:05.628+0000] {processor.py:161} INFO - Started process (PID=1157) to work on /home/airflow/.local/lib/python3.12/site-packages/airflow/example_dags/tutorial_objectstorage.py
[2026-06-28T07:58:05.629+0000] {processor.py:830} INFO - Processing file /home/airflow/.local/lib/python3.12/site-packages/airflow/example_dags/tutorial_objectstorage.py for tasks to queue
[2026-06-28T07:58:05.632+0000] {logging_mixin.py:188} INFO - [2026-06-28T07:58:05.631+0000] {dagbag.py:545} INFO - Filling up the DagBag from /home/airflow/.local/lib/python3.12/site-packages/airflow/example_dags/tutorial_objectstorage.py
[2026-06-28T07:58:05.640+0000] {processor.py:840} INFO - DAG(s) 'tutorial_objectstorage' retrieved from /home/airflow/.local/lib/python3.12/site-packages/airflow/example_dags/tutorial_objectstorage.py
[2026-06-28T07:58:05.662+0000] {logging_mixin.py:188} INFO - [2026-06-28T07:58:05.662+0000] {dag.py:3096} INFO - Sync 1 DAGs
[2026-06-28T07:58:05.679+0000] {logging_mixin.py:188} INFO - [2026-06-28T07:58:05.679+0000] {dag.py:3954} INFO - Setting next_dagrun for tutorial_objectstorage to None, run_after=None
[2026-06-28T07:58:05.703+0000] {processor.py:183} INFO - Processing /home/airflow/.local/lib/python3.12/site-packages/airflow/example_dags/tutorial_objectstorage.py took 0.082 seconds
[2026-06-28T07:58:36.407+0000] {processor.py:161} INFO - Started process (PID=1216) to work on /home/airflow/.local/lib/python3.12/site-packages/airflow/example_dags/tutorial_objectstorage.py
[2026-06-28T07:58:36.411+0000] {processor.py:830} INFO - Processing file /home/airflow/.local/lib/python3.12/site-packages/airflow/example_dags/tutorial_objectstorage.py for tasks to queue
[2026-06-28T07:58:36.413+0000] {logging_mixin.py:188} INFO - [2026-06-28T07:58:36.412+0000] {dagbag.py:545} INFO - Filling up the DagBag from /home/airflow/.local/lib/python3.12/site-packages/airflow/example_dags/tutorial_objectstorage.py
[2026-06-28T07:58:36.434+0000] {processor.py:840} INFO - DAG(s) 'tutorial_objectstorage' retrieved from /home/airflow/.local/lib/python3.12/site-packages/airflow/example_dags/tutorial_objectstorage.py
[2026-06-28T07:58:36.464+0000] {logging_mixin.py:188} INFO - [2026-06-28T07:58:36.463+0000] {dag.py:3096} INFO - Sync 1 DAGs
[2026-06-28T07:58:36.481+0000] {logging_mixin.py:188} INFO - [2026-06-28T07:58:36.481+0000] {dag.py:3954} INFO - Setting next_dagrun for tutorial_objectstorage to None, run_after=None
[2026-06-28T07:58:36.513+0000] {processor.py:183} INFO - Processing /home/airflow/.local/lib/python3.12/site-packages/airflow/example_dags/tutorial_objectstorage.py took 0.120 seconds
[2026-06-28T07:59:07.153+0000] {processor.py:161} INFO - Started process (PID=1275) to work on /home/airflow/.local/lib/python3.12/site-packages/airflow/example_dags/tutorial_objectstorage.py
[2026-06-28T07:59:07.154+0000] {processor.py:830} INFO - Processing file /home/airflow/.local/lib/python3.12/site-packages/airflow/example_dags/tutorial_objectstorage.py for tasks to queue
[2026-06-28T07:59:07.156+0000] {logging_mixin.py:188} INFO - [2026-06-28T07:59:07.155+0000] {dagbag.py:545} INFO - Filling up the DagBag from /home/airflow/.local/lib/python3.12/site-packages/airflow/example_dags/tutorial_objectstorage.py
[2026-06-28T07:59:07.164+0000] {processor.py:840} INFO - DAG(s) 'tutorial_objectstorage' retrieved from /home/airflow/.local/lib/python3.12/site-packages/airflow/example_dags/tutorial_objectstorage.py
[2026-06-28T07:59:07.186+0000] {logging_mixin.py:188} INFO - [2026-06-28T07:59:07.186+0000] {dag.py:3096} INFO - Sync 1 DAGs
[2026-06-28T07:59:07.205+0000] {logging_mixin.py:188} INFO - [2026-06-28T07:59:07.204+0000] {dag.py:3954} INFO - Setting next_dagrun for tutorial_objectstorage to None, run_after=None
[2026-06-28T07:59:07.225+0000] {processor.py:183} INFO - Processing /home/airflow/.local/lib/python3.12/site-packages/airflow/example_dags/tutorial_objectstorage.py took 0.078 seconds
[2026-06-28T07:59:38.061+0000] {processor.py:161} INFO - Started process (PID=1335) to work on /home/airflow/.local/lib/python3.12/site-packages/airflow/example_dags/tutorial_objectstorage.py
[2026-06-28T07:59:38.062+0000] {processor.py:830} INFO - Processing file /home/airflow/.local/lib/python3.12/site-packages/airflow/example_dags/tutorial_objectstorage.py for tasks to queue
[2026-06-28T07:59:38.064+0000] {logging_mixin.py:188} INFO - [2026-06-28T07:59:38.064+0000] {dagbag.py:545} INFO - Filling up the DagBag from /home/airflow/.local/lib/python3.12/site-packages/airflow/example_dags/tutorial_objectstorage.py
[2026-06-28T07:59:38.072+0000] {processor.py:840} INFO - DAG(s) 'tutorial_objectstorage' retrieved from /home/airflow/.local/lib/python3.12/site-packages/airflow/example_dags/tutorial_objectstorage.py
[2026-06-28T07:59:38.093+0000] {logging_mixin.py:188} INFO - [2026-06-28T07:59:38.093+0000] {dag.py:3096} INFO - Sync 1 DAGs
[2026-06-28T07:59:38.111+0000] {logging_mixin.py:188} INFO - [2026-06-28T07:59:38.111+0000] {dag.py:3954} INFO - Setting next_dagrun for tutorial_objectstorage to None, run_after=None
[2026-06-28T07:59:38.130+0000] {processor.py:183} INFO - Processing /home/airflow/.local/lib/python3.12/site-packages/airflow/example_dags/tutorial_objectstorage.py took 0.077 seconds
[2026-06-28T08:00:09.050+0000] {processor.py:161} INFO - Started process (PID=1394) to work on /home/airflow/.local/lib/python3.12/site-packages/airflow/example_dags/tutorial_objectstorage.py
[2026-06-28T08:00:09.051+0000] {processor.py:830} INFO - Processing file /home/airflow/.local/lib/python3.12/site-packages/airflow/example_dags/tutorial_objectstorage.py for tasks to queue
[2026-06-28T08:00:09.053+0000] {logging_mixin.py:188} INFO - [2026-06-28T08:00:09.053+0000] {dagbag.py:545} INFO - Filling up the DagBag from /home/airflow/.local/lib/python3.12/site-packages/airflow/example_dags/tutorial_objectstorage.py
[2026-06-28T08:00:09.062+0000] {processor.py:840} INFO - DAG(s) 'tutorial_objectstorage' retrieved from /home/airflow/.local/lib/python3.12/site-packages/airflow/example_dags/tutorial_objectstorage.py
[2026-06-28T08:00:09.095+0000] {logging_mixin.py:188} INFO - [2026-06-28T08:00:09.095+0000] {dag.py:3096} INFO - Sync 1 DAGs
[2026-06-28T08:00:09.118+0000] {logging_mixin.py:188} INFO - [2026-06-28T08:00:09.117+0000] {dag.py:3954} INFO - Setting next_dagrun for tutorial_objectstorage to None, run_after=None
[2026-06-28T08:00:09.145+0000] {processor.py:183} INFO - Processing /home/airflow/.local/lib/python3.12/site-packages/airflow/example_dags/tutorial_objectstorage.py took 0.102 seconds
[2026-06-28T08:00:39.925+0000] {processor.py:161} INFO - Started process (PID=1452) to work on /home/airflow/.local/lib/python3.12/site-packages/airflow/example_dags/tutorial_objectstorage.py
[2026-06-28T08:00:39.930+0000] {processor.py:830} INFO - Processing file /home/airflow/.local/lib/python3.12/site-packages/airflow/example_dags/tutorial_objectstorage.py for tasks to queue
[2026-06-28T08:00:39.936+0000] {logging_mixin.py:188} INFO - [2026-06-28T08:00:39.931+0000] {dagbag.py:545} INFO - Filling up the DagBag from /home/airflow/.local/lib/python3.12/site-packages/airflow/example_dags/tutorial_objectstorage.py
[2026-06-28T08:00:39.964+0000] {processor.py:840} INFO - DAG(s) 'tutorial_objectstorage' retrieved from /home/airflow/.local/lib/python3.12/site-packages/airflow/example_dags/tutorial_objectstorage.py
[2026-06-28T08:00:40.033+0000] {logging_mixin.py:188} INFO - [2026-06-28T08:00:40.033+0000] {dag.py:3096} INFO - Sync 1 DAGs
[2026-06-28T08:00:40.060+0000] {logging_mixin.py:188} INFO - [2026-06-28T08:00:40.060+0000] {dag.py:3954} INFO - Setting next_dagrun for tutorial_objectstorage to None, run_after=None
[2026-06-28T08:00:40.112+0000] {processor.py:183} INFO - Processing /home/airflow/.local/lib/python3.12/site-packages/airflow/example_dags/tutorial_objectstorage.py took 0.208 seconds
[2026-06-28T08:01:10.193+0000] {processor.py:161} INFO - Started process (PID=1511) to work on /home/airflow/.local/lib/python3.12/site-packages/airflow/example_dags/tutorial_objectstorage.py
[2026-06-28T08:01:10.197+0000] {processor.py:830} INFO - Processing file /home/airflow/.local/lib/python3.12/site-packages/airflow/example_dags/tutorial_objectstorage.py for tasks to queue
[2026-06-28T08:01:10.201+0000] {logging_mixin.py:188} INFO - [2026-06-28T08:01:10.201+0000] {dagbag.py:545} INFO - Filling up the DagBag from /home/airflow/.local/lib/python3.12/site-packages/airflow/example_dags/tutorial_objectstorage.py
[2026-06-28T08:01:10.211+0000] {processor.py:840} INFO - DAG(s) 'tutorial_objectstorage' retrieved from /home/airflow/.local/lib/python3.12/site-packages/airflow/example_dags/tutorial_objectstorage.py
[2026-06-28T08:01:10.230+0000] {logging_mixin.py:188} INFO - [2026-06-28T08:01:10.230+0000] {dag.py:3096} INFO - Sync 1 DAGs
[2026-06-28T08:01:10.243+0000] {logging_mixin.py:188} INFO - [2026-06-28T08:01:10.243+0000] {dag.py:3954} INFO - Setting next_dagrun for tutorial_objectstorage to None, run_after=None
[2026-06-28T08:01:10.259+0000] {processor.py:183} INFO - Processing /home/airflow/.local/lib/python3.12/site-packages/airflow/example_dags/tutorial_objectstorage.py took 0.083 seconds
[2026-06-28T08:01:41.320+0000] {processor.py:161} INFO - Started process (PID=1570) to work on /home/airflow/.local/lib/python3.12/site-packages/airflow/example_dags/tutorial_objectstorage.py
[2026-06-28T08:01:41.320+0000] {processor.py:830} INFO - Processing file /home/airflow/.local/lib/python3.12/site-packages/airflow/example_dags/tutorial_objectstorage.py for tasks to queue
[2026-06-28T08:01:41.322+0000] {logging_mixin.py:188} INFO - [2026-06-28T08:01:41.322+0000] {dagbag.py:545} INFO - Filling up the DagBag from /home/airflow/.local/lib/python3.12/site-packages/airflow/example_dags/tutorial_objectstorage.py
[2026-06-28T08:01:41.334+0000] {processor.py:840} INFO - DAG(s) 'tutorial_objectstorage' retrieved from /home/airflow/.local/lib/python3.12/site-packages/airflow/example_dags/tutorial_objectstorage.py
[2026-06-28T08:01:41.523+0000] {logging_mixin.py:188} INFO - [2026-06-28T08:01:41.523+0000] {dag.py:3096} INFO - Sync 1 DAGs
[2026-06-28T08:01:41.537+0000] {logging_mixin.py:188} INFO - [2026-06-28T08:01:41.537+0000] {dag.py:3954} INFO - Setting next_dagrun for tutorial_objectstorage to None, run_after=None
[2026-06-28T08:01:41.553+0000] {processor.py:183} INFO - Processing /home/airflow/.local/lib/python3.12/site-packages/airflow/example_dags/tutorial_objectstorage.py took 0.241 seconds
[2026-06-28T08:02:11.933+0000] {processor.py:161} INFO - Started process (PID=1629) to work on /home/airflow/.local/lib/python3.12/site-packages/airflow/example_dags/tutorial_objectstorage.py
[2026-06-28T08:02:11.934+0000] {processor.py:830} INFO - Processing file /home/airflow/.local/lib/python3.12/site-packages/airflow/example_dags/tutorial_objectstorage.py for tasks to queue
[2026-06-28T08:02:11.936+0000] {logging_mixin.py:188} INFO - [2026-06-28T08:02:11.936+0000] {dagbag.py:545} INFO - Filling up the DagBag from /home/airflow/.local/lib/python3.12/site-packages/airflow/example_dags/tutorial_objectstorage.py
[2026-06-28T08:02:11.945+0000] {processor.py:840} INFO - DAG(s) 'tutorial_objectstorage' retrieved from /home/airflow/.local/lib/python3.12/site-packages/airflow/example_dags/tutorial_objectstorage.py
[2026-06-28T08:02:11.999+0000] {logging_mixin.py:188} INFO - [2026-06-28T08:02:11.999+0000] {dag.py:3096} INFO - Sync 1 DAGs
[2026-06-28T08:02:12.029+0000] {logging_mixin.py:188} INFO - [2026-06-28T08:02:12.029+0000] {dag.py:3954} INFO - Setting next_dagrun for tutorial_objectstorage to None, run_after=None
[2026-06-28T08:02:12.051+0000] {processor.py:183} INFO - Processing /home/airflow/.local/lib/python3.12/site-packages/airflow/example_dags/tutorial_objectstorage.py took 0.126 seconds
[2026-06-28T08:02:42.289+0000] {processor.py:161} INFO - Started process (PID=1688) to work on /home/airflow/.local/lib/python3.12/site-packages/airflow/example_dags/tutorial_objectstorage.py
[2026-06-28T08:02:42.290+0000] {processor.py:830} INFO - Processing file /home/airflow/.local/lib/python3.12/site-packages/airflow/example_dags/tutorial_objectstorage.py for tasks to queue
[2026-06-28T08:02:42.293+0000] {logging_mixin.py:188} INFO - [2026-06-28T08:02:42.292+0000] {dagbag.py:545} INFO - Filling up the DagBag from /home/airflow/.local/lib/python3.12/site-packages/airflow/example_dags/tutorial_objectstorage.py
[2026-06-28T08:02:42.301+0000] {processor.py:840} INFO - DAG(s) 'tutorial_objectstorage' retrieved from /home/airflow/.local/lib/python3.12/site-packages/airflow/example_dags/tutorial_objectstorage.py
[2026-06-28T08:02:42.323+0000] {logging_mixin.py:188} INFO - [2026-06-28T08:02:42.322+0000] {dag.py:3096} INFO - Sync 1 DAGs
[2026-06-28T08:02:42.340+0000] {logging_mixin.py:188} INFO - [2026-06-28T08:02:42.340+0000] {dag.py:3954} INFO - Setting next_dagrun for tutorial_objectstorage to None, run_after=None
[2026-06-28T08:02:42.362+0000] {processor.py:183} INFO - Processing /home/airflow/.local/lib/python3.12/site-packages/airflow/example_dags/tutorial_objectstorage.py took 0.080 seconds
[2026-06-28T08:03:12.804+0000] {processor.py:161} INFO - Started process (PID=1747) to work on /home/airflow/.local/lib/python3.12/site-packages/airflow/example_dags/tutorial_objectstorage.py
[2026-06-28T08:03:12.805+0000] {processor.py:830} INFO - Processing file /home/airflow/.local/lib/python3.12/site-packages/airflow/example_dags/tutorial_objectstorage.py for tasks to queue
[2026-06-28T08:03:12.807+0000] {logging_mixin.py:188} INFO - [2026-06-28T08:03:12.807+0000] {dagbag.py:545} INFO - Filling up the DagBag from /home/airflow/.local/lib/python3.12/site-packages/airflow/example_dags/tutorial_objectstorage.py
[2026-06-28T08:03:12.839+0000] {processor.py:840} INFO - DAG(s) 'tutorial_objectstorage' retrieved from /home/airflow/.local/lib/python3.12/site-packages/airflow/example_dags/tutorial_objectstorage.py
[2026-06-28T08:03:12.889+0000] {logging_mixin.py:188} INFO - [2026-06-28T08:03:12.889+0000] {dag.py:3096} INFO - Sync 1 DAGs
[2026-06-28T08:03:12.906+0000] {logging_mixin.py:188} INFO - [2026-06-28T08:03:12.906+0000] {dag.py:3954} INFO - Setting next_dagrun for tutorial_objectstorage to None, run_after=None
[2026-06-28T08:03:12.944+0000] {processor.py:183} INFO - Processing /home/airflow/.local/lib/python3.12/site-packages/airflow/example_dags/tutorial_objectstorage.py took 0.151 seconds
[2026-06-28T08:03:43.169+0000] {processor.py:161} INFO - Started process (PID=1806) to work on /home/airflow/.local/lib/python3.12/site-packages/airflow/example_dags/tutorial_objectstorage.py
[2026-06-28T08:03:43.172+0000] {processor.py:830} INFO - Processing file /home/airflow/.local/lib/python3.12/site-packages/airflow/example_dags/tutorial_objectstorage.py for tasks to queue
[2026-06-28T08:03:43.176+0000] {logging_mixin.py:188} INFO - [2026-06-28T08:03:43.176+0000] {dagbag.py:545} INFO - Filling up the DagBag from /home/airflow/.local/lib/python3.12/site-packages/airflow/example_dags/tutorial_objectstorage.py
[2026-06-28T08:03:43.198+0000] {processor.py:840} INFO - DAG(s) 'tutorial_objectstorage' retrieved from /home/airflow/.local/lib/python3.12/site-packages/airflow/example_dags/tutorial_objectstorage.py
[2026-06-28T08:03:43.237+0000] {logging_mixin.py:188} INFO - [2026-06-28T08:03:43.237+0000] {dag.py:3096} INFO - Sync 1 DAGs
[2026-06-28T08:03:43.261+0000] {logging_mixin.py:188} INFO - [2026-06-28T08:03:43.260+0000] {dag.py:3954} INFO - Setting next_dagrun for tutorial_objectstorage to None, run_after=None
[2026-06-28T08:03:43.324+0000] {processor.py:183} INFO - Processing /home/airflow/.local/lib/python3.12/site-packages/airflow/example_dags/tutorial_objectstorage.py took 0.171 seconds
[2026-06-28T08:04:13.852+0000] {processor.py:161} INFO - Started process (PID=1865) to work on /home/airflow/.local/lib/python3.12/site-packages/airflow/example_dags/tutorial_objectstorage.py
[2026-06-28T08:04:13.855+0000] {processor.py:830} INFO - Processing file /home/airflow/.local/lib/python3.12/site-packages/airflow/example_dags/tutorial_objectstorage.py for tasks to queue
[2026-06-28T08:04:13.857+0000] {logging_mixin.py:188} INFO - [2026-06-28T08:04:13.857+0000] {dagbag.py:545} INFO - Filling up the DagBag from /home/airflow/.local/lib/python3.12/site-packages/airflow/example_dags/tutorial_objectstorage.py
[2026-06-28T08:04:13.877+0000] {processor.py:840} INFO - DAG(s) 'tutorial_objectstorage' retrieved from /home/airflow/.local/lib/python3.12/site-packages/airflow/example_dags/tutorial_objectstorage.py
[2026-06-28T08:04:13.904+0000] {logging_mixin.py:188} INFO - [2026-06-28T08:04:13.904+0000] {dag.py:3096} INFO - Sync 1 DAGs
[2026-06-28T08:04:13.922+0000] {logging_mixin.py:188} INFO - [2026-06-28T08:04:13.921+0000] {dag.py:3954} INFO - Setting next_dagrun for tutorial_objectstorage to None, run_after=None
[2026-06-28T08:04:13.942+0000] {processor.py:183} INFO - Processing /home/airflow/.local/lib/python3.12/site-packages/airflow/example_dags/tutorial_objectstorage.py took 0.120 seconds
[2026-06-28T08:04:44.266+0000] {processor.py:161} INFO - Started process (PID=1924) to work on /home/airflow/.local/lib/python3.12/site-packages/airflow/example_dags/tutorial_objectstorage.py
[2026-06-28T08:04:44.267+0000] {processor.py:830} INFO - Processing file /home/airflow/.local/lib/python3.12/site-packages/airflow/example_dags/tutorial_objectstorage.py for tasks to queue
[2026-06-28T08:04:44.269+0000] {logging_mixin.py:188} INFO - [2026-06-28T08:04:44.269+0000] {dagbag.py:545} INFO - Filling up the DagBag from /home/airflow/.local/lib/python3.12/site-packages/airflow/example_dags/tutorial_objectstorage.py
[2026-06-28T08:04:44.280+0000] {processor.py:840} INFO - DAG(s) 'tutorial_objectstorage' retrieved from /home/airflow/.local/lib/python3.12/site-packages/airflow/example_dags/tutorial_objectstorage.py
[2026-06-28T08:04:44.309+0000] {logging_mixin.py:188} INFO - [2026-06-28T08:04:44.309+0000] {dag.py:3096} INFO - Sync 1 DAGs
[2026-06-28T08:04:44.325+0000] {logging_mixin.py:188} INFO - [2026-06-28T08:04:44.325+0000] {dag.py:3954} INFO - Setting next_dagrun for tutorial_objectstorage to None, run_after=None
[2026-06-28T08:04:44.346+0000] {processor.py:183} INFO - Processing /home/airflow/.local/lib/python3.12/site-packages/airflow/example_dags/tutorial_objectstorage.py took 0.088 seconds
[2026-06-28T08:05:14.442+0000] {processor.py:161} INFO - Started process (PID=1982) to work on /home/airflow/.local/lib/python3.12/site-packages/airflow/example_dags/tutorial_objectstorage.py
[2026-06-28T08:05:14.443+0000] {processor.py:830} INFO - Processing file /home/airflow/.local/lib/python3.12/site-packages/airflow/example_dags/tutorial_objectstorage.py for tasks to queue
[2026-06-28T08:05:14.445+0000] {logging_mixin.py:188} INFO - [2026-06-28T08:05:14.445+0000] {dagbag.py:545} INFO - Filling up the DagBag from /home/airflow/.local/lib/python3.12/site-packages/airflow/example_dags/tutorial_objectstorage.py
[2026-06-28T08:05:14.453+0000] {processor.py:840} INFO - DAG(s) 'tutorial_objectstorage' retrieved from /home/airflow/.local/lib/python3.12/site-packages/airflow/example_dags/tutorial_objectstorage.py
[2026-06-28T08:05:14.499+0000] {logging_mixin.py:188} INFO - [2026-06-28T08:05:14.498+0000] {dag.py:3096} INFO - Sync 1 DAGs
[2026-06-28T08:05:14.520+0000] {logging_mixin.py:188} INFO - [2026-06-28T08:05:14.520+0000] {dag.py:3954} INFO - Setting next_dagrun for tutorial_objectstorage to None, run_after=None
[2026-06-28T08:05:14.541+0000] {processor.py:183} INFO - Processing /home/airflow/.local/lib/python3.12/site-packages/airflow/example_dags/tutorial_objectstorage.py took 0.106 seconds
[2026-06-28T08:05:45.203+0000] {processor.py:161} INFO - Started process (PID=2041) to work on /home/airflow/.local/lib/python3.12/site-packages/airflow/example_dags/tutorial_objectstorage.py
[2026-06-28T08:05:45.204+0000] {processor.py:830} INFO - Processing file /home/airflow/.local/lib/python3.12/site-packages/airflow/example_dags/tutorial_objectstorage.py for tasks to queue
[2026-06-28T08:05:45.206+0000] {logging_mixin.py:188} INFO - [2026-06-28T08:05:45.205+0000] {dagbag.py:545} INFO - Filling up the DagBag from /home/airflow/.local/lib/python3.12/site-packages/airflow/example_dags/tutorial_objectstorage.py
[2026-06-28T08:05:45.213+0000] {processor.py:840} INFO - DAG(s) 'tutorial_objectstorage' retrieved from /home/airflow/.local/lib/python3.12/site-packages/airflow/example_dags/tutorial_objectstorage.py
[2026-06-28T08:05:45.235+0000] {logging_mixin.py:188} INFO - [2026-06-28T08:05:45.235+0000] {dag.py:3096} INFO - Sync 1 DAGs
[2026-06-28T08:05:45.252+0000] {logging_mixin.py:188} INFO - [2026-06-28T08:05:45.252+0000] {dag.py:3954} INFO - Setting next_dagrun for tutorial_objectstorage to None, run_after=None
[2026-06-28T08:05:45.272+0000] {processor.py:183} INFO - Processing /home/airflow/.local/lib/python3.12/site-packages/airflow/example_dags/tutorial_objectstorage.py took 0.077 seconds
[2026-06-28T08:06:15.455+0000] {processor.py:161} INFO - Started process (PID=2100) to work on /home/airflow/.local/lib/python3.12/site-packages/airflow/example_dags/tutorial_objectstorage.py
[2026-06-28T08:06:15.456+0000] {processor.py:830} INFO - Processing file /home/airflow/.local/lib/python3.12/site-packages/airflow/example_dags/tutorial_objectstorage.py for tasks to queue
[2026-06-28T08:06:15.458+0000] {logging_mixin.py:188} INFO - [2026-06-28T08:06:15.457+0000] {dagbag.py:545} INFO - Filling up the DagBag from /home/airflow/.local/lib/python3.12/site-packages/airflow/example_dags/tutorial_objectstorage.py
[2026-06-28T08:06:15.466+0000] {processor.py:840} INFO - DAG(s) 'tutorial_objectstorage' retrieved from /home/airflow/.local/lib/python3.12/site-packages/airflow/example_dags/tutorial_objectstorage.py
[2026-06-28T08:06:15.488+0000] {logging_mixin.py:188} INFO - [2026-06-28T08:06:15.487+0000] {dag.py:3096} INFO - Sync 1 DAGs
[2026-06-28T08:06:15.504+0000] {logging_mixin.py:188} INFO - [2026-06-28T08:06:15.503+0000] {dag.py:3954} INFO - Setting next_dagrun for tutorial_objectstorage to None, run_after=None
[2026-06-28T08:06:15.524+0000] {processor.py:183} INFO - Processing /home/airflow/.local/lib/python3.12/site-packages/airflow/example_dags/tutorial_objectstorage.py took 0.076 seconds
[2026-06-28T08:06:45.975+0000] {processor.py:161} INFO - Started process (PID=2160) to work on /home/airflow/.local/lib/python3.12/site-packages/airflow/example_dags/tutorial_objectstorage.py
[2026-06-28T08:06:45.976+0000] {processor.py:830} INFO - Processing file /home/airflow/.local/lib/python3.12/site-packages/airflow/example_dags/tutorial_objectstorage.py for tasks to queue
[2026-06-28T08:06:45.978+0000] {logging_mixin.py:188} INFO - [2026-06-28T08:06:45.977+0000] {dagbag.py:545} INFO - Filling up the DagBag from /home/airflow/.local/lib/python3.12/site-packages/airflow/example_dags/tutorial_objectstorage.py
[2026-06-28T08:06:45.986+0000] {processor.py:840} INFO - DAG(s) 'tutorial_objectstorage' retrieved from /home/airflow/.local/lib/python3.12/site-packages/airflow/example_dags/tutorial_objectstorage.py
[2026-06-28T08:06:46.010+0000] {logging_mixin.py:188} INFO - [2026-06-28T08:06:46.010+0000] {dag.py:3096} INFO - Sync 1 DAGs
[2026-06-28T08:06:46.029+0000] {logging_mixin.py:188} INFO - [2026-06-28T08:06:46.029+0000] {dag.py:3954} INFO - Setting next_dagrun for tutorial_objectstorage to None, run_after=None
[2026-06-28T08:06:46.050+0000] {processor.py:183} INFO - Processing /home/airflow/.local/lib/python3.12/site-packages/airflow/example_dags/tutorial_objectstorage.py took 0.083 seconds
[2026-06-28T08:07:16.652+0000] {processor.py:161} INFO - Started process (PID=2219) to work on /home/airflow/.local/lib/python3.12/site-packages/airflow/example_dags/tutorial_objectstorage.py
[2026-06-28T08:07:16.652+0000] {processor.py:830} INFO - Processing file /home/airflow/.local/lib/python3.12/site-packages/airflow/example_dags/tutorial_objectstorage.py for tasks to queue
[2026-06-28T08:07:16.654+0000] {logging_mixin.py:188} INFO - [2026-06-28T08:07:16.654+0000] {dagbag.py:545} INFO - Filling up the DagBag from /home/airflow/.local/lib/python3.12/site-packages/airflow/example_dags/tutorial_objectstorage.py
[2026-06-28T08:07:16.662+0000] {processor.py:840} INFO - DAG(s) 'tutorial_objectstorage' retrieved from /home/airflow/.local/lib/python3.12/site-packages/airflow/example_dags/tutorial_objectstorage.py
[2026-06-28T08:07:16.686+0000] {logging_mixin.py:188} INFO - [2026-06-28T08:07:16.685+0000] {dag.py:3096} INFO - Sync 1 DAGs
[2026-06-28T08:07:16.702+0000] {logging_mixin.py:188} INFO - [2026-06-28T08:07:16.702+0000] {dag.py:3954} INFO - Setting next_dagrun for tutorial_objectstorage to None, run_after=None
[2026-06-28T08:07:16.724+0000] {processor.py:183} INFO - Processing /home/airflow/.local/lib/python3.12/site-packages/airflow/example_dags/tutorial_objectstorage.py took 0.079 seconds
[2026-06-28T08:07:47.277+0000] {processor.py:161} INFO - Started process (PID=2278) to work on /home/airflow/.local/lib/python3.12/site-packages/airflow/example_dags/tutorial_objectstorage.py
[2026-06-28T08:07:47.278+0000] {processor.py:830} INFO - Processing file /home/airflow/.local/lib/python3.12/site-packages/airflow/example_dags/tutorial_objectstorage.py for tasks to queue
[2026-06-28T08:07:47.279+0000] {logging_mixin.py:188} INFO - [2026-06-28T08:07:47.279+0000] {dagbag.py:545} INFO - Filling up the DagBag from /home/airflow/.local/lib/python3.12/site-packages/airflow/example_dags/tutorial_objectstorage.py
[2026-06-28T08:07:47.287+0000] {processor.py:840} INFO - DAG(s) 'tutorial_objectstorage' retrieved from /home/airflow/.local/lib/python3.12/site-packages/airflow/example_dags/tutorial_objectstorage.py
[2026-06-28T08:07:47.308+0000] {logging_mixin.py:188} INFO - [2026-06-28T08:07:47.308+0000] {dag.py:3096} INFO - Sync 1 DAGs
[2026-06-28T08:07:47.324+0000] {logging_mixin.py:188} INFO - [2026-06-28T08:07:47.324+0000] {dag.py:3954} INFO - Setting next_dagrun for tutorial_objectstorage to None, run_after=None
[2026-06-28T08:07:47.346+0000] {processor.py:183} INFO - Processing /home/airflow/.local/lib/python3.12/site-packages/airflow/example_dags/tutorial_objectstorage.py took 0.076 seconds
[2026-06-28T08:08:17.627+0000] {processor.py:161} INFO - Started process (PID=2337) to work on /home/airflow/.local/lib/python3.12/site-packages/airflow/example_dags/tutorial_objectstorage.py
[2026-06-28T08:08:17.628+0000] {processor.py:830} INFO - Processing file /home/airflow/.local/lib/python3.12/site-packages/airflow/example_dags/tutorial_objectstorage.py for tasks to queue
[2026-06-28T08:08:17.630+0000] {logging_mixin.py:188} INFO - [2026-06-28T08:08:17.630+0000] {dagbag.py:545} INFO - Filling up the DagBag from /home/airflow/.local/lib/python3.12/site-packages/airflow/example_dags/tutorial_objectstorage.py
[2026-06-28T08:08:17.638+0000] {processor.py:840} INFO - DAG(s) 'tutorial_objectstorage' retrieved from /home/airflow/.local/lib/python3.12/site-packages/airflow/example_dags/tutorial_objectstorage.py
[2026-06-28T08:08:17.661+0000] {logging_mixin.py:188} INFO - [2026-06-28T08:08:17.660+0000] {dag.py:3096} INFO - Sync 1 DAGs
[2026-06-28T08:08:17.679+0000] {logging_mixin.py:188} INFO - [2026-06-28T08:08:17.677+0000] {dag.py:3954} INFO - Setting next_dagrun for tutorial_objectstorage to None, run_after=None
[2026-06-28T08:08:17.701+0000] {processor.py:183} INFO - Processing /home/airflow/.local/lib/python3.12/site-packages/airflow/example_dags/tutorial_objectstorage.py took 0.081 seconds
[2026-06-28T08:08:48.093+0000] {processor.py:161} INFO - Started process (PID=2396) to work on /home/airflow/.local/lib/python3.12/site-packages/airflow/example_dags/tutorial_objectstorage.py
[2026-06-28T08:08:48.094+0000] {processor.py:830} INFO - Processing file /home/airflow/.local/lib/python3.12/site-packages/airflow/example_dags/tutorial_objectstorage.py for tasks to queue
[2026-06-28T08:08:48.096+0000] {logging_mixin.py:188} INFO - [2026-06-28T08:08:48.096+0000] {dagbag.py:545} INFO - Filling up the DagBag from /home/airflow/.local/lib/python3.12/site-packages/airflow/example_dags/tutorial_objectstorage.py
[2026-06-28T08:08:48.105+0000] {processor.py:840} INFO - DAG(s) 'tutorial_objectstorage' retrieved from /home/airflow/.local/lib/python3.12/site-packages/airflow/example_dags/tutorial_objectstorage.py
[2026-06-28T08:08:48.127+0000] {logging_mixin.py:188} INFO - [2026-06-28T08:08:48.127+0000] {dag.py:3096} INFO - Sync 1 DAGs
[2026-06-28T08:08:48.143+0000] {logging_mixin.py:188} INFO - [2026-06-28T08:08:48.143+0000] {dag.py:3954} INFO - Setting next_dagrun for tutorial_objectstorage to None, run_after=None
[2026-06-28T08:08:48.164+0000] {processor.py:183} INFO - Processing /home/airflow/.local/lib/python3.12/site-packages/airflow/example_dags/tutorial_objectstorage.py took 0.079 seconds
[2026-06-28T08:09:18.493+0000] {processor.py:161} INFO - Started process (PID=2455) to work on /home/airflow/.local/lib/python3.12/site-packages/airflow/example_dags/tutorial_objectstorage.py
[2026-06-28T08:09:18.494+0000] {processor.py:830} INFO - Processing file /home/airflow/.local/lib/python3.12/site-packages/airflow/example_dags/tutorial_objectstorage.py for tasks to queue
[2026-06-28T08:09:18.495+0000] {logging_mixin.py:188} INFO - [2026-06-28T08:09:18.495+0000] {dagbag.py:545} INFO - Filling up the DagBag from /home/airflow/.local/lib/python3.12/site-packages/airflow/example_dags/tutorial_objectstorage.py
[2026-06-28T08:09:18.503+0000] {processor.py:840} INFO - DAG(s) 'tutorial_objectstorage' retrieved from /home/airflow/.local/lib/python3.12/site-packages/airflow/example_dags/tutorial_objectstorage.py
[2026-06-28T08:09:18.525+0000] {logging_mixin.py:188} INFO - [2026-06-28T08:09:18.525+0000] {dag.py:3096} INFO - Sync 1 DAGs
[2026-06-28T08:09:18.542+0000] {logging_mixin.py:188} INFO - [2026-06-28T08:09:18.542+0000] {dag.py:3954} INFO - Setting next_dagrun for tutorial_objectstorage to None, run_after=None
[2026-06-28T08:09:18.562+0000] {processor.py:183} INFO - Processing /home/airflow/.local/lib/python3.12/site-packages/airflow/example_dags/tutorial_objectstorage.py took 0.077 seconds
[2026-06-28T08:09:48.899+0000] {processor.py:161} INFO - Started process (PID=2514) to work on /home/airflow/.local/lib/python3.12/site-packages/airflow/example_dags/tutorial_objectstorage.py
[2026-06-28T08:09:48.899+0000] {processor.py:830} INFO - Processing file /home/airflow/.local/lib/python3.12/site-packages/airflow/example_dags/tutorial_objectstorage.py for tasks to queue
[2026-06-28T08:09:48.901+0000] {logging_mixin.py:188} INFO - [2026-06-28T08:09:48.901+0000] {dagbag.py:545} INFO - Filling up the DagBag from /home/airflow/.local/lib/python3.12/site-packages/airflow/example_dags/tutorial_objectstorage.py
[2026-06-28T08:09:48.909+0000] {processor.py:840} INFO - DAG(s) 'tutorial_objectstorage' retrieved from /home/airflow/.local/lib/python3.12/site-packages/airflow/example_dags/tutorial_objectstorage.py
[2026-06-28T08:09:48.930+0000] {logging_mixin.py:188} INFO - [2026-06-28T08:09:48.930+0000] {dag.py:3096} INFO - Sync 1 DAGs
[2026-06-28T08:09:48.947+0000] {logging_mixin.py:188} INFO - [2026-06-28T08:09:48.946+0000] {dag.py:3954} INFO - Setting next_dagrun for tutorial_objectstorage to None, run_after=None
[2026-06-28T08:09:48.968+0000] {processor.py:183} INFO - Processing /home/airflow/.local/lib/python3.12/site-packages/airflow/example_dags/tutorial_objectstorage.py took 0.076 seconds
[2026-06-28T08:10:19.262+0000] {processor.py:161} INFO - Started process (PID=2573) to work on /home/airflow/.local/lib/python3.12/site-packages/airflow/example_dags/tutorial_objectstorage.py
[2026-06-28T08:10:19.263+0000] {processor.py:830} INFO - Processing file /home/airflow/.local/lib/python3.12/site-packages/airflow/example_dags/tutorial_objectstorage.py for tasks to queue
[2026-06-28T08:10:19.265+0000] {logging_mixin.py:188} INFO - [2026-06-28T08:10:19.264+0000] {dagbag.py:545} INFO - Filling up the DagBag from /home/airflow/.local/lib/python3.12/site-packages/airflow/example_dags/tutorial_objectstorage.py
[2026-06-28T08:10:19.271+0000] {processor.py:840} INFO - DAG(s) 'tutorial_objectstorage' retrieved from /home/airflow/.local/lib/python3.12/site-packages/airflow/example_dags/tutorial_objectstorage.py
[2026-06-28T08:10:19.289+0000] {logging_mixin.py:188} INFO - [2026-06-28T08:10:19.289+0000] {dag.py:3096} INFO - Sync 1 DAGs
[2026-06-28T08:10:19.300+0000] {logging_mixin.py:188} INFO - [2026-06-28T08:10:19.300+0000] {dag.py:3954} INFO - Setting next_dagrun for tutorial_objectstorage to None, run_after=None
[2026-06-28T08:10:19.319+0000] {processor.py:183} INFO - Processing /home/airflow/.local/lib/python3.12/site-packages/airflow/example_dags/tutorial_objectstorage.py took 0.062 seconds
[2026-06-28T08:10:49.702+0000] {processor.py:161} INFO - Started process (PID=2632) to work on /home/airflow/.local/lib/python3.12/site-packages/airflow/example_dags/tutorial_objectstorage.py
[2026-06-28T08:10:49.704+0000] {processor.py:830} INFO - Processing file /home/airflow/.local/lib/python3.12/site-packages/airflow/example_dags/tutorial_objectstorage.py for tasks to queue
[2026-06-28T08:10:49.707+0000] {logging_mixin.py:188} INFO - [2026-06-28T08:10:49.705+0000] {dagbag.py:545} INFO - Filling up the DagBag from /home/airflow/.local/lib/python3.12/site-packages/airflow/example_dags/tutorial_objectstorage.py
[2026-06-28T08:10:49.715+0000] {processor.py:840} INFO - DAG(s) 'tutorial_objectstorage' retrieved from /home/airflow/.local/lib/python3.12/site-packages/airflow/example_dags/tutorial_objectstorage.py
[2026-06-28T08:10:49.737+0000] {logging_mixin.py:188} INFO - [2026-06-28T08:10:49.737+0000] {dag.py:3096} INFO - Sync 1 DAGs
[2026-06-28T08:10:49.754+0000] {logging_mixin.py:188} INFO - [2026-06-28T08:10:49.754+0000] {dag.py:3954} INFO - Setting next_dagrun for tutorial_objectstorage to None, run_after=None
[2026-06-28T08:10:49.789+0000] {processor.py:183} INFO - Processing /home/airflow/.local/lib/python3.12/site-packages/airflow/example_dags/tutorial_objectstorage.py took 0.094 seconds
[2026-06-28T08:11:20.147+0000] {processor.py:161} INFO - Started process (PID=2691) to work on /home/airflow/.local/lib/python3.12/site-packages/airflow/example_dags/tutorial_objectstorage.py
[2026-06-28T08:11:20.148+0000] {processor.py:830} INFO - Processing file /home/airflow/.local/lib/python3.12/site-packages/airflow/example_dags/tutorial_objectstorage.py for tasks to queue
[2026-06-28T08:11:20.150+0000] {logging_mixin.py:188} INFO - [2026-06-28T08:11:20.150+0000] {dagbag.py:545} INFO - Filling up the DagBag from /home/airflow/.local/lib/python3.12/site-packages/airflow/example_dags/tutorial_objectstorage.py
[2026-06-28T08:11:20.159+0000] {processor.py:840} INFO - DAG(s) 'tutorial_objectstorage' retrieved from /home/airflow/.local/lib/python3.12/site-packages/airflow/example_dags/tutorial_objectstorage.py
[2026-06-28T08:11:20.183+0000] {logging_mixin.py:188} INFO - [2026-06-28T08:11:20.182+0000] {dag.py:3096} INFO - Sync 1 DAGs
[2026-06-28T08:11:20.199+0000] {logging_mixin.py:188} INFO - [2026-06-28T08:11:20.198+0000] {dag.py:3954} INFO - Setting next_dagrun for tutorial_objectstorage to None, run_after=None
[2026-06-28T08:11:20.219+0000] {processor.py:183} INFO - Processing /home/airflow/.local/lib/python3.12/site-packages/airflow/example_dags/tutorial_objectstorage.py took 0.078 seconds
[2026-06-28T08:11:50.871+0000] {processor.py:161} INFO - Started process (PID=2750) to work on /home/airflow/.local/lib/python3.12/site-packages/airflow/example_dags/tutorial_objectstorage.py
[2026-06-28T08:11:50.876+0000] {processor.py:830} INFO - Processing file /home/airflow/.local/lib/python3.12/site-packages/airflow/example_dags/tutorial_objectstorage.py for tasks to queue
[2026-06-28T08:11:50.879+0000] {logging_mixin.py:188} INFO - [2026-06-28T08:11:50.878+0000] {dagbag.py:545} INFO - Filling up the DagBag from /home/airflow/.local/lib/python3.12/site-packages/airflow/example_dags/tutorial_objectstorage.py
[2026-06-28T08:11:50.887+0000] {processor.py:840} INFO - DAG(s) 'tutorial_objectstorage' retrieved from /home/airflow/.local/lib/python3.12/site-packages/airflow/example_dags/tutorial_objectstorage.py
[2026-06-28T08:11:50.932+0000] {logging_mixin.py:188} INFO - [2026-06-28T08:11:50.931+0000] {dag.py:3096} INFO - Sync 1 DAGs
[2026-06-28T08:11:50.975+0000] {logging_mixin.py:188} INFO - [2026-06-28T08:11:50.975+0000] {dag.py:3954} INFO - Setting next_dagrun for tutorial_objectstorage to None, run_after=None
[2026-06-28T08:11:51.037+0000] {processor.py:183} INFO - Processing /home/airflow/.local/lib/python3.12/site-packages/airflow/example_dags/tutorial_objectstorage.py took 0.187 seconds
[2026-06-28T08:12:21.338+0000] {processor.py:161} INFO - Started process (PID=2809) to work on /home/airflow/.local/lib/python3.12/site-packages/airflow/example_dags/tutorial_objectstorage.py
[2026-06-28T08:12:21.339+0000] {processor.py:830} INFO - Processing file /home/airflow/.local/lib/python3.12/site-packages/airflow/example_dags/tutorial_objectstorage.py for tasks to queue
[2026-06-28T08:12:21.341+0000] {logging_mixin.py:188} INFO - [2026-06-28T08:12:21.341+0000] {dagbag.py:545} INFO - Filling up the DagBag from /home/airflow/.local/lib/python3.12/site-packages/airflow/example_dags/tutorial_objectstorage.py
[2026-06-28T08:12:21.349+0000] {processor.py:840} INFO - DAG(s) 'tutorial_objectstorage' retrieved from /home/airflow/.local/lib/python3.12/site-packages/airflow/example_dags/tutorial_objectstorage.py
[2026-06-28T08:12:21.372+0000] {logging_mixin.py:188} INFO - [2026-06-28T08:12:21.372+0000] {dag.py:3096} INFO - Sync 1 DAGs
[2026-06-28T08:12:21.389+0000] {logging_mixin.py:188} INFO - [2026-06-28T08:12:21.389+0000] {dag.py:3954} INFO - Setting next_dagrun for tutorial_objectstorage to None, run_after=None
[2026-06-28T08:12:21.411+0000] {processor.py:183} INFO - Processing /home/airflow/.local/lib/python3.12/site-packages/airflow/example_dags/tutorial_objectstorage.py took 0.080 seconds
[2026-06-28T08:12:52.147+0000] {processor.py:161} INFO - Started process (PID=2868) to work on /home/airflow/.local/lib/python3.12/site-packages/airflow/example_dags/tutorial_objectstorage.py
[2026-06-28T08:12:52.148+0000] {processor.py:830} INFO - Processing file /home/airflow/.local/lib/python3.12/site-packages/airflow/example_dags/tutorial_objectstorage.py for tasks to queue
[2026-06-28T08:12:52.150+0000] {logging_mixin.py:188} INFO - [2026-06-28T08:12:52.150+0000] {dagbag.py:545} INFO - Filling up the DagBag from /home/airflow/.local/lib/python3.12/site-packages/airflow/example_dags/tutorial_objectstorage.py
[2026-06-28T08:12:52.158+0000] {processor.py:840} INFO - DAG(s) 'tutorial_objectstorage' retrieved from /home/airflow/.local/lib/python3.12/site-packages/airflow/example_dags/tutorial_objectstorage.py
[2026-06-28T08:12:52.180+0000] {logging_mixin.py:188} INFO - [2026-06-28T08:12:52.180+0000] {dag.py:3096} INFO - Sync 1 DAGs
[2026-06-28T08:12:52.197+0000] {logging_mixin.py:188} INFO - [2026-06-28T08:12:52.196+0000] {dag.py:3954} INFO - Setting next_dagrun for tutorial_objectstorage to None, run_after=None
[2026-06-28T08:12:52.222+0000] {processor.py:183} INFO - Processing /home/airflow/.local/lib/python3.12/site-packages/airflow/example_dags/tutorial_objectstorage.py took 0.082 seconds
[2026-06-28T08:13:22.979+0000] {processor.py:161} INFO - Started process (PID=2926) to work on /home/airflow/.local/lib/python3.12/site-packages/airflow/example_dags/tutorial_objectstorage.py
[2026-06-28T08:13:22.983+0000] {processor.py:830} INFO - Processing file /home/airflow/.local/lib/python3.12/site-packages/airflow/example_dags/tutorial_objectstorage.py for tasks to queue
[2026-06-28T08:13:22.988+0000] {logging_mixin.py:188} INFO - [2026-06-28T08:13:22.988+0000] {dagbag.py:545} INFO - Filling up the DagBag from /home/airflow/.local/lib/python3.12/site-packages/airflow/example_dags/tutorial_objectstorage.py
[2026-06-28T08:13:23.005+0000] {processor.py:840} INFO - DAG(s) 'tutorial_objectstorage' retrieved from /home/airflow/.local/lib/python3.12/site-packages/airflow/example_dags/tutorial_objectstorage.py
[2026-06-28T08:13:23.042+0000] {logging_mixin.py:188} INFO - [2026-06-28T08:13:23.042+0000] {dag.py:3096} INFO - Sync 1 DAGs
[2026-06-28T08:13:23.059+0000] {logging_mixin.py:188} INFO - [2026-06-28T08:13:23.059+0000] {dag.py:3954} INFO - Setting next_dagrun for tutorial_objectstorage to None, run_after=None
[2026-06-28T08:13:23.079+0000] {processor.py:183} INFO - Processing /home/airflow/.local/lib/python3.12/site-packages/airflow/example_dags/tutorial_objectstorage.py took 0.114 seconds
[2026-06-28T08:13:53.301+0000] {processor.py:161} INFO - Started process (PID=2985) to work on /home/airflow/.local/lib/python3.12/site-packages/airflow/example_dags/tutorial_objectstorage.py
[2026-06-28T08:13:53.302+0000] {processor.py:830} INFO - Processing file /home/airflow/.local/lib/python3.12/site-packages/airflow/example_dags/tutorial_objectstorage.py for tasks to queue
[2026-06-28T08:13:53.304+0000] {logging_mixin.py:188} INFO - [2026-06-28T08:13:53.303+0000] {dagbag.py:545} INFO - Filling up the DagBag from /home/airflow/.local/lib/python3.12/site-packages/airflow/example_dags/tutorial_objectstorage.py
[2026-06-28T08:13:53.312+0000] {processor.py:840} INFO - DAG(s) 'tutorial_objectstorage' retrieved from /home/airflow/.local/lib/python3.12/site-packages/airflow/example_dags/tutorial_objectstorage.py
[2026-06-28T08:13:53.337+0000] {logging_mixin.py:188} INFO - [2026-06-28T08:13:53.336+0000] {dag.py:3096} INFO - Sync 1 DAGs
[2026-06-28T08:13:53.353+0000] {logging_mixin.py:188} INFO - [2026-06-28T08:13:53.353+0000] {dag.py:3954} INFO - Setting next_dagrun for tutorial_objectstorage to None, run_after=None
[2026-06-28T08:13:53.375+0000] {processor.py:183} INFO - Processing /home/airflow/.local/lib/python3.12/site-packages/airflow/example_dags/tutorial_objectstorage.py took 0.081 seconds
[2026-06-28T08:14:24.279+0000] {processor.py:161} INFO - Started process (PID=3043) to work on /home/airflow/.local/lib/python3.12/site-packages/airflow/example_dags/tutorial_objectstorage.py
[2026-06-28T08:14:24.280+0000] {processor.py:830} INFO - Processing file /home/airflow/.local/lib/python3.12/site-packages/airflow/example_dags/tutorial_objectstorage.py for tasks to queue
[2026-06-28T08:14:24.282+0000] {logging_mixin.py:188} INFO - [2026-06-28T08:14:24.282+0000] {dagbag.py:545} INFO - Filling up the DagBag from /home/airflow/.local/lib/python3.12/site-packages/airflow/example_dags/tutorial_objectstorage.py
[2026-06-28T08:14:24.290+0000] {processor.py:840} INFO - DAG(s) 'tutorial_objectstorage' retrieved from /home/airflow/.local/lib/python3.12/site-packages/airflow/example_dags/tutorial_objectstorage.py
[2026-06-28T08:14:24.314+0000] {logging_mixin.py:188} INFO - [2026-06-28T08:14:24.314+0000] {dag.py:3096} INFO - Sync 1 DAGs
[2026-06-28T08:14:24.330+0000] {logging_mixin.py:188} INFO - [2026-06-28T08:14:24.330+0000] {dag.py:3954} INFO - Setting next_dagrun for tutorial_objectstorage to None, run_after=None
[2026-06-28T08:14:24.349+0000] {processor.py:183} INFO - Processing /home/airflow/.local/lib/python3.12/site-packages/airflow/example_dags/tutorial_objectstorage.py took 0.078 seconds
[2026-06-28T08:14:54.682+0000] {processor.py:161} INFO - Started process (PID=3102) to work on /home/airflow/.local/lib/python3.12/site-packages/airflow/example_dags/tutorial_objectstorage.py
[2026-06-28T08:14:54.683+0000] {processor.py:830} INFO - Processing file /home/airflow/.local/lib/python3.12/site-packages/airflow/example_dags/tutorial_objectstorage.py for tasks to queue
[2026-06-28T08:14:54.685+0000] {logging_mixin.py:188} INFO - [2026-06-28T08:14:54.685+0000] {dagbag.py:545} INFO - Filling up the DagBag from /home/airflow/.local/lib/python3.12/site-packages/airflow/example_dags/tutorial_objectstorage.py
[2026-06-28T08:14:54.693+0000] {processor.py:840} INFO - DAG(s) 'tutorial_objectstorage' retrieved from /home/airflow/.local/lib/python3.12/site-packages/airflow/example_dags/tutorial_objectstorage.py
[2026-06-28T08:14:54.717+0000] {logging_mixin.py:188} INFO - [2026-06-28T08:14:54.717+0000] {dag.py:3096} INFO - Sync 1 DAGs
[2026-06-28T08:14:54.737+0000] {logging_mixin.py:188} INFO - [2026-06-28T08:14:54.733+0000] {dag.py:3954} INFO - Setting next_dagrun for tutorial_objectstorage to None, run_after=None
[2026-06-28T08:14:54.760+0000] {processor.py:183} INFO - Processing /home/airflow/.local/lib/python3.12/site-packages/airflow/example_dags/tutorial_objectstorage.py took 0.087 seconds
[2026-06-28T08:15:25.190+0000] {processor.py:161} INFO - Started process (PID=3161) to work on /home/airflow/.local/lib/python3.12/site-packages/airflow/example_dags/tutorial_objectstorage.py
[2026-06-28T08:15:25.191+0000] {processor.py:830} INFO - Processing file /home/airflow/.local/lib/python3.12/site-packages/airflow/example_dags/tutorial_objectstorage.py for tasks to queue
[2026-06-28T08:15:25.194+0000] {logging_mixin.py:188} INFO - [2026-06-28T08:15:25.193+0000] {dagbag.py:545} INFO - Filling up the DagBag from /home/airflow/.local/lib/python3.12/site-packages/airflow/example_dags/tutorial_objectstorage.py
[2026-06-28T08:15:25.201+0000] {processor.py:840} INFO - DAG(s) 'tutorial_objectstorage' retrieved from /home/airflow/.local/lib/python3.12/site-packages/airflow/example_dags/tutorial_objectstorage.py
[2026-06-28T08:15:25.224+0000] {logging_mixin.py:188} INFO - [2026-06-28T08:15:25.223+0000] {dag.py:3096} INFO - Sync 1 DAGs
[2026-06-28T08:15:25.240+0000] {logging_mixin.py:188} INFO - [2026-06-28T08:15:25.240+0000] {dag.py:3954} INFO - Setting next_dagrun for tutorial_objectstorage to None, run_after=None
[2026-06-28T08:15:25.260+0000] {processor.py:183} INFO - Processing /home/airflow/.local/lib/python3.12/site-packages/airflow/example_dags/tutorial_objectstorage.py took 0.077 seconds
[2026-06-28T08:15:55.711+0000] {processor.py:161} INFO - Started process (PID=3220) to work on /home/airflow/.local/lib/python3.12/site-packages/airflow/example_dags/tutorial_objectstorage.py
[2026-06-28T08:15:55.712+0000] {processor.py:830} INFO - Processing file /home/airflow/.local/lib/python3.12/site-packages/airflow/example_dags/tutorial_objectstorage.py for tasks to queue
[2026-06-28T08:15:55.714+0000] {logging_mixin.py:188} INFO - [2026-06-28T08:15:55.713+0000] {dagbag.py:545} INFO - Filling up the DagBag from /home/airflow/.local/lib/python3.12/site-packages/airflow/example_dags/tutorial_objectstorage.py
[2026-06-28T08:15:55.722+0000] {processor.py:840} INFO - DAG(s) 'tutorial_objectstorage' retrieved from /home/airflow/.local/lib/python3.12/site-packages/airflow/example_dags/tutorial_objectstorage.py
[2026-06-28T08:15:55.744+0000] {logging_mixin.py:188} INFO - [2026-06-28T08:15:55.743+0000] {dag.py:3096} INFO - Sync 1 DAGs
[2026-06-28T08:15:55.760+0000] {logging_mixin.py:188} INFO - [2026-06-28T08:15:55.760+0000] {dag.py:3954} INFO - Setting next_dagrun for tutorial_objectstorage to None, run_after=None
[2026-06-28T08:15:55.780+0000] {processor.py:183} INFO - Processing /home/airflow/.local/lib/python3.12/site-packages/airflow/example_dags/tutorial_objectstorage.py took 0.077 seconds
[2026-06-28T08:16:26.065+0000] {processor.py:161} INFO - Started process (PID=3279) to work on /home/airflow/.local/lib/python3.12/site-packages/airflow/example_dags/tutorial_objectstorage.py
[2026-06-28T08:16:26.066+0000] {processor.py:830} INFO - Processing file /home/airflow/.local/lib/python3.12/site-packages/airflow/example_dags/tutorial_objectstorage.py for tasks to queue
[2026-06-28T08:16:26.068+0000] {logging_mixin.py:188} INFO - [2026-06-28T08:16:26.068+0000] {dagbag.py:545} INFO - Filling up the DagBag from /home/airflow/.local/lib/python3.12/site-packages/airflow/example_dags/tutorial_objectstorage.py
[2026-06-28T08:16:26.076+0000] {processor.py:840} INFO - DAG(s) 'tutorial_objectstorage' retrieved from /home/airflow/.local/lib/python3.12/site-packages/airflow/example_dags/tutorial_objectstorage.py
[2026-06-28T08:16:26.099+0000] {logging_mixin.py:188} INFO - [2026-06-28T08:16:26.099+0000] {dag.py:3096} INFO - Sync 1 DAGs
[2026-06-28T08:16:26.116+0000] {logging_mixin.py:188} INFO - [2026-06-28T08:16:26.116+0000] {dag.py:3954} INFO - Setting next_dagrun for tutorial_objectstorage to None, run_after=None
[2026-06-28T08:16:26.136+0000] {processor.py:183} INFO - Processing /home/airflow/.local/lib/python3.12/site-packages/airflow/example_dags/tutorial_objectstorage.py took 0.078 seconds
[2026-06-28T08:16:56.993+0000] {processor.py:161} INFO - Started process (PID=3338) to work on /home/airflow/.local/lib/python3.12/site-packages/airflow/example_dags/tutorial_objectstorage.py
[2026-06-28T08:16:56.994+0000] {processor.py:830} INFO - Processing file /home/airflow/.local/lib/python3.12/site-packages/airflow/example_dags/tutorial_objectstorage.py for tasks to queue
[2026-06-28T08:16:56.996+0000] {logging_mixin.py:188} INFO - [2026-06-28T08:16:56.996+0000] {dagbag.py:545} INFO - Filling up the DagBag from /home/airflow/.local/lib/python3.12/site-packages/airflow/example_dags/tutorial_objectstorage.py
[2026-06-28T08:16:57.004+0000] {processor.py:840} INFO - DAG(s) 'tutorial_objectstorage' retrieved from /home/airflow/.local/lib/python3.12/site-packages/airflow/example_dags/tutorial_objectstorage.py
[2026-06-28T08:16:57.028+0000] {logging_mixin.py:188} INFO - [2026-06-28T08:16:57.028+0000] {dag.py:3096} INFO - Sync 1 DAGs
[2026-06-28T08:16:57.045+0000] {logging_mixin.py:188} INFO - [2026-06-28T08:16:57.044+0000] {dag.py:3954} INFO - Setting next_dagrun for tutorial_objectstorage to None, run_after=None
[2026-06-28T08:16:57.077+0000] {processor.py:183} INFO - Processing /home/airflow/.local/lib/python3.12/site-packages/airflow/example_dags/tutorial_objectstorage.py took 0.092 seconds
[2026-06-28T08:17:27.908+0000] {processor.py:161} INFO - Started process (PID=3397) to work on /home/airflow/.local/lib/python3.12/site-packages/airflow/example_dags/tutorial_objectstorage.py
[2026-06-28T08:17:27.909+0000] {processor.py:830} INFO - Processing file /home/airflow/.local/lib/python3.12/site-packages/airflow/example_dags/tutorial_objectstorage.py for tasks to queue
[2026-06-28T08:17:27.911+0000] {logging_mixin.py:188} INFO - [2026-06-28T08:17:27.911+0000] {dagbag.py:545} INFO - Filling up the DagBag from /home/airflow/.local/lib/python3.12/site-packages/airflow/example_dags/tutorial_objectstorage.py
[2026-06-28T08:17:27.919+0000] {processor.py:840} INFO - DAG(s) 'tutorial_objectstorage' retrieved from /home/airflow/.local/lib/python3.12/site-packages/airflow/example_dags/tutorial_objectstorage.py
[2026-06-28T08:17:27.942+0000] {logging_mixin.py:188} INFO - [2026-06-28T08:17:27.941+0000] {dag.py:3096} INFO - Sync 1 DAGs
[2026-06-28T08:17:27.960+0000] {logging_mixin.py:188} INFO - [2026-06-28T08:17:27.960+0000] {dag.py:3954} INFO - Setting next_dagrun for tutorial_objectstorage to None, run_after=None
[2026-06-28T08:17:27.987+0000] {processor.py:183} INFO - Processing /home/airflow/.local/lib/python3.12/site-packages/airflow/example_dags/tutorial_objectstorage.py took 0.086 seconds
[2026-06-28T08:17:58.319+0000] {processor.py:161} INFO - Started process (PID=3455) to work on /home/airflow/.local/lib/python3.12/site-packages/airflow/example_dags/tutorial_objectstorage.py
[2026-06-28T08:17:58.319+0000] {processor.py:830} INFO - Processing file /home/airflow/.local/lib/python3.12/site-packages/airflow/example_dags/tutorial_objectstorage.py for tasks to queue
[2026-06-28T08:17:58.321+0000] {logging_mixin.py:188} INFO - [2026-06-28T08:17:58.321+0000] {dagbag.py:545} INFO - Filling up the DagBag from /home/airflow/.local/lib/python3.12/site-packages/airflow/example_dags/tutorial_objectstorage.py
[2026-06-28T08:17:58.329+0000] {processor.py:840} INFO - DAG(s) 'tutorial_objectstorage' retrieved from /home/airflow/.local/lib/python3.12/site-packages/airflow/example_dags/tutorial_objectstorage.py
[2026-06-28T08:17:58.352+0000] {logging_mixin.py:188} INFO - [2026-06-28T08:17:58.351+0000] {dag.py:3096} INFO - Sync 1 DAGs
[2026-06-28T08:17:58.369+0000] {logging_mixin.py:188} INFO - [2026-06-28T08:17:58.369+0000] {dag.py:3954} INFO - Setting next_dagrun for tutorial_objectstorage to None, run_after=None
[2026-06-28T08:17:58.389+0000] {processor.py:183} INFO - Processing /home/airflow/.local/lib/python3.12/site-packages/airflow/example_dags/tutorial_objectstorage.py took 0.077 seconds
[2026-06-28T08:23:01.683+0000] {processor.py:161} INFO - Started process (PID=90) to work on /home/airflow/.local/lib/python3.12/site-packages/airflow/example_dags/tutorial_objectstorage.py
[2026-06-28T08:23:01.685+0000] {processor.py:830} INFO - Processing file /home/airflow/.local/lib/python3.12/site-packages/airflow/example_dags/tutorial_objectstorage.py for tasks to queue
[2026-06-28T08:23:01.688+0000] {logging_mixin.py:188} INFO - [2026-06-28T08:23:01.687+0000] {dagbag.py:545} INFO - Filling up the DagBag from /home/airflow/.local/lib/python3.12/site-packages/airflow/example_dags/tutorial_objectstorage.py
[2026-06-28T08:23:01.696+0000] {processor.py:840} INFO - DAG(s) 'tutorial_objectstorage' retrieved from /home/airflow/.local/lib/python3.12/site-packages/airflow/example_dags/tutorial_objectstorage.py
[2026-06-28T08:23:01.731+0000] {logging_mixin.py:188} INFO - [2026-06-28T08:23:01.731+0000] {dag.py:3096} INFO - Sync 1 DAGs
[2026-06-28T08:23:01.756+0000] {logging_mixin.py:188} INFO - [2026-06-28T08:23:01.756+0000] {dag.py:3954} INFO - Setting next_dagrun for tutorial_objectstorage to None, run_after=None
[2026-06-28T08:23:01.792+0000] {processor.py:183} INFO - Processing /home/airflow/.local/lib/python3.12/site-packages/airflow/example_dags/tutorial_objectstorage.py took 0.117 seconds
[2026-06-28T08:23:33.138+0000] {processor.py:161} INFO - Started process (PID=149) to work on /home/airflow/.local/lib/python3.12/site-packages/airflow/example_dags/tutorial_objectstorage.py
[2026-06-28T08:23:33.154+0000] {processor.py:830} INFO - Processing file /home/airflow/.local/lib/python3.12/site-packages/airflow/example_dags/tutorial_objectstorage.py for tasks to queue
[2026-06-28T08:23:33.173+0000] {logging_mixin.py:188} INFO - [2026-06-28T08:23:33.161+0000] {dagbag.py:545} INFO - Filling up the DagBag from /home/airflow/.local/lib/python3.12/site-packages/airflow/example_dags/tutorial_objectstorage.py
[2026-06-28T08:23:33.246+0000] {processor.py:840} INFO - DAG(s) 'tutorial_objectstorage' retrieved from /home/airflow/.local/lib/python3.12/site-packages/airflow/example_dags/tutorial_objectstorage.py
[2026-06-28T08:23:33.499+0000] {logging_mixin.py:188} INFO - [2026-06-28T08:23:33.498+0000] {dag.py:3096} INFO - Sync 1 DAGs
[2026-06-28T08:23:33.604+0000] {logging_mixin.py:188} INFO - [2026-06-28T08:23:33.603+0000] {dag.py:3954} INFO - Setting next_dagrun for tutorial_objectstorage to None, run_after=None
[2026-06-28T08:23:33.793+0000] {processor.py:183} INFO - Processing /home/airflow/.local/lib/python3.12/site-packages/airflow/example_dags/tutorial_objectstorage.py took 0.678 seconds
[2026-06-28T08:24:03.926+0000] {processor.py:161} INFO - Started process (PID=208) to work on /home/airflow/.local/lib/python3.12/site-packages/airflow/example_dags/tutorial_objectstorage.py
[2026-06-28T08:24:03.927+0000] {processor.py:830} INFO - Processing file /home/airflow/.local/lib/python3.12/site-packages/airflow/example_dags/tutorial_objectstorage.py for tasks to queue
[2026-06-28T08:24:03.930+0000] {logging_mixin.py:188} INFO - [2026-06-28T08:24:03.929+0000] {dagbag.py:545} INFO - Filling up the DagBag from /home/airflow/.local/lib/python3.12/site-packages/airflow/example_dags/tutorial_objectstorage.py
[2026-06-28T08:24:03.940+0000] {processor.py:840} INFO - DAG(s) 'tutorial_objectstorage' retrieved from /home/airflow/.local/lib/python3.12/site-packages/airflow/example_dags/tutorial_objectstorage.py
[2026-06-28T08:24:03.966+0000] {logging_mixin.py:188} INFO - [2026-06-28T08:24:03.966+0000] {dag.py:3096} INFO - Sync 1 DAGs
[2026-06-28T08:24:03.985+0000] {logging_mixin.py:188} INFO - [2026-06-28T08:24:03.985+0000] {dag.py:3954} INFO - Setting next_dagrun for tutorial_objectstorage to None, run_after=None
[2026-06-28T08:24:04.010+0000] {processor.py:183} INFO - Processing /home/airflow/.local/lib/python3.12/site-packages/airflow/example_dags/tutorial_objectstorage.py took 0.091 seconds
[2026-06-28T08:24:37.680+0000] {processor.py:161} INFO - Started process (PID=267) to work on /home/airflow/.local/lib/python3.12/site-packages/airflow/example_dags/tutorial_objectstorage.py
[2026-06-28T08:24:37.684+0000] {processor.py:830} INFO - Processing file /home/airflow/.local/lib/python3.12/site-packages/airflow/example_dags/tutorial_objectstorage.py for tasks to queue
[2026-06-28T08:24:37.688+0000] {logging_mixin.py:188} INFO - [2026-06-28T08:24:37.688+0000] {dagbag.py:545} INFO - Filling up the DagBag from /home/airflow/.local/lib/python3.12/site-packages/airflow/example_dags/tutorial_objectstorage.py
[2026-06-28T08:24:37.706+0000] {processor.py:840} INFO - DAG(s) 'tutorial_objectstorage' retrieved from /home/airflow/.local/lib/python3.12/site-packages/airflow/example_dags/tutorial_objectstorage.py
[2026-06-28T08:24:38.037+0000] {logging_mixin.py:188} INFO - [2026-06-28T08:24:38.037+0000] {dag.py:3096} INFO - Sync 1 DAGs
[2026-06-28T08:24:38.064+0000] {logging_mixin.py:188} INFO - [2026-06-28T08:24:38.064+0000] {dag.py:3954} INFO - Setting next_dagrun for tutorial_objectstorage to None, run_after=None
[2026-06-28T08:24:38.100+0000] {processor.py:183} INFO - Processing /home/airflow/.local/lib/python3.12/site-packages/airflow/example_dags/tutorial_objectstorage.py took 0.447 seconds
[2026-06-28T08:25:08.805+0000] {processor.py:161} INFO - Started process (PID=326) to work on /home/airflow/.local/lib/python3.12/site-packages/airflow/example_dags/tutorial_objectstorage.py
[2026-06-28T08:25:08.806+0000] {processor.py:830} INFO - Processing file /home/airflow/.local/lib/python3.12/site-packages/airflow/example_dags/tutorial_objectstorage.py for tasks to queue
[2026-06-28T08:25:08.808+0000] {logging_mixin.py:188} INFO - [2026-06-28T08:25:08.807+0000] {dagbag.py:545} INFO - Filling up the DagBag from /home/airflow/.local/lib/python3.12/site-packages/airflow/example_dags/tutorial_objectstorage.py
[2026-06-28T08:25:08.827+0000] {processor.py:840} INFO - DAG(s) 'tutorial_objectstorage' retrieved from /home/airflow/.local/lib/python3.12/site-packages/airflow/example_dags/tutorial_objectstorage.py
[2026-06-28T08:25:08.882+0000] {logging_mixin.py:188} INFO - [2026-06-28T08:25:08.882+0000] {dag.py:3096} INFO - Sync 1 DAGs
[2026-06-28T08:25:08.914+0000] {logging_mixin.py:188} INFO - [2026-06-28T08:25:08.914+0000] {dag.py:3954} INFO - Setting next_dagrun for tutorial_objectstorage to None, run_after=None
[2026-06-28T08:25:08.946+0000] {processor.py:183} INFO - Processing /home/airflow/.local/lib/python3.12/site-packages/airflow/example_dags/tutorial_objectstorage.py took 0.147 seconds
[2026-06-28T08:25:39.601+0000] {processor.py:161} INFO - Started process (PID=385) to work on /home/airflow/.local/lib/python3.12/site-packages/airflow/example_dags/tutorial_objectstorage.py
[2026-06-28T08:25:39.606+0000] {processor.py:830} INFO - Processing file /home/airflow/.local/lib/python3.12/site-packages/airflow/example_dags/tutorial_objectstorage.py for tasks to queue
[2026-06-28T08:25:39.608+0000] {logging_mixin.py:188} INFO - [2026-06-28T08:25:39.608+0000] {dagbag.py:545} INFO - Filling up the DagBag from /home/airflow/.local/lib/python3.12/site-packages/airflow/example_dags/tutorial_objectstorage.py
[2026-06-28T08:25:39.616+0000] {processor.py:840} INFO - DAG(s) 'tutorial_objectstorage' retrieved from /home/airflow/.local/lib/python3.12/site-packages/airflow/example_dags/tutorial_objectstorage.py
[2026-06-28T08:25:39.638+0000] {logging_mixin.py:188} INFO - [2026-06-28T08:25:39.638+0000] {dag.py:3096} INFO - Sync 1 DAGs
[2026-06-28T08:25:39.654+0000] {logging_mixin.py:188} INFO - [2026-06-28T08:25:39.654+0000] {dag.py:3954} INFO - Setting next_dagrun for tutorial_objectstorage to None, run_after=None
[2026-06-28T08:25:39.678+0000] {processor.py:183} INFO - Processing /home/airflow/.local/lib/python3.12/site-packages/airflow/example_dags/tutorial_objectstorage.py took 0.085 seconds
[2026-06-28T08:26:09.817+0000] {processor.py:161} INFO - Started process (PID=444) to work on /home/airflow/.local/lib/python3.12/site-packages/airflow/example_dags/tutorial_objectstorage.py
[2026-06-28T08:26:09.818+0000] {processor.py:830} INFO - Processing file /home/airflow/.local/lib/python3.12/site-packages/airflow/example_dags/tutorial_objectstorage.py for tasks to queue
[2026-06-28T08:26:09.822+0000] {logging_mixin.py:188} INFO - [2026-06-28T08:26:09.821+0000] {dagbag.py:545} INFO - Filling up the DagBag from /home/airflow/.local/lib/python3.12/site-packages/airflow/example_dags/tutorial_objectstorage.py
[2026-06-28T08:26:09.842+0000] {processor.py:840} INFO - DAG(s) 'tutorial_objectstorage' retrieved from /home/airflow/.local/lib/python3.12/site-packages/airflow/example_dags/tutorial_objectstorage.py
[2026-06-28T08:26:09.966+0000] {logging_mixin.py:188} INFO - [2026-06-28T08:26:09.965+0000] {dag.py:3096} INFO - Sync 1 DAGs
[2026-06-28T08:26:10.001+0000] {logging_mixin.py:188} INFO - [2026-06-28T08:26:10.001+0000] {dag.py:3954} INFO - Setting next_dagrun for tutorial_objectstorage to None, run_after=None
[2026-06-28T08:26:10.052+0000] {processor.py:183} INFO - Processing /home/airflow/.local/lib/python3.12/site-packages/airflow/example_dags/tutorial_objectstorage.py took 0.258 seconds
[2026-06-28T08:26:40.851+0000] {processor.py:161} INFO - Started process (PID=502) to work on /home/airflow/.local/lib/python3.12/site-packages/airflow/example_dags/tutorial_objectstorage.py
[2026-06-28T08:26:40.852+0000] {processor.py:830} INFO - Processing file /home/airflow/.local/lib/python3.12/site-packages/airflow/example_dags/tutorial_objectstorage.py for tasks to queue
[2026-06-28T08:26:40.854+0000] {logging_mixin.py:188} INFO - [2026-06-28T08:26:40.854+0000] {dagbag.py:545} INFO - Filling up the DagBag from /home/airflow/.local/lib/python3.12/site-packages/airflow/example_dags/tutorial_objectstorage.py
[2026-06-28T08:26:40.863+0000] {processor.py:840} INFO - DAG(s) 'tutorial_objectstorage' retrieved from /home/airflow/.local/lib/python3.12/site-packages/airflow/example_dags/tutorial_objectstorage.py
[2026-06-28T08:26:40.884+0000] {logging_mixin.py:188} INFO - [2026-06-28T08:26:40.884+0000] {dag.py:3096} INFO - Sync 1 DAGs
[2026-06-28T08:26:40.900+0000] {logging_mixin.py:188} INFO - [2026-06-28T08:26:40.900+0000] {dag.py:3954} INFO - Setting next_dagrun for tutorial_objectstorage to None, run_after=None
[2026-06-28T08:26:40.925+0000] {processor.py:183} INFO - Processing /home/airflow/.local/lib/python3.12/site-packages/airflow/example_dags/tutorial_objectstorage.py took 0.080 seconds
[2026-06-28T08:27:11.847+0000] {processor.py:161} INFO - Started process (PID=561) to work on /home/airflow/.local/lib/python3.12/site-packages/airflow/example_dags/tutorial_objectstorage.py
[2026-06-28T08:27:11.848+0000] {processor.py:830} INFO - Processing file /home/airflow/.local/lib/python3.12/site-packages/airflow/example_dags/tutorial_objectstorage.py for tasks to queue
[2026-06-28T08:27:11.850+0000] {logging_mixin.py:188} INFO - [2026-06-28T08:27:11.850+0000] {dagbag.py:545} INFO - Filling up the DagBag from /home/airflow/.local/lib/python3.12/site-packages/airflow/example_dags/tutorial_objectstorage.py
[2026-06-28T08:27:11.858+0000] {processor.py:840} INFO - DAG(s) 'tutorial_objectstorage' retrieved from /home/airflow/.local/lib/python3.12/site-packages/airflow/example_dags/tutorial_objectstorage.py
[2026-06-28T08:27:11.880+0000] {logging_mixin.py:188} INFO - [2026-06-28T08:27:11.880+0000] {dag.py:3096} INFO - Sync 1 DAGs
[2026-06-28T08:27:11.897+0000] {logging_mixin.py:188} INFO - [2026-06-28T08:27:11.897+0000] {dag.py:3954} INFO - Setting next_dagrun for tutorial_objectstorage to None, run_after=None
[2026-06-28T08:27:11.921+0000] {processor.py:183} INFO - Processing /home/airflow/.local/lib/python3.12/site-packages/airflow/example_dags/tutorial_objectstorage.py took 0.084 seconds
[2026-06-28T08:27:42.513+0000] {processor.py:161} INFO - Started process (PID=620) to work on /home/airflow/.local/lib/python3.12/site-packages/airflow/example_dags/tutorial_objectstorage.py
[2026-06-28T08:27:42.515+0000] {processor.py:830} INFO - Processing file /home/airflow/.local/lib/python3.12/site-packages/airflow/example_dags/tutorial_objectstorage.py for tasks to queue
[2026-06-28T08:27:42.521+0000] {logging_mixin.py:188} INFO - [2026-06-28T08:27:42.517+0000] {dagbag.py:545} INFO - Filling up the DagBag from /home/airflow/.local/lib/python3.12/site-packages/airflow/example_dags/tutorial_objectstorage.py
[2026-06-28T08:27:42.535+0000] {processor.py:840} INFO - DAG(s) 'tutorial_objectstorage' retrieved from /home/airflow/.local/lib/python3.12/site-packages/airflow/example_dags/tutorial_objectstorage.py
[2026-06-28T08:27:42.588+0000] {logging_mixin.py:188} INFO - [2026-06-28T08:27:42.588+0000] {dag.py:3096} INFO - Sync 1 DAGs
[2026-06-28T08:27:42.609+0000] {logging_mixin.py:188} INFO - [2026-06-28T08:27:42.609+0000] {dag.py:3954} INFO - Setting next_dagrun for tutorial_objectstorage to None, run_after=None
[2026-06-28T08:27:42.631+0000] {processor.py:183} INFO - Processing /home/airflow/.local/lib/python3.12/site-packages/airflow/example_dags/tutorial_objectstorage.py took 0.143 seconds
[2026-06-28T08:28:13.197+0000] {processor.py:161} INFO - Started process (PID=679) to work on /home/airflow/.local/lib/python3.12/site-packages/airflow/example_dags/tutorial_objectstorage.py
[2026-06-28T08:28:13.200+0000] {processor.py:830} INFO - Processing file /home/airflow/.local/lib/python3.12/site-packages/airflow/example_dags/tutorial_objectstorage.py for tasks to queue
[2026-06-28T08:28:13.204+0000] {logging_mixin.py:188} INFO - [2026-06-28T08:28:13.203+0000] {dagbag.py:545} INFO - Filling up the DagBag from /home/airflow/.local/lib/python3.12/site-packages/airflow/example_dags/tutorial_objectstorage.py
[2026-06-28T08:28:13.219+0000] {processor.py:840} INFO - DAG(s) 'tutorial_objectstorage' retrieved from /home/airflow/.local/lib/python3.12/site-packages/airflow/example_dags/tutorial_objectstorage.py
[2026-06-28T08:28:13.295+0000] {logging_mixin.py:188} INFO - [2026-06-28T08:28:13.294+0000] {dag.py:3096} INFO - Sync 1 DAGs
[2026-06-28T08:28:13.377+0000] {logging_mixin.py:188} INFO - [2026-06-28T08:28:13.377+0000] {dag.py:3954} INFO - Setting next_dagrun for tutorial_objectstorage to None, run_after=None
[2026-06-28T08:28:13.504+0000] {processor.py:183} INFO - Processing /home/airflow/.local/lib/python3.12/site-packages/airflow/example_dags/tutorial_objectstorage.py took 0.322 seconds
[2026-06-28T08:28:43.693+0000] {processor.py:161} INFO - Started process (PID=738) to work on /home/airflow/.local/lib/python3.12/site-packages/airflow/example_dags/tutorial_objectstorage.py
[2026-06-28T08:28:43.696+0000] {processor.py:830} INFO - Processing file /home/airflow/.local/lib/python3.12/site-packages/airflow/example_dags/tutorial_objectstorage.py for tasks to queue
[2026-06-28T08:28:43.703+0000] {logging_mixin.py:188} INFO - [2026-06-28T08:28:43.702+0000] {dagbag.py:545} INFO - Filling up the DagBag from /home/airflow/.local/lib/python3.12/site-packages/airflow/example_dags/tutorial_objectstorage.py
[2026-06-28T08:28:43.757+0000] {processor.py:840} INFO - DAG(s) 'tutorial_objectstorage' retrieved from /home/airflow/.local/lib/python3.12/site-packages/airflow/example_dags/tutorial_objectstorage.py
[2026-06-28T08:28:43.867+0000] {logging_mixin.py:188} INFO - [2026-06-28T08:28:43.866+0000] {dag.py:3096} INFO - Sync 1 DAGs
[2026-06-28T08:28:43.993+0000] {logging_mixin.py:188} INFO - [2026-06-28T08:28:43.992+0000] {dag.py:3954} INFO - Setting next_dagrun for tutorial_objectstorage to None, run_after=None
[2026-06-28T08:28:44.073+0000] {processor.py:183} INFO - Processing /home/airflow/.local/lib/python3.12/site-packages/airflow/example_dags/tutorial_objectstorage.py took 0.407 seconds
[2026-06-28T08:31:12.889+0000] {processor.py:161} INFO - Started process (PID=96) to work on /home/airflow/.local/lib/python3.12/site-packages/airflow/example_dags/tutorial_objectstorage.py
[2026-06-28T08:31:12.891+0000] {processor.py:830} INFO - Processing file /home/airflow/.local/lib/python3.12/site-packages/airflow/example_dags/tutorial_objectstorage.py for tasks to queue
[2026-06-28T08:31:12.895+0000] {logging_mixin.py:188} INFO - [2026-06-28T08:31:12.895+0000] {dagbag.py:545} INFO - Filling up the DagBag from /home/airflow/.local/lib/python3.12/site-packages/airflow/example_dags/tutorial_objectstorage.py
[2026-06-28T08:31:12.906+0000] {processor.py:840} INFO - DAG(s) 'tutorial_objectstorage' retrieved from /home/airflow/.local/lib/python3.12/site-packages/airflow/example_dags/tutorial_objectstorage.py
[2026-06-28T08:31:13.327+0000] {logging_mixin.py:188} INFO - [2026-06-28T08:31:13.326+0000] {dag.py:3096} INFO - Sync 1 DAGs
[2026-06-28T08:31:13.361+0000] {logging_mixin.py:188} INFO - [2026-06-28T08:31:13.361+0000] {dag.py:3954} INFO - Setting next_dagrun for tutorial_objectstorage to None, run_after=None
[2026-06-28T08:31:13.453+0000] {processor.py:183} INFO - Processing /home/airflow/.local/lib/python3.12/site-packages/airflow/example_dags/tutorial_objectstorage.py took 0.572 seconds
[2026-06-28T08:31:43.998+0000] {processor.py:161} INFO - Started process (PID=155) to work on /home/airflow/.local/lib/python3.12/site-packages/airflow/example_dags/tutorial_objectstorage.py
[2026-06-28T08:31:43.999+0000] {processor.py:830} INFO - Processing file /home/airflow/.local/lib/python3.12/site-packages/airflow/example_dags/tutorial_objectstorage.py for tasks to queue
[2026-06-28T08:31:44.005+0000] {logging_mixin.py:188} INFO - [2026-06-28T08:31:44.004+0000] {dagbag.py:545} INFO - Filling up the DagBag from /home/airflow/.local/lib/python3.12/site-packages/airflow/example_dags/tutorial_objectstorage.py
[2026-06-28T08:31:44.028+0000] {processor.py:840} INFO - DAG(s) 'tutorial_objectstorage' retrieved from /home/airflow/.local/lib/python3.12/site-packages/airflow/example_dags/tutorial_objectstorage.py
[2026-06-28T08:31:44.076+0000] {logging_mixin.py:188} INFO - [2026-06-28T08:31:44.076+0000] {dag.py:3096} INFO - Sync 1 DAGs
[2026-06-28T08:31:44.124+0000] {logging_mixin.py:188} INFO - [2026-06-28T08:31:44.124+0000] {dag.py:3954} INFO - Setting next_dagrun for tutorial_objectstorage to None, run_after=None
[2026-06-28T08:31:44.157+0000] {processor.py:183} INFO - Processing /home/airflow/.local/lib/python3.12/site-packages/airflow/example_dags/tutorial_objectstorage.py took 0.172 seconds
[2026-06-28T08:32:14.848+0000] {processor.py:161} INFO - Started process (PID=214) to work on /home/airflow/.local/lib/python3.12/site-packages/airflow/example_dags/tutorial_objectstorage.py
[2026-06-28T08:32:14.849+0000] {processor.py:830} INFO - Processing file /home/airflow/.local/lib/python3.12/site-packages/airflow/example_dags/tutorial_objectstorage.py for tasks to queue
[2026-06-28T08:32:14.853+0000] {logging_mixin.py:188} INFO - [2026-06-28T08:32:14.850+0000] {dagbag.py:545} INFO - Filling up the DagBag from /home/airflow/.local/lib/python3.12/site-packages/airflow/example_dags/tutorial_objectstorage.py
[2026-06-28T08:32:14.872+0000] {processor.py:840} INFO - DAG(s) 'tutorial_objectstorage' retrieved from /home/airflow/.local/lib/python3.12/site-packages/airflow/example_dags/tutorial_objectstorage.py
[2026-06-28T08:32:14.935+0000] {logging_mixin.py:188} INFO - [2026-06-28T08:32:14.934+0000] {dag.py:3096} INFO - Sync 1 DAGs
[2026-06-28T08:32:15.022+0000] {logging_mixin.py:188} INFO - [2026-06-28T08:32:15.010+0000] {dag.py:3954} INFO - Setting next_dagrun for tutorial_objectstorage to None, run_after=None
[2026-06-28T08:32:15.072+0000] {processor.py:183} INFO - Processing /home/airflow/.local/lib/python3.12/site-packages/airflow/example_dags/tutorial_objectstorage.py took 0.237 seconds
[2026-06-28T08:32:45.970+0000] {processor.py:161} INFO - Started process (PID=273) to work on /home/airflow/.local/lib/python3.12/site-packages/airflow/example_dags/tutorial_objectstorage.py
[2026-06-28T08:32:45.978+0000] {processor.py:830} INFO - Processing file /home/airflow/.local/lib/python3.12/site-packages/airflow/example_dags/tutorial_objectstorage.py for tasks to queue
[2026-06-28T08:32:45.983+0000] {logging_mixin.py:188} INFO - [2026-06-28T08:32:45.983+0000] {dagbag.py:545} INFO - Filling up the DagBag from /home/airflow/.local/lib/python3.12/site-packages/airflow/example_dags/tutorial_objectstorage.py
[2026-06-28T08:32:45.994+0000] {processor.py:840} INFO - DAG(s) 'tutorial_objectstorage' retrieved from /home/airflow/.local/lib/python3.12/site-packages/airflow/example_dags/tutorial_objectstorage.py
[2026-06-28T08:32:46.044+0000] {logging_mixin.py:188} INFO - [2026-06-28T08:32:46.044+0000] {dag.py:3096} INFO - Sync 1 DAGs
[2026-06-28T08:32:46.102+0000] {logging_mixin.py:188} INFO - [2026-06-28T08:32:46.102+0000] {dag.py:3954} INFO - Setting next_dagrun for tutorial_objectstorage to None, run_after=None
[2026-06-28T08:32:46.182+0000] {processor.py:183} INFO - Processing /home/airflow/.local/lib/python3.12/site-packages/airflow/example_dags/tutorial_objectstorage.py took 0.250 seconds
[2026-06-28T08:33:16.258+0000] {processor.py:161} INFO - Started process (PID=332) to work on /home/airflow/.local/lib/python3.12/site-packages/airflow/example_dags/tutorial_objectstorage.py
[2026-06-28T08:33:16.258+0000] {processor.py:830} INFO - Processing file /home/airflow/.local/lib/python3.12/site-packages/airflow/example_dags/tutorial_objectstorage.py for tasks to queue
[2026-06-28T08:33:16.260+0000] {logging_mixin.py:188} INFO - [2026-06-28T08:33:16.260+0000] {dagbag.py:545} INFO - Filling up the DagBag from /home/airflow/.local/lib/python3.12/site-packages/airflow/example_dags/tutorial_objectstorage.py
[2026-06-28T08:33:16.267+0000] {processor.py:840} INFO - DAG(s) 'tutorial_objectstorage' retrieved from /home/airflow/.local/lib/python3.12/site-packages/airflow/example_dags/tutorial_objectstorage.py
[2026-06-28T08:33:16.284+0000] {logging_mixin.py:188} INFO - [2026-06-28T08:33:16.283+0000] {dag.py:3096} INFO - Sync 1 DAGs
[2026-06-28T08:33:16.295+0000] {logging_mixin.py:188} INFO - [2026-06-28T08:33:16.294+0000] {dag.py:3954} INFO - Setting next_dagrun for tutorial_objectstorage to None, run_after=None
[2026-06-28T08:33:16.316+0000] {processor.py:183} INFO - Processing /home/airflow/.local/lib/python3.12/site-packages/airflow/example_dags/tutorial_objectstorage.py took 0.064 seconds
[2026-06-28T08:33:46.355+0000] {processor.py:161} INFO - Started process (PID=391) to work on /home/airflow/.local/lib/python3.12/site-packages/airflow/example_dags/tutorial_objectstorage.py
[2026-06-28T08:33:46.356+0000] {processor.py:830} INFO - Processing file /home/airflow/.local/lib/python3.12/site-packages/airflow/example_dags/tutorial_objectstorage.py for tasks to queue
[2026-06-28T08:33:46.357+0000] {logging_mixin.py:188} INFO - [2026-06-28T08:33:46.357+0000] {dagbag.py:545} INFO - Filling up the DagBag from /home/airflow/.local/lib/python3.12/site-packages/airflow/example_dags/tutorial_objectstorage.py
[2026-06-28T08:33:46.364+0000] {processor.py:840} INFO - DAG(s) 'tutorial_objectstorage' retrieved from /home/airflow/.local/lib/python3.12/site-packages/airflow/example_dags/tutorial_objectstorage.py
[2026-06-28T08:33:46.381+0000] {logging_mixin.py:188} INFO - [2026-06-28T08:33:46.381+0000] {dag.py:3096} INFO - Sync 1 DAGs
[2026-06-28T08:33:46.392+0000] {logging_mixin.py:188} INFO - [2026-06-28T08:33:46.392+0000] {dag.py:3954} INFO - Setting next_dagrun for tutorial_objectstorage to None, run_after=None
[2026-06-28T08:33:46.408+0000] {processor.py:183} INFO - Processing /home/airflow/.local/lib/python3.12/site-packages/airflow/example_dags/tutorial_objectstorage.py took 0.058 seconds
[2026-06-28T08:34:16.502+0000] {processor.py:161} INFO - Started process (PID=450) to work on /home/airflow/.local/lib/python3.12/site-packages/airflow/example_dags/tutorial_objectstorage.py
[2026-06-28T08:34:16.502+0000] {processor.py:830} INFO - Processing file /home/airflow/.local/lib/python3.12/site-packages/airflow/example_dags/tutorial_objectstorage.py for tasks to queue
[2026-06-28T08:34:16.504+0000] {logging_mixin.py:188} INFO - [2026-06-28T08:34:16.504+0000] {dagbag.py:545} INFO - Filling up the DagBag from /home/airflow/.local/lib/python3.12/site-packages/airflow/example_dags/tutorial_objectstorage.py
[2026-06-28T08:34:16.510+0000] {processor.py:840} INFO - DAG(s) 'tutorial_objectstorage' retrieved from /home/airflow/.local/lib/python3.12/site-packages/airflow/example_dags/tutorial_objectstorage.py
[2026-06-28T08:34:16.527+0000] {logging_mixin.py:188} INFO - [2026-06-28T08:34:16.527+0000] {dag.py:3096} INFO - Sync 1 DAGs
[2026-06-28T08:34:16.537+0000] {logging_mixin.py:188} INFO - [2026-06-28T08:34:16.537+0000] {dag.py:3954} INFO - Setting next_dagrun for tutorial_objectstorage to None, run_after=None
[2026-06-28T08:34:16.553+0000] {processor.py:183} INFO - Processing /home/airflow/.local/lib/python3.12/site-packages/airflow/example_dags/tutorial_objectstorage.py took 0.056 seconds
[2026-06-28T08:34:47.469+0000] {processor.py:161} INFO - Started process (PID=509) to work on /home/airflow/.local/lib/python3.12/site-packages/airflow/example_dags/tutorial_objectstorage.py
[2026-06-28T08:34:47.512+0000] {processor.py:830} INFO - Processing file /home/airflow/.local/lib/python3.12/site-packages/airflow/example_dags/tutorial_objectstorage.py for tasks to queue
[2026-06-28T08:34:47.527+0000] {logging_mixin.py:188} INFO - [2026-06-28T08:34:47.526+0000] {dagbag.py:545} INFO - Filling up the DagBag from /home/airflow/.local/lib/python3.12/site-packages/airflow/example_dags/tutorial_objectstorage.py
[2026-06-28T08:34:47.546+0000] {processor.py:840} INFO - DAG(s) 'tutorial_objectstorage' retrieved from /home/airflow/.local/lib/python3.12/site-packages/airflow/example_dags/tutorial_objectstorage.py
[2026-06-28T08:34:47.635+0000] {logging_mixin.py:188} INFO - [2026-06-28T08:34:47.635+0000] {dag.py:3096} INFO - Sync 1 DAGs
[2026-06-28T08:34:47.674+0000] {logging_mixin.py:188} INFO - [2026-06-28T08:34:47.673+0000] {dag.py:3954} INFO - Setting next_dagrun for tutorial_objectstorage to None, run_after=None
[2026-06-28T08:34:47.712+0000] {processor.py:183} INFO - Processing /home/airflow/.local/lib/python3.12/site-packages/airflow/example_dags/tutorial_objectstorage.py took 0.276 seconds
[2026-06-28T08:35:18.229+0000] {processor.py:161} INFO - Started process (PID=568) to work on /home/airflow/.local/lib/python3.12/site-packages/airflow/example_dags/tutorial_objectstorage.py
[2026-06-28T08:35:18.230+0000] {processor.py:830} INFO - Processing file /home/airflow/.local/lib/python3.12/site-packages/airflow/example_dags/tutorial_objectstorage.py for tasks to queue
[2026-06-28T08:35:18.232+0000] {logging_mixin.py:188} INFO - [2026-06-28T08:35:18.231+0000] {dagbag.py:545} INFO - Filling up the DagBag from /home/airflow/.local/lib/python3.12/site-packages/airflow/example_dags/tutorial_objectstorage.py
[2026-06-28T08:35:18.241+0000] {processor.py:840} INFO - DAG(s) 'tutorial_objectstorage' retrieved from /home/airflow/.local/lib/python3.12/site-packages/airflow/example_dags/tutorial_objectstorage.py
[2026-06-28T08:35:18.272+0000] {logging_mixin.py:188} INFO - [2026-06-28T08:35:18.271+0000] {dag.py:3096} INFO - Sync 1 DAGs
[2026-06-28T08:35:18.295+0000] {logging_mixin.py:188} INFO - [2026-06-28T08:35:18.295+0000] {dag.py:3954} INFO - Setting next_dagrun for tutorial_objectstorage to None, run_after=None
[2026-06-28T08:35:18.317+0000] {processor.py:183} INFO - Processing /home/airflow/.local/lib/python3.12/site-packages/airflow/example_dags/tutorial_objectstorage.py took 0.095 seconds
[2026-06-28T08:35:48.882+0000] {processor.py:161} INFO - Started process (PID=628) to work on /home/airflow/.local/lib/python3.12/site-packages/airflow/example_dags/tutorial_objectstorage.py
[2026-06-28T08:35:48.882+0000] {processor.py:830} INFO - Processing file /home/airflow/.local/lib/python3.12/site-packages/airflow/example_dags/tutorial_objectstorage.py for tasks to queue
[2026-06-28T08:35:48.885+0000] {logging_mixin.py:188} INFO - [2026-06-28T08:35:48.884+0000] {dagbag.py:545} INFO - Filling up the DagBag from /home/airflow/.local/lib/python3.12/site-packages/airflow/example_dags/tutorial_objectstorage.py
[2026-06-28T08:35:48.897+0000] {processor.py:840} INFO - DAG(s) 'tutorial_objectstorage' retrieved from /home/airflow/.local/lib/python3.12/site-packages/airflow/example_dags/tutorial_objectstorage.py
[2026-06-28T08:35:48.916+0000] {logging_mixin.py:188} INFO - [2026-06-28T08:35:48.916+0000] {dag.py:3096} INFO - Sync 1 DAGs
[2026-06-28T08:35:48.934+0000] {logging_mixin.py:188} INFO - [2026-06-28T08:35:48.934+0000] {dag.py:3954} INFO - Setting next_dagrun for tutorial_objectstorage to None, run_after=None
[2026-06-28T08:35:48.960+0000] {processor.py:183} INFO - Processing /home/airflow/.local/lib/python3.12/site-packages/airflow/example_dags/tutorial_objectstorage.py took 0.086 seconds
[2026-06-28T08:36:19.058+0000] {processor.py:161} INFO - Started process (PID=686) to work on /home/airflow/.local/lib/python3.12/site-packages/airflow/example_dags/tutorial_objectstorage.py
[2026-06-28T08:36:19.060+0000] {processor.py:830} INFO - Processing file /home/airflow/.local/lib/python3.12/site-packages/airflow/example_dags/tutorial_objectstorage.py for tasks to queue
[2026-06-28T08:36:19.062+0000] {logging_mixin.py:188} INFO - [2026-06-28T08:36:19.062+0000] {dagbag.py:545} INFO - Filling up the DagBag from /home/airflow/.local/lib/python3.12/site-packages/airflow/example_dags/tutorial_objectstorage.py
[2026-06-28T08:36:19.068+0000] {processor.py:840} INFO - DAG(s) 'tutorial_objectstorage' retrieved from /home/airflow/.local/lib/python3.12/site-packages/airflow/example_dags/tutorial_objectstorage.py
[2026-06-28T08:36:19.085+0000] {logging_mixin.py:188} INFO - [2026-06-28T08:36:19.085+0000] {dag.py:3096} INFO - Sync 1 DAGs
[2026-06-28T08:36:19.096+0000] {logging_mixin.py:188} INFO - [2026-06-28T08:36:19.096+0000] {dag.py:3954} INFO - Setting next_dagrun for tutorial_objectstorage to None, run_after=None
[2026-06-28T08:36:19.111+0000] {processor.py:183} INFO - Processing /home/airflow/.local/lib/python3.12/site-packages/airflow/example_dags/tutorial_objectstorage.py took 0.058 seconds
[2026-06-28T08:36:49.355+0000] {processor.py:161} INFO - Started process (PID=744) to work on /home/airflow/.local/lib/python3.12/site-packages/airflow/example_dags/tutorial_objectstorage.py
[2026-06-28T08:36:49.356+0000] {processor.py:830} INFO - Processing file /home/airflow/.local/lib/python3.12/site-packages/airflow/example_dags/tutorial_objectstorage.py for tasks to queue
[2026-06-28T08:36:49.358+0000] {logging_mixin.py:188} INFO - [2026-06-28T08:36:49.357+0000] {dagbag.py:545} INFO - Filling up the DagBag from /home/airflow/.local/lib/python3.12/site-packages/airflow/example_dags/tutorial_objectstorage.py
[2026-06-28T08:36:49.366+0000] {processor.py:840} INFO - DAG(s) 'tutorial_objectstorage' retrieved from /home/airflow/.local/lib/python3.12/site-packages/airflow/example_dags/tutorial_objectstorage.py
[2026-06-28T08:36:49.390+0000] {logging_mixin.py:188} INFO - [2026-06-28T08:36:49.390+0000] {dag.py:3096} INFO - Sync 1 DAGs
[2026-06-28T08:36:49.406+0000] {logging_mixin.py:188} INFO - [2026-06-28T08:36:49.406+0000] {dag.py:3954} INFO - Setting next_dagrun for tutorial_objectstorage to None, run_after=None
[2026-06-28T08:36:49.425+0000] {processor.py:183} INFO - Processing /home/airflow/.local/lib/python3.12/site-packages/airflow/example_dags/tutorial_objectstorage.py took 0.077 seconds
[2026-06-28T08:37:20.600+0000] {processor.py:161} INFO - Started process (PID=803) to work on /home/airflow/.local/lib/python3.12/site-packages/airflow/example_dags/tutorial_objectstorage.py
[2026-06-28T08:37:20.601+0000] {processor.py:830} INFO - Processing file /home/airflow/.local/lib/python3.12/site-packages/airflow/example_dags/tutorial_objectstorage.py for tasks to queue
[2026-06-28T08:37:20.603+0000] {logging_mixin.py:188} INFO - [2026-06-28T08:37:20.603+0000] {dagbag.py:545} INFO - Filling up the DagBag from /home/airflow/.local/lib/python3.12/site-packages/airflow/example_dags/tutorial_objectstorage.py
[2026-06-28T08:37:20.613+0000] {processor.py:840} INFO - DAG(s) 'tutorial_objectstorage' retrieved from /home/airflow/.local/lib/python3.12/site-packages/airflow/example_dags/tutorial_objectstorage.py
[2026-06-28T08:37:20.638+0000] {logging_mixin.py:188} INFO - [2026-06-28T08:37:20.638+0000] {dag.py:3096} INFO - Sync 1 DAGs
[2026-06-28T08:37:20.654+0000] {logging_mixin.py:188} INFO - [2026-06-28T08:37:20.654+0000] {dag.py:3954} INFO - Setting next_dagrun for tutorial_objectstorage to None, run_after=None
[2026-06-28T08:37:20.673+0000] {processor.py:183} INFO - Processing /home/airflow/.local/lib/python3.12/site-packages/airflow/example_dags/tutorial_objectstorage.py took 0.081 seconds
[2026-06-28T08:37:51.075+0000] {processor.py:161} INFO - Started process (PID=862) to work on /home/airflow/.local/lib/python3.12/site-packages/airflow/example_dags/tutorial_objectstorage.py
[2026-06-28T08:37:51.078+0000] {processor.py:830} INFO - Processing file /home/airflow/.local/lib/python3.12/site-packages/airflow/example_dags/tutorial_objectstorage.py for tasks to queue
[2026-06-28T08:37:51.080+0000] {logging_mixin.py:188} INFO - [2026-06-28T08:37:51.079+0000] {dagbag.py:545} INFO - Filling up the DagBag from /home/airflow/.local/lib/python3.12/site-packages/airflow/example_dags/tutorial_objectstorage.py
[2026-06-28T08:37:51.088+0000] {processor.py:840} INFO - DAG(s) 'tutorial_objectstorage' retrieved from /home/airflow/.local/lib/python3.12/site-packages/airflow/example_dags/tutorial_objectstorage.py
[2026-06-28T08:37:51.112+0000] {logging_mixin.py:188} INFO - [2026-06-28T08:37:51.111+0000] {dag.py:3096} INFO - Sync 1 DAGs
[2026-06-28T08:37:51.129+0000] {logging_mixin.py:188} INFO - [2026-06-28T08:37:51.128+0000] {dag.py:3954} INFO - Setting next_dagrun for tutorial_objectstorage to None, run_after=None
[2026-06-28T08:37:51.163+0000] {processor.py:183} INFO - Processing /home/airflow/.local/lib/python3.12/site-packages/airflow/example_dags/tutorial_objectstorage.py took 0.099 seconds
[2026-06-28T08:38:22.689+0000] {processor.py:161} INFO - Started process (PID=927) to work on /home/airflow/.local/lib/python3.12/site-packages/airflow/example_dags/tutorial_objectstorage.py
[2026-06-28T08:38:22.692+0000] {processor.py:830} INFO - Processing file /home/airflow/.local/lib/python3.12/site-packages/airflow/example_dags/tutorial_objectstorage.py for tasks to queue
[2026-06-28T08:38:22.695+0000] {logging_mixin.py:188} INFO - [2026-06-28T08:38:22.694+0000] {dagbag.py:545} INFO - Filling up the DagBag from /home/airflow/.local/lib/python3.12/site-packages/airflow/example_dags/tutorial_objectstorage.py
[2026-06-28T08:38:22.710+0000] {processor.py:840} INFO - DAG(s) 'tutorial_objectstorage' retrieved from /home/airflow/.local/lib/python3.12/site-packages/airflow/example_dags/tutorial_objectstorage.py
[2026-06-28T08:38:22.755+0000] {logging_mixin.py:188} INFO - [2026-06-28T08:38:22.754+0000] {dag.py:3096} INFO - Sync 1 DAGs
[2026-06-28T08:38:22.775+0000] {logging_mixin.py:188} INFO - [2026-06-28T08:38:22.775+0000] {dag.py:3954} INFO - Setting next_dagrun for tutorial_objectstorage to None, run_after=None
[2026-06-28T08:38:22.873+0000] {processor.py:183} INFO - Processing /home/airflow/.local/lib/python3.12/site-packages/airflow/example_dags/tutorial_objectstorage.py took 0.199 seconds
[2026-06-28T08:38:53.228+0000] {processor.py:161} INFO - Started process (PID=986) to work on /home/airflow/.local/lib/python3.12/site-packages/airflow/example_dags/tutorial_objectstorage.py
[2026-06-28T08:38:53.229+0000] {processor.py:830} INFO - Processing file /home/airflow/.local/lib/python3.12/site-packages/airflow/example_dags/tutorial_objectstorage.py for tasks to queue
[2026-06-28T08:38:53.231+0000] {logging_mixin.py:188} INFO - [2026-06-28T08:38:53.230+0000] {dagbag.py:545} INFO - Filling up the DagBag from /home/airflow/.local/lib/python3.12/site-packages/airflow/example_dags/tutorial_objectstorage.py
[2026-06-28T08:38:53.240+0000] {processor.py:840} INFO - DAG(s) 'tutorial_objectstorage' retrieved from /home/airflow/.local/lib/python3.12/site-packages/airflow/example_dags/tutorial_objectstorage.py
[2026-06-28T08:38:53.267+0000] {logging_mixin.py:188} INFO - [2026-06-28T08:38:53.267+0000] {dag.py:3096} INFO - Sync 1 DAGs
[2026-06-28T08:38:53.284+0000] {logging_mixin.py:188} INFO - [2026-06-28T08:38:53.284+0000] {dag.py:3954} INFO - Setting next_dagrun for tutorial_objectstorage to None, run_after=None
[2026-06-28T08:38:53.303+0000] {processor.py:183} INFO - Processing /home/airflow/.local/lib/python3.12/site-packages/airflow/example_dags/tutorial_objectstorage.py took 0.083 seconds
[2026-06-28T08:39:23.498+0000] {processor.py:161} INFO - Started process (PID=1045) to work on /home/airflow/.local/lib/python3.12/site-packages/airflow/example_dags/tutorial_objectstorage.py
[2026-06-28T08:39:23.499+0000] {processor.py:830} INFO - Processing file /home/airflow/.local/lib/python3.12/site-packages/airflow/example_dags/tutorial_objectstorage.py for tasks to queue
[2026-06-28T08:39:23.501+0000] {logging_mixin.py:188} INFO - [2026-06-28T08:39:23.501+0000] {dagbag.py:545} INFO - Filling up the DagBag from /home/airflow/.local/lib/python3.12/site-packages/airflow/example_dags/tutorial_objectstorage.py
[2026-06-28T08:39:23.510+0000] {processor.py:840} INFO - DAG(s) 'tutorial_objectstorage' retrieved from /home/airflow/.local/lib/python3.12/site-packages/airflow/example_dags/tutorial_objectstorage.py
[2026-06-28T08:39:23.534+0000] {logging_mixin.py:188} INFO - [2026-06-28T08:39:23.534+0000] {dag.py:3096} INFO - Sync 1 DAGs
[2026-06-28T08:39:23.551+0000] {logging_mixin.py:188} INFO - [2026-06-28T08:39:23.550+0000] {dag.py:3954} INFO - Setting next_dagrun for tutorial_objectstorage to None, run_after=None
[2026-06-28T08:39:23.571+0000] {processor.py:183} INFO - Processing /home/airflow/.local/lib/python3.12/site-packages/airflow/example_dags/tutorial_objectstorage.py took 0.080 seconds
[2026-06-28T08:39:53.873+0000] {processor.py:161} INFO - Started process (PID=1103) to work on /home/airflow/.local/lib/python3.12/site-packages/airflow/example_dags/tutorial_objectstorage.py
[2026-06-28T08:39:53.876+0000] {processor.py:830} INFO - Processing file /home/airflow/.local/lib/python3.12/site-packages/airflow/example_dags/tutorial_objectstorage.py for tasks to queue
[2026-06-28T08:39:53.880+0000] {logging_mixin.py:188} INFO - [2026-06-28T08:39:53.880+0000] {dagbag.py:545} INFO - Filling up the DagBag from /home/airflow/.local/lib/python3.12/site-packages/airflow/example_dags/tutorial_objectstorage.py
[2026-06-28T08:39:53.897+0000] {processor.py:840} INFO - DAG(s) 'tutorial_objectstorage' retrieved from /home/airflow/.local/lib/python3.12/site-packages/airflow/example_dags/tutorial_objectstorage.py
[2026-06-28T08:39:53.934+0000] {logging_mixin.py:188} INFO - [2026-06-28T08:39:53.933+0000] {dag.py:3096} INFO - Sync 1 DAGs
[2026-06-28T08:39:53.952+0000] {logging_mixin.py:188} INFO - [2026-06-28T08:39:53.950+0000] {dag.py:3954} INFO - Setting next_dagrun for tutorial_objectstorage to None, run_after=None
[2026-06-28T08:39:53.981+0000] {processor.py:183} INFO - Processing /home/airflow/.local/lib/python3.12/site-packages/airflow/example_dags/tutorial_objectstorage.py took 0.118 seconds
[2026-06-28T08:40:24.752+0000] {processor.py:161} INFO - Started process (PID=1162) to work on /home/airflow/.local/lib/python3.12/site-packages/airflow/example_dags/tutorial_objectstorage.py
[2026-06-28T08:40:24.752+0000] {processor.py:830} INFO - Processing file /home/airflow/.local/lib/python3.12/site-packages/airflow/example_dags/tutorial_objectstorage.py for tasks to queue
[2026-06-28T08:40:24.755+0000] {logging_mixin.py:188} INFO - [2026-06-28T08:40:24.754+0000] {dagbag.py:545} INFO - Filling up the DagBag from /home/airflow/.local/lib/python3.12/site-packages/airflow/example_dags/tutorial_objectstorage.py
[2026-06-28T08:40:24.763+0000] {processor.py:840} INFO - DAG(s) 'tutorial_objectstorage' retrieved from /home/airflow/.local/lib/python3.12/site-packages/airflow/example_dags/tutorial_objectstorage.py
[2026-06-28T08:40:24.803+0000] {logging_mixin.py:188} INFO - [2026-06-28T08:40:24.801+0000] {dag.py:3096} INFO - Sync 1 DAGs
[2026-06-28T08:40:24.834+0000] {logging_mixin.py:188} INFO - [2026-06-28T08:40:24.834+0000] {dag.py:3954} INFO - Setting next_dagrun for tutorial_objectstorage to None, run_after=None
[2026-06-28T08:40:24.859+0000] {processor.py:183} INFO - Processing /home/airflow/.local/lib/python3.12/site-packages/airflow/example_dags/tutorial_objectstorage.py took 0.117 seconds
[2026-06-28T08:40:55.801+0000] {processor.py:161} INFO - Started process (PID=1221) to work on /home/airflow/.local/lib/python3.12/site-packages/airflow/example_dags/tutorial_objectstorage.py
[2026-06-28T08:40:55.802+0000] {processor.py:830} INFO - Processing file /home/airflow/.local/lib/python3.12/site-packages/airflow/example_dags/tutorial_objectstorage.py for tasks to queue
[2026-06-28T08:40:55.805+0000] {logging_mixin.py:188} INFO - [2026-06-28T08:40:55.805+0000] {dagbag.py:545} INFO - Filling up the DagBag from /home/airflow/.local/lib/python3.12/site-packages/airflow/example_dags/tutorial_objectstorage.py
[2026-06-28T08:40:55.825+0000] {processor.py:840} INFO - DAG(s) 'tutorial_objectstorage' retrieved from /home/airflow/.local/lib/python3.12/site-packages/airflow/example_dags/tutorial_objectstorage.py
[2026-06-28T08:40:55.869+0000] {logging_mixin.py:188} INFO - [2026-06-28T08:40:55.869+0000] {dag.py:3096} INFO - Sync 1 DAGs
[2026-06-28T08:40:55.909+0000] {logging_mixin.py:188} INFO - [2026-06-28T08:40:55.902+0000] {dag.py:3954} INFO - Setting next_dagrun for tutorial_objectstorage to None, run_after=None
[2026-06-28T08:40:55.937+0000] {processor.py:183} INFO - Processing /home/airflow/.local/lib/python3.12/site-packages/airflow/example_dags/tutorial_objectstorage.py took 0.143 seconds
[2026-06-28T08:41:26.228+0000] {processor.py:161} INFO - Started process (PID=1279) to work on /home/airflow/.local/lib/python3.12/site-packages/airflow/example_dags/tutorial_objectstorage.py
[2026-06-28T08:41:26.229+0000] {processor.py:830} INFO - Processing file /home/airflow/.local/lib/python3.12/site-packages/airflow/example_dags/tutorial_objectstorage.py for tasks to queue
[2026-06-28T08:41:26.233+0000] {logging_mixin.py:188} INFO - [2026-06-28T08:41:26.232+0000] {dagbag.py:545} INFO - Filling up the DagBag from /home/airflow/.local/lib/python3.12/site-packages/airflow/example_dags/tutorial_objectstorage.py
[2026-06-28T08:41:26.259+0000] {processor.py:840} INFO - DAG(s) 'tutorial_objectstorage' retrieved from /home/airflow/.local/lib/python3.12/site-packages/airflow/example_dags/tutorial_objectstorage.py
[2026-06-28T08:41:26.301+0000] {logging_mixin.py:188} INFO - [2026-06-28T08:41:26.300+0000] {dag.py:3096} INFO - Sync 1 DAGs
[2026-06-28T08:41:26.345+0000] {logging_mixin.py:188} INFO - [2026-06-28T08:41:26.344+0000] {dag.py:3954} INFO - Setting next_dagrun for tutorial_objectstorage to None, run_after=None
[2026-06-28T08:41:26.399+0000] {processor.py:183} INFO - Processing /home/airflow/.local/lib/python3.12/site-packages/airflow/example_dags/tutorial_objectstorage.py took 0.178 seconds
[2026-06-28T08:41:57.962+0000] {processor.py:161} INFO - Started process (PID=1337) to work on /home/airflow/.local/lib/python3.12/site-packages/airflow/example_dags/tutorial_objectstorage.py
[2026-06-28T08:41:57.963+0000] {processor.py:830} INFO - Processing file /home/airflow/.local/lib/python3.12/site-packages/airflow/example_dags/tutorial_objectstorage.py for tasks to queue
[2026-06-28T08:41:57.971+0000] {logging_mixin.py:188} INFO - [2026-06-28T08:41:57.966+0000] {dagbag.py:545} INFO - Filling up the DagBag from /home/airflow/.local/lib/python3.12/site-packages/airflow/example_dags/tutorial_objectstorage.py
[2026-06-28T08:41:57.983+0000] {processor.py:840} INFO - DAG(s) 'tutorial_objectstorage' retrieved from /home/airflow/.local/lib/python3.12/site-packages/airflow/example_dags/tutorial_objectstorage.py
[2026-06-28T08:41:58.052+0000] {logging_mixin.py:188} INFO - [2026-06-28T08:41:58.052+0000] {dag.py:3096} INFO - Sync 1 DAGs
[2026-06-28T08:41:58.105+0000] {logging_mixin.py:188} INFO - [2026-06-28T08:41:58.105+0000] {dag.py:3954} INFO - Setting next_dagrun for tutorial_objectstorage to None, run_after=None
[2026-06-28T08:41:58.178+0000] {processor.py:183} INFO - Processing /home/airflow/.local/lib/python3.12/site-packages/airflow/example_dags/tutorial_objectstorage.py took 0.230 seconds
[2026-06-28T08:42:29.126+0000] {processor.py:161} INFO - Started process (PID=1394) to work on /home/airflow/.local/lib/python3.12/site-packages/airflow/example_dags/tutorial_objectstorage.py
[2026-06-28T08:42:29.127+0000] {processor.py:830} INFO - Processing file /home/airflow/.local/lib/python3.12/site-packages/airflow/example_dags/tutorial_objectstorage.py for tasks to queue
[2026-06-28T08:42:29.131+0000] {logging_mixin.py:188} INFO - [2026-06-28T08:42:29.131+0000] {dagbag.py:545} INFO - Filling up the DagBag from /home/airflow/.local/lib/python3.12/site-packages/airflow/example_dags/tutorial_objectstorage.py
[2026-06-28T08:42:29.150+0000] {processor.py:840} INFO - DAG(s) 'tutorial_objectstorage' retrieved from /home/airflow/.local/lib/python3.12/site-packages/airflow/example_dags/tutorial_objectstorage.py
[2026-06-28T08:42:29.177+0000] {logging_mixin.py:188} INFO - [2026-06-28T08:42:29.177+0000] {dag.py:3096} INFO - Sync 1 DAGs
[2026-06-28T08:42:29.194+0000] {logging_mixin.py:188} INFO - [2026-06-28T08:42:29.194+0000] {dag.py:3954} INFO - Setting next_dagrun for tutorial_objectstorage to None, run_after=None
[2026-06-28T08:42:29.217+0000] {processor.py:183} INFO - Processing /home/airflow/.local/lib/python3.12/site-packages/airflow/example_dags/tutorial_objectstorage.py took 0.103 seconds
[2026-06-28T08:42:59.536+0000] {processor.py:161} INFO - Started process (PID=1453) to work on /home/airflow/.local/lib/python3.12/site-packages/airflow/example_dags/tutorial_objectstorage.py
[2026-06-28T08:42:59.537+0000] {processor.py:830} INFO - Processing file /home/airflow/.local/lib/python3.12/site-packages/airflow/example_dags/tutorial_objectstorage.py for tasks to queue
[2026-06-28T08:42:59.540+0000] {logging_mixin.py:188} INFO - [2026-06-28T08:42:59.539+0000] {dagbag.py:545} INFO - Filling up the DagBag from /home/airflow/.local/lib/python3.12/site-packages/airflow/example_dags/tutorial_objectstorage.py
[2026-06-28T08:42:59.548+0000] {processor.py:840} INFO - DAG(s) 'tutorial_objectstorage' retrieved from /home/airflow/.local/lib/python3.12/site-packages/airflow/example_dags/tutorial_objectstorage.py
[2026-06-28T08:42:59.574+0000] {logging_mixin.py:188} INFO - [2026-06-28T08:42:59.573+0000] {dag.py:3096} INFO - Sync 1 DAGs
[2026-06-28T08:42:59.658+0000] {logging_mixin.py:188} INFO - [2026-06-28T08:42:59.658+0000] {dag.py:3954} INFO - Setting next_dagrun for tutorial_objectstorage to None, run_after=None
[2026-06-28T08:42:59.766+0000] {processor.py:183} INFO - Processing /home/airflow/.local/lib/python3.12/site-packages/airflow/example_dags/tutorial_objectstorage.py took 0.239 seconds
[2026-06-28T08:43:29.893+0000] {processor.py:161} INFO - Started process (PID=1512) to work on /home/airflow/.local/lib/python3.12/site-packages/airflow/example_dags/tutorial_objectstorage.py
[2026-06-28T08:43:29.894+0000] {processor.py:830} INFO - Processing file /home/airflow/.local/lib/python3.12/site-packages/airflow/example_dags/tutorial_objectstorage.py for tasks to queue
[2026-06-28T08:43:29.898+0000] {logging_mixin.py:188} INFO - [2026-06-28T08:43:29.896+0000] {dagbag.py:545} INFO - Filling up the DagBag from /home/airflow/.local/lib/python3.12/site-packages/airflow/example_dags/tutorial_objectstorage.py
[2026-06-28T08:43:29.909+0000] {processor.py:840} INFO - DAG(s) 'tutorial_objectstorage' retrieved from /home/airflow/.local/lib/python3.12/site-packages/airflow/example_dags/tutorial_objectstorage.py
[2026-06-28T08:43:29.943+0000] {logging_mixin.py:188} INFO - [2026-06-28T08:43:29.942+0000] {dag.py:3096} INFO - Sync 1 DAGs
[2026-06-28T08:43:29.966+0000] {logging_mixin.py:188} INFO - [2026-06-28T08:43:29.965+0000] {dag.py:3954} INFO - Setting next_dagrun for tutorial_objectstorage to None, run_after=None
[2026-06-28T08:43:29.997+0000] {processor.py:183} INFO - Processing /home/airflow/.local/lib/python3.12/site-packages/airflow/example_dags/tutorial_objectstorage.py took 0.115 seconds
[2026-06-28T08:44:00.341+0000] {processor.py:161} INFO - Started process (PID=1571) to work on /home/airflow/.local/lib/python3.12/site-packages/airflow/example_dags/tutorial_objectstorage.py
[2026-06-28T08:44:00.342+0000] {processor.py:830} INFO - Processing file /home/airflow/.local/lib/python3.12/site-packages/airflow/example_dags/tutorial_objectstorage.py for tasks to queue
[2026-06-28T08:44:00.345+0000] {logging_mixin.py:188} INFO - [2026-06-28T08:44:00.344+0000] {dagbag.py:545} INFO - Filling up the DagBag from /home/airflow/.local/lib/python3.12/site-packages/airflow/example_dags/tutorial_objectstorage.py
[2026-06-28T08:44:00.353+0000] {processor.py:840} INFO - DAG(s) 'tutorial_objectstorage' retrieved from /home/airflow/.local/lib/python3.12/site-packages/airflow/example_dags/tutorial_objectstorage.py
[2026-06-28T08:44:00.378+0000] {logging_mixin.py:188} INFO - [2026-06-28T08:44:00.377+0000] {dag.py:3096} INFO - Sync 1 DAGs
[2026-06-28T08:44:00.394+0000] {logging_mixin.py:188} INFO - [2026-06-28T08:44:00.394+0000] {dag.py:3954} INFO - Setting next_dagrun for tutorial_objectstorage to None, run_after=None
[2026-06-28T08:44:00.414+0000] {processor.py:183} INFO - Processing /home/airflow/.local/lib/python3.12/site-packages/airflow/example_dags/tutorial_objectstorage.py took 0.080 seconds
[2026-06-28T08:44:31.349+0000] {processor.py:161} INFO - Started process (PID=1630) to work on /home/airflow/.local/lib/python3.12/site-packages/airflow/example_dags/tutorial_objectstorage.py
[2026-06-28T08:44:31.355+0000] {processor.py:830} INFO - Processing file /home/airflow/.local/lib/python3.12/site-packages/airflow/example_dags/tutorial_objectstorage.py for tasks to queue
[2026-06-28T08:44:31.360+0000] {logging_mixin.py:188} INFO - [2026-06-28T08:44:31.360+0000] {dagbag.py:545} INFO - Filling up the DagBag from /home/airflow/.local/lib/python3.12/site-packages/airflow/example_dags/tutorial_objectstorage.py
[2026-06-28T08:44:31.375+0000] {processor.py:840} INFO - DAG(s) 'tutorial_objectstorage' retrieved from /home/airflow/.local/lib/python3.12/site-packages/airflow/example_dags/tutorial_objectstorage.py
[2026-06-28T08:44:31.400+0000] {logging_mixin.py:188} INFO - [2026-06-28T08:44:31.399+0000] {dag.py:3096} INFO - Sync 1 DAGs
[2026-06-28T08:44:31.429+0000] {logging_mixin.py:188} INFO - [2026-06-28T08:44:31.429+0000] {dag.py:3954} INFO - Setting next_dagrun for tutorial_objectstorage to None, run_after=None
[2026-06-28T08:44:31.458+0000] {processor.py:183} INFO - Processing /home/airflow/.local/lib/python3.12/site-packages/airflow/example_dags/tutorial_objectstorage.py took 0.135 seconds
[2026-06-28T08:45:01.811+0000] {processor.py:161} INFO - Started process (PID=1689) to work on /home/airflow/.local/lib/python3.12/site-packages/airflow/example_dags/tutorial_objectstorage.py
[2026-06-28T08:45:01.822+0000] {processor.py:830} INFO - Processing file /home/airflow/.local/lib/python3.12/site-packages/airflow/example_dags/tutorial_objectstorage.py for tasks to queue
[2026-06-28T08:45:01.829+0000] {logging_mixin.py:188} INFO - [2026-06-28T08:45:01.828+0000] {dagbag.py:545} INFO - Filling up the DagBag from /home/airflow/.local/lib/python3.12/site-packages/airflow/example_dags/tutorial_objectstorage.py
[2026-06-28T08:45:01.845+0000] {processor.py:840} INFO - DAG(s) 'tutorial_objectstorage' retrieved from /home/airflow/.local/lib/python3.12/site-packages/airflow/example_dags/tutorial_objectstorage.py
[2026-06-28T08:45:02.228+0000] {logging_mixin.py:188} INFO - [2026-06-28T08:45:02.204+0000] {dag.py:3096} INFO - Sync 1 DAGs
[2026-06-28T08:45:02.397+0000] {logging_mixin.py:188} INFO - [2026-06-28T08:45:02.391+0000] {dag.py:3954} INFO - Setting next_dagrun for tutorial_objectstorage to None, run_after=None
[2026-06-28T08:45:02.993+0000] {processor.py:183} INFO - Processing /home/airflow/.local/lib/python3.12/site-packages/airflow/example_dags/tutorial_objectstorage.py took 1.204 seconds
[2026-06-28T08:45:33.131+0000] {processor.py:161} INFO - Started process (PID=1748) to work on /home/airflow/.local/lib/python3.12/site-packages/airflow/example_dags/tutorial_objectstorage.py
[2026-06-28T08:45:33.131+0000] {processor.py:830} INFO - Processing file /home/airflow/.local/lib/python3.12/site-packages/airflow/example_dags/tutorial_objectstorage.py for tasks to queue
[2026-06-28T08:45:33.133+0000] {logging_mixin.py:188} INFO - [2026-06-28T08:45:33.133+0000] {dagbag.py:545} INFO - Filling up the DagBag from /home/airflow/.local/lib/python3.12/site-packages/airflow/example_dags/tutorial_objectstorage.py
[2026-06-28T08:45:33.139+0000] {processor.py:840} INFO - DAG(s) 'tutorial_objectstorage' retrieved from /home/airflow/.local/lib/python3.12/site-packages/airflow/example_dags/tutorial_objectstorage.py
[2026-06-28T08:45:33.156+0000] {logging_mixin.py:188} INFO - [2026-06-28T08:45:33.156+0000] {dag.py:3096} INFO - Sync 1 DAGs
[2026-06-28T08:45:33.167+0000] {logging_mixin.py:188} INFO - [2026-06-28T08:45:33.166+0000] {dag.py:3954} INFO - Setting next_dagrun for tutorial_objectstorage to None, run_after=None
[2026-06-28T08:45:33.182+0000] {processor.py:183} INFO - Processing /home/airflow/.local/lib/python3.12/site-packages/airflow/example_dags/tutorial_objectstorage.py took 0.056 seconds
[2026-06-28T08:46:04.182+0000] {processor.py:161} INFO - Started process (PID=1807) to work on /home/airflow/.local/lib/python3.12/site-packages/airflow/example_dags/tutorial_objectstorage.py
[2026-06-28T08:46:04.186+0000] {processor.py:830} INFO - Processing file /home/airflow/.local/lib/python3.12/site-packages/airflow/example_dags/tutorial_objectstorage.py for tasks to queue
[2026-06-28T08:46:04.188+0000] {logging_mixin.py:188} INFO - [2026-06-28T08:46:04.187+0000] {dagbag.py:545} INFO - Filling up the DagBag from /home/airflow/.local/lib/python3.12/site-packages/airflow/example_dags/tutorial_objectstorage.py
[2026-06-28T08:46:04.194+0000] {processor.py:840} INFO - DAG(s) 'tutorial_objectstorage' retrieved from /home/airflow/.local/lib/python3.12/site-packages/airflow/example_dags/tutorial_objectstorage.py
[2026-06-28T08:46:04.211+0000] {logging_mixin.py:188} INFO - [2026-06-28T08:46:04.210+0000] {dag.py:3096} INFO - Sync 1 DAGs
[2026-06-28T08:46:04.222+0000] {logging_mixin.py:188} INFO - [2026-06-28T08:46:04.222+0000] {dag.py:3954} INFO - Setting next_dagrun for tutorial_objectstorage to None, run_after=None
[2026-06-28T08:46:04.238+0000] {processor.py:183} INFO - Processing /home/airflow/.local/lib/python3.12/site-packages/airflow/example_dags/tutorial_objectstorage.py took 0.062 seconds
[2026-06-28T08:46:34.555+0000] {processor.py:161} INFO - Started process (PID=1866) to work on /home/airflow/.local/lib/python3.12/site-packages/airflow/example_dags/tutorial_objectstorage.py
[2026-06-28T08:46:34.555+0000] {processor.py:830} INFO - Processing file /home/airflow/.local/lib/python3.12/site-packages/airflow/example_dags/tutorial_objectstorage.py for tasks to queue
[2026-06-28T08:46:34.557+0000] {logging_mixin.py:188} INFO - [2026-06-28T08:46:34.557+0000] {dagbag.py:545} INFO - Filling up the DagBag from /home/airflow/.local/lib/python3.12/site-packages/airflow/example_dags/tutorial_objectstorage.py
[2026-06-28T08:46:34.563+0000] {processor.py:840} INFO - DAG(s) 'tutorial_objectstorage' retrieved from /home/airflow/.local/lib/python3.12/site-packages/airflow/example_dags/tutorial_objectstorage.py
[2026-06-28T08:46:34.579+0000] {logging_mixin.py:188} INFO - [2026-06-28T08:46:34.579+0000] {dag.py:3096} INFO - Sync 1 DAGs
[2026-06-28T08:46:34.590+0000] {logging_mixin.py:188} INFO - [2026-06-28T08:46:34.590+0000] {dag.py:3954} INFO - Setting next_dagrun for tutorial_objectstorage to None, run_after=None
[2026-06-28T08:46:34.605+0000] {processor.py:183} INFO - Processing /home/airflow/.local/lib/python3.12/site-packages/airflow/example_dags/tutorial_objectstorage.py took 0.056 seconds
[2026-06-28T08:47:05.141+0000] {processor.py:161} INFO - Started process (PID=1924) to work on /home/airflow/.local/lib/python3.12/site-packages/airflow/example_dags/tutorial_objectstorage.py
[2026-06-28T08:47:05.142+0000] {processor.py:830} INFO - Processing file /home/airflow/.local/lib/python3.12/site-packages/airflow/example_dags/tutorial_objectstorage.py for tasks to queue
[2026-06-28T08:47:05.143+0000] {logging_mixin.py:188} INFO - [2026-06-28T08:47:05.143+0000] {dagbag.py:545} INFO - Filling up the DagBag from /home/airflow/.local/lib/python3.12/site-packages/airflow/example_dags/tutorial_objectstorage.py
[2026-06-28T08:47:05.152+0000] {processor.py:840} INFO - DAG(s) 'tutorial_objectstorage' retrieved from /home/airflow/.local/lib/python3.12/site-packages/airflow/example_dags/tutorial_objectstorage.py
[2026-06-28T08:47:05.180+0000] {logging_mixin.py:188} INFO - [2026-06-28T08:47:05.180+0000] {dag.py:3096} INFO - Sync 1 DAGs
[2026-06-28T08:47:05.199+0000] {logging_mixin.py:188} INFO - [2026-06-28T08:47:05.198+0000] {dag.py:3954} INFO - Setting next_dagrun for tutorial_objectstorage to None, run_after=None
[2026-06-28T08:47:05.236+0000] {processor.py:183} INFO - Processing /home/airflow/.local/lib/python3.12/site-packages/airflow/example_dags/tutorial_objectstorage.py took 0.102 seconds
[2026-06-28T08:47:35.543+0000] {processor.py:161} INFO - Started process (PID=1983) to work on /home/airflow/.local/lib/python3.12/site-packages/airflow/example_dags/tutorial_objectstorage.py
[2026-06-28T08:47:35.546+0000] {processor.py:830} INFO - Processing file /home/airflow/.local/lib/python3.12/site-packages/airflow/example_dags/tutorial_objectstorage.py for tasks to queue
[2026-06-28T08:47:35.552+0000] {logging_mixin.py:188} INFO - [2026-06-28T08:47:35.552+0000] {dagbag.py:545} INFO - Filling up the DagBag from /home/airflow/.local/lib/python3.12/site-packages/airflow/example_dags/tutorial_objectstorage.py
[2026-06-28T08:47:35.579+0000] {processor.py:840} INFO - DAG(s) 'tutorial_objectstorage' retrieved from /home/airflow/.local/lib/python3.12/site-packages/airflow/example_dags/tutorial_objectstorage.py
[2026-06-28T08:47:35.652+0000] {logging_mixin.py:188} INFO - [2026-06-28T08:47:35.652+0000] {dag.py:3096} INFO - Sync 1 DAGs
[2026-06-28T08:47:35.699+0000] {logging_mixin.py:188} INFO - [2026-06-28T08:47:35.699+0000] {dag.py:3954} INFO - Setting next_dagrun for tutorial_objectstorage to None, run_after=None
[2026-06-28T08:47:35.773+0000] {processor.py:183} INFO - Processing /home/airflow/.local/lib/python3.12/site-packages/airflow/example_dags/tutorial_objectstorage.py took 0.252 seconds
[2026-06-28T08:48:06.614+0000] {processor.py:161} INFO - Started process (PID=2042) to work on /home/airflow/.local/lib/python3.12/site-packages/airflow/example_dags/tutorial_objectstorage.py
[2026-06-28T08:48:06.615+0000] {processor.py:830} INFO - Processing file /home/airflow/.local/lib/python3.12/site-packages/airflow/example_dags/tutorial_objectstorage.py for tasks to queue
[2026-06-28T08:48:06.618+0000] {logging_mixin.py:188} INFO - [2026-06-28T08:48:06.617+0000] {dagbag.py:545} INFO - Filling up the DagBag from /home/airflow/.local/lib/python3.12/site-packages/airflow/example_dags/tutorial_objectstorage.py
[2026-06-28T08:48:06.629+0000] {processor.py:840} INFO - DAG(s) 'tutorial_objectstorage' retrieved from /home/airflow/.local/lib/python3.12/site-packages/airflow/example_dags/tutorial_objectstorage.py
[2026-06-28T08:48:06.735+0000] {logging_mixin.py:188} INFO - [2026-06-28T08:48:06.735+0000] {dag.py:3096} INFO - Sync 1 DAGs
[2026-06-28T08:48:06.767+0000] {logging_mixin.py:188} INFO - [2026-06-28T08:48:06.767+0000] {dag.py:3954} INFO - Setting next_dagrun for tutorial_objectstorage to None, run_after=None
[2026-06-28T08:48:06.809+0000] {processor.py:183} INFO - Processing /home/airflow/.local/lib/python3.12/site-packages/airflow/example_dags/tutorial_objectstorage.py took 0.204 seconds
[2026-06-28T08:48:37.707+0000] {processor.py:161} INFO - Started process (PID=2101) to work on /home/airflow/.local/lib/python3.12/site-packages/airflow/example_dags/tutorial_objectstorage.py
[2026-06-28T08:48:37.708+0000] {processor.py:830} INFO - Processing file /home/airflow/.local/lib/python3.12/site-packages/airflow/example_dags/tutorial_objectstorage.py for tasks to queue
[2026-06-28T08:48:37.709+0000] {logging_mixin.py:188} INFO - [2026-06-28T08:48:37.709+0000] {dagbag.py:545} INFO - Filling up the DagBag from /home/airflow/.local/lib/python3.12/site-packages/airflow/example_dags/tutorial_objectstorage.py
[2026-06-28T08:48:37.718+0000] {processor.py:840} INFO - DAG(s) 'tutorial_objectstorage' retrieved from /home/airflow/.local/lib/python3.12/site-packages/airflow/example_dags/tutorial_objectstorage.py
[2026-06-28T08:48:37.741+0000] {logging_mixin.py:188} INFO - [2026-06-28T08:48:37.741+0000] {dag.py:3096} INFO - Sync 1 DAGs
[2026-06-28T08:48:37.757+0000] {logging_mixin.py:188} INFO - [2026-06-28T08:48:37.757+0000] {dag.py:3954} INFO - Setting next_dagrun for tutorial_objectstorage to None, run_after=None
[2026-06-28T08:48:37.795+0000] {processor.py:183} INFO - Processing /home/airflow/.local/lib/python3.12/site-packages/airflow/example_dags/tutorial_objectstorage.py took 0.096 seconds
[2026-06-28T08:49:08.085+0000] {processor.py:161} INFO - Started process (PID=2160) to work on /home/airflow/.local/lib/python3.12/site-packages/airflow/example_dags/tutorial_objectstorage.py
[2026-06-28T08:49:08.086+0000] {processor.py:830} INFO - Processing file /home/airflow/.local/lib/python3.12/site-packages/airflow/example_dags/tutorial_objectstorage.py for tasks to queue
[2026-06-28T08:49:08.088+0000] {logging_mixin.py:188} INFO - [2026-06-28T08:49:08.088+0000] {dagbag.py:545} INFO - Filling up the DagBag from /home/airflow/.local/lib/python3.12/site-packages/airflow/example_dags/tutorial_objectstorage.py
[2026-06-28T08:49:08.096+0000] {processor.py:840} INFO - DAG(s) 'tutorial_objectstorage' retrieved from /home/airflow/.local/lib/python3.12/site-packages/airflow/example_dags/tutorial_objectstorage.py
[2026-06-28T08:49:08.124+0000] {logging_mixin.py:188} INFO - [2026-06-28T08:49:08.123+0000] {dag.py:3096} INFO - Sync 1 DAGs
[2026-06-28T08:49:08.140+0000] {logging_mixin.py:188} INFO - [2026-06-28T08:49:08.140+0000] {dag.py:3954} INFO - Setting next_dagrun for tutorial_objectstorage to None, run_after=None
[2026-06-28T08:49:08.178+0000] {processor.py:183} INFO - Processing /home/airflow/.local/lib/python3.12/site-packages/airflow/example_dags/tutorial_objectstorage.py took 0.100 seconds
[2026-06-28T08:49:38.979+0000] {processor.py:161} INFO - Started process (PID=2219) to work on /home/airflow/.local/lib/python3.12/site-packages/airflow/example_dags/tutorial_objectstorage.py
[2026-06-28T08:49:38.984+0000] {processor.py:830} INFO - Processing file /home/airflow/.local/lib/python3.12/site-packages/airflow/example_dags/tutorial_objectstorage.py for tasks to queue
[2026-06-28T08:49:38.986+0000] {logging_mixin.py:188} INFO - [2026-06-28T08:49:38.985+0000] {dagbag.py:545} INFO - Filling up the DagBag from /home/airflow/.local/lib/python3.12/site-packages/airflow/example_dags/tutorial_objectstorage.py
[2026-06-28T08:49:38.994+0000] {processor.py:840} INFO - DAG(s) 'tutorial_objectstorage' retrieved from /home/airflow/.local/lib/python3.12/site-packages/airflow/example_dags/tutorial_objectstorage.py
[2026-06-28T08:49:39.018+0000] {logging_mixin.py:188} INFO - [2026-06-28T08:49:39.018+0000] {dag.py:3096} INFO - Sync 1 DAGs
[2026-06-28T08:49:39.035+0000] {logging_mixin.py:188} INFO - [2026-06-28T08:49:39.035+0000] {dag.py:3954} INFO - Setting next_dagrun for tutorial_objectstorage to None, run_after=None
[2026-06-28T08:49:39.058+0000] {processor.py:183} INFO - Processing /home/airflow/.local/lib/python3.12/site-packages/airflow/example_dags/tutorial_objectstorage.py took 0.086 seconds
[2026-06-28T08:52:50.767+0000] {processor.py:161} INFO - Started process (PID=118) to work on /home/airflow/.local/lib/python3.12/site-packages/airflow/example_dags/tutorial_objectstorage.py
[2026-06-28T08:52:50.782+0000] {processor.py:830} INFO - Processing file /home/airflow/.local/lib/python3.12/site-packages/airflow/example_dags/tutorial_objectstorage.py for tasks to queue
[2026-06-28T08:52:50.791+0000] {logging_mixin.py:188} INFO - [2026-06-28T08:52:50.791+0000] {dagbag.py:545} INFO - Filling up the DagBag from /home/airflow/.local/lib/python3.12/site-packages/airflow/example_dags/tutorial_objectstorage.py
[2026-06-28T08:52:50.855+0000] {processor.py:840} INFO - DAG(s) 'tutorial_objectstorage' retrieved from /home/airflow/.local/lib/python3.12/site-packages/airflow/example_dags/tutorial_objectstorage.py
[2026-06-28T08:52:51.463+0000] {logging_mixin.py:188} INFO - [2026-06-28T08:52:51.463+0000] {dag.py:3096} INFO - Sync 1 DAGs
[2026-06-28T08:52:51.504+0000] {logging_mixin.py:188} INFO - [2026-06-28T08:52:51.504+0000] {dag.py:3954} INFO - Setting next_dagrun for tutorial_objectstorage to None, run_after=None
[2026-06-28T08:52:51.560+0000] {processor.py:183} INFO - Processing /home/airflow/.local/lib/python3.12/site-packages/airflow/example_dags/tutorial_objectstorage.py took 0.815 seconds
[2026-06-28T08:53:21.740+0000] {processor.py:161} INFO - Started process (PID=177) to work on /home/airflow/.local/lib/python3.12/site-packages/airflow/example_dags/tutorial_objectstorage.py
[2026-06-28T08:53:21.744+0000] {processor.py:830} INFO - Processing file /home/airflow/.local/lib/python3.12/site-packages/airflow/example_dags/tutorial_objectstorage.py for tasks to queue
[2026-06-28T08:53:21.750+0000] {logging_mixin.py:188} INFO - [2026-06-28T08:53:21.750+0000] {dagbag.py:545} INFO - Filling up the DagBag from /home/airflow/.local/lib/python3.12/site-packages/airflow/example_dags/tutorial_objectstorage.py
[2026-06-28T08:53:21.782+0000] {processor.py:840} INFO - DAG(s) 'tutorial_objectstorage' retrieved from /home/airflow/.local/lib/python3.12/site-packages/airflow/example_dags/tutorial_objectstorage.py
[2026-06-28T08:53:21.825+0000] {logging_mixin.py:188} INFO - [2026-06-28T08:53:21.825+0000] {dag.py:3096} INFO - Sync 1 DAGs
[2026-06-28T08:53:21.880+0000] {logging_mixin.py:188} INFO - [2026-06-28T08:53:21.879+0000] {dag.py:3954} INFO - Setting next_dagrun for tutorial_objectstorage to None, run_after=None
[2026-06-28T08:53:21.975+0000] {processor.py:183} INFO - Processing /home/airflow/.local/lib/python3.12/site-packages/airflow/example_dags/tutorial_objectstorage.py took 0.261 seconds
[2026-06-28T08:53:52.449+0000] {processor.py:161} INFO - Started process (PID=235) to work on /home/airflow/.local/lib/python3.12/site-packages/airflow/example_dags/tutorial_objectstorage.py
[2026-06-28T08:53:52.450+0000] {processor.py:830} INFO - Processing file /home/airflow/.local/lib/python3.12/site-packages/airflow/example_dags/tutorial_objectstorage.py for tasks to queue
[2026-06-28T08:53:52.452+0000] {logging_mixin.py:188} INFO - [2026-06-28T08:53:52.451+0000] {dagbag.py:545} INFO - Filling up the DagBag from /home/airflow/.local/lib/python3.12/site-packages/airflow/example_dags/tutorial_objectstorage.py
[2026-06-28T08:53:52.462+0000] {processor.py:840} INFO - DAG(s) 'tutorial_objectstorage' retrieved from /home/airflow/.local/lib/python3.12/site-packages/airflow/example_dags/tutorial_objectstorage.py
[2026-06-28T08:53:52.489+0000] {logging_mixin.py:188} INFO - [2026-06-28T08:53:52.488+0000] {dag.py:3096} INFO - Sync 1 DAGs
[2026-06-28T08:53:52.505+0000] {logging_mixin.py:188} INFO - [2026-06-28T08:53:52.505+0000] {dag.py:3954} INFO - Setting next_dagrun for tutorial_objectstorage to None, run_after=None
[2026-06-28T08:53:52.528+0000] {processor.py:183} INFO - Processing /home/airflow/.local/lib/python3.12/site-packages/airflow/example_dags/tutorial_objectstorage.py took 0.089 seconds
[2026-06-28T08:54:23.252+0000] {processor.py:161} INFO - Started process (PID=294) to work on /home/airflow/.local/lib/python3.12/site-packages/airflow/example_dags/tutorial_objectstorage.py
[2026-06-28T08:54:23.254+0000] {processor.py:830} INFO - Processing file /home/airflow/.local/lib/python3.12/site-packages/airflow/example_dags/tutorial_objectstorage.py for tasks to queue
[2026-06-28T08:54:23.258+0000] {logging_mixin.py:188} INFO - [2026-06-28T08:54:23.258+0000] {dagbag.py:545} INFO - Filling up the DagBag from /home/airflow/.local/lib/python3.12/site-packages/airflow/example_dags/tutorial_objectstorage.py
[2026-06-28T08:54:23.291+0000] {processor.py:840} INFO - DAG(s) 'tutorial_objectstorage' retrieved from /home/airflow/.local/lib/python3.12/site-packages/airflow/example_dags/tutorial_objectstorage.py
[2026-06-28T08:54:23.314+0000] {logging_mixin.py:188} INFO - [2026-06-28T08:54:23.314+0000] {dag.py:3096} INFO - Sync 1 DAGs
[2026-06-28T08:54:23.338+0000] {logging_mixin.py:188} INFO - [2026-06-28T08:54:23.338+0000] {dag.py:3954} INFO - Setting next_dagrun for tutorial_objectstorage to None, run_after=None
[2026-06-28T08:54:23.358+0000] {processor.py:183} INFO - Processing /home/airflow/.local/lib/python3.12/site-packages/airflow/example_dags/tutorial_objectstorage.py took 0.123 seconds
[2026-06-28T08:54:53.541+0000] {processor.py:161} INFO - Started process (PID=353) to work on /home/airflow/.local/lib/python3.12/site-packages/airflow/example_dags/tutorial_objectstorage.py
[2026-06-28T08:54:53.542+0000] {processor.py:830} INFO - Processing file /home/airflow/.local/lib/python3.12/site-packages/airflow/example_dags/tutorial_objectstorage.py for tasks to queue
[2026-06-28T08:54:53.544+0000] {logging_mixin.py:188} INFO - [2026-06-28T08:54:53.544+0000] {dagbag.py:545} INFO - Filling up the DagBag from /home/airflow/.local/lib/python3.12/site-packages/airflow/example_dags/tutorial_objectstorage.py
[2026-06-28T08:54:53.554+0000] {processor.py:840} INFO - DAG(s) 'tutorial_objectstorage' retrieved from /home/airflow/.local/lib/python3.12/site-packages/airflow/example_dags/tutorial_objectstorage.py
[2026-06-28T08:54:53.575+0000] {logging_mixin.py:188} INFO - [2026-06-28T08:54:53.575+0000] {dag.py:3096} INFO - Sync 1 DAGs
[2026-06-28T08:54:53.591+0000] {logging_mixin.py:188} INFO - [2026-06-28T08:54:53.591+0000] {dag.py:3954} INFO - Setting next_dagrun for tutorial_objectstorage to None, run_after=None
[2026-06-28T08:54:53.612+0000] {processor.py:183} INFO - Processing /home/airflow/.local/lib/python3.12/site-packages/airflow/example_dags/tutorial_objectstorage.py took 0.078 seconds
[2026-06-28T08:55:23.942+0000] {processor.py:161} INFO - Started process (PID=412) to work on /home/airflow/.local/lib/python3.12/site-packages/airflow/example_dags/tutorial_objectstorage.py
[2026-06-28T08:55:23.943+0000] {processor.py:830} INFO - Processing file /home/airflow/.local/lib/python3.12/site-packages/airflow/example_dags/tutorial_objectstorage.py for tasks to queue
[2026-06-28T08:55:23.945+0000] {logging_mixin.py:188} INFO - [2026-06-28T08:55:23.945+0000] {dagbag.py:545} INFO - Filling up the DagBag from /home/airflow/.local/lib/python3.12/site-packages/airflow/example_dags/tutorial_objectstorage.py
[2026-06-28T08:55:23.953+0000] {processor.py:840} INFO - DAG(s) 'tutorial_objectstorage' retrieved from /home/airflow/.local/lib/python3.12/site-packages/airflow/example_dags/tutorial_objectstorage.py
[2026-06-28T08:55:23.978+0000] {logging_mixin.py:188} INFO - [2026-06-28T08:55:23.978+0000] {dag.py:3096} INFO - Sync 1 DAGs
[2026-06-28T08:55:23.994+0000] {logging_mixin.py:188} INFO - [2026-06-28T08:55:23.994+0000] {dag.py:3954} INFO - Setting next_dagrun for tutorial_objectstorage to None, run_after=None
[2026-06-28T08:55:24.018+0000] {processor.py:183} INFO - Processing /home/airflow/.local/lib/python3.12/site-packages/airflow/example_dags/tutorial_objectstorage.py took 0.086 seconds
[2026-06-28T08:55:54.371+0000] {processor.py:161} INFO - Started process (PID=471) to work on /home/airflow/.local/lib/python3.12/site-packages/airflow/example_dags/tutorial_objectstorage.py
[2026-06-28T08:55:54.372+0000] {processor.py:830} INFO - Processing file /home/airflow/.local/lib/python3.12/site-packages/airflow/example_dags/tutorial_objectstorage.py for tasks to queue
[2026-06-28T08:55:54.375+0000] {logging_mixin.py:188} INFO - [2026-06-28T08:55:54.374+0000] {dagbag.py:545} INFO - Filling up the DagBag from /home/airflow/.local/lib/python3.12/site-packages/airflow/example_dags/tutorial_objectstorage.py
[2026-06-28T08:55:54.385+0000] {processor.py:840} INFO - DAG(s) 'tutorial_objectstorage' retrieved from /home/airflow/.local/lib/python3.12/site-packages/airflow/example_dags/tutorial_objectstorage.py
[2026-06-28T08:55:54.408+0000] {logging_mixin.py:188} INFO - [2026-06-28T08:55:54.407+0000] {dag.py:3096} INFO - Sync 1 DAGs
[2026-06-28T08:55:54.424+0000] {logging_mixin.py:188} INFO - [2026-06-28T08:55:54.424+0000] {dag.py:3954} INFO - Setting next_dagrun for tutorial_objectstorage to None, run_after=None
[2026-06-28T08:55:54.450+0000] {processor.py:183} INFO - Processing /home/airflow/.local/lib/python3.12/site-packages/airflow/example_dags/tutorial_objectstorage.py took 0.092 seconds
[2026-06-28T08:56:24.638+0000] {processor.py:161} INFO - Started process (PID=530) to work on /home/airflow/.local/lib/python3.12/site-packages/airflow/example_dags/tutorial_objectstorage.py
[2026-06-28T08:56:24.642+0000] {processor.py:830} INFO - Processing file /home/airflow/.local/lib/python3.12/site-packages/airflow/example_dags/tutorial_objectstorage.py for tasks to queue
[2026-06-28T08:56:24.648+0000] {logging_mixin.py:188} INFO - [2026-06-28T08:56:24.647+0000] {dagbag.py:545} INFO - Filling up the DagBag from /home/airflow/.local/lib/python3.12/site-packages/airflow/example_dags/tutorial_objectstorage.py
[2026-06-28T08:56:24.685+0000] {processor.py:840} INFO - DAG(s) 'tutorial_objectstorage' retrieved from /home/airflow/.local/lib/python3.12/site-packages/airflow/example_dags/tutorial_objectstorage.py
[2026-06-28T08:56:24.766+0000] {logging_mixin.py:188} INFO - [2026-06-28T08:56:24.766+0000] {dag.py:3096} INFO - Sync 1 DAGs
[2026-06-28T08:56:24.813+0000] {logging_mixin.py:188} INFO - [2026-06-28T08:56:24.812+0000] {dag.py:3954} INFO - Setting next_dagrun for tutorial_objectstorage to None, run_after=None
[2026-06-28T08:56:24.877+0000] {processor.py:183} INFO - Processing /home/airflow/.local/lib/python3.12/site-packages/airflow/example_dags/tutorial_objectstorage.py took 0.263 seconds
[2026-06-28T08:56:55.686+0000] {processor.py:161} INFO - Started process (PID=589) to work on /home/airflow/.local/lib/python3.12/site-packages/airflow/example_dags/tutorial_objectstorage.py
[2026-06-28T08:56:55.687+0000] {processor.py:830} INFO - Processing file /home/airflow/.local/lib/python3.12/site-packages/airflow/example_dags/tutorial_objectstorage.py for tasks to queue
[2026-06-28T08:56:55.689+0000] {logging_mixin.py:188} INFO - [2026-06-28T08:56:55.689+0000] {dagbag.py:545} INFO - Filling up the DagBag from /home/airflow/.local/lib/python3.12/site-packages/airflow/example_dags/tutorial_objectstorage.py
[2026-06-28T08:56:55.697+0000] {processor.py:840} INFO - DAG(s) 'tutorial_objectstorage' retrieved from /home/airflow/.local/lib/python3.12/site-packages/airflow/example_dags/tutorial_objectstorage.py
[2026-06-28T08:56:55.719+0000] {logging_mixin.py:188} INFO - [2026-06-28T08:56:55.719+0000] {dag.py:3096} INFO - Sync 1 DAGs
[2026-06-28T08:56:55.735+0000] {logging_mixin.py:188} INFO - [2026-06-28T08:56:55.735+0000] {dag.py:3954} INFO - Setting next_dagrun for tutorial_objectstorage to None, run_after=None
[2026-06-28T08:56:55.756+0000] {processor.py:183} INFO - Processing /home/airflow/.local/lib/python3.12/site-packages/airflow/example_dags/tutorial_objectstorage.py took 0.077 seconds
[2026-06-28T08:57:26.323+0000] {processor.py:161} INFO - Started process (PID=648) to work on /home/airflow/.local/lib/python3.12/site-packages/airflow/example_dags/tutorial_objectstorage.py
[2026-06-28T08:57:26.324+0000] {processor.py:830} INFO - Processing file /home/airflow/.local/lib/python3.12/site-packages/airflow/example_dags/tutorial_objectstorage.py for tasks to queue
[2026-06-28T08:57:26.326+0000] {logging_mixin.py:188} INFO - [2026-06-28T08:57:26.326+0000] {dagbag.py:545} INFO - Filling up the DagBag from /home/airflow/.local/lib/python3.12/site-packages/airflow/example_dags/tutorial_objectstorage.py
[2026-06-28T08:57:26.335+0000] {processor.py:840} INFO - DAG(s) 'tutorial_objectstorage' retrieved from /home/airflow/.local/lib/python3.12/site-packages/airflow/example_dags/tutorial_objectstorage.py
[2026-06-28T08:57:26.356+0000] {logging_mixin.py:188} INFO - [2026-06-28T08:57:26.356+0000] {dag.py:3096} INFO - Sync 1 DAGs
[2026-06-28T08:57:26.372+0000] {logging_mixin.py:188} INFO - [2026-06-28T08:57:26.372+0000] {dag.py:3954} INFO - Setting next_dagrun for tutorial_objectstorage to None, run_after=None
[2026-06-28T08:57:26.397+0000] {processor.py:183} INFO - Processing /home/airflow/.local/lib/python3.12/site-packages/airflow/example_dags/tutorial_objectstorage.py took 0.081 seconds
[2026-06-28T08:57:56.600+0000] {processor.py:161} INFO - Started process (PID=707) to work on /home/airflow/.local/lib/python3.12/site-packages/airflow/example_dags/tutorial_objectstorage.py
[2026-06-28T08:57:56.601+0000] {processor.py:830} INFO - Processing file /home/airflow/.local/lib/python3.12/site-packages/airflow/example_dags/tutorial_objectstorage.py for tasks to queue
[2026-06-28T08:57:56.603+0000] {logging_mixin.py:188} INFO - [2026-06-28T08:57:56.602+0000] {dagbag.py:545} INFO - Filling up the DagBag from /home/airflow/.local/lib/python3.12/site-packages/airflow/example_dags/tutorial_objectstorage.py
[2026-06-28T08:57:56.611+0000] {processor.py:840} INFO - DAG(s) 'tutorial_objectstorage' retrieved from /home/airflow/.local/lib/python3.12/site-packages/airflow/example_dags/tutorial_objectstorage.py
[2026-06-28T08:57:56.634+0000] {logging_mixin.py:188} INFO - [2026-06-28T08:57:56.633+0000] {dag.py:3096} INFO - Sync 1 DAGs
[2026-06-28T08:57:56.650+0000] {logging_mixin.py:188} INFO - [2026-06-28T08:57:56.649+0000] {dag.py:3954} INFO - Setting next_dagrun for tutorial_objectstorage to None, run_after=None
[2026-06-28T08:57:56.675+0000] {processor.py:183} INFO - Processing /home/airflow/.local/lib/python3.12/site-packages/airflow/example_dags/tutorial_objectstorage.py took 0.082 seconds
[2026-06-28T08:58:27.698+0000] {processor.py:161} INFO - Started process (PID=766) to work on /home/airflow/.local/lib/python3.12/site-packages/airflow/example_dags/tutorial_objectstorage.py
[2026-06-28T08:58:27.698+0000] {processor.py:830} INFO - Processing file /home/airflow/.local/lib/python3.12/site-packages/airflow/example_dags/tutorial_objectstorage.py for tasks to queue
[2026-06-28T08:58:27.701+0000] {logging_mixin.py:188} INFO - [2026-06-28T08:58:27.700+0000] {dagbag.py:545} INFO - Filling up the DagBag from /home/airflow/.local/lib/python3.12/site-packages/airflow/example_dags/tutorial_objectstorage.py
[2026-06-28T08:58:27.709+0000] {processor.py:840} INFO - DAG(s) 'tutorial_objectstorage' retrieved from /home/airflow/.local/lib/python3.12/site-packages/airflow/example_dags/tutorial_objectstorage.py
[2026-06-28T08:58:27.731+0000] {logging_mixin.py:188} INFO - [2026-06-28T08:58:27.731+0000] {dag.py:3096} INFO - Sync 1 DAGs
[2026-06-28T08:58:27.747+0000] {logging_mixin.py:188} INFO - [2026-06-28T08:58:27.747+0000] {dag.py:3954} INFO - Setting next_dagrun for tutorial_objectstorage to None, run_after=None
[2026-06-28T08:58:27.769+0000] {processor.py:183} INFO - Processing /home/airflow/.local/lib/python3.12/site-packages/airflow/example_dags/tutorial_objectstorage.py took 0.080 seconds
[2026-06-28T08:58:58.226+0000] {processor.py:161} INFO - Started process (PID=825) to work on /home/airflow/.local/lib/python3.12/site-packages/airflow/example_dags/tutorial_objectstorage.py
[2026-06-28T08:58:58.227+0000] {processor.py:830} INFO - Processing file /home/airflow/.local/lib/python3.12/site-packages/airflow/example_dags/tutorial_objectstorage.py for tasks to queue
[2026-06-28T08:58:58.229+0000] {logging_mixin.py:188} INFO - [2026-06-28T08:58:58.228+0000] {dagbag.py:545} INFO - Filling up the DagBag from /home/airflow/.local/lib/python3.12/site-packages/airflow/example_dags/tutorial_objectstorage.py
[2026-06-28T08:58:58.238+0000] {processor.py:840} INFO - DAG(s) 'tutorial_objectstorage' retrieved from /home/airflow/.local/lib/python3.12/site-packages/airflow/example_dags/tutorial_objectstorage.py
[2026-06-28T08:58:58.261+0000] {logging_mixin.py:188} INFO - [2026-06-28T08:58:58.260+0000] {dag.py:3096} INFO - Sync 1 DAGs
[2026-06-28T08:58:58.279+0000] {logging_mixin.py:188} INFO - [2026-06-28T08:58:58.278+0000] {dag.py:3954} INFO - Setting next_dagrun for tutorial_objectstorage to None, run_after=None
[2026-06-28T08:58:58.302+0000] {processor.py:183} INFO - Processing /home/airflow/.local/lib/python3.12/site-packages/airflow/example_dags/tutorial_objectstorage.py took 0.083 seconds
[2026-06-28T08:59:28.894+0000] {processor.py:161} INFO - Started process (PID=884) to work on /home/airflow/.local/lib/python3.12/site-packages/airflow/example_dags/tutorial_objectstorage.py
[2026-06-28T08:59:28.895+0000] {processor.py:830} INFO - Processing file /home/airflow/.local/lib/python3.12/site-packages/airflow/example_dags/tutorial_objectstorage.py for tasks to queue
[2026-06-28T08:59:28.897+0000] {logging_mixin.py:188} INFO - [2026-06-28T08:59:28.896+0000] {dagbag.py:545} INFO - Filling up the DagBag from /home/airflow/.local/lib/python3.12/site-packages/airflow/example_dags/tutorial_objectstorage.py
[2026-06-28T08:59:28.906+0000] {processor.py:840} INFO - DAG(s) 'tutorial_objectstorage' retrieved from /home/airflow/.local/lib/python3.12/site-packages/airflow/example_dags/tutorial_objectstorage.py
[2026-06-28T08:59:28.928+0000] {logging_mixin.py:188} INFO - [2026-06-28T08:59:28.928+0000] {dag.py:3096} INFO - Sync 1 DAGs
[2026-06-28T08:59:28.946+0000] {logging_mixin.py:188} INFO - [2026-06-28T08:59:28.946+0000] {dag.py:3954} INFO - Setting next_dagrun for tutorial_objectstorage to None, run_after=None
[2026-06-28T08:59:28.977+0000] {processor.py:183} INFO - Processing /home/airflow/.local/lib/python3.12/site-packages/airflow/example_dags/tutorial_objectstorage.py took 0.090 seconds
[2026-06-28T08:59:59.506+0000] {processor.py:161} INFO - Started process (PID=943) to work on /home/airflow/.local/lib/python3.12/site-packages/airflow/example_dags/tutorial_objectstorage.py
[2026-06-28T08:59:59.507+0000] {processor.py:830} INFO - Processing file /home/airflow/.local/lib/python3.12/site-packages/airflow/example_dags/tutorial_objectstorage.py for tasks to queue
[2026-06-28T08:59:59.511+0000] {logging_mixin.py:188} INFO - [2026-06-28T08:59:59.511+0000] {dagbag.py:545} INFO - Filling up the DagBag from /home/airflow/.local/lib/python3.12/site-packages/airflow/example_dags/tutorial_objectstorage.py
[2026-06-28T08:59:59.534+0000] {processor.py:840} INFO - DAG(s) 'tutorial_objectstorage' retrieved from /home/airflow/.local/lib/python3.12/site-packages/airflow/example_dags/tutorial_objectstorage.py
[2026-06-28T08:59:59.573+0000] {logging_mixin.py:188} INFO - [2026-06-28T08:59:59.573+0000] {dag.py:3096} INFO - Sync 1 DAGs
[2026-06-28T08:59:59.607+0000] {logging_mixin.py:188} INFO - [2026-06-28T08:59:59.606+0000] {dag.py:3954} INFO - Setting next_dagrun for tutorial_objectstorage to None, run_after=None
[2026-06-28T08:59:59.654+0000] {processor.py:183} INFO - Processing /home/airflow/.local/lib/python3.12/site-packages/airflow/example_dags/tutorial_objectstorage.py took 0.165 seconds
[2026-06-28T09:00:29.860+0000] {processor.py:161} INFO - Started process (PID=1002) to work on /home/airflow/.local/lib/python3.12/site-packages/airflow/example_dags/tutorial_objectstorage.py
[2026-06-28T09:00:29.864+0000] {processor.py:830} INFO - Processing file /home/airflow/.local/lib/python3.12/site-packages/airflow/example_dags/tutorial_objectstorage.py for tasks to queue
[2026-06-28T09:00:29.883+0000] {logging_mixin.py:188} INFO - [2026-06-28T09:00:29.881+0000] {dagbag.py:545} INFO - Filling up the DagBag from /home/airflow/.local/lib/python3.12/site-packages/airflow/example_dags/tutorial_objectstorage.py
[2026-06-28T09:00:29.916+0000] {processor.py:840} INFO - DAG(s) 'tutorial_objectstorage' retrieved from /home/airflow/.local/lib/python3.12/site-packages/airflow/example_dags/tutorial_objectstorage.py
[2026-06-28T09:00:29.998+0000] {logging_mixin.py:188} INFO - [2026-06-28T09:00:29.997+0000] {dag.py:3096} INFO - Sync 1 DAGs
[2026-06-28T09:00:30.015+0000] {logging_mixin.py:188} INFO - [2026-06-28T09:00:30.014+0000] {dag.py:3954} INFO - Setting next_dagrun for tutorial_objectstorage to None, run_after=None
[2026-06-28T09:00:30.035+0000] {processor.py:183} INFO - Processing /home/airflow/.local/lib/python3.12/site-packages/airflow/example_dags/tutorial_objectstorage.py took 0.242 seconds
[2026-06-28T09:01:00.102+0000] {processor.py:161} INFO - Started process (PID=1061) to work on /home/airflow/.local/lib/python3.12/site-packages/airflow/example_dags/tutorial_objectstorage.py
[2026-06-28T09:01:00.103+0000] {processor.py:830} INFO - Processing file /home/airflow/.local/lib/python3.12/site-packages/airflow/example_dags/tutorial_objectstorage.py for tasks to queue
[2026-06-28T09:01:00.105+0000] {logging_mixin.py:188} INFO - [2026-06-28T09:01:00.104+0000] {dagbag.py:545} INFO - Filling up the DagBag from /home/airflow/.local/lib/python3.12/site-packages/airflow/example_dags/tutorial_objectstorage.py
[2026-06-28T09:01:00.116+0000] {processor.py:840} INFO - DAG(s) 'tutorial_objectstorage' retrieved from /home/airflow/.local/lib/python3.12/site-packages/airflow/example_dags/tutorial_objectstorage.py
[2026-06-28T09:01:00.138+0000] {logging_mixin.py:188} INFO - [2026-06-28T09:01:00.138+0000] {dag.py:3096} INFO - Sync 1 DAGs
[2026-06-28T09:01:00.155+0000] {logging_mixin.py:188} INFO - [2026-06-28T09:01:00.155+0000] {dag.py:3954} INFO - Setting next_dagrun for tutorial_objectstorage to None, run_after=None
[2026-06-28T09:01:00.179+0000] {processor.py:183} INFO - Processing /home/airflow/.local/lib/python3.12/site-packages/airflow/example_dags/tutorial_objectstorage.py took 0.084 seconds
[2026-06-28T09:01:30.248+0000] {processor.py:161} INFO - Started process (PID=1120) to work on /home/airflow/.local/lib/python3.12/site-packages/airflow/example_dags/tutorial_objectstorage.py
[2026-06-28T09:01:30.249+0000] {processor.py:830} INFO - Processing file /home/airflow/.local/lib/python3.12/site-packages/airflow/example_dags/tutorial_objectstorage.py for tasks to queue
[2026-06-28T09:01:30.251+0000] {logging_mixin.py:188} INFO - [2026-06-28T09:01:30.250+0000] {dagbag.py:545} INFO - Filling up the DagBag from /home/airflow/.local/lib/python3.12/site-packages/airflow/example_dags/tutorial_objectstorage.py
[2026-06-28T09:01:30.261+0000] {processor.py:840} INFO - DAG(s) 'tutorial_objectstorage' retrieved from /home/airflow/.local/lib/python3.12/site-packages/airflow/example_dags/tutorial_objectstorage.py
[2026-06-28T09:01:30.283+0000] {logging_mixin.py:188} INFO - [2026-06-28T09:01:30.283+0000] {dag.py:3096} INFO - Sync 1 DAGs
[2026-06-28T09:01:30.299+0000] {logging_mixin.py:188} INFO - [2026-06-28T09:01:30.299+0000] {dag.py:3954} INFO - Setting next_dagrun for tutorial_objectstorage to None, run_after=None
[2026-06-28T09:01:30.323+0000] {processor.py:183} INFO - Processing /home/airflow/.local/lib/python3.12/site-packages/airflow/example_dags/tutorial_objectstorage.py took 0.082 seconds
[2026-06-28T09:02:00.489+0000] {processor.py:161} INFO - Started process (PID=1179) to work on /home/airflow/.local/lib/python3.12/site-packages/airflow/example_dags/tutorial_objectstorage.py
[2026-06-28T09:02:00.490+0000] {processor.py:830} INFO - Processing file /home/airflow/.local/lib/python3.12/site-packages/airflow/example_dags/tutorial_objectstorage.py for tasks to queue
[2026-06-28T09:02:00.492+0000] {logging_mixin.py:188} INFO - [2026-06-28T09:02:00.492+0000] {dagbag.py:545} INFO - Filling up the DagBag from /home/airflow/.local/lib/python3.12/site-packages/airflow/example_dags/tutorial_objectstorage.py
[2026-06-28T09:02:00.501+0000] {processor.py:840} INFO - DAG(s) 'tutorial_objectstorage' retrieved from /home/airflow/.local/lib/python3.12/site-packages/airflow/example_dags/tutorial_objectstorage.py
[2026-06-28T09:02:00.523+0000] {logging_mixin.py:188} INFO - [2026-06-28T09:02:00.522+0000] {dag.py:3096} INFO - Sync 1 DAGs
[2026-06-28T09:02:00.539+0000] {logging_mixin.py:188} INFO - [2026-06-28T09:02:00.538+0000] {dag.py:3954} INFO - Setting next_dagrun for tutorial_objectstorage to None, run_after=None
[2026-06-28T09:02:00.562+0000] {processor.py:183} INFO - Processing /home/airflow/.local/lib/python3.12/site-packages/airflow/example_dags/tutorial_objectstorage.py took 0.080 seconds
[2026-06-28T09:02:31.038+0000] {processor.py:161} INFO - Started process (PID=1238) to work on /home/airflow/.local/lib/python3.12/site-packages/airflow/example_dags/tutorial_objectstorage.py
[2026-06-28T09:02:31.039+0000] {processor.py:830} INFO - Processing file /home/airflow/.local/lib/python3.12/site-packages/airflow/example_dags/tutorial_objectstorage.py for tasks to queue
[2026-06-28T09:02:31.041+0000] {logging_mixin.py:188} INFO - [2026-06-28T09:02:31.041+0000] {dagbag.py:545} INFO - Filling up the DagBag from /home/airflow/.local/lib/python3.12/site-packages/airflow/example_dags/tutorial_objectstorage.py
[2026-06-28T09:02:31.050+0000] {processor.py:840} INFO - DAG(s) 'tutorial_objectstorage' retrieved from /home/airflow/.local/lib/python3.12/site-packages/airflow/example_dags/tutorial_objectstorage.py
[2026-06-28T09:02:31.074+0000] {logging_mixin.py:188} INFO - [2026-06-28T09:02:31.073+0000] {dag.py:3096} INFO - Sync 1 DAGs
[2026-06-28T09:02:31.090+0000] {logging_mixin.py:188} INFO - [2026-06-28T09:02:31.090+0000] {dag.py:3954} INFO - Setting next_dagrun for tutorial_objectstorage to None, run_after=None
[2026-06-28T09:02:31.111+0000] {processor.py:183} INFO - Processing /home/airflow/.local/lib/python3.12/site-packages/airflow/example_dags/tutorial_objectstorage.py took 0.080 seconds
[2026-06-28T09:03:01.171+0000] {processor.py:161} INFO - Started process (PID=1294) to work on /home/airflow/.local/lib/python3.12/site-packages/airflow/example_dags/tutorial_objectstorage.py
[2026-06-28T09:03:01.172+0000] {processor.py:830} INFO - Processing file /home/airflow/.local/lib/python3.12/site-packages/airflow/example_dags/tutorial_objectstorage.py for tasks to queue
[2026-06-28T09:03:01.175+0000] {logging_mixin.py:188} INFO - [2026-06-28T09:03:01.174+0000] {dagbag.py:545} INFO - Filling up the DagBag from /home/airflow/.local/lib/python3.12/site-packages/airflow/example_dags/tutorial_objectstorage.py
[2026-06-28T09:03:01.184+0000] {processor.py:840} INFO - DAG(s) 'tutorial_objectstorage' retrieved from /home/airflow/.local/lib/python3.12/site-packages/airflow/example_dags/tutorial_objectstorage.py
[2026-06-28T09:03:01.207+0000] {logging_mixin.py:188} INFO - [2026-06-28T09:03:01.207+0000] {dag.py:3096} INFO - Sync 1 DAGs
[2026-06-28T09:03:01.224+0000] {logging_mixin.py:188} INFO - [2026-06-28T09:03:01.224+0000] {dag.py:3954} INFO - Setting next_dagrun for tutorial_objectstorage to None, run_after=None
[2026-06-28T09:03:01.254+0000] {processor.py:183} INFO - Processing /home/airflow/.local/lib/python3.12/site-packages/airflow/example_dags/tutorial_objectstorage.py took 0.093 seconds
[2026-06-28T09:03:31.577+0000] {processor.py:161} INFO - Started process (PID=1353) to work on /home/airflow/.local/lib/python3.12/site-packages/airflow/example_dags/tutorial_objectstorage.py
[2026-06-28T09:03:31.578+0000] {processor.py:830} INFO - Processing file /home/airflow/.local/lib/python3.12/site-packages/airflow/example_dags/tutorial_objectstorage.py for tasks to queue
[2026-06-28T09:03:31.580+0000] {logging_mixin.py:188} INFO - [2026-06-28T09:03:31.579+0000] {dagbag.py:545} INFO - Filling up the DagBag from /home/airflow/.local/lib/python3.12/site-packages/airflow/example_dags/tutorial_objectstorage.py
[2026-06-28T09:03:31.589+0000] {processor.py:840} INFO - DAG(s) 'tutorial_objectstorage' retrieved from /home/airflow/.local/lib/python3.12/site-packages/airflow/example_dags/tutorial_objectstorage.py
[2026-06-28T09:03:31.610+0000] {logging_mixin.py:188} INFO - [2026-06-28T09:03:31.610+0000] {dag.py:3096} INFO - Sync 1 DAGs
[2026-06-28T09:03:31.627+0000] {logging_mixin.py:188} INFO - [2026-06-28T09:03:31.627+0000] {dag.py:3954} INFO - Setting next_dagrun for tutorial_objectstorage to None, run_after=None
[2026-06-28T09:03:31.654+0000] {processor.py:183} INFO - Processing /home/airflow/.local/lib/python3.12/site-packages/airflow/example_dags/tutorial_objectstorage.py took 0.088 seconds
[2026-06-28T09:04:01.954+0000] {processor.py:161} INFO - Started process (PID=1412) to work on /home/airflow/.local/lib/python3.12/site-packages/airflow/example_dags/tutorial_objectstorage.py
[2026-06-28T09:04:01.956+0000] {processor.py:830} INFO - Processing file /home/airflow/.local/lib/python3.12/site-packages/airflow/example_dags/tutorial_objectstorage.py for tasks to queue
[2026-06-28T09:04:01.959+0000] {logging_mixin.py:188} INFO - [2026-06-28T09:04:01.959+0000] {dagbag.py:545} INFO - Filling up the DagBag from /home/airflow/.local/lib/python3.12/site-packages/airflow/example_dags/tutorial_objectstorage.py
[2026-06-28T09:04:01.979+0000] {processor.py:840} INFO - DAG(s) 'tutorial_objectstorage' retrieved from /home/airflow/.local/lib/python3.12/site-packages/airflow/example_dags/tutorial_objectstorage.py
[2026-06-28T09:04:02.141+0000] {logging_mixin.py:188} INFO - [2026-06-28T09:04:02.141+0000] {dag.py:3096} INFO - Sync 1 DAGs
[2026-06-28T09:04:02.200+0000] {logging_mixin.py:188} INFO - [2026-06-28T09:04:02.200+0000] {dag.py:3954} INFO - Setting next_dagrun for tutorial_objectstorage to None, run_after=None
[2026-06-28T09:04:02.343+0000] {processor.py:183} INFO - Processing /home/airflow/.local/lib/python3.12/site-packages/airflow/example_dags/tutorial_objectstorage.py took 0.418 seconds
[2026-06-28T09:04:33.004+0000] {processor.py:161} INFO - Started process (PID=1471) to work on /home/airflow/.local/lib/python3.12/site-packages/airflow/example_dags/tutorial_objectstorage.py
[2026-06-28T09:04:33.005+0000] {processor.py:830} INFO - Processing file /home/airflow/.local/lib/python3.12/site-packages/airflow/example_dags/tutorial_objectstorage.py for tasks to queue
[2026-06-28T09:04:33.007+0000] {logging_mixin.py:188} INFO - [2026-06-28T09:04:33.007+0000] {dagbag.py:545} INFO - Filling up the DagBag from /home/airflow/.local/lib/python3.12/site-packages/airflow/example_dags/tutorial_objectstorage.py
[2026-06-28T09:04:33.016+0000] {processor.py:840} INFO - DAG(s) 'tutorial_objectstorage' retrieved from /home/airflow/.local/lib/python3.12/site-packages/airflow/example_dags/tutorial_objectstorage.py
[2026-06-28T09:04:33.041+0000] {logging_mixin.py:188} INFO - [2026-06-28T09:04:33.041+0000] {dag.py:3096} INFO - Sync 1 DAGs
[2026-06-28T09:04:33.058+0000] {logging_mixin.py:188} INFO - [2026-06-28T09:04:33.057+0000] {dag.py:3954} INFO - Setting next_dagrun for tutorial_objectstorage to None, run_after=None
[2026-06-28T09:04:33.084+0000] {processor.py:183} INFO - Processing /home/airflow/.local/lib/python3.12/site-packages/airflow/example_dags/tutorial_objectstorage.py took 0.091 seconds
[2026-06-28T09:05:03.598+0000] {processor.py:161} INFO - Started process (PID=1537) to work on /home/airflow/.local/lib/python3.12/site-packages/airflow/example_dags/tutorial_objectstorage.py
[2026-06-28T09:05:03.599+0000] {processor.py:830} INFO - Processing file /home/airflow/.local/lib/python3.12/site-packages/airflow/example_dags/tutorial_objectstorage.py for tasks to queue
[2026-06-28T09:05:03.601+0000] {logging_mixin.py:188} INFO - [2026-06-28T09:05:03.601+0000] {dagbag.py:545} INFO - Filling up the DagBag from /home/airflow/.local/lib/python3.12/site-packages/airflow/example_dags/tutorial_objectstorage.py
[2026-06-28T09:05:03.610+0000] {processor.py:840} INFO - DAG(s) 'tutorial_objectstorage' retrieved from /home/airflow/.local/lib/python3.12/site-packages/airflow/example_dags/tutorial_objectstorage.py
[2026-06-28T09:05:03.633+0000] {logging_mixin.py:188} INFO - [2026-06-28T09:05:03.633+0000] {dag.py:3096} INFO - Sync 1 DAGs
[2026-06-28T09:05:03.651+0000] {logging_mixin.py:188} INFO - [2026-06-28T09:05:03.650+0000] {dag.py:3954} INFO - Setting next_dagrun for tutorial_objectstorage to None, run_after=None
[2026-06-28T09:05:03.701+0000] {processor.py:183} INFO - Processing /home/airflow/.local/lib/python3.12/site-packages/airflow/example_dags/tutorial_objectstorage.py took 0.110 seconds
[2026-06-28T09:05:34.616+0000] {processor.py:161} INFO - Started process (PID=1596) to work on /home/airflow/.local/lib/python3.12/site-packages/airflow/example_dags/tutorial_objectstorage.py
[2026-06-28T09:05:34.617+0000] {processor.py:830} INFO - Processing file /home/airflow/.local/lib/python3.12/site-packages/airflow/example_dags/tutorial_objectstorage.py for tasks to queue
[2026-06-28T09:05:34.619+0000] {logging_mixin.py:188} INFO - [2026-06-28T09:05:34.619+0000] {dagbag.py:545} INFO - Filling up the DagBag from /home/airflow/.local/lib/python3.12/site-packages/airflow/example_dags/tutorial_objectstorage.py
[2026-06-28T09:05:34.628+0000] {processor.py:840} INFO - DAG(s) 'tutorial_objectstorage' retrieved from /home/airflow/.local/lib/python3.12/site-packages/airflow/example_dags/tutorial_objectstorage.py
[2026-06-28T09:05:34.650+0000] {logging_mixin.py:188} INFO - [2026-06-28T09:05:34.649+0000] {dag.py:3096} INFO - Sync 1 DAGs
[2026-06-28T09:05:34.666+0000] {logging_mixin.py:188} INFO - [2026-06-28T09:05:34.666+0000] {dag.py:3954} INFO - Setting next_dagrun for tutorial_objectstorage to None, run_after=None
[2026-06-28T09:05:34.688+0000] {processor.py:183} INFO - Processing /home/airflow/.local/lib/python3.12/site-packages/airflow/example_dags/tutorial_objectstorage.py took 0.078 seconds
[2026-06-28T09:06:05.390+0000] {processor.py:161} INFO - Started process (PID=1655) to work on /home/airflow/.local/lib/python3.12/site-packages/airflow/example_dags/tutorial_objectstorage.py
[2026-06-28T09:06:05.390+0000] {processor.py:830} INFO - Processing file /home/airflow/.local/lib/python3.12/site-packages/airflow/example_dags/tutorial_objectstorage.py for tasks to queue
[2026-06-28T09:06:05.394+0000] {logging_mixin.py:188} INFO - [2026-06-28T09:06:05.394+0000] {dagbag.py:545} INFO - Filling up the DagBag from /home/airflow/.local/lib/python3.12/site-packages/airflow/example_dags/tutorial_objectstorage.py
[2026-06-28T09:06:05.406+0000] {processor.py:840} INFO - DAG(s) 'tutorial_objectstorage' retrieved from /home/airflow/.local/lib/python3.12/site-packages/airflow/example_dags/tutorial_objectstorage.py
[2026-06-28T09:06:05.428+0000] {logging_mixin.py:188} INFO - [2026-06-28T09:06:05.428+0000] {dag.py:3096} INFO - Sync 1 DAGs
[2026-06-28T09:06:05.446+0000] {logging_mixin.py:188} INFO - [2026-06-28T09:06:05.446+0000] {dag.py:3954} INFO - Setting next_dagrun for tutorial_objectstorage to None, run_after=None
[2026-06-28T09:06:05.466+0000] {processor.py:183} INFO - Processing /home/airflow/.local/lib/python3.12/site-packages/airflow/example_dags/tutorial_objectstorage.py took 0.084 seconds
[2026-06-28T09:06:35.997+0000] {processor.py:161} INFO - Started process (PID=1714) to work on /home/airflow/.local/lib/python3.12/site-packages/airflow/example_dags/tutorial_objectstorage.py
[2026-06-28T09:06:35.998+0000] {processor.py:830} INFO - Processing file /home/airflow/.local/lib/python3.12/site-packages/airflow/example_dags/tutorial_objectstorage.py for tasks to queue
[2026-06-28T09:06:36.001+0000] {logging_mixin.py:188} INFO - [2026-06-28T09:06:36.000+0000] {dagbag.py:545} INFO - Filling up the DagBag from /home/airflow/.local/lib/python3.12/site-packages/airflow/example_dags/tutorial_objectstorage.py
[2026-06-28T09:06:36.009+0000] {processor.py:840} INFO - DAG(s) 'tutorial_objectstorage' retrieved from /home/airflow/.local/lib/python3.12/site-packages/airflow/example_dags/tutorial_objectstorage.py
[2026-06-28T09:06:36.034+0000] {logging_mixin.py:188} INFO - [2026-06-28T09:06:36.034+0000] {dag.py:3096} INFO - Sync 1 DAGs
[2026-06-28T09:06:36.051+0000] {logging_mixin.py:188} INFO - [2026-06-28T09:06:36.051+0000] {dag.py:3954} INFO - Setting next_dagrun for tutorial_objectstorage to None, run_after=None
[2026-06-28T09:06:36.077+0000] {processor.py:183} INFO - Processing /home/airflow/.local/lib/python3.12/site-packages/airflow/example_dags/tutorial_objectstorage.py took 0.087 seconds
[2026-06-28T09:07:06.174+0000] {processor.py:161} INFO - Started process (PID=1773) to work on /home/airflow/.local/lib/python3.12/site-packages/airflow/example_dags/tutorial_objectstorage.py
[2026-06-28T09:07:06.177+0000] {processor.py:830} INFO - Processing file /home/airflow/.local/lib/python3.12/site-packages/airflow/example_dags/tutorial_objectstorage.py for tasks to queue
[2026-06-28T09:07:06.181+0000] {logging_mixin.py:188} INFO - [2026-06-28T09:07:06.181+0000] {dagbag.py:545} INFO - Filling up the DagBag from /home/airflow/.local/lib/python3.12/site-packages/airflow/example_dags/tutorial_objectstorage.py
[2026-06-28T09:07:06.196+0000] {processor.py:840} INFO - DAG(s) 'tutorial_objectstorage' retrieved from /home/airflow/.local/lib/python3.12/site-packages/airflow/example_dags/tutorial_objectstorage.py
[2026-06-28T09:07:06.250+0000] {logging_mixin.py:188} INFO - [2026-06-28T09:07:06.250+0000] {dag.py:3096} INFO - Sync 1 DAGs
[2026-06-28T09:07:06.282+0000] {logging_mixin.py:188} INFO - [2026-06-28T09:07:06.282+0000] {dag.py:3954} INFO - Setting next_dagrun for tutorial_objectstorage to None, run_after=None
[2026-06-28T09:07:06.303+0000] {processor.py:183} INFO - Processing /home/airflow/.local/lib/python3.12/site-packages/airflow/example_dags/tutorial_objectstorage.py took 0.144 seconds
[2026-06-28T09:07:37.651+0000] {processor.py:161} INFO - Started process (PID=1832) to work on /home/airflow/.local/lib/python3.12/site-packages/airflow/example_dags/tutorial_objectstorage.py
[2026-06-28T09:07:37.655+0000] {processor.py:830} INFO - Processing file /home/airflow/.local/lib/python3.12/site-packages/airflow/example_dags/tutorial_objectstorage.py for tasks to queue
[2026-06-28T09:07:37.663+0000] {logging_mixin.py:188} INFO - [2026-06-28T09:07:37.660+0000] {dagbag.py:545} INFO - Filling up the DagBag from /home/airflow/.local/lib/python3.12/site-packages/airflow/example_dags/tutorial_objectstorage.py
[2026-06-28T09:07:37.688+0000] {processor.py:840} INFO - DAG(s) 'tutorial_objectstorage' retrieved from /home/airflow/.local/lib/python3.12/site-packages/airflow/example_dags/tutorial_objectstorage.py
[2026-06-28T09:07:37.804+0000] {logging_mixin.py:188} INFO - [2026-06-28T09:07:37.798+0000] {dag.py:3096} INFO - Sync 1 DAGs
[2026-06-28T09:07:37.840+0000] {logging_mixin.py:188} INFO - [2026-06-28T09:07:37.838+0000] {dag.py:3954} INFO - Setting next_dagrun for tutorial_objectstorage to None, run_after=None
[2026-06-28T09:07:37.873+0000] {processor.py:183} INFO - Processing /home/airflow/.local/lib/python3.12/site-packages/airflow/example_dags/tutorial_objectstorage.py took 0.243 seconds
[2026-06-28T09:08:08.140+0000] {processor.py:161} INFO - Started process (PID=1890) to work on /home/airflow/.local/lib/python3.12/site-packages/airflow/example_dags/tutorial_objectstorage.py
[2026-06-28T09:08:08.141+0000] {processor.py:830} INFO - Processing file /home/airflow/.local/lib/python3.12/site-packages/airflow/example_dags/tutorial_objectstorage.py for tasks to queue
[2026-06-28T09:08:08.143+0000] {logging_mixin.py:188} INFO - [2026-06-28T09:08:08.143+0000] {dagbag.py:545} INFO - Filling up the DagBag from /home/airflow/.local/lib/python3.12/site-packages/airflow/example_dags/tutorial_objectstorage.py
[2026-06-28T09:08:08.152+0000] {processor.py:840} INFO - DAG(s) 'tutorial_objectstorage' retrieved from /home/airflow/.local/lib/python3.12/site-packages/airflow/example_dags/tutorial_objectstorage.py
[2026-06-28T09:08:08.176+0000] {logging_mixin.py:188} INFO - [2026-06-28T09:08:08.175+0000] {dag.py:3096} INFO - Sync 1 DAGs
[2026-06-28T09:08:08.192+0000] {logging_mixin.py:188} INFO - [2026-06-28T09:08:08.192+0000] {dag.py:3954} INFO - Setting next_dagrun for tutorial_objectstorage to None, run_after=None
[2026-06-28T09:08:08.232+0000] {processor.py:183} INFO - Processing /home/airflow/.local/lib/python3.12/site-packages/airflow/example_dags/tutorial_objectstorage.py took 0.099 seconds
[2026-06-28T09:08:38.661+0000] {processor.py:161} INFO - Started process (PID=1949) to work on /home/airflow/.local/lib/python3.12/site-packages/airflow/example_dags/tutorial_objectstorage.py
[2026-06-28T09:08:38.662+0000] {processor.py:830} INFO - Processing file /home/airflow/.local/lib/python3.12/site-packages/airflow/example_dags/tutorial_objectstorage.py for tasks to queue
[2026-06-28T09:08:38.665+0000] {logging_mixin.py:188} INFO - [2026-06-28T09:08:38.664+0000] {dagbag.py:545} INFO - Filling up the DagBag from /home/airflow/.local/lib/python3.12/site-packages/airflow/example_dags/tutorial_objectstorage.py
[2026-06-28T09:08:38.674+0000] {processor.py:840} INFO - DAG(s) 'tutorial_objectstorage' retrieved from /home/airflow/.local/lib/python3.12/site-packages/airflow/example_dags/tutorial_objectstorage.py
[2026-06-28T09:08:38.721+0000] {logging_mixin.py:188} INFO - [2026-06-28T09:08:38.721+0000] {dag.py:3096} INFO - Sync 1 DAGs
[2026-06-28T09:08:38.758+0000] {logging_mixin.py:188} INFO - [2026-06-28T09:08:38.758+0000] {dag.py:3954} INFO - Setting next_dagrun for tutorial_objectstorage to None, run_after=None
[2026-06-28T09:08:38.820+0000] {processor.py:183} INFO - Processing /home/airflow/.local/lib/python3.12/site-packages/airflow/example_dags/tutorial_objectstorage.py took 0.172 seconds
[2026-06-28T09:09:09.607+0000] {processor.py:161} INFO - Started process (PID=2008) to work on /home/airflow/.local/lib/python3.12/site-packages/airflow/example_dags/tutorial_objectstorage.py
[2026-06-28T09:09:09.610+0000] {processor.py:830} INFO - Processing file /home/airflow/.local/lib/python3.12/site-packages/airflow/example_dags/tutorial_objectstorage.py for tasks to queue
[2026-06-28T09:09:09.614+0000] {logging_mixin.py:188} INFO - [2026-06-28T09:09:09.614+0000] {dagbag.py:545} INFO - Filling up the DagBag from /home/airflow/.local/lib/python3.12/site-packages/airflow/example_dags/tutorial_objectstorage.py
[2026-06-28T09:09:09.627+0000] {processor.py:840} INFO - DAG(s) 'tutorial_objectstorage' retrieved from /home/airflow/.local/lib/python3.12/site-packages/airflow/example_dags/tutorial_objectstorage.py
[2026-06-28T09:09:09.647+0000] {logging_mixin.py:188} INFO - [2026-06-28T09:09:09.647+0000] {dag.py:3096} INFO - Sync 1 DAGs
[2026-06-28T09:09:09.658+0000] {logging_mixin.py:188} INFO - [2026-06-28T09:09:09.658+0000] {dag.py:3954} INFO - Setting next_dagrun for tutorial_objectstorage to None, run_after=None
[2026-06-28T09:09:09.674+0000] {processor.py:183} INFO - Processing /home/airflow/.local/lib/python3.12/site-packages/airflow/example_dags/tutorial_objectstorage.py took 0.083 seconds
[2026-06-28T09:09:40.327+0000] {processor.py:161} INFO - Started process (PID=2067) to work on /home/airflow/.local/lib/python3.12/site-packages/airflow/example_dags/tutorial_objectstorage.py
[2026-06-28T09:09:40.335+0000] {processor.py:830} INFO - Processing file /home/airflow/.local/lib/python3.12/site-packages/airflow/example_dags/tutorial_objectstorage.py for tasks to queue
[2026-06-28T09:09:40.340+0000] {logging_mixin.py:188} INFO - [2026-06-28T09:09:40.336+0000] {dagbag.py:545} INFO - Filling up the DagBag from /home/airflow/.local/lib/python3.12/site-packages/airflow/example_dags/tutorial_objectstorage.py
[2026-06-28T09:09:40.356+0000] {processor.py:840} INFO - DAG(s) 'tutorial_objectstorage' retrieved from /home/airflow/.local/lib/python3.12/site-packages/airflow/example_dags/tutorial_objectstorage.py
[2026-06-28T09:09:40.380+0000] {logging_mixin.py:188} INFO - [2026-06-28T09:09:40.380+0000] {dag.py:3096} INFO - Sync 1 DAGs
[2026-06-28T09:09:40.399+0000] {logging_mixin.py:188} INFO - [2026-06-28T09:09:40.399+0000] {dag.py:3954} INFO - Setting next_dagrun for tutorial_objectstorage to None, run_after=None
[2026-06-28T09:09:40.424+0000] {processor.py:183} INFO - Processing /home/airflow/.local/lib/python3.12/site-packages/airflow/example_dags/tutorial_objectstorage.py took 0.107 seconds
[2026-06-28T09:10:10.843+0000] {processor.py:161} INFO - Started process (PID=2125) to work on /home/airflow/.local/lib/python3.12/site-packages/airflow/example_dags/tutorial_objectstorage.py
[2026-06-28T09:10:10.844+0000] {processor.py:830} INFO - Processing file /home/airflow/.local/lib/python3.12/site-packages/airflow/example_dags/tutorial_objectstorage.py for tasks to queue
[2026-06-28T09:10:10.850+0000] {logging_mixin.py:188} INFO - [2026-06-28T09:10:10.849+0000] {dagbag.py:545} INFO - Filling up the DagBag from /home/airflow/.local/lib/python3.12/site-packages/airflow/example_dags/tutorial_objectstorage.py
[2026-06-28T09:10:10.881+0000] {processor.py:840} INFO - DAG(s) 'tutorial_objectstorage' retrieved from /home/airflow/.local/lib/python3.12/site-packages/airflow/example_dags/tutorial_objectstorage.py
[2026-06-28T09:10:10.929+0000] {logging_mixin.py:188} INFO - [2026-06-28T09:10:10.928+0000] {dag.py:3096} INFO - Sync 1 DAGs
[2026-06-28T09:10:10.946+0000] {logging_mixin.py:188} INFO - [2026-06-28T09:10:10.946+0000] {dag.py:3954} INFO - Setting next_dagrun for tutorial_objectstorage to None, run_after=None
[2026-06-28T09:10:10.977+0000] {processor.py:183} INFO - Processing /home/airflow/.local/lib/python3.12/site-packages/airflow/example_dags/tutorial_objectstorage.py took 0.141 seconds
[2026-06-28T09:10:42.104+0000] {processor.py:161} INFO - Started process (PID=2184) to work on /home/airflow/.local/lib/python3.12/site-packages/airflow/example_dags/tutorial_objectstorage.py
[2026-06-28T09:10:42.110+0000] {processor.py:830} INFO - Processing file /home/airflow/.local/lib/python3.12/site-packages/airflow/example_dags/tutorial_objectstorage.py for tasks to queue
[2026-06-28T09:10:42.125+0000] {logging_mixin.py:188} INFO - [2026-06-28T09:10:42.125+0000] {dagbag.py:545} INFO - Filling up the DagBag from /home/airflow/.local/lib/python3.12/site-packages/airflow/example_dags/tutorial_objectstorage.py
[2026-06-28T09:10:42.177+0000] {processor.py:840} INFO - DAG(s) 'tutorial_objectstorage' retrieved from /home/airflow/.local/lib/python3.12/site-packages/airflow/example_dags/tutorial_objectstorage.py
[2026-06-28T09:10:42.242+0000] {logging_mixin.py:188} INFO - [2026-06-28T09:10:42.242+0000] {dag.py:3096} INFO - Sync 1 DAGs
[2026-06-28T09:10:42.308+0000] {logging_mixin.py:188} INFO - [2026-06-28T09:10:42.305+0000] {dag.py:3954} INFO - Setting next_dagrun for tutorial_objectstorage to None, run_after=None
[2026-06-28T09:10:42.367+0000] {processor.py:183} INFO - Processing /home/airflow/.local/lib/python3.12/site-packages/airflow/example_dags/tutorial_objectstorage.py took 0.336 seconds
[2026-06-28T09:11:12.852+0000] {processor.py:161} INFO - Started process (PID=2243) to work on /home/airflow/.local/lib/python3.12/site-packages/airflow/example_dags/tutorial_objectstorage.py
[2026-06-28T09:11:12.853+0000] {processor.py:830} INFO - Processing file /home/airflow/.local/lib/python3.12/site-packages/airflow/example_dags/tutorial_objectstorage.py for tasks to queue
[2026-06-28T09:11:12.855+0000] {logging_mixin.py:188} INFO - [2026-06-28T09:11:12.855+0000] {dagbag.py:545} INFO - Filling up the DagBag from /home/airflow/.local/lib/python3.12/site-packages/airflow/example_dags/tutorial_objectstorage.py
[2026-06-28T09:11:12.864+0000] {processor.py:840} INFO - DAG(s) 'tutorial_objectstorage' retrieved from /home/airflow/.local/lib/python3.12/site-packages/airflow/example_dags/tutorial_objectstorage.py
[2026-06-28T09:11:12.888+0000] {logging_mixin.py:188} INFO - [2026-06-28T09:11:12.887+0000] {dag.py:3096} INFO - Sync 1 DAGs
[2026-06-28T09:11:12.915+0000] {logging_mixin.py:188} INFO - [2026-06-28T09:11:12.915+0000] {dag.py:3954} INFO - Setting next_dagrun for tutorial_objectstorage to None, run_after=None
[2026-06-28T09:11:12.936+0000] {processor.py:183} INFO - Processing /home/airflow/.local/lib/python3.12/site-packages/airflow/example_dags/tutorial_objectstorage.py took 0.092 seconds
[2026-06-28T09:11:43.510+0000] {processor.py:161} INFO - Started process (PID=2302) to work on /home/airflow/.local/lib/python3.12/site-packages/airflow/example_dags/tutorial_objectstorage.py
[2026-06-28T09:11:43.513+0000] {processor.py:830} INFO - Processing file /home/airflow/.local/lib/python3.12/site-packages/airflow/example_dags/tutorial_objectstorage.py for tasks to queue
[2026-06-28T09:11:43.514+0000] {logging_mixin.py:188} INFO - [2026-06-28T09:11:43.514+0000] {dagbag.py:545} INFO - Filling up the DagBag from /home/airflow/.local/lib/python3.12/site-packages/airflow/example_dags/tutorial_objectstorage.py
[2026-06-28T09:11:43.520+0000] {processor.py:840} INFO - DAG(s) 'tutorial_objectstorage' retrieved from /home/airflow/.local/lib/python3.12/site-packages/airflow/example_dags/tutorial_objectstorage.py
[2026-06-28T09:11:43.540+0000] {logging_mixin.py:188} INFO - [2026-06-28T09:11:43.540+0000] {dag.py:3096} INFO - Sync 1 DAGs
[2026-06-28T09:11:43.551+0000] {logging_mixin.py:188} INFO - [2026-06-28T09:11:43.551+0000] {dag.py:3954} INFO - Setting next_dagrun for tutorial_objectstorage to None, run_after=None
[2026-06-28T09:11:43.567+0000] {processor.py:183} INFO - Processing /home/airflow/.local/lib/python3.12/site-packages/airflow/example_dags/tutorial_objectstorage.py took 0.063 seconds
[2026-06-28T09:12:14.286+0000] {processor.py:161} INFO - Started process (PID=2361) to work on /home/airflow/.local/lib/python3.12/site-packages/airflow/example_dags/tutorial_objectstorage.py
[2026-06-28T09:12:14.287+0000] {processor.py:830} INFO - Processing file /home/airflow/.local/lib/python3.12/site-packages/airflow/example_dags/tutorial_objectstorage.py for tasks to queue
[2026-06-28T09:12:14.289+0000] {logging_mixin.py:188} INFO - [2026-06-28T09:12:14.289+0000] {dagbag.py:545} INFO - Filling up the DagBag from /home/airflow/.local/lib/python3.12/site-packages/airflow/example_dags/tutorial_objectstorage.py
[2026-06-28T09:12:14.299+0000] {processor.py:840} INFO - DAG(s) 'tutorial_objectstorage' retrieved from /home/airflow/.local/lib/python3.12/site-packages/airflow/example_dags/tutorial_objectstorage.py
[2026-06-28T09:12:14.322+0000] {logging_mixin.py:188} INFO - [2026-06-28T09:12:14.322+0000] {dag.py:3096} INFO - Sync 1 DAGs
[2026-06-28T09:12:14.339+0000] {logging_mixin.py:188} INFO - [2026-06-28T09:12:14.339+0000] {dag.py:3954} INFO - Setting next_dagrun for tutorial_objectstorage to None, run_after=None
[2026-06-28T09:12:14.364+0000] {processor.py:183} INFO - Processing /home/airflow/.local/lib/python3.12/site-packages/airflow/example_dags/tutorial_objectstorage.py took 0.085 seconds
[2026-06-28T09:12:44.808+0000] {processor.py:161} INFO - Started process (PID=2421) to work on /home/airflow/.local/lib/python3.12/site-packages/airflow/example_dags/tutorial_objectstorage.py
[2026-06-28T09:12:44.809+0000] {processor.py:830} INFO - Processing file /home/airflow/.local/lib/python3.12/site-packages/airflow/example_dags/tutorial_objectstorage.py for tasks to queue
[2026-06-28T09:12:44.811+0000] {logging_mixin.py:188} INFO - [2026-06-28T09:12:44.811+0000] {dagbag.py:545} INFO - Filling up the DagBag from /home/airflow/.local/lib/python3.12/site-packages/airflow/example_dags/tutorial_objectstorage.py
[2026-06-28T09:12:44.820+0000] {processor.py:840} INFO - DAG(s) 'tutorial_objectstorage' retrieved from /home/airflow/.local/lib/python3.12/site-packages/airflow/example_dags/tutorial_objectstorage.py
[2026-06-28T09:12:44.842+0000] {logging_mixin.py:188} INFO - [2026-06-28T09:12:44.842+0000] {dag.py:3096} INFO - Sync 1 DAGs
[2026-06-28T09:12:44.858+0000] {logging_mixin.py:188} INFO - [2026-06-28T09:12:44.858+0000] {dag.py:3954} INFO - Setting next_dagrun for tutorial_objectstorage to None, run_after=None
[2026-06-28T09:12:44.878+0000] {processor.py:183} INFO - Processing /home/airflow/.local/lib/python3.12/site-packages/airflow/example_dags/tutorial_objectstorage.py took 0.078 seconds
[2026-06-28T09:13:15.724+0000] {processor.py:161} INFO - Started process (PID=2480) to work on /home/airflow/.local/lib/python3.12/site-packages/airflow/example_dags/tutorial_objectstorage.py
[2026-06-28T09:13:15.729+0000] {processor.py:830} INFO - Processing file /home/airflow/.local/lib/python3.12/site-packages/airflow/example_dags/tutorial_objectstorage.py for tasks to queue
[2026-06-28T09:13:15.731+0000] {logging_mixin.py:188} INFO - [2026-06-28T09:13:15.731+0000] {dagbag.py:545} INFO - Filling up the DagBag from /home/airflow/.local/lib/python3.12/site-packages/airflow/example_dags/tutorial_objectstorage.py
[2026-06-28T09:13:15.740+0000] {processor.py:840} INFO - DAG(s) 'tutorial_objectstorage' retrieved from /home/airflow/.local/lib/python3.12/site-packages/airflow/example_dags/tutorial_objectstorage.py
[2026-06-28T09:13:15.808+0000] {logging_mixin.py:188} INFO - [2026-06-28T09:13:15.808+0000] {dag.py:3096} INFO - Sync 1 DAGs
[2026-06-28T09:13:15.870+0000] {logging_mixin.py:188} INFO - [2026-06-28T09:13:15.869+0000] {dag.py:3954} INFO - Setting next_dagrun for tutorial_objectstorage to None, run_after=None
[2026-06-28T09:13:15.958+0000] {processor.py:183} INFO - Processing /home/airflow/.local/lib/python3.12/site-packages/airflow/example_dags/tutorial_objectstorage.py took 0.245 seconds
[2026-06-28T09:13:46.533+0000] {processor.py:161} INFO - Started process (PID=2539) to work on /home/airflow/.local/lib/python3.12/site-packages/airflow/example_dags/tutorial_objectstorage.py
[2026-06-28T09:13:46.537+0000] {processor.py:830} INFO - Processing file /home/airflow/.local/lib/python3.12/site-packages/airflow/example_dags/tutorial_objectstorage.py for tasks to queue
[2026-06-28T09:13:46.541+0000] {logging_mixin.py:188} INFO - [2026-06-28T09:13:46.541+0000] {dagbag.py:545} INFO - Filling up the DagBag from /home/airflow/.local/lib/python3.12/site-packages/airflow/example_dags/tutorial_objectstorage.py
[2026-06-28T09:13:46.573+0000] {processor.py:840} INFO - DAG(s) 'tutorial_objectstorage' retrieved from /home/airflow/.local/lib/python3.12/site-packages/airflow/example_dags/tutorial_objectstorage.py
[2026-06-28T09:13:46.660+0000] {logging_mixin.py:188} INFO - [2026-06-28T09:13:46.660+0000] {dag.py:3096} INFO - Sync 1 DAGs
[2026-06-28T09:13:46.742+0000] {logging_mixin.py:188} INFO - [2026-06-28T09:13:46.741+0000] {dag.py:3954} INFO - Setting next_dagrun for tutorial_objectstorage to None, run_after=None
[2026-06-28T09:13:46.920+0000] {processor.py:183} INFO - Processing /home/airflow/.local/lib/python3.12/site-packages/airflow/example_dags/tutorial_objectstorage.py took 0.460 seconds
[2026-06-28T09:16:42.988+0000] {processor.py:161} INFO - Started process (PID=119) to work on /home/airflow/.local/lib/python3.12/site-packages/airflow/example_dags/tutorial_objectstorage.py
[2026-06-28T09:16:43.002+0000] {processor.py:830} INFO - Processing file /home/airflow/.local/lib/python3.12/site-packages/airflow/example_dags/tutorial_objectstorage.py for tasks to queue
[2026-06-28T09:16:43.016+0000] {logging_mixin.py:188} INFO - [2026-06-28T09:16:43.016+0000] {dagbag.py:545} INFO - Filling up the DagBag from /home/airflow/.local/lib/python3.12/site-packages/airflow/example_dags/tutorial_objectstorage.py
[2026-06-28T09:16:43.084+0000] {processor.py:840} INFO - DAG(s) 'tutorial_objectstorage' retrieved from /home/airflow/.local/lib/python3.12/site-packages/airflow/example_dags/tutorial_objectstorage.py
[2026-06-28T09:16:43.640+0000] {logging_mixin.py:188} INFO - [2026-06-28T09:16:43.640+0000] {dag.py:3096} INFO - Sync 1 DAGs
[2026-06-28T09:16:43.686+0000] {logging_mixin.py:188} INFO - [2026-06-28T09:16:43.686+0000] {dag.py:3954} INFO - Setting next_dagrun for tutorial_objectstorage to None, run_after=None
[2026-06-28T09:16:43.798+0000] {processor.py:183} INFO - Processing /home/airflow/.local/lib/python3.12/site-packages/airflow/example_dags/tutorial_objectstorage.py took 0.880 seconds
[2026-06-28T09:17:14.336+0000] {processor.py:161} INFO - Started process (PID=178) to work on /home/airflow/.local/lib/python3.12/site-packages/airflow/example_dags/tutorial_objectstorage.py
[2026-06-28T09:17:14.346+0000] {processor.py:830} INFO - Processing file /home/airflow/.local/lib/python3.12/site-packages/airflow/example_dags/tutorial_objectstorage.py for tasks to queue
[2026-06-28T09:17:14.358+0000] {logging_mixin.py:188} INFO - [2026-06-28T09:17:14.353+0000] {dagbag.py:545} INFO - Filling up the DagBag from /home/airflow/.local/lib/python3.12/site-packages/airflow/example_dags/tutorial_objectstorage.py
[2026-06-28T09:17:14.409+0000] {processor.py:840} INFO - DAG(s) 'tutorial_objectstorage' retrieved from /home/airflow/.local/lib/python3.12/site-packages/airflow/example_dags/tutorial_objectstorage.py
[2026-06-28T09:17:14.511+0000] {logging_mixin.py:188} INFO - [2026-06-28T09:17:14.510+0000] {dag.py:3096} INFO - Sync 1 DAGs
[2026-06-28T09:17:14.529+0000] {logging_mixin.py:188} INFO - [2026-06-28T09:17:14.529+0000] {dag.py:3954} INFO - Setting next_dagrun for tutorial_objectstorage to None, run_after=None
[2026-06-28T09:17:14.563+0000] {processor.py:183} INFO - Processing /home/airflow/.local/lib/python3.12/site-packages/airflow/example_dags/tutorial_objectstorage.py took 0.258 seconds
[2026-06-28T09:17:44.654+0000] {processor.py:161} INFO - Started process (PID=238) to work on /home/airflow/.local/lib/python3.12/site-packages/airflow/example_dags/tutorial_objectstorage.py
[2026-06-28T09:17:44.655+0000] {processor.py:830} INFO - Processing file /home/airflow/.local/lib/python3.12/site-packages/airflow/example_dags/tutorial_objectstorage.py for tasks to queue
[2026-06-28T09:17:44.660+0000] {logging_mixin.py:188} INFO - [2026-06-28T09:17:44.657+0000] {dagbag.py:545} INFO - Filling up the DagBag from /home/airflow/.local/lib/python3.12/site-packages/airflow/example_dags/tutorial_objectstorage.py
[2026-06-28T09:17:44.689+0000] {processor.py:840} INFO - DAG(s) 'tutorial_objectstorage' retrieved from /home/airflow/.local/lib/python3.12/site-packages/airflow/example_dags/tutorial_objectstorage.py
[2026-06-28T09:17:44.735+0000] {logging_mixin.py:188} INFO - [2026-06-28T09:17:44.735+0000] {dag.py:3096} INFO - Sync 1 DAGs
[2026-06-28T09:17:44.765+0000] {logging_mixin.py:188} INFO - [2026-06-28T09:17:44.763+0000] {dag.py:3954} INFO - Setting next_dagrun for tutorial_objectstorage to None, run_after=None
[2026-06-28T09:17:44.883+0000] {processor.py:183} INFO - Processing /home/airflow/.local/lib/python3.12/site-packages/airflow/example_dags/tutorial_objectstorage.py took 0.244 seconds
[2026-06-28T09:18:15.084+0000] {processor.py:161} INFO - Started process (PID=297) to work on /home/airflow/.local/lib/python3.12/site-packages/airflow/example_dags/tutorial_objectstorage.py
[2026-06-28T09:18:15.084+0000] {processor.py:830} INFO - Processing file /home/airflow/.local/lib/python3.12/site-packages/airflow/example_dags/tutorial_objectstorage.py for tasks to queue
[2026-06-28T09:18:15.087+0000] {logging_mixin.py:188} INFO - [2026-06-28T09:18:15.087+0000] {dagbag.py:545} INFO - Filling up the DagBag from /home/airflow/.local/lib/python3.12/site-packages/airflow/example_dags/tutorial_objectstorage.py
[2026-06-28T09:18:15.096+0000] {processor.py:840} INFO - DAG(s) 'tutorial_objectstorage' retrieved from /home/airflow/.local/lib/python3.12/site-packages/airflow/example_dags/tutorial_objectstorage.py
[2026-06-28T09:18:15.121+0000] {logging_mixin.py:188} INFO - [2026-06-28T09:18:15.121+0000] {dag.py:3096} INFO - Sync 1 DAGs
[2026-06-28T09:18:15.139+0000] {logging_mixin.py:188} INFO - [2026-06-28T09:18:15.139+0000] {dag.py:3954} INFO - Setting next_dagrun for tutorial_objectstorage to None, run_after=None
[2026-06-28T09:18:15.159+0000] {processor.py:183} INFO - Processing /home/airflow/.local/lib/python3.12/site-packages/airflow/example_dags/tutorial_objectstorage.py took 0.083 seconds
[2026-06-28T09:18:46.082+0000] {processor.py:161} INFO - Started process (PID=356) to work on /home/airflow/.local/lib/python3.12/site-packages/airflow/example_dags/tutorial_objectstorage.py
[2026-06-28T09:18:46.087+0000] {processor.py:830} INFO - Processing file /home/airflow/.local/lib/python3.12/site-packages/airflow/example_dags/tutorial_objectstorage.py for tasks to queue
[2026-06-28T09:18:46.092+0000] {logging_mixin.py:188} INFO - [2026-06-28T09:18:46.092+0000] {dagbag.py:545} INFO - Filling up the DagBag from /home/airflow/.local/lib/python3.12/site-packages/airflow/example_dags/tutorial_objectstorage.py
[2026-06-28T09:18:46.108+0000] {processor.py:840} INFO - DAG(s) 'tutorial_objectstorage' retrieved from /home/airflow/.local/lib/python3.12/site-packages/airflow/example_dags/tutorial_objectstorage.py
[2026-06-28T09:18:46.131+0000] {logging_mixin.py:188} INFO - [2026-06-28T09:18:46.131+0000] {dag.py:3096} INFO - Sync 1 DAGs
[2026-06-28T09:18:46.146+0000] {logging_mixin.py:188} INFO - [2026-06-28T09:18:46.146+0000] {dag.py:3954} INFO - Setting next_dagrun for tutorial_objectstorage to None, run_after=None
[2026-06-28T09:18:46.172+0000] {processor.py:183} INFO - Processing /home/airflow/.local/lib/python3.12/site-packages/airflow/example_dags/tutorial_objectstorage.py took 0.107 seconds
[2026-06-28T09:19:16.900+0000] {processor.py:161} INFO - Started process (PID=414) to work on /home/airflow/.local/lib/python3.12/site-packages/airflow/example_dags/tutorial_objectstorage.py
[2026-06-28T09:19:16.905+0000] {processor.py:830} INFO - Processing file /home/airflow/.local/lib/python3.12/site-packages/airflow/example_dags/tutorial_objectstorage.py for tasks to queue
[2026-06-28T09:19:16.910+0000] {logging_mixin.py:188} INFO - [2026-06-28T09:19:16.910+0000] {dagbag.py:545} INFO - Filling up the DagBag from /home/airflow/.local/lib/python3.12/site-packages/airflow/example_dags/tutorial_objectstorage.py
[2026-06-28T09:19:16.948+0000] {processor.py:840} INFO - DAG(s) 'tutorial_objectstorage' retrieved from /home/airflow/.local/lib/python3.12/site-packages/airflow/example_dags/tutorial_objectstorage.py
[2026-06-28T09:19:17.063+0000] {logging_mixin.py:188} INFO - [2026-06-28T09:19:17.063+0000] {dag.py:3096} INFO - Sync 1 DAGs
[2026-06-28T09:19:17.099+0000] {logging_mixin.py:188} INFO - [2026-06-28T09:19:17.099+0000] {dag.py:3954} INFO - Setting next_dagrun for tutorial_objectstorage to None, run_after=None
[2026-06-28T09:19:17.147+0000] {processor.py:183} INFO - Processing /home/airflow/.local/lib/python3.12/site-packages/airflow/example_dags/tutorial_objectstorage.py took 0.272 seconds
[2026-06-28T09:19:47.389+0000] {processor.py:161} INFO - Started process (PID=473) to work on /home/airflow/.local/lib/python3.12/site-packages/airflow/example_dags/tutorial_objectstorage.py
[2026-06-28T09:19:47.389+0000] {processor.py:830} INFO - Processing file /home/airflow/.local/lib/python3.12/site-packages/airflow/example_dags/tutorial_objectstorage.py for tasks to queue
[2026-06-28T09:19:47.392+0000] {logging_mixin.py:188} INFO - [2026-06-28T09:19:47.391+0000] {dagbag.py:545} INFO - Filling up the DagBag from /home/airflow/.local/lib/python3.12/site-packages/airflow/example_dags/tutorial_objectstorage.py
[2026-06-28T09:19:47.401+0000] {processor.py:840} INFO - DAG(s) 'tutorial_objectstorage' retrieved from /home/airflow/.local/lib/python3.12/site-packages/airflow/example_dags/tutorial_objectstorage.py
[2026-06-28T09:19:47.427+0000] {logging_mixin.py:188} INFO - [2026-06-28T09:19:47.427+0000] {dag.py:3096} INFO - Sync 1 DAGs
[2026-06-28T09:19:47.457+0000] {logging_mixin.py:188} INFO - [2026-06-28T09:19:47.457+0000] {dag.py:3954} INFO - Setting next_dagrun for tutorial_objectstorage to None, run_after=None
[2026-06-28T09:19:47.527+0000] {processor.py:183} INFO - Processing /home/airflow/.local/lib/python3.12/site-packages/airflow/example_dags/tutorial_objectstorage.py took 0.146 seconds
[2026-06-28T09:20:18.078+0000] {processor.py:161} INFO - Started process (PID=532) to work on /home/airflow/.local/lib/python3.12/site-packages/airflow/example_dags/tutorial_objectstorage.py
[2026-06-28T09:20:18.079+0000] {processor.py:830} INFO - Processing file /home/airflow/.local/lib/python3.12/site-packages/airflow/example_dags/tutorial_objectstorage.py for tasks to queue
[2026-06-28T09:20:18.081+0000] {logging_mixin.py:188} INFO - [2026-06-28T09:20:18.081+0000] {dagbag.py:545} INFO - Filling up the DagBag from /home/airflow/.local/lib/python3.12/site-packages/airflow/example_dags/tutorial_objectstorage.py
[2026-06-28T09:20:18.140+0000] {processor.py:840} INFO - DAG(s) 'tutorial_objectstorage' retrieved from /home/airflow/.local/lib/python3.12/site-packages/airflow/example_dags/tutorial_objectstorage.py
[2026-06-28T09:20:18.204+0000] {logging_mixin.py:188} INFO - [2026-06-28T09:20:18.204+0000] {dag.py:3096} INFO - Sync 1 DAGs
[2026-06-28T09:20:18.258+0000] {logging_mixin.py:188} INFO - [2026-06-28T09:20:18.258+0000] {dag.py:3954} INFO - Setting next_dagrun for tutorial_objectstorage to None, run_after=None
[2026-06-28T09:20:18.306+0000] {processor.py:183} INFO - Processing /home/airflow/.local/lib/python3.12/site-packages/airflow/example_dags/tutorial_objectstorage.py took 0.245 seconds
[2026-06-28T09:20:49.926+0000] {processor.py:161} INFO - Started process (PID=591) to work on /home/airflow/.local/lib/python3.12/site-packages/airflow/example_dags/tutorial_objectstorage.py
[2026-06-28T09:20:49.944+0000] {processor.py:830} INFO - Processing file /home/airflow/.local/lib/python3.12/site-packages/airflow/example_dags/tutorial_objectstorage.py for tasks to queue
[2026-06-28T09:20:49.951+0000] {logging_mixin.py:188} INFO - [2026-06-28T09:20:49.951+0000] {dagbag.py:545} INFO - Filling up the DagBag from /home/airflow/.local/lib/python3.12/site-packages/airflow/example_dags/tutorial_objectstorage.py
[2026-06-28T09:20:49.977+0000] {processor.py:840} INFO - DAG(s) 'tutorial_objectstorage' retrieved from /home/airflow/.local/lib/python3.12/site-packages/airflow/example_dags/tutorial_objectstorage.py
[2026-06-28T09:20:50.147+0000] {logging_mixin.py:188} INFO - [2026-06-28T09:20:50.147+0000] {dag.py:3096} INFO - Sync 1 DAGs
[2026-06-28T09:20:50.256+0000] {logging_mixin.py:188} INFO - [2026-06-28T09:20:50.256+0000] {dag.py:3954} INFO - Setting next_dagrun for tutorial_objectstorage to None, run_after=None
[2026-06-28T09:20:50.419+0000] {processor.py:183} INFO - Processing /home/airflow/.local/lib/python3.12/site-packages/airflow/example_dags/tutorial_objectstorage.py took 0.515 seconds
[2026-06-28T09:21:20.570+0000] {processor.py:161} INFO - Started process (PID=649) to work on /home/airflow/.local/lib/python3.12/site-packages/airflow/example_dags/tutorial_objectstorage.py
[2026-06-28T09:21:20.578+0000] {processor.py:830} INFO - Processing file /home/airflow/.local/lib/python3.12/site-packages/airflow/example_dags/tutorial_objectstorage.py for tasks to queue
[2026-06-28T09:21:20.583+0000] {logging_mixin.py:188} INFO - [2026-06-28T09:21:20.582+0000] {dagbag.py:545} INFO - Filling up the DagBag from /home/airflow/.local/lib/python3.12/site-packages/airflow/example_dags/tutorial_objectstorage.py
[2026-06-28T09:21:20.622+0000] {processor.py:840} INFO - DAG(s) 'tutorial_objectstorage' retrieved from /home/airflow/.local/lib/python3.12/site-packages/airflow/example_dags/tutorial_objectstorage.py
[2026-06-28T09:21:20.697+0000] {logging_mixin.py:188} INFO - [2026-06-28T09:21:20.696+0000] {dag.py:3096} INFO - Sync 1 DAGs
[2026-06-28T09:21:20.726+0000] {logging_mixin.py:188} INFO - [2026-06-28T09:21:20.725+0000] {dag.py:3954} INFO - Setting next_dagrun for tutorial_objectstorage to None, run_after=None
[2026-06-28T09:21:20.826+0000] {processor.py:183} INFO - Processing /home/airflow/.local/lib/python3.12/site-packages/airflow/example_dags/tutorial_objectstorage.py took 0.292 seconds
[2026-06-28T09:21:51.607+0000] {processor.py:161} INFO - Started process (PID=707) to work on /home/airflow/.local/lib/python3.12/site-packages/airflow/example_dags/tutorial_objectstorage.py
[2026-06-28T09:21:51.654+0000] {processor.py:830} INFO - Processing file /home/airflow/.local/lib/python3.12/site-packages/airflow/example_dags/tutorial_objectstorage.py for tasks to queue
[2026-06-28T09:21:51.660+0000] {logging_mixin.py:188} INFO - [2026-06-28T09:21:51.660+0000] {dagbag.py:545} INFO - Filling up the DagBag from /home/airflow/.local/lib/python3.12/site-packages/airflow/example_dags/tutorial_objectstorage.py
[2026-06-28T09:21:51.694+0000] {processor.py:840} INFO - DAG(s) 'tutorial_objectstorage' retrieved from /home/airflow/.local/lib/python3.12/site-packages/airflow/example_dags/tutorial_objectstorage.py
[2026-06-28T09:21:51.867+0000] {logging_mixin.py:188} INFO - [2026-06-28T09:21:51.865+0000] {dag.py:3096} INFO - Sync 1 DAGs
[2026-06-28T09:21:51.921+0000] {logging_mixin.py:188} INFO - [2026-06-28T09:21:51.921+0000] {dag.py:3954} INFO - Setting next_dagrun for tutorial_objectstorage to None, run_after=None
[2026-06-28T09:21:52.053+0000] {processor.py:183} INFO - Processing /home/airflow/.local/lib/python3.12/site-packages/airflow/example_dags/tutorial_objectstorage.py took 0.462 seconds
[2026-06-28T09:22:22.161+0000] {processor.py:161} INFO - Started process (PID=766) to work on /home/airflow/.local/lib/python3.12/site-packages/airflow/example_dags/tutorial_objectstorage.py
[2026-06-28T09:22:22.163+0000] {processor.py:830} INFO - Processing file /home/airflow/.local/lib/python3.12/site-packages/airflow/example_dags/tutorial_objectstorage.py for tasks to queue
[2026-06-28T09:22:22.165+0000] {logging_mixin.py:188} INFO - [2026-06-28T09:22:22.165+0000] {dagbag.py:545} INFO - Filling up the DagBag from /home/airflow/.local/lib/python3.12/site-packages/airflow/example_dags/tutorial_objectstorage.py
[2026-06-28T09:22:22.173+0000] {processor.py:840} INFO - DAG(s) 'tutorial_objectstorage' retrieved from /home/airflow/.local/lib/python3.12/site-packages/airflow/example_dags/tutorial_objectstorage.py
[2026-06-28T09:22:22.192+0000] {logging_mixin.py:188} INFO - [2026-06-28T09:22:22.192+0000] {dag.py:3096} INFO - Sync 1 DAGs
[2026-06-28T09:22:22.203+0000] {logging_mixin.py:188} INFO - [2026-06-28T09:22:22.203+0000] {dag.py:3954} INFO - Setting next_dagrun for tutorial_objectstorage to None, run_after=None
[2026-06-28T09:22:22.229+0000] {processor.py:183} INFO - Processing /home/airflow/.local/lib/python3.12/site-packages/airflow/example_dags/tutorial_objectstorage.py took 0.073 seconds
[2026-06-28T09:22:52.722+0000] {processor.py:161} INFO - Started process (PID=825) to work on /home/airflow/.local/lib/python3.12/site-packages/airflow/example_dags/tutorial_objectstorage.py
[2026-06-28T09:22:52.729+0000] {processor.py:830} INFO - Processing file /home/airflow/.local/lib/python3.12/site-packages/airflow/example_dags/tutorial_objectstorage.py for tasks to queue
[2026-06-28T09:22:52.731+0000] {logging_mixin.py:188} INFO - [2026-06-28T09:22:52.731+0000] {dagbag.py:545} INFO - Filling up the DagBag from /home/airflow/.local/lib/python3.12/site-packages/airflow/example_dags/tutorial_objectstorage.py
[2026-06-28T09:22:52.749+0000] {processor.py:840} INFO - DAG(s) 'tutorial_objectstorage' retrieved from /home/airflow/.local/lib/python3.12/site-packages/airflow/example_dags/tutorial_objectstorage.py
[2026-06-28T09:22:52.783+0000] {logging_mixin.py:188} INFO - [2026-06-28T09:22:52.782+0000] {dag.py:3096} INFO - Sync 1 DAGs
[2026-06-28T09:22:52.812+0000] {logging_mixin.py:188} INFO - [2026-06-28T09:22:52.812+0000] {dag.py:3954} INFO - Setting next_dagrun for tutorial_objectstorage to None, run_after=None
[2026-06-28T09:22:52.843+0000] {processor.py:183} INFO - Processing /home/airflow/.local/lib/python3.12/site-packages/airflow/example_dags/tutorial_objectstorage.py took 0.142 seconds
[2026-06-28T09:23:23.584+0000] {processor.py:161} INFO - Started process (PID=884) to work on /home/airflow/.local/lib/python3.12/site-packages/airflow/example_dags/tutorial_objectstorage.py
[2026-06-28T09:23:23.595+0000] {processor.py:830} INFO - Processing file /home/airflow/.local/lib/python3.12/site-packages/airflow/example_dags/tutorial_objectstorage.py for tasks to queue
[2026-06-28T09:23:23.607+0000] {logging_mixin.py:188} INFO - [2026-06-28T09:23:23.607+0000] {dagbag.py:545} INFO - Filling up the DagBag from /home/airflow/.local/lib/python3.12/site-packages/airflow/example_dags/tutorial_objectstorage.py
[2026-06-28T09:23:23.626+0000] {processor.py:840} INFO - DAG(s) 'tutorial_objectstorage' retrieved from /home/airflow/.local/lib/python3.12/site-packages/airflow/example_dags/tutorial_objectstorage.py
[2026-06-28T09:23:23.674+0000] {logging_mixin.py:188} INFO - [2026-06-28T09:23:23.674+0000] {dag.py:3096} INFO - Sync 1 DAGs
[2026-06-28T09:23:23.714+0000] {logging_mixin.py:188} INFO - [2026-06-28T09:23:23.713+0000] {dag.py:3954} INFO - Setting next_dagrun for tutorial_objectstorage to None, run_after=None
[2026-06-28T09:23:23.745+0000] {processor.py:183} INFO - Processing /home/airflow/.local/lib/python3.12/site-packages/airflow/example_dags/tutorial_objectstorage.py took 0.181 seconds
[2026-06-28T09:23:54.102+0000] {processor.py:161} INFO - Started process (PID=942) to work on /home/airflow/.local/lib/python3.12/site-packages/airflow/example_dags/tutorial_objectstorage.py
[2026-06-28T09:23:54.114+0000] {processor.py:830} INFO - Processing file /home/airflow/.local/lib/python3.12/site-packages/airflow/example_dags/tutorial_objectstorage.py for tasks to queue
[2026-06-28T09:23:54.121+0000] {logging_mixin.py:188} INFO - [2026-06-28T09:23:54.121+0000] {dagbag.py:545} INFO - Filling up the DagBag from /home/airflow/.local/lib/python3.12/site-packages/airflow/example_dags/tutorial_objectstorage.py
[2026-06-28T09:23:54.145+0000] {processor.py:840} INFO - DAG(s) 'tutorial_objectstorage' retrieved from /home/airflow/.local/lib/python3.12/site-packages/airflow/example_dags/tutorial_objectstorage.py
[2026-06-28T09:23:54.272+0000] {logging_mixin.py:188} INFO - [2026-06-28T09:23:54.272+0000] {dag.py:3096} INFO - Sync 1 DAGs
[2026-06-28T09:23:54.367+0000] {logging_mixin.py:188} INFO - [2026-06-28T09:23:54.365+0000] {dag.py:3954} INFO - Setting next_dagrun for tutorial_objectstorage to None, run_after=None
[2026-06-28T09:23:54.451+0000] {processor.py:183} INFO - Processing /home/airflow/.local/lib/python3.12/site-packages/airflow/example_dags/tutorial_objectstorage.py took 0.383 seconds
[2026-06-28T09:24:26.226+0000] {processor.py:161} INFO - Started process (PID=1001) to work on /home/airflow/.local/lib/python3.12/site-packages/airflow/example_dags/tutorial_objectstorage.py
[2026-06-28T09:24:26.239+0000] {processor.py:830} INFO - Processing file /home/airflow/.local/lib/python3.12/site-packages/airflow/example_dags/tutorial_objectstorage.py for tasks to queue
[2026-06-28T09:24:26.252+0000] {logging_mixin.py:188} INFO - [2026-06-28T09:24:26.252+0000] {dagbag.py:545} INFO - Filling up the DagBag from /home/airflow/.local/lib/python3.12/site-packages/airflow/example_dags/tutorial_objectstorage.py
[2026-06-28T09:24:26.280+0000] {processor.py:840} INFO - DAG(s) 'tutorial_objectstorage' retrieved from /home/airflow/.local/lib/python3.12/site-packages/airflow/example_dags/tutorial_objectstorage.py
[2026-06-28T09:24:26.375+0000] {logging_mixin.py:188} INFO - [2026-06-28T09:24:26.375+0000] {dag.py:3096} INFO - Sync 1 DAGs
[2026-06-28T09:24:26.417+0000] {logging_mixin.py:188} INFO - [2026-06-28T09:24:26.416+0000] {dag.py:3954} INFO - Setting next_dagrun for tutorial_objectstorage to None, run_after=None
[2026-06-28T09:24:26.473+0000] {processor.py:183} INFO - Processing /home/airflow/.local/lib/python3.12/site-packages/airflow/example_dags/tutorial_objectstorage.py took 0.259 seconds
[2026-06-28T09:24:57.056+0000] {processor.py:161} INFO - Started process (PID=1057) to work on /home/airflow/.local/lib/python3.12/site-packages/airflow/example_dags/tutorial_objectstorage.py
[2026-06-28T09:24:57.072+0000] {processor.py:830} INFO - Processing file /home/airflow/.local/lib/python3.12/site-packages/airflow/example_dags/tutorial_objectstorage.py for tasks to queue
[2026-06-28T09:24:57.083+0000] {logging_mixin.py:188} INFO - [2026-06-28T09:24:57.081+0000] {dagbag.py:545} INFO - Filling up the DagBag from /home/airflow/.local/lib/python3.12/site-packages/airflow/example_dags/tutorial_objectstorage.py
[2026-06-28T09:24:57.140+0000] {processor.py:840} INFO - DAG(s) 'tutorial_objectstorage' retrieved from /home/airflow/.local/lib/python3.12/site-packages/airflow/example_dags/tutorial_objectstorage.py
[2026-06-28T09:24:57.245+0000] {logging_mixin.py:188} INFO - [2026-06-28T09:24:57.244+0000] {dag.py:3096} INFO - Sync 1 DAGs
[2026-06-28T09:24:57.327+0000] {logging_mixin.py:188} INFO - [2026-06-28T09:24:57.327+0000] {dag.py:3954} INFO - Setting next_dagrun for tutorial_objectstorage to None, run_after=None
[2026-06-28T09:24:57.413+0000] {processor.py:183} INFO - Processing /home/airflow/.local/lib/python3.12/site-packages/airflow/example_dags/tutorial_objectstorage.py took 0.381 seconds
[2026-06-28T09:25:27.614+0000] {processor.py:161} INFO - Started process (PID=1117) to work on /home/airflow/.local/lib/python3.12/site-packages/airflow/example_dags/tutorial_objectstorage.py
[2026-06-28T09:25:27.695+0000] {processor.py:830} INFO - Processing file /home/airflow/.local/lib/python3.12/site-packages/airflow/example_dags/tutorial_objectstorage.py for tasks to queue
[2026-06-28T09:25:27.704+0000] {logging_mixin.py:188} INFO - [2026-06-28T09:25:27.703+0000] {dagbag.py:545} INFO - Filling up the DagBag from /home/airflow/.local/lib/python3.12/site-packages/airflow/example_dags/tutorial_objectstorage.py
[2026-06-28T09:25:27.757+0000] {processor.py:840} INFO - DAG(s) 'tutorial_objectstorage' retrieved from /home/airflow/.local/lib/python3.12/site-packages/airflow/example_dags/tutorial_objectstorage.py
[2026-06-28T09:25:27.831+0000] {logging_mixin.py:188} INFO - [2026-06-28T09:25:27.829+0000] {dag.py:3096} INFO - Sync 1 DAGs
[2026-06-28T09:25:27.859+0000] {logging_mixin.py:188} INFO - [2026-06-28T09:25:27.859+0000] {dag.py:3954} INFO - Setting next_dagrun for tutorial_objectstorage to None, run_after=None
[2026-06-28T09:25:27.937+0000] {processor.py:183} INFO - Processing /home/airflow/.local/lib/python3.12/site-packages/airflow/example_dags/tutorial_objectstorage.py took 0.333 seconds
[2026-06-28T09:25:58.528+0000] {processor.py:161} INFO - Started process (PID=1176) to work on /home/airflow/.local/lib/python3.12/site-packages/airflow/example_dags/tutorial_objectstorage.py
[2026-06-28T09:25:58.532+0000] {processor.py:830} INFO - Processing file /home/airflow/.local/lib/python3.12/site-packages/airflow/example_dags/tutorial_objectstorage.py for tasks to queue
[2026-06-28T09:25:58.537+0000] {logging_mixin.py:188} INFO - [2026-06-28T09:25:58.535+0000] {dagbag.py:545} INFO - Filling up the DagBag from /home/airflow/.local/lib/python3.12/site-packages/airflow/example_dags/tutorial_objectstorage.py
[2026-06-28T09:25:58.567+0000] {processor.py:840} INFO - DAG(s) 'tutorial_objectstorage' retrieved from /home/airflow/.local/lib/python3.12/site-packages/airflow/example_dags/tutorial_objectstorage.py
[2026-06-28T09:25:58.628+0000] {logging_mixin.py:188} INFO - [2026-06-28T09:25:58.625+0000] {dag.py:3096} INFO - Sync 1 DAGs
[2026-06-28T09:25:58.687+0000] {logging_mixin.py:188} INFO - [2026-06-28T09:25:58.687+0000] {dag.py:3954} INFO - Setting next_dagrun for tutorial_objectstorage to None, run_after=None
[2026-06-28T09:25:58.783+0000] {processor.py:183} INFO - Processing /home/airflow/.local/lib/python3.12/site-packages/airflow/example_dags/tutorial_objectstorage.py took 0.277 seconds
[2026-06-28T09:26:28.983+0000] {processor.py:161} INFO - Started process (PID=1235) to work on /home/airflow/.local/lib/python3.12/site-packages/airflow/example_dags/tutorial_objectstorage.py
[2026-06-28T09:26:28.986+0000] {processor.py:830} INFO - Processing file /home/airflow/.local/lib/python3.12/site-packages/airflow/example_dags/tutorial_objectstorage.py for tasks to queue
[2026-06-28T09:26:28.990+0000] {logging_mixin.py:188} INFO - [2026-06-28T09:26:28.990+0000] {dagbag.py:545} INFO - Filling up the DagBag from /home/airflow/.local/lib/python3.12/site-packages/airflow/example_dags/tutorial_objectstorage.py
[2026-06-28T09:26:29.002+0000] {processor.py:840} INFO - DAG(s) 'tutorial_objectstorage' retrieved from /home/airflow/.local/lib/python3.12/site-packages/airflow/example_dags/tutorial_objectstorage.py
[2026-06-28T09:26:29.035+0000] {logging_mixin.py:188} INFO - [2026-06-28T09:26:29.035+0000] {dag.py:3096} INFO - Sync 1 DAGs
[2026-06-28T09:26:29.072+0000] {logging_mixin.py:188} INFO - [2026-06-28T09:26:29.072+0000] {dag.py:3954} INFO - Setting next_dagrun for tutorial_objectstorage to None, run_after=None
[2026-06-28T09:26:29.099+0000] {processor.py:183} INFO - Processing /home/airflow/.local/lib/python3.12/site-packages/airflow/example_dags/tutorial_objectstorage.py took 0.132 seconds
[2026-06-28T09:27:00.129+0000] {processor.py:161} INFO - Started process (PID=1294) to work on /home/airflow/.local/lib/python3.12/site-packages/airflow/example_dags/tutorial_objectstorage.py
[2026-06-28T09:27:00.147+0000] {processor.py:830} INFO - Processing file /home/airflow/.local/lib/python3.12/site-packages/airflow/example_dags/tutorial_objectstorage.py for tasks to queue
[2026-06-28T09:27:00.154+0000] {logging_mixin.py:188} INFO - [2026-06-28T09:27:00.154+0000] {dagbag.py:545} INFO - Filling up the DagBag from /home/airflow/.local/lib/python3.12/site-packages/airflow/example_dags/tutorial_objectstorage.py
[2026-06-28T09:27:00.186+0000] {processor.py:840} INFO - DAG(s) 'tutorial_objectstorage' retrieved from /home/airflow/.local/lib/python3.12/site-packages/airflow/example_dags/tutorial_objectstorage.py
[2026-06-28T09:27:00.249+0000] {logging_mixin.py:188} INFO - [2026-06-28T09:27:00.249+0000] {dag.py:3096} INFO - Sync 1 DAGs
[2026-06-28T09:27:00.296+0000] {logging_mixin.py:188} INFO - [2026-06-28T09:27:00.296+0000] {dag.py:3954} INFO - Setting next_dagrun for tutorial_objectstorage to None, run_after=None
[2026-06-28T09:27:00.328+0000] {processor.py:183} INFO - Processing /home/airflow/.local/lib/python3.12/site-packages/airflow/example_dags/tutorial_objectstorage.py took 0.208 seconds
[2026-06-28T09:27:30.985+0000] {processor.py:161} INFO - Started process (PID=1353) to work on /home/airflow/.local/lib/python3.12/site-packages/airflow/example_dags/tutorial_objectstorage.py
[2026-06-28T09:27:30.986+0000] {processor.py:830} INFO - Processing file /home/airflow/.local/lib/python3.12/site-packages/airflow/example_dags/tutorial_objectstorage.py for tasks to queue
[2026-06-28T09:27:30.994+0000] {logging_mixin.py:188} INFO - [2026-06-28T09:27:30.994+0000] {dagbag.py:545} INFO - Filling up the DagBag from /home/airflow/.local/lib/python3.12/site-packages/airflow/example_dags/tutorial_objectstorage.py
[2026-06-28T09:27:31.033+0000] {processor.py:840} INFO - DAG(s) 'tutorial_objectstorage' retrieved from /home/airflow/.local/lib/python3.12/site-packages/airflow/example_dags/tutorial_objectstorage.py
[2026-06-28T09:27:31.100+0000] {logging_mixin.py:188} INFO - [2026-06-28T09:27:31.100+0000] {dag.py:3096} INFO - Sync 1 DAGs
[2026-06-28T09:27:31.121+0000] {logging_mixin.py:188} INFO - [2026-06-28T09:27:31.121+0000] {dag.py:3954} INFO - Setting next_dagrun for tutorial_objectstorage to None, run_after=None
[2026-06-28T09:27:31.172+0000] {processor.py:183} INFO - Processing /home/airflow/.local/lib/python3.12/site-packages/airflow/example_dags/tutorial_objectstorage.py took 0.198 seconds
[2026-06-28T09:28:01.303+0000] {processor.py:161} INFO - Started process (PID=1412) to work on /home/airflow/.local/lib/python3.12/site-packages/airflow/example_dags/tutorial_objectstorage.py
[2026-06-28T09:28:01.312+0000] {processor.py:830} INFO - Processing file /home/airflow/.local/lib/python3.12/site-packages/airflow/example_dags/tutorial_objectstorage.py for tasks to queue
[2026-06-28T09:28:01.316+0000] {logging_mixin.py:188} INFO - [2026-06-28T09:28:01.316+0000] {dagbag.py:545} INFO - Filling up the DagBag from /home/airflow/.local/lib/python3.12/site-packages/airflow/example_dags/tutorial_objectstorage.py
[2026-06-28T09:28:01.340+0000] {processor.py:840} INFO - DAG(s) 'tutorial_objectstorage' retrieved from /home/airflow/.local/lib/python3.12/site-packages/airflow/example_dags/tutorial_objectstorage.py
[2026-06-28T09:28:01.404+0000] {logging_mixin.py:188} INFO - [2026-06-28T09:28:01.402+0000] {dag.py:3096} INFO - Sync 1 DAGs
[2026-06-28T09:28:01.434+0000] {logging_mixin.py:188} INFO - [2026-06-28T09:28:01.434+0000] {dag.py:3954} INFO - Setting next_dagrun for tutorial_objectstorage to None, run_after=None
[2026-06-28T09:28:01.491+0000] {processor.py:183} INFO - Processing /home/airflow/.local/lib/python3.12/site-packages/airflow/example_dags/tutorial_objectstorage.py took 0.215 seconds
[2026-06-28T09:28:31.691+0000] {processor.py:161} INFO - Started process (PID=1469) to work on /home/airflow/.local/lib/python3.12/site-packages/airflow/example_dags/tutorial_objectstorage.py
[2026-06-28T09:28:31.692+0000] {processor.py:830} INFO - Processing file /home/airflow/.local/lib/python3.12/site-packages/airflow/example_dags/tutorial_objectstorage.py for tasks to queue
[2026-06-28T09:28:31.693+0000] {logging_mixin.py:188} INFO - [2026-06-28T09:28:31.693+0000] {dagbag.py:545} INFO - Filling up the DagBag from /home/airflow/.local/lib/python3.12/site-packages/airflow/example_dags/tutorial_objectstorage.py
[2026-06-28T09:28:31.700+0000] {processor.py:840} INFO - DAG(s) 'tutorial_objectstorage' retrieved from /home/airflow/.local/lib/python3.12/site-packages/airflow/example_dags/tutorial_objectstorage.py
[2026-06-28T09:28:31.721+0000] {logging_mixin.py:188} INFO - [2026-06-28T09:28:31.721+0000] {dag.py:3096} INFO - Sync 1 DAGs
[2026-06-28T09:28:31.731+0000] {logging_mixin.py:188} INFO - [2026-06-28T09:28:31.731+0000] {dag.py:3954} INFO - Setting next_dagrun for tutorial_objectstorage to None, run_after=None
[2026-06-28T09:28:31.749+0000] {processor.py:183} INFO - Processing /home/airflow/.local/lib/python3.12/site-packages/airflow/example_dags/tutorial_objectstorage.py took 0.064 seconds
[2026-06-28T09:29:01.932+0000] {processor.py:161} INFO - Started process (PID=1528) to work on /home/airflow/.local/lib/python3.12/site-packages/airflow/example_dags/tutorial_objectstorage.py
[2026-06-28T09:29:01.933+0000] {processor.py:830} INFO - Processing file /home/airflow/.local/lib/python3.12/site-packages/airflow/example_dags/tutorial_objectstorage.py for tasks to queue
[2026-06-28T09:29:01.935+0000] {logging_mixin.py:188} INFO - [2026-06-28T09:29:01.934+0000] {dagbag.py:545} INFO - Filling up the DagBag from /home/airflow/.local/lib/python3.12/site-packages/airflow/example_dags/tutorial_objectstorage.py
[2026-06-28T09:29:01.947+0000] {processor.py:840} INFO - DAG(s) 'tutorial_objectstorage' retrieved from /home/airflow/.local/lib/python3.12/site-packages/airflow/example_dags/tutorial_objectstorage.py
[2026-06-28T09:29:01.976+0000] {logging_mixin.py:188} INFO - [2026-06-28T09:29:01.976+0000] {dag.py:3096} INFO - Sync 1 DAGs
[2026-06-28T09:29:01.993+0000] {logging_mixin.py:188} INFO - [2026-06-28T09:29:01.992+0000] {dag.py:3954} INFO - Setting next_dagrun for tutorial_objectstorage to None, run_after=None
[2026-06-28T09:29:02.022+0000] {processor.py:183} INFO - Processing /home/airflow/.local/lib/python3.12/site-packages/airflow/example_dags/tutorial_objectstorage.py took 0.098 seconds
[2026-06-28T09:29:32.391+0000] {processor.py:161} INFO - Started process (PID=1587) to work on /home/airflow/.local/lib/python3.12/site-packages/airflow/example_dags/tutorial_objectstorage.py
[2026-06-28T09:29:32.404+0000] {processor.py:830} INFO - Processing file /home/airflow/.local/lib/python3.12/site-packages/airflow/example_dags/tutorial_objectstorage.py for tasks to queue
[2026-06-28T09:29:32.414+0000] {logging_mixin.py:188} INFO - [2026-06-28T09:29:32.414+0000] {dagbag.py:545} INFO - Filling up the DagBag from /home/airflow/.local/lib/python3.12/site-packages/airflow/example_dags/tutorial_objectstorage.py
[2026-06-28T09:29:32.463+0000] {processor.py:840} INFO - DAG(s) 'tutorial_objectstorage' retrieved from /home/airflow/.local/lib/python3.12/site-packages/airflow/example_dags/tutorial_objectstorage.py
[2026-06-28T09:29:32.496+0000] {logging_mixin.py:188} INFO - [2026-06-28T09:29:32.496+0000] {dag.py:3096} INFO - Sync 1 DAGs
[2026-06-28T09:29:32.514+0000] {logging_mixin.py:188} INFO - [2026-06-28T09:29:32.513+0000] {dag.py:3954} INFO - Setting next_dagrun for tutorial_objectstorage to None, run_after=None
[2026-06-28T09:29:32.539+0000] {processor.py:183} INFO - Processing /home/airflow/.local/lib/python3.12/site-packages/airflow/example_dags/tutorial_objectstorage.py took 0.162 seconds
[2026-06-28T09:30:06.530+0000] {processor.py:161} INFO - Started process (PID=1646) to work on /home/airflow/.local/lib/python3.12/site-packages/airflow/example_dags/tutorial_objectstorage.py
[2026-06-28T09:30:06.536+0000] {processor.py:830} INFO - Processing file /home/airflow/.local/lib/python3.12/site-packages/airflow/example_dags/tutorial_objectstorage.py for tasks to queue
[2026-06-28T09:30:06.542+0000] {logging_mixin.py:188} INFO - [2026-06-28T09:30:06.542+0000] {dagbag.py:545} INFO - Filling up the DagBag from /home/airflow/.local/lib/python3.12/site-packages/airflow/example_dags/tutorial_objectstorage.py
[2026-06-28T09:30:06.567+0000] {processor.py:840} INFO - DAG(s) 'tutorial_objectstorage' retrieved from /home/airflow/.local/lib/python3.12/site-packages/airflow/example_dags/tutorial_objectstorage.py
[2026-06-28T09:30:06.637+0000] {logging_mixin.py:188} INFO - [2026-06-28T09:30:06.636+0000] {dag.py:3096} INFO - Sync 1 DAGs
[2026-06-28T09:30:06.703+0000] {logging_mixin.py:188} INFO - [2026-06-28T09:30:06.700+0000] {dag.py:3954} INFO - Setting next_dagrun for tutorial_objectstorage to None, run_after=None
[2026-06-28T09:30:06.827+0000] {processor.py:183} INFO - Processing /home/airflow/.local/lib/python3.12/site-packages/airflow/example_dags/tutorial_objectstorage.py took 0.337 seconds
[2026-06-28T09:30:39.043+0000] {processor.py:161} INFO - Started process (PID=1705) to work on /home/airflow/.local/lib/python3.12/site-packages/airflow/example_dags/tutorial_objectstorage.py
[2026-06-28T09:30:39.044+0000] {processor.py:830} INFO - Processing file /home/airflow/.local/lib/python3.12/site-packages/airflow/example_dags/tutorial_objectstorage.py for tasks to queue
[2026-06-28T09:30:39.046+0000] {logging_mixin.py:188} INFO - [2026-06-28T09:30:39.046+0000] {dagbag.py:545} INFO - Filling up the DagBag from /home/airflow/.local/lib/python3.12/site-packages/airflow/example_dags/tutorial_objectstorage.py
[2026-06-28T09:30:39.060+0000] {processor.py:840} INFO - DAG(s) 'tutorial_objectstorage' retrieved from /home/airflow/.local/lib/python3.12/site-packages/airflow/example_dags/tutorial_objectstorage.py
[2026-06-28T09:30:39.502+0000] {logging_mixin.py:188} INFO - [2026-06-28T09:30:39.502+0000] {dag.py:3096} INFO - Sync 1 DAGs
[2026-06-28T09:30:39.516+0000] {logging_mixin.py:188} INFO - [2026-06-28T09:30:39.515+0000] {dag.py:3954} INFO - Setting next_dagrun for tutorial_objectstorage to None, run_after=None
[2026-06-28T09:30:39.558+0000] {processor.py:183} INFO - Processing /home/airflow/.local/lib/python3.12/site-packages/airflow/example_dags/tutorial_objectstorage.py took 0.521 seconds
[2026-06-28T09:31:09.872+0000] {processor.py:161} INFO - Started process (PID=1763) to work on /home/airflow/.local/lib/python3.12/site-packages/airflow/example_dags/tutorial_objectstorage.py
[2026-06-28T09:31:09.873+0000] {processor.py:830} INFO - Processing file /home/airflow/.local/lib/python3.12/site-packages/airflow/example_dags/tutorial_objectstorage.py for tasks to queue
[2026-06-28T09:31:09.875+0000] {logging_mixin.py:188} INFO - [2026-06-28T09:31:09.875+0000] {dagbag.py:545} INFO - Filling up the DagBag from /home/airflow/.local/lib/python3.12/site-packages/airflow/example_dags/tutorial_objectstorage.py
[2026-06-28T09:31:09.885+0000] {processor.py:840} INFO - DAG(s) 'tutorial_objectstorage' retrieved from /home/airflow/.local/lib/python3.12/site-packages/airflow/example_dags/tutorial_objectstorage.py
[2026-06-28T09:31:09.908+0000] {logging_mixin.py:188} INFO - [2026-06-28T09:31:09.907+0000] {dag.py:3096} INFO - Sync 1 DAGs
[2026-06-28T09:31:10.105+0000] {logging_mixin.py:188} INFO - [2026-06-28T09:31:10.104+0000] {dag.py:3954} INFO - Setting next_dagrun for tutorial_objectstorage to None, run_after=None
[2026-06-28T09:31:10.124+0000] {processor.py:183} INFO - Processing /home/airflow/.local/lib/python3.12/site-packages/airflow/example_dags/tutorial_objectstorage.py took 0.259 seconds
[2026-06-28T09:31:40.181+0000] {processor.py:161} INFO - Started process (PID=1822) to work on /home/airflow/.local/lib/python3.12/site-packages/airflow/example_dags/tutorial_objectstorage.py
[2026-06-28T09:31:40.183+0000] {processor.py:830} INFO - Processing file /home/airflow/.local/lib/python3.12/site-packages/airflow/example_dags/tutorial_objectstorage.py for tasks to queue
[2026-06-28T09:31:40.184+0000] {logging_mixin.py:188} INFO - [2026-06-28T09:31:40.184+0000] {dagbag.py:545} INFO - Filling up the DagBag from /home/airflow/.local/lib/python3.12/site-packages/airflow/example_dags/tutorial_objectstorage.py
[2026-06-28T09:31:40.191+0000] {processor.py:840} INFO - DAG(s) 'tutorial_objectstorage' retrieved from /home/airflow/.local/lib/python3.12/site-packages/airflow/example_dags/tutorial_objectstorage.py
[2026-06-28T09:31:40.207+0000] {logging_mixin.py:188} INFO - [2026-06-28T09:31:40.207+0000] {dag.py:3096} INFO - Sync 1 DAGs
[2026-06-28T09:31:40.219+0000] {logging_mixin.py:188} INFO - [2026-06-28T09:31:40.219+0000] {dag.py:3954} INFO - Setting next_dagrun for tutorial_objectstorage to None, run_after=None
[2026-06-28T09:31:40.235+0000] {processor.py:183} INFO - Processing /home/airflow/.local/lib/python3.12/site-packages/airflow/example_dags/tutorial_objectstorage.py took 0.063 seconds
[2026-06-28T09:32:10.592+0000] {processor.py:161} INFO - Started process (PID=1881) to work on /home/airflow/.local/lib/python3.12/site-packages/airflow/example_dags/tutorial_objectstorage.py
[2026-06-28T09:32:10.593+0000] {processor.py:830} INFO - Processing file /home/airflow/.local/lib/python3.12/site-packages/airflow/example_dags/tutorial_objectstorage.py for tasks to queue
[2026-06-28T09:32:10.594+0000] {logging_mixin.py:188} INFO - [2026-06-28T09:32:10.594+0000] {dagbag.py:545} INFO - Filling up the DagBag from /home/airflow/.local/lib/python3.12/site-packages/airflow/example_dags/tutorial_objectstorage.py
[2026-06-28T09:32:10.600+0000] {processor.py:840} INFO - DAG(s) 'tutorial_objectstorage' retrieved from /home/airflow/.local/lib/python3.12/site-packages/airflow/example_dags/tutorial_objectstorage.py
[2026-06-28T09:32:10.617+0000] {logging_mixin.py:188} INFO - [2026-06-28T09:32:10.617+0000] {dag.py:3096} INFO - Sync 1 DAGs
[2026-06-28T09:32:10.628+0000] {logging_mixin.py:188} INFO - [2026-06-28T09:32:10.628+0000] {dag.py:3954} INFO - Setting next_dagrun for tutorial_objectstorage to None, run_after=None
[2026-06-28T09:32:10.643+0000] {processor.py:183} INFO - Processing /home/airflow/.local/lib/python3.12/site-packages/airflow/example_dags/tutorial_objectstorage.py took 0.056 seconds
[2026-06-28T09:32:42.728+0000] {processor.py:161} INFO - Started process (PID=1940) to work on /home/airflow/.local/lib/python3.12/site-packages/airflow/example_dags/tutorial_objectstorage.py
[2026-06-28T09:32:42.730+0000] {processor.py:830} INFO - Processing file /home/airflow/.local/lib/python3.12/site-packages/airflow/example_dags/tutorial_objectstorage.py for tasks to queue
[2026-06-28T09:32:42.733+0000] {logging_mixin.py:188} INFO - [2026-06-28T09:32:42.733+0000] {dagbag.py:545} INFO - Filling up the DagBag from /home/airflow/.local/lib/python3.12/site-packages/airflow/example_dags/tutorial_objectstorage.py
[2026-06-28T09:32:42.751+0000] {processor.py:840} INFO - DAG(s) 'tutorial_objectstorage' retrieved from /home/airflow/.local/lib/python3.12/site-packages/airflow/example_dags/tutorial_objectstorage.py
[2026-06-28T09:32:42.826+0000] {logging_mixin.py:188} INFO - [2026-06-28T09:32:42.825+0000] {dag.py:3096} INFO - Sync 1 DAGs
[2026-06-28T09:32:42.885+0000] {logging_mixin.py:188} INFO - [2026-06-28T09:32:42.884+0000] {dag.py:3954} INFO - Setting next_dagrun for tutorial_objectstorage to None, run_after=None
[2026-06-28T09:32:42.949+0000] {processor.py:183} INFO - Processing /home/airflow/.local/lib/python3.12/site-packages/airflow/example_dags/tutorial_objectstorage.py took 0.239 seconds
[2026-06-28T09:33:13.215+0000] {processor.py:161} INFO - Started process (PID=1999) to work on /home/airflow/.local/lib/python3.12/site-packages/airflow/example_dags/tutorial_objectstorage.py
[2026-06-28T09:33:13.216+0000] {processor.py:830} INFO - Processing file /home/airflow/.local/lib/python3.12/site-packages/airflow/example_dags/tutorial_objectstorage.py for tasks to queue
[2026-06-28T09:33:13.218+0000] {logging_mixin.py:188} INFO - [2026-06-28T09:33:13.218+0000] {dagbag.py:545} INFO - Filling up the DagBag from /home/airflow/.local/lib/python3.12/site-packages/airflow/example_dags/tutorial_objectstorage.py
[2026-06-28T09:33:13.238+0000] {processor.py:840} INFO - DAG(s) 'tutorial_objectstorage' retrieved from /home/airflow/.local/lib/python3.12/site-packages/airflow/example_dags/tutorial_objectstorage.py
[2026-06-28T09:33:13.261+0000] {logging_mixin.py:188} INFO - [2026-06-28T09:33:13.260+0000] {dag.py:3096} INFO - Sync 1 DAGs
[2026-06-28T09:33:13.278+0000] {logging_mixin.py:188} INFO - [2026-06-28T09:33:13.277+0000] {dag.py:3954} INFO - Setting next_dagrun for tutorial_objectstorage to None, run_after=None
[2026-06-28T09:33:13.298+0000] {processor.py:183} INFO - Processing /home/airflow/.local/lib/python3.12/site-packages/airflow/example_dags/tutorial_objectstorage.py took 0.091 seconds
[2026-06-28T09:33:43.621+0000] {processor.py:161} INFO - Started process (PID=2062) to work on /home/airflow/.local/lib/python3.12/site-packages/airflow/example_dags/tutorial_objectstorage.py
[2026-06-28T09:33:43.622+0000] {processor.py:830} INFO - Processing file /home/airflow/.local/lib/python3.12/site-packages/airflow/example_dags/tutorial_objectstorage.py for tasks to queue
[2026-06-28T09:33:43.630+0000] {logging_mixin.py:188} INFO - [2026-06-28T09:33:43.627+0000] {dagbag.py:545} INFO - Filling up the DagBag from /home/airflow/.local/lib/python3.12/site-packages/airflow/example_dags/tutorial_objectstorage.py
[2026-06-28T09:33:43.647+0000] {processor.py:840} INFO - DAG(s) 'tutorial_objectstorage' retrieved from /home/airflow/.local/lib/python3.12/site-packages/airflow/example_dags/tutorial_objectstorage.py
[2026-06-28T09:33:43.675+0000] {logging_mixin.py:188} INFO - [2026-06-28T09:33:43.674+0000] {dag.py:3096} INFO - Sync 1 DAGs
[2026-06-28T09:33:43.691+0000] {logging_mixin.py:188} INFO - [2026-06-28T09:33:43.691+0000] {dag.py:3954} INFO - Setting next_dagrun for tutorial_objectstorage to None, run_after=None
[2026-06-28T09:33:43.715+0000] {processor.py:183} INFO - Processing /home/airflow/.local/lib/python3.12/site-packages/airflow/example_dags/tutorial_objectstorage.py took 0.107 seconds
[2026-06-28T09:34:14.169+0000] {processor.py:161} INFO - Started process (PID=2121) to work on /home/airflow/.local/lib/python3.12/site-packages/airflow/example_dags/tutorial_objectstorage.py
[2026-06-28T09:34:14.170+0000] {processor.py:830} INFO - Processing file /home/airflow/.local/lib/python3.12/site-packages/airflow/example_dags/tutorial_objectstorage.py for tasks to queue
[2026-06-28T09:34:14.171+0000] {logging_mixin.py:188} INFO - [2026-06-28T09:34:14.171+0000] {dagbag.py:545} INFO - Filling up the DagBag from /home/airflow/.local/lib/python3.12/site-packages/airflow/example_dags/tutorial_objectstorage.py
[2026-06-28T09:34:14.181+0000] {processor.py:840} INFO - DAG(s) 'tutorial_objectstorage' retrieved from /home/airflow/.local/lib/python3.12/site-packages/airflow/example_dags/tutorial_objectstorage.py
[2026-06-28T09:34:14.205+0000] {logging_mixin.py:188} INFO - [2026-06-28T09:34:14.205+0000] {dag.py:3096} INFO - Sync 1 DAGs
[2026-06-28T09:34:14.222+0000] {logging_mixin.py:188} INFO - [2026-06-28T09:34:14.222+0000] {dag.py:3954} INFO - Setting next_dagrun for tutorial_objectstorage to None, run_after=None
[2026-06-28T09:34:14.243+0000] {processor.py:183} INFO - Processing /home/airflow/.local/lib/python3.12/site-packages/airflow/example_dags/tutorial_objectstorage.py took 0.088 seconds
[2026-06-28T09:34:44.822+0000] {processor.py:161} INFO - Started process (PID=2180) to work on /home/airflow/.local/lib/python3.12/site-packages/airflow/example_dags/tutorial_objectstorage.py
[2026-06-28T09:34:44.823+0000] {processor.py:830} INFO - Processing file /home/airflow/.local/lib/python3.12/site-packages/airflow/example_dags/tutorial_objectstorage.py for tasks to queue
[2026-06-28T09:34:44.825+0000] {logging_mixin.py:188} INFO - [2026-06-28T09:34:44.824+0000] {dagbag.py:545} INFO - Filling up the DagBag from /home/airflow/.local/lib/python3.12/site-packages/airflow/example_dags/tutorial_objectstorage.py
[2026-06-28T09:34:44.834+0000] {processor.py:840} INFO - DAG(s) 'tutorial_objectstorage' retrieved from /home/airflow/.local/lib/python3.12/site-packages/airflow/example_dags/tutorial_objectstorage.py
[2026-06-28T09:34:44.862+0000] {logging_mixin.py:188} INFO - [2026-06-28T09:34:44.861+0000] {dag.py:3096} INFO - Sync 1 DAGs
[2026-06-28T09:34:44.884+0000] {logging_mixin.py:188} INFO - [2026-06-28T09:34:44.883+0000] {dag.py:3954} INFO - Setting next_dagrun for tutorial_objectstorage to None, run_after=None
[2026-06-28T09:34:44.905+0000] {processor.py:183} INFO - Processing /home/airflow/.local/lib/python3.12/site-packages/airflow/example_dags/tutorial_objectstorage.py took 0.092 seconds
[2026-06-28T09:35:15.359+0000] {processor.py:161} INFO - Started process (PID=2239) to work on /home/airflow/.local/lib/python3.12/site-packages/airflow/example_dags/tutorial_objectstorage.py
[2026-06-28T09:35:15.360+0000] {processor.py:830} INFO - Processing file /home/airflow/.local/lib/python3.12/site-packages/airflow/example_dags/tutorial_objectstorage.py for tasks to queue
[2026-06-28T09:35:15.362+0000] {logging_mixin.py:188} INFO - [2026-06-28T09:35:15.361+0000] {dagbag.py:545} INFO - Filling up the DagBag from /home/airflow/.local/lib/python3.12/site-packages/airflow/example_dags/tutorial_objectstorage.py
[2026-06-28T09:35:15.370+0000] {processor.py:840} INFO - DAG(s) 'tutorial_objectstorage' retrieved from /home/airflow/.local/lib/python3.12/site-packages/airflow/example_dags/tutorial_objectstorage.py
[2026-06-28T09:35:15.395+0000] {logging_mixin.py:188} INFO - [2026-06-28T09:35:15.395+0000] {dag.py:3096} INFO - Sync 1 DAGs
[2026-06-28T09:35:15.412+0000] {logging_mixin.py:188} INFO - [2026-06-28T09:35:15.411+0000] {dag.py:3954} INFO - Setting next_dagrun for tutorial_objectstorage to None, run_after=None
[2026-06-28T09:35:15.434+0000] {processor.py:183} INFO - Processing /home/airflow/.local/lib/python3.12/site-packages/airflow/example_dags/tutorial_objectstorage.py took 0.082 seconds
[2026-06-28T09:35:46.742+0000] {processor.py:161} INFO - Started process (PID=2298) to work on /home/airflow/.local/lib/python3.12/site-packages/airflow/example_dags/tutorial_objectstorage.py
[2026-06-28T09:35:46.743+0000] {processor.py:830} INFO - Processing file /home/airflow/.local/lib/python3.12/site-packages/airflow/example_dags/tutorial_objectstorage.py for tasks to queue
[2026-06-28T09:35:46.745+0000] {logging_mixin.py:188} INFO - [2026-06-28T09:35:46.745+0000] {dagbag.py:545} INFO - Filling up the DagBag from /home/airflow/.local/lib/python3.12/site-packages/airflow/example_dags/tutorial_objectstorage.py
[2026-06-28T09:35:46.769+0000] {processor.py:840} INFO - DAG(s) 'tutorial_objectstorage' retrieved from /home/airflow/.local/lib/python3.12/site-packages/airflow/example_dags/tutorial_objectstorage.py
[2026-06-28T09:35:46.831+0000] {logging_mixin.py:188} INFO - [2026-06-28T09:35:46.830+0000] {dag.py:3096} INFO - Sync 1 DAGs
[2026-06-28T09:35:46.851+0000] {logging_mixin.py:188} INFO - [2026-06-28T09:35:46.850+0000] {dag.py:3954} INFO - Setting next_dagrun for tutorial_objectstorage to None, run_after=None
[2026-06-28T09:35:46.887+0000] {processor.py:183} INFO - Processing /home/airflow/.local/lib/python3.12/site-packages/airflow/example_dags/tutorial_objectstorage.py took 0.164 seconds
[2026-06-28T09:36:17.186+0000] {processor.py:161} INFO - Started process (PID=2357) to work on /home/airflow/.local/lib/python3.12/site-packages/airflow/example_dags/tutorial_objectstorage.py
[2026-06-28T09:36:17.187+0000] {processor.py:830} INFO - Processing file /home/airflow/.local/lib/python3.12/site-packages/airflow/example_dags/tutorial_objectstorage.py for tasks to queue
[2026-06-28T09:36:17.189+0000] {logging_mixin.py:188} INFO - [2026-06-28T09:36:17.189+0000] {dagbag.py:545} INFO - Filling up the DagBag from /home/airflow/.local/lib/python3.12/site-packages/airflow/example_dags/tutorial_objectstorage.py
[2026-06-28T09:36:17.199+0000] {processor.py:840} INFO - DAG(s) 'tutorial_objectstorage' retrieved from /home/airflow/.local/lib/python3.12/site-packages/airflow/example_dags/tutorial_objectstorage.py
[2026-06-28T09:36:17.233+0000] {logging_mixin.py:188} INFO - [2026-06-28T09:36:17.233+0000] {dag.py:3096} INFO - Sync 1 DAGs
[2026-06-28T09:36:17.256+0000] {logging_mixin.py:188} INFO - [2026-06-28T09:36:17.255+0000] {dag.py:3954} INFO - Setting next_dagrun for tutorial_objectstorage to None, run_after=None
[2026-06-28T09:36:17.277+0000] {processor.py:183} INFO - Processing /home/airflow/.local/lib/python3.12/site-packages/airflow/example_dags/tutorial_objectstorage.py took 0.101 seconds
[2026-06-28T09:36:48.147+0000] {processor.py:161} INFO - Started process (PID=2416) to work on /home/airflow/.local/lib/python3.12/site-packages/airflow/example_dags/tutorial_objectstorage.py
[2026-06-28T09:36:48.150+0000] {processor.py:830} INFO - Processing file /home/airflow/.local/lib/python3.12/site-packages/airflow/example_dags/tutorial_objectstorage.py for tasks to queue
[2026-06-28T09:36:48.152+0000] {logging_mixin.py:188} INFO - [2026-06-28T09:36:48.151+0000] {dagbag.py:545} INFO - Filling up the DagBag from /home/airflow/.local/lib/python3.12/site-packages/airflow/example_dags/tutorial_objectstorage.py
[2026-06-28T09:36:48.162+0000] {processor.py:840} INFO - DAG(s) 'tutorial_objectstorage' retrieved from /home/airflow/.local/lib/python3.12/site-packages/airflow/example_dags/tutorial_objectstorage.py
[2026-06-28T09:36:48.198+0000] {logging_mixin.py:188} INFO - [2026-06-28T09:36:48.198+0000] {dag.py:3096} INFO - Sync 1 DAGs
[2026-06-28T09:36:48.213+0000] {logging_mixin.py:188} INFO - [2026-06-28T09:36:48.213+0000] {dag.py:3954} INFO - Setting next_dagrun for tutorial_objectstorage to None, run_after=None
[2026-06-28T09:36:48.234+0000] {processor.py:183} INFO - Processing /home/airflow/.local/lib/python3.12/site-packages/airflow/example_dags/tutorial_objectstorage.py took 0.095 seconds
[2026-06-28T09:37:18.718+0000] {processor.py:161} INFO - Started process (PID=2475) to work on /home/airflow/.local/lib/python3.12/site-packages/airflow/example_dags/tutorial_objectstorage.py
[2026-06-28T09:37:18.719+0000] {processor.py:830} INFO - Processing file /home/airflow/.local/lib/python3.12/site-packages/airflow/example_dags/tutorial_objectstorage.py for tasks to queue
[2026-06-28T09:37:18.721+0000] {logging_mixin.py:188} INFO - [2026-06-28T09:37:18.720+0000] {dagbag.py:545} INFO - Filling up the DagBag from /home/airflow/.local/lib/python3.12/site-packages/airflow/example_dags/tutorial_objectstorage.py
[2026-06-28T09:37:18.729+0000] {processor.py:840} INFO - DAG(s) 'tutorial_objectstorage' retrieved from /home/airflow/.local/lib/python3.12/site-packages/airflow/example_dags/tutorial_objectstorage.py
[2026-06-28T09:37:18.753+0000] {logging_mixin.py:188} INFO - [2026-06-28T09:37:18.753+0000] {dag.py:3096} INFO - Sync 1 DAGs
[2026-06-28T09:37:18.771+0000] {logging_mixin.py:188} INFO - [2026-06-28T09:37:18.770+0000] {dag.py:3954} INFO - Setting next_dagrun for tutorial_objectstorage to None, run_after=None
[2026-06-28T09:37:18.801+0000] {processor.py:183} INFO - Processing /home/airflow/.local/lib/python3.12/site-packages/airflow/example_dags/tutorial_objectstorage.py took 0.094 seconds
[2026-06-28T09:37:49.403+0000] {processor.py:161} INFO - Started process (PID=2534) to work on /home/airflow/.local/lib/python3.12/site-packages/airflow/example_dags/tutorial_objectstorage.py
[2026-06-28T09:37:49.404+0000] {processor.py:830} INFO - Processing file /home/airflow/.local/lib/python3.12/site-packages/airflow/example_dags/tutorial_objectstorage.py for tasks to queue
[2026-06-28T09:37:49.406+0000] {logging_mixin.py:188} INFO - [2026-06-28T09:37:49.405+0000] {dagbag.py:545} INFO - Filling up the DagBag from /home/airflow/.local/lib/python3.12/site-packages/airflow/example_dags/tutorial_objectstorage.py
[2026-06-28T09:37:49.416+0000] {processor.py:840} INFO - DAG(s) 'tutorial_objectstorage' retrieved from /home/airflow/.local/lib/python3.12/site-packages/airflow/example_dags/tutorial_objectstorage.py
[2026-06-28T09:37:49.442+0000] {logging_mixin.py:188} INFO - [2026-06-28T09:37:49.441+0000] {dag.py:3096} INFO - Sync 1 DAGs
[2026-06-28T09:37:49.458+0000] {logging_mixin.py:188} INFO - [2026-06-28T09:37:49.458+0000] {dag.py:3954} INFO - Setting next_dagrun for tutorial_objectstorage to None, run_after=None
[2026-06-28T09:37:49.484+0000] {processor.py:183} INFO - Processing /home/airflow/.local/lib/python3.12/site-packages/airflow/example_dags/tutorial_objectstorage.py took 0.092 seconds
[2026-06-28T09:38:19.802+0000] {processor.py:161} INFO - Started process (PID=2593) to work on /home/airflow/.local/lib/python3.12/site-packages/airflow/example_dags/tutorial_objectstorage.py
[2026-06-28T09:38:19.802+0000] {processor.py:830} INFO - Processing file /home/airflow/.local/lib/python3.12/site-packages/airflow/example_dags/tutorial_objectstorage.py for tasks to queue
[2026-06-28T09:38:19.804+0000] {logging_mixin.py:188} INFO - [2026-06-28T09:38:19.804+0000] {dagbag.py:545} INFO - Filling up the DagBag from /home/airflow/.local/lib/python3.12/site-packages/airflow/example_dags/tutorial_objectstorage.py
[2026-06-28T09:38:19.813+0000] {processor.py:840} INFO - DAG(s) 'tutorial_objectstorage' retrieved from /home/airflow/.local/lib/python3.12/site-packages/airflow/example_dags/tutorial_objectstorage.py
[2026-06-28T09:38:19.837+0000] {logging_mixin.py:188} INFO - [2026-06-28T09:38:19.837+0000] {dag.py:3096} INFO - Sync 1 DAGs
[2026-06-28T09:38:19.856+0000] {logging_mixin.py:188} INFO - [2026-06-28T09:38:19.856+0000] {dag.py:3954} INFO - Setting next_dagrun for tutorial_objectstorage to None, run_after=None
[2026-06-28T09:38:19.885+0000] {processor.py:183} INFO - Processing /home/airflow/.local/lib/python3.12/site-packages/airflow/example_dags/tutorial_objectstorage.py took 0.091 seconds
[2026-06-28T09:38:49.920+0000] {processor.py:161} INFO - Started process (PID=2652) to work on /home/airflow/.local/lib/python3.12/site-packages/airflow/example_dags/tutorial_objectstorage.py
[2026-06-28T09:38:49.921+0000] {processor.py:830} INFO - Processing file /home/airflow/.local/lib/python3.12/site-packages/airflow/example_dags/tutorial_objectstorage.py for tasks to queue
[2026-06-28T09:38:49.923+0000] {logging_mixin.py:188} INFO - [2026-06-28T09:38:49.923+0000] {dagbag.py:545} INFO - Filling up the DagBag from /home/airflow/.local/lib/python3.12/site-packages/airflow/example_dags/tutorial_objectstorage.py
[2026-06-28T09:38:49.932+0000] {processor.py:840} INFO - DAG(s) 'tutorial_objectstorage' retrieved from /home/airflow/.local/lib/python3.12/site-packages/airflow/example_dags/tutorial_objectstorage.py
[2026-06-28T09:38:49.954+0000] {logging_mixin.py:188} INFO - [2026-06-28T09:38:49.953+0000] {dag.py:3096} INFO - Sync 1 DAGs
[2026-06-28T09:38:49.982+0000] {logging_mixin.py:188} INFO - [2026-06-28T09:38:49.980+0000] {dag.py:3954} INFO - Setting next_dagrun for tutorial_objectstorage to None, run_after=None
[2026-06-28T09:38:50.008+0000] {processor.py:183} INFO - Processing /home/airflow/.local/lib/python3.12/site-packages/airflow/example_dags/tutorial_objectstorage.py took 0.095 seconds
[2026-06-28T09:39:20.469+0000] {processor.py:161} INFO - Started process (PID=2712) to work on /home/airflow/.local/lib/python3.12/site-packages/airflow/example_dags/tutorial_objectstorage.py
[2026-06-28T09:39:20.472+0000] {processor.py:830} INFO - Processing file /home/airflow/.local/lib/python3.12/site-packages/airflow/example_dags/tutorial_objectstorage.py for tasks to queue
[2026-06-28T09:39:20.477+0000] {logging_mixin.py:188} INFO - [2026-06-28T09:39:20.474+0000] {dagbag.py:545} INFO - Filling up the DagBag from /home/airflow/.local/lib/python3.12/site-packages/airflow/example_dags/tutorial_objectstorage.py
[2026-06-28T09:39:20.485+0000] {processor.py:840} INFO - DAG(s) 'tutorial_objectstorage' retrieved from /home/airflow/.local/lib/python3.12/site-packages/airflow/example_dags/tutorial_objectstorage.py
[2026-06-28T09:39:20.509+0000] {logging_mixin.py:188} INFO - [2026-06-28T09:39:20.509+0000] {dag.py:3096} INFO - Sync 1 DAGs
[2026-06-28T09:39:20.525+0000] {logging_mixin.py:188} INFO - [2026-06-28T09:39:20.525+0000] {dag.py:3954} INFO - Setting next_dagrun for tutorial_objectstorage to None, run_after=None
[2026-06-28T09:39:20.546+0000] {processor.py:183} INFO - Processing /home/airflow/.local/lib/python3.12/site-packages/airflow/example_dags/tutorial_objectstorage.py took 0.087 seconds
[2026-06-28T09:39:51.014+0000] {processor.py:161} INFO - Started process (PID=2770) to work on /home/airflow/.local/lib/python3.12/site-packages/airflow/example_dags/tutorial_objectstorage.py
[2026-06-28T09:39:51.015+0000] {processor.py:830} INFO - Processing file /home/airflow/.local/lib/python3.12/site-packages/airflow/example_dags/tutorial_objectstorage.py for tasks to queue
[2026-06-28T09:39:51.017+0000] {logging_mixin.py:188} INFO - [2026-06-28T09:39:51.016+0000] {dagbag.py:545} INFO - Filling up the DagBag from /home/airflow/.local/lib/python3.12/site-packages/airflow/example_dags/tutorial_objectstorage.py
[2026-06-28T09:39:51.026+0000] {processor.py:840} INFO - DAG(s) 'tutorial_objectstorage' retrieved from /home/airflow/.local/lib/python3.12/site-packages/airflow/example_dags/tutorial_objectstorage.py
[2026-06-28T09:39:51.048+0000] {logging_mixin.py:188} INFO - [2026-06-28T09:39:51.048+0000] {dag.py:3096} INFO - Sync 1 DAGs
[2026-06-28T09:39:51.069+0000] {logging_mixin.py:188} INFO - [2026-06-28T09:39:51.068+0000] {dag.py:3954} INFO - Setting next_dagrun for tutorial_objectstorage to None, run_after=None
[2026-06-28T09:39:51.091+0000] {processor.py:183} INFO - Processing /home/airflow/.local/lib/python3.12/site-packages/airflow/example_dags/tutorial_objectstorage.py took 0.089 seconds
[2026-06-28T09:40:21.872+0000] {processor.py:161} INFO - Started process (PID=2829) to work on /home/airflow/.local/lib/python3.12/site-packages/airflow/example_dags/tutorial_objectstorage.py
[2026-06-28T09:40:21.873+0000] {processor.py:830} INFO - Processing file /home/airflow/.local/lib/python3.12/site-packages/airflow/example_dags/tutorial_objectstorage.py for tasks to queue
[2026-06-28T09:40:21.875+0000] {logging_mixin.py:188} INFO - [2026-06-28T09:40:21.874+0000] {dagbag.py:545} INFO - Filling up the DagBag from /home/airflow/.local/lib/python3.12/site-packages/airflow/example_dags/tutorial_objectstorage.py
[2026-06-28T09:40:21.884+0000] {processor.py:840} INFO - DAG(s) 'tutorial_objectstorage' retrieved from /home/airflow/.local/lib/python3.12/site-packages/airflow/example_dags/tutorial_objectstorage.py
[2026-06-28T09:40:21.911+0000] {logging_mixin.py:188} INFO - [2026-06-28T09:40:21.911+0000] {dag.py:3096} INFO - Sync 1 DAGs
[2026-06-28T09:40:21.929+0000] {logging_mixin.py:188} INFO - [2026-06-28T09:40:21.929+0000] {dag.py:3954} INFO - Setting next_dagrun for tutorial_objectstorage to None, run_after=None
[2026-06-28T09:40:21.956+0000] {processor.py:183} INFO - Processing /home/airflow/.local/lib/python3.12/site-packages/airflow/example_dags/tutorial_objectstorage.py took 0.095 seconds
[2026-06-28T09:40:52.255+0000] {processor.py:161} INFO - Started process (PID=2888) to work on /home/airflow/.local/lib/python3.12/site-packages/airflow/example_dags/tutorial_objectstorage.py
[2026-06-28T09:40:52.256+0000] {processor.py:830} INFO - Processing file /home/airflow/.local/lib/python3.12/site-packages/airflow/example_dags/tutorial_objectstorage.py for tasks to queue
[2026-06-28T09:40:52.258+0000] {logging_mixin.py:188} INFO - [2026-06-28T09:40:52.257+0000] {dagbag.py:545} INFO - Filling up the DagBag from /home/airflow/.local/lib/python3.12/site-packages/airflow/example_dags/tutorial_objectstorage.py
[2026-06-28T09:40:52.272+0000] {processor.py:840} INFO - DAG(s) 'tutorial_objectstorage' retrieved from /home/airflow/.local/lib/python3.12/site-packages/airflow/example_dags/tutorial_objectstorage.py
[2026-06-28T09:40:52.299+0000] {logging_mixin.py:188} INFO - [2026-06-28T09:40:52.298+0000] {dag.py:3096} INFO - Sync 1 DAGs
[2026-06-28T09:40:52.314+0000] {logging_mixin.py:188} INFO - [2026-06-28T09:40:52.314+0000] {dag.py:3954} INFO - Setting next_dagrun for tutorial_objectstorage to None, run_after=None
[2026-06-28T09:40:52.335+0000] {processor.py:183} INFO - Processing /home/airflow/.local/lib/python3.12/site-packages/airflow/example_dags/tutorial_objectstorage.py took 0.087 seconds
[2026-06-28T09:41:23.208+0000] {processor.py:161} INFO - Started process (PID=2947) to work on /home/airflow/.local/lib/python3.12/site-packages/airflow/example_dags/tutorial_objectstorage.py
[2026-06-28T09:41:23.209+0000] {processor.py:830} INFO - Processing file /home/airflow/.local/lib/python3.12/site-packages/airflow/example_dags/tutorial_objectstorage.py for tasks to queue
[2026-06-28T09:41:23.214+0000] {logging_mixin.py:188} INFO - [2026-06-28T09:41:23.213+0000] {dagbag.py:545} INFO - Filling up the DagBag from /home/airflow/.local/lib/python3.12/site-packages/airflow/example_dags/tutorial_objectstorage.py
[2026-06-28T09:41:23.228+0000] {processor.py:840} INFO - DAG(s) 'tutorial_objectstorage' retrieved from /home/airflow/.local/lib/python3.12/site-packages/airflow/example_dags/tutorial_objectstorage.py
[2026-06-28T09:41:23.278+0000] {logging_mixin.py:188} INFO - [2026-06-28T09:41:23.278+0000] {dag.py:3096} INFO - Sync 1 DAGs
[2026-06-28T09:41:23.326+0000] {logging_mixin.py:188} INFO - [2026-06-28T09:41:23.326+0000] {dag.py:3954} INFO - Setting next_dagrun for tutorial_objectstorage to None, run_after=None
[2026-06-28T09:41:23.352+0000] {processor.py:183} INFO - Processing /home/airflow/.local/lib/python3.12/site-packages/airflow/example_dags/tutorial_objectstorage.py took 0.154 seconds
[2026-06-28T09:41:54.388+0000] {processor.py:161} INFO - Started process (PID=3007) to work on /home/airflow/.local/lib/python3.12/site-packages/airflow/example_dags/tutorial_objectstorage.py
[2026-06-28T09:41:54.389+0000] {processor.py:830} INFO - Processing file /home/airflow/.local/lib/python3.12/site-packages/airflow/example_dags/tutorial_objectstorage.py for tasks to queue
[2026-06-28T09:41:54.393+0000] {logging_mixin.py:188} INFO - [2026-06-28T09:41:54.393+0000] {dagbag.py:545} INFO - Filling up the DagBag from /home/airflow/.local/lib/python3.12/site-packages/airflow/example_dags/tutorial_objectstorage.py
[2026-06-28T09:41:54.421+0000] {processor.py:840} INFO - DAG(s) 'tutorial_objectstorage' retrieved from /home/airflow/.local/lib/python3.12/site-packages/airflow/example_dags/tutorial_objectstorage.py
[2026-06-28T09:41:54.483+0000] {logging_mixin.py:188} INFO - [2026-06-28T09:41:54.482+0000] {dag.py:3096} INFO - Sync 1 DAGs
[2026-06-28T09:41:54.514+0000] {logging_mixin.py:188} INFO - [2026-06-28T09:41:54.514+0000] {dag.py:3954} INFO - Setting next_dagrun for tutorial_objectstorage to None, run_after=None
[2026-06-28T09:41:54.571+0000] {processor.py:183} INFO - Processing /home/airflow/.local/lib/python3.12/site-packages/airflow/example_dags/tutorial_objectstorage.py took 0.201 seconds
[2026-06-28T09:42:25.565+0000] {processor.py:161} INFO - Started process (PID=3065) to work on /home/airflow/.local/lib/python3.12/site-packages/airflow/example_dags/tutorial_objectstorage.py
[2026-06-28T09:42:25.568+0000] {processor.py:830} INFO - Processing file /home/airflow/.local/lib/python3.12/site-packages/airflow/example_dags/tutorial_objectstorage.py for tasks to queue
[2026-06-28T09:42:25.571+0000] {logging_mixin.py:188} INFO - [2026-06-28T09:42:25.571+0000] {dagbag.py:545} INFO - Filling up the DagBag from /home/airflow/.local/lib/python3.12/site-packages/airflow/example_dags/tutorial_objectstorage.py
[2026-06-28T09:42:25.581+0000] {processor.py:840} INFO - DAG(s) 'tutorial_objectstorage' retrieved from /home/airflow/.local/lib/python3.12/site-packages/airflow/example_dags/tutorial_objectstorage.py
[2026-06-28T09:42:25.611+0000] {logging_mixin.py:188} INFO - [2026-06-28T09:42:25.611+0000] {dag.py:3096} INFO - Sync 1 DAGs
[2026-06-28T09:42:25.628+0000] {logging_mixin.py:188} INFO - [2026-06-28T09:42:25.628+0000] {dag.py:3954} INFO - Setting next_dagrun for tutorial_objectstorage to None, run_after=None
[2026-06-28T09:42:25.652+0000] {processor.py:183} INFO - Processing /home/airflow/.local/lib/python3.12/site-packages/airflow/example_dags/tutorial_objectstorage.py took 0.094 seconds
[2026-06-28T09:42:56.345+0000] {processor.py:161} INFO - Started process (PID=3124) to work on /home/airflow/.local/lib/python3.12/site-packages/airflow/example_dags/tutorial_objectstorage.py
[2026-06-28T09:42:56.346+0000] {processor.py:830} INFO - Processing file /home/airflow/.local/lib/python3.12/site-packages/airflow/example_dags/tutorial_objectstorage.py for tasks to queue
[2026-06-28T09:42:56.348+0000] {logging_mixin.py:188} INFO - [2026-06-28T09:42:56.348+0000] {dagbag.py:545} INFO - Filling up the DagBag from /home/airflow/.local/lib/python3.12/site-packages/airflow/example_dags/tutorial_objectstorage.py
[2026-06-28T09:42:56.358+0000] {processor.py:840} INFO - DAG(s) 'tutorial_objectstorage' retrieved from /home/airflow/.local/lib/python3.12/site-packages/airflow/example_dags/tutorial_objectstorage.py
[2026-06-28T09:42:56.390+0000] {logging_mixin.py:188} INFO - [2026-06-28T09:42:56.389+0000] {dag.py:3096} INFO - Sync 1 DAGs
[2026-06-28T09:42:56.406+0000] {logging_mixin.py:188} INFO - [2026-06-28T09:42:56.406+0000] {dag.py:3954} INFO - Setting next_dagrun for tutorial_objectstorage to None, run_after=None
[2026-06-28T09:42:56.428+0000] {processor.py:183} INFO - Processing /home/airflow/.local/lib/python3.12/site-packages/airflow/example_dags/tutorial_objectstorage.py took 0.092 seconds
[2026-06-28T09:43:26.714+0000] {processor.py:161} INFO - Started process (PID=3182) to work on /home/airflow/.local/lib/python3.12/site-packages/airflow/example_dags/tutorial_objectstorage.py
[2026-06-28T09:43:26.715+0000] {processor.py:830} INFO - Processing file /home/airflow/.local/lib/python3.12/site-packages/airflow/example_dags/tutorial_objectstorage.py for tasks to queue
[2026-06-28T09:43:26.717+0000] {logging_mixin.py:188} INFO - [2026-06-28T09:43:26.717+0000] {dagbag.py:545} INFO - Filling up the DagBag from /home/airflow/.local/lib/python3.12/site-packages/airflow/example_dags/tutorial_objectstorage.py
[2026-06-28T09:43:26.729+0000] {processor.py:840} INFO - DAG(s) 'tutorial_objectstorage' retrieved from /home/airflow/.local/lib/python3.12/site-packages/airflow/example_dags/tutorial_objectstorage.py
[2026-06-28T09:43:26.768+0000] {logging_mixin.py:188} INFO - [2026-06-28T09:43:26.768+0000] {dag.py:3096} INFO - Sync 1 DAGs
[2026-06-28T09:43:26.784+0000] {logging_mixin.py:188} INFO - [2026-06-28T09:43:26.784+0000] {dag.py:3954} INFO - Setting next_dagrun for tutorial_objectstorage to None, run_after=None
[2026-06-28T09:43:26.804+0000] {processor.py:183} INFO - Processing /home/airflow/.local/lib/python3.12/site-packages/airflow/example_dags/tutorial_objectstorage.py took 0.097 seconds
[2026-06-28T09:43:57.084+0000] {processor.py:161} INFO - Started process (PID=3241) to work on /home/airflow/.local/lib/python3.12/site-packages/airflow/example_dags/tutorial_objectstorage.py
[2026-06-28T09:43:57.085+0000] {processor.py:830} INFO - Processing file /home/airflow/.local/lib/python3.12/site-packages/airflow/example_dags/tutorial_objectstorage.py for tasks to queue
[2026-06-28T09:43:57.087+0000] {logging_mixin.py:188} INFO - [2026-06-28T09:43:57.086+0000] {dagbag.py:545} INFO - Filling up the DagBag from /home/airflow/.local/lib/python3.12/site-packages/airflow/example_dags/tutorial_objectstorage.py
[2026-06-28T09:43:57.095+0000] {processor.py:840} INFO - DAG(s) 'tutorial_objectstorage' retrieved from /home/airflow/.local/lib/python3.12/site-packages/airflow/example_dags/tutorial_objectstorage.py
[2026-06-28T09:43:57.120+0000] {logging_mixin.py:188} INFO - [2026-06-28T09:43:57.120+0000] {dag.py:3096} INFO - Sync 1 DAGs
[2026-06-28T09:43:57.137+0000] {logging_mixin.py:188} INFO - [2026-06-28T09:43:57.136+0000] {dag.py:3954} INFO - Setting next_dagrun for tutorial_objectstorage to None, run_after=None
[2026-06-28T09:43:57.158+0000] {processor.py:183} INFO - Processing /home/airflow/.local/lib/python3.12/site-packages/airflow/example_dags/tutorial_objectstorage.py took 0.081 seconds
[2026-06-28T09:44:28.021+0000] {processor.py:161} INFO - Started process (PID=3300) to work on /home/airflow/.local/lib/python3.12/site-packages/airflow/example_dags/tutorial_objectstorage.py
[2026-06-28T09:44:28.022+0000] {processor.py:830} INFO - Processing file /home/airflow/.local/lib/python3.12/site-packages/airflow/example_dags/tutorial_objectstorage.py for tasks to queue
[2026-06-28T09:44:28.024+0000] {logging_mixin.py:188} INFO - [2026-06-28T09:44:28.024+0000] {dagbag.py:545} INFO - Filling up the DagBag from /home/airflow/.local/lib/python3.12/site-packages/airflow/example_dags/tutorial_objectstorage.py
[2026-06-28T09:44:28.033+0000] {processor.py:840} INFO - DAG(s) 'tutorial_objectstorage' retrieved from /home/airflow/.local/lib/python3.12/site-packages/airflow/example_dags/tutorial_objectstorage.py
[2026-06-28T09:44:28.075+0000] {logging_mixin.py:188} INFO - [2026-06-28T09:44:28.075+0000] {dag.py:3096} INFO - Sync 1 DAGs
[2026-06-28T09:44:28.096+0000] {logging_mixin.py:188} INFO - [2026-06-28T09:44:28.095+0000] {dag.py:3954} INFO - Setting next_dagrun for tutorial_objectstorage to None, run_after=None
[2026-06-28T09:44:28.116+0000] {processor.py:183} INFO - Processing /home/airflow/.local/lib/python3.12/site-packages/airflow/example_dags/tutorial_objectstorage.py took 0.101 seconds
[2026-06-28T09:44:58.196+0000] {processor.py:161} INFO - Started process (PID=3359) to work on /home/airflow/.local/lib/python3.12/site-packages/airflow/example_dags/tutorial_objectstorage.py
[2026-06-28T09:44:58.197+0000] {processor.py:830} INFO - Processing file /home/airflow/.local/lib/python3.12/site-packages/airflow/example_dags/tutorial_objectstorage.py for tasks to queue
[2026-06-28T09:44:58.199+0000] {logging_mixin.py:188} INFO - [2026-06-28T09:44:58.198+0000] {dagbag.py:545} INFO - Filling up the DagBag from /home/airflow/.local/lib/python3.12/site-packages/airflow/example_dags/tutorial_objectstorage.py
[2026-06-28T09:44:58.207+0000] {processor.py:840} INFO - DAG(s) 'tutorial_objectstorage' retrieved from /home/airflow/.local/lib/python3.12/site-packages/airflow/example_dags/tutorial_objectstorage.py
[2026-06-28T09:44:58.232+0000] {logging_mixin.py:188} INFO - [2026-06-28T09:44:58.231+0000] {dag.py:3096} INFO - Sync 1 DAGs
[2026-06-28T09:44:58.250+0000] {logging_mixin.py:188} INFO - [2026-06-28T09:44:58.250+0000] {dag.py:3954} INFO - Setting next_dagrun for tutorial_objectstorage to None, run_after=None
[2026-06-28T09:44:58.272+0000] {processor.py:183} INFO - Processing /home/airflow/.local/lib/python3.12/site-packages/airflow/example_dags/tutorial_objectstorage.py took 0.085 seconds
[2026-06-28T09:45:28.919+0000] {processor.py:161} INFO - Started process (PID=3417) to work on /home/airflow/.local/lib/python3.12/site-packages/airflow/example_dags/tutorial_objectstorage.py
[2026-06-28T09:45:28.920+0000] {processor.py:830} INFO - Processing file /home/airflow/.local/lib/python3.12/site-packages/airflow/example_dags/tutorial_objectstorage.py for tasks to queue
[2026-06-28T09:45:28.922+0000] {logging_mixin.py:188} INFO - [2026-06-28T09:45:28.922+0000] {dagbag.py:545} INFO - Filling up the DagBag from /home/airflow/.local/lib/python3.12/site-packages/airflow/example_dags/tutorial_objectstorage.py
[2026-06-28T09:45:28.931+0000] {processor.py:840} INFO - DAG(s) 'tutorial_objectstorage' retrieved from /home/airflow/.local/lib/python3.12/site-packages/airflow/example_dags/tutorial_objectstorage.py
[2026-06-28T09:45:28.963+0000] {logging_mixin.py:188} INFO - [2026-06-28T09:45:28.963+0000] {dag.py:3096} INFO - Sync 1 DAGs
[2026-06-28T09:45:28.981+0000] {logging_mixin.py:188} INFO - [2026-06-28T09:45:28.981+0000] {dag.py:3954} INFO - Setting next_dagrun for tutorial_objectstorage to None, run_after=None
[2026-06-28T09:45:29.005+0000] {processor.py:183} INFO - Processing /home/airflow/.local/lib/python3.12/site-packages/airflow/example_dags/tutorial_objectstorage.py took 0.093 seconds
[2026-06-28T09:45:59.161+0000] {processor.py:161} INFO - Started process (PID=3476) to work on /home/airflow/.local/lib/python3.12/site-packages/airflow/example_dags/tutorial_objectstorage.py
[2026-06-28T09:45:59.162+0000] {processor.py:830} INFO - Processing file /home/airflow/.local/lib/python3.12/site-packages/airflow/example_dags/tutorial_objectstorage.py for tasks to queue
[2026-06-28T09:45:59.165+0000] {logging_mixin.py:188} INFO - [2026-06-28T09:45:59.164+0000] {dagbag.py:545} INFO - Filling up the DagBag from /home/airflow/.local/lib/python3.12/site-packages/airflow/example_dags/tutorial_objectstorage.py
[2026-06-28T09:45:59.179+0000] {processor.py:840} INFO - DAG(s) 'tutorial_objectstorage' retrieved from /home/airflow/.local/lib/python3.12/site-packages/airflow/example_dags/tutorial_objectstorage.py
[2026-06-28T09:45:59.204+0000] {logging_mixin.py:188} INFO - [2026-06-28T09:45:59.204+0000] {dag.py:3096} INFO - Sync 1 DAGs
[2026-06-28T09:45:59.231+0000] {logging_mixin.py:188} INFO - [2026-06-28T09:45:59.231+0000] {dag.py:3954} INFO - Setting next_dagrun for tutorial_objectstorage to None, run_after=None
[2026-06-28T09:45:59.270+0000] {processor.py:183} INFO - Processing /home/airflow/.local/lib/python3.12/site-packages/airflow/example_dags/tutorial_objectstorage.py took 0.123 seconds
[2026-06-28T09:46:30.097+0000] {processor.py:161} INFO - Started process (PID=3535) to work on /home/airflow/.local/lib/python3.12/site-packages/airflow/example_dags/tutorial_objectstorage.py
[2026-06-28T09:46:30.098+0000] {processor.py:830} INFO - Processing file /home/airflow/.local/lib/python3.12/site-packages/airflow/example_dags/tutorial_objectstorage.py for tasks to queue
[2026-06-28T09:46:30.100+0000] {logging_mixin.py:188} INFO - [2026-06-28T09:46:30.100+0000] {dagbag.py:545} INFO - Filling up the DagBag from /home/airflow/.local/lib/python3.12/site-packages/airflow/example_dags/tutorial_objectstorage.py
[2026-06-28T09:46:30.109+0000] {processor.py:840} INFO - DAG(s) 'tutorial_objectstorage' retrieved from /home/airflow/.local/lib/python3.12/site-packages/airflow/example_dags/tutorial_objectstorage.py
[2026-06-28T09:46:30.144+0000] {logging_mixin.py:188} INFO - [2026-06-28T09:46:30.144+0000] {dag.py:3096} INFO - Sync 1 DAGs
[2026-06-28T09:46:30.171+0000] {logging_mixin.py:188} INFO - [2026-06-28T09:46:30.170+0000] {dag.py:3954} INFO - Setting next_dagrun for tutorial_objectstorage to None, run_after=None
[2026-06-28T09:46:30.197+0000] {processor.py:183} INFO - Processing /home/airflow/.local/lib/python3.12/site-packages/airflow/example_dags/tutorial_objectstorage.py took 0.107 seconds
[2026-06-28T09:47:00.948+0000] {processor.py:161} INFO - Started process (PID=3594) to work on /home/airflow/.local/lib/python3.12/site-packages/airflow/example_dags/tutorial_objectstorage.py
[2026-06-28T09:47:00.952+0000] {processor.py:830} INFO - Processing file /home/airflow/.local/lib/python3.12/site-packages/airflow/example_dags/tutorial_objectstorage.py for tasks to queue
[2026-06-28T09:47:00.958+0000] {logging_mixin.py:188} INFO - [2026-06-28T09:47:00.958+0000] {dagbag.py:545} INFO - Filling up the DagBag from /home/airflow/.local/lib/python3.12/site-packages/airflow/example_dags/tutorial_objectstorage.py
[2026-06-28T09:47:00.990+0000] {processor.py:840} INFO - DAG(s) 'tutorial_objectstorage' retrieved from /home/airflow/.local/lib/python3.12/site-packages/airflow/example_dags/tutorial_objectstorage.py
[2026-06-28T09:47:01.062+0000] {logging_mixin.py:188} INFO - [2026-06-28T09:47:01.061+0000] {dag.py:3096} INFO - Sync 1 DAGs
[2026-06-28T09:47:01.112+0000] {logging_mixin.py:188} INFO - [2026-06-28T09:47:01.112+0000] {dag.py:3954} INFO - Setting next_dagrun for tutorial_objectstorage to None, run_after=None
[2026-06-28T09:47:01.144+0000] {processor.py:183} INFO - Processing /home/airflow/.local/lib/python3.12/site-packages/airflow/example_dags/tutorial_objectstorage.py took 0.225 seconds
[2026-06-28T09:47:31.592+0000] {processor.py:161} INFO - Started process (PID=3653) to work on /home/airflow/.local/lib/python3.12/site-packages/airflow/example_dags/tutorial_objectstorage.py
[2026-06-28T09:47:31.593+0000] {processor.py:830} INFO - Processing file /home/airflow/.local/lib/python3.12/site-packages/airflow/example_dags/tutorial_objectstorage.py for tasks to queue
[2026-06-28T09:47:31.595+0000] {logging_mixin.py:188} INFO - [2026-06-28T09:47:31.595+0000] {dagbag.py:545} INFO - Filling up the DagBag from /home/airflow/.local/lib/python3.12/site-packages/airflow/example_dags/tutorial_objectstorage.py
[2026-06-28T09:47:31.607+0000] {processor.py:840} INFO - DAG(s) 'tutorial_objectstorage' retrieved from /home/airflow/.local/lib/python3.12/site-packages/airflow/example_dags/tutorial_objectstorage.py
[2026-06-28T09:47:31.660+0000] {logging_mixin.py:188} INFO - [2026-06-28T09:47:31.660+0000] {dag.py:3096} INFO - Sync 1 DAGs
[2026-06-28T09:47:31.710+0000] {logging_mixin.py:188} INFO - [2026-06-28T09:47:31.710+0000] {dag.py:3954} INFO - Setting next_dagrun for tutorial_objectstorage to None, run_after=None
[2026-06-28T09:47:31.756+0000] {processor.py:183} INFO - Processing /home/airflow/.local/lib/python3.12/site-packages/airflow/example_dags/tutorial_objectstorage.py took 0.172 seconds
[2026-06-28T09:48:01.966+0000] {processor.py:161} INFO - Started process (PID=3712) to work on /home/airflow/.local/lib/python3.12/site-packages/airflow/example_dags/tutorial_objectstorage.py
[2026-06-28T09:48:01.970+0000] {processor.py:830} INFO - Processing file /home/airflow/.local/lib/python3.12/site-packages/airflow/example_dags/tutorial_objectstorage.py for tasks to queue
[2026-06-28T09:48:01.976+0000] {logging_mixin.py:188} INFO - [2026-06-28T09:48:01.976+0000] {dagbag.py:545} INFO - Filling up the DagBag from /home/airflow/.local/lib/python3.12/site-packages/airflow/example_dags/tutorial_objectstorage.py
[2026-06-28T09:48:02.010+0000] {processor.py:840} INFO - DAG(s) 'tutorial_objectstorage' retrieved from /home/airflow/.local/lib/python3.12/site-packages/airflow/example_dags/tutorial_objectstorage.py
[2026-06-28T09:48:02.099+0000] {logging_mixin.py:188} INFO - [2026-06-28T09:48:02.096+0000] {dag.py:3096} INFO - Sync 1 DAGs
[2026-06-28T09:48:02.142+0000] {logging_mixin.py:188} INFO - [2026-06-28T09:48:02.142+0000] {dag.py:3954} INFO - Setting next_dagrun for tutorial_objectstorage to None, run_after=None
[2026-06-28T09:48:02.184+0000] {processor.py:183} INFO - Processing /home/airflow/.local/lib/python3.12/site-packages/airflow/example_dags/tutorial_objectstorage.py took 0.235 seconds
[2026-06-28T09:48:33.159+0000] {processor.py:161} INFO - Started process (PID=3771) to work on /home/airflow/.local/lib/python3.12/site-packages/airflow/example_dags/tutorial_objectstorage.py
[2026-06-28T09:48:33.162+0000] {processor.py:830} INFO - Processing file /home/airflow/.local/lib/python3.12/site-packages/airflow/example_dags/tutorial_objectstorage.py for tasks to queue
[2026-06-28T09:48:33.167+0000] {logging_mixin.py:188} INFO - [2026-06-28T09:48:33.166+0000] {dagbag.py:545} INFO - Filling up the DagBag from /home/airflow/.local/lib/python3.12/site-packages/airflow/example_dags/tutorial_objectstorage.py
[2026-06-28T09:48:33.176+0000] {processor.py:840} INFO - DAG(s) 'tutorial_objectstorage' retrieved from /home/airflow/.local/lib/python3.12/site-packages/airflow/example_dags/tutorial_objectstorage.py
[2026-06-28T09:48:33.213+0000] {logging_mixin.py:188} INFO - [2026-06-28T09:48:33.212+0000] {dag.py:3096} INFO - Sync 1 DAGs
[2026-06-28T09:48:33.228+0000] {logging_mixin.py:188} INFO - [2026-06-28T09:48:33.228+0000] {dag.py:3954} INFO - Setting next_dagrun for tutorial_objectstorage to None, run_after=None
[2026-06-28T09:48:33.253+0000] {processor.py:183} INFO - Processing /home/airflow/.local/lib/python3.12/site-packages/airflow/example_dags/tutorial_objectstorage.py took 0.101 seconds
[2026-06-28T09:49:03.464+0000] {processor.py:161} INFO - Started process (PID=3830) to work on /home/airflow/.local/lib/python3.12/site-packages/airflow/example_dags/tutorial_objectstorage.py
[2026-06-28T09:49:03.465+0000] {processor.py:830} INFO - Processing file /home/airflow/.local/lib/python3.12/site-packages/airflow/example_dags/tutorial_objectstorage.py for tasks to queue
[2026-06-28T09:49:03.467+0000] {logging_mixin.py:188} INFO - [2026-06-28T09:49:03.467+0000] {dagbag.py:545} INFO - Filling up the DagBag from /home/airflow/.local/lib/python3.12/site-packages/airflow/example_dags/tutorial_objectstorage.py
[2026-06-28T09:49:03.476+0000] {processor.py:840} INFO - DAG(s) 'tutorial_objectstorage' retrieved from /home/airflow/.local/lib/python3.12/site-packages/airflow/example_dags/tutorial_objectstorage.py
[2026-06-28T09:49:03.504+0000] {logging_mixin.py:188} INFO - [2026-06-28T09:49:03.504+0000] {dag.py:3096} INFO - Sync 1 DAGs
[2026-06-28T09:49:03.525+0000] {logging_mixin.py:188} INFO - [2026-06-28T09:49:03.524+0000] {dag.py:3954} INFO - Setting next_dagrun for tutorial_objectstorage to None, run_after=None
[2026-06-28T09:49:03.575+0000] {processor.py:183} INFO - Processing /home/airflow/.local/lib/python3.12/site-packages/airflow/example_dags/tutorial_objectstorage.py took 0.118 seconds
[2026-06-28T09:49:34.467+0000] {processor.py:161} INFO - Started process (PID=3888) to work on /home/airflow/.local/lib/python3.12/site-packages/airflow/example_dags/tutorial_objectstorage.py
[2026-06-28T09:49:34.468+0000] {processor.py:830} INFO - Processing file /home/airflow/.local/lib/python3.12/site-packages/airflow/example_dags/tutorial_objectstorage.py for tasks to queue
[2026-06-28T09:49:34.470+0000] {logging_mixin.py:188} INFO - [2026-06-28T09:49:34.470+0000] {dagbag.py:545} INFO - Filling up the DagBag from /home/airflow/.local/lib/python3.12/site-packages/airflow/example_dags/tutorial_objectstorage.py
[2026-06-28T09:49:34.478+0000] {processor.py:840} INFO - DAG(s) 'tutorial_objectstorage' retrieved from /home/airflow/.local/lib/python3.12/site-packages/airflow/example_dags/tutorial_objectstorage.py
[2026-06-28T09:49:34.504+0000] {logging_mixin.py:188} INFO - [2026-06-28T09:49:34.503+0000] {dag.py:3096} INFO - Sync 1 DAGs
[2026-06-28T09:49:34.520+0000] {logging_mixin.py:188} INFO - [2026-06-28T09:49:34.520+0000] {dag.py:3954} INFO - Setting next_dagrun for tutorial_objectstorage to None, run_after=None
[2026-06-28T09:49:34.540+0000] {processor.py:183} INFO - Processing /home/airflow/.local/lib/python3.12/site-packages/airflow/example_dags/tutorial_objectstorage.py took 0.079 seconds
[2026-06-28T09:50:04.714+0000] {processor.py:161} INFO - Started process (PID=3947) to work on /home/airflow/.local/lib/python3.12/site-packages/airflow/example_dags/tutorial_objectstorage.py
[2026-06-28T09:50:04.715+0000] {processor.py:830} INFO - Processing file /home/airflow/.local/lib/python3.12/site-packages/airflow/example_dags/tutorial_objectstorage.py for tasks to queue
[2026-06-28T09:50:04.717+0000] {logging_mixin.py:188} INFO - [2026-06-28T09:50:04.716+0000] {dagbag.py:545} INFO - Filling up the DagBag from /home/airflow/.local/lib/python3.12/site-packages/airflow/example_dags/tutorial_objectstorage.py
[2026-06-28T09:50:04.725+0000] {processor.py:840} INFO - DAG(s) 'tutorial_objectstorage' retrieved from /home/airflow/.local/lib/python3.12/site-packages/airflow/example_dags/tutorial_objectstorage.py
[2026-06-28T09:50:04.750+0000] {logging_mixin.py:188} INFO - [2026-06-28T09:50:04.750+0000] {dag.py:3096} INFO - Sync 1 DAGs
[2026-06-28T09:50:04.767+0000] {logging_mixin.py:188} INFO - [2026-06-28T09:50:04.767+0000] {dag.py:3954} INFO - Setting next_dagrun for tutorial_objectstorage to None, run_after=None
[2026-06-28T09:50:04.801+0000] {processor.py:183} INFO - Processing /home/airflow/.local/lib/python3.12/site-packages/airflow/example_dags/tutorial_objectstorage.py took 0.095 seconds
[2026-06-28T09:50:35.353+0000] {processor.py:161} INFO - Started process (PID=4006) to work on /home/airflow/.local/lib/python3.12/site-packages/airflow/example_dags/tutorial_objectstorage.py
[2026-06-28T09:50:35.353+0000] {processor.py:830} INFO - Processing file /home/airflow/.local/lib/python3.12/site-packages/airflow/example_dags/tutorial_objectstorage.py for tasks to queue
[2026-06-28T09:50:35.355+0000] {logging_mixin.py:188} INFO - [2026-06-28T09:50:35.355+0000] {dagbag.py:545} INFO - Filling up the DagBag from /home/airflow/.local/lib/python3.12/site-packages/airflow/example_dags/tutorial_objectstorage.py
[2026-06-28T09:50:35.365+0000] {processor.py:840} INFO - DAG(s) 'tutorial_objectstorage' retrieved from /home/airflow/.local/lib/python3.12/site-packages/airflow/example_dags/tutorial_objectstorage.py
[2026-06-28T09:50:35.394+0000] {logging_mixin.py:188} INFO - [2026-06-28T09:50:35.393+0000] {dag.py:3096} INFO - Sync 1 DAGs
[2026-06-28T09:50:35.420+0000] {logging_mixin.py:188} INFO - [2026-06-28T09:50:35.420+0000] {dag.py:3954} INFO - Setting next_dagrun for tutorial_objectstorage to None, run_after=None
[2026-06-28T09:50:35.444+0000] {processor.py:183} INFO - Processing /home/airflow/.local/lib/python3.12/site-packages/airflow/example_dags/tutorial_objectstorage.py took 0.098 seconds
[2026-06-28T09:51:05.761+0000] {processor.py:161} INFO - Started process (PID=4065) to work on /home/airflow/.local/lib/python3.12/site-packages/airflow/example_dags/tutorial_objectstorage.py
[2026-06-28T09:51:05.765+0000] {processor.py:830} INFO - Processing file /home/airflow/.local/lib/python3.12/site-packages/airflow/example_dags/tutorial_objectstorage.py for tasks to queue
[2026-06-28T09:51:05.768+0000] {logging_mixin.py:188} INFO - [2026-06-28T09:51:05.768+0000] {dagbag.py:545} INFO - Filling up the DagBag from /home/airflow/.local/lib/python3.12/site-packages/airflow/example_dags/tutorial_objectstorage.py
[2026-06-28T09:51:05.777+0000] {processor.py:840} INFO - DAG(s) 'tutorial_objectstorage' retrieved from /home/airflow/.local/lib/python3.12/site-packages/airflow/example_dags/tutorial_objectstorage.py
[2026-06-28T09:51:05.801+0000] {logging_mixin.py:188} INFO - [2026-06-28T09:51:05.801+0000] {dag.py:3096} INFO - Sync 1 DAGs
[2026-06-28T09:51:05.818+0000] {logging_mixin.py:188} INFO - [2026-06-28T09:51:05.818+0000] {dag.py:3954} INFO - Setting next_dagrun for tutorial_objectstorage to None, run_after=None
[2026-06-28T09:51:05.842+0000] {processor.py:183} INFO - Processing /home/airflow/.local/lib/python3.12/site-packages/airflow/example_dags/tutorial_objectstorage.py took 0.087 seconds
[2026-06-28T09:51:36.392+0000] {processor.py:161} INFO - Started process (PID=4124) to work on /home/airflow/.local/lib/python3.12/site-packages/airflow/example_dags/tutorial_objectstorage.py
[2026-06-28T09:51:36.394+0000] {processor.py:830} INFO - Processing file /home/airflow/.local/lib/python3.12/site-packages/airflow/example_dags/tutorial_objectstorage.py for tasks to queue
[2026-06-28T09:51:36.396+0000] {logging_mixin.py:188} INFO - [2026-06-28T09:51:36.395+0000] {dagbag.py:545} INFO - Filling up the DagBag from /home/airflow/.local/lib/python3.12/site-packages/airflow/example_dags/tutorial_objectstorage.py
[2026-06-28T09:51:36.404+0000] {processor.py:840} INFO - DAG(s) 'tutorial_objectstorage' retrieved from /home/airflow/.local/lib/python3.12/site-packages/airflow/example_dags/tutorial_objectstorage.py
[2026-06-28T09:51:36.430+0000] {logging_mixin.py:188} INFO - [2026-06-28T09:51:36.429+0000] {dag.py:3096} INFO - Sync 1 DAGs
[2026-06-28T09:51:36.456+0000] {logging_mixin.py:188} INFO - [2026-06-28T09:51:36.456+0000] {dag.py:3954} INFO - Setting next_dagrun for tutorial_objectstorage to None, run_after=None
[2026-06-28T09:51:36.503+0000] {processor.py:183} INFO - Processing /home/airflow/.local/lib/python3.12/site-packages/airflow/example_dags/tutorial_objectstorage.py took 0.117 seconds
[2026-06-28T09:52:07.371+0000] {processor.py:161} INFO - Started process (PID=4183) to work on /home/airflow/.local/lib/python3.12/site-packages/airflow/example_dags/tutorial_objectstorage.py
[2026-06-28T09:52:07.372+0000] {processor.py:830} INFO - Processing file /home/airflow/.local/lib/python3.12/site-packages/airflow/example_dags/tutorial_objectstorage.py for tasks to queue
[2026-06-28T09:52:07.375+0000] {logging_mixin.py:188} INFO - [2026-06-28T09:52:07.374+0000] {dagbag.py:545} INFO - Filling up the DagBag from /home/airflow/.local/lib/python3.12/site-packages/airflow/example_dags/tutorial_objectstorage.py
[2026-06-28T09:52:07.384+0000] {processor.py:840} INFO - DAG(s) 'tutorial_objectstorage' retrieved from /home/airflow/.local/lib/python3.12/site-packages/airflow/example_dags/tutorial_objectstorage.py
[2026-06-28T09:52:07.409+0000] {logging_mixin.py:188} INFO - [2026-06-28T09:52:07.409+0000] {dag.py:3096} INFO - Sync 1 DAGs
[2026-06-28T09:52:07.426+0000] {logging_mixin.py:188} INFO - [2026-06-28T09:52:07.426+0000] {dag.py:3954} INFO - Setting next_dagrun for tutorial_objectstorage to None, run_after=None
[2026-06-28T09:52:07.451+0000] {processor.py:183} INFO - Processing /home/airflow/.local/lib/python3.12/site-packages/airflow/example_dags/tutorial_objectstorage.py took 0.092 seconds
[2026-06-28T09:52:37.934+0000] {processor.py:161} INFO - Started process (PID=4242) to work on /home/airflow/.local/lib/python3.12/site-packages/airflow/example_dags/tutorial_objectstorage.py
[2026-06-28T09:52:37.938+0000] {processor.py:830} INFO - Processing file /home/airflow/.local/lib/python3.12/site-packages/airflow/example_dags/tutorial_objectstorage.py for tasks to queue
[2026-06-28T09:52:37.942+0000] {logging_mixin.py:188} INFO - [2026-06-28T09:52:37.939+0000] {dagbag.py:545} INFO - Filling up the DagBag from /home/airflow/.local/lib/python3.12/site-packages/airflow/example_dags/tutorial_objectstorage.py
[2026-06-28T09:52:37.954+0000] {processor.py:840} INFO - DAG(s) 'tutorial_objectstorage' retrieved from /home/airflow/.local/lib/python3.12/site-packages/airflow/example_dags/tutorial_objectstorage.py
[2026-06-28T09:52:37.997+0000] {logging_mixin.py:188} INFO - [2026-06-28T09:52:37.997+0000] {dag.py:3096} INFO - Sync 1 DAGs
[2026-06-28T09:52:38.031+0000] {logging_mixin.py:188} INFO - [2026-06-28T09:52:38.031+0000] {dag.py:3954} INFO - Setting next_dagrun for tutorial_objectstorage to None, run_after=None
[2026-06-28T09:52:38.074+0000] {processor.py:183} INFO - Processing /home/airflow/.local/lib/python3.12/site-packages/airflow/example_dags/tutorial_objectstorage.py took 0.161 seconds
[2026-06-28T09:53:08.163+0000] {processor.py:161} INFO - Started process (PID=4301) to work on /home/airflow/.local/lib/python3.12/site-packages/airflow/example_dags/tutorial_objectstorage.py
[2026-06-28T09:53:08.163+0000] {processor.py:830} INFO - Processing file /home/airflow/.local/lib/python3.12/site-packages/airflow/example_dags/tutorial_objectstorage.py for tasks to queue
[2026-06-28T09:53:08.165+0000] {logging_mixin.py:188} INFO - [2026-06-28T09:53:08.165+0000] {dagbag.py:545} INFO - Filling up the DagBag from /home/airflow/.local/lib/python3.12/site-packages/airflow/example_dags/tutorial_objectstorage.py
[2026-06-28T09:53:08.174+0000] {processor.py:840} INFO - DAG(s) 'tutorial_objectstorage' retrieved from /home/airflow/.local/lib/python3.12/site-packages/airflow/example_dags/tutorial_objectstorage.py
[2026-06-28T09:53:08.202+0000] {logging_mixin.py:188} INFO - [2026-06-28T09:53:08.202+0000] {dag.py:3096} INFO - Sync 1 DAGs
[2026-06-28T09:53:08.219+0000] {logging_mixin.py:188} INFO - [2026-06-28T09:53:08.219+0000] {dag.py:3954} INFO - Setting next_dagrun for tutorial_objectstorage to None, run_after=None
[2026-06-28T09:53:08.239+0000] {processor.py:183} INFO - Processing /home/airflow/.local/lib/python3.12/site-packages/airflow/example_dags/tutorial_objectstorage.py took 0.084 seconds
[2026-06-28T09:53:38.512+0000] {processor.py:161} INFO - Started process (PID=4360) to work on /home/airflow/.local/lib/python3.12/site-packages/airflow/example_dags/tutorial_objectstorage.py
[2026-06-28T09:53:38.512+0000] {processor.py:830} INFO - Processing file /home/airflow/.local/lib/python3.12/site-packages/airflow/example_dags/tutorial_objectstorage.py for tasks to queue
[2026-06-28T09:53:38.515+0000] {logging_mixin.py:188} INFO - [2026-06-28T09:53:38.514+0000] {dagbag.py:545} INFO - Filling up the DagBag from /home/airflow/.local/lib/python3.12/site-packages/airflow/example_dags/tutorial_objectstorage.py
[2026-06-28T09:53:38.524+0000] {processor.py:840} INFO - DAG(s) 'tutorial_objectstorage' retrieved from /home/airflow/.local/lib/python3.12/site-packages/airflow/example_dags/tutorial_objectstorage.py
[2026-06-28T09:53:38.550+0000] {logging_mixin.py:188} INFO - [2026-06-28T09:53:38.549+0000] {dag.py:3096} INFO - Sync 1 DAGs
[2026-06-28T09:53:38.567+0000] {logging_mixin.py:188} INFO - [2026-06-28T09:53:38.566+0000] {dag.py:3954} INFO - Setting next_dagrun for tutorial_objectstorage to None, run_after=None
[2026-06-28T09:53:38.590+0000] {processor.py:183} INFO - Processing /home/airflow/.local/lib/python3.12/site-packages/airflow/example_dags/tutorial_objectstorage.py took 0.085 seconds
[2026-06-28T09:54:09.077+0000] {processor.py:161} INFO - Started process (PID=4419) to work on /home/airflow/.local/lib/python3.12/site-packages/airflow/example_dags/tutorial_objectstorage.py
[2026-06-28T09:54:09.078+0000] {processor.py:830} INFO - Processing file /home/airflow/.local/lib/python3.12/site-packages/airflow/example_dags/tutorial_objectstorage.py for tasks to queue
[2026-06-28T09:54:09.080+0000] {logging_mixin.py:188} INFO - [2026-06-28T09:54:09.080+0000] {dagbag.py:545} INFO - Filling up the DagBag from /home/airflow/.local/lib/python3.12/site-packages/airflow/example_dags/tutorial_objectstorage.py
[2026-06-28T09:54:09.088+0000] {processor.py:840} INFO - DAG(s) 'tutorial_objectstorage' retrieved from /home/airflow/.local/lib/python3.12/site-packages/airflow/example_dags/tutorial_objectstorage.py
[2026-06-28T09:54:09.113+0000] {logging_mixin.py:188} INFO - [2026-06-28T09:54:09.112+0000] {dag.py:3096} INFO - Sync 1 DAGs
[2026-06-28T09:54:09.131+0000] {logging_mixin.py:188} INFO - [2026-06-28T09:54:09.130+0000] {dag.py:3954} INFO - Setting next_dagrun for tutorial_objectstorage to None, run_after=None
[2026-06-28T09:54:09.157+0000] {processor.py:183} INFO - Processing /home/airflow/.local/lib/python3.12/site-packages/airflow/example_dags/tutorial_objectstorage.py took 0.086 seconds
[2026-06-28T11:10:55.614+0000] {processor.py:161} INFO - Started process (PID=118) to work on /home/airflow/.local/lib/python3.12/site-packages/airflow/example_dags/tutorial_objectstorage.py
[2026-06-28T11:10:55.624+0000] {processor.py:830} INFO - Processing file /home/airflow/.local/lib/python3.12/site-packages/airflow/example_dags/tutorial_objectstorage.py for tasks to queue
[2026-06-28T11:10:55.629+0000] {logging_mixin.py:188} INFO - [2026-06-28T11:10:55.629+0000] {dagbag.py:545} INFO - Filling up the DagBag from /home/airflow/.local/lib/python3.12/site-packages/airflow/example_dags/tutorial_objectstorage.py
[2026-06-28T11:10:55.652+0000] {processor.py:840} INFO - DAG(s) 'tutorial_objectstorage' retrieved from /home/airflow/.local/lib/python3.12/site-packages/airflow/example_dags/tutorial_objectstorage.py
[2026-06-28T11:10:55.711+0000] {logging_mixin.py:188} INFO - [2026-06-28T11:10:55.711+0000] {dag.py:3096} INFO - Sync 1 DAGs
[2026-06-28T11:10:55.735+0000] {logging_mixin.py:188} INFO - [2026-06-28T11:10:55.734+0000] {dag.py:3954} INFO - Setting next_dagrun for tutorial_objectstorage to None, run_after=None
[2026-06-28T11:10:55.776+0000] {processor.py:183} INFO - Processing /home/airflow/.local/lib/python3.12/site-packages/airflow/example_dags/tutorial_objectstorage.py took 0.176 seconds
[2026-06-28T11:11:26.633+0000] {processor.py:161} INFO - Started process (PID=177) to work on /home/airflow/.local/lib/python3.12/site-packages/airflow/example_dags/tutorial_objectstorage.py
[2026-06-28T11:11:26.635+0000] {processor.py:830} INFO - Processing file /home/airflow/.local/lib/python3.12/site-packages/airflow/example_dags/tutorial_objectstorage.py for tasks to queue
[2026-06-28T11:11:26.640+0000] {logging_mixin.py:188} INFO - [2026-06-28T11:11:26.640+0000] {dagbag.py:545} INFO - Filling up the DagBag from /home/airflow/.local/lib/python3.12/site-packages/airflow/example_dags/tutorial_objectstorage.py
[2026-06-28T11:11:26.653+0000] {processor.py:840} INFO - DAG(s) 'tutorial_objectstorage' retrieved from /home/airflow/.local/lib/python3.12/site-packages/airflow/example_dags/tutorial_objectstorage.py
[2026-06-28T11:11:26.685+0000] {logging_mixin.py:188} INFO - [2026-06-28T11:11:26.684+0000] {dag.py:3096} INFO - Sync 1 DAGs
[2026-06-28T11:11:26.704+0000] {logging_mixin.py:188} INFO - [2026-06-28T11:11:26.703+0000] {dag.py:3954} INFO - Setting next_dagrun for tutorial_objectstorage to None, run_after=None
[2026-06-28T11:11:26.730+0000] {processor.py:183} INFO - Processing /home/airflow/.local/lib/python3.12/site-packages/airflow/example_dags/tutorial_objectstorage.py took 0.106 seconds
[2026-06-28T11:14:42.560+0000] {processor.py:161} INFO - Started process (PID=119) to work on /home/airflow/.local/lib/python3.12/site-packages/airflow/example_dags/tutorial_objectstorage.py
[2026-06-28T11:14:42.565+0000] {processor.py:830} INFO - Processing file /home/airflow/.local/lib/python3.12/site-packages/airflow/example_dags/tutorial_objectstorage.py for tasks to queue
[2026-06-28T11:14:42.567+0000] {logging_mixin.py:188} INFO - [2026-06-28T11:14:42.567+0000] {dagbag.py:545} INFO - Filling up the DagBag from /home/airflow/.local/lib/python3.12/site-packages/airflow/example_dags/tutorial_objectstorage.py
[2026-06-28T11:14:42.600+0000] {processor.py:840} INFO - DAG(s) 'tutorial_objectstorage' retrieved from /home/airflow/.local/lib/python3.12/site-packages/airflow/example_dags/tutorial_objectstorage.py
[2026-06-28T11:14:42.976+0000] {logging_mixin.py:188} INFO - [2026-06-28T11:14:42.975+0000] {dag.py:3096} INFO - Sync 1 DAGs
[2026-06-28T11:14:43.011+0000] {logging_mixin.py:188} INFO - [2026-06-28T11:14:43.010+0000] {dag.py:3954} INFO - Setting next_dagrun for tutorial_objectstorage to None, run_after=None
[2026-06-28T11:14:43.138+0000] {processor.py:183} INFO - Processing /home/airflow/.local/lib/python3.12/site-packages/airflow/example_dags/tutorial_objectstorage.py took 0.607 seconds
[2026-06-28T11:15:13.596+0000] {processor.py:161} INFO - Started process (PID=178) to work on /home/airflow/.local/lib/python3.12/site-packages/airflow/example_dags/tutorial_objectstorage.py
[2026-06-28T11:15:13.597+0000] {processor.py:830} INFO - Processing file /home/airflow/.local/lib/python3.12/site-packages/airflow/example_dags/tutorial_objectstorage.py for tasks to queue
[2026-06-28T11:15:13.599+0000] {logging_mixin.py:188} INFO - [2026-06-28T11:15:13.598+0000] {dagbag.py:545} INFO - Filling up the DagBag from /home/airflow/.local/lib/python3.12/site-packages/airflow/example_dags/tutorial_objectstorage.py
[2026-06-28T11:15:13.607+0000] {processor.py:840} INFO - DAG(s) 'tutorial_objectstorage' retrieved from /home/airflow/.local/lib/python3.12/site-packages/airflow/example_dags/tutorial_objectstorage.py
[2026-06-28T11:15:13.659+0000] {logging_mixin.py:188} INFO - [2026-06-28T11:15:13.658+0000] {dag.py:3096} INFO - Sync 1 DAGs
[2026-06-28T11:15:13.732+0000] {logging_mixin.py:188} INFO - [2026-06-28T11:15:13.732+0000] {dag.py:3954} INFO - Setting next_dagrun for tutorial_objectstorage to None, run_after=None
[2026-06-28T11:15:13.835+0000] {processor.py:183} INFO - Processing /home/airflow/.local/lib/python3.12/site-packages/airflow/example_dags/tutorial_objectstorage.py took 0.247 seconds
[2026-06-28T11:15:44.666+0000] {processor.py:161} INFO - Started process (PID=237) to work on /home/airflow/.local/lib/python3.12/site-packages/airflow/example_dags/tutorial_objectstorage.py
[2026-06-28T11:15:44.671+0000] {processor.py:830} INFO - Processing file /home/airflow/.local/lib/python3.12/site-packages/airflow/example_dags/tutorial_objectstorage.py for tasks to queue
[2026-06-28T11:15:44.673+0000] {logging_mixin.py:188} INFO - [2026-06-28T11:15:44.673+0000] {dagbag.py:545} INFO - Filling up the DagBag from /home/airflow/.local/lib/python3.12/site-packages/airflow/example_dags/tutorial_objectstorage.py
[2026-06-28T11:15:44.683+0000] {processor.py:840} INFO - DAG(s) 'tutorial_objectstorage' retrieved from /home/airflow/.local/lib/python3.12/site-packages/airflow/example_dags/tutorial_objectstorage.py
[2026-06-28T11:15:44.709+0000] {logging_mixin.py:188} INFO - [2026-06-28T11:15:44.709+0000] {dag.py:3096} INFO - Sync 1 DAGs
[2026-06-28T11:15:44.728+0000] {logging_mixin.py:188} INFO - [2026-06-28T11:15:44.728+0000] {dag.py:3954} INFO - Setting next_dagrun for tutorial_objectstorage to None, run_after=None
[2026-06-28T11:15:44.752+0000] {processor.py:183} INFO - Processing /home/airflow/.local/lib/python3.12/site-packages/airflow/example_dags/tutorial_objectstorage.py took 0.093 seconds
[2026-06-28T11:16:14.890+0000] {processor.py:161} INFO - Started process (PID=296) to work on /home/airflow/.local/lib/python3.12/site-packages/airflow/example_dags/tutorial_objectstorage.py
[2026-06-28T11:16:14.891+0000] {processor.py:830} INFO - Processing file /home/airflow/.local/lib/python3.12/site-packages/airflow/example_dags/tutorial_objectstorage.py for tasks to queue
[2026-06-28T11:16:14.893+0000] {logging_mixin.py:188} INFO - [2026-06-28T11:16:14.893+0000] {dagbag.py:545} INFO - Filling up the DagBag from /home/airflow/.local/lib/python3.12/site-packages/airflow/example_dags/tutorial_objectstorage.py
[2026-06-28T11:16:14.902+0000] {processor.py:840} INFO - DAG(s) 'tutorial_objectstorage' retrieved from /home/airflow/.local/lib/python3.12/site-packages/airflow/example_dags/tutorial_objectstorage.py
[2026-06-28T11:16:14.927+0000] {logging_mixin.py:188} INFO - [2026-06-28T11:16:14.927+0000] {dag.py:3096} INFO - Sync 1 DAGs
[2026-06-28T11:16:14.946+0000] {logging_mixin.py:188} INFO - [2026-06-28T11:16:14.946+0000] {dag.py:3954} INFO - Setting next_dagrun for tutorial_objectstorage to None, run_after=None
[2026-06-28T11:16:14.967+0000] {processor.py:183} INFO - Processing /home/airflow/.local/lib/python3.12/site-packages/airflow/example_dags/tutorial_objectstorage.py took 0.084 seconds
[2026-06-28T11:16:45.663+0000] {processor.py:161} INFO - Started process (PID=355) to work on /home/airflow/.local/lib/python3.12/site-packages/airflow/example_dags/tutorial_objectstorage.py
[2026-06-28T11:16:45.667+0000] {processor.py:830} INFO - Processing file /home/airflow/.local/lib/python3.12/site-packages/airflow/example_dags/tutorial_objectstorage.py for tasks to queue
[2026-06-28T11:16:45.669+0000] {logging_mixin.py:188} INFO - [2026-06-28T11:16:45.669+0000] {dagbag.py:545} INFO - Filling up the DagBag from /home/airflow/.local/lib/python3.12/site-packages/airflow/example_dags/tutorial_objectstorage.py
[2026-06-28T11:16:45.679+0000] {processor.py:840} INFO - DAG(s) 'tutorial_objectstorage' retrieved from /home/airflow/.local/lib/python3.12/site-packages/airflow/example_dags/tutorial_objectstorage.py
[2026-06-28T11:16:45.724+0000] {logging_mixin.py:188} INFO - [2026-06-28T11:16:45.724+0000] {dag.py:3096} INFO - Sync 1 DAGs
[2026-06-28T11:16:45.744+0000] {logging_mixin.py:188} INFO - [2026-06-28T11:16:45.743+0000] {dag.py:3954} INFO - Setting next_dagrun for tutorial_objectstorage to None, run_after=None
[2026-06-28T11:16:45.766+0000] {processor.py:183} INFO - Processing /home/airflow/.local/lib/python3.12/site-packages/airflow/example_dags/tutorial_objectstorage.py took 0.145 seconds
[2026-06-28T11:17:15.877+0000] {processor.py:161} INFO - Started process (PID=413) to work on /home/airflow/.local/lib/python3.12/site-packages/airflow/example_dags/tutorial_objectstorage.py
[2026-06-28T11:17:15.878+0000] {processor.py:830} INFO - Processing file /home/airflow/.local/lib/python3.12/site-packages/airflow/example_dags/tutorial_objectstorage.py for tasks to queue
[2026-06-28T11:17:15.880+0000] {logging_mixin.py:188} INFO - [2026-06-28T11:17:15.880+0000] {dagbag.py:545} INFO - Filling up the DagBag from /home/airflow/.local/lib/python3.12/site-packages/airflow/example_dags/tutorial_objectstorage.py
[2026-06-28T11:17:15.890+0000] {processor.py:840} INFO - DAG(s) 'tutorial_objectstorage' retrieved from /home/airflow/.local/lib/python3.12/site-packages/airflow/example_dags/tutorial_objectstorage.py
[2026-06-28T11:17:16.005+0000] {logging_mixin.py:188} INFO - [2026-06-28T11:17:16.004+0000] {dag.py:3096} INFO - Sync 1 DAGs
[2026-06-28T11:17:16.027+0000] {logging_mixin.py:188} INFO - [2026-06-28T11:17:16.027+0000] {dag.py:3954} INFO - Setting next_dagrun for tutorial_objectstorage to None, run_after=None
[2026-06-28T11:17:16.053+0000] {processor.py:183} INFO - Processing /home/airflow/.local/lib/python3.12/site-packages/airflow/example_dags/tutorial_objectstorage.py took 0.183 seconds
[2026-06-28T11:17:46.817+0000] {processor.py:161} INFO - Started process (PID=472) to work on /home/airflow/.local/lib/python3.12/site-packages/airflow/example_dags/tutorial_objectstorage.py
[2026-06-28T11:17:46.818+0000] {processor.py:830} INFO - Processing file /home/airflow/.local/lib/python3.12/site-packages/airflow/example_dags/tutorial_objectstorage.py for tasks to queue
[2026-06-28T11:17:46.820+0000] {logging_mixin.py:188} INFO - [2026-06-28T11:17:46.820+0000] {dagbag.py:545} INFO - Filling up the DagBag from /home/airflow/.local/lib/python3.12/site-packages/airflow/example_dags/tutorial_objectstorage.py
[2026-06-28T11:17:46.829+0000] {processor.py:840} INFO - DAG(s) 'tutorial_objectstorage' retrieved from /home/airflow/.local/lib/python3.12/site-packages/airflow/example_dags/tutorial_objectstorage.py
[2026-06-28T11:17:46.855+0000] {logging_mixin.py:188} INFO - [2026-06-28T11:17:46.855+0000] {dag.py:3096} INFO - Sync 1 DAGs
[2026-06-28T11:17:46.873+0000] {logging_mixin.py:188} INFO - [2026-06-28T11:17:46.872+0000] {dag.py:3954} INFO - Setting next_dagrun for tutorial_objectstorage to None, run_after=None
[2026-06-28T11:17:46.895+0000] {processor.py:183} INFO - Processing /home/airflow/.local/lib/python3.12/site-packages/airflow/example_dags/tutorial_objectstorage.py took 0.085 seconds
[2026-06-28T11:18:17.486+0000] {processor.py:161} INFO - Started process (PID=531) to work on /home/airflow/.local/lib/python3.12/site-packages/airflow/example_dags/tutorial_objectstorage.py
[2026-06-28T11:18:17.487+0000] {processor.py:830} INFO - Processing file /home/airflow/.local/lib/python3.12/site-packages/airflow/example_dags/tutorial_objectstorage.py for tasks to queue
[2026-06-28T11:18:17.490+0000] {logging_mixin.py:188} INFO - [2026-06-28T11:18:17.489+0000] {dagbag.py:545} INFO - Filling up the DagBag from /home/airflow/.local/lib/python3.12/site-packages/airflow/example_dags/tutorial_objectstorage.py
[2026-06-28T11:18:17.498+0000] {processor.py:840} INFO - DAG(s) 'tutorial_objectstorage' retrieved from /home/airflow/.local/lib/python3.12/site-packages/airflow/example_dags/tutorial_objectstorage.py
[2026-06-28T11:18:17.546+0000] {logging_mixin.py:188} INFO - [2026-06-28T11:18:17.545+0000] {dag.py:3096} INFO - Sync 1 DAGs
[2026-06-28T11:18:17.588+0000] {logging_mixin.py:188} INFO - [2026-06-28T11:18:17.587+0000] {dag.py:3954} INFO - Setting next_dagrun for tutorial_objectstorage to None, run_after=None
[2026-06-28T11:18:17.663+0000] {processor.py:183} INFO - Processing /home/airflow/.local/lib/python3.12/site-packages/airflow/example_dags/tutorial_objectstorage.py took 0.193 seconds
[2026-06-28T11:18:48.431+0000] {processor.py:161} INFO - Started process (PID=590) to work on /home/airflow/.local/lib/python3.12/site-packages/airflow/example_dags/tutorial_objectstorage.py
[2026-06-28T11:18:48.433+0000] {processor.py:830} INFO - Processing file /home/airflow/.local/lib/python3.12/site-packages/airflow/example_dags/tutorial_objectstorage.py for tasks to queue
[2026-06-28T11:18:48.435+0000] {logging_mixin.py:188} INFO - [2026-06-28T11:18:48.435+0000] {dagbag.py:545} INFO - Filling up the DagBag from /home/airflow/.local/lib/python3.12/site-packages/airflow/example_dags/tutorial_objectstorage.py
[2026-06-28T11:18:48.444+0000] {processor.py:840} INFO - DAG(s) 'tutorial_objectstorage' retrieved from /home/airflow/.local/lib/python3.12/site-packages/airflow/example_dags/tutorial_objectstorage.py
[2026-06-28T11:18:48.476+0000] {logging_mixin.py:188} INFO - [2026-06-28T11:18:48.475+0000] {dag.py:3096} INFO - Sync 1 DAGs
[2026-06-28T11:18:48.492+0000] {logging_mixin.py:188} INFO - [2026-06-28T11:18:48.491+0000] {dag.py:3954} INFO - Setting next_dagrun for tutorial_objectstorage to None, run_after=None
[2026-06-28T11:18:48.522+0000] {processor.py:183} INFO - Processing /home/airflow/.local/lib/python3.12/site-packages/airflow/example_dags/tutorial_objectstorage.py took 0.104 seconds
[2026-06-28T11:19:19.129+0000] {processor.py:161} INFO - Started process (PID=654) to work on /home/airflow/.local/lib/python3.12/site-packages/airflow/example_dags/tutorial_objectstorage.py
[2026-06-28T11:19:19.132+0000] {processor.py:830} INFO - Processing file /home/airflow/.local/lib/python3.12/site-packages/airflow/example_dags/tutorial_objectstorage.py for tasks to queue
[2026-06-28T11:19:19.137+0000] {logging_mixin.py:188} INFO - [2026-06-28T11:19:19.136+0000] {dagbag.py:545} INFO - Filling up the DagBag from /home/airflow/.local/lib/python3.12/site-packages/airflow/example_dags/tutorial_objectstorage.py
[2026-06-28T11:19:19.156+0000] {processor.py:840} INFO - DAG(s) 'tutorial_objectstorage' retrieved from /home/airflow/.local/lib/python3.12/site-packages/airflow/example_dags/tutorial_objectstorage.py
[2026-06-28T11:19:19.226+0000] {logging_mixin.py:188} INFO - [2026-06-28T11:19:19.225+0000] {dag.py:3096} INFO - Sync 1 DAGs
[2026-06-28T11:19:19.266+0000] {logging_mixin.py:188} INFO - [2026-06-28T11:19:19.266+0000] {dag.py:3954} INFO - Setting next_dagrun for tutorial_objectstorage to None, run_after=None
[2026-06-28T11:19:19.418+0000] {processor.py:183} INFO - Processing /home/airflow/.local/lib/python3.12/site-packages/airflow/example_dags/tutorial_objectstorage.py took 0.306 seconds
[2026-06-28T11:19:49.601+0000] {processor.py:161} INFO - Started process (PID=712) to work on /home/airflow/.local/lib/python3.12/site-packages/airflow/example_dags/tutorial_objectstorage.py
[2026-06-28T11:19:49.602+0000] {processor.py:830} INFO - Processing file /home/airflow/.local/lib/python3.12/site-packages/airflow/example_dags/tutorial_objectstorage.py for tasks to queue
[2026-06-28T11:19:49.604+0000] {logging_mixin.py:188} INFO - [2026-06-28T11:19:49.603+0000] {dagbag.py:545} INFO - Filling up the DagBag from /home/airflow/.local/lib/python3.12/site-packages/airflow/example_dags/tutorial_objectstorage.py
[2026-06-28T11:19:49.618+0000] {processor.py:840} INFO - DAG(s) 'tutorial_objectstorage' retrieved from /home/airflow/.local/lib/python3.12/site-packages/airflow/example_dags/tutorial_objectstorage.py
[2026-06-28T11:19:49.641+0000] {logging_mixin.py:188} INFO - [2026-06-28T11:19:49.641+0000] {dag.py:3096} INFO - Sync 1 DAGs
[2026-06-28T11:19:49.657+0000] {logging_mixin.py:188} INFO - [2026-06-28T11:19:49.657+0000] {dag.py:3954} INFO - Setting next_dagrun for tutorial_objectstorage to None, run_after=None
[2026-06-28T11:19:49.678+0000] {processor.py:183} INFO - Processing /home/airflow/.local/lib/python3.12/site-packages/airflow/example_dags/tutorial_objectstorage.py took 0.083 seconds
[2026-06-28T11:20:20.625+0000] {processor.py:161} INFO - Started process (PID=771) to work on /home/airflow/.local/lib/python3.12/site-packages/airflow/example_dags/tutorial_objectstorage.py
[2026-06-28T11:20:20.629+0000] {processor.py:830} INFO - Processing file /home/airflow/.local/lib/python3.12/site-packages/airflow/example_dags/tutorial_objectstorage.py for tasks to queue
[2026-06-28T11:20:20.633+0000] {logging_mixin.py:188} INFO - [2026-06-28T11:20:20.632+0000] {dagbag.py:545} INFO - Filling up the DagBag from /home/airflow/.local/lib/python3.12/site-packages/airflow/example_dags/tutorial_objectstorage.py
[2026-06-28T11:20:20.663+0000] {processor.py:840} INFO - DAG(s) 'tutorial_objectstorage' retrieved from /home/airflow/.local/lib/python3.12/site-packages/airflow/example_dags/tutorial_objectstorage.py
[2026-06-28T11:20:20.698+0000] {logging_mixin.py:188} INFO - [2026-06-28T11:20:20.698+0000] {dag.py:3096} INFO - Sync 1 DAGs
[2026-06-28T11:20:20.737+0000] {logging_mixin.py:188} INFO - [2026-06-28T11:20:20.736+0000] {dag.py:3954} INFO - Setting next_dagrun for tutorial_objectstorage to None, run_after=None
[2026-06-28T11:20:20.801+0000] {processor.py:183} INFO - Processing /home/airflow/.local/lib/python3.12/site-packages/airflow/example_dags/tutorial_objectstorage.py took 0.218 seconds
[2026-06-28T11:20:50.988+0000] {processor.py:161} INFO - Started process (PID=830) to work on /home/airflow/.local/lib/python3.12/site-packages/airflow/example_dags/tutorial_objectstorage.py
[2026-06-28T11:20:50.991+0000] {processor.py:830} INFO - Processing file /home/airflow/.local/lib/python3.12/site-packages/airflow/example_dags/tutorial_objectstorage.py for tasks to queue
[2026-06-28T11:20:50.994+0000] {logging_mixin.py:188} INFO - [2026-06-28T11:20:50.993+0000] {dagbag.py:545} INFO - Filling up the DagBag from /home/airflow/.local/lib/python3.12/site-packages/airflow/example_dags/tutorial_objectstorage.py
[2026-06-28T11:20:51.003+0000] {processor.py:840} INFO - DAG(s) 'tutorial_objectstorage' retrieved from /home/airflow/.local/lib/python3.12/site-packages/airflow/example_dags/tutorial_objectstorage.py
[2026-06-28T11:20:51.029+0000] {logging_mixin.py:188} INFO - [2026-06-28T11:20:51.028+0000] {dag.py:3096} INFO - Sync 1 DAGs
[2026-06-28T11:20:51.050+0000] {logging_mixin.py:188} INFO - [2026-06-28T11:20:51.050+0000] {dag.py:3954} INFO - Setting next_dagrun for tutorial_objectstorage to None, run_after=None
[2026-06-28T11:20:51.102+0000] {processor.py:183} INFO - Processing /home/airflow/.local/lib/python3.12/site-packages/airflow/example_dags/tutorial_objectstorage.py took 0.126 seconds
[2026-06-28T11:21:21.885+0000] {processor.py:161} INFO - Started process (PID=889) to work on /home/airflow/.local/lib/python3.12/site-packages/airflow/example_dags/tutorial_objectstorage.py
[2026-06-28T11:21:21.891+0000] {processor.py:830} INFO - Processing file /home/airflow/.local/lib/python3.12/site-packages/airflow/example_dags/tutorial_objectstorage.py for tasks to queue
[2026-06-28T11:21:21.894+0000] {logging_mixin.py:188} INFO - [2026-06-28T11:21:21.894+0000] {dagbag.py:545} INFO - Filling up the DagBag from /home/airflow/.local/lib/python3.12/site-packages/airflow/example_dags/tutorial_objectstorage.py
[2026-06-28T11:21:21.905+0000] {processor.py:840} INFO - DAG(s) 'tutorial_objectstorage' retrieved from /home/airflow/.local/lib/python3.12/site-packages/airflow/example_dags/tutorial_objectstorage.py
[2026-06-28T11:21:21.922+0000] {logging_mixin.py:188} INFO - [2026-06-28T11:21:21.922+0000] {dag.py:3096} INFO - Sync 1 DAGs
[2026-06-28T11:21:21.935+0000] {logging_mixin.py:188} INFO - [2026-06-28T11:21:21.935+0000] {dag.py:3954} INFO - Setting next_dagrun for tutorial_objectstorage to None, run_after=None
[2026-06-28T11:21:21.973+0000] {processor.py:183} INFO - Processing /home/airflow/.local/lib/python3.12/site-packages/airflow/example_dags/tutorial_objectstorage.py took 0.094 seconds
[2026-06-28T11:21:52.553+0000] {processor.py:161} INFO - Started process (PID=948) to work on /home/airflow/.local/lib/python3.12/site-packages/airflow/example_dags/tutorial_objectstorage.py
[2026-06-28T11:21:52.553+0000] {processor.py:830} INFO - Processing file /home/airflow/.local/lib/python3.12/site-packages/airflow/example_dags/tutorial_objectstorage.py for tasks to queue
[2026-06-28T11:21:52.556+0000] {logging_mixin.py:188} INFO - [2026-06-28T11:21:52.555+0000] {dagbag.py:545} INFO - Filling up the DagBag from /home/airflow/.local/lib/python3.12/site-packages/airflow/example_dags/tutorial_objectstorage.py
[2026-06-28T11:21:52.565+0000] {processor.py:840} INFO - DAG(s) 'tutorial_objectstorage' retrieved from /home/airflow/.local/lib/python3.12/site-packages/airflow/example_dags/tutorial_objectstorage.py
[2026-06-28T11:21:52.590+0000] {logging_mixin.py:188} INFO - [2026-06-28T11:21:52.590+0000] {dag.py:3096} INFO - Sync 1 DAGs
[2026-06-28T11:21:52.607+0000] {logging_mixin.py:188} INFO - [2026-06-28T11:21:52.607+0000] {dag.py:3954} INFO - Setting next_dagrun for tutorial_objectstorage to None, run_after=None
[2026-06-28T11:21:52.628+0000] {processor.py:183} INFO - Processing /home/airflow/.local/lib/python3.12/site-packages/airflow/example_dags/tutorial_objectstorage.py took 0.083 seconds
[2026-06-28T11:22:23.553+0000] {processor.py:161} INFO - Started process (PID=1006) to work on /home/airflow/.local/lib/python3.12/site-packages/airflow/example_dags/tutorial_objectstorage.py
[2026-06-28T11:22:23.569+0000] {processor.py:830} INFO - Processing file /home/airflow/.local/lib/python3.12/site-packages/airflow/example_dags/tutorial_objectstorage.py for tasks to queue
[2026-06-28T11:22:23.573+0000] {logging_mixin.py:188} INFO - [2026-06-28T11:22:23.573+0000] {dagbag.py:545} INFO - Filling up the DagBag from /home/airflow/.local/lib/python3.12/site-packages/airflow/example_dags/tutorial_objectstorage.py
[2026-06-28T11:22:23.594+0000] {processor.py:840} INFO - DAG(s) 'tutorial_objectstorage' retrieved from /home/airflow/.local/lib/python3.12/site-packages/airflow/example_dags/tutorial_objectstorage.py
[2026-06-28T11:22:23.645+0000] {logging_mixin.py:188} INFO - [2026-06-28T11:22:23.642+0000] {dag.py:3096} INFO - Sync 1 DAGs
[2026-06-28T11:22:23.681+0000] {logging_mixin.py:188} INFO - [2026-06-28T11:22:23.681+0000] {dag.py:3954} INFO - Setting next_dagrun for tutorial_objectstorage to None, run_after=None
[2026-06-28T11:22:23.750+0000] {processor.py:183} INFO - Processing /home/airflow/.local/lib/python3.12/site-packages/airflow/example_dags/tutorial_objectstorage.py took 0.205 seconds
[2026-06-28T11:22:53.858+0000] {processor.py:161} INFO - Started process (PID=1068) to work on /home/airflow/.local/lib/python3.12/site-packages/airflow/example_dags/tutorial_objectstorage.py
[2026-06-28T11:22:53.859+0000] {processor.py:830} INFO - Processing file /home/airflow/.local/lib/python3.12/site-packages/airflow/example_dags/tutorial_objectstorage.py for tasks to queue
[2026-06-28T11:22:53.861+0000] {logging_mixin.py:188} INFO - [2026-06-28T11:22:53.860+0000] {dagbag.py:545} INFO - Filling up the DagBag from /home/airflow/.local/lib/python3.12/site-packages/airflow/example_dags/tutorial_objectstorage.py
[2026-06-28T11:22:53.867+0000] {processor.py:840} INFO - DAG(s) 'tutorial_objectstorage' retrieved from /home/airflow/.local/lib/python3.12/site-packages/airflow/example_dags/tutorial_objectstorage.py
[2026-06-28T11:22:53.884+0000] {logging_mixin.py:188} INFO - [2026-06-28T11:22:53.884+0000] {dag.py:3096} INFO - Sync 1 DAGs
[2026-06-28T11:22:53.896+0000] {logging_mixin.py:188} INFO - [2026-06-28T11:22:53.896+0000] {dag.py:3954} INFO - Setting next_dagrun for tutorial_objectstorage to None, run_after=None
[2026-06-28T11:22:53.914+0000] {processor.py:183} INFO - Processing /home/airflow/.local/lib/python3.12/site-packages/airflow/example_dags/tutorial_objectstorage.py took 0.061 seconds
[2026-06-28T11:23:23.986+0000] {processor.py:161} INFO - Started process (PID=1125) to work on /home/airflow/.local/lib/python3.12/site-packages/airflow/example_dags/tutorial_objectstorage.py
[2026-06-28T11:23:23.990+0000] {processor.py:830} INFO - Processing file /home/airflow/.local/lib/python3.12/site-packages/airflow/example_dags/tutorial_objectstorage.py for tasks to queue
[2026-06-28T11:23:23.995+0000] {logging_mixin.py:188} INFO - [2026-06-28T11:23:23.993+0000] {dagbag.py:545} INFO - Filling up the DagBag from /home/airflow/.local/lib/python3.12/site-packages/airflow/example_dags/tutorial_objectstorage.py
[2026-06-28T11:23:24.023+0000] {processor.py:840} INFO - DAG(s) 'tutorial_objectstorage' retrieved from /home/airflow/.local/lib/python3.12/site-packages/airflow/example_dags/tutorial_objectstorage.py
[2026-06-28T11:23:24.104+0000] {logging_mixin.py:188} INFO - [2026-06-28T11:23:24.103+0000] {dag.py:3096} INFO - Sync 1 DAGs
[2026-06-28T11:23:24.152+0000] {logging_mixin.py:188} INFO - [2026-06-28T11:23:24.152+0000] {dag.py:3954} INFO - Setting next_dagrun for tutorial_objectstorage to None, run_after=None
[2026-06-28T11:23:24.223+0000] {processor.py:183} INFO - Processing /home/airflow/.local/lib/python3.12/site-packages/airflow/example_dags/tutorial_objectstorage.py took 0.251 seconds
[2026-06-28T11:23:55.210+0000] {processor.py:161} INFO - Started process (PID=1183) to work on /home/airflow/.local/lib/python3.12/site-packages/airflow/example_dags/tutorial_objectstorage.py
[2026-06-28T11:23:55.211+0000] {processor.py:830} INFO - Processing file /home/airflow/.local/lib/python3.12/site-packages/airflow/example_dags/tutorial_objectstorage.py for tasks to queue
[2026-06-28T11:23:55.213+0000] {logging_mixin.py:188} INFO - [2026-06-28T11:23:55.213+0000] {dagbag.py:545} INFO - Filling up the DagBag from /home/airflow/.local/lib/python3.12/site-packages/airflow/example_dags/tutorial_objectstorage.py
[2026-06-28T11:23:55.223+0000] {processor.py:840} INFO - DAG(s) 'tutorial_objectstorage' retrieved from /home/airflow/.local/lib/python3.12/site-packages/airflow/example_dags/tutorial_objectstorage.py
[2026-06-28T11:23:55.259+0000] {logging_mixin.py:188} INFO - [2026-06-28T11:23:55.259+0000] {dag.py:3096} INFO - Sync 1 DAGs
[2026-06-28T11:23:55.278+0000] {logging_mixin.py:188} INFO - [2026-06-28T11:23:55.278+0000] {dag.py:3954} INFO - Setting next_dagrun for tutorial_objectstorage to None, run_after=None
[2026-06-28T11:23:55.303+0000] {processor.py:183} INFO - Processing /home/airflow/.local/lib/python3.12/site-packages/airflow/example_dags/tutorial_objectstorage.py took 0.100 seconds
[2026-06-28T11:24:26.007+0000] {processor.py:161} INFO - Started process (PID=1242) to work on /home/airflow/.local/lib/python3.12/site-packages/airflow/example_dags/tutorial_objectstorage.py
[2026-06-28T11:24:26.008+0000] {processor.py:830} INFO - Processing file /home/airflow/.local/lib/python3.12/site-packages/airflow/example_dags/tutorial_objectstorage.py for tasks to queue
[2026-06-28T11:24:26.010+0000] {logging_mixin.py:188} INFO - [2026-06-28T11:24:26.009+0000] {dagbag.py:545} INFO - Filling up the DagBag from /home/airflow/.local/lib/python3.12/site-packages/airflow/example_dags/tutorial_objectstorage.py
[2026-06-28T11:24:26.019+0000] {processor.py:840} INFO - DAG(s) 'tutorial_objectstorage' retrieved from /home/airflow/.local/lib/python3.12/site-packages/airflow/example_dags/tutorial_objectstorage.py
[2026-06-28T11:24:26.063+0000] {logging_mixin.py:188} INFO - [2026-06-28T11:24:26.062+0000] {dag.py:3096} INFO - Sync 1 DAGs
[2026-06-28T11:24:26.117+0000] {logging_mixin.py:188} INFO - [2026-06-28T11:24:26.117+0000] {dag.py:3954} INFO - Setting next_dagrun for tutorial_objectstorage to None, run_after=None
[2026-06-28T11:24:26.175+0000] {processor.py:183} INFO - Processing /home/airflow/.local/lib/python3.12/site-packages/airflow/example_dags/tutorial_objectstorage.py took 0.175 seconds
[2026-06-28T11:24:56.250+0000] {processor.py:161} INFO - Started process (PID=1301) to work on /home/airflow/.local/lib/python3.12/site-packages/airflow/example_dags/tutorial_objectstorage.py
[2026-06-28T11:24:56.251+0000] {processor.py:830} INFO - Processing file /home/airflow/.local/lib/python3.12/site-packages/airflow/example_dags/tutorial_objectstorage.py for tasks to queue
[2026-06-28T11:24:56.254+0000] {logging_mixin.py:188} INFO - [2026-06-28T11:24:56.253+0000] {dagbag.py:545} INFO - Filling up the DagBag from /home/airflow/.local/lib/python3.12/site-packages/airflow/example_dags/tutorial_objectstorage.py
[2026-06-28T11:24:56.262+0000] {processor.py:840} INFO - DAG(s) 'tutorial_objectstorage' retrieved from /home/airflow/.local/lib/python3.12/site-packages/airflow/example_dags/tutorial_objectstorage.py
[2026-06-28T11:24:56.287+0000] {logging_mixin.py:188} INFO - [2026-06-28T11:24:56.287+0000] {dag.py:3096} INFO - Sync 1 DAGs
[2026-06-28T11:24:56.304+0000] {logging_mixin.py:188} INFO - [2026-06-28T11:24:56.303+0000] {dag.py:3954} INFO - Setting next_dagrun for tutorial_objectstorage to None, run_after=None
[2026-06-28T11:24:56.329+0000] {processor.py:183} INFO - Processing /home/airflow/.local/lib/python3.12/site-packages/airflow/example_dags/tutorial_objectstorage.py took 0.085 seconds
[2026-06-28T11:25:26.884+0000] {processor.py:161} INFO - Started process (PID=1360) to work on /home/airflow/.local/lib/python3.12/site-packages/airflow/example_dags/tutorial_objectstorage.py
[2026-06-28T11:25:26.886+0000] {processor.py:830} INFO - Processing file /home/airflow/.local/lib/python3.12/site-packages/airflow/example_dags/tutorial_objectstorage.py for tasks to queue
[2026-06-28T11:25:26.890+0000] {logging_mixin.py:188} INFO - [2026-06-28T11:25:26.890+0000] {dagbag.py:545} INFO - Filling up the DagBag from /home/airflow/.local/lib/python3.12/site-packages/airflow/example_dags/tutorial_objectstorage.py
[2026-06-28T11:25:26.899+0000] {processor.py:840} INFO - DAG(s) 'tutorial_objectstorage' retrieved from /home/airflow/.local/lib/python3.12/site-packages/airflow/example_dags/tutorial_objectstorage.py
[2026-06-28T11:25:26.925+0000] {logging_mixin.py:188} INFO - [2026-06-28T11:25:26.924+0000] {dag.py:3096} INFO - Sync 1 DAGs
[2026-06-28T11:25:26.945+0000] {logging_mixin.py:188} INFO - [2026-06-28T11:25:26.944+0000] {dag.py:3954} INFO - Setting next_dagrun for tutorial_objectstorage to None, run_after=None
[2026-06-28T11:25:26.972+0000] {processor.py:183} INFO - Processing /home/airflow/.local/lib/python3.12/site-packages/airflow/example_dags/tutorial_objectstorage.py took 0.094 seconds
[2026-06-28T11:25:57.288+0000] {processor.py:161} INFO - Started process (PID=1419) to work on /home/airflow/.local/lib/python3.12/site-packages/airflow/example_dags/tutorial_objectstorage.py
[2026-06-28T11:25:57.289+0000] {processor.py:830} INFO - Processing file /home/airflow/.local/lib/python3.12/site-packages/airflow/example_dags/tutorial_objectstorage.py for tasks to queue
[2026-06-28T11:25:57.291+0000] {logging_mixin.py:188} INFO - [2026-06-28T11:25:57.291+0000] {dagbag.py:545} INFO - Filling up the DagBag from /home/airflow/.local/lib/python3.12/site-packages/airflow/example_dags/tutorial_objectstorage.py
[2026-06-28T11:25:57.300+0000] {processor.py:840} INFO - DAG(s) 'tutorial_objectstorage' retrieved from /home/airflow/.local/lib/python3.12/site-packages/airflow/example_dags/tutorial_objectstorage.py
[2026-06-28T11:25:57.325+0000] {logging_mixin.py:188} INFO - [2026-06-28T11:25:57.325+0000] {dag.py:3096} INFO - Sync 1 DAGs
[2026-06-28T11:25:57.344+0000] {logging_mixin.py:188} INFO - [2026-06-28T11:25:57.344+0000] {dag.py:3954} INFO - Setting next_dagrun for tutorial_objectstorage to None, run_after=None
[2026-06-28T11:25:57.366+0000] {processor.py:183} INFO - Processing /home/airflow/.local/lib/python3.12/site-packages/airflow/example_dags/tutorial_objectstorage.py took 0.085 seconds
[2026-06-28T11:26:28.185+0000] {processor.py:161} INFO - Started process (PID=1478) to work on /home/airflow/.local/lib/python3.12/site-packages/airflow/example_dags/tutorial_objectstorage.py
[2026-06-28T11:26:28.186+0000] {processor.py:830} INFO - Processing file /home/airflow/.local/lib/python3.12/site-packages/airflow/example_dags/tutorial_objectstorage.py for tasks to queue
[2026-06-28T11:26:28.188+0000] {logging_mixin.py:188} INFO - [2026-06-28T11:26:28.188+0000] {dagbag.py:545} INFO - Filling up the DagBag from /home/airflow/.local/lib/python3.12/site-packages/airflow/example_dags/tutorial_objectstorage.py
[2026-06-28T11:26:28.197+0000] {processor.py:840} INFO - DAG(s) 'tutorial_objectstorage' retrieved from /home/airflow/.local/lib/python3.12/site-packages/airflow/example_dags/tutorial_objectstorage.py
[2026-06-28T11:26:28.222+0000] {logging_mixin.py:188} INFO - [2026-06-28T11:26:28.221+0000] {dag.py:3096} INFO - Sync 1 DAGs
[2026-06-28T11:26:28.239+0000] {logging_mixin.py:188} INFO - [2026-06-28T11:26:28.239+0000] {dag.py:3954} INFO - Setting next_dagrun for tutorial_objectstorage to None, run_after=None
[2026-06-28T11:26:28.269+0000] {processor.py:183} INFO - Processing /home/airflow/.local/lib/python3.12/site-packages/airflow/example_dags/tutorial_objectstorage.py took 0.091 seconds
[2026-06-28T11:26:58.483+0000] {processor.py:161} INFO - Started process (PID=1537) to work on /home/airflow/.local/lib/python3.12/site-packages/airflow/example_dags/tutorial_objectstorage.py
[2026-06-28T11:26:58.484+0000] {processor.py:830} INFO - Processing file /home/airflow/.local/lib/python3.12/site-packages/airflow/example_dags/tutorial_objectstorage.py for tasks to queue
[2026-06-28T11:26:58.486+0000] {logging_mixin.py:188} INFO - [2026-06-28T11:26:58.486+0000] {dagbag.py:545} INFO - Filling up the DagBag from /home/airflow/.local/lib/python3.12/site-packages/airflow/example_dags/tutorial_objectstorage.py
[2026-06-28T11:26:58.495+0000] {processor.py:840} INFO - DAG(s) 'tutorial_objectstorage' retrieved from /home/airflow/.local/lib/python3.12/site-packages/airflow/example_dags/tutorial_objectstorage.py
[2026-06-28T11:26:58.521+0000] {logging_mixin.py:188} INFO - [2026-06-28T11:26:58.520+0000] {dag.py:3096} INFO - Sync 1 DAGs
[2026-06-28T11:26:58.538+0000] {logging_mixin.py:188} INFO - [2026-06-28T11:26:58.537+0000] {dag.py:3954} INFO - Setting next_dagrun for tutorial_objectstorage to None, run_after=None
[2026-06-28T11:26:58.560+0000] {processor.py:183} INFO - Processing /home/airflow/.local/lib/python3.12/site-packages/airflow/example_dags/tutorial_objectstorage.py took 0.083 seconds
[2026-06-28T11:27:29.077+0000] {processor.py:161} INFO - Started process (PID=1596) to work on /home/airflow/.local/lib/python3.12/site-packages/airflow/example_dags/tutorial_objectstorage.py
[2026-06-28T11:27:29.084+0000] {processor.py:830} INFO - Processing file /home/airflow/.local/lib/python3.12/site-packages/airflow/example_dags/tutorial_objectstorage.py for tasks to queue
[2026-06-28T11:27:29.089+0000] {logging_mixin.py:188} INFO - [2026-06-28T11:27:29.089+0000] {dagbag.py:545} INFO - Filling up the DagBag from /home/airflow/.local/lib/python3.12/site-packages/airflow/example_dags/tutorial_objectstorage.py
[2026-06-28T11:27:29.103+0000] {processor.py:840} INFO - DAG(s) 'tutorial_objectstorage' retrieved from /home/airflow/.local/lib/python3.12/site-packages/airflow/example_dags/tutorial_objectstorage.py
[2026-06-28T11:27:29.131+0000] {logging_mixin.py:188} INFO - [2026-06-28T11:27:29.131+0000] {dag.py:3096} INFO - Sync 1 DAGs
[2026-06-28T11:27:29.157+0000] {logging_mixin.py:188} INFO - [2026-06-28T11:27:29.157+0000] {dag.py:3954} INFO - Setting next_dagrun for tutorial_objectstorage to None, run_after=None
[2026-06-28T11:27:29.187+0000] {processor.py:183} INFO - Processing /home/airflow/.local/lib/python3.12/site-packages/airflow/example_dags/tutorial_objectstorage.py took 0.126 seconds
[2026-06-28T11:27:59.615+0000] {processor.py:161} INFO - Started process (PID=1655) to work on /home/airflow/.local/lib/python3.12/site-packages/airflow/example_dags/tutorial_objectstorage.py
[2026-06-28T11:27:59.616+0000] {processor.py:830} INFO - Processing file /home/airflow/.local/lib/python3.12/site-packages/airflow/example_dags/tutorial_objectstorage.py for tasks to queue
[2026-06-28T11:27:59.618+0000] {logging_mixin.py:188} INFO - [2026-06-28T11:27:59.618+0000] {dagbag.py:545} INFO - Filling up the DagBag from /home/airflow/.local/lib/python3.12/site-packages/airflow/example_dags/tutorial_objectstorage.py
[2026-06-28T11:27:59.627+0000] {processor.py:840} INFO - DAG(s) 'tutorial_objectstorage' retrieved from /home/airflow/.local/lib/python3.12/site-packages/airflow/example_dags/tutorial_objectstorage.py
[2026-06-28T11:27:59.653+0000] {logging_mixin.py:188} INFO - [2026-06-28T11:27:59.652+0000] {dag.py:3096} INFO - Sync 1 DAGs
[2026-06-28T11:27:59.670+0000] {logging_mixin.py:188} INFO - [2026-06-28T11:27:59.669+0000] {dag.py:3954} INFO - Setting next_dagrun for tutorial_objectstorage to None, run_after=None
[2026-06-28T11:27:59.699+0000] {processor.py:183} INFO - Processing /home/airflow/.local/lib/python3.12/site-packages/airflow/example_dags/tutorial_objectstorage.py took 0.090 seconds
[2026-06-28T11:28:30.044+0000] {processor.py:161} INFO - Started process (PID=1714) to work on /home/airflow/.local/lib/python3.12/site-packages/airflow/example_dags/tutorial_objectstorage.py
[2026-06-28T11:28:30.045+0000] {processor.py:830} INFO - Processing file /home/airflow/.local/lib/python3.12/site-packages/airflow/example_dags/tutorial_objectstorage.py for tasks to queue
[2026-06-28T11:28:30.047+0000] {logging_mixin.py:188} INFO - [2026-06-28T11:28:30.047+0000] {dagbag.py:545} INFO - Filling up the DagBag from /home/airflow/.local/lib/python3.12/site-packages/airflow/example_dags/tutorial_objectstorage.py
[2026-06-28T11:28:30.057+0000] {processor.py:840} INFO - DAG(s) 'tutorial_objectstorage' retrieved from /home/airflow/.local/lib/python3.12/site-packages/airflow/example_dags/tutorial_objectstorage.py
[2026-06-28T11:28:30.087+0000] {logging_mixin.py:188} INFO - [2026-06-28T11:28:30.087+0000] {dag.py:3096} INFO - Sync 1 DAGs
[2026-06-28T11:28:30.105+0000] {logging_mixin.py:188} INFO - [2026-06-28T11:28:30.105+0000] {dag.py:3954} INFO - Setting next_dagrun for tutorial_objectstorage to None, run_after=None
[2026-06-28T11:28:30.129+0000] {processor.py:183} INFO - Processing /home/airflow/.local/lib/python3.12/site-packages/airflow/example_dags/tutorial_objectstorage.py took 0.092 seconds
[2026-06-28T11:29:00.776+0000] {processor.py:161} INFO - Started process (PID=1773) to work on /home/airflow/.local/lib/python3.12/site-packages/airflow/example_dags/tutorial_objectstorage.py
[2026-06-28T11:29:00.777+0000] {processor.py:830} INFO - Processing file /home/airflow/.local/lib/python3.12/site-packages/airflow/example_dags/tutorial_objectstorage.py for tasks to queue
[2026-06-28T11:29:00.779+0000] {logging_mixin.py:188} INFO - [2026-06-28T11:29:00.779+0000] {dagbag.py:545} INFO - Filling up the DagBag from /home/airflow/.local/lib/python3.12/site-packages/airflow/example_dags/tutorial_objectstorage.py
[2026-06-28T11:29:00.788+0000] {processor.py:840} INFO - DAG(s) 'tutorial_objectstorage' retrieved from /home/airflow/.local/lib/python3.12/site-packages/airflow/example_dags/tutorial_objectstorage.py
[2026-06-28T11:29:00.826+0000] {logging_mixin.py:188} INFO - [2026-06-28T11:29:00.825+0000] {dag.py:3096} INFO - Sync 1 DAGs
[2026-06-28T11:29:01.284+0000] {logging_mixin.py:188} INFO - [2026-06-28T11:29:01.284+0000] {dag.py:3954} INFO - Setting next_dagrun for tutorial_objectstorage to None, run_after=None
[2026-06-28T11:29:01.338+0000] {processor.py:183} INFO - Processing /home/airflow/.local/lib/python3.12/site-packages/airflow/example_dags/tutorial_objectstorage.py took 0.570 seconds
[2026-06-28T11:29:31.924+0000] {processor.py:161} INFO - Started process (PID=1832) to work on /home/airflow/.local/lib/python3.12/site-packages/airflow/example_dags/tutorial_objectstorage.py
[2026-06-28T11:29:31.927+0000] {processor.py:830} INFO - Processing file /home/airflow/.local/lib/python3.12/site-packages/airflow/example_dags/tutorial_objectstorage.py for tasks to queue
[2026-06-28T11:29:31.931+0000] {logging_mixin.py:188} INFO - [2026-06-28T11:29:31.931+0000] {dagbag.py:545} INFO - Filling up the DagBag from /home/airflow/.local/lib/python3.12/site-packages/airflow/example_dags/tutorial_objectstorage.py
[2026-06-28T11:29:31.944+0000] {processor.py:840} INFO - DAG(s) 'tutorial_objectstorage' retrieved from /home/airflow/.local/lib/python3.12/site-packages/airflow/example_dags/tutorial_objectstorage.py
[2026-06-28T11:29:31.967+0000] {logging_mixin.py:188} INFO - [2026-06-28T11:29:31.967+0000] {dag.py:3096} INFO - Sync 1 DAGs
[2026-06-28T11:29:31.986+0000] {logging_mixin.py:188} INFO - [2026-06-28T11:29:31.986+0000] {dag.py:3954} INFO - Setting next_dagrun for tutorial_objectstorage to None, run_after=None
[2026-06-28T11:29:32.198+0000] {processor.py:183} INFO - Processing /home/airflow/.local/lib/python3.12/site-packages/airflow/example_dags/tutorial_objectstorage.py took 0.303 seconds
[2026-06-28T11:30:02.696+0000] {processor.py:161} INFO - Started process (PID=1891) to work on /home/airflow/.local/lib/python3.12/site-packages/airflow/example_dags/tutorial_objectstorage.py
[2026-06-28T11:30:02.697+0000] {processor.py:830} INFO - Processing file /home/airflow/.local/lib/python3.12/site-packages/airflow/example_dags/tutorial_objectstorage.py for tasks to queue
[2026-06-28T11:30:02.700+0000] {logging_mixin.py:188} INFO - [2026-06-28T11:30:02.699+0000] {dagbag.py:545} INFO - Filling up the DagBag from /home/airflow/.local/lib/python3.12/site-packages/airflow/example_dags/tutorial_objectstorage.py
[2026-06-28T11:30:02.709+0000] {processor.py:840} INFO - DAG(s) 'tutorial_objectstorage' retrieved from /home/airflow/.local/lib/python3.12/site-packages/airflow/example_dags/tutorial_objectstorage.py
[2026-06-28T11:30:02.735+0000] {logging_mixin.py:188} INFO - [2026-06-28T11:30:02.735+0000] {dag.py:3096} INFO - Sync 1 DAGs
[2026-06-28T11:30:02.753+0000] {logging_mixin.py:188} INFO - [2026-06-28T11:30:02.752+0000] {dag.py:3954} INFO - Setting next_dagrun for tutorial_objectstorage to None, run_after=None
[2026-06-28T11:30:02.777+0000] {processor.py:183} INFO - Processing /home/airflow/.local/lib/python3.12/site-packages/airflow/example_dags/tutorial_objectstorage.py took 0.093 seconds
[2026-06-28T11:30:32.831+0000] {processor.py:161} INFO - Started process (PID=1949) to work on /home/airflow/.local/lib/python3.12/site-packages/airflow/example_dags/tutorial_objectstorage.py
[2026-06-28T11:30:32.832+0000] {processor.py:830} INFO - Processing file /home/airflow/.local/lib/python3.12/site-packages/airflow/example_dags/tutorial_objectstorage.py for tasks to queue
[2026-06-28T11:30:32.834+0000] {logging_mixin.py:188} INFO - [2026-06-28T11:30:32.833+0000] {dagbag.py:545} INFO - Filling up the DagBag from /home/airflow/.local/lib/python3.12/site-packages/airflow/example_dags/tutorial_objectstorage.py
[2026-06-28T11:30:32.843+0000] {processor.py:840} INFO - DAG(s) 'tutorial_objectstorage' retrieved from /home/airflow/.local/lib/python3.12/site-packages/airflow/example_dags/tutorial_objectstorage.py
[2026-06-28T11:30:32.867+0000] {logging_mixin.py:188} INFO - [2026-06-28T11:30:32.866+0000] {dag.py:3096} INFO - Sync 1 DAGs
[2026-06-28T11:30:32.883+0000] {logging_mixin.py:188} INFO - [2026-06-28T11:30:32.883+0000] {dag.py:3954} INFO - Setting next_dagrun for tutorial_objectstorage to None, run_after=None
[2026-06-28T11:30:32.909+0000] {processor.py:183} INFO - Processing /home/airflow/.local/lib/python3.12/site-packages/airflow/example_dags/tutorial_objectstorage.py took 0.086 seconds
[2026-06-28T11:31:03.447+0000] {processor.py:161} INFO - Started process (PID=2008) to work on /home/airflow/.local/lib/python3.12/site-packages/airflow/example_dags/tutorial_objectstorage.py
[2026-06-28T11:31:03.448+0000] {processor.py:830} INFO - Processing file /home/airflow/.local/lib/python3.12/site-packages/airflow/example_dags/tutorial_objectstorage.py for tasks to queue
[2026-06-28T11:31:03.450+0000] {logging_mixin.py:188} INFO - [2026-06-28T11:31:03.450+0000] {dagbag.py:545} INFO - Filling up the DagBag from /home/airflow/.local/lib/python3.12/site-packages/airflow/example_dags/tutorial_objectstorage.py
[2026-06-28T11:31:03.459+0000] {processor.py:840} INFO - DAG(s) 'tutorial_objectstorage' retrieved from /home/airflow/.local/lib/python3.12/site-packages/airflow/example_dags/tutorial_objectstorage.py
[2026-06-28T11:31:03.484+0000] {logging_mixin.py:188} INFO - [2026-06-28T11:31:03.484+0000] {dag.py:3096} INFO - Sync 1 DAGs
[2026-06-28T11:31:03.502+0000] {logging_mixin.py:188} INFO - [2026-06-28T11:31:03.501+0000] {dag.py:3954} INFO - Setting next_dagrun for tutorial_objectstorage to None, run_after=None
[2026-06-28T11:31:03.529+0000] {processor.py:183} INFO - Processing /home/airflow/.local/lib/python3.12/site-packages/airflow/example_dags/tutorial_objectstorage.py took 0.092 seconds
[2026-06-28T11:31:33.631+0000] {processor.py:161} INFO - Started process (PID=2066) to work on /home/airflow/.local/lib/python3.12/site-packages/airflow/example_dags/tutorial_objectstorage.py
[2026-06-28T11:31:33.633+0000] {processor.py:830} INFO - Processing file /home/airflow/.local/lib/python3.12/site-packages/airflow/example_dags/tutorial_objectstorage.py for tasks to queue
[2026-06-28T11:31:33.635+0000] {logging_mixin.py:188} INFO - [2026-06-28T11:31:33.635+0000] {dagbag.py:545} INFO - Filling up the DagBag from /home/airflow/.local/lib/python3.12/site-packages/airflow/example_dags/tutorial_objectstorage.py
[2026-06-28T11:31:33.645+0000] {processor.py:840} INFO - DAG(s) 'tutorial_objectstorage' retrieved from /home/airflow/.local/lib/python3.12/site-packages/airflow/example_dags/tutorial_objectstorage.py
[2026-06-28T11:31:33.670+0000] {logging_mixin.py:188} INFO - [2026-06-28T11:31:33.669+0000] {dag.py:3096} INFO - Sync 1 DAGs
[2026-06-28T11:31:33.688+0000] {logging_mixin.py:188} INFO - [2026-06-28T11:31:33.687+0000] {dag.py:3954} INFO - Setting next_dagrun for tutorial_objectstorage to None, run_after=None
[2026-06-28T11:31:33.710+0000] {processor.py:183} INFO - Processing /home/airflow/.local/lib/python3.12/site-packages/airflow/example_dags/tutorial_objectstorage.py took 0.086 seconds
[2026-06-28T11:32:03.822+0000] {processor.py:161} INFO - Started process (PID=2125) to work on /home/airflow/.local/lib/python3.12/site-packages/airflow/example_dags/tutorial_objectstorage.py
[2026-06-28T11:32:03.823+0000] {processor.py:830} INFO - Processing file /home/airflow/.local/lib/python3.12/site-packages/airflow/example_dags/tutorial_objectstorage.py for tasks to queue
[2026-06-28T11:32:03.825+0000] {logging_mixin.py:188} INFO - [2026-06-28T11:32:03.825+0000] {dagbag.py:545} INFO - Filling up the DagBag from /home/airflow/.local/lib/python3.12/site-packages/airflow/example_dags/tutorial_objectstorage.py
[2026-06-28T11:32:03.840+0000] {processor.py:840} INFO - DAG(s) 'tutorial_objectstorage' retrieved from /home/airflow/.local/lib/python3.12/site-packages/airflow/example_dags/tutorial_objectstorage.py
[2026-06-28T11:32:03.882+0000] {logging_mixin.py:188} INFO - [2026-06-28T11:32:03.882+0000] {dag.py:3096} INFO - Sync 1 DAGs
[2026-06-28T11:32:03.900+0000] {logging_mixin.py:188} INFO - [2026-06-28T11:32:03.900+0000] {dag.py:3954} INFO - Setting next_dagrun for tutorial_objectstorage to None, run_after=None
[2026-06-28T11:32:03.919+0000] {processor.py:183} INFO - Processing /home/airflow/.local/lib/python3.12/site-packages/airflow/example_dags/tutorial_objectstorage.py took 0.105 seconds
[2026-06-28T11:32:34.042+0000] {processor.py:161} INFO - Started process (PID=2184) to work on /home/airflow/.local/lib/python3.12/site-packages/airflow/example_dags/tutorial_objectstorage.py
[2026-06-28T11:32:34.043+0000] {processor.py:830} INFO - Processing file /home/airflow/.local/lib/python3.12/site-packages/airflow/example_dags/tutorial_objectstorage.py for tasks to queue
[2026-06-28T11:32:34.045+0000] {logging_mixin.py:188} INFO - [2026-06-28T11:32:34.045+0000] {dagbag.py:545} INFO - Filling up the DagBag from /home/airflow/.local/lib/python3.12/site-packages/airflow/example_dags/tutorial_objectstorage.py
[2026-06-28T11:32:34.056+0000] {processor.py:840} INFO - DAG(s) 'tutorial_objectstorage' retrieved from /home/airflow/.local/lib/python3.12/site-packages/airflow/example_dags/tutorial_objectstorage.py
[2026-06-28T11:32:34.083+0000] {logging_mixin.py:188} INFO - [2026-06-28T11:32:34.083+0000] {dag.py:3096} INFO - Sync 1 DAGs
[2026-06-28T11:32:34.102+0000] {logging_mixin.py:188} INFO - [2026-06-28T11:32:34.102+0000] {dag.py:3954} INFO - Setting next_dagrun for tutorial_objectstorage to None, run_after=None
[2026-06-28T11:32:34.133+0000] {processor.py:183} INFO - Processing /home/airflow/.local/lib/python3.12/site-packages/airflow/example_dags/tutorial_objectstorage.py took 0.098 seconds
[2026-06-28T11:33:04.457+0000] {processor.py:161} INFO - Started process (PID=2243) to work on /home/airflow/.local/lib/python3.12/site-packages/airflow/example_dags/tutorial_objectstorage.py
[2026-06-28T11:33:04.458+0000] {processor.py:830} INFO - Processing file /home/airflow/.local/lib/python3.12/site-packages/airflow/example_dags/tutorial_objectstorage.py for tasks to queue
[2026-06-28T11:33:04.460+0000] {logging_mixin.py:188} INFO - [2026-06-28T11:33:04.460+0000] {dagbag.py:545} INFO - Filling up the DagBag from /home/airflow/.local/lib/python3.12/site-packages/airflow/example_dags/tutorial_objectstorage.py
[2026-06-28T11:33:04.469+0000] {processor.py:840} INFO - DAG(s) 'tutorial_objectstorage' retrieved from /home/airflow/.local/lib/python3.12/site-packages/airflow/example_dags/tutorial_objectstorage.py
[2026-06-28T11:33:04.496+0000] {logging_mixin.py:188} INFO - [2026-06-28T11:33:04.496+0000] {dag.py:3096} INFO - Sync 1 DAGs
[2026-06-28T11:33:04.519+0000] {logging_mixin.py:188} INFO - [2026-06-28T11:33:04.518+0000] {dag.py:3954} INFO - Setting next_dagrun for tutorial_objectstorage to None, run_after=None
[2026-06-28T11:33:04.629+0000] {processor.py:183} INFO - Processing /home/airflow/.local/lib/python3.12/site-packages/airflow/example_dags/tutorial_objectstorage.py took 0.183 seconds
[2026-06-28T11:33:34.941+0000] {processor.py:161} INFO - Started process (PID=2302) to work on /home/airflow/.local/lib/python3.12/site-packages/airflow/example_dags/tutorial_objectstorage.py
[2026-06-28T11:33:34.942+0000] {processor.py:830} INFO - Processing file /home/airflow/.local/lib/python3.12/site-packages/airflow/example_dags/tutorial_objectstorage.py for tasks to queue
[2026-06-28T11:33:34.945+0000] {logging_mixin.py:188} INFO - [2026-06-28T11:33:34.944+0000] {dagbag.py:545} INFO - Filling up the DagBag from /home/airflow/.local/lib/python3.12/site-packages/airflow/example_dags/tutorial_objectstorage.py
[2026-06-28T11:33:34.955+0000] {processor.py:840} INFO - DAG(s) 'tutorial_objectstorage' retrieved from /home/airflow/.local/lib/python3.12/site-packages/airflow/example_dags/tutorial_objectstorage.py
[2026-06-28T11:33:34.987+0000] {logging_mixin.py:188} INFO - [2026-06-28T11:33:34.987+0000] {dag.py:3096} INFO - Sync 1 DAGs
[2026-06-28T11:33:35.005+0000] {logging_mixin.py:188} INFO - [2026-06-28T11:33:35.005+0000] {dag.py:3954} INFO - Setting next_dagrun for tutorial_objectstorage to None, run_after=None
[2026-06-28T11:33:35.031+0000] {processor.py:183} INFO - Processing /home/airflow/.local/lib/python3.12/site-packages/airflow/example_dags/tutorial_objectstorage.py took 0.097 seconds
[2026-06-28T11:34:05.454+0000] {processor.py:161} INFO - Started process (PID=2361) to work on /home/airflow/.local/lib/python3.12/site-packages/airflow/example_dags/tutorial_objectstorage.py
[2026-06-28T11:34:05.457+0000] {processor.py:830} INFO - Processing file /home/airflow/.local/lib/python3.12/site-packages/airflow/example_dags/tutorial_objectstorage.py for tasks to queue
[2026-06-28T11:34:05.459+0000] {logging_mixin.py:188} INFO - [2026-06-28T11:34:05.459+0000] {dagbag.py:545} INFO - Filling up the DagBag from /home/airflow/.local/lib/python3.12/site-packages/airflow/example_dags/tutorial_objectstorage.py
[2026-06-28T11:34:05.488+0000] {processor.py:840} INFO - DAG(s) 'tutorial_objectstorage' retrieved from /home/airflow/.local/lib/python3.12/site-packages/airflow/example_dags/tutorial_objectstorage.py
[2026-06-28T11:34:05.571+0000] {logging_mixin.py:188} INFO - [2026-06-28T11:34:05.570+0000] {dag.py:3096} INFO - Sync 1 DAGs
[2026-06-28T11:34:05.589+0000] {logging_mixin.py:188} INFO - [2026-06-28T11:34:05.589+0000] {dag.py:3954} INFO - Setting next_dagrun for tutorial_objectstorage to None, run_after=None
[2026-06-28T11:34:05.612+0000] {processor.py:183} INFO - Processing /home/airflow/.local/lib/python3.12/site-packages/airflow/example_dags/tutorial_objectstorage.py took 0.176 seconds
[2026-06-28T11:34:36.510+0000] {processor.py:161} INFO - Started process (PID=2420) to work on /home/airflow/.local/lib/python3.12/site-packages/airflow/example_dags/tutorial_objectstorage.py
[2026-06-28T11:34:36.512+0000] {processor.py:830} INFO - Processing file /home/airflow/.local/lib/python3.12/site-packages/airflow/example_dags/tutorial_objectstorage.py for tasks to queue
[2026-06-28T11:34:36.514+0000] {logging_mixin.py:188} INFO - [2026-06-28T11:34:36.513+0000] {dagbag.py:545} INFO - Filling up the DagBag from /home/airflow/.local/lib/python3.12/site-packages/airflow/example_dags/tutorial_objectstorage.py
[2026-06-28T11:34:36.524+0000] {processor.py:840} INFO - DAG(s) 'tutorial_objectstorage' retrieved from /home/airflow/.local/lib/python3.12/site-packages/airflow/example_dags/tutorial_objectstorage.py
[2026-06-28T11:34:36.625+0000] {logging_mixin.py:188} INFO - [2026-06-28T11:34:36.624+0000] {dag.py:3096} INFO - Sync 1 DAGs
[2026-06-28T11:34:36.699+0000] {logging_mixin.py:188} INFO - [2026-06-28T11:34:36.697+0000] {dag.py:3954} INFO - Setting next_dagrun for tutorial_objectstorage to None, run_after=None
[2026-06-28T11:34:36.776+0000] {processor.py:183} INFO - Processing /home/airflow/.local/lib/python3.12/site-packages/airflow/example_dags/tutorial_objectstorage.py took 0.274 seconds
[2026-06-28T11:35:07.917+0000] {processor.py:161} INFO - Started process (PID=2479) to work on /home/airflow/.local/lib/python3.12/site-packages/airflow/example_dags/tutorial_objectstorage.py
[2026-06-28T11:35:07.918+0000] {processor.py:830} INFO - Processing file /home/airflow/.local/lib/python3.12/site-packages/airflow/example_dags/tutorial_objectstorage.py for tasks to queue
[2026-06-28T11:35:07.920+0000] {logging_mixin.py:188} INFO - [2026-06-28T11:35:07.920+0000] {dagbag.py:545} INFO - Filling up the DagBag from /home/airflow/.local/lib/python3.12/site-packages/airflow/example_dags/tutorial_objectstorage.py
[2026-06-28T11:35:07.929+0000] {processor.py:840} INFO - DAG(s) 'tutorial_objectstorage' retrieved from /home/airflow/.local/lib/python3.12/site-packages/airflow/example_dags/tutorial_objectstorage.py
[2026-06-28T11:35:07.951+0000] {logging_mixin.py:188} INFO - [2026-06-28T11:35:07.951+0000] {dag.py:3096} INFO - Sync 1 DAGs
[2026-06-28T11:35:07.969+0000] {logging_mixin.py:188} INFO - [2026-06-28T11:35:07.968+0000] {dag.py:3954} INFO - Setting next_dagrun for tutorial_objectstorage to None, run_after=None
[2026-06-28T11:35:07.991+0000] {processor.py:183} INFO - Processing /home/airflow/.local/lib/python3.12/site-packages/airflow/example_dags/tutorial_objectstorage.py took 0.082 seconds
[2026-06-28T11:35:38.217+0000] {processor.py:161} INFO - Started process (PID=2538) to work on /home/airflow/.local/lib/python3.12/site-packages/airflow/example_dags/tutorial_objectstorage.py
[2026-06-28T11:35:38.218+0000] {processor.py:830} INFO - Processing file /home/airflow/.local/lib/python3.12/site-packages/airflow/example_dags/tutorial_objectstorage.py for tasks to queue
[2026-06-28T11:35:38.220+0000] {logging_mixin.py:188} INFO - [2026-06-28T11:35:38.220+0000] {dagbag.py:545} INFO - Filling up the DagBag from /home/airflow/.local/lib/python3.12/site-packages/airflow/example_dags/tutorial_objectstorage.py
[2026-06-28T11:35:38.229+0000] {processor.py:840} INFO - DAG(s) 'tutorial_objectstorage' retrieved from /home/airflow/.local/lib/python3.12/site-packages/airflow/example_dags/tutorial_objectstorage.py
[2026-06-28T11:35:38.255+0000] {logging_mixin.py:188} INFO - [2026-06-28T11:35:38.255+0000] {dag.py:3096} INFO - Sync 1 DAGs
[2026-06-28T11:35:38.273+0000] {logging_mixin.py:188} INFO - [2026-06-28T11:35:38.273+0000] {dag.py:3954} INFO - Setting next_dagrun for tutorial_objectstorage to None, run_after=None
[2026-06-28T11:35:38.296+0000] {processor.py:183} INFO - Processing /home/airflow/.local/lib/python3.12/site-packages/airflow/example_dags/tutorial_objectstorage.py took 0.085 seconds
[2026-06-28T11:36:08.440+0000] {processor.py:161} INFO - Started process (PID=2597) to work on /home/airflow/.local/lib/python3.12/site-packages/airflow/example_dags/tutorial_objectstorage.py
[2026-06-28T11:36:08.441+0000] {processor.py:830} INFO - Processing file /home/airflow/.local/lib/python3.12/site-packages/airflow/example_dags/tutorial_objectstorage.py for tasks to queue
[2026-06-28T11:36:08.443+0000] {logging_mixin.py:188} INFO - [2026-06-28T11:36:08.442+0000] {dagbag.py:545} INFO - Filling up the DagBag from /home/airflow/.local/lib/python3.12/site-packages/airflow/example_dags/tutorial_objectstorage.py
[2026-06-28T11:36:08.451+0000] {processor.py:840} INFO - DAG(s) 'tutorial_objectstorage' retrieved from /home/airflow/.local/lib/python3.12/site-packages/airflow/example_dags/tutorial_objectstorage.py
[2026-06-28T11:36:08.475+0000] {logging_mixin.py:188} INFO - [2026-06-28T11:36:08.474+0000] {dag.py:3096} INFO - Sync 1 DAGs
[2026-06-28T11:36:08.493+0000] {logging_mixin.py:188} INFO - [2026-06-28T11:36:08.493+0000] {dag.py:3954} INFO - Setting next_dagrun for tutorial_objectstorage to None, run_after=None
[2026-06-28T11:36:08.516+0000] {processor.py:183} INFO - Processing /home/airflow/.local/lib/python3.12/site-packages/airflow/example_dags/tutorial_objectstorage.py took 0.083 seconds
[2026-06-28T11:36:39.056+0000] {processor.py:161} INFO - Started process (PID=2656) to work on /home/airflow/.local/lib/python3.12/site-packages/airflow/example_dags/tutorial_objectstorage.py
[2026-06-28T11:36:39.057+0000] {processor.py:830} INFO - Processing file /home/airflow/.local/lib/python3.12/site-packages/airflow/example_dags/tutorial_objectstorage.py for tasks to queue
[2026-06-28T11:36:39.060+0000] {logging_mixin.py:188} INFO - [2026-06-28T11:36:39.059+0000] {dagbag.py:545} INFO - Filling up the DagBag from /home/airflow/.local/lib/python3.12/site-packages/airflow/example_dags/tutorial_objectstorage.py
[2026-06-28T11:36:39.078+0000] {processor.py:840} INFO - DAG(s) 'tutorial_objectstorage' retrieved from /home/airflow/.local/lib/python3.12/site-packages/airflow/example_dags/tutorial_objectstorage.py
[2026-06-28T11:36:39.111+0000] {logging_mixin.py:188} INFO - [2026-06-28T11:36:39.111+0000] {dag.py:3096} INFO - Sync 1 DAGs
[2026-06-28T11:36:39.129+0000] {logging_mixin.py:188} INFO - [2026-06-28T11:36:39.129+0000] {dag.py:3954} INFO - Setting next_dagrun for tutorial_objectstorage to None, run_after=None
[2026-06-28T11:36:39.155+0000] {processor.py:183} INFO - Processing /home/airflow/.local/lib/python3.12/site-packages/airflow/example_dags/tutorial_objectstorage.py took 0.107 seconds
[2026-06-28T11:37:09.417+0000] {processor.py:161} INFO - Started process (PID=2715) to work on /home/airflow/.local/lib/python3.12/site-packages/airflow/example_dags/tutorial_objectstorage.py
[2026-06-28T11:37:09.418+0000] {processor.py:830} INFO - Processing file /home/airflow/.local/lib/python3.12/site-packages/airflow/example_dags/tutorial_objectstorage.py for tasks to queue
[2026-06-28T11:37:09.420+0000] {logging_mixin.py:188} INFO - [2026-06-28T11:37:09.420+0000] {dagbag.py:545} INFO - Filling up the DagBag from /home/airflow/.local/lib/python3.12/site-packages/airflow/example_dags/tutorial_objectstorage.py
[2026-06-28T11:37:09.429+0000] {processor.py:840} INFO - DAG(s) 'tutorial_objectstorage' retrieved from /home/airflow/.local/lib/python3.12/site-packages/airflow/example_dags/tutorial_objectstorage.py
[2026-06-28T11:37:09.453+0000] {logging_mixin.py:188} INFO - [2026-06-28T11:37:09.452+0000] {dag.py:3096} INFO - Sync 1 DAGs
[2026-06-28T11:37:09.471+0000] {logging_mixin.py:188} INFO - [2026-06-28T11:37:09.470+0000] {dag.py:3954} INFO - Setting next_dagrun for tutorial_objectstorage to None, run_after=None
[2026-06-28T11:37:09.493+0000] {processor.py:183} INFO - Processing /home/airflow/.local/lib/python3.12/site-packages/airflow/example_dags/tutorial_objectstorage.py took 0.083 seconds
[2026-06-28T11:37:39.931+0000] {processor.py:161} INFO - Started process (PID=2774) to work on /home/airflow/.local/lib/python3.12/site-packages/airflow/example_dags/tutorial_objectstorage.py
[2026-06-28T11:37:39.933+0000] {processor.py:830} INFO - Processing file /home/airflow/.local/lib/python3.12/site-packages/airflow/example_dags/tutorial_objectstorage.py for tasks to queue
[2026-06-28T11:37:39.935+0000] {logging_mixin.py:188} INFO - [2026-06-28T11:37:39.935+0000] {dagbag.py:545} INFO - Filling up the DagBag from /home/airflow/.local/lib/python3.12/site-packages/airflow/example_dags/tutorial_objectstorage.py
[2026-06-28T11:37:39.945+0000] {processor.py:840} INFO - DAG(s) 'tutorial_objectstorage' retrieved from /home/airflow/.local/lib/python3.12/site-packages/airflow/example_dags/tutorial_objectstorage.py
[2026-06-28T11:37:39.964+0000] {logging_mixin.py:188} INFO - [2026-06-28T11:37:39.964+0000] {dag.py:3096} INFO - Sync 1 DAGs
[2026-06-28T11:37:39.976+0000] {logging_mixin.py:188} INFO - [2026-06-28T11:37:39.976+0000] {dag.py:3954} INFO - Setting next_dagrun for tutorial_objectstorage to None, run_after=None
[2026-06-28T11:37:39.993+0000] {processor.py:183} INFO - Processing /home/airflow/.local/lib/python3.12/site-packages/airflow/example_dags/tutorial_objectstorage.py took 0.079 seconds
[2026-06-28T11:38:10.650+0000] {processor.py:161} INFO - Started process (PID=2834) to work on /home/airflow/.local/lib/python3.12/site-packages/airflow/example_dags/tutorial_objectstorage.py
[2026-06-28T11:38:10.653+0000] {processor.py:830} INFO - Processing file /home/airflow/.local/lib/python3.12/site-packages/airflow/example_dags/tutorial_objectstorage.py for tasks to queue
[2026-06-28T11:38:10.655+0000] {logging_mixin.py:188} INFO - [2026-06-28T11:38:10.655+0000] {dagbag.py:545} INFO - Filling up the DagBag from /home/airflow/.local/lib/python3.12/site-packages/airflow/example_dags/tutorial_objectstorage.py
[2026-06-28T11:38:10.663+0000] {processor.py:840} INFO - DAG(s) 'tutorial_objectstorage' retrieved from /home/airflow/.local/lib/python3.12/site-packages/airflow/example_dags/tutorial_objectstorage.py
[2026-06-28T11:38:10.688+0000] {logging_mixin.py:188} INFO - [2026-06-28T11:38:10.687+0000] {dag.py:3096} INFO - Sync 1 DAGs
[2026-06-28T11:38:10.707+0000] {logging_mixin.py:188} INFO - [2026-06-28T11:38:10.707+0000] {dag.py:3954} INFO - Setting next_dagrun for tutorial_objectstorage to None, run_after=None
[2026-06-28T11:38:10.729+0000] {processor.py:183} INFO - Processing /home/airflow/.local/lib/python3.12/site-packages/airflow/example_dags/tutorial_objectstorage.py took 0.087 seconds
[2026-06-28T11:38:41.311+0000] {processor.py:161} INFO - Started process (PID=2893) to work on /home/airflow/.local/lib/python3.12/site-packages/airflow/example_dags/tutorial_objectstorage.py
[2026-06-28T11:38:41.312+0000] {processor.py:830} INFO - Processing file /home/airflow/.local/lib/python3.12/site-packages/airflow/example_dags/tutorial_objectstorage.py for tasks to queue
[2026-06-28T11:38:41.314+0000] {logging_mixin.py:188} INFO - [2026-06-28T11:38:41.313+0000] {dagbag.py:545} INFO - Filling up the DagBag from /home/airflow/.local/lib/python3.12/site-packages/airflow/example_dags/tutorial_objectstorage.py
[2026-06-28T11:38:41.322+0000] {processor.py:840} INFO - DAG(s) 'tutorial_objectstorage' retrieved from /home/airflow/.local/lib/python3.12/site-packages/airflow/example_dags/tutorial_objectstorage.py
[2026-06-28T11:38:41.349+0000] {logging_mixin.py:188} INFO - [2026-06-28T11:38:41.349+0000] {dag.py:3096} INFO - Sync 1 DAGs
[2026-06-28T11:38:41.367+0000] {logging_mixin.py:188} INFO - [2026-06-28T11:38:41.367+0000] {dag.py:3954} INFO - Setting next_dagrun for tutorial_objectstorage to None, run_after=None
[2026-06-28T11:38:41.391+0000] {processor.py:183} INFO - Processing /home/airflow/.local/lib/python3.12/site-packages/airflow/example_dags/tutorial_objectstorage.py took 0.087 seconds
[2026-06-28T11:39:12.443+0000] {processor.py:161} INFO - Started process (PID=2952) to work on /home/airflow/.local/lib/python3.12/site-packages/airflow/example_dags/tutorial_objectstorage.py
[2026-06-28T11:39:12.448+0000] {processor.py:830} INFO - Processing file /home/airflow/.local/lib/python3.12/site-packages/airflow/example_dags/tutorial_objectstorage.py for tasks to queue
[2026-06-28T11:39:12.452+0000] {logging_mixin.py:188} INFO - [2026-06-28T11:39:12.451+0000] {dagbag.py:545} INFO - Filling up the DagBag from /home/airflow/.local/lib/python3.12/site-packages/airflow/example_dags/tutorial_objectstorage.py
[2026-06-28T11:39:12.481+0000] {processor.py:840} INFO - DAG(s) 'tutorial_objectstorage' retrieved from /home/airflow/.local/lib/python3.12/site-packages/airflow/example_dags/tutorial_objectstorage.py
[2026-06-28T11:39:12.540+0000] {logging_mixin.py:188} INFO - [2026-06-28T11:39:12.539+0000] {dag.py:3096} INFO - Sync 1 DAGs
[2026-06-28T11:39:12.577+0000] {logging_mixin.py:188} INFO - [2026-06-28T11:39:12.576+0000] {dag.py:3954} INFO - Setting next_dagrun for tutorial_objectstorage to None, run_after=None
[2026-06-28T11:39:12.627+0000] {processor.py:183} INFO - Processing /home/airflow/.local/lib/python3.12/site-packages/airflow/example_dags/tutorial_objectstorage.py took 0.197 seconds
[2026-06-28T11:39:42.764+0000] {processor.py:161} INFO - Started process (PID=3011) to work on /home/airflow/.local/lib/python3.12/site-packages/airflow/example_dags/tutorial_objectstorage.py
[2026-06-28T11:39:42.765+0000] {processor.py:830} INFO - Processing file /home/airflow/.local/lib/python3.12/site-packages/airflow/example_dags/tutorial_objectstorage.py for tasks to queue
[2026-06-28T11:39:42.768+0000] {logging_mixin.py:188} INFO - [2026-06-28T11:39:42.767+0000] {dagbag.py:545} INFO - Filling up the DagBag from /home/airflow/.local/lib/python3.12/site-packages/airflow/example_dags/tutorial_objectstorage.py
[2026-06-28T11:39:42.775+0000] {processor.py:840} INFO - DAG(s) 'tutorial_objectstorage' retrieved from /home/airflow/.local/lib/python3.12/site-packages/airflow/example_dags/tutorial_objectstorage.py
[2026-06-28T11:39:42.794+0000] {logging_mixin.py:188} INFO - [2026-06-28T11:39:42.793+0000] {dag.py:3096} INFO - Sync 1 DAGs
[2026-06-28T11:39:42.805+0000] {logging_mixin.py:188} INFO - [2026-06-28T11:39:42.805+0000] {dag.py:3954} INFO - Setting next_dagrun for tutorial_objectstorage to None, run_after=None
[2026-06-28T11:39:42.820+0000] {processor.py:183} INFO - Processing /home/airflow/.local/lib/python3.12/site-packages/airflow/example_dags/tutorial_objectstorage.py took 0.064 seconds
[2026-06-28T11:40:12.909+0000] {processor.py:161} INFO - Started process (PID=3070) to work on /home/airflow/.local/lib/python3.12/site-packages/airflow/example_dags/tutorial_objectstorage.py
[2026-06-28T11:40:12.910+0000] {processor.py:830} INFO - Processing file /home/airflow/.local/lib/python3.12/site-packages/airflow/example_dags/tutorial_objectstorage.py for tasks to queue
[2026-06-28T11:40:12.912+0000] {logging_mixin.py:188} INFO - [2026-06-28T11:40:12.911+0000] {dagbag.py:545} INFO - Filling up the DagBag from /home/airflow/.local/lib/python3.12/site-packages/airflow/example_dags/tutorial_objectstorage.py
[2026-06-28T11:40:12.920+0000] {processor.py:840} INFO - DAG(s) 'tutorial_objectstorage' retrieved from /home/airflow/.local/lib/python3.12/site-packages/airflow/example_dags/tutorial_objectstorage.py
[2026-06-28T11:40:12.943+0000] {logging_mixin.py:188} INFO - [2026-06-28T11:40:12.943+0000] {dag.py:3096} INFO - Sync 1 DAGs
[2026-06-28T11:40:12.959+0000] {logging_mixin.py:188} INFO - [2026-06-28T11:40:12.959+0000] {dag.py:3954} INFO - Setting next_dagrun for tutorial_objectstorage to None, run_after=None
[2026-06-28T11:40:12.976+0000] {processor.py:183} INFO - Processing /home/airflow/.local/lib/python3.12/site-packages/airflow/example_dags/tutorial_objectstorage.py took 0.075 seconds
[2026-06-28T11:40:43.551+0000] {processor.py:161} INFO - Started process (PID=3129) to work on /home/airflow/.local/lib/python3.12/site-packages/airflow/example_dags/tutorial_objectstorage.py
[2026-06-28T11:40:43.552+0000] {processor.py:830} INFO - Processing file /home/airflow/.local/lib/python3.12/site-packages/airflow/example_dags/tutorial_objectstorage.py for tasks to queue
[2026-06-28T11:40:43.555+0000] {logging_mixin.py:188} INFO - [2026-06-28T11:40:43.555+0000] {dagbag.py:545} INFO - Filling up the DagBag from /home/airflow/.local/lib/python3.12/site-packages/airflow/example_dags/tutorial_objectstorage.py
[2026-06-28T11:40:43.574+0000] {processor.py:840} INFO - DAG(s) 'tutorial_objectstorage' retrieved from /home/airflow/.local/lib/python3.12/site-packages/airflow/example_dags/tutorial_objectstorage.py
[2026-06-28T11:40:43.620+0000] {logging_mixin.py:188} INFO - [2026-06-28T11:40:43.619+0000] {dag.py:3096} INFO - Sync 1 DAGs
[2026-06-28T11:40:43.667+0000] {logging_mixin.py:188} INFO - [2026-06-28T11:40:43.666+0000] {dag.py:3954} INFO - Setting next_dagrun for tutorial_objectstorage to None, run_after=None
[2026-06-28T11:40:43.706+0000] {processor.py:183} INFO - Processing /home/airflow/.local/lib/python3.12/site-packages/airflow/example_dags/tutorial_objectstorage.py took 0.169 seconds
[2026-06-28T11:41:13.865+0000] {processor.py:161} INFO - Started process (PID=3188) to work on /home/airflow/.local/lib/python3.12/site-packages/airflow/example_dags/tutorial_objectstorage.py
[2026-06-28T11:41:13.866+0000] {processor.py:830} INFO - Processing file /home/airflow/.local/lib/python3.12/site-packages/airflow/example_dags/tutorial_objectstorage.py for tasks to queue
[2026-06-28T11:41:13.868+0000] {logging_mixin.py:188} INFO - [2026-06-28T11:41:13.867+0000] {dagbag.py:545} INFO - Filling up the DagBag from /home/airflow/.local/lib/python3.12/site-packages/airflow/example_dags/tutorial_objectstorage.py
[2026-06-28T11:41:13.877+0000] {processor.py:840} INFO - DAG(s) 'tutorial_objectstorage' retrieved from /home/airflow/.local/lib/python3.12/site-packages/airflow/example_dags/tutorial_objectstorage.py
[2026-06-28T11:41:13.898+0000] {logging_mixin.py:188} INFO - [2026-06-28T11:41:13.898+0000] {dag.py:3096} INFO - Sync 1 DAGs
[2026-06-28T11:41:13.910+0000] {logging_mixin.py:188} INFO - [2026-06-28T11:41:13.909+0000] {dag.py:3954} INFO - Setting next_dagrun for tutorial_objectstorage to None, run_after=None
[2026-06-28T11:41:13.930+0000] {processor.py:183} INFO - Processing /home/airflow/.local/lib/python3.12/site-packages/airflow/example_dags/tutorial_objectstorage.py took 0.073 seconds
[2026-06-28T11:41:44.348+0000] {processor.py:161} INFO - Started process (PID=3247) to work on /home/airflow/.local/lib/python3.12/site-packages/airflow/example_dags/tutorial_objectstorage.py
[2026-06-28T11:41:44.349+0000] {processor.py:830} INFO - Processing file /home/airflow/.local/lib/python3.12/site-packages/airflow/example_dags/tutorial_objectstorage.py for tasks to queue
[2026-06-28T11:41:44.351+0000] {logging_mixin.py:188} INFO - [2026-06-28T11:41:44.350+0000] {dagbag.py:545} INFO - Filling up the DagBag from /home/airflow/.local/lib/python3.12/site-packages/airflow/example_dags/tutorial_objectstorage.py
[2026-06-28T11:41:44.358+0000] {processor.py:840} INFO - DAG(s) 'tutorial_objectstorage' retrieved from /home/airflow/.local/lib/python3.12/site-packages/airflow/example_dags/tutorial_objectstorage.py
[2026-06-28T11:41:44.378+0000] {logging_mixin.py:188} INFO - [2026-06-28T11:41:44.377+0000] {dag.py:3096} INFO - Sync 1 DAGs
[2026-06-28T11:41:44.397+0000] {logging_mixin.py:188} INFO - [2026-06-28T11:41:44.397+0000] {dag.py:3954} INFO - Setting next_dagrun for tutorial_objectstorage to None, run_after=None
[2026-06-28T11:41:44.425+0000] {processor.py:183} INFO - Processing /home/airflow/.local/lib/python3.12/site-packages/airflow/example_dags/tutorial_objectstorage.py took 0.084 seconds
[2026-06-28T11:42:15.225+0000] {processor.py:161} INFO - Started process (PID=3306) to work on /home/airflow/.local/lib/python3.12/site-packages/airflow/example_dags/tutorial_objectstorage.py
[2026-06-28T11:42:15.226+0000] {processor.py:830} INFO - Processing file /home/airflow/.local/lib/python3.12/site-packages/airflow/example_dags/tutorial_objectstorage.py for tasks to queue
[2026-06-28T11:42:15.231+0000] {logging_mixin.py:188} INFO - [2026-06-28T11:42:15.231+0000] {dagbag.py:545} INFO - Filling up the DagBag from /home/airflow/.local/lib/python3.12/site-packages/airflow/example_dags/tutorial_objectstorage.py
[2026-06-28T11:42:15.256+0000] {processor.py:840} INFO - DAG(s) 'tutorial_objectstorage' retrieved from /home/airflow/.local/lib/python3.12/site-packages/airflow/example_dags/tutorial_objectstorage.py
[2026-06-28T11:42:15.297+0000] {logging_mixin.py:188} INFO - [2026-06-28T11:42:15.296+0000] {dag.py:3096} INFO - Sync 1 DAGs
[2026-06-28T11:42:15.311+0000] {logging_mixin.py:188} INFO - [2026-06-28T11:42:15.311+0000] {dag.py:3954} INFO - Setting next_dagrun for tutorial_objectstorage to None, run_after=None
[2026-06-28T11:42:15.341+0000] {processor.py:183} INFO - Processing /home/airflow/.local/lib/python3.12/site-packages/airflow/example_dags/tutorial_objectstorage.py took 0.124 seconds
[2026-06-28T11:42:45.860+0000] {processor.py:161} INFO - Started process (PID=3365) to work on /home/airflow/.local/lib/python3.12/site-packages/airflow/example_dags/tutorial_objectstorage.py
[2026-06-28T11:42:45.862+0000] {processor.py:830} INFO - Processing file /home/airflow/.local/lib/python3.12/site-packages/airflow/example_dags/tutorial_objectstorage.py for tasks to queue
[2026-06-28T11:42:45.864+0000] {logging_mixin.py:188} INFO - [2026-06-28T11:42:45.864+0000] {dagbag.py:545} INFO - Filling up the DagBag from /home/airflow/.local/lib/python3.12/site-packages/airflow/example_dags/tutorial_objectstorage.py
[2026-06-28T11:42:45.873+0000] {processor.py:840} INFO - DAG(s) 'tutorial_objectstorage' retrieved from /home/airflow/.local/lib/python3.12/site-packages/airflow/example_dags/tutorial_objectstorage.py
[2026-06-28T11:42:45.899+0000] {logging_mixin.py:188} INFO - [2026-06-28T11:42:45.899+0000] {dag.py:3096} INFO - Sync 1 DAGs
[2026-06-28T11:42:45.920+0000] {logging_mixin.py:188} INFO - [2026-06-28T11:42:45.919+0000] {dag.py:3954} INFO - Setting next_dagrun for tutorial_objectstorage to None, run_after=None
[2026-06-28T11:42:45.942+0000] {processor.py:183} INFO - Processing /home/airflow/.local/lib/python3.12/site-packages/airflow/example_dags/tutorial_objectstorage.py took 0.099 seconds
[2026-06-28T11:43:16.637+0000] {processor.py:161} INFO - Started process (PID=3424) to work on /home/airflow/.local/lib/python3.12/site-packages/airflow/example_dags/tutorial_objectstorage.py
[2026-06-28T11:43:16.637+0000] {processor.py:830} INFO - Processing file /home/airflow/.local/lib/python3.12/site-packages/airflow/example_dags/tutorial_objectstorage.py for tasks to queue
[2026-06-28T11:43:16.639+0000] {logging_mixin.py:188} INFO - [2026-06-28T11:43:16.639+0000] {dagbag.py:545} INFO - Filling up the DagBag from /home/airflow/.local/lib/python3.12/site-packages/airflow/example_dags/tutorial_objectstorage.py
[2026-06-28T11:43:16.646+0000] {processor.py:840} INFO - DAG(s) 'tutorial_objectstorage' retrieved from /home/airflow/.local/lib/python3.12/site-packages/airflow/example_dags/tutorial_objectstorage.py
[2026-06-28T11:43:16.663+0000] {logging_mixin.py:188} INFO - [2026-06-28T11:43:16.663+0000] {dag.py:3096} INFO - Sync 1 DAGs
[2026-06-28T11:43:16.674+0000] {logging_mixin.py:188} INFO - [2026-06-28T11:43:16.674+0000] {dag.py:3954} INFO - Setting next_dagrun for tutorial_objectstorage to None, run_after=None
[2026-06-28T11:43:16.689+0000] {processor.py:183} INFO - Processing /home/airflow/.local/lib/python3.12/site-packages/airflow/example_dags/tutorial_objectstorage.py took 0.061 seconds
[2026-06-28T11:43:47.126+0000] {processor.py:161} INFO - Started process (PID=3483) to work on /home/airflow/.local/lib/python3.12/site-packages/airflow/example_dags/tutorial_objectstorage.py
[2026-06-28T11:43:47.127+0000] {processor.py:830} INFO - Processing file /home/airflow/.local/lib/python3.12/site-packages/airflow/example_dags/tutorial_objectstorage.py for tasks to queue
[2026-06-28T11:43:47.130+0000] {logging_mixin.py:188} INFO - [2026-06-28T11:43:47.129+0000] {dagbag.py:545} INFO - Filling up the DagBag from /home/airflow/.local/lib/python3.12/site-packages/airflow/example_dags/tutorial_objectstorage.py
[2026-06-28T11:43:47.140+0000] {processor.py:840} INFO - DAG(s) 'tutorial_objectstorage' retrieved from /home/airflow/.local/lib/python3.12/site-packages/airflow/example_dags/tutorial_objectstorage.py
[2026-06-28T11:43:47.157+0000] {logging_mixin.py:188} INFO - [2026-06-28T11:43:47.157+0000] {dag.py:3096} INFO - Sync 1 DAGs
[2026-06-28T11:43:47.168+0000] {logging_mixin.py:188} INFO - [2026-06-28T11:43:47.168+0000] {dag.py:3954} INFO - Setting next_dagrun for tutorial_objectstorage to None, run_after=None
[2026-06-28T11:43:47.185+0000] {processor.py:183} INFO - Processing /home/airflow/.local/lib/python3.12/site-packages/airflow/example_dags/tutorial_objectstorage.py took 0.067 seconds
[2026-06-28T11:44:17.338+0000] {processor.py:161} INFO - Started process (PID=3542) to work on /home/airflow/.local/lib/python3.12/site-packages/airflow/example_dags/tutorial_objectstorage.py
[2026-06-28T11:44:17.339+0000] {processor.py:830} INFO - Processing file /home/airflow/.local/lib/python3.12/site-packages/airflow/example_dags/tutorial_objectstorage.py for tasks to queue
[2026-06-28T11:44:17.341+0000] {logging_mixin.py:188} INFO - [2026-06-28T11:44:17.340+0000] {dagbag.py:545} INFO - Filling up the DagBag from /home/airflow/.local/lib/python3.12/site-packages/airflow/example_dags/tutorial_objectstorage.py
[2026-06-28T11:44:17.349+0000] {processor.py:840} INFO - DAG(s) 'tutorial_objectstorage' retrieved from /home/airflow/.local/lib/python3.12/site-packages/airflow/example_dags/tutorial_objectstorage.py
[2026-06-28T11:44:17.367+0000] {logging_mixin.py:188} INFO - [2026-06-28T11:44:17.367+0000] {dag.py:3096} INFO - Sync 1 DAGs
[2026-06-28T11:44:17.379+0000] {logging_mixin.py:188} INFO - [2026-06-28T11:44:17.379+0000] {dag.py:3954} INFO - Setting next_dagrun for tutorial_objectstorage to None, run_after=None
[2026-06-28T11:44:17.395+0000] {processor.py:183} INFO - Processing /home/airflow/.local/lib/python3.12/site-packages/airflow/example_dags/tutorial_objectstorage.py took 0.065 seconds
[2026-06-28T11:44:47.818+0000] {processor.py:161} INFO - Started process (PID=3601) to work on /home/airflow/.local/lib/python3.12/site-packages/airflow/example_dags/tutorial_objectstorage.py
[2026-06-28T11:44:47.819+0000] {processor.py:830} INFO - Processing file /home/airflow/.local/lib/python3.12/site-packages/airflow/example_dags/tutorial_objectstorage.py for tasks to queue
[2026-06-28T11:44:47.821+0000] {logging_mixin.py:188} INFO - [2026-06-28T11:44:47.821+0000] {dagbag.py:545} INFO - Filling up the DagBag from /home/airflow/.local/lib/python3.12/site-packages/airflow/example_dags/tutorial_objectstorage.py
[2026-06-28T11:44:47.831+0000] {processor.py:840} INFO - DAG(s) 'tutorial_objectstorage' retrieved from /home/airflow/.local/lib/python3.12/site-packages/airflow/example_dags/tutorial_objectstorage.py
[2026-06-28T11:44:47.856+0000] {logging_mixin.py:188} INFO - [2026-06-28T11:44:47.855+0000] {dag.py:3096} INFO - Sync 1 DAGs
[2026-06-28T11:44:47.874+0000] {logging_mixin.py:188} INFO - [2026-06-28T11:44:47.874+0000] {dag.py:3954} INFO - Setting next_dagrun for tutorial_objectstorage to None, run_after=None
[2026-06-28T11:44:47.896+0000] {processor.py:183} INFO - Processing /home/airflow/.local/lib/python3.12/site-packages/airflow/example_dags/tutorial_objectstorage.py took 0.086 seconds
[2026-06-28T11:45:18.717+0000] {processor.py:161} INFO - Started process (PID=3660) to work on /home/airflow/.local/lib/python3.12/site-packages/airflow/example_dags/tutorial_objectstorage.py
[2026-06-28T11:45:18.718+0000] {processor.py:830} INFO - Processing file /home/airflow/.local/lib/python3.12/site-packages/airflow/example_dags/tutorial_objectstorage.py for tasks to queue
[2026-06-28T11:45:18.720+0000] {logging_mixin.py:188} INFO - [2026-06-28T11:45:18.720+0000] {dagbag.py:545} INFO - Filling up the DagBag from /home/airflow/.local/lib/python3.12/site-packages/airflow/example_dags/tutorial_objectstorage.py
[2026-06-28T11:45:18.727+0000] {processor.py:840} INFO - DAG(s) 'tutorial_objectstorage' retrieved from /home/airflow/.local/lib/python3.12/site-packages/airflow/example_dags/tutorial_objectstorage.py
[2026-06-28T11:45:18.744+0000] {logging_mixin.py:188} INFO - [2026-06-28T11:45:18.744+0000] {dag.py:3096} INFO - Sync 1 DAGs
[2026-06-28T11:45:18.757+0000] {logging_mixin.py:188} INFO - [2026-06-28T11:45:18.756+0000] {dag.py:3954} INFO - Setting next_dagrun for tutorial_objectstorage to None, run_after=None
[2026-06-28T11:45:18.773+0000] {processor.py:183} INFO - Processing /home/airflow/.local/lib/python3.12/site-packages/airflow/example_dags/tutorial_objectstorage.py took 0.070 seconds
[2026-06-28T11:45:49.425+0000] {processor.py:161} INFO - Started process (PID=3719) to work on /home/airflow/.local/lib/python3.12/site-packages/airflow/example_dags/tutorial_objectstorage.py
[2026-06-28T11:45:49.426+0000] {processor.py:830} INFO - Processing file /home/airflow/.local/lib/python3.12/site-packages/airflow/example_dags/tutorial_objectstorage.py for tasks to queue
[2026-06-28T11:45:49.428+0000] {logging_mixin.py:188} INFO - [2026-06-28T11:45:49.428+0000] {dagbag.py:545} INFO - Filling up the DagBag from /home/airflow/.local/lib/python3.12/site-packages/airflow/example_dags/tutorial_objectstorage.py
[2026-06-28T11:45:49.438+0000] {processor.py:840} INFO - DAG(s) 'tutorial_objectstorage' retrieved from /home/airflow/.local/lib/python3.12/site-packages/airflow/example_dags/tutorial_objectstorage.py
[2026-06-28T11:45:49.471+0000] {logging_mixin.py:188} INFO - [2026-06-28T11:45:49.471+0000] {dag.py:3096} INFO - Sync 1 DAGs
[2026-06-28T11:45:49.483+0000] {logging_mixin.py:188} INFO - [2026-06-28T11:45:49.483+0000] {dag.py:3954} INFO - Setting next_dagrun for tutorial_objectstorage to None, run_after=None
[2026-06-28T11:45:49.502+0000] {processor.py:183} INFO - Processing /home/airflow/.local/lib/python3.12/site-packages/airflow/example_dags/tutorial_objectstorage.py took 0.085 seconds
[2026-06-28T11:46:20.065+0000] {processor.py:161} INFO - Started process (PID=3777) to work on /home/airflow/.local/lib/python3.12/site-packages/airflow/example_dags/tutorial_objectstorage.py
[2026-06-28T11:46:20.068+0000] {processor.py:830} INFO - Processing file /home/airflow/.local/lib/python3.12/site-packages/airflow/example_dags/tutorial_objectstorage.py for tasks to queue
[2026-06-28T11:46:20.070+0000] {logging_mixin.py:188} INFO - [2026-06-28T11:46:20.069+0000] {dagbag.py:545} INFO - Filling up the DagBag from /home/airflow/.local/lib/python3.12/site-packages/airflow/example_dags/tutorial_objectstorage.py
[2026-06-28T11:46:20.077+0000] {processor.py:840} INFO - DAG(s) 'tutorial_objectstorage' retrieved from /home/airflow/.local/lib/python3.12/site-packages/airflow/example_dags/tutorial_objectstorage.py
[2026-06-28T11:46:20.097+0000] {logging_mixin.py:188} INFO - [2026-06-28T11:46:20.096+0000] {dag.py:3096} INFO - Sync 1 DAGs
[2026-06-28T11:46:20.109+0000] {logging_mixin.py:188} INFO - [2026-06-28T11:46:20.108+0000] {dag.py:3954} INFO - Setting next_dagrun for tutorial_objectstorage to None, run_after=None
[2026-06-28T11:46:20.125+0000] {processor.py:183} INFO - Processing /home/airflow/.local/lib/python3.12/site-packages/airflow/example_dags/tutorial_objectstorage.py took 0.067 seconds
[2026-06-28T11:46:50.382+0000] {processor.py:161} INFO - Started process (PID=3836) to work on /home/airflow/.local/lib/python3.12/site-packages/airflow/example_dags/tutorial_objectstorage.py
[2026-06-28T11:46:50.383+0000] {processor.py:830} INFO - Processing file /home/airflow/.local/lib/python3.12/site-packages/airflow/example_dags/tutorial_objectstorage.py for tasks to queue
[2026-06-28T11:46:50.400+0000] {logging_mixin.py:188} INFO - [2026-06-28T11:46:50.395+0000] {dagbag.py:545} INFO - Filling up the DagBag from /home/airflow/.local/lib/python3.12/site-packages/airflow/example_dags/tutorial_objectstorage.py
[2026-06-28T11:46:50.461+0000] {processor.py:840} INFO - DAG(s) 'tutorial_objectstorage' retrieved from /home/airflow/.local/lib/python3.12/site-packages/airflow/example_dags/tutorial_objectstorage.py
[2026-06-28T11:46:50.718+0000] {logging_mixin.py:188} INFO - [2026-06-28T11:46:50.703+0000] {dag.py:3096} INFO - Sync 1 DAGs
[2026-06-28T11:46:50.812+0000] {logging_mixin.py:188} INFO - [2026-06-28T11:46:50.812+0000] {dag.py:3954} INFO - Setting next_dagrun for tutorial_objectstorage to None, run_after=None
[2026-06-28T11:46:50.857+0000] {processor.py:183} INFO - Processing /home/airflow/.local/lib/python3.12/site-packages/airflow/example_dags/tutorial_objectstorage.py took 0.518 seconds
[2026-06-28T11:47:20.904+0000] {processor.py:161} INFO - Started process (PID=3895) to work on /home/airflow/.local/lib/python3.12/site-packages/airflow/example_dags/tutorial_objectstorage.py
[2026-06-28T11:47:20.905+0000] {processor.py:830} INFO - Processing file /home/airflow/.local/lib/python3.12/site-packages/airflow/example_dags/tutorial_objectstorage.py for tasks to queue
[2026-06-28T11:47:20.907+0000] {logging_mixin.py:188} INFO - [2026-06-28T11:47:20.907+0000] {dagbag.py:545} INFO - Filling up the DagBag from /home/airflow/.local/lib/python3.12/site-packages/airflow/example_dags/tutorial_objectstorage.py
[2026-06-28T11:47:20.946+0000] {processor.py:840} INFO - DAG(s) 'tutorial_objectstorage' retrieved from /home/airflow/.local/lib/python3.12/site-packages/airflow/example_dags/tutorial_objectstorage.py
[2026-06-28T11:47:21.014+0000] {logging_mixin.py:188} INFO - [2026-06-28T11:47:21.014+0000] {dag.py:3096} INFO - Sync 1 DAGs
[2026-06-28T11:47:21.036+0000] {logging_mixin.py:188} INFO - [2026-06-28T11:47:21.036+0000] {dag.py:3954} INFO - Setting next_dagrun for tutorial_objectstorage to None, run_after=None
[2026-06-28T11:47:21.063+0000] {processor.py:183} INFO - Processing /home/airflow/.local/lib/python3.12/site-packages/airflow/example_dags/tutorial_objectstorage.py took 0.166 seconds
[2026-06-28T11:47:51.495+0000] {processor.py:161} INFO - Started process (PID=3954) to work on /home/airflow/.local/lib/python3.12/site-packages/airflow/example_dags/tutorial_objectstorage.py
[2026-06-28T11:47:51.497+0000] {processor.py:830} INFO - Processing file /home/airflow/.local/lib/python3.12/site-packages/airflow/example_dags/tutorial_objectstorage.py for tasks to queue
[2026-06-28T11:47:51.499+0000] {logging_mixin.py:188} INFO - [2026-06-28T11:47:51.499+0000] {dagbag.py:545} INFO - Filling up the DagBag from /home/airflow/.local/lib/python3.12/site-packages/airflow/example_dags/tutorial_objectstorage.py
[2026-06-28T11:47:51.508+0000] {processor.py:840} INFO - DAG(s) 'tutorial_objectstorage' retrieved from /home/airflow/.local/lib/python3.12/site-packages/airflow/example_dags/tutorial_objectstorage.py
[2026-06-28T11:47:51.534+0000] {logging_mixin.py:188} INFO - [2026-06-28T11:47:51.533+0000] {dag.py:3096} INFO - Sync 1 DAGs
[2026-06-28T11:47:51.551+0000] {logging_mixin.py:188} INFO - [2026-06-28T11:47:51.551+0000] {dag.py:3954} INFO - Setting next_dagrun for tutorial_objectstorage to None, run_after=None
[2026-06-28T11:47:51.571+0000] {processor.py:183} INFO - Processing /home/airflow/.local/lib/python3.12/site-packages/airflow/example_dags/tutorial_objectstorage.py took 0.096 seconds
[2026-06-28T11:48:21.668+0000] {processor.py:161} INFO - Started process (PID=4013) to work on /home/airflow/.local/lib/python3.12/site-packages/airflow/example_dags/tutorial_objectstorage.py
[2026-06-28T11:48:21.669+0000] {processor.py:830} INFO - Processing file /home/airflow/.local/lib/python3.12/site-packages/airflow/example_dags/tutorial_objectstorage.py for tasks to queue
[2026-06-28T11:48:21.674+0000] {logging_mixin.py:188} INFO - [2026-06-28T11:48:21.673+0000] {dagbag.py:545} INFO - Filling up the DagBag from /home/airflow/.local/lib/python3.12/site-packages/airflow/example_dags/tutorial_objectstorage.py
[2026-06-28T11:48:21.691+0000] {processor.py:840} INFO - DAG(s) 'tutorial_objectstorage' retrieved from /home/airflow/.local/lib/python3.12/site-packages/airflow/example_dags/tutorial_objectstorage.py
[2026-06-28T11:48:21.734+0000] {logging_mixin.py:188} INFO - [2026-06-28T11:48:21.734+0000] {dag.py:3096} INFO - Sync 1 DAGs
[2026-06-28T11:48:21.752+0000] {logging_mixin.py:188} INFO - [2026-06-28T11:48:21.752+0000] {dag.py:3954} INFO - Setting next_dagrun for tutorial_objectstorage to None, run_after=None
[2026-06-28T11:48:21.783+0000] {processor.py:183} INFO - Processing /home/airflow/.local/lib/python3.12/site-packages/airflow/example_dags/tutorial_objectstorage.py took 0.127 seconds
[2026-06-28T11:48:52.025+0000] {processor.py:161} INFO - Started process (PID=4072) to work on /home/airflow/.local/lib/python3.12/site-packages/airflow/example_dags/tutorial_objectstorage.py
[2026-06-28T11:48:52.027+0000] {processor.py:830} INFO - Processing file /home/airflow/.local/lib/python3.12/site-packages/airflow/example_dags/tutorial_objectstorage.py for tasks to queue
[2026-06-28T11:48:52.029+0000] {logging_mixin.py:188} INFO - [2026-06-28T11:48:52.028+0000] {dagbag.py:545} INFO - Filling up the DagBag from /home/airflow/.local/lib/python3.12/site-packages/airflow/example_dags/tutorial_objectstorage.py
[2026-06-28T11:48:52.042+0000] {processor.py:840} INFO - DAG(s) 'tutorial_objectstorage' retrieved from /home/airflow/.local/lib/python3.12/site-packages/airflow/example_dags/tutorial_objectstorage.py
[2026-06-28T11:48:52.125+0000] {logging_mixin.py:188} INFO - [2026-06-28T11:48:52.125+0000] {dag.py:3096} INFO - Sync 1 DAGs
[2026-06-28T11:48:52.165+0000] {logging_mixin.py:188} INFO - [2026-06-28T11:48:52.164+0000] {dag.py:3954} INFO - Setting next_dagrun for tutorial_objectstorage to None, run_after=None
[2026-06-28T11:48:52.199+0000] {processor.py:183} INFO - Processing /home/airflow/.local/lib/python3.12/site-packages/airflow/example_dags/tutorial_objectstorage.py took 0.198 seconds
[2026-06-28T11:49:22.387+0000] {processor.py:161} INFO - Started process (PID=4131) to work on /home/airflow/.local/lib/python3.12/site-packages/airflow/example_dags/tutorial_objectstorage.py
[2026-06-28T11:49:22.388+0000] {processor.py:830} INFO - Processing file /home/airflow/.local/lib/python3.12/site-packages/airflow/example_dags/tutorial_objectstorage.py for tasks to queue
[2026-06-28T11:49:22.390+0000] {logging_mixin.py:188} INFO - [2026-06-28T11:49:22.390+0000] {dagbag.py:545} INFO - Filling up the DagBag from /home/airflow/.local/lib/python3.12/site-packages/airflow/example_dags/tutorial_objectstorage.py
[2026-06-28T11:49:22.399+0000] {processor.py:840} INFO - DAG(s) 'tutorial_objectstorage' retrieved from /home/airflow/.local/lib/python3.12/site-packages/airflow/example_dags/tutorial_objectstorage.py
[2026-06-28T11:49:22.436+0000] {logging_mixin.py:188} INFO - [2026-06-28T11:49:22.436+0000] {dag.py:3096} INFO - Sync 1 DAGs
[2026-06-28T11:49:22.461+0000] {logging_mixin.py:188} INFO - [2026-06-28T11:49:22.458+0000] {dag.py:3954} INFO - Setting next_dagrun for tutorial_objectstorage to None, run_after=None
[2026-06-28T11:49:22.493+0000] {processor.py:183} INFO - Processing /home/airflow/.local/lib/python3.12/site-packages/airflow/example_dags/tutorial_objectstorage.py took 0.113 seconds
[2026-06-28T11:49:53.062+0000] {processor.py:161} INFO - Started process (PID=4189) to work on /home/airflow/.local/lib/python3.12/site-packages/airflow/example_dags/tutorial_objectstorage.py
[2026-06-28T11:49:53.065+0000] {processor.py:830} INFO - Processing file /home/airflow/.local/lib/python3.12/site-packages/airflow/example_dags/tutorial_objectstorage.py for tasks to queue
[2026-06-28T11:49:53.073+0000] {logging_mixin.py:188} INFO - [2026-06-28T11:49:53.072+0000] {dagbag.py:545} INFO - Filling up the DagBag from /home/airflow/.local/lib/python3.12/site-packages/airflow/example_dags/tutorial_objectstorage.py
[2026-06-28T11:49:53.087+0000] {processor.py:840} INFO - DAG(s) 'tutorial_objectstorage' retrieved from /home/airflow/.local/lib/python3.12/site-packages/airflow/example_dags/tutorial_objectstorage.py
[2026-06-28T11:49:53.113+0000] {logging_mixin.py:188} INFO - [2026-06-28T11:49:53.112+0000] {dag.py:3096} INFO - Sync 1 DAGs
[2026-06-28T11:49:53.126+0000] {logging_mixin.py:188} INFO - [2026-06-28T11:49:53.126+0000] {dag.py:3954} INFO - Setting next_dagrun for tutorial_objectstorage to None, run_after=None
[2026-06-28T11:49:53.143+0000] {processor.py:183} INFO - Processing /home/airflow/.local/lib/python3.12/site-packages/airflow/example_dags/tutorial_objectstorage.py took 0.090 seconds
[2026-06-28T11:50:23.598+0000] {processor.py:161} INFO - Started process (PID=4248) to work on /home/airflow/.local/lib/python3.12/site-packages/airflow/example_dags/tutorial_objectstorage.py
[2026-06-28T11:50:23.601+0000] {processor.py:830} INFO - Processing file /home/airflow/.local/lib/python3.12/site-packages/airflow/example_dags/tutorial_objectstorage.py for tasks to queue
[2026-06-28T11:50:23.604+0000] {logging_mixin.py:188} INFO - [2026-06-28T11:50:23.604+0000] {dagbag.py:545} INFO - Filling up the DagBag from /home/airflow/.local/lib/python3.12/site-packages/airflow/example_dags/tutorial_objectstorage.py
[2026-06-28T11:50:23.621+0000] {processor.py:840} INFO - DAG(s) 'tutorial_objectstorage' retrieved from /home/airflow/.local/lib/python3.12/site-packages/airflow/example_dags/tutorial_objectstorage.py
[2026-06-28T11:50:23.667+0000] {logging_mixin.py:188} INFO - [2026-06-28T11:50:23.666+0000] {dag.py:3096} INFO - Sync 1 DAGs
[2026-06-28T11:50:23.700+0000] {logging_mixin.py:188} INFO - [2026-06-28T11:50:23.699+0000] {dag.py:3954} INFO - Setting next_dagrun for tutorial_objectstorage to None, run_after=None
[2026-06-28T11:50:23.750+0000] {processor.py:183} INFO - Processing /home/airflow/.local/lib/python3.12/site-packages/airflow/example_dags/tutorial_objectstorage.py took 0.166 seconds
[2026-06-28T11:50:54.191+0000] {processor.py:161} INFO - Started process (PID=4307) to work on /home/airflow/.local/lib/python3.12/site-packages/airflow/example_dags/tutorial_objectstorage.py
[2026-06-28T11:50:54.192+0000] {processor.py:830} INFO - Processing file /home/airflow/.local/lib/python3.12/site-packages/airflow/example_dags/tutorial_objectstorage.py for tasks to queue
[2026-06-28T11:50:54.194+0000] {logging_mixin.py:188} INFO - [2026-06-28T11:50:54.193+0000] {dagbag.py:545} INFO - Filling up the DagBag from /home/airflow/.local/lib/python3.12/site-packages/airflow/example_dags/tutorial_objectstorage.py
[2026-06-28T11:50:54.203+0000] {processor.py:840} INFO - DAG(s) 'tutorial_objectstorage' retrieved from /home/airflow/.local/lib/python3.12/site-packages/airflow/example_dags/tutorial_objectstorage.py
[2026-06-28T11:50:54.228+0000] {logging_mixin.py:188} INFO - [2026-06-28T11:50:54.228+0000] {dag.py:3096} INFO - Sync 1 DAGs
[2026-06-28T11:50:54.246+0000] {logging_mixin.py:188} INFO - [2026-06-28T11:50:54.246+0000] {dag.py:3954} INFO - Setting next_dagrun for tutorial_objectstorage to None, run_after=None
[2026-06-28T11:50:54.267+0000] {processor.py:183} INFO - Processing /home/airflow/.local/lib/python3.12/site-packages/airflow/example_dags/tutorial_objectstorage.py took 0.084 seconds
[2026-06-28T11:51:24.695+0000] {processor.py:161} INFO - Started process (PID=4365) to work on /home/airflow/.local/lib/python3.12/site-packages/airflow/example_dags/tutorial_objectstorage.py
[2026-06-28T11:51:24.696+0000] {processor.py:830} INFO - Processing file /home/airflow/.local/lib/python3.12/site-packages/airflow/example_dags/tutorial_objectstorage.py for tasks to queue
[2026-06-28T11:51:24.698+0000] {logging_mixin.py:188} INFO - [2026-06-28T11:51:24.698+0000] {dagbag.py:545} INFO - Filling up the DagBag from /home/airflow/.local/lib/python3.12/site-packages/airflow/example_dags/tutorial_objectstorage.py
[2026-06-28T11:51:24.707+0000] {processor.py:840} INFO - DAG(s) 'tutorial_objectstorage' retrieved from /home/airflow/.local/lib/python3.12/site-packages/airflow/example_dags/tutorial_objectstorage.py
[2026-06-28T11:51:24.734+0000] {logging_mixin.py:188} INFO - [2026-06-28T11:51:24.733+0000] {dag.py:3096} INFO - Sync 1 DAGs
[2026-06-28T11:51:24.754+0000] {logging_mixin.py:188} INFO - [2026-06-28T11:51:24.754+0000] {dag.py:3954} INFO - Setting next_dagrun for tutorial_objectstorage to None, run_after=None
[2026-06-28T11:51:24.791+0000] {processor.py:183} INFO - Processing /home/airflow/.local/lib/python3.12/site-packages/airflow/example_dags/tutorial_objectstorage.py took 0.105 seconds
[2026-06-28T11:51:55.450+0000] {processor.py:161} INFO - Started process (PID=4424) to work on /home/airflow/.local/lib/python3.12/site-packages/airflow/example_dags/tutorial_objectstorage.py
[2026-06-28T11:51:55.451+0000] {processor.py:830} INFO - Processing file /home/airflow/.local/lib/python3.12/site-packages/airflow/example_dags/tutorial_objectstorage.py for tasks to queue
[2026-06-28T11:51:55.453+0000] {logging_mixin.py:188} INFO - [2026-06-28T11:51:55.453+0000] {dagbag.py:545} INFO - Filling up the DagBag from /home/airflow/.local/lib/python3.12/site-packages/airflow/example_dags/tutorial_objectstorage.py
[2026-06-28T11:51:55.462+0000] {processor.py:840} INFO - DAG(s) 'tutorial_objectstorage' retrieved from /home/airflow/.local/lib/python3.12/site-packages/airflow/example_dags/tutorial_objectstorage.py
[2026-06-28T11:51:55.487+0000] {logging_mixin.py:188} INFO - [2026-06-28T11:51:55.487+0000] {dag.py:3096} INFO - Sync 1 DAGs
[2026-06-28T11:51:55.504+0000] {logging_mixin.py:188} INFO - [2026-06-28T11:51:55.503+0000] {dag.py:3954} INFO - Setting next_dagrun for tutorial_objectstorage to None, run_after=None
[2026-06-28T11:51:55.522+0000] {processor.py:183} INFO - Processing /home/airflow/.local/lib/python3.12/site-packages/airflow/example_dags/tutorial_objectstorage.py took 0.079 seconds
[2026-06-28T11:58:38.225+0000] {processor.py:161} INFO - Started process (PID=114) to work on /home/airflow/.local/lib/python3.12/site-packages/airflow/example_dags/tutorial_objectstorage.py
[2026-06-28T11:58:38.257+0000] {processor.py:830} INFO - Processing file /home/airflow/.local/lib/python3.12/site-packages/airflow/example_dags/tutorial_objectstorage.py for tasks to queue
[2026-06-28T11:58:38.259+0000] {logging_mixin.py:188} INFO - [2026-06-28T11:58:38.259+0000] {dagbag.py:545} INFO - Filling up the DagBag from /home/airflow/.local/lib/python3.12/site-packages/airflow/example_dags/tutorial_objectstorage.py
[2026-06-28T11:58:38.269+0000] {processor.py:840} INFO - DAG(s) 'tutorial_objectstorage' retrieved from /home/airflow/.local/lib/python3.12/site-packages/airflow/example_dags/tutorial_objectstorage.py
[2026-06-28T11:58:38.303+0000] {logging_mixin.py:188} INFO - [2026-06-28T11:58:38.303+0000] {dag.py:3096} INFO - Sync 1 DAGs
[2026-06-28T11:58:38.319+0000] {logging_mixin.py:188} INFO - [2026-06-28T11:58:38.319+0000] {dag.py:3954} INFO - Setting next_dagrun for tutorial_objectstorage to None, run_after=None
[2026-06-28T11:58:38.349+0000] {processor.py:183} INFO - Processing /home/airflow/.local/lib/python3.12/site-packages/airflow/example_dags/tutorial_objectstorage.py took 0.132 seconds
[2026-06-28T11:59:08.950+0000] {processor.py:161} INFO - Started process (PID=172) to work on /home/airflow/.local/lib/python3.12/site-packages/airflow/example_dags/tutorial_objectstorage.py
[2026-06-28T11:59:08.951+0000] {processor.py:830} INFO - Processing file /home/airflow/.local/lib/python3.12/site-packages/airflow/example_dags/tutorial_objectstorage.py for tasks to queue
[2026-06-28T11:59:08.953+0000] {logging_mixin.py:188} INFO - [2026-06-28T11:59:08.953+0000] {dagbag.py:545} INFO - Filling up the DagBag from /home/airflow/.local/lib/python3.12/site-packages/airflow/example_dags/tutorial_objectstorage.py
[2026-06-28T11:59:08.963+0000] {processor.py:840} INFO - DAG(s) 'tutorial_objectstorage' retrieved from /home/airflow/.local/lib/python3.12/site-packages/airflow/example_dags/tutorial_objectstorage.py
[2026-06-28T11:59:08.994+0000] {logging_mixin.py:188} INFO - [2026-06-28T11:59:08.994+0000] {dag.py:3096} INFO - Sync 1 DAGs
[2026-06-28T11:59:09.012+0000] {logging_mixin.py:188} INFO - [2026-06-28T11:59:09.012+0000] {dag.py:3954} INFO - Setting next_dagrun for tutorial_objectstorage to None, run_after=None
[2026-06-28T11:59:09.033+0000] {processor.py:183} INFO - Processing /home/airflow/.local/lib/python3.12/site-packages/airflow/example_dags/tutorial_objectstorage.py took 0.089 seconds
[2026-06-28T11:59:39.529+0000] {processor.py:161} INFO - Started process (PID=231) to work on /home/airflow/.local/lib/python3.12/site-packages/airflow/example_dags/tutorial_objectstorage.py
[2026-06-28T11:59:39.530+0000] {processor.py:830} INFO - Processing file /home/airflow/.local/lib/python3.12/site-packages/airflow/example_dags/tutorial_objectstorage.py for tasks to queue
[2026-06-28T11:59:39.532+0000] {logging_mixin.py:188} INFO - [2026-06-28T11:59:39.532+0000] {dagbag.py:545} INFO - Filling up the DagBag from /home/airflow/.local/lib/python3.12/site-packages/airflow/example_dags/tutorial_objectstorage.py
[2026-06-28T11:59:39.547+0000] {processor.py:840} INFO - DAG(s) 'tutorial_objectstorage' retrieved from /home/airflow/.local/lib/python3.12/site-packages/airflow/example_dags/tutorial_objectstorage.py
[2026-06-28T11:59:39.595+0000] {logging_mixin.py:188} INFO - [2026-06-28T11:59:39.594+0000] {dag.py:3096} INFO - Sync 1 DAGs
[2026-06-28T11:59:39.612+0000] {logging_mixin.py:188} INFO - [2026-06-28T11:59:39.612+0000] {dag.py:3954} INFO - Setting next_dagrun for tutorial_objectstorage to None, run_after=None
[2026-06-28T11:59:39.655+0000] {processor.py:183} INFO - Processing /home/airflow/.local/lib/python3.12/site-packages/airflow/example_dags/tutorial_objectstorage.py took 0.135 seconds
[2026-06-28T12:00:12.695+0000] {processor.py:161} INFO - Started process (PID=289) to work on /home/airflow/.local/lib/python3.12/site-packages/airflow/example_dags/tutorial_objectstorage.py
[2026-06-28T12:00:12.702+0000] {processor.py:830} INFO - Processing file /home/airflow/.local/lib/python3.12/site-packages/airflow/example_dags/tutorial_objectstorage.py for tasks to queue
[2026-06-28T12:00:12.705+0000] {logging_mixin.py:188} INFO - [2026-06-28T12:00:12.705+0000] {dagbag.py:545} INFO - Filling up the DagBag from /home/airflow/.local/lib/python3.12/site-packages/airflow/example_dags/tutorial_objectstorage.py
[2026-06-28T12:00:12.733+0000] {processor.py:840} INFO - DAG(s) 'tutorial_objectstorage' retrieved from /home/airflow/.local/lib/python3.12/site-packages/airflow/example_dags/tutorial_objectstorage.py
[2026-06-28T12:00:12.814+0000] {logging_mixin.py:188} INFO - [2026-06-28T12:00:12.809+0000] {dag.py:3096} INFO - Sync 1 DAGs
[2026-06-28T12:00:12.909+0000] {logging_mixin.py:188} INFO - [2026-06-28T12:00:12.909+0000] {dag.py:3954} INFO - Setting next_dagrun for tutorial_objectstorage to None, run_after=None
[2026-06-28T12:00:13.020+0000] {processor.py:183} INFO - Processing /home/airflow/.local/lib/python3.12/site-packages/airflow/example_dags/tutorial_objectstorage.py took 0.350 seconds
[2026-06-28T12:00:43.682+0000] {processor.py:161} INFO - Started process (PID=348) to work on /home/airflow/.local/lib/python3.12/site-packages/airflow/example_dags/tutorial_objectstorage.py
[2026-06-28T12:00:43.683+0000] {processor.py:830} INFO - Processing file /home/airflow/.local/lib/python3.12/site-packages/airflow/example_dags/tutorial_objectstorage.py for tasks to queue
[2026-06-28T12:00:43.685+0000] {logging_mixin.py:188} INFO - [2026-06-28T12:00:43.685+0000] {dagbag.py:545} INFO - Filling up the DagBag from /home/airflow/.local/lib/python3.12/site-packages/airflow/example_dags/tutorial_objectstorage.py
[2026-06-28T12:00:43.693+0000] {processor.py:840} INFO - DAG(s) 'tutorial_objectstorage' retrieved from /home/airflow/.local/lib/python3.12/site-packages/airflow/example_dags/tutorial_objectstorage.py
[2026-06-28T12:00:43.717+0000] {logging_mixin.py:188} INFO - [2026-06-28T12:00:43.716+0000] {dag.py:3096} INFO - Sync 1 DAGs
[2026-06-28T12:00:43.734+0000] {logging_mixin.py:188} INFO - [2026-06-28T12:00:43.734+0000] {dag.py:3954} INFO - Setting next_dagrun for tutorial_objectstorage to None, run_after=None
[2026-06-28T12:00:43.758+0000] {processor.py:183} INFO - Processing /home/airflow/.local/lib/python3.12/site-packages/airflow/example_dags/tutorial_objectstorage.py took 0.083 seconds
[2026-06-28T12:01:13.932+0000] {processor.py:161} INFO - Started process (PID=407) to work on /home/airflow/.local/lib/python3.12/site-packages/airflow/example_dags/tutorial_objectstorage.py
[2026-06-28T12:01:13.933+0000] {processor.py:830} INFO - Processing file /home/airflow/.local/lib/python3.12/site-packages/airflow/example_dags/tutorial_objectstorage.py for tasks to queue
[2026-06-28T12:01:13.938+0000] {logging_mixin.py:188} INFO - [2026-06-28T12:01:13.936+0000] {dagbag.py:545} INFO - Filling up the DagBag from /home/airflow/.local/lib/python3.12/site-packages/airflow/example_dags/tutorial_objectstorage.py
[2026-06-28T12:01:13.949+0000] {processor.py:840} INFO - DAG(s) 'tutorial_objectstorage' retrieved from /home/airflow/.local/lib/python3.12/site-packages/airflow/example_dags/tutorial_objectstorage.py
[2026-06-28T12:01:13.985+0000] {logging_mixin.py:188} INFO - [2026-06-28T12:01:13.985+0000] {dag.py:3096} INFO - Sync 1 DAGs
[2026-06-28T12:01:14.004+0000] {logging_mixin.py:188} INFO - [2026-06-28T12:01:14.004+0000] {dag.py:3954} INFO - Setting next_dagrun for tutorial_objectstorage to None, run_after=None
[2026-06-28T12:01:14.043+0000] {processor.py:183} INFO - Processing /home/airflow/.local/lib/python3.12/site-packages/airflow/example_dags/tutorial_objectstorage.py took 0.127 seconds
[2026-06-28T12:01:44.533+0000] {processor.py:161} INFO - Started process (PID=466) to work on /home/airflow/.local/lib/python3.12/site-packages/airflow/example_dags/tutorial_objectstorage.py
[2026-06-28T12:01:44.534+0000] {processor.py:830} INFO - Processing file /home/airflow/.local/lib/python3.12/site-packages/airflow/example_dags/tutorial_objectstorage.py for tasks to queue
[2026-06-28T12:01:44.536+0000] {logging_mixin.py:188} INFO - [2026-06-28T12:01:44.536+0000] {dagbag.py:545} INFO - Filling up the DagBag from /home/airflow/.local/lib/python3.12/site-packages/airflow/example_dags/tutorial_objectstorage.py
[2026-06-28T12:01:44.544+0000] {processor.py:840} INFO - DAG(s) 'tutorial_objectstorage' retrieved from /home/airflow/.local/lib/python3.12/site-packages/airflow/example_dags/tutorial_objectstorage.py
[2026-06-28T12:01:44.567+0000] {logging_mixin.py:188} INFO - [2026-06-28T12:01:44.567+0000] {dag.py:3096} INFO - Sync 1 DAGs
[2026-06-28T12:01:44.583+0000] {logging_mixin.py:188} INFO - [2026-06-28T12:01:44.583+0000] {dag.py:3954} INFO - Setting next_dagrun for tutorial_objectstorage to None, run_after=None
[2026-06-28T12:01:44.615+0000] {processor.py:183} INFO - Processing /home/airflow/.local/lib/python3.12/site-packages/airflow/example_dags/tutorial_objectstorage.py took 0.089 seconds
[2026-06-28T12:02:15.037+0000] {processor.py:161} INFO - Started process (PID=525) to work on /home/airflow/.local/lib/python3.12/site-packages/airflow/example_dags/tutorial_objectstorage.py
[2026-06-28T12:02:15.038+0000] {processor.py:830} INFO - Processing file /home/airflow/.local/lib/python3.12/site-packages/airflow/example_dags/tutorial_objectstorage.py for tasks to queue
[2026-06-28T12:02:15.040+0000] {logging_mixin.py:188} INFO - [2026-06-28T12:02:15.040+0000] {dagbag.py:545} INFO - Filling up the DagBag from /home/airflow/.local/lib/python3.12/site-packages/airflow/example_dags/tutorial_objectstorage.py
[2026-06-28T12:02:15.049+0000] {processor.py:840} INFO - DAG(s) 'tutorial_objectstorage' retrieved from /home/airflow/.local/lib/python3.12/site-packages/airflow/example_dags/tutorial_objectstorage.py
[2026-06-28T12:02:15.102+0000] {logging_mixin.py:188} INFO - [2026-06-28T12:02:15.102+0000] {dag.py:3096} INFO - Sync 1 DAGs
[2026-06-28T12:02:15.127+0000] {logging_mixin.py:188} INFO - [2026-06-28T12:02:15.127+0000] {dag.py:3954} INFO - Setting next_dagrun for tutorial_objectstorage to None, run_after=None
[2026-06-28T12:02:15.163+0000] {processor.py:183} INFO - Processing /home/airflow/.local/lib/python3.12/site-packages/airflow/example_dags/tutorial_objectstorage.py took 0.142 seconds
[2026-06-28T12:02:45.928+0000] {processor.py:161} INFO - Started process (PID=584) to work on /home/airflow/.local/lib/python3.12/site-packages/airflow/example_dags/tutorial_objectstorage.py
[2026-06-28T12:02:45.929+0000] {processor.py:830} INFO - Processing file /home/airflow/.local/lib/python3.12/site-packages/airflow/example_dags/tutorial_objectstorage.py for tasks to queue
[2026-06-28T12:02:45.931+0000] {logging_mixin.py:188} INFO - [2026-06-28T12:02:45.931+0000] {dagbag.py:545} INFO - Filling up the DagBag from /home/airflow/.local/lib/python3.12/site-packages/airflow/example_dags/tutorial_objectstorage.py
[2026-06-28T12:02:45.939+0000] {processor.py:840} INFO - DAG(s) 'tutorial_objectstorage' retrieved from /home/airflow/.local/lib/python3.12/site-packages/airflow/example_dags/tutorial_objectstorage.py
[2026-06-28T12:02:45.962+0000] {logging_mixin.py:188} INFO - [2026-06-28T12:02:45.961+0000] {dag.py:3096} INFO - Sync 1 DAGs
[2026-06-28T12:02:45.984+0000] {logging_mixin.py:188} INFO - [2026-06-28T12:02:45.984+0000] {dag.py:3954} INFO - Setting next_dagrun for tutorial_objectstorage to None, run_after=None
[2026-06-28T12:02:46.010+0000] {processor.py:183} INFO - Processing /home/airflow/.local/lib/python3.12/site-packages/airflow/example_dags/tutorial_objectstorage.py took 0.091 seconds
[2026-06-28T12:03:16.130+0000] {processor.py:161} INFO - Started process (PID=643) to work on /home/airflow/.local/lib/python3.12/site-packages/airflow/example_dags/tutorial_objectstorage.py
[2026-06-28T12:03:16.131+0000] {processor.py:830} INFO - Processing file /home/airflow/.local/lib/python3.12/site-packages/airflow/example_dags/tutorial_objectstorage.py for tasks to queue
[2026-06-28T12:03:16.133+0000] {logging_mixin.py:188} INFO - [2026-06-28T12:03:16.133+0000] {dagbag.py:545} INFO - Filling up the DagBag from /home/airflow/.local/lib/python3.12/site-packages/airflow/example_dags/tutorial_objectstorage.py
[2026-06-28T12:03:16.142+0000] {processor.py:840} INFO - DAG(s) 'tutorial_objectstorage' retrieved from /home/airflow/.local/lib/python3.12/site-packages/airflow/example_dags/tutorial_objectstorage.py
[2026-06-28T12:03:16.170+0000] {logging_mixin.py:188} INFO - [2026-06-28T12:03:16.170+0000] {dag.py:3096} INFO - Sync 1 DAGs
[2026-06-28T12:03:16.187+0000] {logging_mixin.py:188} INFO - [2026-06-28T12:03:16.187+0000] {dag.py:3954} INFO - Setting next_dagrun for tutorial_objectstorage to None, run_after=None
[2026-06-28T12:03:16.213+0000] {processor.py:183} INFO - Processing /home/airflow/.local/lib/python3.12/site-packages/airflow/example_dags/tutorial_objectstorage.py took 0.090 seconds
[2026-06-28T12:03:47.030+0000] {processor.py:161} INFO - Started process (PID=702) to work on /home/airflow/.local/lib/python3.12/site-packages/airflow/example_dags/tutorial_objectstorage.py
[2026-06-28T12:03:47.031+0000] {processor.py:830} INFO - Processing file /home/airflow/.local/lib/python3.12/site-packages/airflow/example_dags/tutorial_objectstorage.py for tasks to queue
[2026-06-28T12:03:47.033+0000] {logging_mixin.py:188} INFO - [2026-06-28T12:03:47.033+0000] {dagbag.py:545} INFO - Filling up the DagBag from /home/airflow/.local/lib/python3.12/site-packages/airflow/example_dags/tutorial_objectstorage.py
[2026-06-28T12:03:47.042+0000] {processor.py:840} INFO - DAG(s) 'tutorial_objectstorage' retrieved from /home/airflow/.local/lib/python3.12/site-packages/airflow/example_dags/tutorial_objectstorage.py
[2026-06-28T12:03:47.064+0000] {logging_mixin.py:188} INFO - [2026-06-28T12:03:47.064+0000] {dag.py:3096} INFO - Sync 1 DAGs
[2026-06-28T12:03:47.082+0000] {logging_mixin.py:188} INFO - [2026-06-28T12:03:47.081+0000] {dag.py:3954} INFO - Setting next_dagrun for tutorial_objectstorage to None, run_after=None
[2026-06-28T12:03:47.104+0000] {processor.py:183} INFO - Processing /home/airflow/.local/lib/python3.12/site-packages/airflow/example_dags/tutorial_objectstorage.py took 0.081 seconds
[2026-06-28T12:04:18.659+0000] {processor.py:161} INFO - Started process (PID=761) to work on /home/airflow/.local/lib/python3.12/site-packages/airflow/example_dags/tutorial_objectstorage.py
[2026-06-28T12:04:18.663+0000] {processor.py:830} INFO - Processing file /home/airflow/.local/lib/python3.12/site-packages/airflow/example_dags/tutorial_objectstorage.py for tasks to queue
[2026-06-28T12:04:18.669+0000] {logging_mixin.py:188} INFO - [2026-06-28T12:04:18.667+0000] {dagbag.py:545} INFO - Filling up the DagBag from /home/airflow/.local/lib/python3.12/site-packages/airflow/example_dags/tutorial_objectstorage.py
[2026-06-28T12:04:18.687+0000] {processor.py:840} INFO - DAG(s) 'tutorial_objectstorage' retrieved from /home/airflow/.local/lib/python3.12/site-packages/airflow/example_dags/tutorial_objectstorage.py
[2026-06-28T12:04:18.731+0000] {logging_mixin.py:188} INFO - [2026-06-28T12:04:18.730+0000] {dag.py:3096} INFO - Sync 1 DAGs
[2026-06-28T12:04:18.750+0000] {logging_mixin.py:188} INFO - [2026-06-28T12:04:18.749+0000] {dag.py:3954} INFO - Setting next_dagrun for tutorial_objectstorage to None, run_after=None
[2026-06-28T12:04:18.776+0000] {processor.py:183} INFO - Processing /home/airflow/.local/lib/python3.12/site-packages/airflow/example_dags/tutorial_objectstorage.py took 0.139 seconds
[2026-06-28T12:07:38.073+0000] {processor.py:161} INFO - Started process (PID=121) to work on /home/airflow/.local/lib/python3.12/site-packages/airflow/example_dags/tutorial_objectstorage.py
[2026-06-28T12:07:38.076+0000] {processor.py:830} INFO - Processing file /home/airflow/.local/lib/python3.12/site-packages/airflow/example_dags/tutorial_objectstorage.py for tasks to queue
[2026-06-28T12:07:38.078+0000] {logging_mixin.py:188} INFO - [2026-06-28T12:07:38.078+0000] {dagbag.py:545} INFO - Filling up the DagBag from /home/airflow/.local/lib/python3.12/site-packages/airflow/example_dags/tutorial_objectstorage.py
[2026-06-28T12:07:38.091+0000] {processor.py:840} INFO - DAG(s) 'tutorial_objectstorage' retrieved from /home/airflow/.local/lib/python3.12/site-packages/airflow/example_dags/tutorial_objectstorage.py
[2026-06-28T12:07:38.328+0000] {logging_mixin.py:188} INFO - [2026-06-28T12:07:38.328+0000] {dag.py:3096} INFO - Sync 1 DAGs
[2026-06-28T12:07:38.362+0000] {logging_mixin.py:188} INFO - [2026-06-28T12:07:38.362+0000] {dag.py:3954} INFO - Setting next_dagrun for tutorial_objectstorage to None, run_after=None
[2026-06-28T12:07:38.407+0000] {processor.py:183} INFO - Processing /home/airflow/.local/lib/python3.12/site-packages/airflow/example_dags/tutorial_objectstorage.py took 0.350 seconds
[2026-06-28T12:08:08.869+0000] {processor.py:161} INFO - Started process (PID=179) to work on /home/airflow/.local/lib/python3.12/site-packages/airflow/example_dags/tutorial_objectstorage.py
[2026-06-28T12:08:08.871+0000] {processor.py:830} INFO - Processing file /home/airflow/.local/lib/python3.12/site-packages/airflow/example_dags/tutorial_objectstorage.py for tasks to queue
[2026-06-28T12:08:08.892+0000] {logging_mixin.py:188} INFO - [2026-06-28T12:08:08.891+0000] {dagbag.py:545} INFO - Filling up the DagBag from /home/airflow/.local/lib/python3.12/site-packages/airflow/example_dags/tutorial_objectstorage.py
[2026-06-28T12:08:08.965+0000] {processor.py:840} INFO - DAG(s) 'tutorial_objectstorage' retrieved from /home/airflow/.local/lib/python3.12/site-packages/airflow/example_dags/tutorial_objectstorage.py
[2026-06-28T12:08:09.085+0000] {logging_mixin.py:188} INFO - [2026-06-28T12:08:09.084+0000] {dag.py:3096} INFO - Sync 1 DAGs
[2026-06-28T12:08:09.098+0000] {logging_mixin.py:188} INFO - [2026-06-28T12:08:09.098+0000] {dag.py:3954} INFO - Setting next_dagrun for tutorial_objectstorage to None, run_after=None
[2026-06-28T12:08:09.127+0000] {processor.py:183} INFO - Processing /home/airflow/.local/lib/python3.12/site-packages/airflow/example_dags/tutorial_objectstorage.py took 0.273 seconds
[2026-06-28T12:08:40.045+0000] {processor.py:161} INFO - Started process (PID=237) to work on /home/airflow/.local/lib/python3.12/site-packages/airflow/example_dags/tutorial_objectstorage.py
[2026-06-28T12:08:40.050+0000] {processor.py:830} INFO - Processing file /home/airflow/.local/lib/python3.12/site-packages/airflow/example_dags/tutorial_objectstorage.py for tasks to queue
[2026-06-28T12:08:40.052+0000] {logging_mixin.py:188} INFO - [2026-06-28T12:08:40.052+0000] {dagbag.py:545} INFO - Filling up the DagBag from /home/airflow/.local/lib/python3.12/site-packages/airflow/example_dags/tutorial_objectstorage.py
[2026-06-28T12:08:40.062+0000] {processor.py:840} INFO - DAG(s) 'tutorial_objectstorage' retrieved from /home/airflow/.local/lib/python3.12/site-packages/airflow/example_dags/tutorial_objectstorage.py
[2026-06-28T12:08:40.088+0000] {logging_mixin.py:188} INFO - [2026-06-28T12:08:40.088+0000] {dag.py:3096} INFO - Sync 1 DAGs
[2026-06-28T12:08:40.107+0000] {logging_mixin.py:188} INFO - [2026-06-28T12:08:40.107+0000] {dag.py:3954} INFO - Setting next_dagrun for tutorial_objectstorage to None, run_after=None
[2026-06-28T12:08:40.155+0000] {processor.py:183} INFO - Processing /home/airflow/.local/lib/python3.12/site-packages/airflow/example_dags/tutorial_objectstorage.py took 0.117 seconds
[2026-06-28T12:11:50.774+0000] {processor.py:161} INFO - Started process (PID=120) to work on /home/airflow/.local/lib/python3.12/site-packages/airflow/example_dags/tutorial_objectstorage.py
[2026-06-28T12:11:50.776+0000] {processor.py:830} INFO - Processing file /home/airflow/.local/lib/python3.12/site-packages/airflow/example_dags/tutorial_objectstorage.py for tasks to queue
[2026-06-28T12:11:50.780+0000] {logging_mixin.py:188} INFO - [2026-06-28T12:11:50.779+0000] {dagbag.py:545} INFO - Filling up the DagBag from /home/airflow/.local/lib/python3.12/site-packages/airflow/example_dags/tutorial_objectstorage.py
[2026-06-28T12:11:50.801+0000] {processor.py:840} INFO - DAG(s) 'tutorial_objectstorage' retrieved from /home/airflow/.local/lib/python3.12/site-packages/airflow/example_dags/tutorial_objectstorage.py
[2026-06-28T12:11:51.266+0000] {logging_mixin.py:188} INFO - [2026-06-28T12:11:51.265+0000] {dag.py:3096} INFO - Sync 1 DAGs
[2026-06-28T12:11:51.311+0000] {logging_mixin.py:188} INFO - [2026-06-28T12:11:51.310+0000] {dag.py:3954} INFO - Setting next_dagrun for tutorial_objectstorage to None, run_after=None
[2026-06-28T12:11:51.378+0000] {processor.py:183} INFO - Processing /home/airflow/.local/lib/python3.12/site-packages/airflow/example_dags/tutorial_objectstorage.py took 0.615 seconds
[2026-06-28T12:12:21.888+0000] {processor.py:161} INFO - Started process (PID=178) to work on /home/airflow/.local/lib/python3.12/site-packages/airflow/example_dags/tutorial_objectstorage.py
[2026-06-28T12:12:21.932+0000] {processor.py:830} INFO - Processing file /home/airflow/.local/lib/python3.12/site-packages/airflow/example_dags/tutorial_objectstorage.py for tasks to queue
[2026-06-28T12:12:21.946+0000] {logging_mixin.py:188} INFO - [2026-06-28T12:12:21.943+0000] {dagbag.py:545} INFO - Filling up the DagBag from /home/airflow/.local/lib/python3.12/site-packages/airflow/example_dags/tutorial_objectstorage.py
[2026-06-28T12:12:22.003+0000] {processor.py:840} INFO - DAG(s) 'tutorial_objectstorage' retrieved from /home/airflow/.local/lib/python3.12/site-packages/airflow/example_dags/tutorial_objectstorage.py
[2026-06-28T12:12:22.103+0000] {logging_mixin.py:188} INFO - [2026-06-28T12:12:22.103+0000] {dag.py:3096} INFO - Sync 1 DAGs
[2026-06-28T12:12:22.187+0000] {logging_mixin.py:188} INFO - [2026-06-28T12:12:22.187+0000] {dag.py:3954} INFO - Setting next_dagrun for tutorial_objectstorage to None, run_after=None
[2026-06-28T12:12:22.308+0000] {processor.py:183} INFO - Processing /home/airflow/.local/lib/python3.12/site-packages/airflow/example_dags/tutorial_objectstorage.py took 0.460 seconds
[2026-06-28T12:12:53.101+0000] {processor.py:161} INFO - Started process (PID=237) to work on /home/airflow/.local/lib/python3.12/site-packages/airflow/example_dags/tutorial_objectstorage.py
[2026-06-28T12:12:53.102+0000] {processor.py:830} INFO - Processing file /home/airflow/.local/lib/python3.12/site-packages/airflow/example_dags/tutorial_objectstorage.py for tasks to queue
[2026-06-28T12:12:53.104+0000] {logging_mixin.py:188} INFO - [2026-06-28T12:12:53.104+0000] {dagbag.py:545} INFO - Filling up the DagBag from /home/airflow/.local/lib/python3.12/site-packages/airflow/example_dags/tutorial_objectstorage.py
[2026-06-28T12:12:53.114+0000] {processor.py:840} INFO - DAG(s) 'tutorial_objectstorage' retrieved from /home/airflow/.local/lib/python3.12/site-packages/airflow/example_dags/tutorial_objectstorage.py
[2026-06-28T12:12:53.138+0000] {logging_mixin.py:188} INFO - [2026-06-28T12:12:53.138+0000] {dag.py:3096} INFO - Sync 1 DAGs
[2026-06-28T12:12:53.156+0000] {logging_mixin.py:188} INFO - [2026-06-28T12:12:53.155+0000] {dag.py:3954} INFO - Setting next_dagrun for tutorial_objectstorage to None, run_after=None
[2026-06-28T12:12:53.185+0000] {processor.py:183} INFO - Processing /home/airflow/.local/lib/python3.12/site-packages/airflow/example_dags/tutorial_objectstorage.py took 0.092 seconds
[2026-06-28T12:13:23.325+0000] {processor.py:161} INFO - Started process (PID=295) to work on /home/airflow/.local/lib/python3.12/site-packages/airflow/example_dags/tutorial_objectstorage.py
[2026-06-28T12:13:23.326+0000] {processor.py:830} INFO - Processing file /home/airflow/.local/lib/python3.12/site-packages/airflow/example_dags/tutorial_objectstorage.py for tasks to queue
[2026-06-28T12:13:23.328+0000] {logging_mixin.py:188} INFO - [2026-06-28T12:13:23.327+0000] {dagbag.py:545} INFO - Filling up the DagBag from /home/airflow/.local/lib/python3.12/site-packages/airflow/example_dags/tutorial_objectstorage.py
[2026-06-28T12:13:23.336+0000] {processor.py:840} INFO - DAG(s) 'tutorial_objectstorage' retrieved from /home/airflow/.local/lib/python3.12/site-packages/airflow/example_dags/tutorial_objectstorage.py
[2026-06-28T12:13:23.361+0000] {logging_mixin.py:188} INFO - [2026-06-28T12:13:23.361+0000] {dag.py:3096} INFO - Sync 1 DAGs
[2026-06-28T12:13:23.378+0000] {logging_mixin.py:188} INFO - [2026-06-28T12:13:23.378+0000] {dag.py:3954} INFO - Setting next_dagrun for tutorial_objectstorage to None, run_after=None
[2026-06-28T12:13:23.400+0000] {processor.py:183} INFO - Processing /home/airflow/.local/lib/python3.12/site-packages/airflow/example_dags/tutorial_objectstorage.py took 0.082 seconds
[2026-06-28T12:13:53.945+0000] {processor.py:161} INFO - Started process (PID=354) to work on /home/airflow/.local/lib/python3.12/site-packages/airflow/example_dags/tutorial_objectstorage.py
[2026-06-28T12:13:53.948+0000] {processor.py:830} INFO - Processing file /home/airflow/.local/lib/python3.12/site-packages/airflow/example_dags/tutorial_objectstorage.py for tasks to queue
[2026-06-28T12:13:53.950+0000] {logging_mixin.py:188} INFO - [2026-06-28T12:13:53.950+0000] {dagbag.py:545} INFO - Filling up the DagBag from /home/airflow/.local/lib/python3.12/site-packages/airflow/example_dags/tutorial_objectstorage.py
[2026-06-28T12:13:53.960+0000] {processor.py:840} INFO - DAG(s) 'tutorial_objectstorage' retrieved from /home/airflow/.local/lib/python3.12/site-packages/airflow/example_dags/tutorial_objectstorage.py
[2026-06-28T12:13:53.985+0000] {logging_mixin.py:188} INFO - [2026-06-28T12:13:53.985+0000] {dag.py:3096} INFO - Sync 1 DAGs
[2026-06-28T12:13:54.009+0000] {logging_mixin.py:188} INFO - [2026-06-28T12:13:54.008+0000] {dag.py:3954} INFO - Setting next_dagrun for tutorial_objectstorage to None, run_after=None
[2026-06-28T12:13:54.031+0000] {processor.py:183} INFO - Processing /home/airflow/.local/lib/python3.12/site-packages/airflow/example_dags/tutorial_objectstorage.py took 0.093 seconds
[2026-06-28T12:14:24.499+0000] {processor.py:161} INFO - Started process (PID=413) to work on /home/airflow/.local/lib/python3.12/site-packages/airflow/example_dags/tutorial_objectstorage.py
[2026-06-28T12:14:24.500+0000] {processor.py:830} INFO - Processing file /home/airflow/.local/lib/python3.12/site-packages/airflow/example_dags/tutorial_objectstorage.py for tasks to queue
[2026-06-28T12:14:24.502+0000] {logging_mixin.py:188} INFO - [2026-06-28T12:14:24.501+0000] {dagbag.py:545} INFO - Filling up the DagBag from /home/airflow/.local/lib/python3.12/site-packages/airflow/example_dags/tutorial_objectstorage.py
[2026-06-28T12:14:24.511+0000] {processor.py:840} INFO - DAG(s) 'tutorial_objectstorage' retrieved from /home/airflow/.local/lib/python3.12/site-packages/airflow/example_dags/tutorial_objectstorage.py
[2026-06-28T12:14:24.534+0000] {logging_mixin.py:188} INFO - [2026-06-28T12:14:24.534+0000] {dag.py:3096} INFO - Sync 1 DAGs
[2026-06-28T12:14:24.552+0000] {logging_mixin.py:188} INFO - [2026-06-28T12:14:24.552+0000] {dag.py:3954} INFO - Setting next_dagrun for tutorial_objectstorage to None, run_after=None
[2026-06-28T12:14:24.574+0000] {processor.py:183} INFO - Processing /home/airflow/.local/lib/python3.12/site-packages/airflow/example_dags/tutorial_objectstorage.py took 0.082 seconds
[2026-06-28T12:14:54.681+0000] {processor.py:161} INFO - Started process (PID=472) to work on /home/airflow/.local/lib/python3.12/site-packages/airflow/example_dags/tutorial_objectstorage.py
[2026-06-28T12:14:54.685+0000] {processor.py:830} INFO - Processing file /home/airflow/.local/lib/python3.12/site-packages/airflow/example_dags/tutorial_objectstorage.py for tasks to queue
[2026-06-28T12:14:54.696+0000] {logging_mixin.py:188} INFO - [2026-06-28T12:14:54.696+0000] {dagbag.py:545} INFO - Filling up the DagBag from /home/airflow/.local/lib/python3.12/site-packages/airflow/example_dags/tutorial_objectstorage.py
[2026-06-28T12:14:54.743+0000] {processor.py:840} INFO - DAG(s) 'tutorial_objectstorage' retrieved from /home/airflow/.local/lib/python3.12/site-packages/airflow/example_dags/tutorial_objectstorage.py
[2026-06-28T12:14:54.784+0000] {logging_mixin.py:188} INFO - [2026-06-28T12:14:54.784+0000] {dag.py:3096} INFO - Sync 1 DAGs
[2026-06-28T12:14:54.839+0000] {logging_mixin.py:188} INFO - [2026-06-28T12:14:54.834+0000] {dag.py:3954} INFO - Setting next_dagrun for tutorial_objectstorage to None, run_after=None
[2026-06-28T12:14:54.886+0000] {processor.py:183} INFO - Processing /home/airflow/.local/lib/python3.12/site-packages/airflow/example_dags/tutorial_objectstorage.py took 0.236 seconds
[2026-06-28T12:15:25.752+0000] {processor.py:161} INFO - Started process (PID=531) to work on /home/airflow/.local/lib/python3.12/site-packages/airflow/example_dags/tutorial_objectstorage.py
[2026-06-28T12:15:25.757+0000] {processor.py:830} INFO - Processing file /home/airflow/.local/lib/python3.12/site-packages/airflow/example_dags/tutorial_objectstorage.py for tasks to queue
[2026-06-28T12:15:25.765+0000] {logging_mixin.py:188} INFO - [2026-06-28T12:15:25.764+0000] {dagbag.py:545} INFO - Filling up the DagBag from /home/airflow/.local/lib/python3.12/site-packages/airflow/example_dags/tutorial_objectstorage.py
[2026-06-28T12:15:25.790+0000] {processor.py:840} INFO - DAG(s) 'tutorial_objectstorage' retrieved from /home/airflow/.local/lib/python3.12/site-packages/airflow/example_dags/tutorial_objectstorage.py
[2026-06-28T12:15:26.011+0000] {logging_mixin.py:188} INFO - [2026-06-28T12:15:26.011+0000] {dag.py:3096} INFO - Sync 1 DAGs
[2026-06-28T12:15:26.106+0000] {logging_mixin.py:188} INFO - [2026-06-28T12:15:26.105+0000] {dag.py:3954} INFO - Setting next_dagrun for tutorial_objectstorage to None, run_after=None
[2026-06-28T12:15:26.186+0000] {processor.py:183} INFO - Processing /home/airflow/.local/lib/python3.12/site-packages/airflow/example_dags/tutorial_objectstorage.py took 0.452 seconds
[2026-06-28T12:15:56.799+0000] {processor.py:161} INFO - Started process (PID=590) to work on /home/airflow/.local/lib/python3.12/site-packages/airflow/example_dags/tutorial_objectstorage.py
[2026-06-28T12:15:56.800+0000] {processor.py:830} INFO - Processing file /home/airflow/.local/lib/python3.12/site-packages/airflow/example_dags/tutorial_objectstorage.py for tasks to queue
[2026-06-28T12:15:56.802+0000] {logging_mixin.py:188} INFO - [2026-06-28T12:15:56.802+0000] {dagbag.py:545} INFO - Filling up the DagBag from /home/airflow/.local/lib/python3.12/site-packages/airflow/example_dags/tutorial_objectstorage.py
[2026-06-28T12:15:56.817+0000] {processor.py:840} INFO - DAG(s) 'tutorial_objectstorage' retrieved from /home/airflow/.local/lib/python3.12/site-packages/airflow/example_dags/tutorial_objectstorage.py
[2026-06-28T12:15:56.868+0000] {logging_mixin.py:188} INFO - [2026-06-28T12:15:56.867+0000] {dag.py:3096} INFO - Sync 1 DAGs
[2026-06-28T12:15:56.894+0000] {logging_mixin.py:188} INFO - [2026-06-28T12:15:56.894+0000] {dag.py:3954} INFO - Setting next_dagrun for tutorial_objectstorage to None, run_after=None
[2026-06-28T12:15:56.916+0000] {processor.py:183} INFO - Processing /home/airflow/.local/lib/python3.12/site-packages/airflow/example_dags/tutorial_objectstorage.py took 0.124 seconds
[2026-06-28T12:16:27.688+0000] {processor.py:161} INFO - Started process (PID=649) to work on /home/airflow/.local/lib/python3.12/site-packages/airflow/example_dags/tutorial_objectstorage.py
[2026-06-28T12:16:27.697+0000] {processor.py:830} INFO - Processing file /home/airflow/.local/lib/python3.12/site-packages/airflow/example_dags/tutorial_objectstorage.py for tasks to queue
[2026-06-28T12:16:27.724+0000] {logging_mixin.py:188} INFO - [2026-06-28T12:16:27.720+0000] {dagbag.py:545} INFO - Filling up the DagBag from /home/airflow/.local/lib/python3.12/site-packages/airflow/example_dags/tutorial_objectstorage.py
[2026-06-28T12:16:27.761+0000] {processor.py:840} INFO - DAG(s) 'tutorial_objectstorage' retrieved from /home/airflow/.local/lib/python3.12/site-packages/airflow/example_dags/tutorial_objectstorage.py
[2026-06-28T12:16:27.878+0000] {logging_mixin.py:188} INFO - [2026-06-28T12:16:27.877+0000] {dag.py:3096} INFO - Sync 1 DAGs
[2026-06-28T12:16:28.013+0000] {logging_mixin.py:188} INFO - [2026-06-28T12:16:28.009+0000] {dag.py:3954} INFO - Setting next_dagrun for tutorial_objectstorage to None, run_after=None
[2026-06-28T12:16:28.106+0000] {processor.py:183} INFO - Processing /home/airflow/.local/lib/python3.12/site-packages/airflow/example_dags/tutorial_objectstorage.py took 0.467 seconds
[2026-06-28T12:16:58.273+0000] {processor.py:161} INFO - Started process (PID=708) to work on /home/airflow/.local/lib/python3.12/site-packages/airflow/example_dags/tutorial_objectstorage.py
[2026-06-28T12:16:58.276+0000] {processor.py:830} INFO - Processing file /home/airflow/.local/lib/python3.12/site-packages/airflow/example_dags/tutorial_objectstorage.py for tasks to queue
[2026-06-28T12:16:58.280+0000] {logging_mixin.py:188} INFO - [2026-06-28T12:16:58.280+0000] {dagbag.py:545} INFO - Filling up the DagBag from /home/airflow/.local/lib/python3.12/site-packages/airflow/example_dags/tutorial_objectstorage.py
[2026-06-28T12:16:58.293+0000] {processor.py:840} INFO - DAG(s) 'tutorial_objectstorage' retrieved from /home/airflow/.local/lib/python3.12/site-packages/airflow/example_dags/tutorial_objectstorage.py
[2026-06-28T12:16:58.331+0000] {logging_mixin.py:188} INFO - [2026-06-28T12:16:58.331+0000] {dag.py:3096} INFO - Sync 1 DAGs
[2026-06-28T12:16:58.348+0000] {logging_mixin.py:188} INFO - [2026-06-28T12:16:58.348+0000] {dag.py:3954} INFO - Setting next_dagrun for tutorial_objectstorage to None, run_after=None
[2026-06-28T12:16:58.375+0000] {processor.py:183} INFO - Processing /home/airflow/.local/lib/python3.12/site-packages/airflow/example_dags/tutorial_objectstorage.py took 0.109 seconds
[2026-06-28T12:17:28.518+0000] {processor.py:161} INFO - Started process (PID=767) to work on /home/airflow/.local/lib/python3.12/site-packages/airflow/example_dags/tutorial_objectstorage.py
[2026-06-28T12:17:28.519+0000] {processor.py:830} INFO - Processing file /home/airflow/.local/lib/python3.12/site-packages/airflow/example_dags/tutorial_objectstorage.py for tasks to queue
[2026-06-28T12:17:28.521+0000] {logging_mixin.py:188} INFO - [2026-06-28T12:17:28.521+0000] {dagbag.py:545} INFO - Filling up the DagBag from /home/airflow/.local/lib/python3.12/site-packages/airflow/example_dags/tutorial_objectstorage.py
[2026-06-28T12:17:28.530+0000] {processor.py:840} INFO - DAG(s) 'tutorial_objectstorage' retrieved from /home/airflow/.local/lib/python3.12/site-packages/airflow/example_dags/tutorial_objectstorage.py
[2026-06-28T12:17:28.559+0000] {logging_mixin.py:188} INFO - [2026-06-28T12:17:28.559+0000] {dag.py:3096} INFO - Sync 1 DAGs
[2026-06-28T12:17:28.577+0000] {logging_mixin.py:188} INFO - [2026-06-28T12:17:28.577+0000] {dag.py:3954} INFO - Setting next_dagrun for tutorial_objectstorage to None, run_after=None
[2026-06-28T12:17:28.602+0000] {processor.py:183} INFO - Processing /home/airflow/.local/lib/python3.12/site-packages/airflow/example_dags/tutorial_objectstorage.py took 0.091 seconds
[2026-06-28T12:17:58.687+0000] {processor.py:161} INFO - Started process (PID=827) to work on /home/airflow/.local/lib/python3.12/site-packages/airflow/example_dags/tutorial_objectstorage.py
[2026-06-28T12:17:58.689+0000] {processor.py:830} INFO - Processing file /home/airflow/.local/lib/python3.12/site-packages/airflow/example_dags/tutorial_objectstorage.py for tasks to queue
[2026-06-28T12:17:58.693+0000] {logging_mixin.py:188} INFO - [2026-06-28T12:17:58.693+0000] {dagbag.py:545} INFO - Filling up the DagBag from /home/airflow/.local/lib/python3.12/site-packages/airflow/example_dags/tutorial_objectstorage.py
[2026-06-28T12:17:58.706+0000] {processor.py:840} INFO - DAG(s) 'tutorial_objectstorage' retrieved from /home/airflow/.local/lib/python3.12/site-packages/airflow/example_dags/tutorial_objectstorage.py
[2026-06-28T12:17:58.729+0000] {logging_mixin.py:188} INFO - [2026-06-28T12:17:58.729+0000] {dag.py:3096} INFO - Sync 1 DAGs
[2026-06-28T12:17:58.746+0000] {logging_mixin.py:188} INFO - [2026-06-28T12:17:58.746+0000] {dag.py:3954} INFO - Setting next_dagrun for tutorial_objectstorage to None, run_after=None
[2026-06-28T12:17:58.769+0000] {processor.py:183} INFO - Processing /home/airflow/.local/lib/python3.12/site-packages/airflow/example_dags/tutorial_objectstorage.py took 0.089 seconds
[2026-06-28T12:18:29.690+0000] {processor.py:161} INFO - Started process (PID=886) to work on /home/airflow/.local/lib/python3.12/site-packages/airflow/example_dags/tutorial_objectstorage.py
[2026-06-28T12:18:29.691+0000] {processor.py:830} INFO - Processing file /home/airflow/.local/lib/python3.12/site-packages/airflow/example_dags/tutorial_objectstorage.py for tasks to queue
[2026-06-28T12:18:29.693+0000] {logging_mixin.py:188} INFO - [2026-06-28T12:18:29.693+0000] {dagbag.py:545} INFO - Filling up the DagBag from /home/airflow/.local/lib/python3.12/site-packages/airflow/example_dags/tutorial_objectstorage.py
[2026-06-28T12:18:29.702+0000] {processor.py:840} INFO - DAG(s) 'tutorial_objectstorage' retrieved from /home/airflow/.local/lib/python3.12/site-packages/airflow/example_dags/tutorial_objectstorage.py
[2026-06-28T12:18:29.726+0000] {logging_mixin.py:188} INFO - [2026-06-28T12:18:29.726+0000] {dag.py:3096} INFO - Sync 1 DAGs
[2026-06-28T12:18:29.744+0000] {logging_mixin.py:188} INFO - [2026-06-28T12:18:29.744+0000] {dag.py:3954} INFO - Setting next_dagrun for tutorial_objectstorage to None, run_after=None
[2026-06-28T12:18:29.766+0000] {processor.py:183} INFO - Processing /home/airflow/.local/lib/python3.12/site-packages/airflow/example_dags/tutorial_objectstorage.py took 0.083 seconds
[2026-06-28T12:19:00.346+0000] {processor.py:161} INFO - Started process (PID=951) to work on /home/airflow/.local/lib/python3.12/site-packages/airflow/example_dags/tutorial_objectstorage.py
[2026-06-28T12:19:00.347+0000] {processor.py:830} INFO - Processing file /home/airflow/.local/lib/python3.12/site-packages/airflow/example_dags/tutorial_objectstorage.py for tasks to queue
[2026-06-28T12:19:00.349+0000] {logging_mixin.py:188} INFO - [2026-06-28T12:19:00.349+0000] {dagbag.py:545} INFO - Filling up the DagBag from /home/airflow/.local/lib/python3.12/site-packages/airflow/example_dags/tutorial_objectstorage.py
[2026-06-28T12:19:00.358+0000] {processor.py:840} INFO - DAG(s) 'tutorial_objectstorage' retrieved from /home/airflow/.local/lib/python3.12/site-packages/airflow/example_dags/tutorial_objectstorage.py
[2026-06-28T12:19:00.390+0000] {logging_mixin.py:188} INFO - [2026-06-28T12:19:00.389+0000] {dag.py:3096} INFO - Sync 1 DAGs
[2026-06-28T12:19:00.414+0000] {logging_mixin.py:188} INFO - [2026-06-28T12:19:00.411+0000] {dag.py:3954} INFO - Setting next_dagrun for tutorial_objectstorage to None, run_after=None
[2026-06-28T12:19:00.451+0000] {processor.py:183} INFO - Processing /home/airflow/.local/lib/python3.12/site-packages/airflow/example_dags/tutorial_objectstorage.py took 0.119 seconds
[2026-06-28T12:19:30.663+0000] {processor.py:161} INFO - Started process (PID=1010) to work on /home/airflow/.local/lib/python3.12/site-packages/airflow/example_dags/tutorial_objectstorage.py
[2026-06-28T12:19:30.664+0000] {processor.py:830} INFO - Processing file /home/airflow/.local/lib/python3.12/site-packages/airflow/example_dags/tutorial_objectstorage.py for tasks to queue
[2026-06-28T12:19:30.666+0000] {logging_mixin.py:188} INFO - [2026-06-28T12:19:30.666+0000] {dagbag.py:545} INFO - Filling up the DagBag from /home/airflow/.local/lib/python3.12/site-packages/airflow/example_dags/tutorial_objectstorage.py
[2026-06-28T12:19:30.675+0000] {processor.py:840} INFO - DAG(s) 'tutorial_objectstorage' retrieved from /home/airflow/.local/lib/python3.12/site-packages/airflow/example_dags/tutorial_objectstorage.py
[2026-06-28T12:19:30.705+0000] {logging_mixin.py:188} INFO - [2026-06-28T12:19:30.705+0000] {dag.py:3096} INFO - Sync 1 DAGs
[2026-06-28T12:19:30.723+0000] {logging_mixin.py:188} INFO - [2026-06-28T12:19:30.723+0000] {dag.py:3954} INFO - Setting next_dagrun for tutorial_objectstorage to None, run_after=None
[2026-06-28T12:19:30.752+0000] {processor.py:183} INFO - Processing /home/airflow/.local/lib/python3.12/site-packages/airflow/example_dags/tutorial_objectstorage.py took 0.101 seconds
[2026-06-28T12:20:00.896+0000] {processor.py:161} INFO - Started process (PID=1069) to work on /home/airflow/.local/lib/python3.12/site-packages/airflow/example_dags/tutorial_objectstorage.py
[2026-06-28T12:20:00.897+0000] {processor.py:830} INFO - Processing file /home/airflow/.local/lib/python3.12/site-packages/airflow/example_dags/tutorial_objectstorage.py for tasks to queue
[2026-06-28T12:20:00.898+0000] {logging_mixin.py:188} INFO - [2026-06-28T12:20:00.898+0000] {dagbag.py:545} INFO - Filling up the DagBag from /home/airflow/.local/lib/python3.12/site-packages/airflow/example_dags/tutorial_objectstorage.py
[2026-06-28T12:20:00.905+0000] {processor.py:840} INFO - DAG(s) 'tutorial_objectstorage' retrieved from /home/airflow/.local/lib/python3.12/site-packages/airflow/example_dags/tutorial_objectstorage.py
[2026-06-28T12:20:00.923+0000] {logging_mixin.py:188} INFO - [2026-06-28T12:20:00.923+0000] {dag.py:3096} INFO - Sync 1 DAGs
[2026-06-28T12:20:00.935+0000] {logging_mixin.py:188} INFO - [2026-06-28T12:20:00.935+0000] {dag.py:3954} INFO - Setting next_dagrun for tutorial_objectstorage to None, run_after=None
[2026-06-28T12:20:00.952+0000] {processor.py:183} INFO - Processing /home/airflow/.local/lib/python3.12/site-packages/airflow/example_dags/tutorial_objectstorage.py took 0.062 seconds
[2026-06-28T12:20:31.077+0000] {processor.py:161} INFO - Started process (PID=1127) to work on /home/airflow/.local/lib/python3.12/site-packages/airflow/example_dags/tutorial_objectstorage.py
[2026-06-28T12:20:31.077+0000] {processor.py:830} INFO - Processing file /home/airflow/.local/lib/python3.12/site-packages/airflow/example_dags/tutorial_objectstorage.py for tasks to queue
[2026-06-28T12:20:31.079+0000] {logging_mixin.py:188} INFO - [2026-06-28T12:20:31.079+0000] {dagbag.py:545} INFO - Filling up the DagBag from /home/airflow/.local/lib/python3.12/site-packages/airflow/example_dags/tutorial_objectstorage.py
[2026-06-28T12:20:31.086+0000] {processor.py:840} INFO - DAG(s) 'tutorial_objectstorage' retrieved from /home/airflow/.local/lib/python3.12/site-packages/airflow/example_dags/tutorial_objectstorage.py
[2026-06-28T12:20:31.107+0000] {logging_mixin.py:188} INFO - [2026-06-28T12:20:31.106+0000] {dag.py:3096} INFO - Sync 1 DAGs
[2026-06-28T12:20:31.120+0000] {logging_mixin.py:188} INFO - [2026-06-28T12:20:31.119+0000] {dag.py:3954} INFO - Setting next_dagrun for tutorial_objectstorage to None, run_after=None
[2026-06-28T12:20:31.139+0000] {processor.py:183} INFO - Processing /home/airflow/.local/lib/python3.12/site-packages/airflow/example_dags/tutorial_objectstorage.py took 0.068 seconds
[2026-06-28T12:21:01.348+0000] {processor.py:161} INFO - Started process (PID=1186) to work on /home/airflow/.local/lib/python3.12/site-packages/airflow/example_dags/tutorial_objectstorage.py
[2026-06-28T12:21:01.349+0000] {processor.py:830} INFO - Processing file /home/airflow/.local/lib/python3.12/site-packages/airflow/example_dags/tutorial_objectstorage.py for tasks to queue
[2026-06-28T12:21:01.352+0000] {logging_mixin.py:188} INFO - [2026-06-28T12:21:01.351+0000] {dagbag.py:545} INFO - Filling up the DagBag from /home/airflow/.local/lib/python3.12/site-packages/airflow/example_dags/tutorial_objectstorage.py
[2026-06-28T12:21:01.361+0000] {processor.py:840} INFO - DAG(s) 'tutorial_objectstorage' retrieved from /home/airflow/.local/lib/python3.12/site-packages/airflow/example_dags/tutorial_objectstorage.py
[2026-06-28T12:21:01.387+0000] {logging_mixin.py:188} INFO - [2026-06-28T12:21:01.387+0000] {dag.py:3096} INFO - Sync 1 DAGs
[2026-06-28T12:21:01.405+0000] {logging_mixin.py:188} INFO - [2026-06-28T12:21:01.405+0000] {dag.py:3954} INFO - Setting next_dagrun for tutorial_objectstorage to None, run_after=None
[2026-06-28T12:21:01.427+0000] {processor.py:183} INFO - Processing /home/airflow/.local/lib/python3.12/site-packages/airflow/example_dags/tutorial_objectstorage.py took 0.087 seconds
[2026-06-28T12:21:31.746+0000] {processor.py:161} INFO - Started process (PID=1245) to work on /home/airflow/.local/lib/python3.12/site-packages/airflow/example_dags/tutorial_objectstorage.py
[2026-06-28T12:21:31.747+0000] {processor.py:830} INFO - Processing file /home/airflow/.local/lib/python3.12/site-packages/airflow/example_dags/tutorial_objectstorage.py for tasks to queue
[2026-06-28T12:21:31.749+0000] {logging_mixin.py:188} INFO - [2026-06-28T12:21:31.748+0000] {dagbag.py:545} INFO - Filling up the DagBag from /home/airflow/.local/lib/python3.12/site-packages/airflow/example_dags/tutorial_objectstorage.py
[2026-06-28T12:21:31.758+0000] {processor.py:840} INFO - DAG(s) 'tutorial_objectstorage' retrieved from /home/airflow/.local/lib/python3.12/site-packages/airflow/example_dags/tutorial_objectstorage.py
[2026-06-28T12:21:31.785+0000] {logging_mixin.py:188} INFO - [2026-06-28T12:21:31.785+0000] {dag.py:3096} INFO - Sync 1 DAGs
[2026-06-28T12:21:31.808+0000] {logging_mixin.py:188} INFO - [2026-06-28T12:21:31.808+0000] {dag.py:3954} INFO - Setting next_dagrun for tutorial_objectstorage to None, run_after=None
[2026-06-28T12:21:31.831+0000] {processor.py:183} INFO - Processing /home/airflow/.local/lib/python3.12/site-packages/airflow/example_dags/tutorial_objectstorage.py took 0.092 seconds
[2026-06-28T12:22:02.178+0000] {processor.py:161} INFO - Started process (PID=1302) to work on /home/airflow/.local/lib/python3.12/site-packages/airflow/example_dags/tutorial_objectstorage.py
[2026-06-28T12:22:02.180+0000] {processor.py:830} INFO - Processing file /home/airflow/.local/lib/python3.12/site-packages/airflow/example_dags/tutorial_objectstorage.py for tasks to queue
[2026-06-28T12:22:02.182+0000] {logging_mixin.py:188} INFO - [2026-06-28T12:22:02.181+0000] {dagbag.py:545} INFO - Filling up the DagBag from /home/airflow/.local/lib/python3.12/site-packages/airflow/example_dags/tutorial_objectstorage.py
[2026-06-28T12:22:02.194+0000] {processor.py:840} INFO - DAG(s) 'tutorial_objectstorage' retrieved from /home/airflow/.local/lib/python3.12/site-packages/airflow/example_dags/tutorial_objectstorage.py
[2026-06-28T12:22:02.219+0000] {logging_mixin.py:188} INFO - [2026-06-28T12:22:02.219+0000] {dag.py:3096} INFO - Sync 1 DAGs
[2026-06-28T12:22:02.242+0000] {logging_mixin.py:188} INFO - [2026-06-28T12:22:02.242+0000] {dag.py:3954} INFO - Setting next_dagrun for tutorial_objectstorage to None, run_after=None
[2026-06-28T12:22:02.264+0000] {processor.py:183} INFO - Processing /home/airflow/.local/lib/python3.12/site-packages/airflow/example_dags/tutorial_objectstorage.py took 0.092 seconds
[2026-06-28T12:22:32.398+0000] {processor.py:161} INFO - Started process (PID=1361) to work on /home/airflow/.local/lib/python3.12/site-packages/airflow/example_dags/tutorial_objectstorage.py
[2026-06-28T12:22:32.399+0000] {processor.py:830} INFO - Processing file /home/airflow/.local/lib/python3.12/site-packages/airflow/example_dags/tutorial_objectstorage.py for tasks to queue
[2026-06-28T12:22:32.401+0000] {logging_mixin.py:188} INFO - [2026-06-28T12:22:32.400+0000] {dagbag.py:545} INFO - Filling up the DagBag from /home/airflow/.local/lib/python3.12/site-packages/airflow/example_dags/tutorial_objectstorage.py
[2026-06-28T12:22:32.410+0000] {processor.py:840} INFO - DAG(s) 'tutorial_objectstorage' retrieved from /home/airflow/.local/lib/python3.12/site-packages/airflow/example_dags/tutorial_objectstorage.py
[2026-06-28T12:22:32.434+0000] {logging_mixin.py:188} INFO - [2026-06-28T12:22:32.434+0000] {dag.py:3096} INFO - Sync 1 DAGs
[2026-06-28T12:22:32.454+0000] {logging_mixin.py:188} INFO - [2026-06-28T12:22:32.454+0000] {dag.py:3954} INFO - Setting next_dagrun for tutorial_objectstorage to None, run_after=None
[2026-06-28T12:22:32.477+0000] {processor.py:183} INFO - Processing /home/airflow/.local/lib/python3.12/site-packages/airflow/example_dags/tutorial_objectstorage.py took 0.086 seconds
[2026-06-28T12:23:02.641+0000] {processor.py:161} INFO - Started process (PID=1419) to work on /home/airflow/.local/lib/python3.12/site-packages/airflow/example_dags/tutorial_objectstorage.py
[2026-06-28T12:23:02.642+0000] {processor.py:830} INFO - Processing file /home/airflow/.local/lib/python3.12/site-packages/airflow/example_dags/tutorial_objectstorage.py for tasks to queue
[2026-06-28T12:23:02.644+0000] {logging_mixin.py:188} INFO - [2026-06-28T12:23:02.644+0000] {dagbag.py:545} INFO - Filling up the DagBag from /home/airflow/.local/lib/python3.12/site-packages/airflow/example_dags/tutorial_objectstorage.py
[2026-06-28T12:23:02.653+0000] {processor.py:840} INFO - DAG(s) 'tutorial_objectstorage' retrieved from /home/airflow/.local/lib/python3.12/site-packages/airflow/example_dags/tutorial_objectstorage.py
[2026-06-28T12:23:02.678+0000] {logging_mixin.py:188} INFO - [2026-06-28T12:23:02.678+0000] {dag.py:3096} INFO - Sync 1 DAGs
[2026-06-28T12:23:02.696+0000] {logging_mixin.py:188} INFO - [2026-06-28T12:23:02.696+0000] {dag.py:3954} INFO - Setting next_dagrun for tutorial_objectstorage to None, run_after=None
[2026-06-28T12:23:02.718+0000] {processor.py:183} INFO - Processing /home/airflow/.local/lib/python3.12/site-packages/airflow/example_dags/tutorial_objectstorage.py took 0.084 seconds
[2026-06-28T12:23:33.475+0000] {processor.py:161} INFO - Started process (PID=1478) to work on /home/airflow/.local/lib/python3.12/site-packages/airflow/example_dags/tutorial_objectstorage.py
[2026-06-28T12:23:33.477+0000] {processor.py:830} INFO - Processing file /home/airflow/.local/lib/python3.12/site-packages/airflow/example_dags/tutorial_objectstorage.py for tasks to queue
[2026-06-28T12:23:33.480+0000] {logging_mixin.py:188} INFO - [2026-06-28T12:23:33.479+0000] {dagbag.py:545} INFO - Filling up the DagBag from /home/airflow/.local/lib/python3.12/site-packages/airflow/example_dags/tutorial_objectstorage.py
[2026-06-28T12:23:33.503+0000] {processor.py:840} INFO - DAG(s) 'tutorial_objectstorage' retrieved from /home/airflow/.local/lib/python3.12/site-packages/airflow/example_dags/tutorial_objectstorage.py
[2026-06-28T12:23:33.600+0000] {logging_mixin.py:188} INFO - [2026-06-28T12:23:33.599+0000] {dag.py:3096} INFO - Sync 1 DAGs
[2026-06-28T12:23:33.680+0000] {logging_mixin.py:188} INFO - [2026-06-28T12:23:33.677+0000] {dag.py:3954} INFO - Setting next_dagrun for tutorial_objectstorage to None, run_after=None
[2026-06-28T12:23:33.767+0000] {processor.py:183} INFO - Processing /home/airflow/.local/lib/python3.12/site-packages/airflow/example_dags/tutorial_objectstorage.py took 0.307 seconds
[2026-06-28T12:24:04.677+0000] {processor.py:161} INFO - Started process (PID=1536) to work on /home/airflow/.local/lib/python3.12/site-packages/airflow/example_dags/tutorial_objectstorage.py
[2026-06-28T12:24:04.678+0000] {processor.py:830} INFO - Processing file /home/airflow/.local/lib/python3.12/site-packages/airflow/example_dags/tutorial_objectstorage.py for tasks to queue
[2026-06-28T12:24:04.681+0000] {logging_mixin.py:188} INFO - [2026-06-28T12:24:04.680+0000] {dagbag.py:545} INFO - Filling up the DagBag from /home/airflow/.local/lib/python3.12/site-packages/airflow/example_dags/tutorial_objectstorage.py
[2026-06-28T12:24:04.689+0000] {processor.py:840} INFO - DAG(s) 'tutorial_objectstorage' retrieved from /home/airflow/.local/lib/python3.12/site-packages/airflow/example_dags/tutorial_objectstorage.py
[2026-06-28T12:24:04.713+0000] {logging_mixin.py:188} INFO - [2026-06-28T12:24:04.713+0000] {dag.py:3096} INFO - Sync 1 DAGs
[2026-06-28T12:24:04.730+0000] {logging_mixin.py:188} INFO - [2026-06-28T12:24:04.729+0000] {dag.py:3954} INFO - Setting next_dagrun for tutorial_objectstorage to None, run_after=None
[2026-06-28T12:24:04.751+0000] {processor.py:183} INFO - Processing /home/airflow/.local/lib/python3.12/site-packages/airflow/example_dags/tutorial_objectstorage.py took 0.088 seconds
[2026-06-28T12:24:34.895+0000] {processor.py:161} INFO - Started process (PID=1595) to work on /home/airflow/.local/lib/python3.12/site-packages/airflow/example_dags/tutorial_objectstorage.py
[2026-06-28T12:24:34.898+0000] {processor.py:830} INFO - Processing file /home/airflow/.local/lib/python3.12/site-packages/airflow/example_dags/tutorial_objectstorage.py for tasks to queue
[2026-06-28T12:24:34.908+0000] {logging_mixin.py:188} INFO - [2026-06-28T12:24:34.907+0000] {dagbag.py:545} INFO - Filling up the DagBag from /home/airflow/.local/lib/python3.12/site-packages/airflow/example_dags/tutorial_objectstorage.py
[2026-06-28T12:24:34.928+0000] {processor.py:840} INFO - DAG(s) 'tutorial_objectstorage' retrieved from /home/airflow/.local/lib/python3.12/site-packages/airflow/example_dags/tutorial_objectstorage.py
[2026-06-28T12:24:35.028+0000] {logging_mixin.py:188} INFO - [2026-06-28T12:24:35.027+0000] {dag.py:3096} INFO - Sync 1 DAGs
[2026-06-28T12:24:35.085+0000] {logging_mixin.py:188} INFO - [2026-06-28T12:24:35.083+0000] {dag.py:3954} INFO - Setting next_dagrun for tutorial_objectstorage to None, run_after=None
[2026-06-28T12:24:35.157+0000] {processor.py:183} INFO - Processing /home/airflow/.local/lib/python3.12/site-packages/airflow/example_dags/tutorial_objectstorage.py took 0.282 seconds
[2026-06-28T12:25:05.742+0000] {processor.py:161} INFO - Started process (PID=1654) to work on /home/airflow/.local/lib/python3.12/site-packages/airflow/example_dags/tutorial_objectstorage.py
[2026-06-28T12:25:05.744+0000] {processor.py:830} INFO - Processing file /home/airflow/.local/lib/python3.12/site-packages/airflow/example_dags/tutorial_objectstorage.py for tasks to queue
[2026-06-28T12:25:05.746+0000] {logging_mixin.py:188} INFO - [2026-06-28T12:25:05.746+0000] {dagbag.py:545} INFO - Filling up the DagBag from /home/airflow/.local/lib/python3.12/site-packages/airflow/example_dags/tutorial_objectstorage.py
[2026-06-28T12:25:05.755+0000] {processor.py:840} INFO - DAG(s) 'tutorial_objectstorage' retrieved from /home/airflow/.local/lib/python3.12/site-packages/airflow/example_dags/tutorial_objectstorage.py
[2026-06-28T12:25:05.788+0000] {logging_mixin.py:188} INFO - [2026-06-28T12:25:05.788+0000] {dag.py:3096} INFO - Sync 1 DAGs
[2026-06-28T12:25:05.822+0000] {logging_mixin.py:188} INFO - [2026-06-28T12:25:05.822+0000] {dag.py:3954} INFO - Setting next_dagrun for tutorial_objectstorage to None, run_after=None
[2026-06-28T12:25:05.859+0000] {processor.py:183} INFO - Processing /home/airflow/.local/lib/python3.12/site-packages/airflow/example_dags/tutorial_objectstorage.py took 0.132 seconds
[2026-06-28T12:25:36.002+0000] {processor.py:161} INFO - Started process (PID=1713) to work on /home/airflow/.local/lib/python3.12/site-packages/airflow/example_dags/tutorial_objectstorage.py
[2026-06-28T12:25:36.003+0000] {processor.py:830} INFO - Processing file /home/airflow/.local/lib/python3.12/site-packages/airflow/example_dags/tutorial_objectstorage.py for tasks to queue
[2026-06-28T12:25:36.005+0000] {logging_mixin.py:188} INFO - [2026-06-28T12:25:36.005+0000] {dagbag.py:545} INFO - Filling up the DagBag from /home/airflow/.local/lib/python3.12/site-packages/airflow/example_dags/tutorial_objectstorage.py
[2026-06-28T12:25:36.013+0000] {processor.py:840} INFO - DAG(s) 'tutorial_objectstorage' retrieved from /home/airflow/.local/lib/python3.12/site-packages/airflow/example_dags/tutorial_objectstorage.py
[2026-06-28T12:25:36.038+0000] {logging_mixin.py:188} INFO - [2026-06-28T12:25:36.038+0000] {dag.py:3096} INFO - Sync 1 DAGs
[2026-06-28T12:25:36.056+0000] {logging_mixin.py:188} INFO - [2026-06-28T12:25:36.056+0000] {dag.py:3954} INFO - Setting next_dagrun for tutorial_objectstorage to None, run_after=None
[2026-06-28T12:25:36.090+0000] {processor.py:183} INFO - Processing /home/airflow/.local/lib/python3.12/site-packages/airflow/example_dags/tutorial_objectstorage.py took 0.094 seconds
[2026-06-28T12:26:06.598+0000] {processor.py:161} INFO - Started process (PID=1772) to work on /home/airflow/.local/lib/python3.12/site-packages/airflow/example_dags/tutorial_objectstorage.py
[2026-06-28T12:26:06.598+0000] {processor.py:830} INFO - Processing file /home/airflow/.local/lib/python3.12/site-packages/airflow/example_dags/tutorial_objectstorage.py for tasks to queue
[2026-06-28T12:26:06.601+0000] {logging_mixin.py:188} INFO - [2026-06-28T12:26:06.600+0000] {dagbag.py:545} INFO - Filling up the DagBag from /home/airflow/.local/lib/python3.12/site-packages/airflow/example_dags/tutorial_objectstorage.py
[2026-06-28T12:26:06.609+0000] {processor.py:840} INFO - DAG(s) 'tutorial_objectstorage' retrieved from /home/airflow/.local/lib/python3.12/site-packages/airflow/example_dags/tutorial_objectstorage.py
[2026-06-28T12:26:06.634+0000] {logging_mixin.py:188} INFO - [2026-06-28T12:26:06.634+0000] {dag.py:3096} INFO - Sync 1 DAGs
[2026-06-28T12:26:06.653+0000] {logging_mixin.py:188} INFO - [2026-06-28T12:26:06.652+0000] {dag.py:3954} INFO - Setting next_dagrun for tutorial_objectstorage to None, run_after=None
[2026-06-28T12:26:06.673+0000] {processor.py:183} INFO - Processing /home/airflow/.local/lib/python3.12/site-packages/airflow/example_dags/tutorial_objectstorage.py took 0.082 seconds
[2026-06-28T12:26:36.937+0000] {processor.py:161} INFO - Started process (PID=1832) to work on /home/airflow/.local/lib/python3.12/site-packages/airflow/example_dags/tutorial_objectstorage.py
[2026-06-28T12:26:36.938+0000] {processor.py:830} INFO - Processing file /home/airflow/.local/lib/python3.12/site-packages/airflow/example_dags/tutorial_objectstorage.py for tasks to queue
[2026-06-28T12:26:36.940+0000] {logging_mixin.py:188} INFO - [2026-06-28T12:26:36.940+0000] {dagbag.py:545} INFO - Filling up the DagBag from /home/airflow/.local/lib/python3.12/site-packages/airflow/example_dags/tutorial_objectstorage.py
[2026-06-28T12:26:36.949+0000] {processor.py:840} INFO - DAG(s) 'tutorial_objectstorage' retrieved from /home/airflow/.local/lib/python3.12/site-packages/airflow/example_dags/tutorial_objectstorage.py
[2026-06-28T12:26:36.974+0000] {logging_mixin.py:188} INFO - [2026-06-28T12:26:36.974+0000] {dag.py:3096} INFO - Sync 1 DAGs
[2026-06-28T12:26:37.229+0000] {logging_mixin.py:188} INFO - [2026-06-28T12:26:37.229+0000] {dag.py:3954} INFO - Setting next_dagrun for tutorial_objectstorage to None, run_after=None
[2026-06-28T12:26:37.278+0000] {processor.py:183} INFO - Processing /home/airflow/.local/lib/python3.12/site-packages/airflow/example_dags/tutorial_objectstorage.py took 0.347 seconds
[2026-06-28T12:27:08.106+0000] {processor.py:161} INFO - Started process (PID=1891) to work on /home/airflow/.local/lib/python3.12/site-packages/airflow/example_dags/tutorial_objectstorage.py
[2026-06-28T12:27:08.108+0000] {processor.py:830} INFO - Processing file /home/airflow/.local/lib/python3.12/site-packages/airflow/example_dags/tutorial_objectstorage.py for tasks to queue
[2026-06-28T12:27:08.110+0000] {logging_mixin.py:188} INFO - [2026-06-28T12:27:08.110+0000] {dagbag.py:545} INFO - Filling up the DagBag from /home/airflow/.local/lib/python3.12/site-packages/airflow/example_dags/tutorial_objectstorage.py
[2026-06-28T12:27:08.120+0000] {processor.py:840} INFO - DAG(s) 'tutorial_objectstorage' retrieved from /home/airflow/.local/lib/python3.12/site-packages/airflow/example_dags/tutorial_objectstorage.py
[2026-06-28T12:27:08.144+0000] {logging_mixin.py:188} INFO - [2026-06-28T12:27:08.144+0000] {dag.py:3096} INFO - Sync 1 DAGs
[2026-06-28T12:27:08.162+0000] {logging_mixin.py:188} INFO - [2026-06-28T12:27:08.161+0000] {dag.py:3954} INFO - Setting next_dagrun for tutorial_objectstorage to None, run_after=None
[2026-06-28T12:27:08.352+0000] {processor.py:183} INFO - Processing /home/airflow/.local/lib/python3.12/site-packages/airflow/example_dags/tutorial_objectstorage.py took 0.252 seconds
[2026-06-28T12:27:38.440+0000] {processor.py:161} INFO - Started process (PID=1951) to work on /home/airflow/.local/lib/python3.12/site-packages/airflow/example_dags/tutorial_objectstorage.py
[2026-06-28T12:27:38.441+0000] {processor.py:830} INFO - Processing file /home/airflow/.local/lib/python3.12/site-packages/airflow/example_dags/tutorial_objectstorage.py for tasks to queue
[2026-06-28T12:27:38.443+0000] {logging_mixin.py:188} INFO - [2026-06-28T12:27:38.442+0000] {dagbag.py:545} INFO - Filling up the DagBag from /home/airflow/.local/lib/python3.12/site-packages/airflow/example_dags/tutorial_objectstorage.py
[2026-06-28T12:27:38.451+0000] {processor.py:840} INFO - DAG(s) 'tutorial_objectstorage' retrieved from /home/airflow/.local/lib/python3.12/site-packages/airflow/example_dags/tutorial_objectstorage.py
[2026-06-28T12:27:38.476+0000] {logging_mixin.py:188} INFO - [2026-06-28T12:27:38.476+0000] {dag.py:3096} INFO - Sync 1 DAGs
[2026-06-28T12:27:38.499+0000] {logging_mixin.py:188} INFO - [2026-06-28T12:27:38.498+0000] {dag.py:3954} INFO - Setting next_dagrun for tutorial_objectstorage to None, run_after=None
[2026-06-28T12:27:38.520+0000] {processor.py:183} INFO - Processing /home/airflow/.local/lib/python3.12/site-packages/airflow/example_dags/tutorial_objectstorage.py took 0.087 seconds
[2026-06-28T12:28:09.147+0000] {processor.py:161} INFO - Started process (PID=2010) to work on /home/airflow/.local/lib/python3.12/site-packages/airflow/example_dags/tutorial_objectstorage.py
[2026-06-28T12:28:09.147+0000] {processor.py:830} INFO - Processing file /home/airflow/.local/lib/python3.12/site-packages/airflow/example_dags/tutorial_objectstorage.py for tasks to queue
[2026-06-28T12:28:09.150+0000] {logging_mixin.py:188} INFO - [2026-06-28T12:28:09.149+0000] {dagbag.py:545} INFO - Filling up the DagBag from /home/airflow/.local/lib/python3.12/site-packages/airflow/example_dags/tutorial_objectstorage.py
[2026-06-28T12:28:09.158+0000] {processor.py:840} INFO - DAG(s) 'tutorial_objectstorage' retrieved from /home/airflow/.local/lib/python3.12/site-packages/airflow/example_dags/tutorial_objectstorage.py
[2026-06-28T12:28:09.184+0000] {logging_mixin.py:188} INFO - [2026-06-28T12:28:09.183+0000] {dag.py:3096} INFO - Sync 1 DAGs
[2026-06-28T12:28:09.203+0000] {logging_mixin.py:188} INFO - [2026-06-28T12:28:09.202+0000] {dag.py:3954} INFO - Setting next_dagrun for tutorial_objectstorage to None, run_after=None
[2026-06-28T12:28:09.228+0000] {processor.py:183} INFO - Processing /home/airflow/.local/lib/python3.12/site-packages/airflow/example_dags/tutorial_objectstorage.py took 0.088 seconds
[2026-06-28T12:28:39.696+0000] {processor.py:161} INFO - Started process (PID=2069) to work on /home/airflow/.local/lib/python3.12/site-packages/airflow/example_dags/tutorial_objectstorage.py
[2026-06-28T12:28:39.697+0000] {processor.py:830} INFO - Processing file /home/airflow/.local/lib/python3.12/site-packages/airflow/example_dags/tutorial_objectstorage.py for tasks to queue
[2026-06-28T12:28:39.699+0000] {logging_mixin.py:188} INFO - [2026-06-28T12:28:39.699+0000] {dagbag.py:545} INFO - Filling up the DagBag from /home/airflow/.local/lib/python3.12/site-packages/airflow/example_dags/tutorial_objectstorage.py
[2026-06-28T12:28:39.708+0000] {processor.py:840} INFO - DAG(s) 'tutorial_objectstorage' retrieved from /home/airflow/.local/lib/python3.12/site-packages/airflow/example_dags/tutorial_objectstorage.py
[2026-06-28T12:28:39.733+0000] {logging_mixin.py:188} INFO - [2026-06-28T12:28:39.733+0000] {dag.py:3096} INFO - Sync 1 DAGs
[2026-06-28T12:28:39.750+0000] {logging_mixin.py:188} INFO - [2026-06-28T12:28:39.750+0000] {dag.py:3954} INFO - Setting next_dagrun for tutorial_objectstorage to None, run_after=None
[2026-06-28T12:28:39.771+0000] {processor.py:183} INFO - Processing /home/airflow/.local/lib/python3.12/site-packages/airflow/example_dags/tutorial_objectstorage.py took 0.082 seconds
[2026-06-28T12:29:10.267+0000] {processor.py:161} INFO - Started process (PID=2128) to work on /home/airflow/.local/lib/python3.12/site-packages/airflow/example_dags/tutorial_objectstorage.py
[2026-06-28T12:29:10.268+0000] {processor.py:830} INFO - Processing file /home/airflow/.local/lib/python3.12/site-packages/airflow/example_dags/tutorial_objectstorage.py for tasks to queue
[2026-06-28T12:29:10.273+0000] {logging_mixin.py:188} INFO - [2026-06-28T12:29:10.271+0000] {dagbag.py:545} INFO - Filling up the DagBag from /home/airflow/.local/lib/python3.12/site-packages/airflow/example_dags/tutorial_objectstorage.py
[2026-06-28T12:29:10.284+0000] {processor.py:840} INFO - DAG(s) 'tutorial_objectstorage' retrieved from /home/airflow/.local/lib/python3.12/site-packages/airflow/example_dags/tutorial_objectstorage.py
[2026-06-28T12:29:10.328+0000] {logging_mixin.py:188} INFO - [2026-06-28T12:29:10.328+0000] {dag.py:3096} INFO - Sync 1 DAGs
[2026-06-28T12:29:10.347+0000] {logging_mixin.py:188} INFO - [2026-06-28T12:29:10.346+0000] {dag.py:3954} INFO - Setting next_dagrun for tutorial_objectstorage to None, run_after=None
[2026-06-28T12:29:10.424+0000] {processor.py:183} INFO - Processing /home/airflow/.local/lib/python3.12/site-packages/airflow/example_dags/tutorial_objectstorage.py took 0.173 seconds
[2026-06-28T12:29:40.953+0000] {processor.py:161} INFO - Started process (PID=2187) to work on /home/airflow/.local/lib/python3.12/site-packages/airflow/example_dags/tutorial_objectstorage.py
[2026-06-28T12:29:40.953+0000] {processor.py:830} INFO - Processing file /home/airflow/.local/lib/python3.12/site-packages/airflow/example_dags/tutorial_objectstorage.py for tasks to queue
[2026-06-28T12:29:40.956+0000] {logging_mixin.py:188} INFO - [2026-06-28T12:29:40.955+0000] {dagbag.py:545} INFO - Filling up the DagBag from /home/airflow/.local/lib/python3.12/site-packages/airflow/example_dags/tutorial_objectstorage.py
[2026-06-28T12:29:40.965+0000] {processor.py:840} INFO - DAG(s) 'tutorial_objectstorage' retrieved from /home/airflow/.local/lib/python3.12/site-packages/airflow/example_dags/tutorial_objectstorage.py
[2026-06-28T12:29:40.994+0000] {logging_mixin.py:188} INFO - [2026-06-28T12:29:40.993+0000] {dag.py:3096} INFO - Sync 1 DAGs
[2026-06-28T12:29:41.014+0000] {logging_mixin.py:188} INFO - [2026-06-28T12:29:41.014+0000] {dag.py:3954} INFO - Setting next_dagrun for tutorial_objectstorage to None, run_after=None
[2026-06-28T12:29:41.041+0000] {processor.py:183} INFO - Processing /home/airflow/.local/lib/python3.12/site-packages/airflow/example_dags/tutorial_objectstorage.py took 0.095 seconds
[2026-06-28T12:30:11.526+0000] {processor.py:161} INFO - Started process (PID=2245) to work on /home/airflow/.local/lib/python3.12/site-packages/airflow/example_dags/tutorial_objectstorage.py
[2026-06-28T12:30:11.528+0000] {processor.py:830} INFO - Processing file /home/airflow/.local/lib/python3.12/site-packages/airflow/example_dags/tutorial_objectstorage.py for tasks to queue
[2026-06-28T12:30:11.535+0000] {logging_mixin.py:188} INFO - [2026-06-28T12:30:11.534+0000] {dagbag.py:545} INFO - Filling up the DagBag from /home/airflow/.local/lib/python3.12/site-packages/airflow/example_dags/tutorial_objectstorage.py
[2026-06-28T12:30:11.546+0000] {processor.py:840} INFO - DAG(s) 'tutorial_objectstorage' retrieved from /home/airflow/.local/lib/python3.12/site-packages/airflow/example_dags/tutorial_objectstorage.py
[2026-06-28T12:30:11.572+0000] {logging_mixin.py:188} INFO - [2026-06-28T12:30:11.572+0000] {dag.py:3096} INFO - Sync 1 DAGs
[2026-06-28T12:30:11.590+0000] {logging_mixin.py:188} INFO - [2026-06-28T12:30:11.589+0000] {dag.py:3954} INFO - Setting next_dagrun for tutorial_objectstorage to None, run_after=None
[2026-06-28T12:30:11.616+0000] {processor.py:183} INFO - Processing /home/airflow/.local/lib/python3.12/site-packages/airflow/example_dags/tutorial_objectstorage.py took 0.116 seconds
[2026-06-28T12:30:41.662+0000] {processor.py:161} INFO - Started process (PID=2304) to work on /home/airflow/.local/lib/python3.12/site-packages/airflow/example_dags/tutorial_objectstorage.py
[2026-06-28T12:30:41.663+0000] {processor.py:830} INFO - Processing file /home/airflow/.local/lib/python3.12/site-packages/airflow/example_dags/tutorial_objectstorage.py for tasks to queue
[2026-06-28T12:30:41.665+0000] {logging_mixin.py:188} INFO - [2026-06-28T12:30:41.664+0000] {dagbag.py:545} INFO - Filling up the DagBag from /home/airflow/.local/lib/python3.12/site-packages/airflow/example_dags/tutorial_objectstorage.py
[2026-06-28T12:30:41.671+0000] {processor.py:840} INFO - DAG(s) 'tutorial_objectstorage' retrieved from /home/airflow/.local/lib/python3.12/site-packages/airflow/example_dags/tutorial_objectstorage.py
[2026-06-28T12:30:41.688+0000] {logging_mixin.py:188} INFO - [2026-06-28T12:30:41.688+0000] {dag.py:3096} INFO - Sync 1 DAGs
[2026-06-28T12:30:41.700+0000] {logging_mixin.py:188} INFO - [2026-06-28T12:30:41.700+0000] {dag.py:3954} INFO - Setting next_dagrun for tutorial_objectstorage to None, run_after=None
[2026-06-28T12:30:41.716+0000] {processor.py:183} INFO - Processing /home/airflow/.local/lib/python3.12/site-packages/airflow/example_dags/tutorial_objectstorage.py took 0.058 seconds
[2026-06-28T12:31:12.182+0000] {processor.py:161} INFO - Started process (PID=2363) to work on /home/airflow/.local/lib/python3.12/site-packages/airflow/example_dags/tutorial_objectstorage.py
[2026-06-28T12:31:12.183+0000] {processor.py:830} INFO - Processing file /home/airflow/.local/lib/python3.12/site-packages/airflow/example_dags/tutorial_objectstorage.py for tasks to queue
[2026-06-28T12:31:12.186+0000] {logging_mixin.py:188} INFO - [2026-06-28T12:31:12.185+0000] {dagbag.py:545} INFO - Filling up the DagBag from /home/airflow/.local/lib/python3.12/site-packages/airflow/example_dags/tutorial_objectstorage.py
[2026-06-28T12:31:12.195+0000] {processor.py:840} INFO - DAG(s) 'tutorial_objectstorage' retrieved from /home/airflow/.local/lib/python3.12/site-packages/airflow/example_dags/tutorial_objectstorage.py
[2026-06-28T12:31:12.220+0000] {logging_mixin.py:188} INFO - [2026-06-28T12:31:12.220+0000] {dag.py:3096} INFO - Sync 1 DAGs
[2026-06-28T12:31:12.239+0000] {logging_mixin.py:188} INFO - [2026-06-28T12:31:12.238+0000] {dag.py:3954} INFO - Setting next_dagrun for tutorial_objectstorage to None, run_after=None
[2026-06-28T12:31:12.264+0000] {processor.py:183} INFO - Processing /home/airflow/.local/lib/python3.12/site-packages/airflow/example_dags/tutorial_objectstorage.py took 0.089 seconds
[2026-06-28T12:31:42.578+0000] {processor.py:161} INFO - Started process (PID=2422) to work on /home/airflow/.local/lib/python3.12/site-packages/airflow/example_dags/tutorial_objectstorage.py
[2026-06-28T12:31:42.581+0000] {processor.py:830} INFO - Processing file /home/airflow/.local/lib/python3.12/site-packages/airflow/example_dags/tutorial_objectstorage.py for tasks to queue
[2026-06-28T12:31:42.584+0000] {logging_mixin.py:188} INFO - [2026-06-28T12:31:42.583+0000] {dagbag.py:545} INFO - Filling up the DagBag from /home/airflow/.local/lib/python3.12/site-packages/airflow/example_dags/tutorial_objectstorage.py
[2026-06-28T12:31:42.599+0000] {processor.py:840} INFO - DAG(s) 'tutorial_objectstorage' retrieved from /home/airflow/.local/lib/python3.12/site-packages/airflow/example_dags/tutorial_objectstorage.py
[2026-06-28T12:31:42.643+0000] {logging_mixin.py:188} INFO - [2026-06-28T12:31:42.643+0000] {dag.py:3096} INFO - Sync 1 DAGs
[2026-06-28T12:31:42.668+0000] {logging_mixin.py:188} INFO - [2026-06-28T12:31:42.665+0000] {dag.py:3954} INFO - Setting next_dagrun for tutorial_objectstorage to None, run_after=None
[2026-06-28T12:31:42.732+0000] {processor.py:183} INFO - Processing /home/airflow/.local/lib/python3.12/site-packages/airflow/example_dags/tutorial_objectstorage.py took 0.160 seconds
[2026-06-28T16:04:10.013+0000] {processor.py:161} INFO - Started process (PID=131) to work on /home/airflow/.local/lib/python3.12/site-packages/airflow/example_dags/tutorial_objectstorage.py
[2026-06-28T16:04:10.018+0000] {processor.py:830} INFO - Processing file /home/airflow/.local/lib/python3.12/site-packages/airflow/example_dags/tutorial_objectstorage.py for tasks to queue
[2026-06-28T16:04:10.022+0000] {logging_mixin.py:188} INFO - [2026-06-28T16:04:10.021+0000] {dagbag.py:545} INFO - Filling up the DagBag from /home/airflow/.local/lib/python3.12/site-packages/airflow/example_dags/tutorial_objectstorage.py
[2026-06-28T16:04:10.049+0000] {processor.py:840} INFO - DAG(s) 'tutorial_objectstorage' retrieved from /home/airflow/.local/lib/python3.12/site-packages/airflow/example_dags/tutorial_objectstorage.py
[2026-06-28T16:04:10.572+0000] {logging_mixin.py:188} INFO - [2026-06-28T16:04:10.571+0000] {override.py:1829} INFO - Created Permission View: can read on DAG:tutorial_objectstorage
[2026-06-28T16:04:10.625+0000] {logging_mixin.py:188} INFO - [2026-06-28T16:04:10.624+0000] {override.py:1829} INFO - Created Permission View: can delete on DAG:tutorial_objectstorage
[2026-06-28T16:04:10.643+0000] {logging_mixin.py:188} INFO - [2026-06-28T16:04:10.643+0000] {override.py:1829} INFO - Created Permission View: can edit on DAG:tutorial_objectstorage
[2026-06-28T16:04:10.645+0000] {logging_mixin.py:188} INFO - [2026-06-28T16:04:10.644+0000] {dag.py:3096} INFO - Sync 1 DAGs
[2026-06-28T16:04:10.865+0000] {logging_mixin.py:188} INFO - [2026-06-28T16:04:10.862+0000] {dag.py:3118} INFO - Creating ORM DAG for tutorial_objectstorage
[2026-06-28T16:04:10.895+0000] {logging_mixin.py:188} INFO - [2026-06-28T16:04:10.876+0000] {dag.py:3954} INFO - Setting next_dagrun for tutorial_objectstorage to None, run_after=None
[2026-06-28T16:04:11.008+0000] {processor.py:183} INFO - Processing /home/airflow/.local/lib/python3.12/site-packages/airflow/example_dags/tutorial_objectstorage.py took 1.014 seconds
[2026-06-28T16:04:46.052+0000] {processor.py:161} INFO - Started process (PID=190) to work on /home/airflow/.local/lib/python3.12/site-packages/airflow/example_dags/tutorial_objectstorage.py
[2026-06-28T16:04:46.054+0000] {processor.py:830} INFO - Processing file /home/airflow/.local/lib/python3.12/site-packages/airflow/example_dags/tutorial_objectstorage.py for tasks to queue
[2026-06-28T16:04:46.056+0000] {logging_mixin.py:188} INFO - [2026-06-28T16:04:46.055+0000] {dagbag.py:545} INFO - Filling up the DagBag from /home/airflow/.local/lib/python3.12/site-packages/airflow/example_dags/tutorial_objectstorage.py
[2026-06-28T16:04:46.083+0000] {processor.py:840} INFO - DAG(s) 'tutorial_objectstorage' retrieved from /home/airflow/.local/lib/python3.12/site-packages/airflow/example_dags/tutorial_objectstorage.py
[2026-06-28T16:04:46.159+0000] {logging_mixin.py:188} INFO - [2026-06-28T16:04:46.158+0000] {dag.py:3096} INFO - Sync 1 DAGs
[2026-06-28T16:04:46.225+0000] {logging_mixin.py:188} INFO - [2026-06-28T16:04:46.221+0000] {dag.py:3954} INFO - Setting next_dagrun for tutorial_objectstorage to None, run_after=None
[2026-06-28T16:04:46.448+0000] {processor.py:183} INFO - Processing /home/airflow/.local/lib/python3.12/site-packages/airflow/example_dags/tutorial_objectstorage.py took 0.403 seconds
[2026-06-28T16:05:18.434+0000] {processor.py:161} INFO - Started process (PID=249) to work on /home/airflow/.local/lib/python3.12/site-packages/airflow/example_dags/tutorial_objectstorage.py
[2026-06-28T16:05:18.504+0000] {processor.py:830} INFO - Processing file /home/airflow/.local/lib/python3.12/site-packages/airflow/example_dags/tutorial_objectstorage.py for tasks to queue
[2026-06-28T16:05:18.538+0000] {logging_mixin.py:188} INFO - [2026-06-28T16:05:18.536+0000] {dagbag.py:545} INFO - Filling up the DagBag from /home/airflow/.local/lib/python3.12/site-packages/airflow/example_dags/tutorial_objectstorage.py
[2026-06-28T16:05:18.611+0000] {processor.py:840} INFO - DAG(s) 'tutorial_objectstorage' retrieved from /home/airflow/.local/lib/python3.12/site-packages/airflow/example_dags/tutorial_objectstorage.py
[2026-06-28T16:05:18.659+0000] {logging_mixin.py:188} INFO - [2026-06-28T16:05:18.658+0000] {dag.py:3096} INFO - Sync 1 DAGs
[2026-06-28T16:05:18.725+0000] {logging_mixin.py:188} INFO - [2026-06-28T16:05:18.722+0000] {dag.py:3954} INFO - Setting next_dagrun for tutorial_objectstorage to None, run_after=None
[2026-06-28T16:05:18.876+0000] {processor.py:183} INFO - Processing /home/airflow/.local/lib/python3.12/site-packages/airflow/example_dags/tutorial_objectstorage.py took 0.450 seconds
[2026-06-28T16:05:50.519+0000] {processor.py:161} INFO - Started process (PID=313) to work on /home/airflow/.local/lib/python3.12/site-packages/airflow/example_dags/tutorial_objectstorage.py
[2026-06-28T16:05:50.520+0000] {processor.py:830} INFO - Processing file /home/airflow/.local/lib/python3.12/site-packages/airflow/example_dags/tutorial_objectstorage.py for tasks to queue
[2026-06-28T16:05:50.522+0000] {logging_mixin.py:188} INFO - [2026-06-28T16:05:50.522+0000] {dagbag.py:545} INFO - Filling up the DagBag from /home/airflow/.local/lib/python3.12/site-packages/airflow/example_dags/tutorial_objectstorage.py
[2026-06-28T16:05:50.530+0000] {processor.py:840} INFO - DAG(s) 'tutorial_objectstorage' retrieved from /home/airflow/.local/lib/python3.12/site-packages/airflow/example_dags/tutorial_objectstorage.py
[2026-06-28T16:05:50.548+0000] {logging_mixin.py:188} INFO - [2026-06-28T16:05:50.548+0000] {dag.py:3096} INFO - Sync 1 DAGs
[2026-06-28T16:05:50.560+0000] {logging_mixin.py:188} INFO - [2026-06-28T16:05:50.560+0000] {dag.py:3954} INFO - Setting next_dagrun for tutorial_objectstorage to None, run_after=None
[2026-06-28T16:05:50.579+0000] {processor.py:183} INFO - Processing /home/airflow/.local/lib/python3.12/site-packages/airflow/example_dags/tutorial_objectstorage.py took 0.065 seconds
[2026-06-28T16:06:21.613+0000] {processor.py:161} INFO - Started process (PID=370) to work on /home/airflow/.local/lib/python3.12/site-packages/airflow/example_dags/tutorial_objectstorage.py
[2026-06-28T16:06:21.614+0000] {processor.py:830} INFO - Processing file /home/airflow/.local/lib/python3.12/site-packages/airflow/example_dags/tutorial_objectstorage.py for tasks to queue
[2026-06-28T16:06:21.619+0000] {logging_mixin.py:188} INFO - [2026-06-28T16:06:21.618+0000] {dagbag.py:545} INFO - Filling up the DagBag from /home/airflow/.local/lib/python3.12/site-packages/airflow/example_dags/tutorial_objectstorage.py
[2026-06-28T16:06:21.634+0000] {processor.py:840} INFO - DAG(s) 'tutorial_objectstorage' retrieved from /home/airflow/.local/lib/python3.12/site-packages/airflow/example_dags/tutorial_objectstorage.py
[2026-06-28T16:06:21.674+0000] {logging_mixin.py:188} INFO - [2026-06-28T16:06:21.674+0000] {dag.py:3096} INFO - Sync 1 DAGs
[2026-06-28T16:06:21.701+0000] {logging_mixin.py:188} INFO - [2026-06-28T16:06:21.701+0000] {dag.py:3954} INFO - Setting next_dagrun for tutorial_objectstorage to None, run_after=None
[2026-06-28T16:06:21.738+0000] {processor.py:183} INFO - Processing /home/airflow/.local/lib/python3.12/site-packages/airflow/example_dags/tutorial_objectstorage.py took 0.140 seconds
[2026-06-28T16:06:52.922+0000] {processor.py:161} INFO - Started process (PID=429) to work on /home/airflow/.local/lib/python3.12/site-packages/airflow/example_dags/tutorial_objectstorage.py
[2026-06-28T16:06:52.923+0000] {processor.py:830} INFO - Processing file /home/airflow/.local/lib/python3.12/site-packages/airflow/example_dags/tutorial_objectstorage.py for tasks to queue
[2026-06-28T16:06:52.925+0000] {logging_mixin.py:188} INFO - [2026-06-28T16:06:52.925+0000] {dagbag.py:545} INFO - Filling up the DagBag from /home/airflow/.local/lib/python3.12/site-packages/airflow/example_dags/tutorial_objectstorage.py
[2026-06-28T16:06:52.934+0000] {processor.py:840} INFO - DAG(s) 'tutorial_objectstorage' retrieved from /home/airflow/.local/lib/python3.12/site-packages/airflow/example_dags/tutorial_objectstorage.py
[2026-06-28T16:06:52.962+0000] {logging_mixin.py:188} INFO - [2026-06-28T16:06:52.962+0000] {dag.py:3096} INFO - Sync 1 DAGs
[2026-06-28T16:06:52.992+0000] {logging_mixin.py:188} INFO - [2026-06-28T16:06:52.991+0000] {dag.py:3954} INFO - Setting next_dagrun for tutorial_objectstorage to None, run_after=None
[2026-06-28T16:06:53.018+0000] {processor.py:183} INFO - Processing /home/airflow/.local/lib/python3.12/site-packages/airflow/example_dags/tutorial_objectstorage.py took 0.104 seconds
[2026-06-28T16:07:23.850+0000] {processor.py:161} INFO - Started process (PID=488) to work on /home/airflow/.local/lib/python3.12/site-packages/airflow/example_dags/tutorial_objectstorage.py
[2026-06-28T16:07:23.851+0000] {processor.py:830} INFO - Processing file /home/airflow/.local/lib/python3.12/site-packages/airflow/example_dags/tutorial_objectstorage.py for tasks to queue
[2026-06-28T16:07:23.854+0000] {logging_mixin.py:188} INFO - [2026-06-28T16:07:23.853+0000] {dagbag.py:545} INFO - Filling up the DagBag from /home/airflow/.local/lib/python3.12/site-packages/airflow/example_dags/tutorial_objectstorage.py
[2026-06-28T16:07:23.862+0000] {processor.py:840} INFO - DAG(s) 'tutorial_objectstorage' retrieved from /home/airflow/.local/lib/python3.12/site-packages/airflow/example_dags/tutorial_objectstorage.py
[2026-06-28T16:07:23.886+0000] {logging_mixin.py:188} INFO - [2026-06-28T16:07:23.886+0000] {dag.py:3096} INFO - Sync 1 DAGs
[2026-06-28T16:07:23.904+0000] {logging_mixin.py:188} INFO - [2026-06-28T16:07:23.903+0000] {dag.py:3954} INFO - Setting next_dagrun for tutorial_objectstorage to None, run_after=None
[2026-06-28T16:07:23.975+0000] {processor.py:183} INFO - Processing /home/airflow/.local/lib/python3.12/site-packages/airflow/example_dags/tutorial_objectstorage.py took 0.133 seconds
[2026-06-28T16:07:54.092+0000] {processor.py:161} INFO - Started process (PID=546) to work on /home/airflow/.local/lib/python3.12/site-packages/airflow/example_dags/tutorial_objectstorage.py
[2026-06-28T16:07:54.093+0000] {processor.py:830} INFO - Processing file /home/airflow/.local/lib/python3.12/site-packages/airflow/example_dags/tutorial_objectstorage.py for tasks to queue
[2026-06-28T16:07:54.095+0000] {logging_mixin.py:188} INFO - [2026-06-28T16:07:54.095+0000] {dagbag.py:545} INFO - Filling up the DagBag from /home/airflow/.local/lib/python3.12/site-packages/airflow/example_dags/tutorial_objectstorage.py
[2026-06-28T16:07:54.104+0000] {processor.py:840} INFO - DAG(s) 'tutorial_objectstorage' retrieved from /home/airflow/.local/lib/python3.12/site-packages/airflow/example_dags/tutorial_objectstorage.py
[2026-06-28T16:07:54.132+0000] {logging_mixin.py:188} INFO - [2026-06-28T16:07:54.131+0000] {dag.py:3096} INFO - Sync 1 DAGs
[2026-06-28T16:07:54.149+0000] {logging_mixin.py:188} INFO - [2026-06-28T16:07:54.149+0000] {dag.py:3954} INFO - Setting next_dagrun for tutorial_objectstorage to None, run_after=None
[2026-06-28T16:07:54.171+0000] {processor.py:183} INFO - Processing /home/airflow/.local/lib/python3.12/site-packages/airflow/example_dags/tutorial_objectstorage.py took 0.091 seconds
[2026-06-28T16:08:25.045+0000] {processor.py:161} INFO - Started process (PID=605) to work on /home/airflow/.local/lib/python3.12/site-packages/airflow/example_dags/tutorial_objectstorage.py
[2026-06-28T16:08:25.046+0000] {processor.py:830} INFO - Processing file /home/airflow/.local/lib/python3.12/site-packages/airflow/example_dags/tutorial_objectstorage.py for tasks to queue
[2026-06-28T16:08:25.049+0000] {logging_mixin.py:188} INFO - [2026-06-28T16:08:25.048+0000] {dagbag.py:545} INFO - Filling up the DagBag from /home/airflow/.local/lib/python3.12/site-packages/airflow/example_dags/tutorial_objectstorage.py
[2026-06-28T16:08:25.058+0000] {processor.py:840} INFO - DAG(s) 'tutorial_objectstorage' retrieved from /home/airflow/.local/lib/python3.12/site-packages/airflow/example_dags/tutorial_objectstorage.py
[2026-06-28T16:08:25.083+0000] {logging_mixin.py:188} INFO - [2026-06-28T16:08:25.083+0000] {dag.py:3096} INFO - Sync 1 DAGs
[2026-06-28T16:08:25.101+0000] {logging_mixin.py:188} INFO - [2026-06-28T16:08:25.100+0000] {dag.py:3954} INFO - Setting next_dagrun for tutorial_objectstorage to None, run_after=None
[2026-06-28T16:08:25.122+0000] {processor.py:183} INFO - Processing /home/airflow/.local/lib/python3.12/site-packages/airflow/example_dags/tutorial_objectstorage.py took 0.083 seconds
[2026-06-28T16:08:56.148+0000] {processor.py:161} INFO - Started process (PID=664) to work on /home/airflow/.local/lib/python3.12/site-packages/airflow/example_dags/tutorial_objectstorage.py
[2026-06-28T16:08:56.149+0000] {processor.py:830} INFO - Processing file /home/airflow/.local/lib/python3.12/site-packages/airflow/example_dags/tutorial_objectstorage.py for tasks to queue
[2026-06-28T16:08:56.151+0000] {logging_mixin.py:188} INFO - [2026-06-28T16:08:56.151+0000] {dagbag.py:545} INFO - Filling up the DagBag from /home/airflow/.local/lib/python3.12/site-packages/airflow/example_dags/tutorial_objectstorage.py
[2026-06-28T16:08:56.159+0000] {processor.py:840} INFO - DAG(s) 'tutorial_objectstorage' retrieved from /home/airflow/.local/lib/python3.12/site-packages/airflow/example_dags/tutorial_objectstorage.py
[2026-06-28T16:08:56.228+0000] {logging_mixin.py:188} INFO - [2026-06-28T16:08:56.228+0000] {dag.py:3096} INFO - Sync 1 DAGs
[2026-06-28T16:08:56.246+0000] {logging_mixin.py:188} INFO - [2026-06-28T16:08:56.245+0000] {dag.py:3954} INFO - Setting next_dagrun for tutorial_objectstorage to None, run_after=None
[2026-06-28T16:08:56.284+0000] {processor.py:183} INFO - Processing /home/airflow/.local/lib/python3.12/site-packages/airflow/example_dags/tutorial_objectstorage.py took 0.144 seconds
[2026-06-28T16:09:27.041+0000] {processor.py:161} INFO - Started process (PID=723) to work on /home/airflow/.local/lib/python3.12/site-packages/airflow/example_dags/tutorial_objectstorage.py
[2026-06-28T16:09:27.043+0000] {processor.py:830} INFO - Processing file /home/airflow/.local/lib/python3.12/site-packages/airflow/example_dags/tutorial_objectstorage.py for tasks to queue
[2026-06-28T16:09:27.046+0000] {logging_mixin.py:188} INFO - [2026-06-28T16:09:27.045+0000] {dagbag.py:545} INFO - Filling up the DagBag from /home/airflow/.local/lib/python3.12/site-packages/airflow/example_dags/tutorial_objectstorage.py
[2026-06-28T16:09:27.059+0000] {processor.py:840} INFO - DAG(s) 'tutorial_objectstorage' retrieved from /home/airflow/.local/lib/python3.12/site-packages/airflow/example_dags/tutorial_objectstorage.py
[2026-06-28T16:09:27.093+0000] {logging_mixin.py:188} INFO - [2026-06-28T16:09:27.092+0000] {dag.py:3096} INFO - Sync 1 DAGs
[2026-06-28T16:09:27.112+0000] {logging_mixin.py:188} INFO - [2026-06-28T16:09:27.112+0000] {dag.py:3954} INFO - Setting next_dagrun for tutorial_objectstorage to None, run_after=None
[2026-06-28T16:09:27.150+0000] {processor.py:183} INFO - Processing /home/airflow/.local/lib/python3.12/site-packages/airflow/example_dags/tutorial_objectstorage.py took 0.121 seconds
[2026-06-28T16:09:57.658+0000] {processor.py:161} INFO - Started process (PID=782) to work on /home/airflow/.local/lib/python3.12/site-packages/airflow/example_dags/tutorial_objectstorage.py
[2026-06-28T16:09:57.659+0000] {processor.py:830} INFO - Processing file /home/airflow/.local/lib/python3.12/site-packages/airflow/example_dags/tutorial_objectstorage.py for tasks to queue
[2026-06-28T16:09:57.662+0000] {logging_mixin.py:188} INFO - [2026-06-28T16:09:57.661+0000] {dagbag.py:545} INFO - Filling up the DagBag from /home/airflow/.local/lib/python3.12/site-packages/airflow/example_dags/tutorial_objectstorage.py
[2026-06-28T16:09:57.670+0000] {processor.py:840} INFO - DAG(s) 'tutorial_objectstorage' retrieved from /home/airflow/.local/lib/python3.12/site-packages/airflow/example_dags/tutorial_objectstorage.py
[2026-06-28T16:09:57.695+0000] {logging_mixin.py:188} INFO - [2026-06-28T16:09:57.695+0000] {dag.py:3096} INFO - Sync 1 DAGs
[2026-06-28T16:09:57.712+0000] {logging_mixin.py:188} INFO - [2026-06-28T16:09:57.712+0000] {dag.py:3954} INFO - Setting next_dagrun for tutorial_objectstorage to None, run_after=None
[2026-06-28T16:09:57.736+0000] {processor.py:183} INFO - Processing /home/airflow/.local/lib/python3.12/site-packages/airflow/example_dags/tutorial_objectstorage.py took 0.085 seconds
[2026-06-28T16:10:28.603+0000] {processor.py:161} INFO - Started process (PID=841) to work on /home/airflow/.local/lib/python3.12/site-packages/airflow/example_dags/tutorial_objectstorage.py
[2026-06-28T16:10:28.605+0000] {processor.py:830} INFO - Processing file /home/airflow/.local/lib/python3.12/site-packages/airflow/example_dags/tutorial_objectstorage.py for tasks to queue
[2026-06-28T16:10:28.609+0000] {logging_mixin.py:188} INFO - [2026-06-28T16:10:28.608+0000] {dagbag.py:545} INFO - Filling up the DagBag from /home/airflow/.local/lib/python3.12/site-packages/airflow/example_dags/tutorial_objectstorage.py
[2026-06-28T16:10:28.620+0000] {processor.py:840} INFO - DAG(s) 'tutorial_objectstorage' retrieved from /home/airflow/.local/lib/python3.12/site-packages/airflow/example_dags/tutorial_objectstorage.py
[2026-06-28T16:10:28.677+0000] {logging_mixin.py:188} INFO - [2026-06-28T16:10:28.676+0000] {dag.py:3096} INFO - Sync 1 DAGs
[2026-06-28T16:10:28.710+0000] {logging_mixin.py:188} INFO - [2026-06-28T16:10:28.704+0000] {dag.py:3954} INFO - Setting next_dagrun for tutorial_objectstorage to None, run_after=None
[2026-06-28T16:10:28.753+0000] {processor.py:183} INFO - Processing /home/airflow/.local/lib/python3.12/site-packages/airflow/example_dags/tutorial_objectstorage.py took 0.157 seconds
[2026-06-28T16:10:59.487+0000] {processor.py:161} INFO - Started process (PID=900) to work on /home/airflow/.local/lib/python3.12/site-packages/airflow/example_dags/tutorial_objectstorage.py
[2026-06-28T16:10:59.493+0000] {processor.py:830} INFO - Processing file /home/airflow/.local/lib/python3.12/site-packages/airflow/example_dags/tutorial_objectstorage.py for tasks to queue
[2026-06-28T16:10:59.498+0000] {logging_mixin.py:188} INFO - [2026-06-28T16:10:59.497+0000] {dagbag.py:545} INFO - Filling up the DagBag from /home/airflow/.local/lib/python3.12/site-packages/airflow/example_dags/tutorial_objectstorage.py
[2026-06-28T16:10:59.576+0000] {processor.py:840} INFO - DAG(s) 'tutorial_objectstorage' retrieved from /home/airflow/.local/lib/python3.12/site-packages/airflow/example_dags/tutorial_objectstorage.py
[2026-06-28T16:10:59.670+0000] {logging_mixin.py:188} INFO - [2026-06-28T16:10:59.669+0000] {dag.py:3096} INFO - Sync 1 DAGs
[2026-06-28T16:10:59.715+0000] {logging_mixin.py:188} INFO - [2026-06-28T16:10:59.711+0000] {dag.py:3954} INFO - Setting next_dagrun for tutorial_objectstorage to None, run_after=None
[2026-06-28T16:10:59.781+0000] {processor.py:183} INFO - Processing /home/airflow/.local/lib/python3.12/site-packages/airflow/example_dags/tutorial_objectstorage.py took 0.344 seconds
[2026-06-28T16:11:29.939+0000] {processor.py:161} INFO - Started process (PID=959) to work on /home/airflow/.local/lib/python3.12/site-packages/airflow/example_dags/tutorial_objectstorage.py
[2026-06-28T16:11:29.940+0000] {processor.py:830} INFO - Processing file /home/airflow/.local/lib/python3.12/site-packages/airflow/example_dags/tutorial_objectstorage.py for tasks to queue
[2026-06-28T16:11:29.942+0000] {logging_mixin.py:188} INFO - [2026-06-28T16:11:29.942+0000] {dagbag.py:545} INFO - Filling up the DagBag from /home/airflow/.local/lib/python3.12/site-packages/airflow/example_dags/tutorial_objectstorage.py
[2026-06-28T16:11:29.952+0000] {processor.py:840} INFO - DAG(s) 'tutorial_objectstorage' retrieved from /home/airflow/.local/lib/python3.12/site-packages/airflow/example_dags/tutorial_objectstorage.py
[2026-06-28T16:11:29.988+0000] {logging_mixin.py:188} INFO - [2026-06-28T16:11:29.988+0000] {dag.py:3096} INFO - Sync 1 DAGs
[2026-06-28T16:11:30.007+0000] {logging_mixin.py:188} INFO - [2026-06-28T16:11:30.007+0000] {dag.py:3954} INFO - Setting next_dagrun for tutorial_objectstorage to None, run_after=None
[2026-06-28T16:11:30.045+0000] {processor.py:183} INFO - Processing /home/airflow/.local/lib/python3.12/site-packages/airflow/example_dags/tutorial_objectstorage.py took 0.114 seconds
[2026-06-28T16:12:01.008+0000] {processor.py:161} INFO - Started process (PID=1018) to work on /home/airflow/.local/lib/python3.12/site-packages/airflow/example_dags/tutorial_objectstorage.py
[2026-06-28T16:12:01.012+0000] {processor.py:830} INFO - Processing file /home/airflow/.local/lib/python3.12/site-packages/airflow/example_dags/tutorial_objectstorage.py for tasks to queue
[2026-06-28T16:12:01.016+0000] {logging_mixin.py:188} INFO - [2026-06-28T16:12:01.016+0000] {dagbag.py:545} INFO - Filling up the DagBag from /home/airflow/.local/lib/python3.12/site-packages/airflow/example_dags/tutorial_objectstorage.py
[2026-06-28T16:12:01.031+0000] {processor.py:840} INFO - DAG(s) 'tutorial_objectstorage' retrieved from /home/airflow/.local/lib/python3.12/site-packages/airflow/example_dags/tutorial_objectstorage.py
[2026-06-28T16:12:01.068+0000] {logging_mixin.py:188} INFO - [2026-06-28T16:12:01.067+0000] {dag.py:3096} INFO - Sync 1 DAGs
[2026-06-28T16:12:01.116+0000] {logging_mixin.py:188} INFO - [2026-06-28T16:12:01.116+0000] {dag.py:3954} INFO - Setting next_dagrun for tutorial_objectstorage to None, run_after=None
[2026-06-28T16:12:01.206+0000] {processor.py:183} INFO - Processing /home/airflow/.local/lib/python3.12/site-packages/airflow/example_dags/tutorial_objectstorage.py took 0.208 seconds
[2026-06-28T16:12:31.763+0000] {processor.py:161} INFO - Started process (PID=1077) to work on /home/airflow/.local/lib/python3.12/site-packages/airflow/example_dags/tutorial_objectstorage.py
[2026-06-28T16:12:31.764+0000] {processor.py:830} INFO - Processing file /home/airflow/.local/lib/python3.12/site-packages/airflow/example_dags/tutorial_objectstorage.py for tasks to queue
[2026-06-28T16:12:31.767+0000] {logging_mixin.py:188} INFO - [2026-06-28T16:12:31.766+0000] {dagbag.py:545} INFO - Filling up the DagBag from /home/airflow/.local/lib/python3.12/site-packages/airflow/example_dags/tutorial_objectstorage.py
[2026-06-28T16:12:31.775+0000] {processor.py:840} INFO - DAG(s) 'tutorial_objectstorage' retrieved from /home/airflow/.local/lib/python3.12/site-packages/airflow/example_dags/tutorial_objectstorage.py
[2026-06-28T16:12:31.799+0000] {logging_mixin.py:188} INFO - [2026-06-28T16:12:31.799+0000] {dag.py:3096} INFO - Sync 1 DAGs
[2026-06-28T16:12:31.817+0000] {logging_mixin.py:188} INFO - [2026-06-28T16:12:31.817+0000] {dag.py:3954} INFO - Setting next_dagrun for tutorial_objectstorage to None, run_after=None
[2026-06-28T16:12:31.838+0000] {processor.py:183} INFO - Processing /home/airflow/.local/lib/python3.12/site-packages/airflow/example_dags/tutorial_objectstorage.py took 0.082 seconds
[2026-06-28T16:13:02.005+0000] {processor.py:161} INFO - Started process (PID=1136) to work on /home/airflow/.local/lib/python3.12/site-packages/airflow/example_dags/tutorial_objectstorage.py
[2026-06-28T16:13:02.006+0000] {processor.py:830} INFO - Processing file /home/airflow/.local/lib/python3.12/site-packages/airflow/example_dags/tutorial_objectstorage.py for tasks to queue
[2026-06-28T16:13:02.008+0000] {logging_mixin.py:188} INFO - [2026-06-28T16:13:02.008+0000] {dagbag.py:545} INFO - Filling up the DagBag from /home/airflow/.local/lib/python3.12/site-packages/airflow/example_dags/tutorial_objectstorage.py
[2026-06-28T16:13:02.021+0000] {processor.py:840} INFO - DAG(s) 'tutorial_objectstorage' retrieved from /home/airflow/.local/lib/python3.12/site-packages/airflow/example_dags/tutorial_objectstorage.py
[2026-06-28T16:13:02.048+0000] {logging_mixin.py:188} INFO - [2026-06-28T16:13:02.047+0000] {dag.py:3096} INFO - Sync 1 DAGs
[2026-06-28T16:13:02.066+0000] {logging_mixin.py:188} INFO - [2026-06-28T16:13:02.066+0000] {dag.py:3954} INFO - Setting next_dagrun for tutorial_objectstorage to None, run_after=None
[2026-06-28T16:13:02.100+0000] {processor.py:183} INFO - Processing /home/airflow/.local/lib/python3.12/site-packages/airflow/example_dags/tutorial_objectstorage.py took 0.106 seconds
[2026-06-28T16:13:32.499+0000] {processor.py:161} INFO - Started process (PID=1195) to work on /home/airflow/.local/lib/python3.12/site-packages/airflow/example_dags/tutorial_objectstorage.py
[2026-06-28T16:13:32.500+0000] {processor.py:830} INFO - Processing file /home/airflow/.local/lib/python3.12/site-packages/airflow/example_dags/tutorial_objectstorage.py for tasks to queue
[2026-06-28T16:13:32.502+0000] {logging_mixin.py:188} INFO - [2026-06-28T16:13:32.502+0000] {dagbag.py:545} INFO - Filling up the DagBag from /home/airflow/.local/lib/python3.12/site-packages/airflow/example_dags/tutorial_objectstorage.py
[2026-06-28T16:13:32.510+0000] {processor.py:840} INFO - DAG(s) 'tutorial_objectstorage' retrieved from /home/airflow/.local/lib/python3.12/site-packages/airflow/example_dags/tutorial_objectstorage.py
[2026-06-28T16:13:32.541+0000] {logging_mixin.py:188} INFO - [2026-06-28T16:13:32.540+0000] {dag.py:3096} INFO - Sync 1 DAGs
[2026-06-28T16:13:32.568+0000] {logging_mixin.py:188} INFO - [2026-06-28T16:13:32.568+0000] {dag.py:3954} INFO - Setting next_dagrun for tutorial_objectstorage to None, run_after=None
[2026-06-28T16:13:32.618+0000] {processor.py:183} INFO - Processing /home/airflow/.local/lib/python3.12/site-packages/airflow/example_dags/tutorial_objectstorage.py took 0.126 seconds
[2026-06-28T16:14:02.704+0000] {processor.py:161} INFO - Started process (PID=1254) to work on /home/airflow/.local/lib/python3.12/site-packages/airflow/example_dags/tutorial_objectstorage.py
[2026-06-28T16:14:02.705+0000] {processor.py:830} INFO - Processing file /home/airflow/.local/lib/python3.12/site-packages/airflow/example_dags/tutorial_objectstorage.py for tasks to queue
[2026-06-28T16:14:02.708+0000] {logging_mixin.py:188} INFO - [2026-06-28T16:14:02.707+0000] {dagbag.py:545} INFO - Filling up the DagBag from /home/airflow/.local/lib/python3.12/site-packages/airflow/example_dags/tutorial_objectstorage.py
[2026-06-28T16:14:02.717+0000] {processor.py:840} INFO - DAG(s) 'tutorial_objectstorage' retrieved from /home/airflow/.local/lib/python3.12/site-packages/airflow/example_dags/tutorial_objectstorage.py
[2026-06-28T16:14:02.744+0000] {logging_mixin.py:188} INFO - [2026-06-28T16:14:02.744+0000] {dag.py:3096} INFO - Sync 1 DAGs
[2026-06-28T16:14:02.761+0000] {logging_mixin.py:188} INFO - [2026-06-28T16:14:02.761+0000] {dag.py:3954} INFO - Setting next_dagrun for tutorial_objectstorage to None, run_after=None
[2026-06-28T16:14:02.782+0000] {processor.py:183} INFO - Processing /home/airflow/.local/lib/python3.12/site-packages/airflow/example_dags/tutorial_objectstorage.py took 0.085 seconds
[2026-06-28T16:14:33.190+0000] {processor.py:161} INFO - Started process (PID=1313) to work on /home/airflow/.local/lib/python3.12/site-packages/airflow/example_dags/tutorial_objectstorage.py
[2026-06-28T16:14:33.193+0000] {processor.py:830} INFO - Processing file /home/airflow/.local/lib/python3.12/site-packages/airflow/example_dags/tutorial_objectstorage.py for tasks to queue
[2026-06-28T16:14:33.197+0000] {logging_mixin.py:188} INFO - [2026-06-28T16:14:33.197+0000] {dagbag.py:545} INFO - Filling up the DagBag from /home/airflow/.local/lib/python3.12/site-packages/airflow/example_dags/tutorial_objectstorage.py
[2026-06-28T16:14:33.212+0000] {processor.py:840} INFO - DAG(s) 'tutorial_objectstorage' retrieved from /home/airflow/.local/lib/python3.12/site-packages/airflow/example_dags/tutorial_objectstorage.py
[2026-06-28T16:14:33.243+0000] {logging_mixin.py:188} INFO - [2026-06-28T16:14:33.243+0000] {dag.py:3096} INFO - Sync 1 DAGs
[2026-06-28T16:14:33.260+0000] {logging_mixin.py:188} INFO - [2026-06-28T16:14:33.260+0000] {dag.py:3954} INFO - Setting next_dagrun for tutorial_objectstorage to None, run_after=None
[2026-06-28T16:14:33.282+0000] {processor.py:183} INFO - Processing /home/airflow/.local/lib/python3.12/site-packages/airflow/example_dags/tutorial_objectstorage.py took 0.107 seconds
[2026-06-28T16:15:03.783+0000] {processor.py:161} INFO - Started process (PID=1372) to work on /home/airflow/.local/lib/python3.12/site-packages/airflow/example_dags/tutorial_objectstorage.py
[2026-06-28T16:15:03.784+0000] {processor.py:830} INFO - Processing file /home/airflow/.local/lib/python3.12/site-packages/airflow/example_dags/tutorial_objectstorage.py for tasks to queue
[2026-06-28T16:15:03.786+0000] {logging_mixin.py:188} INFO - [2026-06-28T16:15:03.785+0000] {dagbag.py:545} INFO - Filling up the DagBag from /home/airflow/.local/lib/python3.12/site-packages/airflow/example_dags/tutorial_objectstorage.py
[2026-06-28T16:15:03.795+0000] {processor.py:840} INFO - DAG(s) 'tutorial_objectstorage' retrieved from /home/airflow/.local/lib/python3.12/site-packages/airflow/example_dags/tutorial_objectstorage.py
[2026-06-28T16:15:03.838+0000] {logging_mixin.py:188} INFO - [2026-06-28T16:15:03.837+0000] {dag.py:3096} INFO - Sync 1 DAGs
[2026-06-28T16:15:03.859+0000] {logging_mixin.py:188} INFO - [2026-06-28T16:15:03.859+0000] {dag.py:3954} INFO - Setting next_dagrun for tutorial_objectstorage to None, run_after=None
[2026-06-28T16:15:03.906+0000] {processor.py:183} INFO - Processing /home/airflow/.local/lib/python3.12/site-packages/airflow/example_dags/tutorial_objectstorage.py took 0.131 seconds
[2026-06-28T16:15:34.248+0000] {processor.py:161} INFO - Started process (PID=1431) to work on /home/airflow/.local/lib/python3.12/site-packages/airflow/example_dags/tutorial_objectstorage.py
[2026-06-28T16:15:34.250+0000] {processor.py:830} INFO - Processing file /home/airflow/.local/lib/python3.12/site-packages/airflow/example_dags/tutorial_objectstorage.py for tasks to queue
[2026-06-28T16:15:34.252+0000] {logging_mixin.py:188} INFO - [2026-06-28T16:15:34.252+0000] {dagbag.py:545} INFO - Filling up the DagBag from /home/airflow/.local/lib/python3.12/site-packages/airflow/example_dags/tutorial_objectstorage.py
[2026-06-28T16:15:34.262+0000] {processor.py:840} INFO - DAG(s) 'tutorial_objectstorage' retrieved from /home/airflow/.local/lib/python3.12/site-packages/airflow/example_dags/tutorial_objectstorage.py
[2026-06-28T16:15:34.319+0000] {logging_mixin.py:188} INFO - [2026-06-28T16:15:34.318+0000] {dag.py:3096} INFO - Sync 1 DAGs
[2026-06-28T16:15:34.347+0000] {logging_mixin.py:188} INFO - [2026-06-28T16:15:34.346+0000] {dag.py:3954} INFO - Setting next_dagrun for tutorial_objectstorage to None, run_after=None
[2026-06-28T16:15:34.378+0000] {processor.py:183} INFO - Processing /home/airflow/.local/lib/python3.12/site-packages/airflow/example_dags/tutorial_objectstorage.py took 0.140 seconds
[2026-06-28T16:16:05.056+0000] {processor.py:161} INFO - Started process (PID=1490) to work on /home/airflow/.local/lib/python3.12/site-packages/airflow/example_dags/tutorial_objectstorage.py
[2026-06-28T16:16:05.057+0000] {processor.py:830} INFO - Processing file /home/airflow/.local/lib/python3.12/site-packages/airflow/example_dags/tutorial_objectstorage.py for tasks to queue
[2026-06-28T16:16:05.060+0000] {logging_mixin.py:188} INFO - [2026-06-28T16:16:05.059+0000] {dagbag.py:545} INFO - Filling up the DagBag from /home/airflow/.local/lib/python3.12/site-packages/airflow/example_dags/tutorial_objectstorage.py
[2026-06-28T16:16:05.070+0000] {processor.py:840} INFO - DAG(s) 'tutorial_objectstorage' retrieved from /home/airflow/.local/lib/python3.12/site-packages/airflow/example_dags/tutorial_objectstorage.py
[2026-06-28T16:16:05.111+0000] {logging_mixin.py:188} INFO - [2026-06-28T16:16:05.111+0000] {dag.py:3096} INFO - Sync 1 DAGs
[2026-06-28T16:16:05.128+0000] {logging_mixin.py:188} INFO - [2026-06-28T16:16:05.128+0000] {dag.py:3954} INFO - Setting next_dagrun for tutorial_objectstorage to None, run_after=None
[2026-06-28T16:16:05.148+0000] {processor.py:183} INFO - Processing /home/airflow/.local/lib/python3.12/site-packages/airflow/example_dags/tutorial_objectstorage.py took 0.100 seconds
[2026-06-28T16:16:35.494+0000] {processor.py:161} INFO - Started process (PID=1549) to work on /home/airflow/.local/lib/python3.12/site-packages/airflow/example_dags/tutorial_objectstorage.py
[2026-06-28T16:16:35.497+0000] {processor.py:830} INFO - Processing file /home/airflow/.local/lib/python3.12/site-packages/airflow/example_dags/tutorial_objectstorage.py for tasks to queue
[2026-06-28T16:16:35.500+0000] {logging_mixin.py:188} INFO - [2026-06-28T16:16:35.500+0000] {dagbag.py:545} INFO - Filling up the DagBag from /home/airflow/.local/lib/python3.12/site-packages/airflow/example_dags/tutorial_objectstorage.py
[2026-06-28T16:16:35.515+0000] {processor.py:840} INFO - DAG(s) 'tutorial_objectstorage' retrieved from /home/airflow/.local/lib/python3.12/site-packages/airflow/example_dags/tutorial_objectstorage.py
[2026-06-28T16:16:35.540+0000] {logging_mixin.py:188} INFO - [2026-06-28T16:16:35.540+0000] {dag.py:3096} INFO - Sync 1 DAGs
[2026-06-28T16:16:35.588+0000] {logging_mixin.py:188} INFO - [2026-06-28T16:16:35.586+0000] {dag.py:3954} INFO - Setting next_dagrun for tutorial_objectstorage to None, run_after=None
[2026-06-28T16:16:35.651+0000] {processor.py:183} INFO - Processing /home/airflow/.local/lib/python3.12/site-packages/airflow/example_dags/tutorial_objectstorage.py took 0.180 seconds
[2026-06-28T16:17:06.026+0000] {processor.py:161} INFO - Started process (PID=1608) to work on /home/airflow/.local/lib/python3.12/site-packages/airflow/example_dags/tutorial_objectstorage.py
[2026-06-28T16:17:06.027+0000] {processor.py:830} INFO - Processing file /home/airflow/.local/lib/python3.12/site-packages/airflow/example_dags/tutorial_objectstorage.py for tasks to queue
[2026-06-28T16:17:06.029+0000] {logging_mixin.py:188} INFO - [2026-06-28T16:17:06.029+0000] {dagbag.py:545} INFO - Filling up the DagBag from /home/airflow/.local/lib/python3.12/site-packages/airflow/example_dags/tutorial_objectstorage.py
[2026-06-28T16:17:06.037+0000] {processor.py:840} INFO - DAG(s) 'tutorial_objectstorage' retrieved from /home/airflow/.local/lib/python3.12/site-packages/airflow/example_dags/tutorial_objectstorage.py
[2026-06-28T16:17:06.062+0000] {logging_mixin.py:188} INFO - [2026-06-28T16:17:06.062+0000] {dag.py:3096} INFO - Sync 1 DAGs
[2026-06-28T16:17:06.080+0000] {logging_mixin.py:188} INFO - [2026-06-28T16:17:06.079+0000] {dag.py:3954} INFO - Setting next_dagrun for tutorial_objectstorage to None, run_after=None
[2026-06-28T16:17:06.101+0000] {processor.py:183} INFO - Processing /home/airflow/.local/lib/python3.12/site-packages/airflow/example_dags/tutorial_objectstorage.py took 0.081 seconds
[2026-06-28T16:17:36.766+0000] {processor.py:161} INFO - Started process (PID=1666) to work on /home/airflow/.local/lib/python3.12/site-packages/airflow/example_dags/tutorial_objectstorage.py
[2026-06-28T16:17:36.767+0000] {processor.py:830} INFO - Processing file /home/airflow/.local/lib/python3.12/site-packages/airflow/example_dags/tutorial_objectstorage.py for tasks to queue
[2026-06-28T16:17:36.770+0000] {logging_mixin.py:188} INFO - [2026-06-28T16:17:36.769+0000] {dagbag.py:545} INFO - Filling up the DagBag from /home/airflow/.local/lib/python3.12/site-packages/airflow/example_dags/tutorial_objectstorage.py
[2026-06-28T16:17:36.778+0000] {processor.py:840} INFO - DAG(s) 'tutorial_objectstorage' retrieved from /home/airflow/.local/lib/python3.12/site-packages/airflow/example_dags/tutorial_objectstorage.py
[2026-06-28T16:17:37.077+0000] {logging_mixin.py:188} INFO - [2026-06-28T16:17:37.077+0000] {dag.py:3096} INFO - Sync 1 DAGs
[2026-06-28T16:17:37.094+0000] {logging_mixin.py:188} INFO - [2026-06-28T16:17:37.093+0000] {dag.py:3954} INFO - Setting next_dagrun for tutorial_objectstorage to None, run_after=None
[2026-06-28T16:17:37.114+0000] {processor.py:183} INFO - Processing /home/airflow/.local/lib/python3.12/site-packages/airflow/example_dags/tutorial_objectstorage.py took 0.355 seconds
[2026-06-28T16:18:07.682+0000] {processor.py:161} INFO - Started process (PID=1725) to work on /home/airflow/.local/lib/python3.12/site-packages/airflow/example_dags/tutorial_objectstorage.py
[2026-06-28T16:18:07.682+0000] {processor.py:830} INFO - Processing file /home/airflow/.local/lib/python3.12/site-packages/airflow/example_dags/tutorial_objectstorage.py for tasks to queue
[2026-06-28T16:18:07.684+0000] {logging_mixin.py:188} INFO - [2026-06-28T16:18:07.684+0000] {dagbag.py:545} INFO - Filling up the DagBag from /home/airflow/.local/lib/python3.12/site-packages/airflow/example_dags/tutorial_objectstorage.py
[2026-06-28T16:18:07.693+0000] {processor.py:840} INFO - DAG(s) 'tutorial_objectstorage' retrieved from /home/airflow/.local/lib/python3.12/site-packages/airflow/example_dags/tutorial_objectstorage.py
[2026-06-28T16:18:07.716+0000] {logging_mixin.py:188} INFO - [2026-06-28T16:18:07.716+0000] {dag.py:3096} INFO - Sync 1 DAGs
[2026-06-28T16:18:07.734+0000] {logging_mixin.py:188} INFO - [2026-06-28T16:18:07.734+0000] {dag.py:3954} INFO - Setting next_dagrun for tutorial_objectstorage to None, run_after=None
[2026-06-28T16:18:07.755+0000] {processor.py:183} INFO - Processing /home/airflow/.local/lib/python3.12/site-packages/airflow/example_dags/tutorial_objectstorage.py took 0.080 seconds
[2026-06-28T16:18:38.242+0000] {processor.py:161} INFO - Started process (PID=1784) to work on /home/airflow/.local/lib/python3.12/site-packages/airflow/example_dags/tutorial_objectstorage.py
[2026-06-28T16:18:38.244+0000] {processor.py:830} INFO - Processing file /home/airflow/.local/lib/python3.12/site-packages/airflow/example_dags/tutorial_objectstorage.py for tasks to queue
[2026-06-28T16:18:38.246+0000] {logging_mixin.py:188} INFO - [2026-06-28T16:18:38.245+0000] {dagbag.py:545} INFO - Filling up the DagBag from /home/airflow/.local/lib/python3.12/site-packages/airflow/example_dags/tutorial_objectstorage.py
[2026-06-28T16:18:38.266+0000] {processor.py:840} INFO - DAG(s) 'tutorial_objectstorage' retrieved from /home/airflow/.local/lib/python3.12/site-packages/airflow/example_dags/tutorial_objectstorage.py
[2026-06-28T16:18:38.293+0000] {logging_mixin.py:188} INFO - [2026-06-28T16:18:38.292+0000] {dag.py:3096} INFO - Sync 1 DAGs
[2026-06-28T16:18:38.310+0000] {logging_mixin.py:188} INFO - [2026-06-28T16:18:38.310+0000] {dag.py:3954} INFO - Setting next_dagrun for tutorial_objectstorage to None, run_after=None
[2026-06-28T16:18:38.337+0000] {processor.py:183} INFO - Processing /home/airflow/.local/lib/python3.12/site-packages/airflow/example_dags/tutorial_objectstorage.py took 0.103 seconds
[2026-06-28T16:19:09.259+0000] {processor.py:161} INFO - Started process (PID=1842) to work on /home/airflow/.local/lib/python3.12/site-packages/airflow/example_dags/tutorial_objectstorage.py
[2026-06-28T16:19:09.260+0000] {processor.py:830} INFO - Processing file /home/airflow/.local/lib/python3.12/site-packages/airflow/example_dags/tutorial_objectstorage.py for tasks to queue
[2026-06-28T16:19:09.263+0000] {logging_mixin.py:188} INFO - [2026-06-28T16:19:09.262+0000] {dagbag.py:545} INFO - Filling up the DagBag from /home/airflow/.local/lib/python3.12/site-packages/airflow/example_dags/tutorial_objectstorage.py
[2026-06-28T16:19:09.271+0000] {processor.py:840} INFO - DAG(s) 'tutorial_objectstorage' retrieved from /home/airflow/.local/lib/python3.12/site-packages/airflow/example_dags/tutorial_objectstorage.py
[2026-06-28T16:19:09.297+0000] {logging_mixin.py:188} INFO - [2026-06-28T16:19:09.297+0000] {dag.py:3096} INFO - Sync 1 DAGs
[2026-06-28T16:19:09.316+0000] {logging_mixin.py:188} INFO - [2026-06-28T16:19:09.316+0000] {dag.py:3954} INFO - Setting next_dagrun for tutorial_objectstorage to None, run_after=None
[2026-06-28T16:19:09.337+0000] {processor.py:183} INFO - Processing /home/airflow/.local/lib/python3.12/site-packages/airflow/example_dags/tutorial_objectstorage.py took 0.085 seconds
[2026-06-28T16:19:40.153+0000] {processor.py:161} INFO - Started process (PID=1901) to work on /home/airflow/.local/lib/python3.12/site-packages/airflow/example_dags/tutorial_objectstorage.py
[2026-06-28T16:19:40.154+0000] {processor.py:830} INFO - Processing file /home/airflow/.local/lib/python3.12/site-packages/airflow/example_dags/tutorial_objectstorage.py for tasks to queue
[2026-06-28T16:19:40.156+0000] {logging_mixin.py:188} INFO - [2026-06-28T16:19:40.156+0000] {dagbag.py:545} INFO - Filling up the DagBag from /home/airflow/.local/lib/python3.12/site-packages/airflow/example_dags/tutorial_objectstorage.py
[2026-06-28T16:19:40.165+0000] {processor.py:840} INFO - DAG(s) 'tutorial_objectstorage' retrieved from /home/airflow/.local/lib/python3.12/site-packages/airflow/example_dags/tutorial_objectstorage.py
[2026-06-28T16:19:40.192+0000] {logging_mixin.py:188} INFO - [2026-06-28T16:19:40.191+0000] {dag.py:3096} INFO - Sync 1 DAGs
[2026-06-28T16:19:40.209+0000] {logging_mixin.py:188} INFO - [2026-06-28T16:19:40.209+0000] {dag.py:3954} INFO - Setting next_dagrun for tutorial_objectstorage to None, run_after=None
[2026-06-28T16:19:40.232+0000] {processor.py:183} INFO - Processing /home/airflow/.local/lib/python3.12/site-packages/airflow/example_dags/tutorial_objectstorage.py took 0.086 seconds
[2026-06-28T16:20:10.814+0000] {processor.py:161} INFO - Started process (PID=1960) to work on /home/airflow/.local/lib/python3.12/site-packages/airflow/example_dags/tutorial_objectstorage.py
[2026-06-28T16:20:10.815+0000] {processor.py:830} INFO - Processing file /home/airflow/.local/lib/python3.12/site-packages/airflow/example_dags/tutorial_objectstorage.py for tasks to queue
[2026-06-28T16:20:10.817+0000] {logging_mixin.py:188} INFO - [2026-06-28T16:20:10.817+0000] {dagbag.py:545} INFO - Filling up the DagBag from /home/airflow/.local/lib/python3.12/site-packages/airflow/example_dags/tutorial_objectstorage.py
[2026-06-28T16:20:10.827+0000] {processor.py:840} INFO - DAG(s) 'tutorial_objectstorage' retrieved from /home/airflow/.local/lib/python3.12/site-packages/airflow/example_dags/tutorial_objectstorage.py
[2026-06-28T16:20:10.857+0000] {logging_mixin.py:188} INFO - [2026-06-28T16:20:10.856+0000] {dag.py:3096} INFO - Sync 1 DAGs
[2026-06-28T16:20:10.874+0000] {logging_mixin.py:188} INFO - [2026-06-28T16:20:10.874+0000] {dag.py:3954} INFO - Setting next_dagrun for tutorial_objectstorage to None, run_after=None
[2026-06-28T16:20:10.923+0000] {processor.py:183} INFO - Processing /home/airflow/.local/lib/python3.12/site-packages/airflow/example_dags/tutorial_objectstorage.py took 0.122 seconds
[2026-06-28T16:20:41.574+0000] {processor.py:161} INFO - Started process (PID=2019) to work on /home/airflow/.local/lib/python3.12/site-packages/airflow/example_dags/tutorial_objectstorage.py
[2026-06-28T16:20:41.575+0000] {processor.py:830} INFO - Processing file /home/airflow/.local/lib/python3.12/site-packages/airflow/example_dags/tutorial_objectstorage.py for tasks to queue
[2026-06-28T16:20:41.577+0000] {logging_mixin.py:188} INFO - [2026-06-28T16:20:41.577+0000] {dagbag.py:545} INFO - Filling up the DagBag from /home/airflow/.local/lib/python3.12/site-packages/airflow/example_dags/tutorial_objectstorage.py
[2026-06-28T16:20:41.587+0000] {processor.py:840} INFO - DAG(s) 'tutorial_objectstorage' retrieved from /home/airflow/.local/lib/python3.12/site-packages/airflow/example_dags/tutorial_objectstorage.py
[2026-06-28T16:20:41.630+0000] {logging_mixin.py:188} INFO - [2026-06-28T16:20:41.630+0000] {dag.py:3096} INFO - Sync 1 DAGs
[2026-06-28T16:20:41.647+0000] {logging_mixin.py:188} INFO - [2026-06-28T16:20:41.647+0000] {dag.py:3954} INFO - Setting next_dagrun for tutorial_objectstorage to None, run_after=None
[2026-06-28T16:20:41.670+0000] {processor.py:183} INFO - Processing /home/airflow/.local/lib/python3.12/site-packages/airflow/example_dags/tutorial_objectstorage.py took 0.102 seconds
[2026-06-28T16:21:12.625+0000] {processor.py:161} INFO - Started process (PID=2078) to work on /home/airflow/.local/lib/python3.12/site-packages/airflow/example_dags/tutorial_objectstorage.py
[2026-06-28T16:21:12.626+0000] {processor.py:830} INFO - Processing file /home/airflow/.local/lib/python3.12/site-packages/airflow/example_dags/tutorial_objectstorage.py for tasks to queue
[2026-06-28T16:21:12.628+0000] {logging_mixin.py:188} INFO - [2026-06-28T16:21:12.628+0000] {dagbag.py:545} INFO - Filling up the DagBag from /home/airflow/.local/lib/python3.12/site-packages/airflow/example_dags/tutorial_objectstorage.py
[2026-06-28T16:21:12.636+0000] {processor.py:840} INFO - DAG(s) 'tutorial_objectstorage' retrieved from /home/airflow/.local/lib/python3.12/site-packages/airflow/example_dags/tutorial_objectstorage.py
[2026-06-28T16:21:12.663+0000] {logging_mixin.py:188} INFO - [2026-06-28T16:21:12.662+0000] {dag.py:3096} INFO - Sync 1 DAGs
[2026-06-28T16:21:12.681+0000] {logging_mixin.py:188} INFO - [2026-06-28T16:21:12.681+0000] {dag.py:3954} INFO - Setting next_dagrun for tutorial_objectstorage to None, run_after=None
[2026-06-28T16:21:12.703+0000] {processor.py:183} INFO - Processing /home/airflow/.local/lib/python3.12/site-packages/airflow/example_dags/tutorial_objectstorage.py took 0.084 seconds
[2026-06-28T16:21:42.918+0000] {processor.py:161} INFO - Started process (PID=2137) to work on /home/airflow/.local/lib/python3.12/site-packages/airflow/example_dags/tutorial_objectstorage.py
[2026-06-28T16:21:42.920+0000] {processor.py:830} INFO - Processing file /home/airflow/.local/lib/python3.12/site-packages/airflow/example_dags/tutorial_objectstorage.py for tasks to queue
[2026-06-28T16:21:42.924+0000] {logging_mixin.py:188} INFO - [2026-06-28T16:21:42.923+0000] {dagbag.py:545} INFO - Filling up the DagBag from /home/airflow/.local/lib/python3.12/site-packages/airflow/example_dags/tutorial_objectstorage.py
[2026-06-28T16:21:42.942+0000] {processor.py:840} INFO - DAG(s) 'tutorial_objectstorage' retrieved from /home/airflow/.local/lib/python3.12/site-packages/airflow/example_dags/tutorial_objectstorage.py
[2026-06-28T16:21:42.976+0000] {logging_mixin.py:188} INFO - [2026-06-28T16:21:42.975+0000] {dag.py:3096} INFO - Sync 1 DAGs
[2026-06-28T16:21:42.998+0000] {logging_mixin.py:188} INFO - [2026-06-28T16:21:42.998+0000] {dag.py:3954} INFO - Setting next_dagrun for tutorial_objectstorage to None, run_after=None
[2026-06-28T16:21:43.037+0000] {processor.py:183} INFO - Processing /home/airflow/.local/lib/python3.12/site-packages/airflow/example_dags/tutorial_objectstorage.py took 0.132 seconds
[2026-06-28T16:22:13.282+0000] {processor.py:161} INFO - Started process (PID=2196) to work on /home/airflow/.local/lib/python3.12/site-packages/airflow/example_dags/tutorial_objectstorage.py
[2026-06-28T16:22:13.283+0000] {processor.py:830} INFO - Processing file /home/airflow/.local/lib/python3.12/site-packages/airflow/example_dags/tutorial_objectstorage.py for tasks to queue
[2026-06-28T16:22:13.286+0000] {logging_mixin.py:188} INFO - [2026-06-28T16:22:13.285+0000] {dagbag.py:545} INFO - Filling up the DagBag from /home/airflow/.local/lib/python3.12/site-packages/airflow/example_dags/tutorial_objectstorage.py
[2026-06-28T16:22:13.301+0000] {processor.py:840} INFO - DAG(s) 'tutorial_objectstorage' retrieved from /home/airflow/.local/lib/python3.12/site-packages/airflow/example_dags/tutorial_objectstorage.py
[2026-06-28T16:22:13.340+0000] {logging_mixin.py:188} INFO - [2026-06-28T16:22:13.339+0000] {dag.py:3096} INFO - Sync 1 DAGs
[2026-06-28T16:22:13.358+0000] {logging_mixin.py:188} INFO - [2026-06-28T16:22:13.358+0000] {dag.py:3954} INFO - Setting next_dagrun for tutorial_objectstorage to None, run_after=None
[2026-06-28T16:22:13.379+0000] {processor.py:183} INFO - Processing /home/airflow/.local/lib/python3.12/site-packages/airflow/example_dags/tutorial_objectstorage.py took 0.109 seconds
[2026-06-28T16:22:44.684+0000] {processor.py:161} INFO - Started process (PID=2254) to work on /home/airflow/.local/lib/python3.12/site-packages/airflow/example_dags/tutorial_objectstorage.py
[2026-06-28T16:22:44.691+0000] {processor.py:830} INFO - Processing file /home/airflow/.local/lib/python3.12/site-packages/airflow/example_dags/tutorial_objectstorage.py for tasks to queue
[2026-06-28T16:22:44.695+0000] {logging_mixin.py:188} INFO - [2026-06-28T16:22:44.695+0000] {dagbag.py:545} INFO - Filling up the DagBag from /home/airflow/.local/lib/python3.12/site-packages/airflow/example_dags/tutorial_objectstorage.py
[2026-06-28T16:22:44.716+0000] {processor.py:840} INFO - DAG(s) 'tutorial_objectstorage' retrieved from /home/airflow/.local/lib/python3.12/site-packages/airflow/example_dags/tutorial_objectstorage.py
[2026-06-28T16:22:44.768+0000] {logging_mixin.py:188} INFO - [2026-06-28T16:22:44.768+0000] {dag.py:3096} INFO - Sync 1 DAGs
[2026-06-28T16:22:44.794+0000] {logging_mixin.py:188} INFO - [2026-06-28T16:22:44.792+0000] {dag.py:3954} INFO - Setting next_dagrun for tutorial_objectstorage to None, run_after=None
[2026-06-28T16:22:44.837+0000] {processor.py:183} INFO - Processing /home/airflow/.local/lib/python3.12/site-packages/airflow/example_dags/tutorial_objectstorage.py took 0.175 seconds
[2026-06-28T16:23:14.895+0000] {processor.py:161} INFO - Started process (PID=2313) to work on /home/airflow/.local/lib/python3.12/site-packages/airflow/example_dags/tutorial_objectstorage.py
[2026-06-28T16:23:14.896+0000] {processor.py:830} INFO - Processing file /home/airflow/.local/lib/python3.12/site-packages/airflow/example_dags/tutorial_objectstorage.py for tasks to queue
[2026-06-28T16:23:14.897+0000] {logging_mixin.py:188} INFO - [2026-06-28T16:23:14.897+0000] {dagbag.py:545} INFO - Filling up the DagBag from /home/airflow/.local/lib/python3.12/site-packages/airflow/example_dags/tutorial_objectstorage.py
[2026-06-28T16:23:14.905+0000] {processor.py:840} INFO - DAG(s) 'tutorial_objectstorage' retrieved from /home/airflow/.local/lib/python3.12/site-packages/airflow/example_dags/tutorial_objectstorage.py
[2026-06-28T16:23:14.924+0000] {logging_mixin.py:188} INFO - [2026-06-28T16:23:14.923+0000] {dag.py:3096} INFO - Sync 1 DAGs
[2026-06-28T16:23:14.936+0000] {logging_mixin.py:188} INFO - [2026-06-28T16:23:14.935+0000] {dag.py:3954} INFO - Setting next_dagrun for tutorial_objectstorage to None, run_after=None
[2026-06-28T16:23:14.953+0000] {processor.py:183} INFO - Processing /home/airflow/.local/lib/python3.12/site-packages/airflow/example_dags/tutorial_objectstorage.py took 0.063 seconds
[2026-06-28T16:23:45.033+0000] {processor.py:161} INFO - Started process (PID=2372) to work on /home/airflow/.local/lib/python3.12/site-packages/airflow/example_dags/tutorial_objectstorage.py
[2026-06-28T16:23:45.034+0000] {processor.py:830} INFO - Processing file /home/airflow/.local/lib/python3.12/site-packages/airflow/example_dags/tutorial_objectstorage.py for tasks to queue
[2026-06-28T16:23:45.036+0000] {logging_mixin.py:188} INFO - [2026-06-28T16:23:45.036+0000] {dagbag.py:545} INFO - Filling up the DagBag from /home/airflow/.local/lib/python3.12/site-packages/airflow/example_dags/tutorial_objectstorage.py
[2026-06-28T16:23:45.045+0000] {processor.py:840} INFO - DAG(s) 'tutorial_objectstorage' retrieved from /home/airflow/.local/lib/python3.12/site-packages/airflow/example_dags/tutorial_objectstorage.py
[2026-06-28T16:23:45.070+0000] {logging_mixin.py:188} INFO - [2026-06-28T16:23:45.070+0000] {dag.py:3096} INFO - Sync 1 DAGs
[2026-06-28T16:23:45.087+0000] {logging_mixin.py:188} INFO - [2026-06-28T16:23:45.087+0000] {dag.py:3954} INFO - Setting next_dagrun for tutorial_objectstorage to None, run_after=None
[2026-06-28T16:23:45.108+0000] {processor.py:183} INFO - Processing /home/airflow/.local/lib/python3.12/site-packages/airflow/example_dags/tutorial_objectstorage.py took 0.082 seconds
[2026-06-28T16:24:15.707+0000] {processor.py:161} INFO - Started process (PID=2431) to work on /home/airflow/.local/lib/python3.12/site-packages/airflow/example_dags/tutorial_objectstorage.py
[2026-06-28T16:24:15.708+0000] {processor.py:830} INFO - Processing file /home/airflow/.local/lib/python3.12/site-packages/airflow/example_dags/tutorial_objectstorage.py for tasks to queue
[2026-06-28T16:24:15.710+0000] {logging_mixin.py:188} INFO - [2026-06-28T16:24:15.709+0000] {dagbag.py:545} INFO - Filling up the DagBag from /home/airflow/.local/lib/python3.12/site-packages/airflow/example_dags/tutorial_objectstorage.py
[2026-06-28T16:24:15.718+0000] {processor.py:840} INFO - DAG(s) 'tutorial_objectstorage' retrieved from /home/airflow/.local/lib/python3.12/site-packages/airflow/example_dags/tutorial_objectstorage.py
[2026-06-28T16:24:15.743+0000] {logging_mixin.py:188} INFO - [2026-06-28T16:24:15.743+0000] {dag.py:3096} INFO - Sync 1 DAGs
[2026-06-28T16:24:15.761+0000] {logging_mixin.py:188} INFO - [2026-06-28T16:24:15.760+0000] {dag.py:3954} INFO - Setting next_dagrun for tutorial_objectstorage to None, run_after=None
[2026-06-28T16:24:15.783+0000] {processor.py:183} INFO - Processing /home/airflow/.local/lib/python3.12/site-packages/airflow/example_dags/tutorial_objectstorage.py took 0.083 seconds
[2026-06-28T16:24:46.127+0000] {processor.py:161} INFO - Started process (PID=2490) to work on /home/airflow/.local/lib/python3.12/site-packages/airflow/example_dags/tutorial_objectstorage.py
[2026-06-28T16:24:46.128+0000] {processor.py:830} INFO - Processing file /home/airflow/.local/lib/python3.12/site-packages/airflow/example_dags/tutorial_objectstorage.py for tasks to queue
[2026-06-28T16:24:46.130+0000] {logging_mixin.py:188} INFO - [2026-06-28T16:24:46.130+0000] {dagbag.py:545} INFO - Filling up the DagBag from /home/airflow/.local/lib/python3.12/site-packages/airflow/example_dags/tutorial_objectstorage.py
[2026-06-28T16:24:46.139+0000] {processor.py:840} INFO - DAG(s) 'tutorial_objectstorage' retrieved from /home/airflow/.local/lib/python3.12/site-packages/airflow/example_dags/tutorial_objectstorage.py
[2026-06-28T16:24:46.165+0000] {logging_mixin.py:188} INFO - [2026-06-28T16:24:46.165+0000] {dag.py:3096} INFO - Sync 1 DAGs
[2026-06-28T16:24:46.184+0000] {logging_mixin.py:188} INFO - [2026-06-28T16:24:46.183+0000] {dag.py:3954} INFO - Setting next_dagrun for tutorial_objectstorage to None, run_after=None
[2026-06-28T16:24:46.207+0000] {processor.py:183} INFO - Processing /home/airflow/.local/lib/python3.12/site-packages/airflow/example_dags/tutorial_objectstorage.py took 0.087 seconds
[2026-06-28T16:25:16.501+0000] {processor.py:161} INFO - Started process (PID=2549) to work on /home/airflow/.local/lib/python3.12/site-packages/airflow/example_dags/tutorial_objectstorage.py
[2026-06-28T16:25:16.502+0000] {processor.py:830} INFO - Processing file /home/airflow/.local/lib/python3.12/site-packages/airflow/example_dags/tutorial_objectstorage.py for tasks to queue
[2026-06-28T16:25:16.504+0000] {logging_mixin.py:188} INFO - [2026-06-28T16:25:16.503+0000] {dagbag.py:545} INFO - Filling up the DagBag from /home/airflow/.local/lib/python3.12/site-packages/airflow/example_dags/tutorial_objectstorage.py
[2026-06-28T16:25:16.512+0000] {processor.py:840} INFO - DAG(s) 'tutorial_objectstorage' retrieved from /home/airflow/.local/lib/python3.12/site-packages/airflow/example_dags/tutorial_objectstorage.py
[2026-06-28T16:25:16.539+0000] {logging_mixin.py:188} INFO - [2026-06-28T16:25:16.538+0000] {dag.py:3096} INFO - Sync 1 DAGs
[2026-06-28T16:25:16.557+0000] {logging_mixin.py:188} INFO - [2026-06-28T16:25:16.557+0000] {dag.py:3954} INFO - Setting next_dagrun for tutorial_objectstorage to None, run_after=None
[2026-06-28T16:25:16.578+0000] {processor.py:183} INFO - Processing /home/airflow/.local/lib/python3.12/site-packages/airflow/example_dags/tutorial_objectstorage.py took 0.085 seconds
[2026-06-28T16:25:47.219+0000] {processor.py:161} INFO - Started process (PID=2608) to work on /home/airflow/.local/lib/python3.12/site-packages/airflow/example_dags/tutorial_objectstorage.py
[2026-06-28T16:25:47.220+0000] {processor.py:830} INFO - Processing file /home/airflow/.local/lib/python3.12/site-packages/airflow/example_dags/tutorial_objectstorage.py for tasks to queue
[2026-06-28T16:25:47.222+0000] {logging_mixin.py:188} INFO - [2026-06-28T16:25:47.222+0000] {dagbag.py:545} INFO - Filling up the DagBag from /home/airflow/.local/lib/python3.12/site-packages/airflow/example_dags/tutorial_objectstorage.py
[2026-06-28T16:25:47.231+0000] {processor.py:840} INFO - DAG(s) 'tutorial_objectstorage' retrieved from /home/airflow/.local/lib/python3.12/site-packages/airflow/example_dags/tutorial_objectstorage.py
[2026-06-28T16:25:47.256+0000] {logging_mixin.py:188} INFO - [2026-06-28T16:25:47.256+0000] {dag.py:3096} INFO - Sync 1 DAGs
[2026-06-28T16:25:47.273+0000] {logging_mixin.py:188} INFO - [2026-06-28T16:25:47.273+0000] {dag.py:3954} INFO - Setting next_dagrun for tutorial_objectstorage to None, run_after=None
[2026-06-28T16:25:47.294+0000] {processor.py:183} INFO - Processing /home/airflow/.local/lib/python3.12/site-packages/airflow/example_dags/tutorial_objectstorage.py took 0.082 seconds
[2026-06-28T16:26:17.837+0000] {processor.py:161} INFO - Started process (PID=2667) to work on /home/airflow/.local/lib/python3.12/site-packages/airflow/example_dags/tutorial_objectstorage.py
[2026-06-28T16:26:17.838+0000] {processor.py:830} INFO - Processing file /home/airflow/.local/lib/python3.12/site-packages/airflow/example_dags/tutorial_objectstorage.py for tasks to queue
[2026-06-28T16:26:17.840+0000] {logging_mixin.py:188} INFO - [2026-06-28T16:26:17.839+0000] {dagbag.py:545} INFO - Filling up the DagBag from /home/airflow/.local/lib/python3.12/site-packages/airflow/example_dags/tutorial_objectstorage.py
[2026-06-28T16:26:17.848+0000] {processor.py:840} INFO - DAG(s) 'tutorial_objectstorage' retrieved from /home/airflow/.local/lib/python3.12/site-packages/airflow/example_dags/tutorial_objectstorage.py
[2026-06-28T16:26:17.902+0000] {logging_mixin.py:188} INFO - [2026-06-28T16:26:17.902+0000] {dag.py:3096} INFO - Sync 1 DAGs
[2026-06-28T16:26:17.920+0000] {logging_mixin.py:188} INFO - [2026-06-28T16:26:17.920+0000] {dag.py:3954} INFO - Setting next_dagrun for tutorial_objectstorage to None, run_after=None
[2026-06-28T16:26:17.975+0000] {processor.py:183} INFO - Processing /home/airflow/.local/lib/python3.12/site-packages/airflow/example_dags/tutorial_objectstorage.py took 0.145 seconds
[2026-06-28T16:26:48.746+0000] {processor.py:161} INFO - Started process (PID=2726) to work on /home/airflow/.local/lib/python3.12/site-packages/airflow/example_dags/tutorial_objectstorage.py
[2026-06-28T16:26:48.747+0000] {processor.py:830} INFO - Processing file /home/airflow/.local/lib/python3.12/site-packages/airflow/example_dags/tutorial_objectstorage.py for tasks to queue
[2026-06-28T16:26:48.749+0000] {logging_mixin.py:188} INFO - [2026-06-28T16:26:48.749+0000] {dagbag.py:545} INFO - Filling up the DagBag from /home/airflow/.local/lib/python3.12/site-packages/airflow/example_dags/tutorial_objectstorage.py
[2026-06-28T16:26:48.758+0000] {processor.py:840} INFO - DAG(s) 'tutorial_objectstorage' retrieved from /home/airflow/.local/lib/python3.12/site-packages/airflow/example_dags/tutorial_objectstorage.py
[2026-06-28T16:26:48.784+0000] {logging_mixin.py:188} INFO - [2026-06-28T16:26:48.784+0000] {dag.py:3096} INFO - Sync 1 DAGs
[2026-06-28T16:26:48.801+0000] {logging_mixin.py:188} INFO - [2026-06-28T16:26:48.800+0000] {dag.py:3954} INFO - Setting next_dagrun for tutorial_objectstorage to None, run_after=None
[2026-06-28T16:26:48.825+0000] {processor.py:183} INFO - Processing /home/airflow/.local/lib/python3.12/site-packages/airflow/example_dags/tutorial_objectstorage.py took 0.087 seconds
[2026-06-28T16:27:20.148+0000] {processor.py:161} INFO - Started process (PID=2785) to work on /home/airflow/.local/lib/python3.12/site-packages/airflow/example_dags/tutorial_objectstorage.py
[2026-06-28T16:27:20.149+0000] {processor.py:830} INFO - Processing file /home/airflow/.local/lib/python3.12/site-packages/airflow/example_dags/tutorial_objectstorage.py for tasks to queue
[2026-06-28T16:27:20.151+0000] {logging_mixin.py:188} INFO - [2026-06-28T16:27:20.151+0000] {dagbag.py:545} INFO - Filling up the DagBag from /home/airflow/.local/lib/python3.12/site-packages/airflow/example_dags/tutorial_objectstorage.py
[2026-06-28T16:27:20.165+0000] {processor.py:840} INFO - DAG(s) 'tutorial_objectstorage' retrieved from /home/airflow/.local/lib/python3.12/site-packages/airflow/example_dags/tutorial_objectstorage.py
[2026-06-28T16:27:20.231+0000] {logging_mixin.py:188} INFO - [2026-06-28T16:27:20.230+0000] {dag.py:3096} INFO - Sync 1 DAGs
[2026-06-28T16:27:20.253+0000] {logging_mixin.py:188} INFO - [2026-06-28T16:27:20.253+0000] {dag.py:3954} INFO - Setting next_dagrun for tutorial_objectstorage to None, run_after=None
[2026-06-28T16:27:20.291+0000] {processor.py:183} INFO - Processing /home/airflow/.local/lib/python3.12/site-packages/airflow/example_dags/tutorial_objectstorage.py took 0.188 seconds
[2026-06-28T16:27:50.795+0000] {processor.py:161} INFO - Started process (PID=2844) to work on /home/airflow/.local/lib/python3.12/site-packages/airflow/example_dags/tutorial_objectstorage.py
[2026-06-28T16:27:50.796+0000] {processor.py:830} INFO - Processing file /home/airflow/.local/lib/python3.12/site-packages/airflow/example_dags/tutorial_objectstorage.py for tasks to queue
[2026-06-28T16:27:50.798+0000] {logging_mixin.py:188} INFO - [2026-06-28T16:27:50.797+0000] {dagbag.py:545} INFO - Filling up the DagBag from /home/airflow/.local/lib/python3.12/site-packages/airflow/example_dags/tutorial_objectstorage.py
[2026-06-28T16:27:50.806+0000] {processor.py:840} INFO - DAG(s) 'tutorial_objectstorage' retrieved from /home/airflow/.local/lib/python3.12/site-packages/airflow/example_dags/tutorial_objectstorage.py
[2026-06-28T16:27:50.840+0000] {logging_mixin.py:188} INFO - [2026-06-28T16:27:50.839+0000] {dag.py:3096} INFO - Sync 1 DAGs
[2026-06-28T16:27:50.911+0000] {logging_mixin.py:188} INFO - [2026-06-28T16:27:50.911+0000] {dag.py:3954} INFO - Setting next_dagrun for tutorial_objectstorage to None, run_after=None
[2026-06-28T16:27:50.961+0000] {processor.py:183} INFO - Processing /home/airflow/.local/lib/python3.12/site-packages/airflow/example_dags/tutorial_objectstorage.py took 0.174 seconds
[2026-06-28T16:28:21.912+0000] {processor.py:161} INFO - Started process (PID=2903) to work on /home/airflow/.local/lib/python3.12/site-packages/airflow/example_dags/tutorial_objectstorage.py
[2026-06-28T16:28:21.914+0000] {processor.py:830} INFO - Processing file /home/airflow/.local/lib/python3.12/site-packages/airflow/example_dags/tutorial_objectstorage.py for tasks to queue
[2026-06-28T16:28:21.916+0000] {logging_mixin.py:188} INFO - [2026-06-28T16:28:21.916+0000] {dagbag.py:545} INFO - Filling up the DagBag from /home/airflow/.local/lib/python3.12/site-packages/airflow/example_dags/tutorial_objectstorage.py
[2026-06-28T16:28:21.926+0000] {processor.py:840} INFO - DAG(s) 'tutorial_objectstorage' retrieved from /home/airflow/.local/lib/python3.12/site-packages/airflow/example_dags/tutorial_objectstorage.py
[2026-06-28T16:28:21.952+0000] {logging_mixin.py:188} INFO - [2026-06-28T16:28:21.951+0000] {dag.py:3096} INFO - Sync 1 DAGs
[2026-06-28T16:28:21.970+0000] {logging_mixin.py:188} INFO - [2026-06-28T16:28:21.970+0000] {dag.py:3954} INFO - Setting next_dagrun for tutorial_objectstorage to None, run_after=None
[2026-06-28T16:28:21.994+0000] {processor.py:183} INFO - Processing /home/airflow/.local/lib/python3.12/site-packages/airflow/example_dags/tutorial_objectstorage.py took 0.090 seconds
[2026-06-28T16:28:52.915+0000] {processor.py:161} INFO - Started process (PID=2962) to work on /home/airflow/.local/lib/python3.12/site-packages/airflow/example_dags/tutorial_objectstorage.py
[2026-06-28T16:28:52.916+0000] {processor.py:830} INFO - Processing file /home/airflow/.local/lib/python3.12/site-packages/airflow/example_dags/tutorial_objectstorage.py for tasks to queue
[2026-06-28T16:28:52.918+0000] {logging_mixin.py:188} INFO - [2026-06-28T16:28:52.918+0000] {dagbag.py:545} INFO - Filling up the DagBag from /home/airflow/.local/lib/python3.12/site-packages/airflow/example_dags/tutorial_objectstorage.py
[2026-06-28T16:28:52.927+0000] {processor.py:840} INFO - DAG(s) 'tutorial_objectstorage' retrieved from /home/airflow/.local/lib/python3.12/site-packages/airflow/example_dags/tutorial_objectstorage.py
[2026-06-28T16:28:52.953+0000] {logging_mixin.py:188} INFO - [2026-06-28T16:28:52.952+0000] {dag.py:3096} INFO - Sync 1 DAGs
[2026-06-28T16:28:52.973+0000] {logging_mixin.py:188} INFO - [2026-06-28T16:28:52.973+0000] {dag.py:3954} INFO - Setting next_dagrun for tutorial_objectstorage to None, run_after=None
[2026-06-28T16:28:53.028+0000] {processor.py:183} INFO - Processing /home/airflow/.local/lib/python3.12/site-packages/airflow/example_dags/tutorial_objectstorage.py took 0.122 seconds
[2026-06-28T16:29:23.741+0000] {processor.py:161} INFO - Started process (PID=3021) to work on /home/airflow/.local/lib/python3.12/site-packages/airflow/example_dags/tutorial_objectstorage.py
[2026-06-28T16:29:23.746+0000] {processor.py:830} INFO - Processing file /home/airflow/.local/lib/python3.12/site-packages/airflow/example_dags/tutorial_objectstorage.py for tasks to queue
[2026-06-28T16:29:23.754+0000] {logging_mixin.py:188} INFO - [2026-06-28T16:29:23.752+0000] {dagbag.py:545} INFO - Filling up the DagBag from /home/airflow/.local/lib/python3.12/site-packages/airflow/example_dags/tutorial_objectstorage.py
[2026-06-28T16:29:23.782+0000] {processor.py:840} INFO - DAG(s) 'tutorial_objectstorage' retrieved from /home/airflow/.local/lib/python3.12/site-packages/airflow/example_dags/tutorial_objectstorage.py
[2026-06-28T16:29:23.832+0000] {logging_mixin.py:188} INFO - [2026-06-28T16:29:23.832+0000] {dag.py:3096} INFO - Sync 1 DAGs
[2026-06-28T16:29:23.865+0000] {logging_mixin.py:188} INFO - [2026-06-28T16:29:23.865+0000] {dag.py:3954} INFO - Setting next_dagrun for tutorial_objectstorage to None, run_after=None
[2026-06-28T16:29:23.913+0000] {processor.py:183} INFO - Processing /home/airflow/.local/lib/python3.12/site-packages/airflow/example_dags/tutorial_objectstorage.py took 0.200 seconds
[2026-06-28T16:29:54.193+0000] {processor.py:161} INFO - Started process (PID=3080) to work on /home/airflow/.local/lib/python3.12/site-packages/airflow/example_dags/tutorial_objectstorage.py
[2026-06-28T16:29:54.194+0000] {processor.py:830} INFO - Processing file /home/airflow/.local/lib/python3.12/site-packages/airflow/example_dags/tutorial_objectstorage.py for tasks to queue
[2026-06-28T16:29:54.196+0000] {logging_mixin.py:188} INFO - [2026-06-28T16:29:54.196+0000] {dagbag.py:545} INFO - Filling up the DagBag from /home/airflow/.local/lib/python3.12/site-packages/airflow/example_dags/tutorial_objectstorage.py
[2026-06-28T16:29:54.205+0000] {processor.py:840} INFO - DAG(s) 'tutorial_objectstorage' retrieved from /home/airflow/.local/lib/python3.12/site-packages/airflow/example_dags/tutorial_objectstorage.py
[2026-06-28T16:29:54.230+0000] {logging_mixin.py:188} INFO - [2026-06-28T16:29:54.230+0000] {dag.py:3096} INFO - Sync 1 DAGs
[2026-06-28T16:29:54.246+0000] {logging_mixin.py:188} INFO - [2026-06-28T16:29:54.246+0000] {dag.py:3954} INFO - Setting next_dagrun for tutorial_objectstorage to None, run_after=None
[2026-06-28T16:29:54.266+0000] {processor.py:183} INFO - Processing /home/airflow/.local/lib/python3.12/site-packages/airflow/example_dags/tutorial_objectstorage.py took 0.080 seconds
[2026-06-28T16:30:25.054+0000] {processor.py:161} INFO - Started process (PID=3139) to work on /home/airflow/.local/lib/python3.12/site-packages/airflow/example_dags/tutorial_objectstorage.py
[2026-06-28T16:30:25.055+0000] {processor.py:830} INFO - Processing file /home/airflow/.local/lib/python3.12/site-packages/airflow/example_dags/tutorial_objectstorage.py for tasks to queue
[2026-06-28T16:30:25.059+0000] {logging_mixin.py:188} INFO - [2026-06-28T16:30:25.059+0000] {dagbag.py:545} INFO - Filling up the DagBag from /home/airflow/.local/lib/python3.12/site-packages/airflow/example_dags/tutorial_objectstorage.py
[2026-06-28T16:30:25.070+0000] {processor.py:840} INFO - DAG(s) 'tutorial_objectstorage' retrieved from /home/airflow/.local/lib/python3.12/site-packages/airflow/example_dags/tutorial_objectstorage.py
[2026-06-28T16:30:25.098+0000] {logging_mixin.py:188} INFO - [2026-06-28T16:30:25.098+0000] {dag.py:3096} INFO - Sync 1 DAGs
[2026-06-28T16:30:25.117+0000] {logging_mixin.py:188} INFO - [2026-06-28T16:30:25.117+0000] {dag.py:3954} INFO - Setting next_dagrun for tutorial_objectstorage to None, run_after=None
[2026-06-28T16:30:25.140+0000] {processor.py:183} INFO - Processing /home/airflow/.local/lib/python3.12/site-packages/airflow/example_dags/tutorial_objectstorage.py took 0.093 seconds
[2026-06-28T16:30:55.465+0000] {processor.py:161} INFO - Started process (PID=3198) to work on /home/airflow/.local/lib/python3.12/site-packages/airflow/example_dags/tutorial_objectstorage.py
[2026-06-28T16:30:55.466+0000] {processor.py:830} INFO - Processing file /home/airflow/.local/lib/python3.12/site-packages/airflow/example_dags/tutorial_objectstorage.py for tasks to queue
[2026-06-28T16:30:55.469+0000] {logging_mixin.py:188} INFO - [2026-06-28T16:30:55.468+0000] {dagbag.py:545} INFO - Filling up the DagBag from /home/airflow/.local/lib/python3.12/site-packages/airflow/example_dags/tutorial_objectstorage.py
[2026-06-28T16:30:55.480+0000] {processor.py:840} INFO - DAG(s) 'tutorial_objectstorage' retrieved from /home/airflow/.local/lib/python3.12/site-packages/airflow/example_dags/tutorial_objectstorage.py
[2026-06-28T16:30:55.557+0000] {logging_mixin.py:188} INFO - [2026-06-28T16:30:55.556+0000] {dag.py:3096} INFO - Sync 1 DAGs
[2026-06-28T16:30:55.578+0000] {logging_mixin.py:188} INFO - [2026-06-28T16:30:55.578+0000] {dag.py:3954} INFO - Setting next_dagrun for tutorial_objectstorage to None, run_after=None
[2026-06-28T16:30:55.608+0000] {processor.py:183} INFO - Processing /home/airflow/.local/lib/python3.12/site-packages/airflow/example_dags/tutorial_objectstorage.py took 0.152 seconds
[2026-06-28T16:31:25.769+0000] {processor.py:161} INFO - Started process (PID=3257) to work on /home/airflow/.local/lib/python3.12/site-packages/airflow/example_dags/tutorial_objectstorage.py
[2026-06-28T16:31:25.770+0000] {processor.py:830} INFO - Processing file /home/airflow/.local/lib/python3.12/site-packages/airflow/example_dags/tutorial_objectstorage.py for tasks to queue
[2026-06-28T16:31:25.772+0000] {logging_mixin.py:188} INFO - [2026-06-28T16:31:25.772+0000] {dagbag.py:545} INFO - Filling up the DagBag from /home/airflow/.local/lib/python3.12/site-packages/airflow/example_dags/tutorial_objectstorage.py
[2026-06-28T16:31:25.781+0000] {processor.py:840} INFO - DAG(s) 'tutorial_objectstorage' retrieved from /home/airflow/.local/lib/python3.12/site-packages/airflow/example_dags/tutorial_objectstorage.py
[2026-06-28T16:31:25.809+0000] {logging_mixin.py:188} INFO - [2026-06-28T16:31:25.808+0000] {dag.py:3096} INFO - Sync 1 DAGs
[2026-06-28T16:31:25.827+0000] {logging_mixin.py:188} INFO - [2026-06-28T16:31:25.827+0000] {dag.py:3954} INFO - Setting next_dagrun for tutorial_objectstorage to None, run_after=None
[2026-06-28T16:31:25.850+0000] {processor.py:183} INFO - Processing /home/airflow/.local/lib/python3.12/site-packages/airflow/example_dags/tutorial_objectstorage.py took 0.089 seconds
[2026-06-28T16:31:56.591+0000] {processor.py:161} INFO - Started process (PID=3320) to work on /home/airflow/.local/lib/python3.12/site-packages/airflow/example_dags/tutorial_objectstorage.py
[2026-06-28T16:31:56.592+0000] {processor.py:830} INFO - Processing file /home/airflow/.local/lib/python3.12/site-packages/airflow/example_dags/tutorial_objectstorage.py for tasks to queue
[2026-06-28T16:31:56.595+0000] {logging_mixin.py:188} INFO - [2026-06-28T16:31:56.594+0000] {dagbag.py:545} INFO - Filling up the DagBag from /home/airflow/.local/lib/python3.12/site-packages/airflow/example_dags/tutorial_objectstorage.py
[2026-06-28T16:31:56.606+0000] {processor.py:840} INFO - DAG(s) 'tutorial_objectstorage' retrieved from /home/airflow/.local/lib/python3.12/site-packages/airflow/example_dags/tutorial_objectstorage.py
[2026-06-28T16:31:56.634+0000] {logging_mixin.py:188} INFO - [2026-06-28T16:31:56.634+0000] {dag.py:3096} INFO - Sync 1 DAGs
[2026-06-28T16:31:56.652+0000] {logging_mixin.py:188} INFO - [2026-06-28T16:31:56.652+0000] {dag.py:3954} INFO - Setting next_dagrun for tutorial_objectstorage to None, run_after=None
[2026-06-28T16:31:56.673+0000] {processor.py:183} INFO - Processing /home/airflow/.local/lib/python3.12/site-packages/airflow/example_dags/tutorial_objectstorage.py took 0.091 seconds
[2026-06-28T16:32:27.272+0000] {processor.py:161} INFO - Started process (PID=3379) to work on /home/airflow/.local/lib/python3.12/site-packages/airflow/example_dags/tutorial_objectstorage.py
[2026-06-28T16:32:27.273+0000] {processor.py:830} INFO - Processing file /home/airflow/.local/lib/python3.12/site-packages/airflow/example_dags/tutorial_objectstorage.py for tasks to queue
[2026-06-28T16:32:27.276+0000] {logging_mixin.py:188} INFO - [2026-06-28T16:32:27.275+0000] {dagbag.py:545} INFO - Filling up the DagBag from /home/airflow/.local/lib/python3.12/site-packages/airflow/example_dags/tutorial_objectstorage.py
[2026-06-28T16:32:27.286+0000] {processor.py:840} INFO - DAG(s) 'tutorial_objectstorage' retrieved from /home/airflow/.local/lib/python3.12/site-packages/airflow/example_dags/tutorial_objectstorage.py
[2026-06-28T16:32:27.311+0000] {logging_mixin.py:188} INFO - [2026-06-28T16:32:27.310+0000] {dag.py:3096} INFO - Sync 1 DAGs
[2026-06-28T16:32:27.329+0000] {logging_mixin.py:188} INFO - [2026-06-28T16:32:27.329+0000] {dag.py:3954} INFO - Setting next_dagrun for tutorial_objectstorage to None, run_after=None
[2026-06-28T16:32:27.353+0000] {processor.py:183} INFO - Processing /home/airflow/.local/lib/python3.12/site-packages/airflow/example_dags/tutorial_objectstorage.py took 0.088 seconds
[2026-06-28T16:32:58.034+0000] {processor.py:161} INFO - Started process (PID=3438) to work on /home/airflow/.local/lib/python3.12/site-packages/airflow/example_dags/tutorial_objectstorage.py
[2026-06-28T16:32:58.035+0000] {processor.py:830} INFO - Processing file /home/airflow/.local/lib/python3.12/site-packages/airflow/example_dags/tutorial_objectstorage.py for tasks to queue
[2026-06-28T16:32:58.037+0000] {logging_mixin.py:188} INFO - [2026-06-28T16:32:58.037+0000] {dagbag.py:545} INFO - Filling up the DagBag from /home/airflow/.local/lib/python3.12/site-packages/airflow/example_dags/tutorial_objectstorage.py
[2026-06-28T16:32:58.047+0000] {processor.py:840} INFO - DAG(s) 'tutorial_objectstorage' retrieved from /home/airflow/.local/lib/python3.12/site-packages/airflow/example_dags/tutorial_objectstorage.py
[2026-06-28T16:32:58.073+0000] {logging_mixin.py:188} INFO - [2026-06-28T16:32:58.073+0000] {dag.py:3096} INFO - Sync 1 DAGs
[2026-06-28T16:32:58.092+0000] {logging_mixin.py:188} INFO - [2026-06-28T16:32:58.091+0000] {dag.py:3954} INFO - Setting next_dagrun for tutorial_objectstorage to None, run_after=None
[2026-06-28T16:32:58.116+0000] {processor.py:183} INFO - Processing /home/airflow/.local/lib/python3.12/site-packages/airflow/example_dags/tutorial_objectstorage.py took 0.094 seconds
[2026-06-28T16:33:29.118+0000] {processor.py:161} INFO - Started process (PID=3497) to work on /home/airflow/.local/lib/python3.12/site-packages/airflow/example_dags/tutorial_objectstorage.py
[2026-06-28T16:33:29.120+0000] {processor.py:830} INFO - Processing file /home/airflow/.local/lib/python3.12/site-packages/airflow/example_dags/tutorial_objectstorage.py for tasks to queue
[2026-06-28T16:33:29.124+0000] {logging_mixin.py:188} INFO - [2026-06-28T16:33:29.124+0000] {dagbag.py:545} INFO - Filling up the DagBag from /home/airflow/.local/lib/python3.12/site-packages/airflow/example_dags/tutorial_objectstorage.py
[2026-06-28T16:33:29.142+0000] {processor.py:840} INFO - DAG(s) 'tutorial_objectstorage' retrieved from /home/airflow/.local/lib/python3.12/site-packages/airflow/example_dags/tutorial_objectstorage.py
[2026-06-28T16:33:29.202+0000] {logging_mixin.py:188} INFO - [2026-06-28T16:33:29.201+0000] {dag.py:3096} INFO - Sync 1 DAGs
[2026-06-28T16:33:29.265+0000] {logging_mixin.py:188} INFO - [2026-06-28T16:33:29.265+0000] {dag.py:3954} INFO - Setting next_dagrun for tutorial_objectstorage to None, run_after=None
[2026-06-28T16:33:29.331+0000] {processor.py:183} INFO - Processing /home/airflow/.local/lib/python3.12/site-packages/airflow/example_dags/tutorial_objectstorage.py took 0.242 seconds
[2026-06-28T16:34:00.227+0000] {processor.py:161} INFO - Started process (PID=3556) to work on /home/airflow/.local/lib/python3.12/site-packages/airflow/example_dags/tutorial_objectstorage.py
[2026-06-28T16:34:00.228+0000] {processor.py:830} INFO - Processing file /home/airflow/.local/lib/python3.12/site-packages/airflow/example_dags/tutorial_objectstorage.py for tasks to queue
[2026-06-28T16:34:00.230+0000] {logging_mixin.py:188} INFO - [2026-06-28T16:34:00.230+0000] {dagbag.py:545} INFO - Filling up the DagBag from /home/airflow/.local/lib/python3.12/site-packages/airflow/example_dags/tutorial_objectstorage.py
[2026-06-28T16:34:00.240+0000] {processor.py:840} INFO - DAG(s) 'tutorial_objectstorage' retrieved from /home/airflow/.local/lib/python3.12/site-packages/airflow/example_dags/tutorial_objectstorage.py
[2026-06-28T16:34:00.266+0000] {logging_mixin.py:188} INFO - [2026-06-28T16:34:00.266+0000] {dag.py:3096} INFO - Sync 1 DAGs
[2026-06-28T16:34:00.284+0000] {logging_mixin.py:188} INFO - [2026-06-28T16:34:00.283+0000] {dag.py:3954} INFO - Setting next_dagrun for tutorial_objectstorage to None, run_after=None
[2026-06-28T16:34:00.306+0000] {processor.py:183} INFO - Processing /home/airflow/.local/lib/python3.12/site-packages/airflow/example_dags/tutorial_objectstorage.py took 0.086 seconds
[2026-06-28T16:34:30.863+0000] {processor.py:161} INFO - Started process (PID=3615) to work on /home/airflow/.local/lib/python3.12/site-packages/airflow/example_dags/tutorial_objectstorage.py
[2026-06-28T16:34:30.864+0000] {processor.py:830} INFO - Processing file /home/airflow/.local/lib/python3.12/site-packages/airflow/example_dags/tutorial_objectstorage.py for tasks to queue
[2026-06-28T16:34:30.867+0000] {logging_mixin.py:188} INFO - [2026-06-28T16:34:30.866+0000] {dagbag.py:545} INFO - Filling up the DagBag from /home/airflow/.local/lib/python3.12/site-packages/airflow/example_dags/tutorial_objectstorage.py
[2026-06-28T16:34:30.875+0000] {processor.py:840} INFO - DAG(s) 'tutorial_objectstorage' retrieved from /home/airflow/.local/lib/python3.12/site-packages/airflow/example_dags/tutorial_objectstorage.py
[2026-06-28T16:34:30.900+0000] {logging_mixin.py:188} INFO - [2026-06-28T16:34:30.900+0000] {dag.py:3096} INFO - Sync 1 DAGs
[2026-06-28T16:34:30.917+0000] {logging_mixin.py:188} INFO - [2026-06-28T16:34:30.917+0000] {dag.py:3954} INFO - Setting next_dagrun for tutorial_objectstorage to None, run_after=None
[2026-06-28T16:34:30.947+0000] {processor.py:183} INFO - Processing /home/airflow/.local/lib/python3.12/site-packages/airflow/example_dags/tutorial_objectstorage.py took 0.091 seconds
[2026-06-28T16:35:01.049+0000] {processor.py:161} INFO - Started process (PID=3674) to work on /home/airflow/.local/lib/python3.12/site-packages/airflow/example_dags/tutorial_objectstorage.py
[2026-06-28T16:35:01.052+0000] {processor.py:830} INFO - Processing file /home/airflow/.local/lib/python3.12/site-packages/airflow/example_dags/tutorial_objectstorage.py for tasks to queue
[2026-06-28T16:35:01.057+0000] {logging_mixin.py:188} INFO - [2026-06-28T16:35:01.057+0000] {dagbag.py:545} INFO - Filling up the DagBag from /home/airflow/.local/lib/python3.12/site-packages/airflow/example_dags/tutorial_objectstorage.py
[2026-06-28T16:35:01.107+0000] {processor.py:840} INFO - DAG(s) 'tutorial_objectstorage' retrieved from /home/airflow/.local/lib/python3.12/site-packages/airflow/example_dags/tutorial_objectstorage.py
[2026-06-28T16:35:01.186+0000] {logging_mixin.py:188} INFO - [2026-06-28T16:35:01.186+0000] {dag.py:3096} INFO - Sync 1 DAGs
[2026-06-28T16:35:01.240+0000] {logging_mixin.py:188} INFO - [2026-06-28T16:35:01.240+0000] {dag.py:3954} INFO - Setting next_dagrun for tutorial_objectstorage to None, run_after=None
[2026-06-28T16:35:01.388+0000] {processor.py:183} INFO - Processing /home/airflow/.local/lib/python3.12/site-packages/airflow/example_dags/tutorial_objectstorage.py took 0.359 seconds
[2026-06-28T16:35:32.095+0000] {processor.py:161} INFO - Started process (PID=3733) to work on /home/airflow/.local/lib/python3.12/site-packages/airflow/example_dags/tutorial_objectstorage.py
[2026-06-28T16:35:32.096+0000] {processor.py:830} INFO - Processing file /home/airflow/.local/lib/python3.12/site-packages/airflow/example_dags/tutorial_objectstorage.py for tasks to queue
[2026-06-28T16:35:32.099+0000] {logging_mixin.py:188} INFO - [2026-06-28T16:35:32.099+0000] {dagbag.py:545} INFO - Filling up the DagBag from /home/airflow/.local/lib/python3.12/site-packages/airflow/example_dags/tutorial_objectstorage.py
[2026-06-28T16:35:32.126+0000] {processor.py:840} INFO - DAG(s) 'tutorial_objectstorage' retrieved from /home/airflow/.local/lib/python3.12/site-packages/airflow/example_dags/tutorial_objectstorage.py
[2026-06-28T16:35:32.255+0000] {logging_mixin.py:188} INFO - [2026-06-28T16:35:32.254+0000] {dag.py:3096} INFO - Sync 1 DAGs
[2026-06-28T16:35:32.291+0000] {logging_mixin.py:188} INFO - [2026-06-28T16:35:32.291+0000] {dag.py:3954} INFO - Setting next_dagrun for tutorial_objectstorage to None, run_after=None
[2026-06-28T16:35:32.379+0000] {processor.py:183} INFO - Processing /home/airflow/.local/lib/python3.12/site-packages/airflow/example_dags/tutorial_objectstorage.py took 0.303 seconds
[2026-06-28T16:36:03.214+0000] {processor.py:161} INFO - Started process (PID=3791) to work on /home/airflow/.local/lib/python3.12/site-packages/airflow/example_dags/tutorial_objectstorage.py
[2026-06-28T16:36:03.215+0000] {processor.py:830} INFO - Processing file /home/airflow/.local/lib/python3.12/site-packages/airflow/example_dags/tutorial_objectstorage.py for tasks to queue
[2026-06-28T16:36:03.217+0000] {logging_mixin.py:188} INFO - [2026-06-28T16:36:03.217+0000] {dagbag.py:545} INFO - Filling up the DagBag from /home/airflow/.local/lib/python3.12/site-packages/airflow/example_dags/tutorial_objectstorage.py
[2026-06-28T16:36:03.226+0000] {processor.py:840} INFO - DAG(s) 'tutorial_objectstorage' retrieved from /home/airflow/.local/lib/python3.12/site-packages/airflow/example_dags/tutorial_objectstorage.py
[2026-06-28T16:36:03.250+0000] {logging_mixin.py:188} INFO - [2026-06-28T16:36:03.249+0000] {dag.py:3096} INFO - Sync 1 DAGs
[2026-06-28T16:36:03.267+0000] {logging_mixin.py:188} INFO - [2026-06-28T16:36:03.267+0000] {dag.py:3954} INFO - Setting next_dagrun for tutorial_objectstorage to None, run_after=None
[2026-06-28T16:36:03.289+0000] {processor.py:183} INFO - Processing /home/airflow/.local/lib/python3.12/site-packages/airflow/example_dags/tutorial_objectstorage.py took 0.082 seconds
[2026-06-28T16:36:33.730+0000] {processor.py:161} INFO - Started process (PID=3850) to work on /home/airflow/.local/lib/python3.12/site-packages/airflow/example_dags/tutorial_objectstorage.py
[2026-06-28T16:36:33.731+0000] {processor.py:830} INFO - Processing file /home/airflow/.local/lib/python3.12/site-packages/airflow/example_dags/tutorial_objectstorage.py for tasks to queue
[2026-06-28T16:36:33.733+0000] {logging_mixin.py:188} INFO - [2026-06-28T16:36:33.733+0000] {dagbag.py:545} INFO - Filling up the DagBag from /home/airflow/.local/lib/python3.12/site-packages/airflow/example_dags/tutorial_objectstorage.py
[2026-06-28T16:36:33.743+0000] {processor.py:840} INFO - DAG(s) 'tutorial_objectstorage' retrieved from /home/airflow/.local/lib/python3.12/site-packages/airflow/example_dags/tutorial_objectstorage.py
[2026-06-28T16:36:33.768+0000] {logging_mixin.py:188} INFO - [2026-06-28T16:36:33.767+0000] {dag.py:3096} INFO - Sync 1 DAGs
[2026-06-28T16:36:33.785+0000] {logging_mixin.py:188} INFO - [2026-06-28T16:36:33.785+0000] {dag.py:3954} INFO - Setting next_dagrun for tutorial_objectstorage to None, run_after=None
[2026-06-28T16:36:33.829+0000] {processor.py:183} INFO - Processing /home/airflow/.local/lib/python3.12/site-packages/airflow/example_dags/tutorial_objectstorage.py took 0.106 seconds
[2026-06-28T16:37:04.301+0000] {processor.py:161} INFO - Started process (PID=3909) to work on /home/airflow/.local/lib/python3.12/site-packages/airflow/example_dags/tutorial_objectstorage.py
[2026-06-28T16:37:04.302+0000] {processor.py:830} INFO - Processing file /home/airflow/.local/lib/python3.12/site-packages/airflow/example_dags/tutorial_objectstorage.py for tasks to queue
[2026-06-28T16:37:04.304+0000] {logging_mixin.py:188} INFO - [2026-06-28T16:37:04.304+0000] {dagbag.py:545} INFO - Filling up the DagBag from /home/airflow/.local/lib/python3.12/site-packages/airflow/example_dags/tutorial_objectstorage.py
[2026-06-28T16:37:04.317+0000] {processor.py:840} INFO - DAG(s) 'tutorial_objectstorage' retrieved from /home/airflow/.local/lib/python3.12/site-packages/airflow/example_dags/tutorial_objectstorage.py
[2026-06-28T16:37:04.350+0000] {logging_mixin.py:188} INFO - [2026-06-28T16:37:04.350+0000] {dag.py:3096} INFO - Sync 1 DAGs
[2026-06-28T16:37:04.367+0000] {logging_mixin.py:188} INFO - [2026-06-28T16:37:04.366+0000] {dag.py:3954} INFO - Setting next_dagrun for tutorial_objectstorage to None, run_after=None
[2026-06-28T16:37:04.392+0000] {processor.py:183} INFO - Processing /home/airflow/.local/lib/python3.12/site-packages/airflow/example_dags/tutorial_objectstorage.py took 0.098 seconds
[2026-06-28T16:37:34.984+0000] {processor.py:161} INFO - Started process (PID=3968) to work on /home/airflow/.local/lib/python3.12/site-packages/airflow/example_dags/tutorial_objectstorage.py
[2026-06-28T16:37:34.985+0000] {processor.py:830} INFO - Processing file /home/airflow/.local/lib/python3.12/site-packages/airflow/example_dags/tutorial_objectstorage.py for tasks to queue
[2026-06-28T16:37:34.987+0000] {logging_mixin.py:188} INFO - [2026-06-28T16:37:34.987+0000] {dagbag.py:545} INFO - Filling up the DagBag from /home/airflow/.local/lib/python3.12/site-packages/airflow/example_dags/tutorial_objectstorage.py
[2026-06-28T16:37:34.996+0000] {processor.py:840} INFO - DAG(s) 'tutorial_objectstorage' retrieved from /home/airflow/.local/lib/python3.12/site-packages/airflow/example_dags/tutorial_objectstorage.py
[2026-06-28T16:37:35.025+0000] {logging_mixin.py:188} INFO - [2026-06-28T16:37:35.024+0000] {dag.py:3096} INFO - Sync 1 DAGs
[2026-06-28T16:37:35.042+0000] {logging_mixin.py:188} INFO - [2026-06-28T16:37:35.042+0000] {dag.py:3954} INFO - Setting next_dagrun for tutorial_objectstorage to None, run_after=None
[2026-06-28T16:37:35.068+0000] {processor.py:183} INFO - Processing /home/airflow/.local/lib/python3.12/site-packages/airflow/example_dags/tutorial_objectstorage.py took 0.090 seconds
[2026-06-28T16:38:05.249+0000] {processor.py:161} INFO - Started process (PID=4027) to work on /home/airflow/.local/lib/python3.12/site-packages/airflow/example_dags/tutorial_objectstorage.py
[2026-06-28T16:38:05.250+0000] {processor.py:830} INFO - Processing file /home/airflow/.local/lib/python3.12/site-packages/airflow/example_dags/tutorial_objectstorage.py for tasks to queue
[2026-06-28T16:38:05.252+0000] {logging_mixin.py:188} INFO - [2026-06-28T16:38:05.252+0000] {dagbag.py:545} INFO - Filling up the DagBag from /home/airflow/.local/lib/python3.12/site-packages/airflow/example_dags/tutorial_objectstorage.py
[2026-06-28T16:38:05.262+0000] {processor.py:840} INFO - DAG(s) 'tutorial_objectstorage' retrieved from /home/airflow/.local/lib/python3.12/site-packages/airflow/example_dags/tutorial_objectstorage.py
[2026-06-28T16:38:05.287+0000] {logging_mixin.py:188} INFO - [2026-06-28T16:38:05.286+0000] {dag.py:3096} INFO - Sync 1 DAGs
[2026-06-28T16:38:05.304+0000] {logging_mixin.py:188} INFO - [2026-06-28T16:38:05.303+0000] {dag.py:3954} INFO - Setting next_dagrun for tutorial_objectstorage to None, run_after=None
[2026-06-28T16:38:05.325+0000] {processor.py:183} INFO - Processing /home/airflow/.local/lib/python3.12/site-packages/airflow/example_dags/tutorial_objectstorage.py took 0.082 seconds
[2026-06-28T16:38:35.693+0000] {processor.py:161} INFO - Started process (PID=4086) to work on /home/airflow/.local/lib/python3.12/site-packages/airflow/example_dags/tutorial_objectstorage.py
[2026-06-28T16:38:35.694+0000] {processor.py:830} INFO - Processing file /home/airflow/.local/lib/python3.12/site-packages/airflow/example_dags/tutorial_objectstorage.py for tasks to queue
[2026-06-28T16:38:35.696+0000] {logging_mixin.py:188} INFO - [2026-06-28T16:38:35.696+0000] {dagbag.py:545} INFO - Filling up the DagBag from /home/airflow/.local/lib/python3.12/site-packages/airflow/example_dags/tutorial_objectstorage.py
[2026-06-28T16:38:35.705+0000] {processor.py:840} INFO - DAG(s) 'tutorial_objectstorage' retrieved from /home/airflow/.local/lib/python3.12/site-packages/airflow/example_dags/tutorial_objectstorage.py
[2026-06-28T16:38:35.730+0000] {logging_mixin.py:188} INFO - [2026-06-28T16:38:35.730+0000] {dag.py:3096} INFO - Sync 1 DAGs
[2026-06-28T16:38:35.747+0000] {logging_mixin.py:188} INFO - [2026-06-28T16:38:35.747+0000] {dag.py:3954} INFO - Setting next_dagrun for tutorial_objectstorage to None, run_after=None
[2026-06-28T16:38:35.771+0000] {processor.py:183} INFO - Processing /home/airflow/.local/lib/python3.12/site-packages/airflow/example_dags/tutorial_objectstorage.py took 0.085 seconds
[2026-06-28T16:39:06.264+0000] {processor.py:161} INFO - Started process (PID=4145) to work on /home/airflow/.local/lib/python3.12/site-packages/airflow/example_dags/tutorial_objectstorage.py
[2026-06-28T16:39:06.269+0000] {processor.py:830} INFO - Processing file /home/airflow/.local/lib/python3.12/site-packages/airflow/example_dags/tutorial_objectstorage.py for tasks to queue
[2026-06-28T16:39:06.272+0000] {logging_mixin.py:188} INFO - [2026-06-28T16:39:06.272+0000] {dagbag.py:545} INFO - Filling up the DagBag from /home/airflow/.local/lib/python3.12/site-packages/airflow/example_dags/tutorial_objectstorage.py
[2026-06-28T16:39:06.289+0000] {processor.py:840} INFO - DAG(s) 'tutorial_objectstorage' retrieved from /home/airflow/.local/lib/python3.12/site-packages/airflow/example_dags/tutorial_objectstorage.py
[2026-06-28T16:39:06.343+0000] {logging_mixin.py:188} INFO - [2026-06-28T16:39:06.343+0000] {dag.py:3096} INFO - Sync 1 DAGs
[2026-06-28T16:39:06.416+0000] {logging_mixin.py:188} INFO - [2026-06-28T16:39:06.415+0000] {dag.py:3954} INFO - Setting next_dagrun for tutorial_objectstorage to None, run_after=None
[2026-06-28T16:39:06.488+0000] {processor.py:183} INFO - Processing /home/airflow/.local/lib/python3.12/site-packages/airflow/example_dags/tutorial_objectstorage.py took 0.238 seconds
[2026-06-28T16:39:36.714+0000] {processor.py:161} INFO - Started process (PID=4204) to work on /home/airflow/.local/lib/python3.12/site-packages/airflow/example_dags/tutorial_objectstorage.py
[2026-06-28T16:39:36.721+0000] {processor.py:830} INFO - Processing file /home/airflow/.local/lib/python3.12/site-packages/airflow/example_dags/tutorial_objectstorage.py for tasks to queue
[2026-06-28T16:39:36.734+0000] {logging_mixin.py:188} INFO - [2026-06-28T16:39:36.733+0000] {dagbag.py:545} INFO - Filling up the DagBag from /home/airflow/.local/lib/python3.12/site-packages/airflow/example_dags/tutorial_objectstorage.py
[2026-06-28T16:39:36.762+0000] {processor.py:840} INFO - DAG(s) 'tutorial_objectstorage' retrieved from /home/airflow/.local/lib/python3.12/site-packages/airflow/example_dags/tutorial_objectstorage.py
[2026-06-28T16:39:36.832+0000] {logging_mixin.py:188} INFO - [2026-06-28T16:39:36.832+0000] {dag.py:3096} INFO - Sync 1 DAGs
[2026-06-28T16:39:36.855+0000] {logging_mixin.py:188} INFO - [2026-06-28T16:39:36.855+0000] {dag.py:3954} INFO - Setting next_dagrun for tutorial_objectstorage to None, run_after=None
[2026-06-28T16:39:36.887+0000] {processor.py:183} INFO - Processing /home/airflow/.local/lib/python3.12/site-packages/airflow/example_dags/tutorial_objectstorage.py took 0.204 seconds
[2026-06-28T16:40:07.012+0000] {processor.py:161} INFO - Started process (PID=4263) to work on /home/airflow/.local/lib/python3.12/site-packages/airflow/example_dags/tutorial_objectstorage.py
[2026-06-28T16:40:07.013+0000] {processor.py:830} INFO - Processing file /home/airflow/.local/lib/python3.12/site-packages/airflow/example_dags/tutorial_objectstorage.py for tasks to queue
[2026-06-28T16:40:07.014+0000] {logging_mixin.py:188} INFO - [2026-06-28T16:40:07.014+0000] {dagbag.py:545} INFO - Filling up the DagBag from /home/airflow/.local/lib/python3.12/site-packages/airflow/example_dags/tutorial_objectstorage.py
[2026-06-28T16:40:07.021+0000] {processor.py:840} INFO - DAG(s) 'tutorial_objectstorage' retrieved from /home/airflow/.local/lib/python3.12/site-packages/airflow/example_dags/tutorial_objectstorage.py
[2026-06-28T16:40:07.045+0000] {logging_mixin.py:188} INFO - [2026-06-28T16:40:07.045+0000] {dag.py:3096} INFO - Sync 1 DAGs
[2026-06-28T16:40:07.064+0000] {logging_mixin.py:188} INFO - [2026-06-28T16:40:07.064+0000] {dag.py:3954} INFO - Setting next_dagrun for tutorial_objectstorage to None, run_after=None
[2026-06-28T16:40:07.086+0000] {processor.py:183} INFO - Processing /home/airflow/.local/lib/python3.12/site-packages/airflow/example_dags/tutorial_objectstorage.py took 0.079 seconds
[2026-06-28T16:40:37.350+0000] {processor.py:161} INFO - Started process (PID=4322) to work on /home/airflow/.local/lib/python3.12/site-packages/airflow/example_dags/tutorial_objectstorage.py
[2026-06-28T16:40:37.353+0000] {processor.py:830} INFO - Processing file /home/airflow/.local/lib/python3.12/site-packages/airflow/example_dags/tutorial_objectstorage.py for tasks to queue
[2026-06-28T16:40:37.357+0000] {logging_mixin.py:188} INFO - [2026-06-28T16:40:37.356+0000] {dagbag.py:545} INFO - Filling up the DagBag from /home/airflow/.local/lib/python3.12/site-packages/airflow/example_dags/tutorial_objectstorage.py
[2026-06-28T16:40:37.367+0000] {processor.py:840} INFO - DAG(s) 'tutorial_objectstorage' retrieved from /home/airflow/.local/lib/python3.12/site-packages/airflow/example_dags/tutorial_objectstorage.py
[2026-06-28T16:40:37.393+0000] {logging_mixin.py:188} INFO - [2026-06-28T16:40:37.393+0000] {dag.py:3096} INFO - Sync 1 DAGs
[2026-06-28T16:40:37.411+0000] {logging_mixin.py:188} INFO - [2026-06-28T16:40:37.411+0000] {dag.py:3954} INFO - Setting next_dagrun for tutorial_objectstorage to None, run_after=None
[2026-06-28T16:40:37.451+0000] {processor.py:183} INFO - Processing /home/airflow/.local/lib/python3.12/site-packages/airflow/example_dags/tutorial_objectstorage.py took 0.108 seconds
[2026-06-28T16:41:07.699+0000] {processor.py:161} INFO - Started process (PID=4381) to work on /home/airflow/.local/lib/python3.12/site-packages/airflow/example_dags/tutorial_objectstorage.py
[2026-06-28T16:41:07.701+0000] {processor.py:830} INFO - Processing file /home/airflow/.local/lib/python3.12/site-packages/airflow/example_dags/tutorial_objectstorage.py for tasks to queue
[2026-06-28T16:41:07.705+0000] {logging_mixin.py:188} INFO - [2026-06-28T16:41:07.704+0000] {dagbag.py:545} INFO - Filling up the DagBag from /home/airflow/.local/lib/python3.12/site-packages/airflow/example_dags/tutorial_objectstorage.py
[2026-06-28T16:41:07.729+0000] {processor.py:840} INFO - DAG(s) 'tutorial_objectstorage' retrieved from /home/airflow/.local/lib/python3.12/site-packages/airflow/example_dags/tutorial_objectstorage.py
[2026-06-28T16:41:07.789+0000] {logging_mixin.py:188} INFO - [2026-06-28T16:41:07.789+0000] {dag.py:3096} INFO - Sync 1 DAGs
[2026-06-28T16:41:07.824+0000] {logging_mixin.py:188} INFO - [2026-06-28T16:41:07.824+0000] {dag.py:3954} INFO - Setting next_dagrun for tutorial_objectstorage to None, run_after=None
[2026-06-28T16:41:07.894+0000] {processor.py:183} INFO - Processing /home/airflow/.local/lib/python3.12/site-packages/airflow/example_dags/tutorial_objectstorage.py took 0.216 seconds
[2026-06-28T16:41:38.309+0000] {processor.py:161} INFO - Started process (PID=4440) to work on /home/airflow/.local/lib/python3.12/site-packages/airflow/example_dags/tutorial_objectstorage.py
[2026-06-28T16:41:38.313+0000] {processor.py:830} INFO - Processing file /home/airflow/.local/lib/python3.12/site-packages/airflow/example_dags/tutorial_objectstorage.py for tasks to queue
[2026-06-28T16:41:38.317+0000] {logging_mixin.py:188} INFO - [2026-06-28T16:41:38.317+0000] {dagbag.py:545} INFO - Filling up the DagBag from /home/airflow/.local/lib/python3.12/site-packages/airflow/example_dags/tutorial_objectstorage.py
[2026-06-28T16:41:38.331+0000] {processor.py:840} INFO - DAG(s) 'tutorial_objectstorage' retrieved from /home/airflow/.local/lib/python3.12/site-packages/airflow/example_dags/tutorial_objectstorage.py
[2026-06-28T16:41:38.378+0000] {logging_mixin.py:188} INFO - [2026-06-28T16:41:38.378+0000] {dag.py:3096} INFO - Sync 1 DAGs
[2026-06-28T16:41:38.413+0000] {logging_mixin.py:188} INFO - [2026-06-28T16:41:38.413+0000] {dag.py:3954} INFO - Setting next_dagrun for tutorial_objectstorage to None, run_after=None
[2026-06-28T16:41:38.436+0000] {processor.py:183} INFO - Processing /home/airflow/.local/lib/python3.12/site-packages/airflow/example_dags/tutorial_objectstorage.py took 0.134 seconds
[2026-06-28T16:42:08.618+0000] {processor.py:161} INFO - Started process (PID=4499) to work on /home/airflow/.local/lib/python3.12/site-packages/airflow/example_dags/tutorial_objectstorage.py
[2026-06-28T16:42:08.619+0000] {processor.py:830} INFO - Processing file /home/airflow/.local/lib/python3.12/site-packages/airflow/example_dags/tutorial_objectstorage.py for tasks to queue
[2026-06-28T16:42:08.621+0000] {logging_mixin.py:188} INFO - [2026-06-28T16:42:08.621+0000] {dagbag.py:545} INFO - Filling up the DagBag from /home/airflow/.local/lib/python3.12/site-packages/airflow/example_dags/tutorial_objectstorage.py
[2026-06-28T16:42:08.630+0000] {processor.py:840} INFO - DAG(s) 'tutorial_objectstorage' retrieved from /home/airflow/.local/lib/python3.12/site-packages/airflow/example_dags/tutorial_objectstorage.py
[2026-06-28T16:42:08.656+0000] {logging_mixin.py:188} INFO - [2026-06-28T16:42:08.656+0000] {dag.py:3096} INFO - Sync 1 DAGs
[2026-06-28T16:42:08.673+0000] {logging_mixin.py:188} INFO - [2026-06-28T16:42:08.673+0000] {dag.py:3954} INFO - Setting next_dagrun for tutorial_objectstorage to None, run_after=None
[2026-06-28T16:42:08.695+0000] {processor.py:183} INFO - Processing /home/airflow/.local/lib/python3.12/site-packages/airflow/example_dags/tutorial_objectstorage.py took 0.084 seconds
[2026-06-28T16:42:38.775+0000] {processor.py:161} INFO - Started process (PID=4557) to work on /home/airflow/.local/lib/python3.12/site-packages/airflow/example_dags/tutorial_objectstorage.py
[2026-06-28T16:42:38.777+0000] {processor.py:830} INFO - Processing file /home/airflow/.local/lib/python3.12/site-packages/airflow/example_dags/tutorial_objectstorage.py for tasks to queue
[2026-06-28T16:42:38.787+0000] {logging_mixin.py:188} INFO - [2026-06-28T16:42:38.784+0000] {dagbag.py:545} INFO - Filling up the DagBag from /home/airflow/.local/lib/python3.12/site-packages/airflow/example_dags/tutorial_objectstorage.py
[2026-06-28T16:42:38.796+0000] {processor.py:840} INFO - DAG(s) 'tutorial_objectstorage' retrieved from /home/airflow/.local/lib/python3.12/site-packages/airflow/example_dags/tutorial_objectstorage.py
[2026-06-28T16:42:38.826+0000] {logging_mixin.py:188} INFO - [2026-06-28T16:42:38.826+0000] {dag.py:3096} INFO - Sync 1 DAGs
[2026-06-28T16:42:38.852+0000] {logging_mixin.py:188} INFO - [2026-06-28T16:42:38.851+0000] {dag.py:3954} INFO - Setting next_dagrun for tutorial_objectstorage to None, run_after=None
[2026-06-28T16:42:38.879+0000] {processor.py:183} INFO - Processing /home/airflow/.local/lib/python3.12/site-packages/airflow/example_dags/tutorial_objectstorage.py took 0.117 seconds
[2026-06-28T16:43:08.999+0000] {processor.py:161} INFO - Started process (PID=4614) to work on /home/airflow/.local/lib/python3.12/site-packages/airflow/example_dags/tutorial_objectstorage.py
[2026-06-28T16:43:09.000+0000] {processor.py:830} INFO - Processing file /home/airflow/.local/lib/python3.12/site-packages/airflow/example_dags/tutorial_objectstorage.py for tasks to queue
[2026-06-28T16:43:09.001+0000] {logging_mixin.py:188} INFO - [2026-06-28T16:43:09.001+0000] {dagbag.py:545} INFO - Filling up the DagBag from /home/airflow/.local/lib/python3.12/site-packages/airflow/example_dags/tutorial_objectstorage.py
[2026-06-28T16:43:09.008+0000] {processor.py:840} INFO - DAG(s) 'tutorial_objectstorage' retrieved from /home/airflow/.local/lib/python3.12/site-packages/airflow/example_dags/tutorial_objectstorage.py
[2026-06-28T16:43:09.025+0000] {logging_mixin.py:188} INFO - [2026-06-28T16:43:09.024+0000] {dag.py:3096} INFO - Sync 1 DAGs
[2026-06-28T16:43:09.036+0000] {logging_mixin.py:188} INFO - [2026-06-28T16:43:09.036+0000] {dag.py:3954} INFO - Setting next_dagrun for tutorial_objectstorage to None, run_after=None
[2026-06-28T16:43:09.052+0000] {processor.py:183} INFO - Processing /home/airflow/.local/lib/python3.12/site-packages/airflow/example_dags/tutorial_objectstorage.py took 0.060 seconds
[2026-06-28T16:43:39.404+0000] {processor.py:161} INFO - Started process (PID=4674) to work on /home/airflow/.local/lib/python3.12/site-packages/airflow/example_dags/tutorial_objectstorage.py
[2026-06-28T16:43:39.407+0000] {processor.py:830} INFO - Processing file /home/airflow/.local/lib/python3.12/site-packages/airflow/example_dags/tutorial_objectstorage.py for tasks to queue
[2026-06-28T16:43:39.410+0000] {logging_mixin.py:188} INFO - [2026-06-28T16:43:39.409+0000] {dagbag.py:545} INFO - Filling up the DagBag from /home/airflow/.local/lib/python3.12/site-packages/airflow/example_dags/tutorial_objectstorage.py
[2026-06-28T16:43:39.421+0000] {processor.py:840} INFO - DAG(s) 'tutorial_objectstorage' retrieved from /home/airflow/.local/lib/python3.12/site-packages/airflow/example_dags/tutorial_objectstorage.py
[2026-06-28T16:43:39.446+0000] {logging_mixin.py:188} INFO - [2026-06-28T16:43:39.446+0000] {dag.py:3096} INFO - Sync 1 DAGs
[2026-06-28T16:43:39.466+0000] {logging_mixin.py:188} INFO - [2026-06-28T16:43:39.466+0000] {dag.py:3954} INFO - Setting next_dagrun for tutorial_objectstorage to None, run_after=None
[2026-06-28T16:43:39.489+0000] {processor.py:183} INFO - Processing /home/airflow/.local/lib/python3.12/site-packages/airflow/example_dags/tutorial_objectstorage.py took 0.093 seconds
[2026-06-28T16:44:09.726+0000] {processor.py:161} INFO - Started process (PID=4733) to work on /home/airflow/.local/lib/python3.12/site-packages/airflow/example_dags/tutorial_objectstorage.py
[2026-06-28T16:44:09.727+0000] {processor.py:830} INFO - Processing file /home/airflow/.local/lib/python3.12/site-packages/airflow/example_dags/tutorial_objectstorage.py for tasks to queue
[2026-06-28T16:44:09.730+0000] {logging_mixin.py:188} INFO - [2026-06-28T16:44:09.729+0000] {dagbag.py:545} INFO - Filling up the DagBag from /home/airflow/.local/lib/python3.12/site-packages/airflow/example_dags/tutorial_objectstorage.py
[2026-06-28T16:44:09.740+0000] {processor.py:840} INFO - DAG(s) 'tutorial_objectstorage' retrieved from /home/airflow/.local/lib/python3.12/site-packages/airflow/example_dags/tutorial_objectstorage.py
[2026-06-28T16:44:09.771+0000] {logging_mixin.py:188} INFO - [2026-06-28T16:44:09.770+0000] {dag.py:3096} INFO - Sync 1 DAGs
[2026-06-28T16:44:09.788+0000] {logging_mixin.py:188} INFO - [2026-06-28T16:44:09.788+0000] {dag.py:3954} INFO - Setting next_dagrun for tutorial_objectstorage to None, run_after=None
[2026-06-28T16:44:09.810+0000] {processor.py:183} INFO - Processing /home/airflow/.local/lib/python3.12/site-packages/airflow/example_dags/tutorial_objectstorage.py took 0.092 seconds
[2026-06-28T16:44:40.731+0000] {processor.py:161} INFO - Started process (PID=4792) to work on /home/airflow/.local/lib/python3.12/site-packages/airflow/example_dags/tutorial_objectstorage.py
[2026-06-28T16:44:40.732+0000] {processor.py:830} INFO - Processing file /home/airflow/.local/lib/python3.12/site-packages/airflow/example_dags/tutorial_objectstorage.py for tasks to queue
[2026-06-28T16:44:40.735+0000] {logging_mixin.py:188} INFO - [2026-06-28T16:44:40.734+0000] {dagbag.py:545} INFO - Filling up the DagBag from /home/airflow/.local/lib/python3.12/site-packages/airflow/example_dags/tutorial_objectstorage.py
[2026-06-28T16:44:40.744+0000] {processor.py:840} INFO - DAG(s) 'tutorial_objectstorage' retrieved from /home/airflow/.local/lib/python3.12/site-packages/airflow/example_dags/tutorial_objectstorage.py
[2026-06-28T16:44:40.794+0000] {logging_mixin.py:188} INFO - [2026-06-28T16:44:40.794+0000] {dag.py:3096} INFO - Sync 1 DAGs
[2026-06-28T16:44:40.831+0000] {logging_mixin.py:188} INFO - [2026-06-28T16:44:40.831+0000] {dag.py:3954} INFO - Setting next_dagrun for tutorial_objectstorage to None, run_after=None
[2026-06-28T16:44:40.888+0000] {processor.py:183} INFO - Processing /home/airflow/.local/lib/python3.12/site-packages/airflow/example_dags/tutorial_objectstorage.py took 0.164 seconds
[2026-06-28T16:45:11.040+0000] {processor.py:161} INFO - Started process (PID=4851) to work on /home/airflow/.local/lib/python3.12/site-packages/airflow/example_dags/tutorial_objectstorage.py
[2026-06-28T16:45:11.041+0000] {processor.py:830} INFO - Processing file /home/airflow/.local/lib/python3.12/site-packages/airflow/example_dags/tutorial_objectstorage.py for tasks to queue
[2026-06-28T16:45:11.044+0000] {logging_mixin.py:188} INFO - [2026-06-28T16:45:11.043+0000] {dagbag.py:545} INFO - Filling up the DagBag from /home/airflow/.local/lib/python3.12/site-packages/airflow/example_dags/tutorial_objectstorage.py
[2026-06-28T16:45:11.053+0000] {processor.py:840} INFO - DAG(s) 'tutorial_objectstorage' retrieved from /home/airflow/.local/lib/python3.12/site-packages/airflow/example_dags/tutorial_objectstorage.py
[2026-06-28T16:45:11.109+0000] {logging_mixin.py:188} INFO - [2026-06-28T16:45:11.108+0000] {dag.py:3096} INFO - Sync 1 DAGs
[2026-06-28T16:45:11.142+0000] {logging_mixin.py:188} INFO - [2026-06-28T16:45:11.142+0000] {dag.py:3954} INFO - Setting next_dagrun for tutorial_objectstorage to None, run_after=None
[2026-06-28T16:45:11.190+0000] {processor.py:183} INFO - Processing /home/airflow/.local/lib/python3.12/site-packages/airflow/example_dags/tutorial_objectstorage.py took 0.164 seconds
[2026-06-28T16:45:41.714+0000] {processor.py:161} INFO - Started process (PID=4909) to work on /home/airflow/.local/lib/python3.12/site-packages/airflow/example_dags/tutorial_objectstorage.py
[2026-06-28T16:45:41.715+0000] {processor.py:830} INFO - Processing file /home/airflow/.local/lib/python3.12/site-packages/airflow/example_dags/tutorial_objectstorage.py for tasks to queue
[2026-06-28T16:45:41.717+0000] {logging_mixin.py:188} INFO - [2026-06-28T16:45:41.717+0000] {dagbag.py:545} INFO - Filling up the DagBag from /home/airflow/.local/lib/python3.12/site-packages/airflow/example_dags/tutorial_objectstorage.py
[2026-06-28T16:45:41.726+0000] {processor.py:840} INFO - DAG(s) 'tutorial_objectstorage' retrieved from /home/airflow/.local/lib/python3.12/site-packages/airflow/example_dags/tutorial_objectstorage.py
[2026-06-28T16:45:41.751+0000] {logging_mixin.py:188} INFO - [2026-06-28T16:45:41.751+0000] {dag.py:3096} INFO - Sync 1 DAGs
[2026-06-28T16:45:41.770+0000] {logging_mixin.py:188} INFO - [2026-06-28T16:45:41.770+0000] {dag.py:3954} INFO - Setting next_dagrun for tutorial_objectstorage to None, run_after=None
[2026-06-28T16:45:41.804+0000] {processor.py:183} INFO - Processing /home/airflow/.local/lib/python3.12/site-packages/airflow/example_dags/tutorial_objectstorage.py took 0.098 seconds
[2026-06-28T16:46:12.682+0000] {processor.py:161} INFO - Started process (PID=4968) to work on /home/airflow/.local/lib/python3.12/site-packages/airflow/example_dags/tutorial_objectstorage.py
[2026-06-28T16:46:12.683+0000] {processor.py:830} INFO - Processing file /home/airflow/.local/lib/python3.12/site-packages/airflow/example_dags/tutorial_objectstorage.py for tasks to queue
[2026-06-28T16:46:12.685+0000] {logging_mixin.py:188} INFO - [2026-06-28T16:46:12.685+0000] {dagbag.py:545} INFO - Filling up the DagBag from /home/airflow/.local/lib/python3.12/site-packages/airflow/example_dags/tutorial_objectstorage.py
[2026-06-28T16:46:12.695+0000] {processor.py:840} INFO - DAG(s) 'tutorial_objectstorage' retrieved from /home/airflow/.local/lib/python3.12/site-packages/airflow/example_dags/tutorial_objectstorage.py
[2026-06-28T16:46:12.721+0000] {logging_mixin.py:188} INFO - [2026-06-28T16:46:12.721+0000] {dag.py:3096} INFO - Sync 1 DAGs
[2026-06-28T16:46:12.740+0000] {logging_mixin.py:188} INFO - [2026-06-28T16:46:12.739+0000] {dag.py:3954} INFO - Setting next_dagrun for tutorial_objectstorage to None, run_after=None
[2026-06-28T16:46:12.764+0000] {processor.py:183} INFO - Processing /home/airflow/.local/lib/python3.12/site-packages/airflow/example_dags/tutorial_objectstorage.py took 0.091 seconds
[2026-06-28T16:46:43.591+0000] {processor.py:161} INFO - Started process (PID=5027) to work on /home/airflow/.local/lib/python3.12/site-packages/airflow/example_dags/tutorial_objectstorage.py
[2026-06-28T16:46:43.593+0000] {processor.py:830} INFO - Processing file /home/airflow/.local/lib/python3.12/site-packages/airflow/example_dags/tutorial_objectstorage.py for tasks to queue
[2026-06-28T16:46:43.595+0000] {logging_mixin.py:188} INFO - [2026-06-28T16:46:43.595+0000] {dagbag.py:545} INFO - Filling up the DagBag from /home/airflow/.local/lib/python3.12/site-packages/airflow/example_dags/tutorial_objectstorage.py
[2026-06-28T16:46:43.605+0000] {processor.py:840} INFO - DAG(s) 'tutorial_objectstorage' retrieved from /home/airflow/.local/lib/python3.12/site-packages/airflow/example_dags/tutorial_objectstorage.py
[2026-06-28T16:46:43.635+0000] {logging_mixin.py:188} INFO - [2026-06-28T16:46:43.635+0000] {dag.py:3096} INFO - Sync 1 DAGs
[2026-06-28T16:46:43.655+0000] {logging_mixin.py:188} INFO - [2026-06-28T16:46:43.654+0000] {dag.py:3954} INFO - Setting next_dagrun for tutorial_objectstorage to None, run_after=None
[2026-06-28T16:46:43.682+0000] {processor.py:183} INFO - Processing /home/airflow/.local/lib/python3.12/site-packages/airflow/example_dags/tutorial_objectstorage.py took 0.101 seconds
[2026-06-28T16:47:13.932+0000] {processor.py:161} INFO - Started process (PID=5086) to work on /home/airflow/.local/lib/python3.12/site-packages/airflow/example_dags/tutorial_objectstorage.py
[2026-06-28T16:47:13.933+0000] {processor.py:830} INFO - Processing file /home/airflow/.local/lib/python3.12/site-packages/airflow/example_dags/tutorial_objectstorage.py for tasks to queue
[2026-06-28T16:47:13.935+0000] {logging_mixin.py:188} INFO - [2026-06-28T16:47:13.935+0000] {dagbag.py:545} INFO - Filling up the DagBag from /home/airflow/.local/lib/python3.12/site-packages/airflow/example_dags/tutorial_objectstorage.py
[2026-06-28T16:47:13.945+0000] {processor.py:840} INFO - DAG(s) 'tutorial_objectstorage' retrieved from /home/airflow/.local/lib/python3.12/site-packages/airflow/example_dags/tutorial_objectstorage.py
[2026-06-28T16:47:13.972+0000] {logging_mixin.py:188} INFO - [2026-06-28T16:47:13.971+0000] {dag.py:3096} INFO - Sync 1 DAGs
[2026-06-28T16:47:13.996+0000] {logging_mixin.py:188} INFO - [2026-06-28T16:47:13.996+0000] {dag.py:3954} INFO - Setting next_dagrun for tutorial_objectstorage to None, run_after=None
[2026-06-28T16:47:14.021+0000] {processor.py:183} INFO - Processing /home/airflow/.local/lib/python3.12/site-packages/airflow/example_dags/tutorial_objectstorage.py took 0.098 seconds
[2026-06-28T16:47:44.546+0000] {processor.py:161} INFO - Started process (PID=5146) to work on /home/airflow/.local/lib/python3.12/site-packages/airflow/example_dags/tutorial_objectstorage.py
[2026-06-28T16:47:44.548+0000] {processor.py:830} INFO - Processing file /home/airflow/.local/lib/python3.12/site-packages/airflow/example_dags/tutorial_objectstorage.py for tasks to queue
[2026-06-28T16:47:44.552+0000] {logging_mixin.py:188} INFO - [2026-06-28T16:47:44.551+0000] {dagbag.py:545} INFO - Filling up the DagBag from /home/airflow/.local/lib/python3.12/site-packages/airflow/example_dags/tutorial_objectstorage.py
[2026-06-28T16:47:44.567+0000] {processor.py:840} INFO - DAG(s) 'tutorial_objectstorage' retrieved from /home/airflow/.local/lib/python3.12/site-packages/airflow/example_dags/tutorial_objectstorage.py
[2026-06-28T16:47:44.597+0000] {logging_mixin.py:188} INFO - [2026-06-28T16:47:44.597+0000] {dag.py:3096} INFO - Sync 1 DAGs
[2026-06-28T16:47:44.626+0000] {logging_mixin.py:188} INFO - [2026-06-28T16:47:44.625+0000] {dag.py:3954} INFO - Setting next_dagrun for tutorial_objectstorage to None, run_after=None
[2026-06-28T16:47:44.650+0000] {processor.py:183} INFO - Processing /home/airflow/.local/lib/python3.12/site-packages/airflow/example_dags/tutorial_objectstorage.py took 0.116 seconds
[2026-06-28T16:48:15.344+0000] {processor.py:161} INFO - Started process (PID=5205) to work on /home/airflow/.local/lib/python3.12/site-packages/airflow/example_dags/tutorial_objectstorage.py
[2026-06-28T16:48:15.345+0000] {processor.py:830} INFO - Processing file /home/airflow/.local/lib/python3.12/site-packages/airflow/example_dags/tutorial_objectstorage.py for tasks to queue
[2026-06-28T16:48:15.350+0000] {logging_mixin.py:188} INFO - [2026-06-28T16:48:15.350+0000] {dagbag.py:545} INFO - Filling up the DagBag from /home/airflow/.local/lib/python3.12/site-packages/airflow/example_dags/tutorial_objectstorage.py
[2026-06-28T16:48:15.368+0000] {processor.py:840} INFO - DAG(s) 'tutorial_objectstorage' retrieved from /home/airflow/.local/lib/python3.12/site-packages/airflow/example_dags/tutorial_objectstorage.py
[2026-06-28T16:48:15.421+0000] {logging_mixin.py:188} INFO - [2026-06-28T16:48:15.421+0000] {dag.py:3096} INFO - Sync 1 DAGs
[2026-06-28T16:48:15.442+0000] {logging_mixin.py:188} INFO - [2026-06-28T16:48:15.441+0000] {dag.py:3954} INFO - Setting next_dagrun for tutorial_objectstorage to None, run_after=None
[2026-06-28T16:48:15.465+0000] {processor.py:183} INFO - Processing /home/airflow/.local/lib/python3.12/site-packages/airflow/example_dags/tutorial_objectstorage.py took 0.143 seconds
[2026-06-28T16:48:46.194+0000] {processor.py:161} INFO - Started process (PID=5264) to work on /home/airflow/.local/lib/python3.12/site-packages/airflow/example_dags/tutorial_objectstorage.py
[2026-06-28T16:48:46.196+0000] {processor.py:830} INFO - Processing file /home/airflow/.local/lib/python3.12/site-packages/airflow/example_dags/tutorial_objectstorage.py for tasks to queue
[2026-06-28T16:48:46.198+0000] {logging_mixin.py:188} INFO - [2026-06-28T16:48:46.198+0000] {dagbag.py:545} INFO - Filling up the DagBag from /home/airflow/.local/lib/python3.12/site-packages/airflow/example_dags/tutorial_objectstorage.py
[2026-06-28T16:48:46.207+0000] {processor.py:840} INFO - DAG(s) 'tutorial_objectstorage' retrieved from /home/airflow/.local/lib/python3.12/site-packages/airflow/example_dags/tutorial_objectstorage.py
[2026-06-28T16:48:46.239+0000] {logging_mixin.py:188} INFO - [2026-06-28T16:48:46.238+0000] {dag.py:3096} INFO - Sync 1 DAGs
[2026-06-28T16:48:46.263+0000] {logging_mixin.py:188} INFO - [2026-06-28T16:48:46.263+0000] {dag.py:3954} INFO - Setting next_dagrun for tutorial_objectstorage to None, run_after=None
[2026-06-28T16:48:46.291+0000] {processor.py:183} INFO - Processing /home/airflow/.local/lib/python3.12/site-packages/airflow/example_dags/tutorial_objectstorage.py took 0.105 seconds
[2026-06-28T16:49:16.713+0000] {processor.py:161} INFO - Started process (PID=5323) to work on /home/airflow/.local/lib/python3.12/site-packages/airflow/example_dags/tutorial_objectstorage.py
[2026-06-28T16:49:16.714+0000] {processor.py:830} INFO - Processing file /home/airflow/.local/lib/python3.12/site-packages/airflow/example_dags/tutorial_objectstorage.py for tasks to queue
[2026-06-28T16:49:16.716+0000] {logging_mixin.py:188} INFO - [2026-06-28T16:49:16.716+0000] {dagbag.py:545} INFO - Filling up the DagBag from /home/airflow/.local/lib/python3.12/site-packages/airflow/example_dags/tutorial_objectstorage.py
[2026-06-28T16:49:16.725+0000] {processor.py:840} INFO - DAG(s) 'tutorial_objectstorage' retrieved from /home/airflow/.local/lib/python3.12/site-packages/airflow/example_dags/tutorial_objectstorage.py
[2026-06-28T16:49:16.753+0000] {logging_mixin.py:188} INFO - [2026-06-28T16:49:16.753+0000] {dag.py:3096} INFO - Sync 1 DAGs
[2026-06-28T16:49:16.782+0000] {logging_mixin.py:188} INFO - [2026-06-28T16:49:16.781+0000] {dag.py:3954} INFO - Setting next_dagrun for tutorial_objectstorage to None, run_after=None
[2026-06-28T16:49:16.838+0000] {processor.py:183} INFO - Processing /home/airflow/.local/lib/python3.12/site-packages/airflow/example_dags/tutorial_objectstorage.py took 0.133 seconds
[2026-06-28T16:49:47.615+0000] {processor.py:161} INFO - Started process (PID=5382) to work on /home/airflow/.local/lib/python3.12/site-packages/airflow/example_dags/tutorial_objectstorage.py
[2026-06-28T16:49:47.616+0000] {processor.py:830} INFO - Processing file /home/airflow/.local/lib/python3.12/site-packages/airflow/example_dags/tutorial_objectstorage.py for tasks to queue
[2026-06-28T16:49:47.619+0000] {logging_mixin.py:188} INFO - [2026-06-28T16:49:47.619+0000] {dagbag.py:545} INFO - Filling up the DagBag from /home/airflow/.local/lib/python3.12/site-packages/airflow/example_dags/tutorial_objectstorage.py
[2026-06-28T16:49:47.637+0000] {processor.py:840} INFO - DAG(s) 'tutorial_objectstorage' retrieved from /home/airflow/.local/lib/python3.12/site-packages/airflow/example_dags/tutorial_objectstorage.py
[2026-06-28T16:49:47.670+0000] {logging_mixin.py:188} INFO - [2026-06-28T16:49:47.669+0000] {dag.py:3096} INFO - Sync 1 DAGs
[2026-06-28T16:49:47.702+0000] {logging_mixin.py:188} INFO - [2026-06-28T16:49:47.701+0000] {dag.py:3954} INFO - Setting next_dagrun for tutorial_objectstorage to None, run_after=None
[2026-06-28T16:49:47.742+0000] {processor.py:183} INFO - Processing /home/airflow/.local/lib/python3.12/site-packages/airflow/example_dags/tutorial_objectstorage.py took 0.145 seconds
[2026-06-28T16:50:18.314+0000] {processor.py:161} INFO - Started process (PID=5440) to work on /home/airflow/.local/lib/python3.12/site-packages/airflow/example_dags/tutorial_objectstorage.py
[2026-06-28T16:50:18.315+0000] {processor.py:830} INFO - Processing file /home/airflow/.local/lib/python3.12/site-packages/airflow/example_dags/tutorial_objectstorage.py for tasks to queue
[2026-06-28T16:50:18.317+0000] {logging_mixin.py:188} INFO - [2026-06-28T16:50:18.317+0000] {dagbag.py:545} INFO - Filling up the DagBag from /home/airflow/.local/lib/python3.12/site-packages/airflow/example_dags/tutorial_objectstorage.py
[2026-06-28T16:50:18.327+0000] {processor.py:840} INFO - DAG(s) 'tutorial_objectstorage' retrieved from /home/airflow/.local/lib/python3.12/site-packages/airflow/example_dags/tutorial_objectstorage.py
[2026-06-28T16:50:18.358+0000] {logging_mixin.py:188} INFO - [2026-06-28T16:50:18.357+0000] {dag.py:3096} INFO - Sync 1 DAGs
[2026-06-28T16:50:18.403+0000] {logging_mixin.py:188} INFO - [2026-06-28T16:50:18.403+0000] {dag.py:3954} INFO - Setting next_dagrun for tutorial_objectstorage to None, run_after=None
[2026-06-28T16:50:18.452+0000] {processor.py:183} INFO - Processing /home/airflow/.local/lib/python3.12/site-packages/airflow/example_dags/tutorial_objectstorage.py took 0.145 seconds
[2026-06-28T16:50:48.782+0000] {processor.py:161} INFO - Started process (PID=5498) to work on /home/airflow/.local/lib/python3.12/site-packages/airflow/example_dags/tutorial_objectstorage.py
[2026-06-28T16:50:48.782+0000] {processor.py:830} INFO - Processing file /home/airflow/.local/lib/python3.12/site-packages/airflow/example_dags/tutorial_objectstorage.py for tasks to queue
[2026-06-28T16:50:48.784+0000] {logging_mixin.py:188} INFO - [2026-06-28T16:50:48.784+0000] {dagbag.py:545} INFO - Filling up the DagBag from /home/airflow/.local/lib/python3.12/site-packages/airflow/example_dags/tutorial_objectstorage.py
[2026-06-28T16:50:48.791+0000] {processor.py:840} INFO - DAG(s) 'tutorial_objectstorage' retrieved from /home/airflow/.local/lib/python3.12/site-packages/airflow/example_dags/tutorial_objectstorage.py
[2026-06-28T16:50:48.816+0000] {logging_mixin.py:188} INFO - [2026-06-28T16:50:48.815+0000] {dag.py:3096} INFO - Sync 1 DAGs
[2026-06-28T16:50:48.834+0000] {logging_mixin.py:188} INFO - [2026-06-28T16:50:48.833+0000] {dag.py:3954} INFO - Setting next_dagrun for tutorial_objectstorage to None, run_after=None
[2026-06-28T16:50:48.857+0000] {processor.py:183} INFO - Processing /home/airflow/.local/lib/python3.12/site-packages/airflow/example_dags/tutorial_objectstorage.py took 0.081 seconds
[2026-06-28T16:51:19.883+0000] {processor.py:161} INFO - Started process (PID=5557) to work on /home/airflow/.local/lib/python3.12/site-packages/airflow/example_dags/tutorial_objectstorage.py
[2026-06-28T16:51:19.885+0000] {processor.py:830} INFO - Processing file /home/airflow/.local/lib/python3.12/site-packages/airflow/example_dags/tutorial_objectstorage.py for tasks to queue
[2026-06-28T16:51:19.888+0000] {logging_mixin.py:188} INFO - [2026-06-28T16:51:19.888+0000] {dagbag.py:545} INFO - Filling up the DagBag from /home/airflow/.local/lib/python3.12/site-packages/airflow/example_dags/tutorial_objectstorage.py
[2026-06-28T16:51:19.898+0000] {processor.py:840} INFO - DAG(s) 'tutorial_objectstorage' retrieved from /home/airflow/.local/lib/python3.12/site-packages/airflow/example_dags/tutorial_objectstorage.py
[2026-06-28T16:51:19.927+0000] {logging_mixin.py:188} INFO - [2026-06-28T16:51:19.926+0000] {dag.py:3096} INFO - Sync 1 DAGs
[2026-06-28T16:51:19.944+0000] {logging_mixin.py:188} INFO - [2026-06-28T16:51:19.944+0000] {dag.py:3954} INFO - Setting next_dagrun for tutorial_objectstorage to None, run_after=None
[2026-06-28T16:51:19.966+0000] {processor.py:183} INFO - Processing /home/airflow/.local/lib/python3.12/site-packages/airflow/example_dags/tutorial_objectstorage.py took 0.095 seconds
[2026-06-28T16:51:50.605+0000] {processor.py:161} INFO - Started process (PID=5616) to work on /home/airflow/.local/lib/python3.12/site-packages/airflow/example_dags/tutorial_objectstorage.py
[2026-06-28T16:51:50.606+0000] {processor.py:830} INFO - Processing file /home/airflow/.local/lib/python3.12/site-packages/airflow/example_dags/tutorial_objectstorage.py for tasks to queue
[2026-06-28T16:51:50.609+0000] {logging_mixin.py:188} INFO - [2026-06-28T16:51:50.608+0000] {dagbag.py:545} INFO - Filling up the DagBag from /home/airflow/.local/lib/python3.12/site-packages/airflow/example_dags/tutorial_objectstorage.py
[2026-06-28T16:51:50.620+0000] {processor.py:840} INFO - DAG(s) 'tutorial_objectstorage' retrieved from /home/airflow/.local/lib/python3.12/site-packages/airflow/example_dags/tutorial_objectstorage.py
[2026-06-28T16:51:50.643+0000] {logging_mixin.py:188} INFO - [2026-06-28T16:51:50.643+0000] {dag.py:3096} INFO - Sync 1 DAGs
[2026-06-28T16:51:50.667+0000] {logging_mixin.py:188} INFO - [2026-06-28T16:51:50.667+0000] {dag.py:3954} INFO - Setting next_dagrun for tutorial_objectstorage to None, run_after=None
[2026-06-28T16:51:50.695+0000] {processor.py:183} INFO - Processing /home/airflow/.local/lib/python3.12/site-packages/airflow/example_dags/tutorial_objectstorage.py took 0.097 seconds
[2026-06-28T16:52:21.029+0000] {processor.py:161} INFO - Started process (PID=5674) to work on /home/airflow/.local/lib/python3.12/site-packages/airflow/example_dags/tutorial_objectstorage.py
[2026-06-28T16:52:21.030+0000] {processor.py:830} INFO - Processing file /home/airflow/.local/lib/python3.12/site-packages/airflow/example_dags/tutorial_objectstorage.py for tasks to queue
[2026-06-28T16:52:21.033+0000] {logging_mixin.py:188} INFO - [2026-06-28T16:52:21.032+0000] {dagbag.py:545} INFO - Filling up the DagBag from /home/airflow/.local/lib/python3.12/site-packages/airflow/example_dags/tutorial_objectstorage.py
[2026-06-28T16:52:21.041+0000] {processor.py:840} INFO - DAG(s) 'tutorial_objectstorage' retrieved from /home/airflow/.local/lib/python3.12/site-packages/airflow/example_dags/tutorial_objectstorage.py
[2026-06-28T16:52:21.068+0000] {logging_mixin.py:188} INFO - [2026-06-28T16:52:21.068+0000] {dag.py:3096} INFO - Sync 1 DAGs
[2026-06-28T16:52:21.111+0000] {logging_mixin.py:188} INFO - [2026-06-28T16:52:21.108+0000] {dag.py:3954} INFO - Setting next_dagrun for tutorial_objectstorage to None, run_after=None
[2026-06-28T16:52:21.169+0000] {processor.py:183} INFO - Processing /home/airflow/.local/lib/python3.12/site-packages/airflow/example_dags/tutorial_objectstorage.py took 0.150 seconds
[2026-06-28T16:52:51.694+0000] {processor.py:161} INFO - Started process (PID=5733) to work on /home/airflow/.local/lib/python3.12/site-packages/airflow/example_dags/tutorial_objectstorage.py
[2026-06-28T16:52:51.697+0000] {processor.py:830} INFO - Processing file /home/airflow/.local/lib/python3.12/site-packages/airflow/example_dags/tutorial_objectstorage.py for tasks to queue
[2026-06-28T16:52:51.701+0000] {logging_mixin.py:188} INFO - [2026-06-28T16:52:51.701+0000] {dagbag.py:545} INFO - Filling up the DagBag from /home/airflow/.local/lib/python3.12/site-packages/airflow/example_dags/tutorial_objectstorage.py
[2026-06-28T16:52:51.717+0000] {processor.py:840} INFO - DAG(s) 'tutorial_objectstorage' retrieved from /home/airflow/.local/lib/python3.12/site-packages/airflow/example_dags/tutorial_objectstorage.py
[2026-06-28T16:52:51.773+0000] {logging_mixin.py:188} INFO - [2026-06-28T16:52:51.773+0000] {dag.py:3096} INFO - Sync 1 DAGs
[2026-06-28T16:52:51.828+0000] {logging_mixin.py:188} INFO - [2026-06-28T16:52:51.827+0000] {dag.py:3954} INFO - Setting next_dagrun for tutorial_objectstorage to None, run_after=None
[2026-06-28T16:52:51.909+0000] {processor.py:183} INFO - Processing /home/airflow/.local/lib/python3.12/site-packages/airflow/example_dags/tutorial_objectstorage.py took 0.233 seconds
[2026-06-28T16:53:22.015+0000] {processor.py:161} INFO - Started process (PID=5791) to work on /home/airflow/.local/lib/python3.12/site-packages/airflow/example_dags/tutorial_objectstorage.py
[2026-06-28T16:53:22.016+0000] {processor.py:830} INFO - Processing file /home/airflow/.local/lib/python3.12/site-packages/airflow/example_dags/tutorial_objectstorage.py for tasks to queue
[2026-06-28T16:53:22.018+0000] {logging_mixin.py:188} INFO - [2026-06-28T16:53:22.018+0000] {dagbag.py:545} INFO - Filling up the DagBag from /home/airflow/.local/lib/python3.12/site-packages/airflow/example_dags/tutorial_objectstorage.py
[2026-06-28T16:53:22.025+0000] {processor.py:840} INFO - DAG(s) 'tutorial_objectstorage' retrieved from /home/airflow/.local/lib/python3.12/site-packages/airflow/example_dags/tutorial_objectstorage.py
[2026-06-28T16:53:22.056+0000] {logging_mixin.py:188} INFO - [2026-06-28T16:53:22.056+0000] {dag.py:3096} INFO - Sync 1 DAGs
[2026-06-28T16:53:22.073+0000] {logging_mixin.py:188} INFO - [2026-06-28T16:53:22.073+0000] {dag.py:3954} INFO - Setting next_dagrun for tutorial_objectstorage to None, run_after=None
[2026-06-28T16:53:22.089+0000] {processor.py:183} INFO - Processing /home/airflow/.local/lib/python3.12/site-packages/airflow/example_dags/tutorial_objectstorage.py took 0.095 seconds
[2026-06-28T16:53:52.343+0000] {processor.py:161} INFO - Started process (PID=5850) to work on /home/airflow/.local/lib/python3.12/site-packages/airflow/example_dags/tutorial_objectstorage.py
[2026-06-28T16:53:52.346+0000] {processor.py:830} INFO - Processing file /home/airflow/.local/lib/python3.12/site-packages/airflow/example_dags/tutorial_objectstorage.py for tasks to queue
[2026-06-28T16:53:52.352+0000] {logging_mixin.py:188} INFO - [2026-06-28T16:53:52.349+0000] {dagbag.py:545} INFO - Filling up the DagBag from /home/airflow/.local/lib/python3.12/site-packages/airflow/example_dags/tutorial_objectstorage.py
[2026-06-28T16:53:52.368+0000] {processor.py:840} INFO - DAG(s) 'tutorial_objectstorage' retrieved from /home/airflow/.local/lib/python3.12/site-packages/airflow/example_dags/tutorial_objectstorage.py
[2026-06-28T16:53:52.405+0000] {logging_mixin.py:188} INFO - [2026-06-28T16:53:52.404+0000] {dag.py:3096} INFO - Sync 1 DAGs
[2026-06-28T16:53:52.421+0000] {logging_mixin.py:188} INFO - [2026-06-28T16:53:52.421+0000] {dag.py:3954} INFO - Setting next_dagrun for tutorial_objectstorage to None, run_after=None
[2026-06-28T16:53:52.441+0000] {processor.py:183} INFO - Processing /home/airflow/.local/lib/python3.12/site-packages/airflow/example_dags/tutorial_objectstorage.py took 0.122 seconds
[2026-06-28T16:54:23.379+0000] {processor.py:161} INFO - Started process (PID=5909) to work on /home/airflow/.local/lib/python3.12/site-packages/airflow/example_dags/tutorial_objectstorage.py
[2026-06-28T16:54:23.380+0000] {processor.py:830} INFO - Processing file /home/airflow/.local/lib/python3.12/site-packages/airflow/example_dags/tutorial_objectstorage.py for tasks to queue
[2026-06-28T16:54:23.384+0000] {logging_mixin.py:188} INFO - [2026-06-28T16:54:23.382+0000] {dagbag.py:545} INFO - Filling up the DagBag from /home/airflow/.local/lib/python3.12/site-packages/airflow/example_dags/tutorial_objectstorage.py
[2026-06-28T16:54:23.399+0000] {processor.py:840} INFO - DAG(s) 'tutorial_objectstorage' retrieved from /home/airflow/.local/lib/python3.12/site-packages/airflow/example_dags/tutorial_objectstorage.py
[2026-06-28T16:54:23.438+0000] {logging_mixin.py:188} INFO - [2026-06-28T16:54:23.437+0000] {dag.py:3096} INFO - Sync 1 DAGs
[2026-06-28T16:54:23.455+0000] {logging_mixin.py:188} INFO - [2026-06-28T16:54:23.454+0000] {dag.py:3954} INFO - Setting next_dagrun for tutorial_objectstorage to None, run_after=None
[2026-06-28T16:54:23.483+0000] {processor.py:183} INFO - Processing /home/airflow/.local/lib/python3.12/site-packages/airflow/example_dags/tutorial_objectstorage.py took 0.111 seconds
[2026-06-28T16:54:54.213+0000] {processor.py:161} INFO - Started process (PID=5967) to work on /home/airflow/.local/lib/python3.12/site-packages/airflow/example_dags/tutorial_objectstorage.py
[2026-06-28T16:54:54.215+0000] {processor.py:830} INFO - Processing file /home/airflow/.local/lib/python3.12/site-packages/airflow/example_dags/tutorial_objectstorage.py for tasks to queue
[2026-06-28T16:54:54.217+0000] {logging_mixin.py:188} INFO - [2026-06-28T16:54:54.217+0000] {dagbag.py:545} INFO - Filling up the DagBag from /home/airflow/.local/lib/python3.12/site-packages/airflow/example_dags/tutorial_objectstorage.py
[2026-06-28T16:54:54.226+0000] {processor.py:840} INFO - DAG(s) 'tutorial_objectstorage' retrieved from /home/airflow/.local/lib/python3.12/site-packages/airflow/example_dags/tutorial_objectstorage.py
[2026-06-28T16:54:54.250+0000] {logging_mixin.py:188} INFO - [2026-06-28T16:54:54.250+0000] {dag.py:3096} INFO - Sync 1 DAGs
[2026-06-28T16:54:54.269+0000] {logging_mixin.py:188} INFO - [2026-06-28T16:54:54.269+0000] {dag.py:3954} INFO - Setting next_dagrun for tutorial_objectstorage to None, run_after=None
[2026-06-28T16:54:54.291+0000] {processor.py:183} INFO - Processing /home/airflow/.local/lib/python3.12/site-packages/airflow/example_dags/tutorial_objectstorage.py took 0.085 seconds
[2026-06-28T16:55:24.451+0000] {processor.py:161} INFO - Started process (PID=6026) to work on /home/airflow/.local/lib/python3.12/site-packages/airflow/example_dags/tutorial_objectstorage.py
[2026-06-28T16:55:24.457+0000] {processor.py:830} INFO - Processing file /home/airflow/.local/lib/python3.12/site-packages/airflow/example_dags/tutorial_objectstorage.py for tasks to queue
[2026-06-28T16:55:24.461+0000] {logging_mixin.py:188} INFO - [2026-06-28T16:55:24.460+0000] {dagbag.py:545} INFO - Filling up the DagBag from /home/airflow/.local/lib/python3.12/site-packages/airflow/example_dags/tutorial_objectstorage.py
[2026-06-28T16:55:24.493+0000] {processor.py:840} INFO - DAG(s) 'tutorial_objectstorage' retrieved from /home/airflow/.local/lib/python3.12/site-packages/airflow/example_dags/tutorial_objectstorage.py
[2026-06-28T16:55:24.639+0000] {logging_mixin.py:188} INFO - [2026-06-28T16:55:24.634+0000] {dag.py:3096} INFO - Sync 1 DAGs
[2026-06-28T16:55:24.733+0000] {logging_mixin.py:188} INFO - [2026-06-28T16:55:24.730+0000] {dag.py:3954} INFO - Setting next_dagrun for tutorial_objectstorage to None, run_after=None
[2026-06-28T16:55:24.864+0000] {processor.py:183} INFO - Processing /home/airflow/.local/lib/python3.12/site-packages/airflow/example_dags/tutorial_objectstorage.py took 0.446 seconds
[2026-06-28T16:55:55.645+0000] {processor.py:161} INFO - Started process (PID=6085) to work on /home/airflow/.local/lib/python3.12/site-packages/airflow/example_dags/tutorial_objectstorage.py
[2026-06-28T16:55:55.646+0000] {processor.py:830} INFO - Processing file /home/airflow/.local/lib/python3.12/site-packages/airflow/example_dags/tutorial_objectstorage.py for tasks to queue
[2026-06-28T16:55:55.648+0000] {logging_mixin.py:188} INFO - [2026-06-28T16:55:55.648+0000] {dagbag.py:545} INFO - Filling up the DagBag from /home/airflow/.local/lib/python3.12/site-packages/airflow/example_dags/tutorial_objectstorage.py
[2026-06-28T16:55:55.663+0000] {processor.py:840} INFO - DAG(s) 'tutorial_objectstorage' retrieved from /home/airflow/.local/lib/python3.12/site-packages/airflow/example_dags/tutorial_objectstorage.py
[2026-06-28T16:55:55.736+0000] {logging_mixin.py:188} INFO - [2026-06-28T16:55:55.736+0000] {dag.py:3096} INFO - Sync 1 DAGs
[2026-06-28T16:55:55.768+0000] {logging_mixin.py:188} INFO - [2026-06-28T16:55:55.768+0000] {dag.py:3954} INFO - Setting next_dagrun for tutorial_objectstorage to None, run_after=None
[2026-06-28T16:55:55.814+0000] {processor.py:183} INFO - Processing /home/airflow/.local/lib/python3.12/site-packages/airflow/example_dags/tutorial_objectstorage.py took 0.176 seconds
[2026-06-28T16:56:26.600+0000] {processor.py:161} INFO - Started process (PID=6145) to work on /home/airflow/.local/lib/python3.12/site-packages/airflow/example_dags/tutorial_objectstorage.py
[2026-06-28T16:56:26.603+0000] {processor.py:830} INFO - Processing file /home/airflow/.local/lib/python3.12/site-packages/airflow/example_dags/tutorial_objectstorage.py for tasks to queue
[2026-06-28T16:56:26.605+0000] {logging_mixin.py:188} INFO - [2026-06-28T16:56:26.604+0000] {dagbag.py:545} INFO - Filling up the DagBag from /home/airflow/.local/lib/python3.12/site-packages/airflow/example_dags/tutorial_objectstorage.py
[2026-06-28T16:56:26.614+0000] {processor.py:840} INFO - DAG(s) 'tutorial_objectstorage' retrieved from /home/airflow/.local/lib/python3.12/site-packages/airflow/example_dags/tutorial_objectstorage.py
[2026-06-28T16:56:26.641+0000] {logging_mixin.py:188} INFO - [2026-06-28T16:56:26.641+0000] {dag.py:3096} INFO - Sync 1 DAGs
[2026-06-28T16:56:26.659+0000] {logging_mixin.py:188} INFO - [2026-06-28T16:56:26.658+0000] {dag.py:3954} INFO - Setting next_dagrun for tutorial_objectstorage to None, run_after=None
[2026-06-28T16:56:26.679+0000] {processor.py:183} INFO - Processing /home/airflow/.local/lib/python3.12/site-packages/airflow/example_dags/tutorial_objectstorage.py took 0.098 seconds
[2026-06-28T16:56:57.317+0000] {processor.py:161} INFO - Started process (PID=6205) to work on /home/airflow/.local/lib/python3.12/site-packages/airflow/example_dags/tutorial_objectstorage.py
[2026-06-28T16:56:57.318+0000] {processor.py:830} INFO - Processing file /home/airflow/.local/lib/python3.12/site-packages/airflow/example_dags/tutorial_objectstorage.py for tasks to queue
[2026-06-28T16:56:57.320+0000] {logging_mixin.py:188} INFO - [2026-06-28T16:56:57.320+0000] {dagbag.py:545} INFO - Filling up the DagBag from /home/airflow/.local/lib/python3.12/site-packages/airflow/example_dags/tutorial_objectstorage.py
[2026-06-28T16:56:57.331+0000] {processor.py:840} INFO - DAG(s) 'tutorial_objectstorage' retrieved from /home/airflow/.local/lib/python3.12/site-packages/airflow/example_dags/tutorial_objectstorage.py
[2026-06-28T16:56:57.356+0000] {logging_mixin.py:188} INFO - [2026-06-28T16:56:57.356+0000] {dag.py:3096} INFO - Sync 1 DAGs
[2026-06-28T16:56:57.375+0000] {logging_mixin.py:188} INFO - [2026-06-28T16:56:57.375+0000] {dag.py:3954} INFO - Setting next_dagrun for tutorial_objectstorage to None, run_after=None
[2026-06-28T16:56:57.405+0000] {processor.py:183} INFO - Processing /home/airflow/.local/lib/python3.12/site-packages/airflow/example_dags/tutorial_objectstorage.py took 0.096 seconds
[2026-06-28T16:57:28.174+0000] {processor.py:161} INFO - Started process (PID=6264) to work on /home/airflow/.local/lib/python3.12/site-packages/airflow/example_dags/tutorial_objectstorage.py
[2026-06-28T16:57:28.178+0000] {processor.py:830} INFO - Processing file /home/airflow/.local/lib/python3.12/site-packages/airflow/example_dags/tutorial_objectstorage.py for tasks to queue
[2026-06-28T16:57:28.189+0000] {logging_mixin.py:188} INFO - [2026-06-28T16:57:28.189+0000] {dagbag.py:545} INFO - Filling up the DagBag from /home/airflow/.local/lib/python3.12/site-packages/airflow/example_dags/tutorial_objectstorage.py
[2026-06-28T16:57:28.215+0000] {processor.py:840} INFO - DAG(s) 'tutorial_objectstorage' retrieved from /home/airflow/.local/lib/python3.12/site-packages/airflow/example_dags/tutorial_objectstorage.py
[2026-06-28T16:57:28.287+0000] {logging_mixin.py:188} INFO - [2026-06-28T16:57:28.287+0000] {dag.py:3096} INFO - Sync 1 DAGs
[2026-06-28T16:57:28.393+0000] {logging_mixin.py:188} INFO - [2026-06-28T16:57:28.392+0000] {dag.py:3954} INFO - Setting next_dagrun for tutorial_objectstorage to None, run_after=None
[2026-06-28T16:57:28.466+0000] {processor.py:183} INFO - Processing /home/airflow/.local/lib/python3.12/site-packages/airflow/example_dags/tutorial_objectstorage.py took 0.317 seconds
[2026-06-28T16:57:59.009+0000] {processor.py:161} INFO - Started process (PID=6322) to work on /home/airflow/.local/lib/python3.12/site-packages/airflow/example_dags/tutorial_objectstorage.py
[2026-06-28T16:57:59.010+0000] {processor.py:830} INFO - Processing file /home/airflow/.local/lib/python3.12/site-packages/airflow/example_dags/tutorial_objectstorage.py for tasks to queue
[2026-06-28T16:57:59.012+0000] {logging_mixin.py:188} INFO - [2026-06-28T16:57:59.012+0000] {dagbag.py:545} INFO - Filling up the DagBag from /home/airflow/.local/lib/python3.12/site-packages/airflow/example_dags/tutorial_objectstorage.py
[2026-06-28T16:57:59.022+0000] {processor.py:840} INFO - DAG(s) 'tutorial_objectstorage' retrieved from /home/airflow/.local/lib/python3.12/site-packages/airflow/example_dags/tutorial_objectstorage.py
[2026-06-28T16:57:59.046+0000] {logging_mixin.py:188} INFO - [2026-06-28T16:57:59.046+0000] {dag.py:3096} INFO - Sync 1 DAGs
[2026-06-28T16:57:59.071+0000] {logging_mixin.py:188} INFO - [2026-06-28T16:57:59.071+0000] {dag.py:3954} INFO - Setting next_dagrun for tutorial_objectstorage to None, run_after=None
[2026-06-28T16:57:59.107+0000] {processor.py:183} INFO - Processing /home/airflow/.local/lib/python3.12/site-packages/airflow/example_dags/tutorial_objectstorage.py took 0.105 seconds
[2026-06-28T16:58:29.837+0000] {processor.py:161} INFO - Started process (PID=6381) to work on /home/airflow/.local/lib/python3.12/site-packages/airflow/example_dags/tutorial_objectstorage.py
[2026-06-28T16:58:29.838+0000] {processor.py:830} INFO - Processing file /home/airflow/.local/lib/python3.12/site-packages/airflow/example_dags/tutorial_objectstorage.py for tasks to queue
[2026-06-28T16:58:29.840+0000] {logging_mixin.py:188} INFO - [2026-06-28T16:58:29.840+0000] {dagbag.py:545} INFO - Filling up the DagBag from /home/airflow/.local/lib/python3.12/site-packages/airflow/example_dags/tutorial_objectstorage.py
[2026-06-28T16:58:29.846+0000] {processor.py:840} INFO - DAG(s) 'tutorial_objectstorage' retrieved from /home/airflow/.local/lib/python3.12/site-packages/airflow/example_dags/tutorial_objectstorage.py
[2026-06-28T16:58:29.869+0000] {logging_mixin.py:188} INFO - [2026-06-28T16:58:29.869+0000] {dag.py:3096} INFO - Sync 1 DAGs
[2026-06-28T16:58:29.882+0000] {logging_mixin.py:188} INFO - [2026-06-28T16:58:29.882+0000] {dag.py:3954} INFO - Setting next_dagrun for tutorial_objectstorage to None, run_after=None
[2026-06-28T16:58:29.899+0000] {processor.py:183} INFO - Processing /home/airflow/.local/lib/python3.12/site-packages/airflow/example_dags/tutorial_objectstorage.py took 0.067 seconds
[2026-06-28T16:59:00.168+0000] {processor.py:161} INFO - Started process (PID=6440) to work on /home/airflow/.local/lib/python3.12/site-packages/airflow/example_dags/tutorial_objectstorage.py
[2026-06-28T16:59:00.169+0000] {processor.py:830} INFO - Processing file /home/airflow/.local/lib/python3.12/site-packages/airflow/example_dags/tutorial_objectstorage.py for tasks to queue
[2026-06-28T16:59:00.170+0000] {logging_mixin.py:188} INFO - [2026-06-28T16:59:00.170+0000] {dagbag.py:545} INFO - Filling up the DagBag from /home/airflow/.local/lib/python3.12/site-packages/airflow/example_dags/tutorial_objectstorage.py
[2026-06-28T16:59:00.178+0000] {processor.py:840} INFO - DAG(s) 'tutorial_objectstorage' retrieved from /home/airflow/.local/lib/python3.12/site-packages/airflow/example_dags/tutorial_objectstorage.py
[2026-06-28T16:59:00.200+0000] {logging_mixin.py:188} INFO - [2026-06-28T16:59:00.200+0000] {dag.py:3096} INFO - Sync 1 DAGs
[2026-06-28T16:59:00.212+0000] {logging_mixin.py:188} INFO - [2026-06-28T16:59:00.212+0000] {dag.py:3954} INFO - Setting next_dagrun for tutorial_objectstorage to None, run_after=None
[2026-06-28T16:59:00.228+0000] {processor.py:183} INFO - Processing /home/airflow/.local/lib/python3.12/site-packages/airflow/example_dags/tutorial_objectstorage.py took 0.067 seconds
[2026-06-28T16:59:30.886+0000] {processor.py:161} INFO - Started process (PID=6499) to work on /home/airflow/.local/lib/python3.12/site-packages/airflow/example_dags/tutorial_objectstorage.py
[2026-06-28T16:59:30.887+0000] {processor.py:830} INFO - Processing file /home/airflow/.local/lib/python3.12/site-packages/airflow/example_dags/tutorial_objectstorage.py for tasks to queue
[2026-06-28T16:59:30.889+0000] {logging_mixin.py:188} INFO - [2026-06-28T16:59:30.888+0000] {dagbag.py:545} INFO - Filling up the DagBag from /home/airflow/.local/lib/python3.12/site-packages/airflow/example_dags/tutorial_objectstorage.py
[2026-06-28T16:59:30.897+0000] {processor.py:840} INFO - DAG(s) 'tutorial_objectstorage' retrieved from /home/airflow/.local/lib/python3.12/site-packages/airflow/example_dags/tutorial_objectstorage.py
[2026-06-28T16:59:30.929+0000] {logging_mixin.py:188} INFO - [2026-06-28T16:59:30.929+0000] {dag.py:3096} INFO - Sync 1 DAGs
[2026-06-28T16:59:30.947+0000] {logging_mixin.py:188} INFO - [2026-06-28T16:59:30.947+0000] {dag.py:3954} INFO - Setting next_dagrun for tutorial_objectstorage to None, run_after=None
[2026-06-28T16:59:30.972+0000] {processor.py:183} INFO - Processing /home/airflow/.local/lib/python3.12/site-packages/airflow/example_dags/tutorial_objectstorage.py took 0.094 seconds
[2026-06-28T17:00:01.690+0000] {processor.py:161} INFO - Started process (PID=6558) to work on /home/airflow/.local/lib/python3.12/site-packages/airflow/example_dags/tutorial_objectstorage.py
[2026-06-28T17:00:01.691+0000] {processor.py:830} INFO - Processing file /home/airflow/.local/lib/python3.12/site-packages/airflow/example_dags/tutorial_objectstorage.py for tasks to queue
[2026-06-28T17:00:01.693+0000] {logging_mixin.py:188} INFO - [2026-06-28T17:00:01.693+0000] {dagbag.py:545} INFO - Filling up the DagBag from /home/airflow/.local/lib/python3.12/site-packages/airflow/example_dags/tutorial_objectstorage.py
[2026-06-28T17:00:01.701+0000] {processor.py:840} INFO - DAG(s) 'tutorial_objectstorage' retrieved from /home/airflow/.local/lib/python3.12/site-packages/airflow/example_dags/tutorial_objectstorage.py
[2026-06-28T17:00:01.734+0000] {logging_mixin.py:188} INFO - [2026-06-28T17:00:01.734+0000] {dag.py:3096} INFO - Sync 1 DAGs
[2026-06-28T17:00:01.752+0000] {logging_mixin.py:188} INFO - [2026-06-28T17:00:01.752+0000] {dag.py:3954} INFO - Setting next_dagrun for tutorial_objectstorage to None, run_after=None
[2026-06-28T17:00:01.773+0000] {processor.py:183} INFO - Processing /home/airflow/.local/lib/python3.12/site-packages/airflow/example_dags/tutorial_objectstorage.py took 0.092 seconds
[2026-06-28T17:00:31.984+0000] {processor.py:161} INFO - Started process (PID=6617) to work on /home/airflow/.local/lib/python3.12/site-packages/airflow/example_dags/tutorial_objectstorage.py
[2026-06-28T17:00:31.985+0000] {processor.py:830} INFO - Processing file /home/airflow/.local/lib/python3.12/site-packages/airflow/example_dags/tutorial_objectstorage.py for tasks to queue
[2026-06-28T17:00:31.987+0000] {logging_mixin.py:188} INFO - [2026-06-28T17:00:31.987+0000] {dagbag.py:545} INFO - Filling up the DagBag from /home/airflow/.local/lib/python3.12/site-packages/airflow/example_dags/tutorial_objectstorage.py
[2026-06-28T17:00:31.993+0000] {processor.py:840} INFO - DAG(s) 'tutorial_objectstorage' retrieved from /home/airflow/.local/lib/python3.12/site-packages/airflow/example_dags/tutorial_objectstorage.py
[2026-06-28T17:00:32.011+0000] {logging_mixin.py:188} INFO - [2026-06-28T17:00:32.011+0000] {dag.py:3096} INFO - Sync 1 DAGs
[2026-06-28T17:00:32.022+0000] {logging_mixin.py:188} INFO - [2026-06-28T17:00:32.022+0000] {dag.py:3954} INFO - Setting next_dagrun for tutorial_objectstorage to None, run_after=None
[2026-06-28T17:00:32.039+0000] {processor.py:183} INFO - Processing /home/airflow/.local/lib/python3.12/site-packages/airflow/example_dags/tutorial_objectstorage.py took 0.062 seconds
[2026-06-28T17:01:02.571+0000] {processor.py:161} INFO - Started process (PID=6676) to work on /home/airflow/.local/lib/python3.12/site-packages/airflow/example_dags/tutorial_objectstorage.py
[2026-06-28T17:01:02.572+0000] {processor.py:830} INFO - Processing file /home/airflow/.local/lib/python3.12/site-packages/airflow/example_dags/tutorial_objectstorage.py for tasks to queue
[2026-06-28T17:01:02.577+0000] {logging_mixin.py:188} INFO - [2026-06-28T17:01:02.577+0000] {dagbag.py:545} INFO - Filling up the DagBag from /home/airflow/.local/lib/python3.12/site-packages/airflow/example_dags/tutorial_objectstorage.py
[2026-06-28T17:01:02.606+0000] {processor.py:840} INFO - DAG(s) 'tutorial_objectstorage' retrieved from /home/airflow/.local/lib/python3.12/site-packages/airflow/example_dags/tutorial_objectstorage.py
[2026-06-28T17:01:02.638+0000] {logging_mixin.py:188} INFO - [2026-06-28T17:01:02.637+0000] {dag.py:3096} INFO - Sync 1 DAGs
[2026-06-28T17:01:02.684+0000] {logging_mixin.py:188} INFO - [2026-06-28T17:01:02.683+0000] {dag.py:3954} INFO - Setting next_dagrun for tutorial_objectstorage to None, run_after=None
[2026-06-28T17:01:02.797+0000] {processor.py:183} INFO - Processing /home/airflow/.local/lib/python3.12/site-packages/airflow/example_dags/tutorial_objectstorage.py took 0.247 seconds
[2026-06-28T17:01:33.782+0000] {processor.py:161} INFO - Started process (PID=6735) to work on /home/airflow/.local/lib/python3.12/site-packages/airflow/example_dags/tutorial_objectstorage.py
[2026-06-28T17:01:33.783+0000] {processor.py:830} INFO - Processing file /home/airflow/.local/lib/python3.12/site-packages/airflow/example_dags/tutorial_objectstorage.py for tasks to queue
[2026-06-28T17:01:33.786+0000] {logging_mixin.py:188} INFO - [2026-06-28T17:01:33.785+0000] {dagbag.py:545} INFO - Filling up the DagBag from /home/airflow/.local/lib/python3.12/site-packages/airflow/example_dags/tutorial_objectstorage.py
[2026-06-28T17:01:33.795+0000] {processor.py:840} INFO - DAG(s) 'tutorial_objectstorage' retrieved from /home/airflow/.local/lib/python3.12/site-packages/airflow/example_dags/tutorial_objectstorage.py
[2026-06-28T17:01:33.824+0000] {logging_mixin.py:188} INFO - [2026-06-28T17:01:33.823+0000] {dag.py:3096} INFO - Sync 1 DAGs
[2026-06-28T17:01:33.843+0000] {logging_mixin.py:188} INFO - [2026-06-28T17:01:33.843+0000] {dag.py:3954} INFO - Setting next_dagrun for tutorial_objectstorage to None, run_after=None
[2026-06-28T17:01:33.866+0000] {processor.py:183} INFO - Processing /home/airflow/.local/lib/python3.12/site-packages/airflow/example_dags/tutorial_objectstorage.py took 0.090 seconds
[2026-06-28T17:02:04.824+0000] {processor.py:161} INFO - Started process (PID=6793) to work on /home/airflow/.local/lib/python3.12/site-packages/airflow/example_dags/tutorial_objectstorage.py
[2026-06-28T17:02:04.828+0000] {processor.py:830} INFO - Processing file /home/airflow/.local/lib/python3.12/site-packages/airflow/example_dags/tutorial_objectstorage.py for tasks to queue
[2026-06-28T17:02:04.832+0000] {logging_mixin.py:188} INFO - [2026-06-28T17:02:04.831+0000] {dagbag.py:545} INFO - Filling up the DagBag from /home/airflow/.local/lib/python3.12/site-packages/airflow/example_dags/tutorial_objectstorage.py
[2026-06-28T17:02:04.845+0000] {processor.py:840} INFO - DAG(s) 'tutorial_objectstorage' retrieved from /home/airflow/.local/lib/python3.12/site-packages/airflow/example_dags/tutorial_objectstorage.py
[2026-06-28T17:02:04.872+0000] {logging_mixin.py:188} INFO - [2026-06-28T17:02:04.872+0000] {dag.py:3096} INFO - Sync 1 DAGs
[2026-06-28T17:02:04.890+0000] {logging_mixin.py:188} INFO - [2026-06-28T17:02:04.889+0000] {dag.py:3954} INFO - Setting next_dagrun for tutorial_objectstorage to None, run_after=None
[2026-06-28T17:02:04.926+0000] {processor.py:183} INFO - Processing /home/airflow/.local/lib/python3.12/site-packages/airflow/example_dags/tutorial_objectstorage.py took 0.109 seconds
[2026-06-28T17:02:34.984+0000] {processor.py:161} INFO - Started process (PID=6852) to work on /home/airflow/.local/lib/python3.12/site-packages/airflow/example_dags/tutorial_objectstorage.py
[2026-06-28T17:02:34.985+0000] {processor.py:830} INFO - Processing file /home/airflow/.local/lib/python3.12/site-packages/airflow/example_dags/tutorial_objectstorage.py for tasks to queue
[2026-06-28T17:02:34.987+0000] {logging_mixin.py:188} INFO - [2026-06-28T17:02:34.987+0000] {dagbag.py:545} INFO - Filling up the DagBag from /home/airflow/.local/lib/python3.12/site-packages/airflow/example_dags/tutorial_objectstorage.py
[2026-06-28T17:02:34.995+0000] {processor.py:840} INFO - DAG(s) 'tutorial_objectstorage' retrieved from /home/airflow/.local/lib/python3.12/site-packages/airflow/example_dags/tutorial_objectstorage.py
[2026-06-28T17:02:35.021+0000] {logging_mixin.py:188} INFO - [2026-06-28T17:02:35.020+0000] {dag.py:3096} INFO - Sync 1 DAGs
[2026-06-28T17:02:35.039+0000] {logging_mixin.py:188} INFO - [2026-06-28T17:02:35.039+0000] {dag.py:3954} INFO - Setting next_dagrun for tutorial_objectstorage to None, run_after=None
[2026-06-28T17:02:35.071+0000] {processor.py:183} INFO - Processing /home/airflow/.local/lib/python3.12/site-packages/airflow/example_dags/tutorial_objectstorage.py took 0.092 seconds
[2026-06-28T17:03:05.579+0000] {processor.py:161} INFO - Started process (PID=6911) to work on /home/airflow/.local/lib/python3.12/site-packages/airflow/example_dags/tutorial_objectstorage.py
[2026-06-28T17:03:05.581+0000] {processor.py:830} INFO - Processing file /home/airflow/.local/lib/python3.12/site-packages/airflow/example_dags/tutorial_objectstorage.py for tasks to queue
[2026-06-28T17:03:05.583+0000] {logging_mixin.py:188} INFO - [2026-06-28T17:03:05.583+0000] {dagbag.py:545} INFO - Filling up the DagBag from /home/airflow/.local/lib/python3.12/site-packages/airflow/example_dags/tutorial_objectstorage.py
[2026-06-28T17:03:05.594+0000] {processor.py:840} INFO - DAG(s) 'tutorial_objectstorage' retrieved from /home/airflow/.local/lib/python3.12/site-packages/airflow/example_dags/tutorial_objectstorage.py
[2026-06-28T17:03:05.620+0000] {logging_mixin.py:188} INFO - [2026-06-28T17:03:05.619+0000] {dag.py:3096} INFO - Sync 1 DAGs
[2026-06-28T17:03:05.637+0000] {logging_mixin.py:188} INFO - [2026-06-28T17:03:05.637+0000] {dag.py:3954} INFO - Setting next_dagrun for tutorial_objectstorage to None, run_after=None
[2026-06-28T17:03:05.662+0000] {processor.py:183} INFO - Processing /home/airflow/.local/lib/python3.12/site-packages/airflow/example_dags/tutorial_objectstorage.py took 0.089 seconds
[2026-06-28T17:03:35.917+0000] {processor.py:161} INFO - Started process (PID=6971) to work on /home/airflow/.local/lib/python3.12/site-packages/airflow/example_dags/tutorial_objectstorage.py
[2026-06-28T17:03:35.919+0000] {processor.py:830} INFO - Processing file /home/airflow/.local/lib/python3.12/site-packages/airflow/example_dags/tutorial_objectstorage.py for tasks to queue
[2026-06-28T17:03:35.922+0000] {logging_mixin.py:188} INFO - [2026-06-28T17:03:35.921+0000] {dagbag.py:545} INFO - Filling up the DagBag from /home/airflow/.local/lib/python3.12/site-packages/airflow/example_dags/tutorial_objectstorage.py
[2026-06-28T17:03:35.933+0000] {processor.py:840} INFO - DAG(s) 'tutorial_objectstorage' retrieved from /home/airflow/.local/lib/python3.12/site-packages/airflow/example_dags/tutorial_objectstorage.py
[2026-06-28T17:03:35.962+0000] {logging_mixin.py:188} INFO - [2026-06-28T17:03:35.962+0000] {dag.py:3096} INFO - Sync 1 DAGs
[2026-06-28T17:03:35.980+0000] {logging_mixin.py:188} INFO - [2026-06-28T17:03:35.979+0000] {dag.py:3954} INFO - Setting next_dagrun for tutorial_objectstorage to None, run_after=None
[2026-06-28T17:03:36.021+0000] {processor.py:183} INFO - Processing /home/airflow/.local/lib/python3.12/site-packages/airflow/example_dags/tutorial_objectstorage.py took 0.121 seconds
[2026-06-28T17:04:06.127+0000] {processor.py:161} INFO - Started process (PID=7030) to work on /home/airflow/.local/lib/python3.12/site-packages/airflow/example_dags/tutorial_objectstorage.py
[2026-06-28T17:04:06.129+0000] {processor.py:830} INFO - Processing file /home/airflow/.local/lib/python3.12/site-packages/airflow/example_dags/tutorial_objectstorage.py for tasks to queue
[2026-06-28T17:04:06.132+0000] {logging_mixin.py:188} INFO - [2026-06-28T17:04:06.131+0000] {dagbag.py:545} INFO - Filling up the DagBag from /home/airflow/.local/lib/python3.12/site-packages/airflow/example_dags/tutorial_objectstorage.py
[2026-06-28T17:04:06.140+0000] {processor.py:840} INFO - DAG(s) 'tutorial_objectstorage' retrieved from /home/airflow/.local/lib/python3.12/site-packages/airflow/example_dags/tutorial_objectstorage.py
[2026-06-28T17:04:06.159+0000] {logging_mixin.py:188} INFO - [2026-06-28T17:04:06.159+0000] {dag.py:3096} INFO - Sync 1 DAGs
[2026-06-28T17:04:06.175+0000] {logging_mixin.py:188} INFO - [2026-06-28T17:04:06.175+0000] {dag.py:3954} INFO - Setting next_dagrun for tutorial_objectstorage to None, run_after=None
[2026-06-28T17:04:06.192+0000] {processor.py:183} INFO - Processing /home/airflow/.local/lib/python3.12/site-packages/airflow/example_dags/tutorial_objectstorage.py took 0.073 seconds
[2026-06-28T17:04:36.471+0000] {processor.py:161} INFO - Started process (PID=7089) to work on /home/airflow/.local/lib/python3.12/site-packages/airflow/example_dags/tutorial_objectstorage.py
[2026-06-28T17:04:36.472+0000] {processor.py:830} INFO - Processing file /home/airflow/.local/lib/python3.12/site-packages/airflow/example_dags/tutorial_objectstorage.py for tasks to queue
[2026-06-28T17:04:36.474+0000] {logging_mixin.py:188} INFO - [2026-06-28T17:04:36.474+0000] {dagbag.py:545} INFO - Filling up the DagBag from /home/airflow/.local/lib/python3.12/site-packages/airflow/example_dags/tutorial_objectstorage.py
[2026-06-28T17:04:36.482+0000] {processor.py:840} INFO - DAG(s) 'tutorial_objectstorage' retrieved from /home/airflow/.local/lib/python3.12/site-packages/airflow/example_dags/tutorial_objectstorage.py
[2026-06-28T17:04:36.502+0000] {logging_mixin.py:188} INFO - [2026-06-28T17:04:36.502+0000] {dag.py:3096} INFO - Sync 1 DAGs
[2026-06-28T17:04:36.513+0000] {logging_mixin.py:188} INFO - [2026-06-28T17:04:36.513+0000] {dag.py:3954} INFO - Setting next_dagrun for tutorial_objectstorage to None, run_after=None
[2026-06-28T17:04:36.530+0000] {processor.py:183} INFO - Processing /home/airflow/.local/lib/python3.12/site-packages/airflow/example_dags/tutorial_objectstorage.py took 0.067 seconds
[2026-06-28T17:05:07.341+0000] {processor.py:161} INFO - Started process (PID=7154) to work on /home/airflow/.local/lib/python3.12/site-packages/airflow/example_dags/tutorial_objectstorage.py
[2026-06-28T17:05:07.342+0000] {processor.py:830} INFO - Processing file /home/airflow/.local/lib/python3.12/site-packages/airflow/example_dags/tutorial_objectstorage.py for tasks to queue
[2026-06-28T17:05:07.345+0000] {logging_mixin.py:188} INFO - [2026-06-28T17:05:07.344+0000] {dagbag.py:545} INFO - Filling up the DagBag from /home/airflow/.local/lib/python3.12/site-packages/airflow/example_dags/tutorial_objectstorage.py
[2026-06-28T17:05:07.357+0000] {processor.py:840} INFO - DAG(s) 'tutorial_objectstorage' retrieved from /home/airflow/.local/lib/python3.12/site-packages/airflow/example_dags/tutorial_objectstorage.py
[2026-06-28T17:05:07.386+0000] {logging_mixin.py:188} INFO - [2026-06-28T17:05:07.386+0000] {dag.py:3096} INFO - Sync 1 DAGs
[2026-06-28T17:05:07.413+0000] {logging_mixin.py:188} INFO - [2026-06-28T17:05:07.413+0000] {dag.py:3954} INFO - Setting next_dagrun for tutorial_objectstorage to None, run_after=None
[2026-06-28T17:05:07.456+0000] {processor.py:183} INFO - Processing /home/airflow/.local/lib/python3.12/site-packages/airflow/example_dags/tutorial_objectstorage.py took 0.129 seconds
[2026-06-28T17:05:37.672+0000] {processor.py:161} INFO - Started process (PID=7213) to work on /home/airflow/.local/lib/python3.12/site-packages/airflow/example_dags/tutorial_objectstorage.py
[2026-06-28T17:05:37.673+0000] {processor.py:830} INFO - Processing file /home/airflow/.local/lib/python3.12/site-packages/airflow/example_dags/tutorial_objectstorage.py for tasks to queue
[2026-06-28T17:05:37.678+0000] {logging_mixin.py:188} INFO - [2026-06-28T17:05:37.678+0000] {dagbag.py:545} INFO - Filling up the DagBag from /home/airflow/.local/lib/python3.12/site-packages/airflow/example_dags/tutorial_objectstorage.py
[2026-06-28T17:05:37.686+0000] {processor.py:840} INFO - DAG(s) 'tutorial_objectstorage' retrieved from /home/airflow/.local/lib/python3.12/site-packages/airflow/example_dags/tutorial_objectstorage.py
[2026-06-28T17:05:37.710+0000] {logging_mixin.py:188} INFO - [2026-06-28T17:05:37.710+0000] {dag.py:3096} INFO - Sync 1 DAGs
[2026-06-28T17:05:37.722+0000] {logging_mixin.py:188} INFO - [2026-06-28T17:05:37.722+0000] {dag.py:3954} INFO - Setting next_dagrun for tutorial_objectstorage to None, run_after=None
[2026-06-28T17:05:37.741+0000] {processor.py:183} INFO - Processing /home/airflow/.local/lib/python3.12/site-packages/airflow/example_dags/tutorial_objectstorage.py took 0.078 seconds
[2026-06-28T17:06:08.190+0000] {processor.py:161} INFO - Started process (PID=7270) to work on /home/airflow/.local/lib/python3.12/site-packages/airflow/example_dags/tutorial_objectstorage.py
[2026-06-28T17:06:08.193+0000] {processor.py:830} INFO - Processing file /home/airflow/.local/lib/python3.12/site-packages/airflow/example_dags/tutorial_objectstorage.py for tasks to queue
[2026-06-28T17:06:08.195+0000] {logging_mixin.py:188} INFO - [2026-06-28T17:06:08.194+0000] {dagbag.py:545} INFO - Filling up the DagBag from /home/airflow/.local/lib/python3.12/site-packages/airflow/example_dags/tutorial_objectstorage.py
[2026-06-28T17:06:08.204+0000] {processor.py:840} INFO - DAG(s) 'tutorial_objectstorage' retrieved from /home/airflow/.local/lib/python3.12/site-packages/airflow/example_dags/tutorial_objectstorage.py
[2026-06-28T17:06:08.230+0000] {logging_mixin.py:188} INFO - [2026-06-28T17:06:08.230+0000] {dag.py:3096} INFO - Sync 1 DAGs
[2026-06-28T17:06:08.249+0000] {logging_mixin.py:188} INFO - [2026-06-28T17:06:08.248+0000] {dag.py:3954} INFO - Setting next_dagrun for tutorial_objectstorage to None, run_after=None
[2026-06-28T17:06:08.284+0000] {processor.py:183} INFO - Processing /home/airflow/.local/lib/python3.12/site-packages/airflow/example_dags/tutorial_objectstorage.py took 0.101 seconds
[2026-06-28T17:06:39.114+0000] {processor.py:161} INFO - Started process (PID=7328) to work on /home/airflow/.local/lib/python3.12/site-packages/airflow/example_dags/tutorial_objectstorage.py
[2026-06-28T17:06:39.115+0000] {processor.py:830} INFO - Processing file /home/airflow/.local/lib/python3.12/site-packages/airflow/example_dags/tutorial_objectstorage.py for tasks to queue
[2026-06-28T17:06:39.116+0000] {logging_mixin.py:188} INFO - [2026-06-28T17:06:39.116+0000] {dagbag.py:545} INFO - Filling up the DagBag from /home/airflow/.local/lib/python3.12/site-packages/airflow/example_dags/tutorial_objectstorage.py
[2026-06-28T17:06:39.123+0000] {processor.py:840} INFO - DAG(s) 'tutorial_objectstorage' retrieved from /home/airflow/.local/lib/python3.12/site-packages/airflow/example_dags/tutorial_objectstorage.py
[2026-06-28T17:06:39.141+0000] {logging_mixin.py:188} INFO - [2026-06-28T17:06:39.141+0000] {dag.py:3096} INFO - Sync 1 DAGs
[2026-06-28T17:06:39.154+0000] {logging_mixin.py:188} INFO - [2026-06-28T17:06:39.153+0000] {dag.py:3954} INFO - Setting next_dagrun for tutorial_objectstorage to None, run_after=None
[2026-06-28T17:06:39.173+0000] {processor.py:183} INFO - Processing /home/airflow/.local/lib/python3.12/site-packages/airflow/example_dags/tutorial_objectstorage.py took 0.066 seconds
[2026-06-28T17:07:09.272+0000] {processor.py:161} INFO - Started process (PID=7388) to work on /home/airflow/.local/lib/python3.12/site-packages/airflow/example_dags/tutorial_objectstorage.py
[2026-06-28T17:07:09.276+0000] {processor.py:830} INFO - Processing file /home/airflow/.local/lib/python3.12/site-packages/airflow/example_dags/tutorial_objectstorage.py for tasks to queue
[2026-06-28T17:07:09.281+0000] {logging_mixin.py:188} INFO - [2026-06-28T17:07:09.280+0000] {dagbag.py:545} INFO - Filling up the DagBag from /home/airflow/.local/lib/python3.12/site-packages/airflow/example_dags/tutorial_objectstorage.py
[2026-06-28T17:07:09.301+0000] {processor.py:840} INFO - DAG(s) 'tutorial_objectstorage' retrieved from /home/airflow/.local/lib/python3.12/site-packages/airflow/example_dags/tutorial_objectstorage.py
[2026-06-28T17:07:09.354+0000] {logging_mixin.py:188} INFO - [2026-06-28T17:07:09.354+0000] {dag.py:3096} INFO - Sync 1 DAGs
[2026-06-28T17:07:09.398+0000] {logging_mixin.py:188} INFO - [2026-06-28T17:07:09.397+0000] {dag.py:3954} INFO - Setting next_dagrun for tutorial_objectstorage to None, run_after=None
[2026-06-28T17:07:09.473+0000] {processor.py:183} INFO - Processing /home/airflow/.local/lib/python3.12/site-packages/airflow/example_dags/tutorial_objectstorage.py took 0.223 seconds
[2026-06-28T17:07:39.912+0000] {processor.py:161} INFO - Started process (PID=7447) to work on /home/airflow/.local/lib/python3.12/site-packages/airflow/example_dags/tutorial_objectstorage.py
[2026-06-28T17:07:40.052+0000] {processor.py:830} INFO - Processing file /home/airflow/.local/lib/python3.12/site-packages/airflow/example_dags/tutorial_objectstorage.py for tasks to queue
[2026-06-28T17:07:40.059+0000] {logging_mixin.py:188} INFO - [2026-06-28T17:07:40.059+0000] {dagbag.py:545} INFO - Filling up the DagBag from /home/airflow/.local/lib/python3.12/site-packages/airflow/example_dags/tutorial_objectstorage.py
[2026-06-28T17:07:40.076+0000] {processor.py:840} INFO - DAG(s) 'tutorial_objectstorage' retrieved from /home/airflow/.local/lib/python3.12/site-packages/airflow/example_dags/tutorial_objectstorage.py
[2026-06-28T17:07:40.123+0000] {logging_mixin.py:188} INFO - [2026-06-28T17:07:40.123+0000] {dag.py:3096} INFO - Sync 1 DAGs
[2026-06-28T17:07:40.144+0000] {logging_mixin.py:188} INFO - [2026-06-28T17:07:40.143+0000] {dag.py:3954} INFO - Setting next_dagrun for tutorial_objectstorage to None, run_after=None
[2026-06-28T17:07:40.178+0000] {processor.py:183} INFO - Processing /home/airflow/.local/lib/python3.12/site-packages/airflow/example_dags/tutorial_objectstorage.py took 0.299 seconds
[2026-06-28T17:08:11.084+0000] {processor.py:161} INFO - Started process (PID=7506) to work on /home/airflow/.local/lib/python3.12/site-packages/airflow/example_dags/tutorial_objectstorage.py
[2026-06-28T17:08:11.089+0000] {processor.py:830} INFO - Processing file /home/airflow/.local/lib/python3.12/site-packages/airflow/example_dags/tutorial_objectstorage.py for tasks to queue
[2026-06-28T17:08:11.091+0000] {logging_mixin.py:188} INFO - [2026-06-28T17:08:11.091+0000] {dagbag.py:545} INFO - Filling up the DagBag from /home/airflow/.local/lib/python3.12/site-packages/airflow/example_dags/tutorial_objectstorage.py
[2026-06-28T17:08:11.103+0000] {processor.py:840} INFO - DAG(s) 'tutorial_objectstorage' retrieved from /home/airflow/.local/lib/python3.12/site-packages/airflow/example_dags/tutorial_objectstorage.py
[2026-06-28T17:08:11.141+0000] {logging_mixin.py:188} INFO - [2026-06-28T17:08:11.140+0000] {dag.py:3096} INFO - Sync 1 DAGs
[2026-06-28T17:08:11.255+0000] {logging_mixin.py:188} INFO - [2026-06-28T17:08:11.255+0000] {dag.py:3954} INFO - Setting next_dagrun for tutorial_objectstorage to None, run_after=None
[2026-06-28T17:08:11.290+0000] {processor.py:183} INFO - Processing /home/airflow/.local/lib/python3.12/site-packages/airflow/example_dags/tutorial_objectstorage.py took 0.218 seconds
[2026-06-28T17:08:42.188+0000] {processor.py:161} INFO - Started process (PID=7565) to work on /home/airflow/.local/lib/python3.12/site-packages/airflow/example_dags/tutorial_objectstorage.py
[2026-06-28T17:08:42.189+0000] {processor.py:830} INFO - Processing file /home/airflow/.local/lib/python3.12/site-packages/airflow/example_dags/tutorial_objectstorage.py for tasks to queue
[2026-06-28T17:08:42.192+0000] {logging_mixin.py:188} INFO - [2026-06-28T17:08:42.192+0000] {dagbag.py:545} INFO - Filling up the DagBag from /home/airflow/.local/lib/python3.12/site-packages/airflow/example_dags/tutorial_objectstorage.py
[2026-06-28T17:08:42.202+0000] {processor.py:840} INFO - DAG(s) 'tutorial_objectstorage' retrieved from /home/airflow/.local/lib/python3.12/site-packages/airflow/example_dags/tutorial_objectstorage.py
[2026-06-28T17:08:42.239+0000] {logging_mixin.py:188} INFO - [2026-06-28T17:08:42.238+0000] {dag.py:3096} INFO - Sync 1 DAGs
[2026-06-28T17:08:42.269+0000] {logging_mixin.py:188} INFO - [2026-06-28T17:08:42.269+0000] {dag.py:3954} INFO - Setting next_dagrun for tutorial_objectstorage to None, run_after=None
[2026-06-28T17:08:42.296+0000] {processor.py:183} INFO - Processing /home/airflow/.local/lib/python3.12/site-packages/airflow/example_dags/tutorial_objectstorage.py took 0.118 seconds
[2026-06-28T17:09:12.458+0000] {processor.py:161} INFO - Started process (PID=7624) to work on /home/airflow/.local/lib/python3.12/site-packages/airflow/example_dags/tutorial_objectstorage.py
[2026-06-28T17:09:12.459+0000] {processor.py:830} INFO - Processing file /home/airflow/.local/lib/python3.12/site-packages/airflow/example_dags/tutorial_objectstorage.py for tasks to queue
[2026-06-28T17:09:12.461+0000] {logging_mixin.py:188} INFO - [2026-06-28T17:09:12.461+0000] {dagbag.py:545} INFO - Filling up the DagBag from /home/airflow/.local/lib/python3.12/site-packages/airflow/example_dags/tutorial_objectstorage.py
[2026-06-28T17:09:12.473+0000] {processor.py:840} INFO - DAG(s) 'tutorial_objectstorage' retrieved from /home/airflow/.local/lib/python3.12/site-packages/airflow/example_dags/tutorial_objectstorage.py
[2026-06-28T17:09:12.503+0000] {logging_mixin.py:188} INFO - [2026-06-28T17:09:12.502+0000] {dag.py:3096} INFO - Sync 1 DAGs
[2026-06-28T17:09:12.525+0000] {logging_mixin.py:188} INFO - [2026-06-28T17:09:12.524+0000] {dag.py:3954} INFO - Setting next_dagrun for tutorial_objectstorage to None, run_after=None
[2026-06-28T17:09:12.576+0000] {processor.py:183} INFO - Processing /home/airflow/.local/lib/python3.12/site-packages/airflow/example_dags/tutorial_objectstorage.py took 0.124 seconds
[2026-06-28T17:09:42.943+0000] {processor.py:161} INFO - Started process (PID=7682) to work on /home/airflow/.local/lib/python3.12/site-packages/airflow/example_dags/tutorial_objectstorage.py
[2026-06-28T17:09:42.946+0000] {processor.py:830} INFO - Processing file /home/airflow/.local/lib/python3.12/site-packages/airflow/example_dags/tutorial_objectstorage.py for tasks to queue
[2026-06-28T17:09:42.952+0000] {logging_mixin.py:188} INFO - [2026-06-28T17:09:42.951+0000] {dagbag.py:545} INFO - Filling up the DagBag from /home/airflow/.local/lib/python3.12/site-packages/airflow/example_dags/tutorial_objectstorage.py
[2026-06-28T17:09:42.973+0000] {processor.py:840} INFO - DAG(s) 'tutorial_objectstorage' retrieved from /home/airflow/.local/lib/python3.12/site-packages/airflow/example_dags/tutorial_objectstorage.py
[2026-06-28T17:09:43.052+0000] {logging_mixin.py:188} INFO - [2026-06-28T17:09:43.052+0000] {dag.py:3096} INFO - Sync 1 DAGs
[2026-06-28T17:09:43.165+0000] {logging_mixin.py:188} INFO - [2026-06-28T17:09:43.165+0000] {dag.py:3954} INFO - Setting next_dagrun for tutorial_objectstorage to None, run_after=None
[2026-06-28T17:09:43.292+0000] {processor.py:183} INFO - Processing /home/airflow/.local/lib/python3.12/site-packages/airflow/example_dags/tutorial_objectstorage.py took 0.372 seconds
[2026-06-28T17:10:13.849+0000] {processor.py:161} INFO - Started process (PID=7740) to work on /home/airflow/.local/lib/python3.12/site-packages/airflow/example_dags/tutorial_objectstorage.py
[2026-06-28T17:10:13.850+0000] {processor.py:830} INFO - Processing file /home/airflow/.local/lib/python3.12/site-packages/airflow/example_dags/tutorial_objectstorage.py for tasks to queue
[2026-06-28T17:10:13.854+0000] {logging_mixin.py:188} INFO - [2026-06-28T17:10:13.854+0000] {dagbag.py:545} INFO - Filling up the DagBag from /home/airflow/.local/lib/python3.12/site-packages/airflow/example_dags/tutorial_objectstorage.py
[2026-06-28T17:10:13.863+0000] {processor.py:840} INFO - DAG(s) 'tutorial_objectstorage' retrieved from /home/airflow/.local/lib/python3.12/site-packages/airflow/example_dags/tutorial_objectstorage.py
[2026-06-28T17:10:13.894+0000] {logging_mixin.py:188} INFO - [2026-06-28T17:10:13.894+0000] {dag.py:3096} INFO - Sync 1 DAGs
[2026-06-28T17:10:13.914+0000] {logging_mixin.py:188} INFO - [2026-06-28T17:10:13.914+0000] {dag.py:3954} INFO - Setting next_dagrun for tutorial_objectstorage to None, run_after=None
[2026-06-28T17:10:13.940+0000] {processor.py:183} INFO - Processing /home/airflow/.local/lib/python3.12/site-packages/airflow/example_dags/tutorial_objectstorage.py took 0.098 seconds
[2026-06-28T17:10:44.417+0000] {processor.py:161} INFO - Started process (PID=7799) to work on /home/airflow/.local/lib/python3.12/site-packages/airflow/example_dags/tutorial_objectstorage.py
[2026-06-28T17:10:44.418+0000] {processor.py:830} INFO - Processing file /home/airflow/.local/lib/python3.12/site-packages/airflow/example_dags/tutorial_objectstorage.py for tasks to queue
[2026-06-28T17:10:44.420+0000] {logging_mixin.py:188} INFO - [2026-06-28T17:10:44.420+0000] {dagbag.py:545} INFO - Filling up the DagBag from /home/airflow/.local/lib/python3.12/site-packages/airflow/example_dags/tutorial_objectstorage.py
[2026-06-28T17:10:44.430+0000] {processor.py:840} INFO - DAG(s) 'tutorial_objectstorage' retrieved from /home/airflow/.local/lib/python3.12/site-packages/airflow/example_dags/tutorial_objectstorage.py
[2026-06-28T17:10:44.459+0000] {logging_mixin.py:188} INFO - [2026-06-28T17:10:44.458+0000] {dag.py:3096} INFO - Sync 1 DAGs
[2026-06-28T17:10:44.518+0000] {logging_mixin.py:188} INFO - [2026-06-28T17:10:44.518+0000] {dag.py:3954} INFO - Setting next_dagrun for tutorial_objectstorage to None, run_after=None
[2026-06-28T17:10:44.609+0000] {processor.py:183} INFO - Processing /home/airflow/.local/lib/python3.12/site-packages/airflow/example_dags/tutorial_objectstorage.py took 0.199 seconds
[2026-06-28T17:11:14.816+0000] {processor.py:161} INFO - Started process (PID=7858) to work on /home/airflow/.local/lib/python3.12/site-packages/airflow/example_dags/tutorial_objectstorage.py
[2026-06-28T17:11:14.819+0000] {processor.py:830} INFO - Processing file /home/airflow/.local/lib/python3.12/site-packages/airflow/example_dags/tutorial_objectstorage.py for tasks to queue
[2026-06-28T17:11:14.841+0000] {logging_mixin.py:188} INFO - [2026-06-28T17:11:14.841+0000] {dagbag.py:545} INFO - Filling up the DagBag from /home/airflow/.local/lib/python3.12/site-packages/airflow/example_dags/tutorial_objectstorage.py
[2026-06-28T17:11:14.853+0000] {processor.py:840} INFO - DAG(s) 'tutorial_objectstorage' retrieved from /home/airflow/.local/lib/python3.12/site-packages/airflow/example_dags/tutorial_objectstorage.py
[2026-06-28T17:11:14.888+0000] {logging_mixin.py:188} INFO - [2026-06-28T17:11:14.888+0000] {dag.py:3096} INFO - Sync 1 DAGs
[2026-06-28T17:11:14.908+0000] {logging_mixin.py:188} INFO - [2026-06-28T17:11:14.907+0000] {dag.py:3954} INFO - Setting next_dagrun for tutorial_objectstorage to None, run_after=None
[2026-06-28T17:11:14.932+0000] {processor.py:183} INFO - Processing /home/airflow/.local/lib/python3.12/site-packages/airflow/example_dags/tutorial_objectstorage.py took 0.123 seconds
[2026-06-28T17:11:45.585+0000] {processor.py:161} INFO - Started process (PID=7917) to work on /home/airflow/.local/lib/python3.12/site-packages/airflow/example_dags/tutorial_objectstorage.py
[2026-06-28T17:11:45.586+0000] {processor.py:830} INFO - Processing file /home/airflow/.local/lib/python3.12/site-packages/airflow/example_dags/tutorial_objectstorage.py for tasks to queue
[2026-06-28T17:11:45.588+0000] {logging_mixin.py:188} INFO - [2026-06-28T17:11:45.588+0000] {dagbag.py:545} INFO - Filling up the DagBag from /home/airflow/.local/lib/python3.12/site-packages/airflow/example_dags/tutorial_objectstorage.py
[2026-06-28T17:11:45.598+0000] {processor.py:840} INFO - DAG(s) 'tutorial_objectstorage' retrieved from /home/airflow/.local/lib/python3.12/site-packages/airflow/example_dags/tutorial_objectstorage.py
[2026-06-28T17:11:45.626+0000] {logging_mixin.py:188} INFO - [2026-06-28T17:11:45.626+0000] {dag.py:3096} INFO - Sync 1 DAGs
[2026-06-28T17:11:45.643+0000] {logging_mixin.py:188} INFO - [2026-06-28T17:11:45.643+0000] {dag.py:3954} INFO - Setting next_dagrun for tutorial_objectstorage to None, run_after=None
[2026-06-28T17:11:45.670+0000] {processor.py:183} INFO - Processing /home/airflow/.local/lib/python3.12/site-packages/airflow/example_dags/tutorial_objectstorage.py took 0.092 seconds
[2026-06-28T17:12:16.183+0000] {processor.py:161} INFO - Started process (PID=7976) to work on /home/airflow/.local/lib/python3.12/site-packages/airflow/example_dags/tutorial_objectstorage.py
[2026-06-28T17:12:16.188+0000] {processor.py:830} INFO - Processing file /home/airflow/.local/lib/python3.12/site-packages/airflow/example_dags/tutorial_objectstorage.py for tasks to queue
[2026-06-28T17:12:16.190+0000] {logging_mixin.py:188} INFO - [2026-06-28T17:12:16.190+0000] {dagbag.py:545} INFO - Filling up the DagBag from /home/airflow/.local/lib/python3.12/site-packages/airflow/example_dags/tutorial_objectstorage.py
[2026-06-28T17:12:16.209+0000] {processor.py:840} INFO - DAG(s) 'tutorial_objectstorage' retrieved from /home/airflow/.local/lib/python3.12/site-packages/airflow/example_dags/tutorial_objectstorage.py
[2026-06-28T17:12:16.269+0000] {logging_mixin.py:188} INFO - [2026-06-28T17:12:16.269+0000] {dag.py:3096} INFO - Sync 1 DAGs
[2026-06-28T17:12:16.299+0000] {logging_mixin.py:188} INFO - [2026-06-28T17:12:16.299+0000] {dag.py:3954} INFO - Setting next_dagrun for tutorial_objectstorage to None, run_after=None
[2026-06-28T17:12:16.323+0000] {processor.py:183} INFO - Processing /home/airflow/.local/lib/python3.12/site-packages/airflow/example_dags/tutorial_objectstorage.py took 0.158 seconds
[2026-06-28T17:12:46.505+0000] {processor.py:161} INFO - Started process (PID=8035) to work on /home/airflow/.local/lib/python3.12/site-packages/airflow/example_dags/tutorial_objectstorage.py
[2026-06-28T17:12:46.506+0000] {processor.py:830} INFO - Processing file /home/airflow/.local/lib/python3.12/site-packages/airflow/example_dags/tutorial_objectstorage.py for tasks to queue
[2026-06-28T17:12:46.508+0000] {logging_mixin.py:188} INFO - [2026-06-28T17:12:46.508+0000] {dagbag.py:545} INFO - Filling up the DagBag from /home/airflow/.local/lib/python3.12/site-packages/airflow/example_dags/tutorial_objectstorage.py
[2026-06-28T17:12:46.517+0000] {processor.py:840} INFO - DAG(s) 'tutorial_objectstorage' retrieved from /home/airflow/.local/lib/python3.12/site-packages/airflow/example_dags/tutorial_objectstorage.py
[2026-06-28T17:12:46.543+0000] {logging_mixin.py:188} INFO - [2026-06-28T17:12:46.543+0000] {dag.py:3096} INFO - Sync 1 DAGs
[2026-06-28T17:12:46.561+0000] {logging_mixin.py:188} INFO - [2026-06-28T17:12:46.561+0000] {dag.py:3954} INFO - Setting next_dagrun for tutorial_objectstorage to None, run_after=None
[2026-06-28T17:12:46.587+0000] {processor.py:183} INFO - Processing /home/airflow/.local/lib/python3.12/site-packages/airflow/example_dags/tutorial_objectstorage.py took 0.090 seconds
[2026-06-28T17:13:17.185+0000] {processor.py:161} INFO - Started process (PID=8092) to work on /home/airflow/.local/lib/python3.12/site-packages/airflow/example_dags/tutorial_objectstorage.py
[2026-06-28T17:13:17.186+0000] {processor.py:830} INFO - Processing file /home/airflow/.local/lib/python3.12/site-packages/airflow/example_dags/tutorial_objectstorage.py for tasks to queue
[2026-06-28T17:13:17.188+0000] {logging_mixin.py:188} INFO - [2026-06-28T17:13:17.187+0000] {dagbag.py:545} INFO - Filling up the DagBag from /home/airflow/.local/lib/python3.12/site-packages/airflow/example_dags/tutorial_objectstorage.py
[2026-06-28T17:13:17.196+0000] {processor.py:840} INFO - DAG(s) 'tutorial_objectstorage' retrieved from /home/airflow/.local/lib/python3.12/site-packages/airflow/example_dags/tutorial_objectstorage.py
[2026-06-28T17:13:17.231+0000] {logging_mixin.py:188} INFO - [2026-06-28T17:13:17.231+0000] {dag.py:3096} INFO - Sync 1 DAGs
[2026-06-28T17:13:17.256+0000] {logging_mixin.py:188} INFO - [2026-06-28T17:13:17.256+0000] {dag.py:3954} INFO - Setting next_dagrun for tutorial_objectstorage to None, run_after=None
[2026-06-28T17:13:17.313+0000] {processor.py:183} INFO - Processing /home/airflow/.local/lib/python3.12/site-packages/airflow/example_dags/tutorial_objectstorage.py took 0.135 seconds
[2026-06-28T17:13:48.140+0000] {processor.py:161} INFO - Started process (PID=8153) to work on /home/airflow/.local/lib/python3.12/site-packages/airflow/example_dags/tutorial_objectstorage.py
[2026-06-28T17:13:48.142+0000] {processor.py:830} INFO - Processing file /home/airflow/.local/lib/python3.12/site-packages/airflow/example_dags/tutorial_objectstorage.py for tasks to queue
[2026-06-28T17:13:48.144+0000] {logging_mixin.py:188} INFO - [2026-06-28T17:13:48.144+0000] {dagbag.py:545} INFO - Filling up the DagBag from /home/airflow/.local/lib/python3.12/site-packages/airflow/example_dags/tutorial_objectstorage.py
[2026-06-28T17:13:48.153+0000] {processor.py:840} INFO - DAG(s) 'tutorial_objectstorage' retrieved from /home/airflow/.local/lib/python3.12/site-packages/airflow/example_dags/tutorial_objectstorage.py
[2026-06-28T17:13:48.181+0000] {logging_mixin.py:188} INFO - [2026-06-28T17:13:48.181+0000] {dag.py:3096} INFO - Sync 1 DAGs
[2026-06-28T17:13:48.199+0000] {logging_mixin.py:188} INFO - [2026-06-28T17:13:48.199+0000] {dag.py:3954} INFO - Setting next_dagrun for tutorial_objectstorage to None, run_after=None
[2026-06-28T17:13:48.222+0000] {processor.py:183} INFO - Processing /home/airflow/.local/lib/python3.12/site-packages/airflow/example_dags/tutorial_objectstorage.py took 0.089 seconds
[2026-06-28T17:14:18.420+0000] {processor.py:161} INFO - Started process (PID=8212) to work on /home/airflow/.local/lib/python3.12/site-packages/airflow/example_dags/tutorial_objectstorage.py
[2026-06-28T17:14:18.421+0000] {processor.py:830} INFO - Processing file /home/airflow/.local/lib/python3.12/site-packages/airflow/example_dags/tutorial_objectstorage.py for tasks to queue
[2026-06-28T17:14:18.423+0000] {logging_mixin.py:188} INFO - [2026-06-28T17:14:18.423+0000] {dagbag.py:545} INFO - Filling up the DagBag from /home/airflow/.local/lib/python3.12/site-packages/airflow/example_dags/tutorial_objectstorage.py
[2026-06-28T17:14:18.434+0000] {processor.py:840} INFO - DAG(s) 'tutorial_objectstorage' retrieved from /home/airflow/.local/lib/python3.12/site-packages/airflow/example_dags/tutorial_objectstorage.py
[2026-06-28T17:14:18.487+0000] {logging_mixin.py:188} INFO - [2026-06-28T17:14:18.487+0000] {dag.py:3096} INFO - Sync 1 DAGs
[2026-06-28T17:14:18.510+0000] {logging_mixin.py:188} INFO - [2026-06-28T17:14:18.509+0000] {dag.py:3954} INFO - Setting next_dagrun for tutorial_objectstorage to None, run_after=None
[2026-06-28T17:14:18.557+0000] {processor.py:183} INFO - Processing /home/airflow/.local/lib/python3.12/site-packages/airflow/example_dags/tutorial_objectstorage.py took 0.153 seconds
[2026-06-28T17:14:48.791+0000] {processor.py:161} INFO - Started process (PID=8271) to work on /home/airflow/.local/lib/python3.12/site-packages/airflow/example_dags/tutorial_objectstorage.py
[2026-06-28T17:14:48.792+0000] {processor.py:830} INFO - Processing file /home/airflow/.local/lib/python3.12/site-packages/airflow/example_dags/tutorial_objectstorage.py for tasks to queue
[2026-06-28T17:14:48.794+0000] {logging_mixin.py:188} INFO - [2026-06-28T17:14:48.794+0000] {dagbag.py:545} INFO - Filling up the DagBag from /home/airflow/.local/lib/python3.12/site-packages/airflow/example_dags/tutorial_objectstorage.py
[2026-06-28T17:14:48.804+0000] {processor.py:840} INFO - DAG(s) 'tutorial_objectstorage' retrieved from /home/airflow/.local/lib/python3.12/site-packages/airflow/example_dags/tutorial_objectstorage.py
[2026-06-28T17:14:48.831+0000] {logging_mixin.py:188} INFO - [2026-06-28T17:14:48.830+0000] {dag.py:3096} INFO - Sync 1 DAGs
[2026-06-28T17:14:48.848+0000] {logging_mixin.py:188} INFO - [2026-06-28T17:14:48.848+0000] {dag.py:3954} INFO - Setting next_dagrun for tutorial_objectstorage to None, run_after=None
[2026-06-28T17:14:48.875+0000] {processor.py:183} INFO - Processing /home/airflow/.local/lib/python3.12/site-packages/airflow/example_dags/tutorial_objectstorage.py took 0.090 seconds
[2026-06-28T17:15:19.000+0000] {processor.py:161} INFO - Started process (PID=8330) to work on /home/airflow/.local/lib/python3.12/site-packages/airflow/example_dags/tutorial_objectstorage.py
[2026-06-28T17:15:19.001+0000] {processor.py:830} INFO - Processing file /home/airflow/.local/lib/python3.12/site-packages/airflow/example_dags/tutorial_objectstorage.py for tasks to queue
[2026-06-28T17:15:19.003+0000] {logging_mixin.py:188} INFO - [2026-06-28T17:15:19.002+0000] {dagbag.py:545} INFO - Filling up the DagBag from /home/airflow/.local/lib/python3.12/site-packages/airflow/example_dags/tutorial_objectstorage.py
[2026-06-28T17:15:19.018+0000] {processor.py:840} INFO - DAG(s) 'tutorial_objectstorage' retrieved from /home/airflow/.local/lib/python3.12/site-packages/airflow/example_dags/tutorial_objectstorage.py
[2026-06-28T17:15:19.046+0000] {logging_mixin.py:188} INFO - [2026-06-28T17:15:19.046+0000] {dag.py:3096} INFO - Sync 1 DAGs
[2026-06-28T17:15:19.063+0000] {logging_mixin.py:188} INFO - [2026-06-28T17:15:19.062+0000] {dag.py:3954} INFO - Setting next_dagrun for tutorial_objectstorage to None, run_after=None
[2026-06-28T17:15:19.086+0000] {processor.py:183} INFO - Processing /home/airflow/.local/lib/python3.12/site-packages/airflow/example_dags/tutorial_objectstorage.py took 0.099 seconds
[2026-06-28T17:15:49.196+0000] {processor.py:161} INFO - Started process (PID=8388) to work on /home/airflow/.local/lib/python3.12/site-packages/airflow/example_dags/tutorial_objectstorage.py
[2026-06-28T17:15:49.198+0000] {processor.py:830} INFO - Processing file /home/airflow/.local/lib/python3.12/site-packages/airflow/example_dags/tutorial_objectstorage.py for tasks to queue
[2026-06-28T17:15:49.201+0000] {logging_mixin.py:188} INFO - [2026-06-28T17:15:49.201+0000] {dagbag.py:545} INFO - Filling up the DagBag from /home/airflow/.local/lib/python3.12/site-packages/airflow/example_dags/tutorial_objectstorage.py
[2026-06-28T17:15:49.218+0000] {processor.py:840} INFO - DAG(s) 'tutorial_objectstorage' retrieved from /home/airflow/.local/lib/python3.12/site-packages/airflow/example_dags/tutorial_objectstorage.py
[2026-06-28T17:15:49.274+0000] {logging_mixin.py:188} INFO - [2026-06-28T17:15:49.274+0000] {dag.py:3096} INFO - Sync 1 DAGs
[2026-06-28T17:15:49.320+0000] {logging_mixin.py:188} INFO - [2026-06-28T17:15:49.319+0000] {dag.py:3954} INFO - Setting next_dagrun for tutorial_objectstorage to None, run_after=None
[2026-06-28T17:15:49.372+0000] {processor.py:183} INFO - Processing /home/airflow/.local/lib/python3.12/site-packages/airflow/example_dags/tutorial_objectstorage.py took 0.191 seconds
[2026-06-28T17:16:19.893+0000] {processor.py:161} INFO - Started process (PID=8446) to work on /home/airflow/.local/lib/python3.12/site-packages/airflow/example_dags/tutorial_objectstorage.py
[2026-06-28T17:16:19.894+0000] {processor.py:830} INFO - Processing file /home/airflow/.local/lib/python3.12/site-packages/airflow/example_dags/tutorial_objectstorage.py for tasks to queue
[2026-06-28T17:16:19.896+0000] {logging_mixin.py:188} INFO - [2026-06-28T17:16:19.896+0000] {dagbag.py:545} INFO - Filling up the DagBag from /home/airflow/.local/lib/python3.12/site-packages/airflow/example_dags/tutorial_objectstorage.py
[2026-06-28T17:16:19.905+0000] {processor.py:840} INFO - DAG(s) 'tutorial_objectstorage' retrieved from /home/airflow/.local/lib/python3.12/site-packages/airflow/example_dags/tutorial_objectstorage.py
[2026-06-28T17:16:19.931+0000] {logging_mixin.py:188} INFO - [2026-06-28T17:16:19.931+0000] {dag.py:3096} INFO - Sync 1 DAGs
[2026-06-28T17:16:19.949+0000] {logging_mixin.py:188} INFO - [2026-06-28T17:16:19.948+0000] {dag.py:3954} INFO - Setting next_dagrun for tutorial_objectstorage to None, run_after=None
[2026-06-28T17:16:19.975+0000] {processor.py:183} INFO - Processing /home/airflow/.local/lib/python3.12/site-packages/airflow/example_dags/tutorial_objectstorage.py took 0.089 seconds
[2026-06-28T17:16:50.110+0000] {processor.py:161} INFO - Started process (PID=8505) to work on /home/airflow/.local/lib/python3.12/site-packages/airflow/example_dags/tutorial_objectstorage.py
[2026-06-28T17:16:50.114+0000] {processor.py:830} INFO - Processing file /home/airflow/.local/lib/python3.12/site-packages/airflow/example_dags/tutorial_objectstorage.py for tasks to queue
[2026-06-28T17:16:50.116+0000] {logging_mixin.py:188} INFO - [2026-06-28T17:16:50.115+0000] {dagbag.py:545} INFO - Filling up the DagBag from /home/airflow/.local/lib/python3.12/site-packages/airflow/example_dags/tutorial_objectstorage.py
[2026-06-28T17:16:50.124+0000] {processor.py:840} INFO - DAG(s) 'tutorial_objectstorage' retrieved from /home/airflow/.local/lib/python3.12/site-packages/airflow/example_dags/tutorial_objectstorage.py
[2026-06-28T17:16:50.185+0000] {logging_mixin.py:188} INFO - [2026-06-28T17:16:50.185+0000] {dag.py:3096} INFO - Sync 1 DAGs
[2026-06-28T17:16:50.206+0000] {logging_mixin.py:188} INFO - [2026-06-28T17:16:50.206+0000] {dag.py:3954} INFO - Setting next_dagrun for tutorial_objectstorage to None, run_after=None
[2026-06-28T17:16:50.264+0000] {processor.py:183} INFO - Processing /home/airflow/.local/lib/python3.12/site-packages/airflow/example_dags/tutorial_objectstorage.py took 0.167 seconds
[2026-06-28T17:17:20.983+0000] {processor.py:161} INFO - Started process (PID=8565) to work on /home/airflow/.local/lib/python3.12/site-packages/airflow/example_dags/tutorial_objectstorage.py
[2026-06-28T17:17:20.990+0000] {processor.py:830} INFO - Processing file /home/airflow/.local/lib/python3.12/site-packages/airflow/example_dags/tutorial_objectstorage.py for tasks to queue
[2026-06-28T17:17:20.993+0000] {logging_mixin.py:188} INFO - [2026-06-28T17:17:20.993+0000] {dagbag.py:545} INFO - Filling up the DagBag from /home/airflow/.local/lib/python3.12/site-packages/airflow/example_dags/tutorial_objectstorage.py
[2026-06-28T17:17:21.005+0000] {processor.py:840} INFO - DAG(s) 'tutorial_objectstorage' retrieved from /home/airflow/.local/lib/python3.12/site-packages/airflow/example_dags/tutorial_objectstorage.py
[2026-06-28T17:17:21.083+0000] {logging_mixin.py:188} INFO - [2026-06-28T17:17:21.083+0000] {dag.py:3096} INFO - Sync 1 DAGs
[2026-06-28T17:17:21.107+0000] {logging_mixin.py:188} INFO - [2026-06-28T17:17:21.106+0000] {dag.py:3954} INFO - Setting next_dagrun for tutorial_objectstorage to None, run_after=None
[2026-06-28T17:17:21.129+0000] {processor.py:183} INFO - Processing /home/airflow/.local/lib/python3.12/site-packages/airflow/example_dags/tutorial_objectstorage.py took 0.171 seconds
[2026-06-28T17:17:51.733+0000] {processor.py:161} INFO - Started process (PID=8624) to work on /home/airflow/.local/lib/python3.12/site-packages/airflow/example_dags/tutorial_objectstorage.py
[2026-06-28T17:17:51.734+0000] {processor.py:830} INFO - Processing file /home/airflow/.local/lib/python3.12/site-packages/airflow/example_dags/tutorial_objectstorage.py for tasks to queue
[2026-06-28T17:17:51.736+0000] {logging_mixin.py:188} INFO - [2026-06-28T17:17:51.736+0000] {dagbag.py:545} INFO - Filling up the DagBag from /home/airflow/.local/lib/python3.12/site-packages/airflow/example_dags/tutorial_objectstorage.py
[2026-06-28T17:17:51.745+0000] {processor.py:840} INFO - DAG(s) 'tutorial_objectstorage' retrieved from /home/airflow/.local/lib/python3.12/site-packages/airflow/example_dags/tutorial_objectstorage.py
[2026-06-28T17:17:51.778+0000] {logging_mixin.py:188} INFO - [2026-06-28T17:17:51.777+0000] {dag.py:3096} INFO - Sync 1 DAGs
[2026-06-28T17:17:51.795+0000] {logging_mixin.py:188} INFO - [2026-06-28T17:17:51.795+0000] {dag.py:3954} INFO - Setting next_dagrun for tutorial_objectstorage to None, run_after=None
[2026-06-28T17:17:51.819+0000] {processor.py:183} INFO - Processing /home/airflow/.local/lib/python3.12/site-packages/airflow/example_dags/tutorial_objectstorage.py took 0.095 seconds
[2026-06-28T17:18:22.246+0000] {processor.py:161} INFO - Started process (PID=8683) to work on /home/airflow/.local/lib/python3.12/site-packages/airflow/example_dags/tutorial_objectstorage.py
[2026-06-28T17:18:22.247+0000] {processor.py:830} INFO - Processing file /home/airflow/.local/lib/python3.12/site-packages/airflow/example_dags/tutorial_objectstorage.py for tasks to queue
[2026-06-28T17:18:22.249+0000] {logging_mixin.py:188} INFO - [2026-06-28T17:18:22.249+0000] {dagbag.py:545} INFO - Filling up the DagBag from /home/airflow/.local/lib/python3.12/site-packages/airflow/example_dags/tutorial_objectstorage.py
[2026-06-28T17:18:22.260+0000] {processor.py:840} INFO - DAG(s) 'tutorial_objectstorage' retrieved from /home/airflow/.local/lib/python3.12/site-packages/airflow/example_dags/tutorial_objectstorage.py
[2026-06-28T17:18:22.295+0000] {logging_mixin.py:188} INFO - [2026-06-28T17:18:22.295+0000] {dag.py:3096} INFO - Sync 1 DAGs
[2026-06-28T17:18:22.313+0000] {logging_mixin.py:188} INFO - [2026-06-28T17:18:22.312+0000] {dag.py:3954} INFO - Setting next_dagrun for tutorial_objectstorage to None, run_after=None
[2026-06-28T17:18:22.371+0000] {processor.py:183} INFO - Processing /home/airflow/.local/lib/python3.12/site-packages/airflow/example_dags/tutorial_objectstorage.py took 0.132 seconds
[2026-06-28T17:18:53.104+0000] {processor.py:161} INFO - Started process (PID=8742) to work on /home/airflow/.local/lib/python3.12/site-packages/airflow/example_dags/tutorial_objectstorage.py
[2026-06-28T17:18:53.107+0000] {processor.py:830} INFO - Processing file /home/airflow/.local/lib/python3.12/site-packages/airflow/example_dags/tutorial_objectstorage.py for tasks to queue
[2026-06-28T17:18:53.111+0000] {logging_mixin.py:188} INFO - [2026-06-28T17:18:53.110+0000] {dagbag.py:545} INFO - Filling up the DagBag from /home/airflow/.local/lib/python3.12/site-packages/airflow/example_dags/tutorial_objectstorage.py
[2026-06-28T17:18:53.135+0000] {processor.py:840} INFO - DAG(s) 'tutorial_objectstorage' retrieved from /home/airflow/.local/lib/python3.12/site-packages/airflow/example_dags/tutorial_objectstorage.py
[2026-06-28T17:18:53.178+0000] {logging_mixin.py:188} INFO - [2026-06-28T17:18:53.178+0000] {dag.py:3096} INFO - Sync 1 DAGs
[2026-06-28T17:18:53.224+0000] {logging_mixin.py:188} INFO - [2026-06-28T17:18:53.224+0000] {dag.py:3954} INFO - Setting next_dagrun for tutorial_objectstorage to None, run_after=None
[2026-06-28T17:18:53.274+0000] {processor.py:183} INFO - Processing /home/airflow/.local/lib/python3.12/site-packages/airflow/example_dags/tutorial_objectstorage.py took 0.189 seconds
[2026-06-28T17:19:23.353+0000] {processor.py:161} INFO - Started process (PID=8801) to work on /home/airflow/.local/lib/python3.12/site-packages/airflow/example_dags/tutorial_objectstorage.py
[2026-06-28T17:19:23.354+0000] {processor.py:830} INFO - Processing file /home/airflow/.local/lib/python3.12/site-packages/airflow/example_dags/tutorial_objectstorage.py for tasks to queue
[2026-06-28T17:19:23.356+0000] {logging_mixin.py:188} INFO - [2026-06-28T17:19:23.356+0000] {dagbag.py:545} INFO - Filling up the DagBag from /home/airflow/.local/lib/python3.12/site-packages/airflow/example_dags/tutorial_objectstorage.py
[2026-06-28T17:19:23.364+0000] {processor.py:840} INFO - DAG(s) 'tutorial_objectstorage' retrieved from /home/airflow/.local/lib/python3.12/site-packages/airflow/example_dags/tutorial_objectstorage.py
[2026-06-28T17:19:23.388+0000] {logging_mixin.py:188} INFO - [2026-06-28T17:19:23.387+0000] {dag.py:3096} INFO - Sync 1 DAGs
[2026-06-28T17:19:23.399+0000] {logging_mixin.py:188} INFO - [2026-06-28T17:19:23.399+0000] {dag.py:3954} INFO - Setting next_dagrun for tutorial_objectstorage to None, run_after=None
[2026-06-28T17:19:23.417+0000] {processor.py:183} INFO - Processing /home/airflow/.local/lib/python3.12/site-packages/airflow/example_dags/tutorial_objectstorage.py took 0.070 seconds
[2026-06-28T17:19:53.983+0000] {processor.py:161} INFO - Started process (PID=8860) to work on /home/airflow/.local/lib/python3.12/site-packages/airflow/example_dags/tutorial_objectstorage.py
[2026-06-28T17:19:53.984+0000] {processor.py:830} INFO - Processing file /home/airflow/.local/lib/python3.12/site-packages/airflow/example_dags/tutorial_objectstorage.py for tasks to queue
[2026-06-28T17:19:53.990+0000] {logging_mixin.py:188} INFO - [2026-06-28T17:19:53.990+0000] {dagbag.py:545} INFO - Filling up the DagBag from /home/airflow/.local/lib/python3.12/site-packages/airflow/example_dags/tutorial_objectstorage.py
[2026-06-28T17:19:54.025+0000] {processor.py:840} INFO - DAG(s) 'tutorial_objectstorage' retrieved from /home/airflow/.local/lib/python3.12/site-packages/airflow/example_dags/tutorial_objectstorage.py
[2026-06-28T17:19:54.057+0000] {logging_mixin.py:188} INFO - [2026-06-28T17:19:54.056+0000] {dag.py:3096} INFO - Sync 1 DAGs
[2026-06-28T17:19:54.075+0000] {logging_mixin.py:188} INFO - [2026-06-28T17:19:54.075+0000] {dag.py:3954} INFO - Setting next_dagrun for tutorial_objectstorage to None, run_after=None
[2026-06-28T17:19:54.097+0000] {processor.py:183} INFO - Processing /home/airflow/.local/lib/python3.12/site-packages/airflow/example_dags/tutorial_objectstorage.py took 0.121 seconds
[2026-06-28T17:20:24.251+0000] {processor.py:161} INFO - Started process (PID=8920) to work on /home/airflow/.local/lib/python3.12/site-packages/airflow/example_dags/tutorial_objectstorage.py
[2026-06-28T17:20:24.254+0000] {processor.py:830} INFO - Processing file /home/airflow/.local/lib/python3.12/site-packages/airflow/example_dags/tutorial_objectstorage.py for tasks to queue
[2026-06-28T17:20:24.258+0000] {logging_mixin.py:188} INFO - [2026-06-28T17:20:24.257+0000] {dagbag.py:545} INFO - Filling up the DagBag from /home/airflow/.local/lib/python3.12/site-packages/airflow/example_dags/tutorial_objectstorage.py
[2026-06-28T17:20:24.275+0000] {processor.py:840} INFO - DAG(s) 'tutorial_objectstorage' retrieved from /home/airflow/.local/lib/python3.12/site-packages/airflow/example_dags/tutorial_objectstorage.py
[2026-06-28T17:20:24.303+0000] {logging_mixin.py:188} INFO - [2026-06-28T17:20:24.302+0000] {dag.py:3096} INFO - Sync 1 DAGs
[2026-06-28T17:20:24.320+0000] {logging_mixin.py:188} INFO - [2026-06-28T17:20:24.320+0000] {dag.py:3954} INFO - Setting next_dagrun for tutorial_objectstorage to None, run_after=None
[2026-06-28T17:20:24.350+0000] {processor.py:183} INFO - Processing /home/airflow/.local/lib/python3.12/site-packages/airflow/example_dags/tutorial_objectstorage.py took 0.107 seconds
[2026-06-28T17:20:54.921+0000] {processor.py:161} INFO - Started process (PID=8979) to work on /home/airflow/.local/lib/python3.12/site-packages/airflow/example_dags/tutorial_objectstorage.py
[2026-06-28T17:20:54.924+0000] {processor.py:830} INFO - Processing file /home/airflow/.local/lib/python3.12/site-packages/airflow/example_dags/tutorial_objectstorage.py for tasks to queue
[2026-06-28T17:20:54.930+0000] {logging_mixin.py:188} INFO - [2026-06-28T17:20:54.925+0000] {dagbag.py:545} INFO - Filling up the DagBag from /home/airflow/.local/lib/python3.12/site-packages/airflow/example_dags/tutorial_objectstorage.py
[2026-06-28T17:20:54.945+0000] {processor.py:840} INFO - DAG(s) 'tutorial_objectstorage' retrieved from /home/airflow/.local/lib/python3.12/site-packages/airflow/example_dags/tutorial_objectstorage.py
[2026-06-28T17:20:55.041+0000] {logging_mixin.py:188} INFO - [2026-06-28T17:20:55.041+0000] {dag.py:3096} INFO - Sync 1 DAGs
[2026-06-28T17:20:55.087+0000] {logging_mixin.py:188} INFO - [2026-06-28T17:20:55.087+0000] {dag.py:3954} INFO - Setting next_dagrun for tutorial_objectstorage to None, run_after=None
[2026-06-28T17:20:55.154+0000] {processor.py:183} INFO - Processing /home/airflow/.local/lib/python3.12/site-packages/airflow/example_dags/tutorial_objectstorage.py took 0.244 seconds
[2026-06-28T17:21:25.252+0000] {processor.py:161} INFO - Started process (PID=9039) to work on /home/airflow/.local/lib/python3.12/site-packages/airflow/example_dags/tutorial_objectstorage.py
[2026-06-28T17:21:25.254+0000] {processor.py:830} INFO - Processing file /home/airflow/.local/lib/python3.12/site-packages/airflow/example_dags/tutorial_objectstorage.py for tasks to queue
[2026-06-28T17:21:25.257+0000] {logging_mixin.py:188} INFO - [2026-06-28T17:21:25.256+0000] {dagbag.py:545} INFO - Filling up the DagBag from /home/airflow/.local/lib/python3.12/site-packages/airflow/example_dags/tutorial_objectstorage.py
[2026-06-28T17:21:25.266+0000] {processor.py:840} INFO - DAG(s) 'tutorial_objectstorage' retrieved from /home/airflow/.local/lib/python3.12/site-packages/airflow/example_dags/tutorial_objectstorage.py
[2026-06-28T17:21:25.295+0000] {logging_mixin.py:188} INFO - [2026-06-28T17:21:25.295+0000] {dag.py:3096} INFO - Sync 1 DAGs
[2026-06-28T17:21:25.313+0000] {logging_mixin.py:188} INFO - [2026-06-28T17:21:25.313+0000] {dag.py:3954} INFO - Setting next_dagrun for tutorial_objectstorage to None, run_after=None
[2026-06-28T17:21:25.339+0000] {processor.py:183} INFO - Processing /home/airflow/.local/lib/python3.12/site-packages/airflow/example_dags/tutorial_objectstorage.py took 0.095 seconds
[2026-06-28T17:21:55.950+0000] {processor.py:161} INFO - Started process (PID=9097) to work on /home/airflow/.local/lib/python3.12/site-packages/airflow/example_dags/tutorial_objectstorage.py
[2026-06-28T17:21:55.951+0000] {processor.py:830} INFO - Processing file /home/airflow/.local/lib/python3.12/site-packages/airflow/example_dags/tutorial_objectstorage.py for tasks to queue
[2026-06-28T17:21:55.953+0000] {logging_mixin.py:188} INFO - [2026-06-28T17:21:55.953+0000] {dagbag.py:545} INFO - Filling up the DagBag from /home/airflow/.local/lib/python3.12/site-packages/airflow/example_dags/tutorial_objectstorage.py
[2026-06-28T17:21:55.962+0000] {processor.py:840} INFO - DAG(s) 'tutorial_objectstorage' retrieved from /home/airflow/.local/lib/python3.12/site-packages/airflow/example_dags/tutorial_objectstorage.py
[2026-06-28T17:21:55.992+0000] {logging_mixin.py:188} INFO - [2026-06-28T17:21:55.992+0000] {dag.py:3096} INFO - Sync 1 DAGs
[2026-06-28T17:21:56.028+0000] {logging_mixin.py:188} INFO - [2026-06-28T17:21:56.028+0000] {dag.py:3954} INFO - Setting next_dagrun for tutorial_objectstorage to None, run_after=None
[2026-06-28T17:21:56.086+0000] {processor.py:183} INFO - Processing /home/airflow/.local/lib/python3.12/site-packages/airflow/example_dags/tutorial_objectstorage.py took 0.144 seconds
[2026-06-28T17:22:26.211+0000] {processor.py:161} INFO - Started process (PID=9156) to work on /home/airflow/.local/lib/python3.12/site-packages/airflow/example_dags/tutorial_objectstorage.py
[2026-06-28T17:22:26.212+0000] {processor.py:830} INFO - Processing file /home/airflow/.local/lib/python3.12/site-packages/airflow/example_dags/tutorial_objectstorage.py for tasks to queue
[2026-06-28T17:22:26.214+0000] {logging_mixin.py:188} INFO - [2026-06-28T17:22:26.214+0000] {dagbag.py:545} INFO - Filling up the DagBag from /home/airflow/.local/lib/python3.12/site-packages/airflow/example_dags/tutorial_objectstorage.py
[2026-06-28T17:22:26.226+0000] {processor.py:840} INFO - DAG(s) 'tutorial_objectstorage' retrieved from /home/airflow/.local/lib/python3.12/site-packages/airflow/example_dags/tutorial_objectstorage.py
[2026-06-28T17:22:26.254+0000] {logging_mixin.py:188} INFO - [2026-06-28T17:22:26.254+0000] {dag.py:3096} INFO - Sync 1 DAGs
[2026-06-28T17:22:26.276+0000] {logging_mixin.py:188} INFO - [2026-06-28T17:22:26.276+0000] {dag.py:3954} INFO - Setting next_dagrun for tutorial_objectstorage to None, run_after=None
[2026-06-28T17:22:26.299+0000] {processor.py:183} INFO - Processing /home/airflow/.local/lib/python3.12/site-packages/airflow/example_dags/tutorial_objectstorage.py took 0.097 seconds
[2026-06-28T17:22:57.395+0000] {processor.py:161} INFO - Started process (PID=9215) to work on /home/airflow/.local/lib/python3.12/site-packages/airflow/example_dags/tutorial_objectstorage.py
[2026-06-28T17:22:57.400+0000] {processor.py:830} INFO - Processing file /home/airflow/.local/lib/python3.12/site-packages/airflow/example_dags/tutorial_objectstorage.py for tasks to queue
[2026-06-28T17:22:57.405+0000] {logging_mixin.py:188} INFO - [2026-06-28T17:22:57.402+0000] {dagbag.py:545} INFO - Filling up the DagBag from /home/airflow/.local/lib/python3.12/site-packages/airflow/example_dags/tutorial_objectstorage.py
[2026-06-28T17:22:57.445+0000] {processor.py:840} INFO - DAG(s) 'tutorial_objectstorage' retrieved from /home/airflow/.local/lib/python3.12/site-packages/airflow/example_dags/tutorial_objectstorage.py
[2026-06-28T17:22:57.536+0000] {logging_mixin.py:188} INFO - [2026-06-28T17:22:57.536+0000] {dag.py:3096} INFO - Sync 1 DAGs
[2026-06-28T17:22:57.573+0000] {logging_mixin.py:188} INFO - [2026-06-28T17:22:57.572+0000] {dag.py:3954} INFO - Setting next_dagrun for tutorial_objectstorage to None, run_after=None
[2026-06-28T17:22:57.609+0000] {processor.py:183} INFO - Processing /home/airflow/.local/lib/python3.12/site-packages/airflow/example_dags/tutorial_objectstorage.py took 0.231 seconds
[2026-06-28T17:23:27.761+0000] {processor.py:161} INFO - Started process (PID=9274) to work on /home/airflow/.local/lib/python3.12/site-packages/airflow/example_dags/tutorial_objectstorage.py
[2026-06-28T17:23:27.762+0000] {processor.py:830} INFO - Processing file /home/airflow/.local/lib/python3.12/site-packages/airflow/example_dags/tutorial_objectstorage.py for tasks to queue
[2026-06-28T17:23:27.764+0000] {logging_mixin.py:188} INFO - [2026-06-28T17:23:27.764+0000] {dagbag.py:545} INFO - Filling up the DagBag from /home/airflow/.local/lib/python3.12/site-packages/airflow/example_dags/tutorial_objectstorage.py
[2026-06-28T17:23:27.774+0000] {processor.py:840} INFO - DAG(s) 'tutorial_objectstorage' retrieved from /home/airflow/.local/lib/python3.12/site-packages/airflow/example_dags/tutorial_objectstorage.py
[2026-06-28T17:23:27.805+0000] {logging_mixin.py:188} INFO - [2026-06-28T17:23:27.804+0000] {dag.py:3096} INFO - Sync 1 DAGs
[2026-06-28T17:23:27.826+0000] {logging_mixin.py:188} INFO - [2026-06-28T17:23:27.826+0000] {dag.py:3954} INFO - Setting next_dagrun for tutorial_objectstorage to None, run_after=None
[2026-06-28T17:23:27.853+0000] {processor.py:183} INFO - Processing /home/airflow/.local/lib/python3.12/site-packages/airflow/example_dags/tutorial_objectstorage.py took 0.100 seconds
[2026-06-28T17:23:58.144+0000] {processor.py:161} INFO - Started process (PID=9334) to work on /home/airflow/.local/lib/python3.12/site-packages/airflow/example_dags/tutorial_objectstorage.py
[2026-06-28T17:23:58.145+0000] {processor.py:830} INFO - Processing file /home/airflow/.local/lib/python3.12/site-packages/airflow/example_dags/tutorial_objectstorage.py for tasks to queue
[2026-06-28T17:23:58.146+0000] {logging_mixin.py:188} INFO - [2026-06-28T17:23:58.146+0000] {dagbag.py:545} INFO - Filling up the DagBag from /home/airflow/.local/lib/python3.12/site-packages/airflow/example_dags/tutorial_objectstorage.py
[2026-06-28T17:23:58.153+0000] {processor.py:840} INFO - DAG(s) 'tutorial_objectstorage' retrieved from /home/airflow/.local/lib/python3.12/site-packages/airflow/example_dags/tutorial_objectstorage.py
[2026-06-28T17:23:58.181+0000] {logging_mixin.py:188} INFO - [2026-06-28T17:23:58.180+0000] {dag.py:3096} INFO - Sync 1 DAGs
[2026-06-28T17:23:58.193+0000] {logging_mixin.py:188} INFO - [2026-06-28T17:23:58.193+0000] {dag.py:3954} INFO - Setting next_dagrun for tutorial_objectstorage to None, run_after=None
[2026-06-28T17:23:58.211+0000] {processor.py:183} INFO - Processing /home/airflow/.local/lib/python3.12/site-packages/airflow/example_dags/tutorial_objectstorage.py took 0.075 seconds
[2026-06-28T17:24:28.524+0000] {processor.py:161} INFO - Started process (PID=9393) to work on /home/airflow/.local/lib/python3.12/site-packages/airflow/example_dags/tutorial_objectstorage.py
[2026-06-28T17:24:28.525+0000] {processor.py:830} INFO - Processing file /home/airflow/.local/lib/python3.12/site-packages/airflow/example_dags/tutorial_objectstorage.py for tasks to queue
[2026-06-28T17:24:28.527+0000] {logging_mixin.py:188} INFO - [2026-06-28T17:24:28.527+0000] {dagbag.py:545} INFO - Filling up the DagBag from /home/airflow/.local/lib/python3.12/site-packages/airflow/example_dags/tutorial_objectstorage.py
[2026-06-28T17:24:28.537+0000] {processor.py:840} INFO - DAG(s) 'tutorial_objectstorage' retrieved from /home/airflow/.local/lib/python3.12/site-packages/airflow/example_dags/tutorial_objectstorage.py
[2026-06-28T17:24:28.561+0000] {logging_mixin.py:188} INFO - [2026-06-28T17:24:28.561+0000] {dag.py:3096} INFO - Sync 1 DAGs
[2026-06-28T17:24:28.580+0000] {logging_mixin.py:188} INFO - [2026-06-28T17:24:28.580+0000] {dag.py:3954} INFO - Setting next_dagrun for tutorial_objectstorage to None, run_after=None
[2026-06-28T17:24:28.605+0000] {processor.py:183} INFO - Processing /home/airflow/.local/lib/python3.12/site-packages/airflow/example_dags/tutorial_objectstorage.py took 0.088 seconds
[2026-06-28T17:24:58.891+0000] {processor.py:161} INFO - Started process (PID=9452) to work on /home/airflow/.local/lib/python3.12/site-packages/airflow/example_dags/tutorial_objectstorage.py
[2026-06-28T17:24:58.896+0000] {processor.py:830} INFO - Processing file /home/airflow/.local/lib/python3.12/site-packages/airflow/example_dags/tutorial_objectstorage.py for tasks to queue
[2026-06-28T17:24:58.902+0000] {logging_mixin.py:188} INFO - [2026-06-28T17:24:58.900+0000] {dagbag.py:545} INFO - Filling up the DagBag from /home/airflow/.local/lib/python3.12/site-packages/airflow/example_dags/tutorial_objectstorage.py
[2026-06-28T17:24:58.912+0000] {processor.py:840} INFO - DAG(s) 'tutorial_objectstorage' retrieved from /home/airflow/.local/lib/python3.12/site-packages/airflow/example_dags/tutorial_objectstorage.py
[2026-06-28T17:24:58.937+0000] {logging_mixin.py:188} INFO - [2026-06-28T17:24:58.937+0000] {dag.py:3096} INFO - Sync 1 DAGs
[2026-06-28T17:24:58.957+0000] {logging_mixin.py:188} INFO - [2026-06-28T17:24:58.957+0000] {dag.py:3954} INFO - Setting next_dagrun for tutorial_objectstorage to None, run_after=None
[2026-06-28T17:24:58.980+0000] {processor.py:183} INFO - Processing /home/airflow/.local/lib/python3.12/site-packages/airflow/example_dags/tutorial_objectstorage.py took 0.100 seconds
[2026-06-28T17:25:30.530+0000] {processor.py:161} INFO - Started process (PID=9511) to work on /home/airflow/.local/lib/python3.12/site-packages/airflow/example_dags/tutorial_objectstorage.py
[2026-06-28T17:25:30.532+0000] {processor.py:830} INFO - Processing file /home/airflow/.local/lib/python3.12/site-packages/airflow/example_dags/tutorial_objectstorage.py for tasks to queue
[2026-06-28T17:25:30.534+0000] {logging_mixin.py:188} INFO - [2026-06-28T17:25:30.533+0000] {dagbag.py:545} INFO - Filling up the DagBag from /home/airflow/.local/lib/python3.12/site-packages/airflow/example_dags/tutorial_objectstorage.py
[2026-06-28T17:25:30.546+0000] {processor.py:840} INFO - DAG(s) 'tutorial_objectstorage' retrieved from /home/airflow/.local/lib/python3.12/site-packages/airflow/example_dags/tutorial_objectstorage.py
[2026-06-28T17:25:30.581+0000] {logging_mixin.py:188} INFO - [2026-06-28T17:25:30.581+0000] {dag.py:3096} INFO - Sync 1 DAGs
[2026-06-28T17:25:30.606+0000] {logging_mixin.py:188} INFO - [2026-06-28T17:25:30.605+0000] {dag.py:3954} INFO - Setting next_dagrun for tutorial_objectstorage to None, run_after=None
[2026-06-28T17:25:30.634+0000] {processor.py:183} INFO - Processing /home/airflow/.local/lib/python3.12/site-packages/airflow/example_dags/tutorial_objectstorage.py took 0.111 seconds
[2026-06-28T17:26:00.977+0000] {processor.py:161} INFO - Started process (PID=9568) to work on /home/airflow/.local/lib/python3.12/site-packages/airflow/example_dags/tutorial_objectstorage.py
[2026-06-28T17:26:00.978+0000] {processor.py:830} INFO - Processing file /home/airflow/.local/lib/python3.12/site-packages/airflow/example_dags/tutorial_objectstorage.py for tasks to queue
[2026-06-28T17:26:00.980+0000] {logging_mixin.py:188} INFO - [2026-06-28T17:26:00.980+0000] {dagbag.py:545} INFO - Filling up the DagBag from /home/airflow/.local/lib/python3.12/site-packages/airflow/example_dags/tutorial_objectstorage.py
[2026-06-28T17:26:00.990+0000] {processor.py:840} INFO - DAG(s) 'tutorial_objectstorage' retrieved from /home/airflow/.local/lib/python3.12/site-packages/airflow/example_dags/tutorial_objectstorage.py
[2026-06-28T17:26:01.016+0000] {logging_mixin.py:188} INFO - [2026-06-28T17:26:01.016+0000] {dag.py:3096} INFO - Sync 1 DAGs
[2026-06-28T17:26:01.034+0000] {logging_mixin.py:188} INFO - [2026-06-28T17:26:01.033+0000] {dag.py:3954} INFO - Setting next_dagrun for tutorial_objectstorage to None, run_after=None
[2026-06-28T17:26:01.058+0000] {processor.py:183} INFO - Processing /home/airflow/.local/lib/python3.12/site-packages/airflow/example_dags/tutorial_objectstorage.py took 0.089 seconds
[2026-06-28T17:26:31.617+0000] {processor.py:161} INFO - Started process (PID=9627) to work on /home/airflow/.local/lib/python3.12/site-packages/airflow/example_dags/tutorial_objectstorage.py
[2026-06-28T17:26:31.618+0000] {processor.py:830} INFO - Processing file /home/airflow/.local/lib/python3.12/site-packages/airflow/example_dags/tutorial_objectstorage.py for tasks to queue
[2026-06-28T17:26:31.620+0000] {logging_mixin.py:188} INFO - [2026-06-28T17:26:31.620+0000] {dagbag.py:545} INFO - Filling up the DagBag from /home/airflow/.local/lib/python3.12/site-packages/airflow/example_dags/tutorial_objectstorage.py
[2026-06-28T17:26:31.632+0000] {processor.py:840} INFO - DAG(s) 'tutorial_objectstorage' retrieved from /home/airflow/.local/lib/python3.12/site-packages/airflow/example_dags/tutorial_objectstorage.py
[2026-06-28T17:26:31.658+0000] {logging_mixin.py:188} INFO - [2026-06-28T17:26:31.657+0000] {dag.py:3096} INFO - Sync 1 DAGs
[2026-06-28T17:26:31.677+0000] {logging_mixin.py:188} INFO - [2026-06-28T17:26:31.677+0000] {dag.py:3954} INFO - Setting next_dagrun for tutorial_objectstorage to None, run_after=None
[2026-06-28T17:26:31.705+0000] {processor.py:183} INFO - Processing /home/airflow/.local/lib/python3.12/site-packages/airflow/example_dags/tutorial_objectstorage.py took 0.097 seconds
[2026-06-28T17:27:02.395+0000] {processor.py:161} INFO - Started process (PID=9686) to work on /home/airflow/.local/lib/python3.12/site-packages/airflow/example_dags/tutorial_objectstorage.py
[2026-06-28T17:27:02.398+0000] {processor.py:830} INFO - Processing file /home/airflow/.local/lib/python3.12/site-packages/airflow/example_dags/tutorial_objectstorage.py for tasks to queue
[2026-06-28T17:27:02.399+0000] {logging_mixin.py:188} INFO - [2026-06-28T17:27:02.399+0000] {dagbag.py:545} INFO - Filling up the DagBag from /home/airflow/.local/lib/python3.12/site-packages/airflow/example_dags/tutorial_objectstorage.py
[2026-06-28T17:27:02.408+0000] {processor.py:840} INFO - DAG(s) 'tutorial_objectstorage' retrieved from /home/airflow/.local/lib/python3.12/site-packages/airflow/example_dags/tutorial_objectstorage.py
[2026-06-28T17:27:02.435+0000] {logging_mixin.py:188} INFO - [2026-06-28T17:27:02.434+0000] {dag.py:3096} INFO - Sync 1 DAGs
[2026-06-28T17:27:02.451+0000] {logging_mixin.py:188} INFO - [2026-06-28T17:27:02.451+0000] {dag.py:3954} INFO - Setting next_dagrun for tutorial_objectstorage to None, run_after=None
[2026-06-28T17:27:02.476+0000] {processor.py:183} INFO - Processing /home/airflow/.local/lib/python3.12/site-packages/airflow/example_dags/tutorial_objectstorage.py took 0.092 seconds
[2026-06-28T17:27:32.959+0000] {processor.py:161} INFO - Started process (PID=9745) to work on /home/airflow/.local/lib/python3.12/site-packages/airflow/example_dags/tutorial_objectstorage.py
[2026-06-28T17:27:32.973+0000] {processor.py:830} INFO - Processing file /home/airflow/.local/lib/python3.12/site-packages/airflow/example_dags/tutorial_objectstorage.py for tasks to queue
[2026-06-28T17:27:32.977+0000] {logging_mixin.py:188} INFO - [2026-06-28T17:27:32.976+0000] {dagbag.py:545} INFO - Filling up the DagBag from /home/airflow/.local/lib/python3.12/site-packages/airflow/example_dags/tutorial_objectstorage.py
[2026-06-28T17:27:32.995+0000] {processor.py:840} INFO - DAG(s) 'tutorial_objectstorage' retrieved from /home/airflow/.local/lib/python3.12/site-packages/airflow/example_dags/tutorial_objectstorage.py
[2026-06-28T17:27:33.047+0000] {logging_mixin.py:188} INFO - [2026-06-28T17:27:33.047+0000] {dag.py:3096} INFO - Sync 1 DAGs
[2026-06-28T17:27:33.085+0000] {logging_mixin.py:188} INFO - [2026-06-28T17:27:33.085+0000] {dag.py:3954} INFO - Setting next_dagrun for tutorial_objectstorage to None, run_after=None
[2026-06-28T17:27:33.231+0000] {processor.py:183} INFO - Processing /home/airflow/.local/lib/python3.12/site-packages/airflow/example_dags/tutorial_objectstorage.py took 0.300 seconds
[2026-06-28T17:28:03.812+0000] {processor.py:161} INFO - Started process (PID=9804) to work on /home/airflow/.local/lib/python3.12/site-packages/airflow/example_dags/tutorial_objectstorage.py
[2026-06-28T17:28:03.813+0000] {processor.py:830} INFO - Processing file /home/airflow/.local/lib/python3.12/site-packages/airflow/example_dags/tutorial_objectstorage.py for tasks to queue
[2026-06-28T17:28:03.815+0000] {logging_mixin.py:188} INFO - [2026-06-28T17:28:03.815+0000] {dagbag.py:545} INFO - Filling up the DagBag from /home/airflow/.local/lib/python3.12/site-packages/airflow/example_dags/tutorial_objectstorage.py
[2026-06-28T17:28:03.823+0000] {processor.py:840} INFO - DAG(s) 'tutorial_objectstorage' retrieved from /home/airflow/.local/lib/python3.12/site-packages/airflow/example_dags/tutorial_objectstorage.py
[2026-06-28T17:28:03.862+0000] {logging_mixin.py:188} INFO - [2026-06-28T17:28:03.862+0000] {dag.py:3096} INFO - Sync 1 DAGs
[2026-06-28T17:28:03.897+0000] {logging_mixin.py:188} INFO - [2026-06-28T17:28:03.896+0000] {dag.py:3954} INFO - Setting next_dagrun for tutorial_objectstorage to None, run_after=None
[2026-06-28T17:28:03.949+0000] {processor.py:183} INFO - Processing /home/airflow/.local/lib/python3.12/site-packages/airflow/example_dags/tutorial_objectstorage.py took 0.144 seconds
[2026-06-28T17:28:34.474+0000] {processor.py:161} INFO - Started process (PID=9863) to work on /home/airflow/.local/lib/python3.12/site-packages/airflow/example_dags/tutorial_objectstorage.py
[2026-06-28T17:28:34.475+0000] {processor.py:830} INFO - Processing file /home/airflow/.local/lib/python3.12/site-packages/airflow/example_dags/tutorial_objectstorage.py for tasks to queue
[2026-06-28T17:28:34.477+0000] {logging_mixin.py:188} INFO - [2026-06-28T17:28:34.477+0000] {dagbag.py:545} INFO - Filling up the DagBag from /home/airflow/.local/lib/python3.12/site-packages/airflow/example_dags/tutorial_objectstorage.py
[2026-06-28T17:28:34.487+0000] {processor.py:840} INFO - DAG(s) 'tutorial_objectstorage' retrieved from /home/airflow/.local/lib/python3.12/site-packages/airflow/example_dags/tutorial_objectstorage.py
[2026-06-28T17:28:34.524+0000] {logging_mixin.py:188} INFO - [2026-06-28T17:28:34.524+0000] {dag.py:3096} INFO - Sync 1 DAGs
[2026-06-28T17:28:34.555+0000] {logging_mixin.py:188} INFO - [2026-06-28T17:28:34.554+0000] {dag.py:3954} INFO - Setting next_dagrun for tutorial_objectstorage to None, run_after=None
[2026-06-28T17:28:34.582+0000] {processor.py:183} INFO - Processing /home/airflow/.local/lib/python3.12/site-packages/airflow/example_dags/tutorial_objectstorage.py took 0.115 seconds
[2026-06-28T17:29:04.720+0000] {processor.py:161} INFO - Started process (PID=9922) to work on /home/airflow/.local/lib/python3.12/site-packages/airflow/example_dags/tutorial_objectstorage.py
[2026-06-28T17:29:04.721+0000] {processor.py:830} INFO - Processing file /home/airflow/.local/lib/python3.12/site-packages/airflow/example_dags/tutorial_objectstorage.py for tasks to queue
[2026-06-28T17:29:04.723+0000] {logging_mixin.py:188} INFO - [2026-06-28T17:29:04.723+0000] {dagbag.py:545} INFO - Filling up the DagBag from /home/airflow/.local/lib/python3.12/site-packages/airflow/example_dags/tutorial_objectstorage.py
[2026-06-28T17:29:04.735+0000] {processor.py:840} INFO - DAG(s) 'tutorial_objectstorage' retrieved from /home/airflow/.local/lib/python3.12/site-packages/airflow/example_dags/tutorial_objectstorage.py
[2026-06-28T17:29:04.760+0000] {logging_mixin.py:188} INFO - [2026-06-28T17:29:04.760+0000] {dag.py:3096} INFO - Sync 1 DAGs
[2026-06-28T17:29:04.778+0000] {logging_mixin.py:188} INFO - [2026-06-28T17:29:04.778+0000] {dag.py:3954} INFO - Setting next_dagrun for tutorial_objectstorage to None, run_after=None
[2026-06-28T17:29:04.802+0000] {processor.py:183} INFO - Processing /home/airflow/.local/lib/python3.12/site-packages/airflow/example_dags/tutorial_objectstorage.py took 0.091 seconds
[2026-06-28T17:29:35.649+0000] {processor.py:161} INFO - Started process (PID=9981) to work on /home/airflow/.local/lib/python3.12/site-packages/airflow/example_dags/tutorial_objectstorage.py
[2026-06-28T17:29:35.655+0000] {processor.py:830} INFO - Processing file /home/airflow/.local/lib/python3.12/site-packages/airflow/example_dags/tutorial_objectstorage.py for tasks to queue
[2026-06-28T17:29:35.658+0000] {logging_mixin.py:188} INFO - [2026-06-28T17:29:35.657+0000] {dagbag.py:545} INFO - Filling up the DagBag from /home/airflow/.local/lib/python3.12/site-packages/airflow/example_dags/tutorial_objectstorage.py
[2026-06-28T17:29:35.667+0000] {processor.py:840} INFO - DAG(s) 'tutorial_objectstorage' retrieved from /home/airflow/.local/lib/python3.12/site-packages/airflow/example_dags/tutorial_objectstorage.py
[2026-06-28T17:29:35.702+0000] {logging_mixin.py:188} INFO - [2026-06-28T17:29:35.701+0000] {dag.py:3096} INFO - Sync 1 DAGs
[2026-06-28T17:29:35.745+0000] {logging_mixin.py:188} INFO - [2026-06-28T17:29:35.745+0000] {dag.py:3954} INFO - Setting next_dagrun for tutorial_objectstorage to None, run_after=None
[2026-06-28T17:29:35.841+0000] {processor.py:183} INFO - Processing /home/airflow/.local/lib/python3.12/site-packages/airflow/example_dags/tutorial_objectstorage.py took 0.207 seconds
[2026-06-28T17:30:05.909+0000] {processor.py:161} INFO - Started process (PID=10040) to work on /home/airflow/.local/lib/python3.12/site-packages/airflow/example_dags/tutorial_objectstorage.py
[2026-06-28T17:30:05.913+0000] {processor.py:830} INFO - Processing file /home/airflow/.local/lib/python3.12/site-packages/airflow/example_dags/tutorial_objectstorage.py for tasks to queue
[2026-06-28T17:30:05.916+0000] {logging_mixin.py:188} INFO - [2026-06-28T17:30:05.915+0000] {dagbag.py:545} INFO - Filling up the DagBag from /home/airflow/.local/lib/python3.12/site-packages/airflow/example_dags/tutorial_objectstorage.py
[2026-06-28T17:30:05.924+0000] {processor.py:840} INFO - DAG(s) 'tutorial_objectstorage' retrieved from /home/airflow/.local/lib/python3.12/site-packages/airflow/example_dags/tutorial_objectstorage.py
[2026-06-28T17:30:05.942+0000] {logging_mixin.py:188} INFO - [2026-06-28T17:30:05.942+0000] {dag.py:3096} INFO - Sync 1 DAGs
[2026-06-28T17:30:05.954+0000] {logging_mixin.py:188} INFO - [2026-06-28T17:30:05.954+0000] {dag.py:3954} INFO - Setting next_dagrun for tutorial_objectstorage to None, run_after=None
[2026-06-28T17:30:05.975+0000] {processor.py:183} INFO - Processing /home/airflow/.local/lib/python3.12/site-packages/airflow/example_dags/tutorial_objectstorage.py took 0.074 seconds
[2026-06-28T18:12:50.356+0000] {processor.py:161} INFO - Started process (PID=120) to work on /home/airflow/.local/lib/python3.12/site-packages/airflow/example_dags/tutorial_objectstorage.py
[2026-06-28T18:12:50.362+0000] {processor.py:830} INFO - Processing file /home/airflow/.local/lib/python3.12/site-packages/airflow/example_dags/tutorial_objectstorage.py for tasks to queue
[2026-06-28T18:12:50.369+0000] {logging_mixin.py:188} INFO - [2026-06-28T18:12:50.369+0000] {dagbag.py:545} INFO - Filling up the DagBag from /home/airflow/.local/lib/python3.12/site-packages/airflow/example_dags/tutorial_objectstorage.py
[2026-06-28T18:12:50.394+0000] {processor.py:840} INFO - DAG(s) 'tutorial_objectstorage' retrieved from /home/airflow/.local/lib/python3.12/site-packages/airflow/example_dags/tutorial_objectstorage.py
[2026-06-28T18:12:50.422+0000] {logging_mixin.py:188} INFO - [2026-06-28T18:12:50.422+0000] {dag.py:3096} INFO - Sync 1 DAGs
[2026-06-28T18:12:50.439+0000] {logging_mixin.py:188} INFO - [2026-06-28T18:12:50.438+0000] {dag.py:3954} INFO - Setting next_dagrun for tutorial_objectstorage to None, run_after=None
[2026-06-28T18:12:50.462+0000] {processor.py:183} INFO - Processing /home/airflow/.local/lib/python3.12/site-packages/airflow/example_dags/tutorial_objectstorage.py took 0.117 seconds
[2026-06-28T18:13:20.517+0000] {processor.py:161} INFO - Started process (PID=179) to work on /home/airflow/.local/lib/python3.12/site-packages/airflow/example_dags/tutorial_objectstorage.py
[2026-06-28T18:13:20.520+0000] {processor.py:830} INFO - Processing file /home/airflow/.local/lib/python3.12/site-packages/airflow/example_dags/tutorial_objectstorage.py for tasks to queue
[2026-06-28T18:13:20.526+0000] {logging_mixin.py:188} INFO - [2026-06-28T18:13:20.525+0000] {dagbag.py:545} INFO - Filling up the DagBag from /home/airflow/.local/lib/python3.12/site-packages/airflow/example_dags/tutorial_objectstorage.py
[2026-06-28T18:13:20.544+0000] {processor.py:840} INFO - DAG(s) 'tutorial_objectstorage' retrieved from /home/airflow/.local/lib/python3.12/site-packages/airflow/example_dags/tutorial_objectstorage.py
[2026-06-28T18:13:20.635+0000] {logging_mixin.py:188} INFO - [2026-06-28T18:13:20.634+0000] {dag.py:3096} INFO - Sync 1 DAGs
[2026-06-28T18:13:20.680+0000] {logging_mixin.py:188} INFO - [2026-06-28T18:13:20.680+0000] {dag.py:3954} INFO - Setting next_dagrun for tutorial_objectstorage to None, run_after=None
[2026-06-28T18:13:20.740+0000] {processor.py:183} INFO - Processing /home/airflow/.local/lib/python3.12/site-packages/airflow/example_dags/tutorial_objectstorage.py took 0.231 seconds
[2026-06-28T18:19:04.917+0000] {processor.py:161} INFO - Started process (PID=120) to work on /home/airflow/.local/lib/python3.12/site-packages/airflow/example_dags/tutorial_objectstorage.py
[2026-06-28T18:19:04.922+0000] {processor.py:830} INFO - Processing file /home/airflow/.local/lib/python3.12/site-packages/airflow/example_dags/tutorial_objectstorage.py for tasks to queue
[2026-06-28T18:19:04.926+0000] {logging_mixin.py:188} INFO - [2026-06-28T18:19:04.925+0000] {dagbag.py:545} INFO - Filling up the DagBag from /home/airflow/.local/lib/python3.12/site-packages/airflow/example_dags/tutorial_objectstorage.py
[2026-06-28T18:19:04.947+0000] {processor.py:840} INFO - DAG(s) 'tutorial_objectstorage' retrieved from /home/airflow/.local/lib/python3.12/site-packages/airflow/example_dags/tutorial_objectstorage.py
[2026-06-28T18:19:05.271+0000] {logging_mixin.py:188} INFO - [2026-06-28T18:19:05.270+0000] {dag.py:3096} INFO - Sync 1 DAGs
[2026-06-28T18:19:05.316+0000] {logging_mixin.py:188} INFO - [2026-06-28T18:19:05.316+0000] {dag.py:3954} INFO - Setting next_dagrun for tutorial_objectstorage to None, run_after=None
[2026-06-28T18:19:05.388+0000] {processor.py:183} INFO - Processing /home/airflow/.local/lib/python3.12/site-packages/airflow/example_dags/tutorial_objectstorage.py took 0.492 seconds
[2026-06-28T18:19:35.669+0000] {processor.py:161} INFO - Started process (PID=179) to work on /home/airflow/.local/lib/python3.12/site-packages/airflow/example_dags/tutorial_objectstorage.py
[2026-06-28T18:19:35.699+0000] {processor.py:830} INFO - Processing file /home/airflow/.local/lib/python3.12/site-packages/airflow/example_dags/tutorial_objectstorage.py for tasks to queue
[2026-06-28T18:19:35.709+0000] {logging_mixin.py:188} INFO - [2026-06-28T18:19:35.709+0000] {dagbag.py:545} INFO - Filling up the DagBag from /home/airflow/.local/lib/python3.12/site-packages/airflow/example_dags/tutorial_objectstorage.py
[2026-06-28T18:19:35.752+0000] {processor.py:840} INFO - DAG(s) 'tutorial_objectstorage' retrieved from /home/airflow/.local/lib/python3.12/site-packages/airflow/example_dags/tutorial_objectstorage.py
[2026-06-28T18:19:35.893+0000] {logging_mixin.py:188} INFO - [2026-06-28T18:19:35.893+0000] {dag.py:3096} INFO - Sync 1 DAGs
[2026-06-28T18:19:35.993+0000] {logging_mixin.py:188} INFO - [2026-06-28T18:19:35.986+0000] {dag.py:3954} INFO - Setting next_dagrun for tutorial_objectstorage to None, run_after=None
[2026-06-28T18:19:36.107+0000] {processor.py:183} INFO - Processing /home/airflow/.local/lib/python3.12/site-packages/airflow/example_dags/tutorial_objectstorage.py took 0.465 seconds
[2026-06-28T18:20:06.705+0000] {processor.py:161} INFO - Started process (PID=238) to work on /home/airflow/.local/lib/python3.12/site-packages/airflow/example_dags/tutorial_objectstorage.py
[2026-06-28T18:20:06.706+0000] {processor.py:830} INFO - Processing file /home/airflow/.local/lib/python3.12/site-packages/airflow/example_dags/tutorial_objectstorage.py for tasks to queue
[2026-06-28T18:20:06.708+0000] {logging_mixin.py:188} INFO - [2026-06-28T18:20:06.708+0000] {dagbag.py:545} INFO - Filling up the DagBag from /home/airflow/.local/lib/python3.12/site-packages/airflow/example_dags/tutorial_objectstorage.py
[2026-06-28T18:20:06.718+0000] {processor.py:840} INFO - DAG(s) 'tutorial_objectstorage' retrieved from /home/airflow/.local/lib/python3.12/site-packages/airflow/example_dags/tutorial_objectstorage.py
[2026-06-28T18:20:06.743+0000] {logging_mixin.py:188} INFO - [2026-06-28T18:20:06.743+0000] {dag.py:3096} INFO - Sync 1 DAGs
[2026-06-28T18:20:06.762+0000] {logging_mixin.py:188} INFO - [2026-06-28T18:20:06.762+0000] {dag.py:3954} INFO - Setting next_dagrun for tutorial_objectstorage to None, run_after=None
[2026-06-28T18:20:06.783+0000] {processor.py:183} INFO - Processing /home/airflow/.local/lib/python3.12/site-packages/airflow/example_dags/tutorial_objectstorage.py took 0.084 seconds
[2026-06-28T18:20:36.917+0000] {processor.py:161} INFO - Started process (PID=297) to work on /home/airflow/.local/lib/python3.12/site-packages/airflow/example_dags/tutorial_objectstorage.py
[2026-06-28T18:20:36.918+0000] {processor.py:830} INFO - Processing file /home/airflow/.local/lib/python3.12/site-packages/airflow/example_dags/tutorial_objectstorage.py for tasks to queue
[2026-06-28T18:20:36.920+0000] {logging_mixin.py:188} INFO - [2026-06-28T18:20:36.920+0000] {dagbag.py:545} INFO - Filling up the DagBag from /home/airflow/.local/lib/python3.12/site-packages/airflow/example_dags/tutorial_objectstorage.py
[2026-06-28T18:20:36.929+0000] {processor.py:840} INFO - DAG(s) 'tutorial_objectstorage' retrieved from /home/airflow/.local/lib/python3.12/site-packages/airflow/example_dags/tutorial_objectstorage.py
[2026-06-28T18:20:36.952+0000] {logging_mixin.py:188} INFO - [2026-06-28T18:20:36.952+0000] {dag.py:3096} INFO - Sync 1 DAGs
[2026-06-28T18:20:36.969+0000] {logging_mixin.py:188} INFO - [2026-06-28T18:20:36.969+0000] {dag.py:3954} INFO - Setting next_dagrun for tutorial_objectstorage to None, run_after=None
[2026-06-28T18:20:36.996+0000] {processor.py:183} INFO - Processing /home/airflow/.local/lib/python3.12/site-packages/airflow/example_dags/tutorial_objectstorage.py took 0.086 seconds
[2026-06-28T18:21:07.338+0000] {processor.py:161} INFO - Started process (PID=356) to work on /home/airflow/.local/lib/python3.12/site-packages/airflow/example_dags/tutorial_objectstorage.py
[2026-06-28T18:21:07.340+0000] {processor.py:830} INFO - Processing file /home/airflow/.local/lib/python3.12/site-packages/airflow/example_dags/tutorial_objectstorage.py for tasks to queue
[2026-06-28T18:21:07.342+0000] {logging_mixin.py:188} INFO - [2026-06-28T18:21:07.341+0000] {dagbag.py:545} INFO - Filling up the DagBag from /home/airflow/.local/lib/python3.12/site-packages/airflow/example_dags/tutorial_objectstorage.py
[2026-06-28T18:21:07.351+0000] {processor.py:840} INFO - DAG(s) 'tutorial_objectstorage' retrieved from /home/airflow/.local/lib/python3.12/site-packages/airflow/example_dags/tutorial_objectstorage.py
[2026-06-28T18:21:07.374+0000] {logging_mixin.py:188} INFO - [2026-06-28T18:21:07.373+0000] {dag.py:3096} INFO - Sync 1 DAGs
[2026-06-28T18:21:07.402+0000] {logging_mixin.py:188} INFO - [2026-06-28T18:21:07.402+0000] {dag.py:3954} INFO - Setting next_dagrun for tutorial_objectstorage to None, run_after=None
[2026-06-28T18:21:07.430+0000] {processor.py:183} INFO - Processing /home/airflow/.local/lib/python3.12/site-packages/airflow/example_dags/tutorial_objectstorage.py took 0.103 seconds
[2026-06-28T18:21:37.765+0000] {processor.py:161} INFO - Started process (PID=415) to work on /home/airflow/.local/lib/python3.12/site-packages/airflow/example_dags/tutorial_objectstorage.py
[2026-06-28T18:21:37.769+0000] {processor.py:830} INFO - Processing file /home/airflow/.local/lib/python3.12/site-packages/airflow/example_dags/tutorial_objectstorage.py for tasks to queue
[2026-06-28T18:21:37.779+0000] {logging_mixin.py:188} INFO - [2026-06-28T18:21:37.779+0000] {dagbag.py:545} INFO - Filling up the DagBag from /home/airflow/.local/lib/python3.12/site-packages/airflow/example_dags/tutorial_objectstorage.py
[2026-06-28T18:21:37.831+0000] {processor.py:840} INFO - DAG(s) 'tutorial_objectstorage' retrieved from /home/airflow/.local/lib/python3.12/site-packages/airflow/example_dags/tutorial_objectstorage.py
[2026-06-28T18:21:38.091+0000] {logging_mixin.py:188} INFO - [2026-06-28T18:21:38.087+0000] {dag.py:3096} INFO - Sync 1 DAGs
[2026-06-28T18:21:38.184+0000] {logging_mixin.py:188} INFO - [2026-06-28T18:21:38.184+0000] {dag.py:3954} INFO - Setting next_dagrun for tutorial_objectstorage to None, run_after=None
[2026-06-28T18:21:38.315+0000] {processor.py:183} INFO - Processing /home/airflow/.local/lib/python3.12/site-packages/airflow/example_dags/tutorial_objectstorage.py took 0.590 seconds
[2026-06-28T18:22:09.867+0000] {processor.py:161} INFO - Started process (PID=474) to work on /home/airflow/.local/lib/python3.12/site-packages/airflow/example_dags/tutorial_objectstorage.py
[2026-06-28T18:22:09.869+0000] {processor.py:830} INFO - Processing file /home/airflow/.local/lib/python3.12/site-packages/airflow/example_dags/tutorial_objectstorage.py for tasks to queue
[2026-06-28T18:22:09.874+0000] {logging_mixin.py:188} INFO - [2026-06-28T18:22:09.873+0000] {dagbag.py:545} INFO - Filling up the DagBag from /home/airflow/.local/lib/python3.12/site-packages/airflow/example_dags/tutorial_objectstorage.py
[2026-06-28T18:22:09.896+0000] {processor.py:840} INFO - DAG(s) 'tutorial_objectstorage' retrieved from /home/airflow/.local/lib/python3.12/site-packages/airflow/example_dags/tutorial_objectstorage.py
[2026-06-28T18:22:09.968+0000] {logging_mixin.py:188} INFO - [2026-06-28T18:22:09.966+0000] {dag.py:3096} INFO - Sync 1 DAGs
[2026-06-28T18:22:10.054+0000] {logging_mixin.py:188} INFO - [2026-06-28T18:22:10.053+0000] {dag.py:3954} INFO - Setting next_dagrun for tutorial_objectstorage to None, run_after=None
[2026-06-28T18:22:10.159+0000] {processor.py:183} INFO - Processing /home/airflow/.local/lib/python3.12/site-packages/airflow/example_dags/tutorial_objectstorage.py took 0.308 seconds
[2026-06-28T18:22:40.692+0000] {processor.py:161} INFO - Started process (PID=533) to work on /home/airflow/.local/lib/python3.12/site-packages/airflow/example_dags/tutorial_objectstorage.py
[2026-06-28T18:22:40.693+0000] {processor.py:830} INFO - Processing file /home/airflow/.local/lib/python3.12/site-packages/airflow/example_dags/tutorial_objectstorage.py for tasks to queue
[2026-06-28T18:22:40.695+0000] {logging_mixin.py:188} INFO - [2026-06-28T18:22:40.695+0000] {dagbag.py:545} INFO - Filling up the DagBag from /home/airflow/.local/lib/python3.12/site-packages/airflow/example_dags/tutorial_objectstorage.py
[2026-06-28T18:22:40.705+0000] {processor.py:840} INFO - DAG(s) 'tutorial_objectstorage' retrieved from /home/airflow/.local/lib/python3.12/site-packages/airflow/example_dags/tutorial_objectstorage.py
[2026-06-28T18:22:40.727+0000] {logging_mixin.py:188} INFO - [2026-06-28T18:22:40.727+0000] {dag.py:3096} INFO - Sync 1 DAGs
[2026-06-28T18:22:40.743+0000] {logging_mixin.py:188} INFO - [2026-06-28T18:22:40.743+0000] {dag.py:3954} INFO - Setting next_dagrun for tutorial_objectstorage to None, run_after=None
[2026-06-28T18:22:40.766+0000] {processor.py:183} INFO - Processing /home/airflow/.local/lib/python3.12/site-packages/airflow/example_dags/tutorial_objectstorage.py took 0.080 seconds
[2026-06-28T18:23:11.386+0000] {processor.py:161} INFO - Started process (PID=592) to work on /home/airflow/.local/lib/python3.12/site-packages/airflow/example_dags/tutorial_objectstorage.py
[2026-06-28T18:23:11.391+0000] {processor.py:830} INFO - Processing file /home/airflow/.local/lib/python3.12/site-packages/airflow/example_dags/tutorial_objectstorage.py for tasks to queue
[2026-06-28T18:23:11.395+0000] {logging_mixin.py:188} INFO - [2026-06-28T18:23:11.395+0000] {dagbag.py:545} INFO - Filling up the DagBag from /home/airflow/.local/lib/python3.12/site-packages/airflow/example_dags/tutorial_objectstorage.py
[2026-06-28T18:23:11.412+0000] {processor.py:840} INFO - DAG(s) 'tutorial_objectstorage' retrieved from /home/airflow/.local/lib/python3.12/site-packages/airflow/example_dags/tutorial_objectstorage.py
[2026-06-28T18:23:11.487+0000] {logging_mixin.py:188} INFO - [2026-06-28T18:23:11.486+0000] {dag.py:3096} INFO - Sync 1 DAGs
[2026-06-28T18:23:11.520+0000] {logging_mixin.py:188} INFO - [2026-06-28T18:23:11.519+0000] {dag.py:3954} INFO - Setting next_dagrun for tutorial_objectstorage to None, run_after=None
[2026-06-28T18:23:11.643+0000] {processor.py:183} INFO - Processing /home/airflow/.local/lib/python3.12/site-packages/airflow/example_dags/tutorial_objectstorage.py took 0.282 seconds
[2026-06-28T18:23:42.335+0000] {processor.py:161} INFO - Started process (PID=651) to work on /home/airflow/.local/lib/python3.12/site-packages/airflow/example_dags/tutorial_objectstorage.py
[2026-06-28T18:23:42.336+0000] {processor.py:830} INFO - Processing file /home/airflow/.local/lib/python3.12/site-packages/airflow/example_dags/tutorial_objectstorage.py for tasks to queue
[2026-06-28T18:23:42.339+0000] {logging_mixin.py:188} INFO - [2026-06-28T18:23:42.339+0000] {dagbag.py:545} INFO - Filling up the DagBag from /home/airflow/.local/lib/python3.12/site-packages/airflow/example_dags/tutorial_objectstorage.py
[2026-06-28T18:23:42.349+0000] {processor.py:840} INFO - DAG(s) 'tutorial_objectstorage' retrieved from /home/airflow/.local/lib/python3.12/site-packages/airflow/example_dags/tutorial_objectstorage.py
[2026-06-28T18:23:42.406+0000] {logging_mixin.py:188} INFO - [2026-06-28T18:23:42.405+0000] {dag.py:3096} INFO - Sync 1 DAGs
[2026-06-28T18:23:42.443+0000] {logging_mixin.py:188} INFO - [2026-06-28T18:23:42.441+0000] {dag.py:3954} INFO - Setting next_dagrun for tutorial_objectstorage to None, run_after=None
[2026-06-28T18:23:42.480+0000] {processor.py:183} INFO - Processing /home/airflow/.local/lib/python3.12/site-packages/airflow/example_dags/tutorial_objectstorage.py took 0.154 seconds
[2026-06-28T18:24:13.739+0000] {processor.py:161} INFO - Started process (PID=710) to work on /home/airflow/.local/lib/python3.12/site-packages/airflow/example_dags/tutorial_objectstorage.py
[2026-06-28T18:24:13.739+0000] {processor.py:830} INFO - Processing file /home/airflow/.local/lib/python3.12/site-packages/airflow/example_dags/tutorial_objectstorage.py for tasks to queue
[2026-06-28T18:24:13.741+0000] {logging_mixin.py:188} INFO - [2026-06-28T18:24:13.741+0000] {dagbag.py:545} INFO - Filling up the DagBag from /home/airflow/.local/lib/python3.12/site-packages/airflow/example_dags/tutorial_objectstorage.py
[2026-06-28T18:24:13.750+0000] {processor.py:840} INFO - DAG(s) 'tutorial_objectstorage' retrieved from /home/airflow/.local/lib/python3.12/site-packages/airflow/example_dags/tutorial_objectstorage.py
[2026-06-28T18:24:13.774+0000] {logging_mixin.py:188} INFO - [2026-06-28T18:24:13.774+0000] {dag.py:3096} INFO - Sync 1 DAGs
[2026-06-28T18:24:13.790+0000] {logging_mixin.py:188} INFO - [2026-06-28T18:24:13.789+0000] {dag.py:3954} INFO - Setting next_dagrun for tutorial_objectstorage to None, run_after=None
[2026-06-28T18:24:13.811+0000] {processor.py:183} INFO - Processing /home/airflow/.local/lib/python3.12/site-packages/airflow/example_dags/tutorial_objectstorage.py took 0.080 seconds
[2026-06-28T18:24:43.981+0000] {processor.py:161} INFO - Started process (PID=768) to work on /home/airflow/.local/lib/python3.12/site-packages/airflow/example_dags/tutorial_objectstorage.py
[2026-06-28T18:24:43.982+0000] {processor.py:830} INFO - Processing file /home/airflow/.local/lib/python3.12/site-packages/airflow/example_dags/tutorial_objectstorage.py for tasks to queue
[2026-06-28T18:24:43.984+0000] {logging_mixin.py:188} INFO - [2026-06-28T18:24:43.984+0000] {dagbag.py:545} INFO - Filling up the DagBag from /home/airflow/.local/lib/python3.12/site-packages/airflow/example_dags/tutorial_objectstorage.py
[2026-06-28T18:24:43.993+0000] {processor.py:840} INFO - DAG(s) 'tutorial_objectstorage' retrieved from /home/airflow/.local/lib/python3.12/site-packages/airflow/example_dags/tutorial_objectstorage.py
[2026-06-28T18:24:44.016+0000] {logging_mixin.py:188} INFO - [2026-06-28T18:24:44.015+0000] {dag.py:3096} INFO - Sync 1 DAGs
[2026-06-28T18:24:44.033+0000] {logging_mixin.py:188} INFO - [2026-06-28T18:24:44.033+0000] {dag.py:3954} INFO - Setting next_dagrun for tutorial_objectstorage to None, run_after=None
[2026-06-28T18:24:44.055+0000] {processor.py:183} INFO - Processing /home/airflow/.local/lib/python3.12/site-packages/airflow/example_dags/tutorial_objectstorage.py took 0.087 seconds
[2026-06-28T18:25:14.834+0000] {processor.py:161} INFO - Started process (PID=833) to work on /home/airflow/.local/lib/python3.12/site-packages/airflow/example_dags/tutorial_objectstorage.py
[2026-06-28T18:25:14.834+0000] {processor.py:830} INFO - Processing file /home/airflow/.local/lib/python3.12/site-packages/airflow/example_dags/tutorial_objectstorage.py for tasks to queue
[2026-06-28T18:25:14.836+0000] {logging_mixin.py:188} INFO - [2026-06-28T18:25:14.836+0000] {dagbag.py:545} INFO - Filling up the DagBag from /home/airflow/.local/lib/python3.12/site-packages/airflow/example_dags/tutorial_objectstorage.py
[2026-06-28T18:25:14.845+0000] {processor.py:840} INFO - DAG(s) 'tutorial_objectstorage' retrieved from /home/airflow/.local/lib/python3.12/site-packages/airflow/example_dags/tutorial_objectstorage.py
[2026-06-28T18:25:14.868+0000] {logging_mixin.py:188} INFO - [2026-06-28T18:25:14.868+0000] {dag.py:3096} INFO - Sync 1 DAGs
[2026-06-28T18:25:14.885+0000] {logging_mixin.py:188} INFO - [2026-06-28T18:25:14.884+0000] {dag.py:3954} INFO - Setting next_dagrun for tutorial_objectstorage to None, run_after=None
[2026-06-28T18:25:14.905+0000] {processor.py:183} INFO - Processing /home/airflow/.local/lib/python3.12/site-packages/airflow/example_dags/tutorial_objectstorage.py took 0.079 seconds
[2026-06-28T18:25:47.154+0000] {processor.py:161} INFO - Started process (PID=892) to work on /home/airflow/.local/lib/python3.12/site-packages/airflow/example_dags/tutorial_objectstorage.py
[2026-06-28T18:25:47.172+0000] {processor.py:830} INFO - Processing file /home/airflow/.local/lib/python3.12/site-packages/airflow/example_dags/tutorial_objectstorage.py for tasks to queue
[2026-06-28T18:25:47.193+0000] {logging_mixin.py:188} INFO - [2026-06-28T18:25:47.189+0000] {dagbag.py:545} INFO - Filling up the DagBag from /home/airflow/.local/lib/python3.12/site-packages/airflow/example_dags/tutorial_objectstorage.py
[2026-06-28T18:25:47.272+0000] {processor.py:840} INFO - DAG(s) 'tutorial_objectstorage' retrieved from /home/airflow/.local/lib/python3.12/site-packages/airflow/example_dags/tutorial_objectstorage.py
[2026-06-28T18:25:47.374+0000] {logging_mixin.py:188} INFO - [2026-06-28T18:25:47.373+0000] {dag.py:3096} INFO - Sync 1 DAGs
[2026-06-28T18:25:47.396+0000] {logging_mixin.py:188} INFO - [2026-06-28T18:25:47.393+0000] {dag.py:3954} INFO - Setting next_dagrun for tutorial_objectstorage to None, run_after=None
[2026-06-28T18:25:47.460+0000] {processor.py:183} INFO - Processing /home/airflow/.local/lib/python3.12/site-packages/airflow/example_dags/tutorial_objectstorage.py took 0.372 seconds
[2026-06-28T18:26:17.634+0000] {processor.py:161} INFO - Started process (PID=951) to work on /home/airflow/.local/lib/python3.12/site-packages/airflow/example_dags/tutorial_objectstorage.py
[2026-06-28T18:26:17.637+0000] {processor.py:830} INFO - Processing file /home/airflow/.local/lib/python3.12/site-packages/airflow/example_dags/tutorial_objectstorage.py for tasks to queue
[2026-06-28T18:26:17.642+0000] {logging_mixin.py:188} INFO - [2026-06-28T18:26:17.639+0000] {dagbag.py:545} INFO - Filling up the DagBag from /home/airflow/.local/lib/python3.12/site-packages/airflow/example_dags/tutorial_objectstorage.py
[2026-06-28T18:26:17.683+0000] {processor.py:840} INFO - DAG(s) 'tutorial_objectstorage' retrieved from /home/airflow/.local/lib/python3.12/site-packages/airflow/example_dags/tutorial_objectstorage.py
[2026-06-28T18:26:17.819+0000] {logging_mixin.py:188} INFO - [2026-06-28T18:26:17.818+0000] {dag.py:3096} INFO - Sync 1 DAGs
[2026-06-28T18:26:17.896+0000] {logging_mixin.py:188} INFO - [2026-06-28T18:26:17.896+0000] {dag.py:3954} INFO - Setting next_dagrun for tutorial_objectstorage to None, run_after=None
[2026-06-28T18:26:17.947+0000] {processor.py:183} INFO - Processing /home/airflow/.local/lib/python3.12/site-packages/airflow/example_dags/tutorial_objectstorage.py took 0.334 seconds
[2026-06-28T18:26:48.604+0000] {processor.py:161} INFO - Started process (PID=1010) to work on /home/airflow/.local/lib/python3.12/site-packages/airflow/example_dags/tutorial_objectstorage.py
[2026-06-28T18:26:48.605+0000] {processor.py:830} INFO - Processing file /home/airflow/.local/lib/python3.12/site-packages/airflow/example_dags/tutorial_objectstorage.py for tasks to queue
[2026-06-28T18:26:48.614+0000] {logging_mixin.py:188} INFO - [2026-06-28T18:26:48.611+0000] {dagbag.py:545} INFO - Filling up the DagBag from /home/airflow/.local/lib/python3.12/site-packages/airflow/example_dags/tutorial_objectstorage.py
[2026-06-28T18:26:48.630+0000] {processor.py:840} INFO - DAG(s) 'tutorial_objectstorage' retrieved from /home/airflow/.local/lib/python3.12/site-packages/airflow/example_dags/tutorial_objectstorage.py
[2026-06-28T18:26:48.728+0000] {logging_mixin.py:188} INFO - [2026-06-28T18:26:48.728+0000] {dag.py:3096} INFO - Sync 1 DAGs
[2026-06-28T18:26:48.804+0000] {logging_mixin.py:188} INFO - [2026-06-28T18:26:48.804+0000] {dag.py:3954} INFO - Setting next_dagrun for tutorial_objectstorage to None, run_after=None
[2026-06-28T18:26:48.878+0000] {processor.py:183} INFO - Processing /home/airflow/.local/lib/python3.12/site-packages/airflow/example_dags/tutorial_objectstorage.py took 0.288 seconds
[2026-06-28T18:27:19.158+0000] {processor.py:161} INFO - Started process (PID=1069) to work on /home/airflow/.local/lib/python3.12/site-packages/airflow/example_dags/tutorial_objectstorage.py
[2026-06-28T18:27:19.159+0000] {processor.py:830} INFO - Processing file /home/airflow/.local/lib/python3.12/site-packages/airflow/example_dags/tutorial_objectstorage.py for tasks to queue
[2026-06-28T18:27:19.162+0000] {logging_mixin.py:188} INFO - [2026-06-28T18:27:19.161+0000] {dagbag.py:545} INFO - Filling up the DagBag from /home/airflow/.local/lib/python3.12/site-packages/airflow/example_dags/tutorial_objectstorage.py
[2026-06-28T18:27:19.170+0000] {processor.py:840} INFO - DAG(s) 'tutorial_objectstorage' retrieved from /home/airflow/.local/lib/python3.12/site-packages/airflow/example_dags/tutorial_objectstorage.py
[2026-06-28T18:27:19.195+0000] {logging_mixin.py:188} INFO - [2026-06-28T18:27:19.194+0000] {dag.py:3096} INFO - Sync 1 DAGs
[2026-06-28T18:27:19.211+0000] {logging_mixin.py:188} INFO - [2026-06-28T18:27:19.211+0000] {dag.py:3954} INFO - Setting next_dagrun for tutorial_objectstorage to None, run_after=None
[2026-06-28T18:27:19.236+0000] {processor.py:183} INFO - Processing /home/airflow/.local/lib/python3.12/site-packages/airflow/example_dags/tutorial_objectstorage.py took 0.084 seconds
[2026-06-28T18:27:49.438+0000] {processor.py:161} INFO - Started process (PID=1127) to work on /home/airflow/.local/lib/python3.12/site-packages/airflow/example_dags/tutorial_objectstorage.py
[2026-06-28T18:27:49.439+0000] {processor.py:830} INFO - Processing file /home/airflow/.local/lib/python3.12/site-packages/airflow/example_dags/tutorial_objectstorage.py for tasks to queue
[2026-06-28T18:27:49.442+0000] {logging_mixin.py:188} INFO - [2026-06-28T18:27:49.441+0000] {dagbag.py:545} INFO - Filling up the DagBag from /home/airflow/.local/lib/python3.12/site-packages/airflow/example_dags/tutorial_objectstorage.py
[2026-06-28T18:27:49.450+0000] {processor.py:840} INFO - DAG(s) 'tutorial_objectstorage' retrieved from /home/airflow/.local/lib/python3.12/site-packages/airflow/example_dags/tutorial_objectstorage.py
[2026-06-28T18:27:49.471+0000] {logging_mixin.py:188} INFO - [2026-06-28T18:27:49.471+0000] {dag.py:3096} INFO - Sync 1 DAGs
[2026-06-28T18:27:49.487+0000] {logging_mixin.py:188} INFO - [2026-06-28T18:27:49.487+0000] {dag.py:3954} INFO - Setting next_dagrun for tutorial_objectstorage to None, run_after=None
[2026-06-28T18:27:49.512+0000] {processor.py:183} INFO - Processing /home/airflow/.local/lib/python3.12/site-packages/airflow/example_dags/tutorial_objectstorage.py took 0.084 seconds
[2026-06-28T18:28:19.728+0000] {processor.py:161} INFO - Started process (PID=1186) to work on /home/airflow/.local/lib/python3.12/site-packages/airflow/example_dags/tutorial_objectstorage.py
[2026-06-28T18:28:19.729+0000] {processor.py:830} INFO - Processing file /home/airflow/.local/lib/python3.12/site-packages/airflow/example_dags/tutorial_objectstorage.py for tasks to queue
[2026-06-28T18:28:19.731+0000] {logging_mixin.py:188} INFO - [2026-06-28T18:28:19.731+0000] {dagbag.py:545} INFO - Filling up the DagBag from /home/airflow/.local/lib/python3.12/site-packages/airflow/example_dags/tutorial_objectstorage.py
[2026-06-28T18:28:19.740+0000] {processor.py:840} INFO - DAG(s) 'tutorial_objectstorage' retrieved from /home/airflow/.local/lib/python3.12/site-packages/airflow/example_dags/tutorial_objectstorage.py
[2026-06-28T18:28:19.763+0000] {logging_mixin.py:188} INFO - [2026-06-28T18:28:19.762+0000] {dag.py:3096} INFO - Sync 1 DAGs
[2026-06-28T18:28:19.779+0000] {logging_mixin.py:188} INFO - [2026-06-28T18:28:19.779+0000] {dag.py:3954} INFO - Setting next_dagrun for tutorial_objectstorage to None, run_after=None
[2026-06-28T18:28:19.801+0000] {processor.py:183} INFO - Processing /home/airflow/.local/lib/python3.12/site-packages/airflow/example_dags/tutorial_objectstorage.py took 0.082 seconds
[2026-06-28T18:28:50.601+0000] {processor.py:161} INFO - Started process (PID=1245) to work on /home/airflow/.local/lib/python3.12/site-packages/airflow/example_dags/tutorial_objectstorage.py
[2026-06-28T18:28:50.604+0000] {processor.py:830} INFO - Processing file /home/airflow/.local/lib/python3.12/site-packages/airflow/example_dags/tutorial_objectstorage.py for tasks to queue
[2026-06-28T18:28:50.606+0000] {logging_mixin.py:188} INFO - [2026-06-28T18:28:50.606+0000] {dagbag.py:545} INFO - Filling up the DagBag from /home/airflow/.local/lib/python3.12/site-packages/airflow/example_dags/tutorial_objectstorage.py
[2026-06-28T18:28:50.616+0000] {processor.py:840} INFO - DAG(s) 'tutorial_objectstorage' retrieved from /home/airflow/.local/lib/python3.12/site-packages/airflow/example_dags/tutorial_objectstorage.py
[2026-06-28T18:28:50.640+0000] {logging_mixin.py:188} INFO - [2026-06-28T18:28:50.640+0000] {dag.py:3096} INFO - Sync 1 DAGs
[2026-06-28T18:28:50.656+0000] {logging_mixin.py:188} INFO - [2026-06-28T18:28:50.656+0000] {dag.py:3954} INFO - Setting next_dagrun for tutorial_objectstorage to None, run_after=None
[2026-06-28T18:28:50.682+0000] {processor.py:183} INFO - Processing /home/airflow/.local/lib/python3.12/site-packages/airflow/example_dags/tutorial_objectstorage.py took 0.090 seconds
[2026-06-28T18:29:21.235+0000] {processor.py:161} INFO - Started process (PID=1303) to work on /home/airflow/.local/lib/python3.12/site-packages/airflow/example_dags/tutorial_objectstorage.py
[2026-06-28T18:29:21.237+0000] {processor.py:830} INFO - Processing file /home/airflow/.local/lib/python3.12/site-packages/airflow/example_dags/tutorial_objectstorage.py for tasks to queue
[2026-06-28T18:29:21.239+0000] {logging_mixin.py:188} INFO - [2026-06-28T18:29:21.239+0000] {dagbag.py:545} INFO - Filling up the DagBag from /home/airflow/.local/lib/python3.12/site-packages/airflow/example_dags/tutorial_objectstorage.py
[2026-06-28T18:29:21.248+0000] {processor.py:840} INFO - DAG(s) 'tutorial_objectstorage' retrieved from /home/airflow/.local/lib/python3.12/site-packages/airflow/example_dags/tutorial_objectstorage.py
[2026-06-28T18:29:21.271+0000] {logging_mixin.py:188} INFO - [2026-06-28T18:29:21.271+0000] {dag.py:3096} INFO - Sync 1 DAGs
[2026-06-28T18:29:21.288+0000] {logging_mixin.py:188} INFO - [2026-06-28T18:29:21.287+0000] {dag.py:3954} INFO - Setting next_dagrun for tutorial_objectstorage to None, run_after=None
[2026-06-28T18:29:21.309+0000] {processor.py:183} INFO - Processing /home/airflow/.local/lib/python3.12/site-packages/airflow/example_dags/tutorial_objectstorage.py took 0.087 seconds
[2026-06-28T18:29:52.134+0000] {processor.py:161} INFO - Started process (PID=1362) to work on /home/airflow/.local/lib/python3.12/site-packages/airflow/example_dags/tutorial_objectstorage.py
[2026-06-28T18:29:52.135+0000] {processor.py:830} INFO - Processing file /home/airflow/.local/lib/python3.12/site-packages/airflow/example_dags/tutorial_objectstorage.py for tasks to queue
[2026-06-28T18:29:52.137+0000] {logging_mixin.py:188} INFO - [2026-06-28T18:29:52.137+0000] {dagbag.py:545} INFO - Filling up the DagBag from /home/airflow/.local/lib/python3.12/site-packages/airflow/example_dags/tutorial_objectstorage.py
[2026-06-28T18:29:52.146+0000] {processor.py:840} INFO - DAG(s) 'tutorial_objectstorage' retrieved from /home/airflow/.local/lib/python3.12/site-packages/airflow/example_dags/tutorial_objectstorage.py
[2026-06-28T18:29:52.169+0000] {logging_mixin.py:188} INFO - [2026-06-28T18:29:52.168+0000] {dag.py:3096} INFO - Sync 1 DAGs
[2026-06-28T18:29:52.188+0000] {logging_mixin.py:188} INFO - [2026-06-28T18:29:52.188+0000] {dag.py:3954} INFO - Setting next_dagrun for tutorial_objectstorage to None, run_after=None
[2026-06-28T18:29:52.212+0000] {processor.py:183} INFO - Processing /home/airflow/.local/lib/python3.12/site-packages/airflow/example_dags/tutorial_objectstorage.py took 0.084 seconds
[2026-06-28T18:30:23.024+0000] {processor.py:161} INFO - Started process (PID=1421) to work on /home/airflow/.local/lib/python3.12/site-packages/airflow/example_dags/tutorial_objectstorage.py
[2026-06-28T18:30:23.025+0000] {processor.py:830} INFO - Processing file /home/airflow/.local/lib/python3.12/site-packages/airflow/example_dags/tutorial_objectstorage.py for tasks to queue
[2026-06-28T18:30:23.027+0000] {logging_mixin.py:188} INFO - [2026-06-28T18:30:23.027+0000] {dagbag.py:545} INFO - Filling up the DagBag from /home/airflow/.local/lib/python3.12/site-packages/airflow/example_dags/tutorial_objectstorage.py
[2026-06-28T18:30:23.037+0000] {processor.py:840} INFO - DAG(s) 'tutorial_objectstorage' retrieved from /home/airflow/.local/lib/python3.12/site-packages/airflow/example_dags/tutorial_objectstorage.py
[2026-06-28T18:30:23.060+0000] {logging_mixin.py:188} INFO - [2026-06-28T18:30:23.060+0000] {dag.py:3096} INFO - Sync 1 DAGs
[2026-06-28T18:30:23.076+0000] {logging_mixin.py:188} INFO - [2026-06-28T18:30:23.076+0000] {dag.py:3954} INFO - Setting next_dagrun for tutorial_objectstorage to None, run_after=None
[2026-06-28T18:30:23.101+0000] {processor.py:183} INFO - Processing /home/airflow/.local/lib/python3.12/site-packages/airflow/example_dags/tutorial_objectstorage.py took 0.084 seconds
[2026-06-28T18:30:53.600+0000] {processor.py:161} INFO - Started process (PID=1480) to work on /home/airflow/.local/lib/python3.12/site-packages/airflow/example_dags/tutorial_objectstorage.py
[2026-06-28T18:30:53.601+0000] {processor.py:830} INFO - Processing file /home/airflow/.local/lib/python3.12/site-packages/airflow/example_dags/tutorial_objectstorage.py for tasks to queue
[2026-06-28T18:30:53.603+0000] {logging_mixin.py:188} INFO - [2026-06-28T18:30:53.603+0000] {dagbag.py:545} INFO - Filling up the DagBag from /home/airflow/.local/lib/python3.12/site-packages/airflow/example_dags/tutorial_objectstorage.py
[2026-06-28T18:30:53.611+0000] {processor.py:840} INFO - DAG(s) 'tutorial_objectstorage' retrieved from /home/airflow/.local/lib/python3.12/site-packages/airflow/example_dags/tutorial_objectstorage.py
[2026-06-28T18:30:53.633+0000] {logging_mixin.py:188} INFO - [2026-06-28T18:30:53.633+0000] {dag.py:3096} INFO - Sync 1 DAGs
[2026-06-28T18:30:53.649+0000] {logging_mixin.py:188} INFO - [2026-06-28T18:30:53.649+0000] {dag.py:3954} INFO - Setting next_dagrun for tutorial_objectstorage to None, run_after=None
[2026-06-28T18:30:53.682+0000] {processor.py:183} INFO - Processing /home/airflow/.local/lib/python3.12/site-packages/airflow/example_dags/tutorial_objectstorage.py took 0.091 seconds
[2026-06-28T18:31:23.881+0000] {processor.py:161} INFO - Started process (PID=1539) to work on /home/airflow/.local/lib/python3.12/site-packages/airflow/example_dags/tutorial_objectstorage.py
[2026-06-28T18:31:23.886+0000] {processor.py:830} INFO - Processing file /home/airflow/.local/lib/python3.12/site-packages/airflow/example_dags/tutorial_objectstorage.py for tasks to queue
[2026-06-28T18:31:23.888+0000] {logging_mixin.py:188} INFO - [2026-06-28T18:31:23.888+0000] {dagbag.py:545} INFO - Filling up the DagBag from /home/airflow/.local/lib/python3.12/site-packages/airflow/example_dags/tutorial_objectstorage.py
[2026-06-28T18:31:23.901+0000] {processor.py:840} INFO - DAG(s) 'tutorial_objectstorage' retrieved from /home/airflow/.local/lib/python3.12/site-packages/airflow/example_dags/tutorial_objectstorage.py
[2026-06-28T18:31:23.952+0000] {logging_mixin.py:188} INFO - [2026-06-28T18:31:23.952+0000] {dag.py:3096} INFO - Sync 1 DAGs
[2026-06-28T18:31:23.982+0000] {logging_mixin.py:188} INFO - [2026-06-28T18:31:23.982+0000] {dag.py:3954} INFO - Setting next_dagrun for tutorial_objectstorage to None, run_after=None
[2026-06-28T18:31:24.019+0000] {processor.py:183} INFO - Processing /home/airflow/.local/lib/python3.12/site-packages/airflow/example_dags/tutorial_objectstorage.py took 0.151 seconds
[2026-06-28T18:31:54.463+0000] {processor.py:161} INFO - Started process (PID=1597) to work on /home/airflow/.local/lib/python3.12/site-packages/airflow/example_dags/tutorial_objectstorage.py
[2026-06-28T18:31:54.464+0000] {processor.py:830} INFO - Processing file /home/airflow/.local/lib/python3.12/site-packages/airflow/example_dags/tutorial_objectstorage.py for tasks to queue
[2026-06-28T18:31:54.467+0000] {logging_mixin.py:188} INFO - [2026-06-28T18:31:54.467+0000] {dagbag.py:545} INFO - Filling up the DagBag from /home/airflow/.local/lib/python3.12/site-packages/airflow/example_dags/tutorial_objectstorage.py
[2026-06-28T18:31:54.481+0000] {processor.py:840} INFO - DAG(s) 'tutorial_objectstorage' retrieved from /home/airflow/.local/lib/python3.12/site-packages/airflow/example_dags/tutorial_objectstorage.py
[2026-06-28T18:31:54.537+0000] {logging_mixin.py:188} INFO - [2026-06-28T18:31:54.536+0000] {dag.py:3096} INFO - Sync 1 DAGs
[2026-06-28T18:31:54.565+0000] {logging_mixin.py:188} INFO - [2026-06-28T18:31:54.565+0000] {dag.py:3954} INFO - Setting next_dagrun for tutorial_objectstorage to None, run_after=None
[2026-06-28T18:31:54.601+0000] {processor.py:183} INFO - Processing /home/airflow/.local/lib/python3.12/site-packages/airflow/example_dags/tutorial_objectstorage.py took 0.152 seconds
[2026-06-28T18:32:25.003+0000] {processor.py:161} INFO - Started process (PID=1656) to work on /home/airflow/.local/lib/python3.12/site-packages/airflow/example_dags/tutorial_objectstorage.py
[2026-06-28T18:32:25.004+0000] {processor.py:830} INFO - Processing file /home/airflow/.local/lib/python3.12/site-packages/airflow/example_dags/tutorial_objectstorage.py for tasks to queue
[2026-06-28T18:32:25.006+0000] {logging_mixin.py:188} INFO - [2026-06-28T18:32:25.006+0000] {dagbag.py:545} INFO - Filling up the DagBag from /home/airflow/.local/lib/python3.12/site-packages/airflow/example_dags/tutorial_objectstorage.py
[2026-06-28T18:32:25.016+0000] {processor.py:840} INFO - DAG(s) 'tutorial_objectstorage' retrieved from /home/airflow/.local/lib/python3.12/site-packages/airflow/example_dags/tutorial_objectstorage.py
[2026-06-28T18:32:25.047+0000] {logging_mixin.py:188} INFO - [2026-06-28T18:32:25.047+0000] {dag.py:3096} INFO - Sync 1 DAGs
[2026-06-28T18:32:25.064+0000] {logging_mixin.py:188} INFO - [2026-06-28T18:32:25.064+0000] {dag.py:3954} INFO - Setting next_dagrun for tutorial_objectstorage to None, run_after=None
[2026-06-28T18:32:25.088+0000] {processor.py:183} INFO - Processing /home/airflow/.local/lib/python3.12/site-packages/airflow/example_dags/tutorial_objectstorage.py took 0.097 seconds
[2026-06-28T18:32:55.255+0000] {processor.py:161} INFO - Started process (PID=1715) to work on /home/airflow/.local/lib/python3.12/site-packages/airflow/example_dags/tutorial_objectstorage.py
[2026-06-28T18:32:55.256+0000] {processor.py:830} INFO - Processing file /home/airflow/.local/lib/python3.12/site-packages/airflow/example_dags/tutorial_objectstorage.py for tasks to queue
[2026-06-28T18:32:55.258+0000] {logging_mixin.py:188} INFO - [2026-06-28T18:32:55.258+0000] {dagbag.py:545} INFO - Filling up the DagBag from /home/airflow/.local/lib/python3.12/site-packages/airflow/example_dags/tutorial_objectstorage.py
[2026-06-28T18:32:55.267+0000] {processor.py:840} INFO - DAG(s) 'tutorial_objectstorage' retrieved from /home/airflow/.local/lib/python3.12/site-packages/airflow/example_dags/tutorial_objectstorage.py
[2026-06-28T18:32:55.290+0000] {logging_mixin.py:188} INFO - [2026-06-28T18:32:55.290+0000] {dag.py:3096} INFO - Sync 1 DAGs
[2026-06-28T18:32:55.599+0000] {logging_mixin.py:188} INFO - [2026-06-28T18:32:55.599+0000] {dag.py:3954} INFO - Setting next_dagrun for tutorial_objectstorage to None, run_after=None
[2026-06-28T18:32:55.618+0000] {processor.py:183} INFO - Processing /home/airflow/.local/lib/python3.12/site-packages/airflow/example_dags/tutorial_objectstorage.py took 0.370 seconds
[2026-06-28T18:33:26.287+0000] {processor.py:161} INFO - Started process (PID=1774) to work on /home/airflow/.local/lib/python3.12/site-packages/airflow/example_dags/tutorial_objectstorage.py
[2026-06-28T18:33:26.288+0000] {processor.py:830} INFO - Processing file /home/airflow/.local/lib/python3.12/site-packages/airflow/example_dags/tutorial_objectstorage.py for tasks to queue
[2026-06-28T18:33:26.290+0000] {logging_mixin.py:188} INFO - [2026-06-28T18:33:26.290+0000] {dagbag.py:545} INFO - Filling up the DagBag from /home/airflow/.local/lib/python3.12/site-packages/airflow/example_dags/tutorial_objectstorage.py
[2026-06-28T18:33:26.299+0000] {processor.py:840} INFO - DAG(s) 'tutorial_objectstorage' retrieved from /home/airflow/.local/lib/python3.12/site-packages/airflow/example_dags/tutorial_objectstorage.py
[2026-06-28T18:33:26.322+0000] {logging_mixin.py:188} INFO - [2026-06-28T18:33:26.322+0000] {dag.py:3096} INFO - Sync 1 DAGs
[2026-06-28T18:33:26.339+0000] {logging_mixin.py:188} INFO - [2026-06-28T18:33:26.339+0000] {dag.py:3954} INFO - Setting next_dagrun for tutorial_objectstorage to None, run_after=None
[2026-06-28T18:33:26.363+0000] {processor.py:183} INFO - Processing /home/airflow/.local/lib/python3.12/site-packages/airflow/example_dags/tutorial_objectstorage.py took 0.083 seconds
[2026-06-28T18:33:56.638+0000] {processor.py:161} INFO - Started process (PID=1832) to work on /home/airflow/.local/lib/python3.12/site-packages/airflow/example_dags/tutorial_objectstorage.py
[2026-06-28T18:33:56.639+0000] {processor.py:830} INFO - Processing file /home/airflow/.local/lib/python3.12/site-packages/airflow/example_dags/tutorial_objectstorage.py for tasks to queue
[2026-06-28T18:33:56.641+0000] {logging_mixin.py:188} INFO - [2026-06-28T18:33:56.641+0000] {dagbag.py:545} INFO - Filling up the DagBag from /home/airflow/.local/lib/python3.12/site-packages/airflow/example_dags/tutorial_objectstorage.py
[2026-06-28T18:33:56.648+0000] {processor.py:840} INFO - DAG(s) 'tutorial_objectstorage' retrieved from /home/airflow/.local/lib/python3.12/site-packages/airflow/example_dags/tutorial_objectstorage.py
[2026-06-28T18:33:56.665+0000] {logging_mixin.py:188} INFO - [2026-06-28T18:33:56.665+0000] {dag.py:3096} INFO - Sync 1 DAGs
[2026-06-28T18:33:56.680+0000] {logging_mixin.py:188} INFO - [2026-06-28T18:33:56.680+0000] {dag.py:3954} INFO - Setting next_dagrun for tutorial_objectstorage to None, run_after=None
[2026-06-28T18:33:56.700+0000] {processor.py:183} INFO - Processing /home/airflow/.local/lib/python3.12/site-packages/airflow/example_dags/tutorial_objectstorage.py took 0.075 seconds
[2026-06-28T18:34:26.941+0000] {processor.py:161} INFO - Started process (PID=1892) to work on /home/airflow/.local/lib/python3.12/site-packages/airflow/example_dags/tutorial_objectstorage.py
[2026-06-28T18:34:26.942+0000] {processor.py:830} INFO - Processing file /home/airflow/.local/lib/python3.12/site-packages/airflow/example_dags/tutorial_objectstorage.py for tasks to queue
[2026-06-28T18:34:26.944+0000] {logging_mixin.py:188} INFO - [2026-06-28T18:34:26.943+0000] {dagbag.py:545} INFO - Filling up the DagBag from /home/airflow/.local/lib/python3.12/site-packages/airflow/example_dags/tutorial_objectstorage.py
[2026-06-28T18:34:26.952+0000] {processor.py:840} INFO - DAG(s) 'tutorial_objectstorage' retrieved from /home/airflow/.local/lib/python3.12/site-packages/airflow/example_dags/tutorial_objectstorage.py
[2026-06-28T18:34:26.976+0000] {logging_mixin.py:188} INFO - [2026-06-28T18:34:26.975+0000] {dag.py:3096} INFO - Sync 1 DAGs
[2026-06-28T18:34:26.993+0000] {logging_mixin.py:188} INFO - [2026-06-28T18:34:26.993+0000] {dag.py:3954} INFO - Setting next_dagrun for tutorial_objectstorage to None, run_after=None
[2026-06-28T18:34:27.017+0000] {processor.py:183} INFO - Processing /home/airflow/.local/lib/python3.12/site-packages/airflow/example_dags/tutorial_objectstorage.py took 0.085 seconds
[2026-06-28T18:34:57.309+0000] {processor.py:161} INFO - Started process (PID=1951) to work on /home/airflow/.local/lib/python3.12/site-packages/airflow/example_dags/tutorial_objectstorage.py
[2026-06-28T18:34:57.310+0000] {processor.py:830} INFO - Processing file /home/airflow/.local/lib/python3.12/site-packages/airflow/example_dags/tutorial_objectstorage.py for tasks to queue
[2026-06-28T18:34:57.313+0000] {logging_mixin.py:188} INFO - [2026-06-28T18:34:57.312+0000] {dagbag.py:545} INFO - Filling up the DagBag from /home/airflow/.local/lib/python3.12/site-packages/airflow/example_dags/tutorial_objectstorage.py
[2026-06-28T18:34:57.322+0000] {processor.py:840} INFO - DAG(s) 'tutorial_objectstorage' retrieved from /home/airflow/.local/lib/python3.12/site-packages/airflow/example_dags/tutorial_objectstorage.py
[2026-06-28T18:34:57.346+0000] {logging_mixin.py:188} INFO - [2026-06-28T18:34:57.346+0000] {dag.py:3096} INFO - Sync 1 DAGs
[2026-06-28T18:34:57.364+0000] {logging_mixin.py:188} INFO - [2026-06-28T18:34:57.364+0000] {dag.py:3954} INFO - Setting next_dagrun for tutorial_objectstorage to None, run_after=None
[2026-06-28T18:34:57.393+0000] {processor.py:183} INFO - Processing /home/airflow/.local/lib/python3.12/site-packages/airflow/example_dags/tutorial_objectstorage.py took 0.090 seconds
[2026-06-28T18:35:27.832+0000] {processor.py:161} INFO - Started process (PID=2010) to work on /home/airflow/.local/lib/python3.12/site-packages/airflow/example_dags/tutorial_objectstorage.py
[2026-06-28T18:35:27.833+0000] {processor.py:830} INFO - Processing file /home/airflow/.local/lib/python3.12/site-packages/airflow/example_dags/tutorial_objectstorage.py for tasks to queue
[2026-06-28T18:35:27.835+0000] {logging_mixin.py:188} INFO - [2026-06-28T18:35:27.835+0000] {dagbag.py:545} INFO - Filling up the DagBag from /home/airflow/.local/lib/python3.12/site-packages/airflow/example_dags/tutorial_objectstorage.py
[2026-06-28T18:35:27.845+0000] {processor.py:840} INFO - DAG(s) 'tutorial_objectstorage' retrieved from /home/airflow/.local/lib/python3.12/site-packages/airflow/example_dags/tutorial_objectstorage.py
[2026-06-28T18:35:27.873+0000] {logging_mixin.py:188} INFO - [2026-06-28T18:35:27.872+0000] {dag.py:3096} INFO - Sync 1 DAGs
[2026-06-28T18:35:27.890+0000] {logging_mixin.py:188} INFO - [2026-06-28T18:35:27.890+0000] {dag.py:3954} INFO - Setting next_dagrun for tutorial_objectstorage to None, run_after=None
[2026-06-28T18:35:27.915+0000] {processor.py:183} INFO - Processing /home/airflow/.local/lib/python3.12/site-packages/airflow/example_dags/tutorial_objectstorage.py took 0.091 seconds
[2026-06-28T18:35:58.348+0000] {processor.py:161} INFO - Started process (PID=2069) to work on /home/airflow/.local/lib/python3.12/site-packages/airflow/example_dags/tutorial_objectstorage.py
[2026-06-28T18:35:58.349+0000] {processor.py:830} INFO - Processing file /home/airflow/.local/lib/python3.12/site-packages/airflow/example_dags/tutorial_objectstorage.py for tasks to queue
[2026-06-28T18:35:58.354+0000] {logging_mixin.py:188} INFO - [2026-06-28T18:35:58.353+0000] {dagbag.py:545} INFO - Filling up the DagBag from /home/airflow/.local/lib/python3.12/site-packages/airflow/example_dags/tutorial_objectstorage.py
[2026-06-28T18:35:58.372+0000] {processor.py:840} INFO - DAG(s) 'tutorial_objectstorage' retrieved from /home/airflow/.local/lib/python3.12/site-packages/airflow/example_dags/tutorial_objectstorage.py
[2026-06-28T18:35:58.418+0000] {logging_mixin.py:188} INFO - [2026-06-28T18:35:58.417+0000] {dag.py:3096} INFO - Sync 1 DAGs
[2026-06-28T18:35:58.465+0000] {logging_mixin.py:188} INFO - [2026-06-28T18:35:58.465+0000] {dag.py:3954} INFO - Setting next_dagrun for tutorial_objectstorage to None, run_after=None
[2026-06-28T18:35:58.502+0000] {processor.py:183} INFO - Processing /home/airflow/.local/lib/python3.12/site-packages/airflow/example_dags/tutorial_objectstorage.py took 0.167 seconds
[2026-06-28T18:36:28.869+0000] {processor.py:161} INFO - Started process (PID=2128) to work on /home/airflow/.local/lib/python3.12/site-packages/airflow/example_dags/tutorial_objectstorage.py
[2026-06-28T18:36:28.870+0000] {processor.py:830} INFO - Processing file /home/airflow/.local/lib/python3.12/site-packages/airflow/example_dags/tutorial_objectstorage.py for tasks to queue
[2026-06-28T18:36:28.881+0000] {logging_mixin.py:188} INFO - [2026-06-28T18:36:28.881+0000] {dagbag.py:545} INFO - Filling up the DagBag from /home/airflow/.local/lib/python3.12/site-packages/airflow/example_dags/tutorial_objectstorage.py
[2026-06-28T18:36:28.890+0000] {processor.py:840} INFO - DAG(s) 'tutorial_objectstorage' retrieved from /home/airflow/.local/lib/python3.12/site-packages/airflow/example_dags/tutorial_objectstorage.py
[2026-06-28T18:36:28.949+0000] {logging_mixin.py:188} INFO - [2026-06-28T18:36:28.948+0000] {dag.py:3096} INFO - Sync 1 DAGs
[2026-06-28T18:36:29.007+0000] {logging_mixin.py:188} INFO - [2026-06-28T18:36:29.006+0000] {dag.py:3954} INFO - Setting next_dagrun for tutorial_objectstorage to None, run_after=None
[2026-06-28T18:36:29.060+0000] {processor.py:183} INFO - Processing /home/airflow/.local/lib/python3.12/site-packages/airflow/example_dags/tutorial_objectstorage.py took 0.239 seconds
[2026-06-28T18:36:59.388+0000] {processor.py:161} INFO - Started process (PID=2187) to work on /home/airflow/.local/lib/python3.12/site-packages/airflow/example_dags/tutorial_objectstorage.py
[2026-06-28T18:36:59.389+0000] {processor.py:830} INFO - Processing file /home/airflow/.local/lib/python3.12/site-packages/airflow/example_dags/tutorial_objectstorage.py for tasks to queue
[2026-06-28T18:36:59.391+0000] {logging_mixin.py:188} INFO - [2026-06-28T18:36:59.391+0000] {dagbag.py:545} INFO - Filling up the DagBag from /home/airflow/.local/lib/python3.12/site-packages/airflow/example_dags/tutorial_objectstorage.py
[2026-06-28T18:36:59.400+0000] {processor.py:840} INFO - DAG(s) 'tutorial_objectstorage' retrieved from /home/airflow/.local/lib/python3.12/site-packages/airflow/example_dags/tutorial_objectstorage.py
[2026-06-28T18:36:59.483+0000] {logging_mixin.py:188} INFO - [2026-06-28T18:36:59.482+0000] {dag.py:3096} INFO - Sync 1 DAGs
[2026-06-28T18:36:59.566+0000] {logging_mixin.py:188} INFO - [2026-06-28T18:36:59.566+0000] {dag.py:3954} INFO - Setting next_dagrun for tutorial_objectstorage to None, run_after=None
[2026-06-28T18:36:59.717+0000] {processor.py:183} INFO - Processing /home/airflow/.local/lib/python3.12/site-packages/airflow/example_dags/tutorial_objectstorage.py took 0.339 seconds
[2026-06-28T18:37:29.846+0000] {processor.py:161} INFO - Started process (PID=2246) to work on /home/airflow/.local/lib/python3.12/site-packages/airflow/example_dags/tutorial_objectstorage.py
[2026-06-28T18:37:29.847+0000] {processor.py:830} INFO - Processing file /home/airflow/.local/lib/python3.12/site-packages/airflow/example_dags/tutorial_objectstorage.py for tasks to queue
[2026-06-28T18:37:29.849+0000] {logging_mixin.py:188} INFO - [2026-06-28T18:37:29.849+0000] {dagbag.py:545} INFO - Filling up the DagBag from /home/airflow/.local/lib/python3.12/site-packages/airflow/example_dags/tutorial_objectstorage.py
[2026-06-28T18:37:29.857+0000] {processor.py:840} INFO - DAG(s) 'tutorial_objectstorage' retrieved from /home/airflow/.local/lib/python3.12/site-packages/airflow/example_dags/tutorial_objectstorage.py
[2026-06-28T18:37:29.880+0000] {logging_mixin.py:188} INFO - [2026-06-28T18:37:29.880+0000] {dag.py:3096} INFO - Sync 1 DAGs
[2026-06-28T18:37:29.899+0000] {logging_mixin.py:188} INFO - [2026-06-28T18:37:29.898+0000] {dag.py:3954} INFO - Setting next_dagrun for tutorial_objectstorage to None, run_after=None
[2026-06-28T18:37:29.919+0000] {processor.py:183} INFO - Processing /home/airflow/.local/lib/python3.12/site-packages/airflow/example_dags/tutorial_objectstorage.py took 0.082 seconds
[2026-06-28T18:38:00.348+0000] {processor.py:161} INFO - Started process (PID=2305) to work on /home/airflow/.local/lib/python3.12/site-packages/airflow/example_dags/tutorial_objectstorage.py
[2026-06-28T18:38:00.350+0000] {processor.py:830} INFO - Processing file /home/airflow/.local/lib/python3.12/site-packages/airflow/example_dags/tutorial_objectstorage.py for tasks to queue
[2026-06-28T18:38:00.352+0000] {logging_mixin.py:188} INFO - [2026-06-28T18:38:00.351+0000] {dagbag.py:545} INFO - Filling up the DagBag from /home/airflow/.local/lib/python3.12/site-packages/airflow/example_dags/tutorial_objectstorage.py
[2026-06-28T18:38:00.361+0000] {processor.py:840} INFO - DAG(s) 'tutorial_objectstorage' retrieved from /home/airflow/.local/lib/python3.12/site-packages/airflow/example_dags/tutorial_objectstorage.py
[2026-06-28T18:38:00.384+0000] {logging_mixin.py:188} INFO - [2026-06-28T18:38:00.383+0000] {dag.py:3096} INFO - Sync 1 DAGs
[2026-06-28T18:38:00.400+0000] {logging_mixin.py:188} INFO - [2026-06-28T18:38:00.400+0000] {dag.py:3954} INFO - Setting next_dagrun for tutorial_objectstorage to None, run_after=None
[2026-06-28T18:38:00.423+0000] {processor.py:183} INFO - Processing /home/airflow/.local/lib/python3.12/site-packages/airflow/example_dags/tutorial_objectstorage.py took 0.082 seconds
[2026-06-28T18:38:31.072+0000] {processor.py:161} INFO - Started process (PID=2364) to work on /home/airflow/.local/lib/python3.12/site-packages/airflow/example_dags/tutorial_objectstorage.py
[2026-06-28T18:38:31.073+0000] {processor.py:830} INFO - Processing file /home/airflow/.local/lib/python3.12/site-packages/airflow/example_dags/tutorial_objectstorage.py for tasks to queue
[2026-06-28T18:38:31.076+0000] {logging_mixin.py:188} INFO - [2026-06-28T18:38:31.076+0000] {dagbag.py:545} INFO - Filling up the DagBag from /home/airflow/.local/lib/python3.12/site-packages/airflow/example_dags/tutorial_objectstorage.py
[2026-06-28T18:38:31.084+0000] {processor.py:840} INFO - DAG(s) 'tutorial_objectstorage' retrieved from /home/airflow/.local/lib/python3.12/site-packages/airflow/example_dags/tutorial_objectstorage.py
[2026-06-28T18:38:31.109+0000] {logging_mixin.py:188} INFO - [2026-06-28T18:38:31.108+0000] {dag.py:3096} INFO - Sync 1 DAGs
[2026-06-28T18:38:31.131+0000] {logging_mixin.py:188} INFO - [2026-06-28T18:38:31.130+0000] {dag.py:3954} INFO - Setting next_dagrun for tutorial_objectstorage to None, run_after=None
[2026-06-28T18:38:31.153+0000] {processor.py:183} INFO - Processing /home/airflow/.local/lib/python3.12/site-packages/airflow/example_dags/tutorial_objectstorage.py took 0.088 seconds
[2026-06-28T18:39:01.348+0000] {processor.py:161} INFO - Started process (PID=2422) to work on /home/airflow/.local/lib/python3.12/site-packages/airflow/example_dags/tutorial_objectstorage.py
[2026-06-28T18:39:01.358+0000] {processor.py:830} INFO - Processing file /home/airflow/.local/lib/python3.12/site-packages/airflow/example_dags/tutorial_objectstorage.py for tasks to queue
[2026-06-28T18:39:01.361+0000] {logging_mixin.py:188} INFO - [2026-06-28T18:39:01.360+0000] {dagbag.py:545} INFO - Filling up the DagBag from /home/airflow/.local/lib/python3.12/site-packages/airflow/example_dags/tutorial_objectstorage.py
[2026-06-28T18:39:01.383+0000] {processor.py:840} INFO - DAG(s) 'tutorial_objectstorage' retrieved from /home/airflow/.local/lib/python3.12/site-packages/airflow/example_dags/tutorial_objectstorage.py
[2026-06-28T18:39:01.438+0000] {logging_mixin.py:188} INFO - [2026-06-28T18:39:01.438+0000] {dag.py:3096} INFO - Sync 1 DAGs
[2026-06-28T18:39:01.455+0000] {logging_mixin.py:188} INFO - [2026-06-28T18:39:01.455+0000] {dag.py:3954} INFO - Setting next_dagrun for tutorial_objectstorage to None, run_after=None
[2026-06-28T18:39:01.475+0000] {processor.py:183} INFO - Processing /home/airflow/.local/lib/python3.12/site-packages/airflow/example_dags/tutorial_objectstorage.py took 0.151 seconds
[2026-06-28T18:39:31.627+0000] {processor.py:161} INFO - Started process (PID=2481) to work on /home/airflow/.local/lib/python3.12/site-packages/airflow/example_dags/tutorial_objectstorage.py
[2026-06-28T18:39:31.628+0000] {processor.py:830} INFO - Processing file /home/airflow/.local/lib/python3.12/site-packages/airflow/example_dags/tutorial_objectstorage.py for tasks to queue
[2026-06-28T18:39:31.630+0000] {logging_mixin.py:188} INFO - [2026-06-28T18:39:31.629+0000] {dagbag.py:545} INFO - Filling up the DagBag from /home/airflow/.local/lib/python3.12/site-packages/airflow/example_dags/tutorial_objectstorage.py
[2026-06-28T18:39:31.638+0000] {processor.py:840} INFO - DAG(s) 'tutorial_objectstorage' retrieved from /home/airflow/.local/lib/python3.12/site-packages/airflow/example_dags/tutorial_objectstorage.py
[2026-06-28T18:39:31.664+0000] {logging_mixin.py:188} INFO - [2026-06-28T18:39:31.663+0000] {dag.py:3096} INFO - Sync 1 DAGs
[2026-06-28T18:39:31.682+0000] {logging_mixin.py:188} INFO - [2026-06-28T18:39:31.681+0000] {dag.py:3954} INFO - Setting next_dagrun for tutorial_objectstorage to None, run_after=None
[2026-06-28T18:39:31.716+0000] {processor.py:183} INFO - Processing /home/airflow/.local/lib/python3.12/site-packages/airflow/example_dags/tutorial_objectstorage.py took 0.096 seconds
[2026-06-28T18:40:02.287+0000] {processor.py:161} INFO - Started process (PID=2540) to work on /home/airflow/.local/lib/python3.12/site-packages/airflow/example_dags/tutorial_objectstorage.py
[2026-06-28T18:40:02.288+0000] {processor.py:830} INFO - Processing file /home/airflow/.local/lib/python3.12/site-packages/airflow/example_dags/tutorial_objectstorage.py for tasks to queue
[2026-06-28T18:40:02.291+0000] {logging_mixin.py:188} INFO - [2026-06-28T18:40:02.290+0000] {dagbag.py:545} INFO - Filling up the DagBag from /home/airflow/.local/lib/python3.12/site-packages/airflow/example_dags/tutorial_objectstorage.py
[2026-06-28T18:40:02.299+0000] {processor.py:840} INFO - DAG(s) 'tutorial_objectstorage' retrieved from /home/airflow/.local/lib/python3.12/site-packages/airflow/example_dags/tutorial_objectstorage.py
[2026-06-28T18:40:02.322+0000] {logging_mixin.py:188} INFO - [2026-06-28T18:40:02.322+0000] {dag.py:3096} INFO - Sync 1 DAGs
[2026-06-28T18:40:02.334+0000] {logging_mixin.py:188} INFO - [2026-06-28T18:40:02.334+0000] {dag.py:3954} INFO - Setting next_dagrun for tutorial_objectstorage to None, run_after=None
[2026-06-28T18:40:02.419+0000] {processor.py:183} INFO - Processing /home/airflow/.local/lib/python3.12/site-packages/airflow/example_dags/tutorial_objectstorage.py took 0.138 seconds
[2026-06-28T18:40:33.321+0000] {processor.py:161} INFO - Started process (PID=2599) to work on /home/airflow/.local/lib/python3.12/site-packages/airflow/example_dags/tutorial_objectstorage.py
[2026-06-28T18:40:33.322+0000] {processor.py:830} INFO - Processing file /home/airflow/.local/lib/python3.12/site-packages/airflow/example_dags/tutorial_objectstorage.py for tasks to queue
[2026-06-28T18:40:33.324+0000] {logging_mixin.py:188} INFO - [2026-06-28T18:40:33.324+0000] {dagbag.py:545} INFO - Filling up the DagBag from /home/airflow/.local/lib/python3.12/site-packages/airflow/example_dags/tutorial_objectstorage.py
[2026-06-28T18:40:33.332+0000] {processor.py:840} INFO - DAG(s) 'tutorial_objectstorage' retrieved from /home/airflow/.local/lib/python3.12/site-packages/airflow/example_dags/tutorial_objectstorage.py
[2026-06-28T18:40:33.367+0000] {logging_mixin.py:188} INFO - [2026-06-28T18:40:33.367+0000] {dag.py:3096} INFO - Sync 1 DAGs
[2026-06-28T18:40:33.392+0000] {logging_mixin.py:188} INFO - [2026-06-28T18:40:33.391+0000] {dag.py:3954} INFO - Setting next_dagrun for tutorial_objectstorage to None, run_after=None
[2026-06-28T18:40:33.416+0000] {processor.py:183} INFO - Processing /home/airflow/.local/lib/python3.12/site-packages/airflow/example_dags/tutorial_objectstorage.py took 0.104 seconds
[2026-06-28T18:41:04.198+0000] {processor.py:161} INFO - Started process (PID=2658) to work on /home/airflow/.local/lib/python3.12/site-packages/airflow/example_dags/tutorial_objectstorage.py
[2026-06-28T18:41:04.199+0000] {processor.py:830} INFO - Processing file /home/airflow/.local/lib/python3.12/site-packages/airflow/example_dags/tutorial_objectstorage.py for tasks to queue
[2026-06-28T18:41:04.201+0000] {logging_mixin.py:188} INFO - [2026-06-28T18:41:04.201+0000] {dagbag.py:545} INFO - Filling up the DagBag from /home/airflow/.local/lib/python3.12/site-packages/airflow/example_dags/tutorial_objectstorage.py
[2026-06-28T18:41:04.213+0000] {processor.py:840} INFO - DAG(s) 'tutorial_objectstorage' retrieved from /home/airflow/.local/lib/python3.12/site-packages/airflow/example_dags/tutorial_objectstorage.py
[2026-06-28T18:41:04.242+0000] {logging_mixin.py:188} INFO - [2026-06-28T18:41:04.242+0000] {dag.py:3096} INFO - Sync 1 DAGs
[2026-06-28T18:41:04.259+0000] {logging_mixin.py:188} INFO - [2026-06-28T18:41:04.259+0000] {dag.py:3954} INFO - Setting next_dagrun for tutorial_objectstorage to None, run_after=None
[2026-06-28T18:41:04.282+0000] {processor.py:183} INFO - Processing /home/airflow/.local/lib/python3.12/site-packages/airflow/example_dags/tutorial_objectstorage.py took 0.091 seconds
[2026-06-28T18:41:35.608+0000] {processor.py:161} INFO - Started process (PID=2716) to work on /home/airflow/.local/lib/python3.12/site-packages/airflow/example_dags/tutorial_objectstorage.py
[2026-06-28T18:41:35.609+0000] {processor.py:830} INFO - Processing file /home/airflow/.local/lib/python3.12/site-packages/airflow/example_dags/tutorial_objectstorage.py for tasks to queue
[2026-06-28T18:41:35.614+0000] {logging_mixin.py:188} INFO - [2026-06-28T18:41:35.613+0000] {dagbag.py:545} INFO - Filling up the DagBag from /home/airflow/.local/lib/python3.12/site-packages/airflow/example_dags/tutorial_objectstorage.py
[2026-06-28T18:41:35.632+0000] {processor.py:840} INFO - DAG(s) 'tutorial_objectstorage' retrieved from /home/airflow/.local/lib/python3.12/site-packages/airflow/example_dags/tutorial_objectstorage.py
[2026-06-28T18:41:35.679+0000] {logging_mixin.py:188} INFO - [2026-06-28T18:41:35.678+0000] {dag.py:3096} INFO - Sync 1 DAGs
[2026-06-28T18:41:35.717+0000] {logging_mixin.py:188} INFO - [2026-06-28T18:41:35.715+0000] {dag.py:3954} INFO - Setting next_dagrun for tutorial_objectstorage to None, run_after=None
[2026-06-28T18:41:35.761+0000] {processor.py:183} INFO - Processing /home/airflow/.local/lib/python3.12/site-packages/airflow/example_dags/tutorial_objectstorage.py took 0.170 seconds
[2026-06-28T18:42:06.992+0000] {processor.py:161} INFO - Started process (PID=2775) to work on /home/airflow/.local/lib/python3.12/site-packages/airflow/example_dags/tutorial_objectstorage.py
[2026-06-28T18:42:06.995+0000] {processor.py:830} INFO - Processing file /home/airflow/.local/lib/python3.12/site-packages/airflow/example_dags/tutorial_objectstorage.py for tasks to queue
[2026-06-28T18:42:06.997+0000] {logging_mixin.py:188} INFO - [2026-06-28T18:42:06.996+0000] {dagbag.py:545} INFO - Filling up the DagBag from /home/airflow/.local/lib/python3.12/site-packages/airflow/example_dags/tutorial_objectstorage.py
[2026-06-28T18:42:07.013+0000] {processor.py:840} INFO - DAG(s) 'tutorial_objectstorage' retrieved from /home/airflow/.local/lib/python3.12/site-packages/airflow/example_dags/tutorial_objectstorage.py
[2026-06-28T18:42:07.088+0000] {logging_mixin.py:188} INFO - [2026-06-28T18:42:07.088+0000] {dag.py:3096} INFO - Sync 1 DAGs
[2026-06-28T18:42:07.137+0000] {logging_mixin.py:188} INFO - [2026-06-28T18:42:07.135+0000] {dag.py:3954} INFO - Setting next_dagrun for tutorial_objectstorage to None, run_after=None
[2026-06-28T18:42:07.276+0000] {processor.py:183} INFO - Processing /home/airflow/.local/lib/python3.12/site-packages/airflow/example_dags/tutorial_objectstorage.py took 0.312 seconds
[2026-06-28T18:42:38.268+0000] {processor.py:161} INFO - Started process (PID=2834) to work on /home/airflow/.local/lib/python3.12/site-packages/airflow/example_dags/tutorial_objectstorage.py
[2026-06-28T18:42:38.271+0000] {processor.py:830} INFO - Processing file /home/airflow/.local/lib/python3.12/site-packages/airflow/example_dags/tutorial_objectstorage.py for tasks to queue
[2026-06-28T18:42:38.285+0000] {logging_mixin.py:188} INFO - [2026-06-28T18:42:38.278+0000] {dagbag.py:545} INFO - Filling up the DagBag from /home/airflow/.local/lib/python3.12/site-packages/airflow/example_dags/tutorial_objectstorage.py
[2026-06-28T18:42:38.319+0000] {processor.py:840} INFO - DAG(s) 'tutorial_objectstorage' retrieved from /home/airflow/.local/lib/python3.12/site-packages/airflow/example_dags/tutorial_objectstorage.py
[2026-06-28T18:42:38.412+0000] {logging_mixin.py:188} INFO - [2026-06-28T18:42:38.407+0000] {dag.py:3096} INFO - Sync 1 DAGs
[2026-06-28T18:42:38.479+0000] {logging_mixin.py:188} INFO - [2026-06-28T18:42:38.478+0000] {dag.py:3954} INFO - Setting next_dagrun for tutorial_objectstorage to None, run_after=None
[2026-06-28T18:42:38.533+0000] {processor.py:183} INFO - Processing /home/airflow/.local/lib/python3.12/site-packages/airflow/example_dags/tutorial_objectstorage.py took 0.276 seconds
[2026-06-28T18:43:09.148+0000] {processor.py:161} INFO - Started process (PID=2892) to work on /home/airflow/.local/lib/python3.12/site-packages/airflow/example_dags/tutorial_objectstorage.py
[2026-06-28T18:43:09.149+0000] {processor.py:830} INFO - Processing file /home/airflow/.local/lib/python3.12/site-packages/airflow/example_dags/tutorial_objectstorage.py for tasks to queue
[2026-06-28T18:43:09.151+0000] {logging_mixin.py:188} INFO - [2026-06-28T18:43:09.151+0000] {dagbag.py:545} INFO - Filling up the DagBag from /home/airflow/.local/lib/python3.12/site-packages/airflow/example_dags/tutorial_objectstorage.py
[2026-06-28T18:43:09.160+0000] {processor.py:840} INFO - DAG(s) 'tutorial_objectstorage' retrieved from /home/airflow/.local/lib/python3.12/site-packages/airflow/example_dags/tutorial_objectstorage.py
[2026-06-28T18:43:09.186+0000] {logging_mixin.py:188} INFO - [2026-06-28T18:43:09.185+0000] {dag.py:3096} INFO - Sync 1 DAGs
[2026-06-28T18:43:09.205+0000] {logging_mixin.py:188} INFO - [2026-06-28T18:43:09.205+0000] {dag.py:3954} INFO - Setting next_dagrun for tutorial_objectstorage to None, run_after=None
[2026-06-28T18:43:09.241+0000] {processor.py:183} INFO - Processing /home/airflow/.local/lib/python3.12/site-packages/airflow/example_dags/tutorial_objectstorage.py took 0.099 seconds
[2026-06-28T18:43:39.488+0000] {processor.py:161} INFO - Started process (PID=2951) to work on /home/airflow/.local/lib/python3.12/site-packages/airflow/example_dags/tutorial_objectstorage.py
[2026-06-28T18:43:39.491+0000] {processor.py:830} INFO - Processing file /home/airflow/.local/lib/python3.12/site-packages/airflow/example_dags/tutorial_objectstorage.py for tasks to queue
[2026-06-28T18:43:39.494+0000] {logging_mixin.py:188} INFO - [2026-06-28T18:43:39.494+0000] {dagbag.py:545} INFO - Filling up the DagBag from /home/airflow/.local/lib/python3.12/site-packages/airflow/example_dags/tutorial_objectstorage.py
[2026-06-28T18:43:39.527+0000] {processor.py:840} INFO - DAG(s) 'tutorial_objectstorage' retrieved from /home/airflow/.local/lib/python3.12/site-packages/airflow/example_dags/tutorial_objectstorage.py
[2026-06-28T18:43:39.598+0000] {logging_mixin.py:188} INFO - [2026-06-28T18:43:39.598+0000] {dag.py:3096} INFO - Sync 1 DAGs
[2026-06-28T18:43:39.666+0000] {logging_mixin.py:188} INFO - [2026-06-28T18:43:39.666+0000] {dag.py:3954} INFO - Setting next_dagrun for tutorial_objectstorage to None, run_after=None
[2026-06-28T18:43:39.723+0000] {processor.py:183} INFO - Processing /home/airflow/.local/lib/python3.12/site-packages/airflow/example_dags/tutorial_objectstorage.py took 0.253 seconds
[2026-06-28T18:44:10.648+0000] {processor.py:161} INFO - Started process (PID=3010) to work on /home/airflow/.local/lib/python3.12/site-packages/airflow/example_dags/tutorial_objectstorage.py
[2026-06-28T18:44:10.649+0000] {processor.py:830} INFO - Processing file /home/airflow/.local/lib/python3.12/site-packages/airflow/example_dags/tutorial_objectstorage.py for tasks to queue
[2026-06-28T18:44:10.651+0000] {logging_mixin.py:188} INFO - [2026-06-28T18:44:10.651+0000] {dagbag.py:545} INFO - Filling up the DagBag from /home/airflow/.local/lib/python3.12/site-packages/airflow/example_dags/tutorial_objectstorage.py
[2026-06-28T18:44:10.660+0000] {processor.py:840} INFO - DAG(s) 'tutorial_objectstorage' retrieved from /home/airflow/.local/lib/python3.12/site-packages/airflow/example_dags/tutorial_objectstorage.py
[2026-06-28T18:44:10.683+0000] {logging_mixin.py:188} INFO - [2026-06-28T18:44:10.682+0000] {dag.py:3096} INFO - Sync 1 DAGs
[2026-06-28T18:44:10.718+0000] {logging_mixin.py:188} INFO - [2026-06-28T18:44:10.718+0000] {dag.py:3954} INFO - Setting next_dagrun for tutorial_objectstorage to None, run_after=None
[2026-06-28T18:44:10.765+0000] {processor.py:183} INFO - Processing /home/airflow/.local/lib/python3.12/site-packages/airflow/example_dags/tutorial_objectstorage.py took 0.124 seconds
[2026-06-28T18:44:41.619+0000] {processor.py:161} INFO - Started process (PID=3069) to work on /home/airflow/.local/lib/python3.12/site-packages/airflow/example_dags/tutorial_objectstorage.py
[2026-06-28T18:44:41.620+0000] {processor.py:830} INFO - Processing file /home/airflow/.local/lib/python3.12/site-packages/airflow/example_dags/tutorial_objectstorage.py for tasks to queue
[2026-06-28T18:44:41.622+0000] {logging_mixin.py:188} INFO - [2026-06-28T18:44:41.622+0000] {dagbag.py:545} INFO - Filling up the DagBag from /home/airflow/.local/lib/python3.12/site-packages/airflow/example_dags/tutorial_objectstorage.py
[2026-06-28T18:44:41.631+0000] {processor.py:840} INFO - DAG(s) 'tutorial_objectstorage' retrieved from /home/airflow/.local/lib/python3.12/site-packages/airflow/example_dags/tutorial_objectstorage.py
[2026-06-28T18:44:41.655+0000] {logging_mixin.py:188} INFO - [2026-06-28T18:44:41.654+0000] {dag.py:3096} INFO - Sync 1 DAGs
[2026-06-28T18:44:41.672+0000] {logging_mixin.py:188} INFO - [2026-06-28T18:44:41.672+0000] {dag.py:3954} INFO - Setting next_dagrun for tutorial_objectstorage to None, run_after=None
[2026-06-28T18:44:41.693+0000] {processor.py:183} INFO - Processing /home/airflow/.local/lib/python3.12/site-packages/airflow/example_dags/tutorial_objectstorage.py took 0.080 seconds
[2026-06-28T18:45:12.382+0000] {processor.py:161} INFO - Started process (PID=3128) to work on /home/airflow/.local/lib/python3.12/site-packages/airflow/example_dags/tutorial_objectstorage.py
[2026-06-28T18:45:12.383+0000] {processor.py:830} INFO - Processing file /home/airflow/.local/lib/python3.12/site-packages/airflow/example_dags/tutorial_objectstorage.py for tasks to queue
[2026-06-28T18:45:12.385+0000] {logging_mixin.py:188} INFO - [2026-06-28T18:45:12.385+0000] {dagbag.py:545} INFO - Filling up the DagBag from /home/airflow/.local/lib/python3.12/site-packages/airflow/example_dags/tutorial_objectstorage.py
[2026-06-28T18:45:12.394+0000] {processor.py:840} INFO - DAG(s) 'tutorial_objectstorage' retrieved from /home/airflow/.local/lib/python3.12/site-packages/airflow/example_dags/tutorial_objectstorage.py
[2026-06-28T18:45:12.418+0000] {logging_mixin.py:188} INFO - [2026-06-28T18:45:12.418+0000] {dag.py:3096} INFO - Sync 1 DAGs
[2026-06-28T18:45:12.434+0000] {logging_mixin.py:188} INFO - [2026-06-28T18:45:12.434+0000] {dag.py:3954} INFO - Setting next_dagrun for tutorial_objectstorage to None, run_after=None
[2026-06-28T18:45:12.459+0000] {processor.py:183} INFO - Processing /home/airflow/.local/lib/python3.12/site-packages/airflow/example_dags/tutorial_objectstorage.py took 0.084 seconds
[2026-06-28T18:45:42.910+0000] {processor.py:161} INFO - Started process (PID=3187) to work on /home/airflow/.local/lib/python3.12/site-packages/airflow/example_dags/tutorial_objectstorage.py
[2026-06-28T18:45:42.912+0000] {processor.py:830} INFO - Processing file /home/airflow/.local/lib/python3.12/site-packages/airflow/example_dags/tutorial_objectstorage.py for tasks to queue
[2026-06-28T18:45:42.914+0000] {logging_mixin.py:188} INFO - [2026-06-28T18:45:42.914+0000] {dagbag.py:545} INFO - Filling up the DagBag from /home/airflow/.local/lib/python3.12/site-packages/airflow/example_dags/tutorial_objectstorage.py
[2026-06-28T18:45:42.923+0000] {processor.py:840} INFO - DAG(s) 'tutorial_objectstorage' retrieved from /home/airflow/.local/lib/python3.12/site-packages/airflow/example_dags/tutorial_objectstorage.py
[2026-06-28T18:45:42.948+0000] {logging_mixin.py:188} INFO - [2026-06-28T18:45:42.947+0000] {dag.py:3096} INFO - Sync 1 DAGs
[2026-06-28T18:45:42.965+0000] {logging_mixin.py:188} INFO - [2026-06-28T18:45:42.965+0000] {dag.py:3954} INFO - Setting next_dagrun for tutorial_objectstorage to None, run_after=None
[2026-06-28T18:45:42.987+0000] {processor.py:183} INFO - Processing /home/airflow/.local/lib/python3.12/site-packages/airflow/example_dags/tutorial_objectstorage.py took 0.084 seconds
[2026-06-28T18:46:13.549+0000] {processor.py:161} INFO - Started process (PID=3246) to work on /home/airflow/.local/lib/python3.12/site-packages/airflow/example_dags/tutorial_objectstorage.py
[2026-06-28T18:46:13.550+0000] {processor.py:830} INFO - Processing file /home/airflow/.local/lib/python3.12/site-packages/airflow/example_dags/tutorial_objectstorage.py for tasks to queue
[2026-06-28T18:46:13.553+0000] {logging_mixin.py:188} INFO - [2026-06-28T18:46:13.552+0000] {dagbag.py:545} INFO - Filling up the DagBag from /home/airflow/.local/lib/python3.12/site-packages/airflow/example_dags/tutorial_objectstorage.py
[2026-06-28T18:46:13.561+0000] {processor.py:840} INFO - DAG(s) 'tutorial_objectstorage' retrieved from /home/airflow/.local/lib/python3.12/site-packages/airflow/example_dags/tutorial_objectstorage.py
[2026-06-28T18:46:13.584+0000] {logging_mixin.py:188} INFO - [2026-06-28T18:46:13.584+0000] {dag.py:3096} INFO - Sync 1 DAGs
[2026-06-28T18:46:13.617+0000] {logging_mixin.py:188} INFO - [2026-06-28T18:46:13.616+0000] {dag.py:3954} INFO - Setting next_dagrun for tutorial_objectstorage to None, run_after=None
[2026-06-28T18:46:13.690+0000] {processor.py:183} INFO - Processing /home/airflow/.local/lib/python3.12/site-packages/airflow/example_dags/tutorial_objectstorage.py took 0.148 seconds
[2026-06-28T18:46:44.658+0000] {processor.py:161} INFO - Started process (PID=3305) to work on /home/airflow/.local/lib/python3.12/site-packages/airflow/example_dags/tutorial_objectstorage.py
[2026-06-28T18:46:44.658+0000] {processor.py:830} INFO - Processing file /home/airflow/.local/lib/python3.12/site-packages/airflow/example_dags/tutorial_objectstorage.py for tasks to queue
[2026-06-28T18:46:44.660+0000] {logging_mixin.py:188} INFO - [2026-06-28T18:46:44.660+0000] {dagbag.py:545} INFO - Filling up the DagBag from /home/airflow/.local/lib/python3.12/site-packages/airflow/example_dags/tutorial_objectstorage.py
[2026-06-28T18:46:44.669+0000] {processor.py:840} INFO - DAG(s) 'tutorial_objectstorage' retrieved from /home/airflow/.local/lib/python3.12/site-packages/airflow/example_dags/tutorial_objectstorage.py
[2026-06-28T18:46:44.693+0000] {logging_mixin.py:188} INFO - [2026-06-28T18:46:44.693+0000] {dag.py:3096} INFO - Sync 1 DAGs
[2026-06-28T18:46:44.709+0000] {logging_mixin.py:188} INFO - [2026-06-28T18:46:44.709+0000] {dag.py:3954} INFO - Setting next_dagrun for tutorial_objectstorage to None, run_after=None
[2026-06-28T18:46:44.732+0000] {processor.py:183} INFO - Processing /home/airflow/.local/lib/python3.12/site-packages/airflow/example_dags/tutorial_objectstorage.py took 0.081 seconds
[2026-06-28T18:47:15.413+0000] {processor.py:161} INFO - Started process (PID=3365) to work on /home/airflow/.local/lib/python3.12/site-packages/airflow/example_dags/tutorial_objectstorage.py
[2026-06-28T18:47:15.419+0000] {processor.py:830} INFO - Processing file /home/airflow/.local/lib/python3.12/site-packages/airflow/example_dags/tutorial_objectstorage.py for tasks to queue
[2026-06-28T18:47:15.423+0000] {logging_mixin.py:188} INFO - [2026-06-28T18:47:15.422+0000] {dagbag.py:545} INFO - Filling up the DagBag from /home/airflow/.local/lib/python3.12/site-packages/airflow/example_dags/tutorial_objectstorage.py
[2026-06-28T18:47:15.438+0000] {processor.py:840} INFO - DAG(s) 'tutorial_objectstorage' retrieved from /home/airflow/.local/lib/python3.12/site-packages/airflow/example_dags/tutorial_objectstorage.py
[2026-06-28T18:47:15.525+0000] {logging_mixin.py:188} INFO - [2026-06-28T18:47:15.525+0000] {dag.py:3096} INFO - Sync 1 DAGs
[2026-06-28T18:47:15.567+0000] {logging_mixin.py:188} INFO - [2026-06-28T18:47:15.566+0000] {dag.py:3954} INFO - Setting next_dagrun for tutorial_objectstorage to None, run_after=None
[2026-06-28T18:47:15.623+0000] {processor.py:183} INFO - Processing /home/airflow/.local/lib/python3.12/site-packages/airflow/example_dags/tutorial_objectstorage.py took 0.237 seconds
[2026-06-28T18:47:45.675+0000] {processor.py:161} INFO - Started process (PID=3424) to work on /home/airflow/.local/lib/python3.12/site-packages/airflow/example_dags/tutorial_objectstorage.py
[2026-06-28T18:47:45.676+0000] {processor.py:830} INFO - Processing file /home/airflow/.local/lib/python3.12/site-packages/airflow/example_dags/tutorial_objectstorage.py for tasks to queue
[2026-06-28T18:47:45.678+0000] {logging_mixin.py:188} INFO - [2026-06-28T18:47:45.677+0000] {dagbag.py:545} INFO - Filling up the DagBag from /home/airflow/.local/lib/python3.12/site-packages/airflow/example_dags/tutorial_objectstorage.py
[2026-06-28T18:47:45.684+0000] {processor.py:840} INFO - DAG(s) 'tutorial_objectstorage' retrieved from /home/airflow/.local/lib/python3.12/site-packages/airflow/example_dags/tutorial_objectstorage.py
[2026-06-28T18:47:45.701+0000] {logging_mixin.py:188} INFO - [2026-06-28T18:47:45.701+0000] {dag.py:3096} INFO - Sync 1 DAGs
[2026-06-28T18:47:45.712+0000] {logging_mixin.py:188} INFO - [2026-06-28T18:47:45.712+0000] {dag.py:3954} INFO - Setting next_dagrun for tutorial_objectstorage to None, run_after=None
[2026-06-28T18:47:45.728+0000] {processor.py:183} INFO - Processing /home/airflow/.local/lib/python3.12/site-packages/airflow/example_dags/tutorial_objectstorage.py took 0.058 seconds
[2026-06-28T18:48:16.072+0000] {processor.py:161} INFO - Started process (PID=3483) to work on /home/airflow/.local/lib/python3.12/site-packages/airflow/example_dags/tutorial_objectstorage.py
[2026-06-28T18:48:16.073+0000] {processor.py:830} INFO - Processing file /home/airflow/.local/lib/python3.12/site-packages/airflow/example_dags/tutorial_objectstorage.py for tasks to queue
[2026-06-28T18:48:16.076+0000] {logging_mixin.py:188} INFO - [2026-06-28T18:48:16.075+0000] {dagbag.py:545} INFO - Filling up the DagBag from /home/airflow/.local/lib/python3.12/site-packages/airflow/example_dags/tutorial_objectstorage.py
[2026-06-28T18:48:16.084+0000] {processor.py:840} INFO - DAG(s) 'tutorial_objectstorage' retrieved from /home/airflow/.local/lib/python3.12/site-packages/airflow/example_dags/tutorial_objectstorage.py
[2026-06-28T18:48:16.118+0000] {logging_mixin.py:188} INFO - [2026-06-28T18:48:16.117+0000] {dag.py:3096} INFO - Sync 1 DAGs
[2026-06-28T18:48:16.140+0000] {logging_mixin.py:188} INFO - [2026-06-28T18:48:16.140+0000] {dag.py:3954} INFO - Setting next_dagrun for tutorial_objectstorage to None, run_after=None
[2026-06-28T18:48:16.161+0000] {processor.py:183} INFO - Processing /home/airflow/.local/lib/python3.12/site-packages/airflow/example_dags/tutorial_objectstorage.py took 0.097 seconds
[2026-06-28T18:48:46.334+0000] {processor.py:161} INFO - Started process (PID=3542) to work on /home/airflow/.local/lib/python3.12/site-packages/airflow/example_dags/tutorial_objectstorage.py
[2026-06-28T18:48:46.338+0000] {processor.py:830} INFO - Processing file /home/airflow/.local/lib/python3.12/site-packages/airflow/example_dags/tutorial_objectstorage.py for tasks to queue
[2026-06-28T18:48:46.344+0000] {logging_mixin.py:188} INFO - [2026-06-28T18:48:46.343+0000] {dagbag.py:545} INFO - Filling up the DagBag from /home/airflow/.local/lib/python3.12/site-packages/airflow/example_dags/tutorial_objectstorage.py
[2026-06-28T18:48:46.372+0000] {processor.py:840} INFO - DAG(s) 'tutorial_objectstorage' retrieved from /home/airflow/.local/lib/python3.12/site-packages/airflow/example_dags/tutorial_objectstorage.py
[2026-06-28T18:48:46.409+0000] {logging_mixin.py:188} INFO - [2026-06-28T18:48:46.408+0000] {dag.py:3096} INFO - Sync 1 DAGs
[2026-06-28T18:48:46.441+0000] {logging_mixin.py:188} INFO - [2026-06-28T18:48:46.440+0000] {dag.py:3954} INFO - Setting next_dagrun for tutorial_objectstorage to None, run_after=None
[2026-06-28T18:48:46.472+0000] {processor.py:183} INFO - Processing /home/airflow/.local/lib/python3.12/site-packages/airflow/example_dags/tutorial_objectstorage.py took 0.164 seconds
[2026-06-28T18:49:16.762+0000] {processor.py:161} INFO - Started process (PID=3601) to work on /home/airflow/.local/lib/python3.12/site-packages/airflow/example_dags/tutorial_objectstorage.py
[2026-06-28T18:49:16.763+0000] {processor.py:830} INFO - Processing file /home/airflow/.local/lib/python3.12/site-packages/airflow/example_dags/tutorial_objectstorage.py for tasks to queue
[2026-06-28T18:49:16.765+0000] {logging_mixin.py:188} INFO - [2026-06-28T18:49:16.765+0000] {dagbag.py:545} INFO - Filling up the DagBag from /home/airflow/.local/lib/python3.12/site-packages/airflow/example_dags/tutorial_objectstorage.py
[2026-06-28T18:49:16.774+0000] {processor.py:840} INFO - DAG(s) 'tutorial_objectstorage' retrieved from /home/airflow/.local/lib/python3.12/site-packages/airflow/example_dags/tutorial_objectstorage.py
[2026-06-28T18:49:16.796+0000] {logging_mixin.py:188} INFO - [2026-06-28T18:49:16.796+0000] {dag.py:3096} INFO - Sync 1 DAGs
[2026-06-28T18:49:16.813+0000] {logging_mixin.py:188} INFO - [2026-06-28T18:49:16.813+0000] {dag.py:3954} INFO - Setting next_dagrun for tutorial_objectstorage to None, run_after=None
[2026-06-28T18:49:16.836+0000] {processor.py:183} INFO - Processing /home/airflow/.local/lib/python3.12/site-packages/airflow/example_dags/tutorial_objectstorage.py took 0.088 seconds
[2026-06-28T18:49:47.285+0000] {processor.py:161} INFO - Started process (PID=3660) to work on /home/airflow/.local/lib/python3.12/site-packages/airflow/example_dags/tutorial_objectstorage.py
[2026-06-28T18:49:47.287+0000] {processor.py:830} INFO - Processing file /home/airflow/.local/lib/python3.12/site-packages/airflow/example_dags/tutorial_objectstorage.py for tasks to queue
[2026-06-28T18:49:47.289+0000] {logging_mixin.py:188} INFO - [2026-06-28T18:49:47.288+0000] {dagbag.py:545} INFO - Filling up the DagBag from /home/airflow/.local/lib/python3.12/site-packages/airflow/example_dags/tutorial_objectstorage.py
[2026-06-28T18:49:47.298+0000] {processor.py:840} INFO - DAG(s) 'tutorial_objectstorage' retrieved from /home/airflow/.local/lib/python3.12/site-packages/airflow/example_dags/tutorial_objectstorage.py
[2026-06-28T18:49:47.320+0000] {logging_mixin.py:188} INFO - [2026-06-28T18:49:47.320+0000] {dag.py:3096} INFO - Sync 1 DAGs
[2026-06-28T18:49:47.337+0000] {logging_mixin.py:188} INFO - [2026-06-28T18:49:47.336+0000] {dag.py:3954} INFO - Setting next_dagrun for tutorial_objectstorage to None, run_after=None
[2026-06-28T18:49:47.378+0000] {processor.py:183} INFO - Processing /home/airflow/.local/lib/python3.12/site-packages/airflow/example_dags/tutorial_objectstorage.py took 0.101 seconds
[2026-06-28T18:50:17.688+0000] {processor.py:161} INFO - Started process (PID=3719) to work on /home/airflow/.local/lib/python3.12/site-packages/airflow/example_dags/tutorial_objectstorage.py
[2026-06-28T18:50:17.689+0000] {processor.py:830} INFO - Processing file /home/airflow/.local/lib/python3.12/site-packages/airflow/example_dags/tutorial_objectstorage.py for tasks to queue
[2026-06-28T18:50:17.691+0000] {logging_mixin.py:188} INFO - [2026-06-28T18:50:17.691+0000] {dagbag.py:545} INFO - Filling up the DagBag from /home/airflow/.local/lib/python3.12/site-packages/airflow/example_dags/tutorial_objectstorage.py
[2026-06-28T18:50:17.700+0000] {processor.py:840} INFO - DAG(s) 'tutorial_objectstorage' retrieved from /home/airflow/.local/lib/python3.12/site-packages/airflow/example_dags/tutorial_objectstorage.py
[2026-06-28T18:50:17.734+0000] {logging_mixin.py:188} INFO - [2026-06-28T18:50:17.733+0000] {dag.py:3096} INFO - Sync 1 DAGs
[2026-06-28T18:50:17.750+0000] {logging_mixin.py:188} INFO - [2026-06-28T18:50:17.750+0000] {dag.py:3954} INFO - Setting next_dagrun for tutorial_objectstorage to None, run_after=None
[2026-06-28T18:50:17.800+0000] {processor.py:183} INFO - Processing /home/airflow/.local/lib/python3.12/site-packages/airflow/example_dags/tutorial_objectstorage.py took 0.120 seconds
[2026-06-28T18:50:48.037+0000] {processor.py:161} INFO - Started process (PID=3778) to work on /home/airflow/.local/lib/python3.12/site-packages/airflow/example_dags/tutorial_objectstorage.py
[2026-06-28T18:50:48.038+0000] {processor.py:830} INFO - Processing file /home/airflow/.local/lib/python3.12/site-packages/airflow/example_dags/tutorial_objectstorage.py for tasks to queue
[2026-06-28T18:50:48.040+0000] {logging_mixin.py:188} INFO - [2026-06-28T18:50:48.040+0000] {dagbag.py:545} INFO - Filling up the DagBag from /home/airflow/.local/lib/python3.12/site-packages/airflow/example_dags/tutorial_objectstorage.py
[2026-06-28T18:50:48.049+0000] {processor.py:840} INFO - DAG(s) 'tutorial_objectstorage' retrieved from /home/airflow/.local/lib/python3.12/site-packages/airflow/example_dags/tutorial_objectstorage.py
[2026-06-28T18:50:48.075+0000] {logging_mixin.py:188} INFO - [2026-06-28T18:50:48.075+0000] {dag.py:3096} INFO - Sync 1 DAGs
[2026-06-28T18:50:48.090+0000] {logging_mixin.py:188} INFO - [2026-06-28T18:50:48.090+0000] {dag.py:3954} INFO - Setting next_dagrun for tutorial_objectstorage to None, run_after=None
[2026-06-28T18:50:48.137+0000] {processor.py:183} INFO - Processing /home/airflow/.local/lib/python3.12/site-packages/airflow/example_dags/tutorial_objectstorage.py took 0.107 seconds
[2026-06-28T18:51:18.573+0000] {processor.py:161} INFO - Started process (PID=3837) to work on /home/airflow/.local/lib/python3.12/site-packages/airflow/example_dags/tutorial_objectstorage.py
[2026-06-28T18:51:18.574+0000] {processor.py:830} INFO - Processing file /home/airflow/.local/lib/python3.12/site-packages/airflow/example_dags/tutorial_objectstorage.py for tasks to queue
[2026-06-28T18:51:18.576+0000] {logging_mixin.py:188} INFO - [2026-06-28T18:51:18.576+0000] {dagbag.py:545} INFO - Filling up the DagBag from /home/airflow/.local/lib/python3.12/site-packages/airflow/example_dags/tutorial_objectstorage.py
[2026-06-28T18:51:18.585+0000] {processor.py:840} INFO - DAG(s) 'tutorial_objectstorage' retrieved from /home/airflow/.local/lib/python3.12/site-packages/airflow/example_dags/tutorial_objectstorage.py
[2026-06-28T18:51:18.612+0000] {logging_mixin.py:188} INFO - [2026-06-28T18:51:18.612+0000] {dag.py:3096} INFO - Sync 1 DAGs
[2026-06-28T18:51:18.629+0000] {logging_mixin.py:188} INFO - [2026-06-28T18:51:18.629+0000] {dag.py:3954} INFO - Setting next_dagrun for tutorial_objectstorage to None, run_after=None
[2026-06-28T18:51:18.653+0000] {processor.py:183} INFO - Processing /home/airflow/.local/lib/python3.12/site-packages/airflow/example_dags/tutorial_objectstorage.py took 0.086 seconds
[2026-06-28T18:51:48.832+0000] {processor.py:161} INFO - Started process (PID=3895) to work on /home/airflow/.local/lib/python3.12/site-packages/airflow/example_dags/tutorial_objectstorage.py
[2026-06-28T18:51:48.833+0000] {processor.py:830} INFO - Processing file /home/airflow/.local/lib/python3.12/site-packages/airflow/example_dags/tutorial_objectstorage.py for tasks to queue
[2026-06-28T18:51:48.835+0000] {logging_mixin.py:188} INFO - [2026-06-28T18:51:48.834+0000] {dagbag.py:545} INFO - Filling up the DagBag from /home/airflow/.local/lib/python3.12/site-packages/airflow/example_dags/tutorial_objectstorage.py
[2026-06-28T18:51:48.844+0000] {processor.py:840} INFO - DAG(s) 'tutorial_objectstorage' retrieved from /home/airflow/.local/lib/python3.12/site-packages/airflow/example_dags/tutorial_objectstorage.py
[2026-06-28T18:51:48.871+0000] {logging_mixin.py:188} INFO - [2026-06-28T18:51:48.871+0000] {dag.py:3096} INFO - Sync 1 DAGs
[2026-06-28T18:51:48.887+0000] {logging_mixin.py:188} INFO - [2026-06-28T18:51:48.887+0000] {dag.py:3954} INFO - Setting next_dagrun for tutorial_objectstorage to None, run_after=None
[2026-06-28T18:51:48.918+0000] {processor.py:183} INFO - Processing /home/airflow/.local/lib/python3.12/site-packages/airflow/example_dags/tutorial_objectstorage.py took 0.093 seconds
[2026-06-28T18:52:19.763+0000] {processor.py:161} INFO - Started process (PID=3954) to work on /home/airflow/.local/lib/python3.12/site-packages/airflow/example_dags/tutorial_objectstorage.py
[2026-06-28T18:52:19.764+0000] {processor.py:830} INFO - Processing file /home/airflow/.local/lib/python3.12/site-packages/airflow/example_dags/tutorial_objectstorage.py for tasks to queue
[2026-06-28T18:52:19.766+0000] {logging_mixin.py:188} INFO - [2026-06-28T18:52:19.766+0000] {dagbag.py:545} INFO - Filling up the DagBag from /home/airflow/.local/lib/python3.12/site-packages/airflow/example_dags/tutorial_objectstorage.py
[2026-06-28T18:52:19.780+0000] {processor.py:840} INFO - DAG(s) 'tutorial_objectstorage' retrieved from /home/airflow/.local/lib/python3.12/site-packages/airflow/example_dags/tutorial_objectstorage.py
[2026-06-28T18:52:19.802+0000] {logging_mixin.py:188} INFO - [2026-06-28T18:52:19.802+0000] {dag.py:3096} INFO - Sync 1 DAGs
[2026-06-28T18:52:19.819+0000] {logging_mixin.py:188} INFO - [2026-06-28T18:52:19.818+0000] {dag.py:3954} INFO - Setting next_dagrun for tutorial_objectstorage to None, run_after=None
[2026-06-28T18:52:19.841+0000] {processor.py:183} INFO - Processing /home/airflow/.local/lib/python3.12/site-packages/airflow/example_dags/tutorial_objectstorage.py took 0.087 seconds
[2026-06-28T18:52:49.965+0000] {processor.py:161} INFO - Started process (PID=4013) to work on /home/airflow/.local/lib/python3.12/site-packages/airflow/example_dags/tutorial_objectstorage.py
[2026-06-28T18:52:49.968+0000] {processor.py:830} INFO - Processing file /home/airflow/.local/lib/python3.12/site-packages/airflow/example_dags/tutorial_objectstorage.py for tasks to queue
[2026-06-28T18:52:49.975+0000] {logging_mixin.py:188} INFO - [2026-06-28T18:52:49.974+0000] {dagbag.py:545} INFO - Filling up the DagBag from /home/airflow/.local/lib/python3.12/site-packages/airflow/example_dags/tutorial_objectstorage.py
[2026-06-28T18:52:49.998+0000] {processor.py:840} INFO - DAG(s) 'tutorial_objectstorage' retrieved from /home/airflow/.local/lib/python3.12/site-packages/airflow/example_dags/tutorial_objectstorage.py
[2026-06-28T18:52:50.062+0000] {logging_mixin.py:188} INFO - [2026-06-28T18:52:50.062+0000] {dag.py:3096} INFO - Sync 1 DAGs
[2026-06-28T18:52:50.085+0000] {logging_mixin.py:188} INFO - [2026-06-28T18:52:50.085+0000] {dag.py:3954} INFO - Setting next_dagrun for tutorial_objectstorage to None, run_after=None
[2026-06-28T18:52:50.107+0000] {processor.py:183} INFO - Processing /home/airflow/.local/lib/python3.12/site-packages/airflow/example_dags/tutorial_objectstorage.py took 0.168 seconds
[2026-06-28T18:53:20.564+0000] {processor.py:161} INFO - Started process (PID=4078) to work on /home/airflow/.local/lib/python3.12/site-packages/airflow/example_dags/tutorial_objectstorage.py
[2026-06-28T18:53:20.565+0000] {processor.py:830} INFO - Processing file /home/airflow/.local/lib/python3.12/site-packages/airflow/example_dags/tutorial_objectstorage.py for tasks to queue
[2026-06-28T18:53:20.567+0000] {logging_mixin.py:188} INFO - [2026-06-28T18:53:20.566+0000] {dagbag.py:545} INFO - Filling up the DagBag from /home/airflow/.local/lib/python3.12/site-packages/airflow/example_dags/tutorial_objectstorage.py
[2026-06-28T18:53:20.575+0000] {processor.py:840} INFO - DAG(s) 'tutorial_objectstorage' retrieved from /home/airflow/.local/lib/python3.12/site-packages/airflow/example_dags/tutorial_objectstorage.py
[2026-06-28T18:53:20.598+0000] {logging_mixin.py:188} INFO - [2026-06-28T18:53:20.598+0000] {dag.py:3096} INFO - Sync 1 DAGs
[2026-06-28T18:53:20.615+0000] {logging_mixin.py:188} INFO - [2026-06-28T18:53:20.615+0000] {dag.py:3954} INFO - Setting next_dagrun for tutorial_objectstorage to None, run_after=None
[2026-06-28T18:53:20.641+0000] {processor.py:183} INFO - Processing /home/airflow/.local/lib/python3.12/site-packages/airflow/example_dags/tutorial_objectstorage.py took 0.084 seconds
[2026-06-28T18:53:51.309+0000] {processor.py:161} INFO - Started process (PID=4137) to work on /home/airflow/.local/lib/python3.12/site-packages/airflow/example_dags/tutorial_objectstorage.py
[2026-06-28T18:53:51.311+0000] {processor.py:830} INFO - Processing file /home/airflow/.local/lib/python3.12/site-packages/airflow/example_dags/tutorial_objectstorage.py for tasks to queue
[2026-06-28T18:53:51.313+0000] {logging_mixin.py:188} INFO - [2026-06-28T18:53:51.312+0000] {dagbag.py:545} INFO - Filling up the DagBag from /home/airflow/.local/lib/python3.12/site-packages/airflow/example_dags/tutorial_objectstorage.py
[2026-06-28T18:53:51.328+0000] {processor.py:840} INFO - DAG(s) 'tutorial_objectstorage' retrieved from /home/airflow/.local/lib/python3.12/site-packages/airflow/example_dags/tutorial_objectstorage.py
[2026-06-28T18:53:51.352+0000] {logging_mixin.py:188} INFO - [2026-06-28T18:53:51.351+0000] {dag.py:3096} INFO - Sync 1 DAGs
[2026-06-28T18:53:51.379+0000] {logging_mixin.py:188} INFO - [2026-06-28T18:53:51.378+0000] {dag.py:3954} INFO - Setting next_dagrun for tutorial_objectstorage to None, run_after=None
[2026-06-28T18:53:51.400+0000] {processor.py:183} INFO - Processing /home/airflow/.local/lib/python3.12/site-packages/airflow/example_dags/tutorial_objectstorage.py took 0.106 seconds
[2026-06-28T18:54:22.087+0000] {processor.py:161} INFO - Started process (PID=4196) to work on /home/airflow/.local/lib/python3.12/site-packages/airflow/example_dags/tutorial_objectstorage.py
[2026-06-28T18:54:22.090+0000] {processor.py:830} INFO - Processing file /home/airflow/.local/lib/python3.12/site-packages/airflow/example_dags/tutorial_objectstorage.py for tasks to queue
[2026-06-28T18:54:22.097+0000] {logging_mixin.py:188} INFO - [2026-06-28T18:54:22.092+0000] {dagbag.py:545} INFO - Filling up the DagBag from /home/airflow/.local/lib/python3.12/site-packages/airflow/example_dags/tutorial_objectstorage.py
[2026-06-28T18:54:22.127+0000] {processor.py:840} INFO - DAG(s) 'tutorial_objectstorage' retrieved from /home/airflow/.local/lib/python3.12/site-packages/airflow/example_dags/tutorial_objectstorage.py
[2026-06-28T18:54:22.170+0000] {logging_mixin.py:188} INFO - [2026-06-28T18:54:22.169+0000] {dag.py:3096} INFO - Sync 1 DAGs
[2026-06-28T18:54:22.188+0000] {logging_mixin.py:188} INFO - [2026-06-28T18:54:22.187+0000] {dag.py:3954} INFO - Setting next_dagrun for tutorial_objectstorage to None, run_after=None
[2026-06-28T18:54:22.232+0000] {processor.py:183} INFO - Processing /home/airflow/.local/lib/python3.12/site-packages/airflow/example_dags/tutorial_objectstorage.py took 0.175 seconds
[2026-06-28T18:54:52.322+0000] {processor.py:161} INFO - Started process (PID=4255) to work on /home/airflow/.local/lib/python3.12/site-packages/airflow/example_dags/tutorial_objectstorage.py
[2026-06-28T18:54:52.322+0000] {processor.py:830} INFO - Processing file /home/airflow/.local/lib/python3.12/site-packages/airflow/example_dags/tutorial_objectstorage.py for tasks to queue
[2026-06-28T18:54:52.324+0000] {logging_mixin.py:188} INFO - [2026-06-28T18:54:52.324+0000] {dagbag.py:545} INFO - Filling up the DagBag from /home/airflow/.local/lib/python3.12/site-packages/airflow/example_dags/tutorial_objectstorage.py
[2026-06-28T18:54:52.330+0000] {processor.py:840} INFO - DAG(s) 'tutorial_objectstorage' retrieved from /home/airflow/.local/lib/python3.12/site-packages/airflow/example_dags/tutorial_objectstorage.py
[2026-06-28T18:54:52.348+0000] {logging_mixin.py:188} INFO - [2026-06-28T18:54:52.347+0000] {dag.py:3096} INFO - Sync 1 DAGs
[2026-06-28T18:54:52.359+0000] {logging_mixin.py:188} INFO - [2026-06-28T18:54:52.359+0000] {dag.py:3954} INFO - Setting next_dagrun for tutorial_objectstorage to None, run_after=None
[2026-06-28T18:54:52.376+0000] {processor.py:183} INFO - Processing /home/airflow/.local/lib/python3.12/site-packages/airflow/example_dags/tutorial_objectstorage.py took 0.060 seconds
[2026-06-28T18:55:22.820+0000] {processor.py:161} INFO - Started process (PID=4315) to work on /home/airflow/.local/lib/python3.12/site-packages/airflow/example_dags/tutorial_objectstorage.py
[2026-06-28T18:55:22.821+0000] {processor.py:830} INFO - Processing file /home/airflow/.local/lib/python3.12/site-packages/airflow/example_dags/tutorial_objectstorage.py for tasks to queue
[2026-06-28T18:55:22.823+0000] {logging_mixin.py:188} INFO - [2026-06-28T18:55:22.823+0000] {dagbag.py:545} INFO - Filling up the DagBag from /home/airflow/.local/lib/python3.12/site-packages/airflow/example_dags/tutorial_objectstorage.py
[2026-06-28T18:55:22.832+0000] {processor.py:840} INFO - DAG(s) 'tutorial_objectstorage' retrieved from /home/airflow/.local/lib/python3.12/site-packages/airflow/example_dags/tutorial_objectstorage.py
[2026-06-28T18:55:22.860+0000] {logging_mixin.py:188} INFO - [2026-06-28T18:55:22.856+0000] {dag.py:3096} INFO - Sync 1 DAGs
[2026-06-28T18:55:22.895+0000] {logging_mixin.py:188} INFO - [2026-06-28T18:55:22.895+0000] {dag.py:3954} INFO - Setting next_dagrun for tutorial_objectstorage to None, run_after=None
[2026-06-28T18:55:22.919+0000] {processor.py:183} INFO - Processing /home/airflow/.local/lib/python3.12/site-packages/airflow/example_dags/tutorial_objectstorage.py took 0.106 seconds
[2026-06-28T18:55:53.409+0000] {processor.py:161} INFO - Started process (PID=4374) to work on /home/airflow/.local/lib/python3.12/site-packages/airflow/example_dags/tutorial_objectstorage.py
[2026-06-28T18:55:53.410+0000] {processor.py:830} INFO - Processing file /home/airflow/.local/lib/python3.12/site-packages/airflow/example_dags/tutorial_objectstorage.py for tasks to queue
[2026-06-28T18:55:53.412+0000] {logging_mixin.py:188} INFO - [2026-06-28T18:55:53.412+0000] {dagbag.py:545} INFO - Filling up the DagBag from /home/airflow/.local/lib/python3.12/site-packages/airflow/example_dags/tutorial_objectstorage.py
[2026-06-28T18:55:53.420+0000] {processor.py:840} INFO - DAG(s) 'tutorial_objectstorage' retrieved from /home/airflow/.local/lib/python3.12/site-packages/airflow/example_dags/tutorial_objectstorage.py
[2026-06-28T18:55:53.440+0000] {logging_mixin.py:188} INFO - [2026-06-28T18:55:53.440+0000] {dag.py:3096} INFO - Sync 1 DAGs
[2026-06-28T18:55:53.452+0000] {logging_mixin.py:188} INFO - [2026-06-28T18:55:53.452+0000] {dag.py:3954} INFO - Setting next_dagrun for tutorial_objectstorage to None, run_after=None
[2026-06-28T18:55:53.467+0000] {processor.py:183} INFO - Processing /home/airflow/.local/lib/python3.12/site-packages/airflow/example_dags/tutorial_objectstorage.py took 0.066 seconds
[2026-06-28T18:56:23.737+0000] {processor.py:161} INFO - Started process (PID=4433) to work on /home/airflow/.local/lib/python3.12/site-packages/airflow/example_dags/tutorial_objectstorage.py
[2026-06-28T18:56:23.738+0000] {processor.py:830} INFO - Processing file /home/airflow/.local/lib/python3.12/site-packages/airflow/example_dags/tutorial_objectstorage.py for tasks to queue
[2026-06-28T18:56:23.740+0000] {logging_mixin.py:188} INFO - [2026-06-28T18:56:23.740+0000] {dagbag.py:545} INFO - Filling up the DagBag from /home/airflow/.local/lib/python3.12/site-packages/airflow/example_dags/tutorial_objectstorage.py
[2026-06-28T18:56:23.750+0000] {processor.py:840} INFO - DAG(s) 'tutorial_objectstorage' retrieved from /home/airflow/.local/lib/python3.12/site-packages/airflow/example_dags/tutorial_objectstorage.py
[2026-06-28T18:56:23.770+0000] {logging_mixin.py:188} INFO - [2026-06-28T18:56:23.770+0000] {dag.py:3096} INFO - Sync 1 DAGs
[2026-06-28T18:56:23.781+0000] {logging_mixin.py:188} INFO - [2026-06-28T18:56:23.781+0000] {dag.py:3954} INFO - Setting next_dagrun for tutorial_objectstorage to None, run_after=None
[2026-06-28T18:56:23.797+0000] {processor.py:183} INFO - Processing /home/airflow/.local/lib/python3.12/site-packages/airflow/example_dags/tutorial_objectstorage.py took 0.068 seconds
[2026-06-28T18:56:54.278+0000] {processor.py:161} INFO - Started process (PID=4492) to work on /home/airflow/.local/lib/python3.12/site-packages/airflow/example_dags/tutorial_objectstorage.py
[2026-06-28T18:56:54.279+0000] {processor.py:830} INFO - Processing file /home/airflow/.local/lib/python3.12/site-packages/airflow/example_dags/tutorial_objectstorage.py for tasks to queue
[2026-06-28T18:56:54.281+0000] {logging_mixin.py:188} INFO - [2026-06-28T18:56:54.281+0000] {dagbag.py:545} INFO - Filling up the DagBag from /home/airflow/.local/lib/python3.12/site-packages/airflow/example_dags/tutorial_objectstorage.py
[2026-06-28T18:56:54.290+0000] {processor.py:840} INFO - DAG(s) 'tutorial_objectstorage' retrieved from /home/airflow/.local/lib/python3.12/site-packages/airflow/example_dags/tutorial_objectstorage.py
[2026-06-28T18:56:54.313+0000] {logging_mixin.py:188} INFO - [2026-06-28T18:56:54.313+0000] {dag.py:3096} INFO - Sync 1 DAGs
[2026-06-28T18:56:54.327+0000] {logging_mixin.py:188} INFO - [2026-06-28T18:56:54.326+0000] {dag.py:3954} INFO - Setting next_dagrun for tutorial_objectstorage to None, run_after=None
[2026-06-28T18:56:54.343+0000] {processor.py:183} INFO - Processing /home/airflow/.local/lib/python3.12/site-packages/airflow/example_dags/tutorial_objectstorage.py took 0.073 seconds
[2026-06-28T18:57:24.936+0000] {processor.py:161} INFO - Started process (PID=4551) to work on /home/airflow/.local/lib/python3.12/site-packages/airflow/example_dags/tutorial_objectstorage.py
[2026-06-28T18:57:24.937+0000] {processor.py:830} INFO - Processing file /home/airflow/.local/lib/python3.12/site-packages/airflow/example_dags/tutorial_objectstorage.py for tasks to queue
[2026-06-28T18:57:24.939+0000] {logging_mixin.py:188} INFO - [2026-06-28T18:57:24.939+0000] {dagbag.py:545} INFO - Filling up the DagBag from /home/airflow/.local/lib/python3.12/site-packages/airflow/example_dags/tutorial_objectstorage.py
[2026-06-28T18:57:24.948+0000] {processor.py:840} INFO - DAG(s) 'tutorial_objectstorage' retrieved from /home/airflow/.local/lib/python3.12/site-packages/airflow/example_dags/tutorial_objectstorage.py
[2026-06-28T18:57:24.969+0000] {logging_mixin.py:188} INFO - [2026-06-28T18:57:24.969+0000] {dag.py:3096} INFO - Sync 1 DAGs
[2026-06-28T18:57:24.983+0000] {logging_mixin.py:188} INFO - [2026-06-28T18:57:24.982+0000] {dag.py:3954} INFO - Setting next_dagrun for tutorial_objectstorage to None, run_after=None
[2026-06-28T18:57:24.998+0000] {processor.py:183} INFO - Processing /home/airflow/.local/lib/python3.12/site-packages/airflow/example_dags/tutorial_objectstorage.py took 0.070 seconds
[2026-06-28T18:57:55.951+0000] {processor.py:161} INFO - Started process (PID=4610) to work on /home/airflow/.local/lib/python3.12/site-packages/airflow/example_dags/tutorial_objectstorage.py
[2026-06-28T18:57:55.952+0000] {processor.py:830} INFO - Processing file /home/airflow/.local/lib/python3.12/site-packages/airflow/example_dags/tutorial_objectstorage.py for tasks to queue
[2026-06-28T18:57:55.954+0000] {logging_mixin.py:188} INFO - [2026-06-28T18:57:55.954+0000] {dagbag.py:545} INFO - Filling up the DagBag from /home/airflow/.local/lib/python3.12/site-packages/airflow/example_dags/tutorial_objectstorage.py
[2026-06-28T18:57:55.963+0000] {processor.py:840} INFO - DAG(s) 'tutorial_objectstorage' retrieved from /home/airflow/.local/lib/python3.12/site-packages/airflow/example_dags/tutorial_objectstorage.py
[2026-06-28T18:57:55.986+0000] {logging_mixin.py:188} INFO - [2026-06-28T18:57:55.986+0000] {dag.py:3096} INFO - Sync 1 DAGs
[2026-06-28T18:57:56.003+0000] {logging_mixin.py:188} INFO - [2026-06-28T18:57:56.003+0000] {dag.py:3954} INFO - Setting next_dagrun for tutorial_objectstorage to None, run_after=None
[2026-06-28T18:57:56.021+0000] {processor.py:183} INFO - Processing /home/airflow/.local/lib/python3.12/site-packages/airflow/example_dags/tutorial_objectstorage.py took 0.078 seconds
[2026-06-28T18:58:26.576+0000] {processor.py:161} INFO - Started process (PID=4669) to work on /home/airflow/.local/lib/python3.12/site-packages/airflow/example_dags/tutorial_objectstorage.py
[2026-06-28T18:58:26.579+0000] {processor.py:830} INFO - Processing file /home/airflow/.local/lib/python3.12/site-packages/airflow/example_dags/tutorial_objectstorage.py for tasks to queue
[2026-06-28T18:58:26.583+0000] {logging_mixin.py:188} INFO - [2026-06-28T18:58:26.582+0000] {dagbag.py:545} INFO - Filling up the DagBag from /home/airflow/.local/lib/python3.12/site-packages/airflow/example_dags/tutorial_objectstorage.py
[2026-06-28T18:58:26.591+0000] {processor.py:840} INFO - DAG(s) 'tutorial_objectstorage' retrieved from /home/airflow/.local/lib/python3.12/site-packages/airflow/example_dags/tutorial_objectstorage.py
[2026-06-28T18:58:26.608+0000] {logging_mixin.py:188} INFO - [2026-06-28T18:58:26.608+0000] {dag.py:3096} INFO - Sync 1 DAGs
[2026-06-28T18:58:26.619+0000] {logging_mixin.py:188} INFO - [2026-06-28T18:58:26.619+0000] {dag.py:3954} INFO - Setting next_dagrun for tutorial_objectstorage to None, run_after=None
[2026-06-28T18:58:26.634+0000] {processor.py:183} INFO - Processing /home/airflow/.local/lib/python3.12/site-packages/airflow/example_dags/tutorial_objectstorage.py took 0.066 seconds
[2026-06-28T18:58:57.193+0000] {processor.py:161} INFO - Started process (PID=4728) to work on /home/airflow/.local/lib/python3.12/site-packages/airflow/example_dags/tutorial_objectstorage.py
[2026-06-28T18:58:57.194+0000] {processor.py:830} INFO - Processing file /home/airflow/.local/lib/python3.12/site-packages/airflow/example_dags/tutorial_objectstorage.py for tasks to queue
[2026-06-28T18:58:57.200+0000] {logging_mixin.py:188} INFO - [2026-06-28T18:58:57.199+0000] {dagbag.py:545} INFO - Filling up the DagBag from /home/airflow/.local/lib/python3.12/site-packages/airflow/example_dags/tutorial_objectstorage.py
[2026-06-28T18:58:57.215+0000] {processor.py:840} INFO - DAG(s) 'tutorial_objectstorage' retrieved from /home/airflow/.local/lib/python3.12/site-packages/airflow/example_dags/tutorial_objectstorage.py
[2026-06-28T18:58:57.265+0000] {logging_mixin.py:188} INFO - [2026-06-28T18:58:57.264+0000] {dag.py:3096} INFO - Sync 1 DAGs
[2026-06-28T18:58:57.298+0000] {logging_mixin.py:188} INFO - [2026-06-28T18:58:57.298+0000] {dag.py:3954} INFO - Setting next_dagrun for tutorial_objectstorage to None, run_after=None
[2026-06-28T18:58:57.351+0000] {processor.py:183} INFO - Processing /home/airflow/.local/lib/python3.12/site-packages/airflow/example_dags/tutorial_objectstorage.py took 0.170 seconds
[2026-06-28T18:59:29.039+0000] {processor.py:161} INFO - Started process (PID=4787) to work on /home/airflow/.local/lib/python3.12/site-packages/airflow/example_dags/tutorial_objectstorage.py
[2026-06-28T18:59:29.040+0000] {processor.py:830} INFO - Processing file /home/airflow/.local/lib/python3.12/site-packages/airflow/example_dags/tutorial_objectstorage.py for tasks to queue
[2026-06-28T18:59:29.042+0000] {logging_mixin.py:188} INFO - [2026-06-28T18:59:29.042+0000] {dagbag.py:545} INFO - Filling up the DagBag from /home/airflow/.local/lib/python3.12/site-packages/airflow/example_dags/tutorial_objectstorage.py
[2026-06-28T18:59:29.052+0000] {processor.py:840} INFO - DAG(s) 'tutorial_objectstorage' retrieved from /home/airflow/.local/lib/python3.12/site-packages/airflow/example_dags/tutorial_objectstorage.py
[2026-06-28T18:59:29.082+0000] {logging_mixin.py:188} INFO - [2026-06-28T18:59:29.082+0000] {dag.py:3096} INFO - Sync 1 DAGs
[2026-06-28T18:59:29.099+0000] {logging_mixin.py:188} INFO - [2026-06-28T18:59:29.099+0000] {dag.py:3954} INFO - Setting next_dagrun for tutorial_objectstorage to None, run_after=None
[2026-06-28T18:59:29.125+0000] {processor.py:183} INFO - Processing /home/airflow/.local/lib/python3.12/site-packages/airflow/example_dags/tutorial_objectstorage.py took 0.093 seconds
[2026-06-28T18:59:59.612+0000] {processor.py:161} INFO - Started process (PID=4846) to work on /home/airflow/.local/lib/python3.12/site-packages/airflow/example_dags/tutorial_objectstorage.py
[2026-06-28T18:59:59.613+0000] {processor.py:830} INFO - Processing file /home/airflow/.local/lib/python3.12/site-packages/airflow/example_dags/tutorial_objectstorage.py for tasks to queue
[2026-06-28T18:59:59.615+0000] {logging_mixin.py:188} INFO - [2026-06-28T18:59:59.615+0000] {dagbag.py:545} INFO - Filling up the DagBag from /home/airflow/.local/lib/python3.12/site-packages/airflow/example_dags/tutorial_objectstorage.py
[2026-06-28T18:59:59.625+0000] {processor.py:840} INFO - DAG(s) 'tutorial_objectstorage' retrieved from /home/airflow/.local/lib/python3.12/site-packages/airflow/example_dags/tutorial_objectstorage.py
[2026-06-28T18:59:59.651+0000] {logging_mixin.py:188} INFO - [2026-06-28T18:59:59.650+0000] {dag.py:3096} INFO - Sync 1 DAGs
[2026-06-28T18:59:59.668+0000] {logging_mixin.py:188} INFO - [2026-06-28T18:59:59.668+0000] {dag.py:3954} INFO - Setting next_dagrun for tutorial_objectstorage to None, run_after=None
[2026-06-28T18:59:59.698+0000] {processor.py:183} INFO - Processing /home/airflow/.local/lib/python3.12/site-packages/airflow/example_dags/tutorial_objectstorage.py took 0.102 seconds
[2026-06-28T19:00:29.862+0000] {processor.py:161} INFO - Started process (PID=4905) to work on /home/airflow/.local/lib/python3.12/site-packages/airflow/example_dags/tutorial_objectstorage.py
[2026-06-28T19:00:29.863+0000] {processor.py:830} INFO - Processing file /home/airflow/.local/lib/python3.12/site-packages/airflow/example_dags/tutorial_objectstorage.py for tasks to queue
[2026-06-28T19:00:29.866+0000] {logging_mixin.py:188} INFO - [2026-06-28T19:00:29.865+0000] {dagbag.py:545} INFO - Filling up the DagBag from /home/airflow/.local/lib/python3.12/site-packages/airflow/example_dags/tutorial_objectstorage.py
[2026-06-28T19:00:29.882+0000] {processor.py:840} INFO - DAG(s) 'tutorial_objectstorage' retrieved from /home/airflow/.local/lib/python3.12/site-packages/airflow/example_dags/tutorial_objectstorage.py
[2026-06-28T19:00:30.000+0000] {logging_mixin.py:188} INFO - [2026-06-28T19:00:29.995+0000] {dag.py:3096} INFO - Sync 1 DAGs
[2026-06-28T19:00:30.055+0000] {logging_mixin.py:188} INFO - [2026-06-28T19:00:30.055+0000] {dag.py:3954} INFO - Setting next_dagrun for tutorial_objectstorage to None, run_after=None
[2026-06-28T19:00:30.162+0000] {processor.py:183} INFO - Processing /home/airflow/.local/lib/python3.12/site-packages/airflow/example_dags/tutorial_objectstorage.py took 0.321 seconds
[2026-06-28T19:01:00.590+0000] {processor.py:161} INFO - Started process (PID=4964) to work on /home/airflow/.local/lib/python3.12/site-packages/airflow/example_dags/tutorial_objectstorage.py
[2026-06-28T19:01:00.591+0000] {processor.py:830} INFO - Processing file /home/airflow/.local/lib/python3.12/site-packages/airflow/example_dags/tutorial_objectstorage.py for tasks to queue
[2026-06-28T19:01:00.593+0000] {logging_mixin.py:188} INFO - [2026-06-28T19:01:00.593+0000] {dagbag.py:545} INFO - Filling up the DagBag from /home/airflow/.local/lib/python3.12/site-packages/airflow/example_dags/tutorial_objectstorage.py
[2026-06-28T19:01:00.603+0000] {processor.py:840} INFO - DAG(s) 'tutorial_objectstorage' retrieved from /home/airflow/.local/lib/python3.12/site-packages/airflow/example_dags/tutorial_objectstorage.py
[2026-06-28T19:01:00.625+0000] {logging_mixin.py:188} INFO - [2026-06-28T19:01:00.625+0000] {dag.py:3096} INFO - Sync 1 DAGs
[2026-06-28T19:01:00.642+0000] {logging_mixin.py:188} INFO - [2026-06-28T19:01:00.642+0000] {dag.py:3954} INFO - Setting next_dagrun for tutorial_objectstorage to None, run_after=None
[2026-06-28T19:01:00.667+0000] {processor.py:183} INFO - Processing /home/airflow/.local/lib/python3.12/site-packages/airflow/example_dags/tutorial_objectstorage.py took 0.085 seconds
[2026-06-28T19:01:30.842+0000] {processor.py:161} INFO - Started process (PID=5023) to work on /home/airflow/.local/lib/python3.12/site-packages/airflow/example_dags/tutorial_objectstorage.py
[2026-06-28T19:01:30.843+0000] {processor.py:830} INFO - Processing file /home/airflow/.local/lib/python3.12/site-packages/airflow/example_dags/tutorial_objectstorage.py for tasks to queue
[2026-06-28T19:01:30.845+0000] {logging_mixin.py:188} INFO - [2026-06-28T19:01:30.844+0000] {dagbag.py:545} INFO - Filling up the DagBag from /home/airflow/.local/lib/python3.12/site-packages/airflow/example_dags/tutorial_objectstorage.py
[2026-06-28T19:01:30.853+0000] {processor.py:840} INFO - DAG(s) 'tutorial_objectstorage' retrieved from /home/airflow/.local/lib/python3.12/site-packages/airflow/example_dags/tutorial_objectstorage.py
[2026-06-28T19:01:30.879+0000] {logging_mixin.py:188} INFO - [2026-06-28T19:01:30.878+0000] {dag.py:3096} INFO - Sync 1 DAGs
[2026-06-28T19:01:30.896+0000] {logging_mixin.py:188} INFO - [2026-06-28T19:01:30.896+0000] {dag.py:3954} INFO - Setting next_dagrun for tutorial_objectstorage to None, run_after=None
[2026-06-28T19:01:30.923+0000] {processor.py:183} INFO - Processing /home/airflow/.local/lib/python3.12/site-packages/airflow/example_dags/tutorial_objectstorage.py took 0.093 seconds
[2026-06-28T19:02:01.549+0000] {processor.py:161} INFO - Started process (PID=5082) to work on /home/airflow/.local/lib/python3.12/site-packages/airflow/example_dags/tutorial_objectstorage.py
[2026-06-28T19:02:01.550+0000] {processor.py:830} INFO - Processing file /home/airflow/.local/lib/python3.12/site-packages/airflow/example_dags/tutorial_objectstorage.py for tasks to queue
[2026-06-28T19:02:01.552+0000] {logging_mixin.py:188} INFO - [2026-06-28T19:02:01.552+0000] {dagbag.py:545} INFO - Filling up the DagBag from /home/airflow/.local/lib/python3.12/site-packages/airflow/example_dags/tutorial_objectstorage.py
[2026-06-28T19:02:01.565+0000] {processor.py:840} INFO - DAG(s) 'tutorial_objectstorage' retrieved from /home/airflow/.local/lib/python3.12/site-packages/airflow/example_dags/tutorial_objectstorage.py
[2026-06-28T19:02:01.590+0000] {logging_mixin.py:188} INFO - [2026-06-28T19:02:01.590+0000] {dag.py:3096} INFO - Sync 1 DAGs
[2026-06-28T19:02:01.607+0000] {logging_mixin.py:188} INFO - [2026-06-28T19:02:01.606+0000] {dag.py:3954} INFO - Setting next_dagrun for tutorial_objectstorage to None, run_after=None
[2026-06-28T19:02:01.634+0000] {processor.py:183} INFO - Processing /home/airflow/.local/lib/python3.12/site-packages/airflow/example_dags/tutorial_objectstorage.py took 0.092 seconds
[2026-06-28T19:02:31.733+0000] {processor.py:161} INFO - Started process (PID=5141) to work on /home/airflow/.local/lib/python3.12/site-packages/airflow/example_dags/tutorial_objectstorage.py
[2026-06-28T19:02:31.734+0000] {processor.py:830} INFO - Processing file /home/airflow/.local/lib/python3.12/site-packages/airflow/example_dags/tutorial_objectstorage.py for tasks to queue
[2026-06-28T19:02:31.735+0000] {logging_mixin.py:188} INFO - [2026-06-28T19:02:31.735+0000] {dagbag.py:545} INFO - Filling up the DagBag from /home/airflow/.local/lib/python3.12/site-packages/airflow/example_dags/tutorial_objectstorage.py
[2026-06-28T19:02:31.744+0000] {processor.py:840} INFO - DAG(s) 'tutorial_objectstorage' retrieved from /home/airflow/.local/lib/python3.12/site-packages/airflow/example_dags/tutorial_objectstorage.py
[2026-06-28T19:02:31.776+0000] {logging_mixin.py:188} INFO - [2026-06-28T19:02:31.775+0000] {dag.py:3096} INFO - Sync 1 DAGs
[2026-06-28T19:02:31.795+0000] {logging_mixin.py:188} INFO - [2026-06-28T19:02:31.795+0000] {dag.py:3954} INFO - Setting next_dagrun for tutorial_objectstorage to None, run_after=None
[2026-06-28T19:02:31.818+0000] {processor.py:183} INFO - Processing /home/airflow/.local/lib/python3.12/site-packages/airflow/example_dags/tutorial_objectstorage.py took 0.100 seconds
[2026-06-28T19:03:02.369+0000] {processor.py:161} INFO - Started process (PID=5200) to work on /home/airflow/.local/lib/python3.12/site-packages/airflow/example_dags/tutorial_objectstorage.py
[2026-06-28T19:03:02.370+0000] {processor.py:830} INFO - Processing file /home/airflow/.local/lib/python3.12/site-packages/airflow/example_dags/tutorial_objectstorage.py for tasks to queue
[2026-06-28T19:03:02.372+0000] {logging_mixin.py:188} INFO - [2026-06-28T19:03:02.372+0000] {dagbag.py:545} INFO - Filling up the DagBag from /home/airflow/.local/lib/python3.12/site-packages/airflow/example_dags/tutorial_objectstorage.py
[2026-06-28T19:03:02.381+0000] {processor.py:840} INFO - DAG(s) 'tutorial_objectstorage' retrieved from /home/airflow/.local/lib/python3.12/site-packages/airflow/example_dags/tutorial_objectstorage.py
[2026-06-28T19:03:02.433+0000] {logging_mixin.py:188} INFO - [2026-06-28T19:03:02.432+0000] {dag.py:3096} INFO - Sync 1 DAGs
[2026-06-28T19:03:02.475+0000] {logging_mixin.py:188} INFO - [2026-06-28T19:03:02.474+0000] {dag.py:3954} INFO - Setting next_dagrun for tutorial_objectstorage to None, run_after=None
[2026-06-28T19:03:02.532+0000] {processor.py:183} INFO - Processing /home/airflow/.local/lib/python3.12/site-packages/airflow/example_dags/tutorial_objectstorage.py took 0.175 seconds
[2026-06-28T19:03:32.966+0000] {processor.py:161} INFO - Started process (PID=5259) to work on /home/airflow/.local/lib/python3.12/site-packages/airflow/example_dags/tutorial_objectstorage.py
[2026-06-28T19:03:32.967+0000] {processor.py:830} INFO - Processing file /home/airflow/.local/lib/python3.12/site-packages/airflow/example_dags/tutorial_objectstorage.py for tasks to queue
[2026-06-28T19:03:32.969+0000] {logging_mixin.py:188} INFO - [2026-06-28T19:03:32.968+0000] {dagbag.py:545} INFO - Filling up the DagBag from /home/airflow/.local/lib/python3.12/site-packages/airflow/example_dags/tutorial_objectstorage.py
[2026-06-28T19:03:32.977+0000] {processor.py:840} INFO - DAG(s) 'tutorial_objectstorage' retrieved from /home/airflow/.local/lib/python3.12/site-packages/airflow/example_dags/tutorial_objectstorage.py
[2026-06-28T19:03:33.000+0000] {logging_mixin.py:188} INFO - [2026-06-28T19:03:32.999+0000] {dag.py:3096} INFO - Sync 1 DAGs
[2026-06-28T19:03:33.020+0000] {logging_mixin.py:188} INFO - [2026-06-28T19:03:33.020+0000] {dag.py:3954} INFO - Setting next_dagrun for tutorial_objectstorage to None, run_after=None
[2026-06-28T19:03:33.053+0000] {processor.py:183} INFO - Processing /home/airflow/.local/lib/python3.12/site-packages/airflow/example_dags/tutorial_objectstorage.py took 0.101 seconds
[2026-06-28T19:04:03.389+0000] {processor.py:161} INFO - Started process (PID=5318) to work on /home/airflow/.local/lib/python3.12/site-packages/airflow/example_dags/tutorial_objectstorage.py
[2026-06-28T19:04:03.390+0000] {processor.py:830} INFO - Processing file /home/airflow/.local/lib/python3.12/site-packages/airflow/example_dags/tutorial_objectstorage.py for tasks to queue
[2026-06-28T19:04:03.392+0000] {logging_mixin.py:188} INFO - [2026-06-28T19:04:03.392+0000] {dagbag.py:545} INFO - Filling up the DagBag from /home/airflow/.local/lib/python3.12/site-packages/airflow/example_dags/tutorial_objectstorage.py
[2026-06-28T19:04:03.400+0000] {processor.py:840} INFO - DAG(s) 'tutorial_objectstorage' retrieved from /home/airflow/.local/lib/python3.12/site-packages/airflow/example_dags/tutorial_objectstorage.py
[2026-06-28T19:04:03.422+0000] {logging_mixin.py:188} INFO - [2026-06-28T19:04:03.422+0000] {dag.py:3096} INFO - Sync 1 DAGs
[2026-06-28T19:04:03.439+0000] {logging_mixin.py:188} INFO - [2026-06-28T19:04:03.439+0000] {dag.py:3954} INFO - Setting next_dagrun for tutorial_objectstorage to None, run_after=None
[2026-06-28T19:04:03.462+0000] {processor.py:183} INFO - Processing /home/airflow/.local/lib/python3.12/site-packages/airflow/example_dags/tutorial_objectstorage.py took 0.084 seconds
[2026-06-28T19:04:33.741+0000] {processor.py:161} INFO - Started process (PID=5377) to work on /home/airflow/.local/lib/python3.12/site-packages/airflow/example_dags/tutorial_objectstorage.py
[2026-06-28T19:04:33.747+0000] {processor.py:830} INFO - Processing file /home/airflow/.local/lib/python3.12/site-packages/airflow/example_dags/tutorial_objectstorage.py for tasks to queue
[2026-06-28T19:04:33.752+0000] {logging_mixin.py:188} INFO - [2026-06-28T19:04:33.751+0000] {dagbag.py:545} INFO - Filling up the DagBag from /home/airflow/.local/lib/python3.12/site-packages/airflow/example_dags/tutorial_objectstorage.py
[2026-06-28T19:04:33.788+0000] {processor.py:840} INFO - DAG(s) 'tutorial_objectstorage' retrieved from /home/airflow/.local/lib/python3.12/site-packages/airflow/example_dags/tutorial_objectstorage.py
[2026-06-28T19:04:33.860+0000] {logging_mixin.py:188} INFO - [2026-06-28T19:04:33.860+0000] {dag.py:3096} INFO - Sync 1 DAGs
[2026-06-28T19:04:33.908+0000] {logging_mixin.py:188} INFO - [2026-06-28T19:04:33.908+0000] {dag.py:3954} INFO - Setting next_dagrun for tutorial_objectstorage to None, run_after=None
[2026-06-28T19:04:33.985+0000] {processor.py:183} INFO - Processing /home/airflow/.local/lib/python3.12/site-packages/airflow/example_dags/tutorial_objectstorage.py took 0.272 seconds
[2026-06-28T19:05:04.086+0000] {processor.py:161} INFO - Started process (PID=5436) to work on /home/airflow/.local/lib/python3.12/site-packages/airflow/example_dags/tutorial_objectstorage.py
[2026-06-28T19:05:04.086+0000] {processor.py:830} INFO - Processing file /home/airflow/.local/lib/python3.12/site-packages/airflow/example_dags/tutorial_objectstorage.py for tasks to queue
[2026-06-28T19:05:04.088+0000] {logging_mixin.py:188} INFO - [2026-06-28T19:05:04.087+0000] {dagbag.py:545} INFO - Filling up the DagBag from /home/airflow/.local/lib/python3.12/site-packages/airflow/example_dags/tutorial_objectstorage.py
[2026-06-28T19:05:04.094+0000] {processor.py:840} INFO - DAG(s) 'tutorial_objectstorage' retrieved from /home/airflow/.local/lib/python3.12/site-packages/airflow/example_dags/tutorial_objectstorage.py
[2026-06-28T19:05:04.122+0000] {logging_mixin.py:188} INFO - [2026-06-28T19:05:04.121+0000] {dag.py:3096} INFO - Sync 1 DAGs
[2026-06-28T19:05:04.140+0000] {logging_mixin.py:188} INFO - [2026-06-28T19:05:04.139+0000] {dag.py:3954} INFO - Setting next_dagrun for tutorial_objectstorage to None, run_after=None
[2026-06-28T19:05:04.162+0000] {processor.py:183} INFO - Processing /home/airflow/.local/lib/python3.12/site-packages/airflow/example_dags/tutorial_objectstorage.py took 0.082 seconds
[2026-06-28T19:05:34.939+0000] {processor.py:161} INFO - Started process (PID=5495) to work on /home/airflow/.local/lib/python3.12/site-packages/airflow/example_dags/tutorial_objectstorage.py
[2026-06-28T19:05:34.941+0000] {processor.py:830} INFO - Processing file /home/airflow/.local/lib/python3.12/site-packages/airflow/example_dags/tutorial_objectstorage.py for tasks to queue
[2026-06-28T19:05:34.946+0000] {logging_mixin.py:188} INFO - [2026-06-28T19:05:34.945+0000] {dagbag.py:545} INFO - Filling up the DagBag from /home/airflow/.local/lib/python3.12/site-packages/airflow/example_dags/tutorial_objectstorage.py
[2026-06-28T19:05:34.955+0000] {processor.py:840} INFO - DAG(s) 'tutorial_objectstorage' retrieved from /home/airflow/.local/lib/python3.12/site-packages/airflow/example_dags/tutorial_objectstorage.py
[2026-06-28T19:05:34.991+0000] {logging_mixin.py:188} INFO - [2026-06-28T19:05:34.991+0000] {dag.py:3096} INFO - Sync 1 DAGs
[2026-06-28T19:05:35.014+0000] {logging_mixin.py:188} INFO - [2026-06-28T19:05:35.014+0000] {dag.py:3954} INFO - Setting next_dagrun for tutorial_objectstorage to None, run_after=None
[2026-06-28T19:05:35.039+0000] {processor.py:183} INFO - Processing /home/airflow/.local/lib/python3.12/site-packages/airflow/example_dags/tutorial_objectstorage.py took 0.109 seconds
[2026-06-28T19:06:05.407+0000] {processor.py:161} INFO - Started process (PID=5554) to work on /home/airflow/.local/lib/python3.12/site-packages/airflow/example_dags/tutorial_objectstorage.py
[2026-06-28T19:06:05.407+0000] {processor.py:830} INFO - Processing file /home/airflow/.local/lib/python3.12/site-packages/airflow/example_dags/tutorial_objectstorage.py for tasks to queue
[2026-06-28T19:06:05.409+0000] {logging_mixin.py:188} INFO - [2026-06-28T19:06:05.409+0000] {dagbag.py:545} INFO - Filling up the DagBag from /home/airflow/.local/lib/python3.12/site-packages/airflow/example_dags/tutorial_objectstorage.py
[2026-06-28T19:06:05.418+0000] {processor.py:840} INFO - DAG(s) 'tutorial_objectstorage' retrieved from /home/airflow/.local/lib/python3.12/site-packages/airflow/example_dags/tutorial_objectstorage.py
[2026-06-28T19:06:05.439+0000] {logging_mixin.py:188} INFO - [2026-06-28T19:06:05.439+0000] {dag.py:3096} INFO - Sync 1 DAGs
[2026-06-28T19:06:05.459+0000] {logging_mixin.py:188} INFO - [2026-06-28T19:06:05.459+0000] {dag.py:3954} INFO - Setting next_dagrun for tutorial_objectstorage to None, run_after=None
[2026-06-28T19:06:05.482+0000] {processor.py:183} INFO - Processing /home/airflow/.local/lib/python3.12/site-packages/airflow/example_dags/tutorial_objectstorage.py took 0.086 seconds
[2026-06-28T19:06:36.011+0000] {processor.py:161} INFO - Started process (PID=5613) to work on /home/airflow/.local/lib/python3.12/site-packages/airflow/example_dags/tutorial_objectstorage.py
[2026-06-28T19:06:36.012+0000] {processor.py:830} INFO - Processing file /home/airflow/.local/lib/python3.12/site-packages/airflow/example_dags/tutorial_objectstorage.py for tasks to queue
[2026-06-28T19:06:36.015+0000] {logging_mixin.py:188} INFO - [2026-06-28T19:06:36.014+0000] {dagbag.py:545} INFO - Filling up the DagBag from /home/airflow/.local/lib/python3.12/site-packages/airflow/example_dags/tutorial_objectstorage.py
[2026-06-28T19:06:36.024+0000] {processor.py:840} INFO - DAG(s) 'tutorial_objectstorage' retrieved from /home/airflow/.local/lib/python3.12/site-packages/airflow/example_dags/tutorial_objectstorage.py
[2026-06-28T19:06:36.046+0000] {logging_mixin.py:188} INFO - [2026-06-28T19:06:36.046+0000] {dag.py:3096} INFO - Sync 1 DAGs
[2026-06-28T19:06:36.063+0000] {logging_mixin.py:188} INFO - [2026-06-28T19:06:36.063+0000] {dag.py:3954} INFO - Setting next_dagrun for tutorial_objectstorage to None, run_after=None
[2026-06-28T19:06:36.094+0000] {processor.py:183} INFO - Processing /home/airflow/.local/lib/python3.12/site-packages/airflow/example_dags/tutorial_objectstorage.py took 0.091 seconds
[2026-06-28T19:07:06.534+0000] {processor.py:161} INFO - Started process (PID=5672) to work on /home/airflow/.local/lib/python3.12/site-packages/airflow/example_dags/tutorial_objectstorage.py
[2026-06-28T19:07:06.539+0000] {processor.py:830} INFO - Processing file /home/airflow/.local/lib/python3.12/site-packages/airflow/example_dags/tutorial_objectstorage.py for tasks to queue
[2026-06-28T19:07:06.547+0000] {logging_mixin.py:188} INFO - [2026-06-28T19:07:06.541+0000] {dagbag.py:545} INFO - Filling up the DagBag from /home/airflow/.local/lib/python3.12/site-packages/airflow/example_dags/tutorial_objectstorage.py
[2026-06-28T19:07:06.572+0000] {processor.py:840} INFO - DAG(s) 'tutorial_objectstorage' retrieved from /home/airflow/.local/lib/python3.12/site-packages/airflow/example_dags/tutorial_objectstorage.py
[2026-06-28T19:07:06.642+0000] {logging_mixin.py:188} INFO - [2026-06-28T19:07:06.642+0000] {dag.py:3096} INFO - Sync 1 DAGs
[2026-06-28T19:07:06.692+0000] {logging_mixin.py:188} INFO - [2026-06-28T19:07:06.691+0000] {dag.py:3954} INFO - Setting next_dagrun for tutorial_objectstorage to None, run_after=None
[2026-06-28T19:07:06.743+0000] {processor.py:183} INFO - Processing /home/airflow/.local/lib/python3.12/site-packages/airflow/example_dags/tutorial_objectstorage.py took 0.240 seconds
[2026-06-28T19:07:36.831+0000] {processor.py:161} INFO - Started process (PID=5732) to work on /home/airflow/.local/lib/python3.12/site-packages/airflow/example_dags/tutorial_objectstorage.py
[2026-06-28T19:07:36.832+0000] {processor.py:830} INFO - Processing file /home/airflow/.local/lib/python3.12/site-packages/airflow/example_dags/tutorial_objectstorage.py for tasks to queue
[2026-06-28T19:07:36.833+0000] {logging_mixin.py:188} INFO - [2026-06-28T19:07:36.833+0000] {dagbag.py:545} INFO - Filling up the DagBag from /home/airflow/.local/lib/python3.12/site-packages/airflow/example_dags/tutorial_objectstorage.py
[2026-06-28T19:07:36.839+0000] {processor.py:840} INFO - DAG(s) 'tutorial_objectstorage' retrieved from /home/airflow/.local/lib/python3.12/site-packages/airflow/example_dags/tutorial_objectstorage.py
[2026-06-28T19:07:36.856+0000] {logging_mixin.py:188} INFO - [2026-06-28T19:07:36.856+0000] {dag.py:3096} INFO - Sync 1 DAGs
[2026-06-28T19:07:36.867+0000] {logging_mixin.py:188} INFO - [2026-06-28T19:07:36.867+0000] {dag.py:3954} INFO - Setting next_dagrun for tutorial_objectstorage to None, run_after=None
[2026-06-28T19:07:36.883+0000] {processor.py:183} INFO - Processing /home/airflow/.local/lib/python3.12/site-packages/airflow/example_dags/tutorial_objectstorage.py took 0.057 seconds
[2026-06-28T19:08:07.193+0000] {processor.py:161} INFO - Started process (PID=5790) to work on /home/airflow/.local/lib/python3.12/site-packages/airflow/example_dags/tutorial_objectstorage.py
[2026-06-28T19:08:07.195+0000] {processor.py:830} INFO - Processing file /home/airflow/.local/lib/python3.12/site-packages/airflow/example_dags/tutorial_objectstorage.py for tasks to queue
[2026-06-28T19:08:07.200+0000] {logging_mixin.py:188} INFO - [2026-06-28T19:08:07.199+0000] {dagbag.py:545} INFO - Filling up the DagBag from /home/airflow/.local/lib/python3.12/site-packages/airflow/example_dags/tutorial_objectstorage.py
[2026-06-28T19:08:07.212+0000] {processor.py:840} INFO - DAG(s) 'tutorial_objectstorage' retrieved from /home/airflow/.local/lib/python3.12/site-packages/airflow/example_dags/tutorial_objectstorage.py
[2026-06-28T19:08:07.252+0000] {logging_mixin.py:188} INFO - [2026-06-28T19:08:07.251+0000] {dag.py:3096} INFO - Sync 1 DAGs
[2026-06-28T19:08:07.272+0000] {logging_mixin.py:188} INFO - [2026-06-28T19:08:07.271+0000] {dag.py:3954} INFO - Setting next_dagrun for tutorial_objectstorage to None, run_after=None
[2026-06-28T19:08:07.296+0000] {processor.py:183} INFO - Processing /home/airflow/.local/lib/python3.12/site-packages/airflow/example_dags/tutorial_objectstorage.py took 0.113 seconds
[2026-06-28T19:08:38.068+0000] {processor.py:161} INFO - Started process (PID=5849) to work on /home/airflow/.local/lib/python3.12/site-packages/airflow/example_dags/tutorial_objectstorage.py
[2026-06-28T19:08:38.069+0000] {processor.py:830} INFO - Processing file /home/airflow/.local/lib/python3.12/site-packages/airflow/example_dags/tutorial_objectstorage.py for tasks to queue
[2026-06-28T19:08:38.071+0000] {logging_mixin.py:188} INFO - [2026-06-28T19:08:38.071+0000] {dagbag.py:545} INFO - Filling up the DagBag from /home/airflow/.local/lib/python3.12/site-packages/airflow/example_dags/tutorial_objectstorage.py
[2026-06-28T19:08:38.082+0000] {processor.py:840} INFO - DAG(s) 'tutorial_objectstorage' retrieved from /home/airflow/.local/lib/python3.12/site-packages/airflow/example_dags/tutorial_objectstorage.py
[2026-06-28T19:08:38.104+0000] {logging_mixin.py:188} INFO - [2026-06-28T19:08:38.104+0000] {dag.py:3096} INFO - Sync 1 DAGs
[2026-06-28T19:08:38.123+0000] {logging_mixin.py:188} INFO - [2026-06-28T19:08:38.123+0000] {dag.py:3954} INFO - Setting next_dagrun for tutorial_objectstorage to None, run_after=None
[2026-06-28T19:08:38.154+0000] {processor.py:183} INFO - Processing /home/airflow/.local/lib/python3.12/site-packages/airflow/example_dags/tutorial_objectstorage.py took 0.093 seconds
[2026-06-28T19:09:09.102+0000] {processor.py:161} INFO - Started process (PID=5908) to work on /home/airflow/.local/lib/python3.12/site-packages/airflow/example_dags/tutorial_objectstorage.py
[2026-06-28T19:09:09.105+0000] {processor.py:830} INFO - Processing file /home/airflow/.local/lib/python3.12/site-packages/airflow/example_dags/tutorial_objectstorage.py for tasks to queue
[2026-06-28T19:09:09.109+0000] {logging_mixin.py:188} INFO - [2026-06-28T19:09:09.109+0000] {dagbag.py:545} INFO - Filling up the DagBag from /home/airflow/.local/lib/python3.12/site-packages/airflow/example_dags/tutorial_objectstorage.py
[2026-06-28T19:09:09.134+0000] {processor.py:840} INFO - DAG(s) 'tutorial_objectstorage' retrieved from /home/airflow/.local/lib/python3.12/site-packages/airflow/example_dags/tutorial_objectstorage.py
[2026-06-28T19:09:09.188+0000] {logging_mixin.py:188} INFO - [2026-06-28T19:09:09.188+0000] {dag.py:3096} INFO - Sync 1 DAGs
[2026-06-28T19:09:09.223+0000] {logging_mixin.py:188} INFO - [2026-06-28T19:09:09.223+0000] {dag.py:3954} INFO - Setting next_dagrun for tutorial_objectstorage to None, run_after=None
[2026-06-28T19:09:09.266+0000] {processor.py:183} INFO - Processing /home/airflow/.local/lib/python3.12/site-packages/airflow/example_dags/tutorial_objectstorage.py took 0.196 seconds
[2026-06-28T19:09:39.394+0000] {processor.py:161} INFO - Started process (PID=5966) to work on /home/airflow/.local/lib/python3.12/site-packages/airflow/example_dags/tutorial_objectstorage.py
[2026-06-28T19:09:39.395+0000] {processor.py:830} INFO - Processing file /home/airflow/.local/lib/python3.12/site-packages/airflow/example_dags/tutorial_objectstorage.py for tasks to queue
[2026-06-28T19:09:39.399+0000] {logging_mixin.py:188} INFO - [2026-06-28T19:09:39.399+0000] {dagbag.py:545} INFO - Filling up the DagBag from /home/airflow/.local/lib/python3.12/site-packages/airflow/example_dags/tutorial_objectstorage.py
[2026-06-28T19:09:39.417+0000] {processor.py:840} INFO - DAG(s) 'tutorial_objectstorage' retrieved from /home/airflow/.local/lib/python3.12/site-packages/airflow/example_dags/tutorial_objectstorage.py
[2026-06-28T19:09:39.468+0000] {logging_mixin.py:188} INFO - [2026-06-28T19:09:39.468+0000] {dag.py:3096} INFO - Sync 1 DAGs
[2026-06-28T19:09:39.508+0000] {logging_mixin.py:188} INFO - [2026-06-28T19:09:39.507+0000] {dag.py:3954} INFO - Setting next_dagrun for tutorial_objectstorage to None, run_after=None
[2026-06-28T19:09:39.568+0000] {processor.py:183} INFO - Processing /home/airflow/.local/lib/python3.12/site-packages/airflow/example_dags/tutorial_objectstorage.py took 0.192 seconds
[2026-06-28T19:10:09.688+0000] {processor.py:161} INFO - Started process (PID=6025) to work on /home/airflow/.local/lib/python3.12/site-packages/airflow/example_dags/tutorial_objectstorage.py
[2026-06-28T19:10:09.689+0000] {processor.py:830} INFO - Processing file /home/airflow/.local/lib/python3.12/site-packages/airflow/example_dags/tutorial_objectstorage.py for tasks to queue
[2026-06-28T19:10:09.691+0000] {logging_mixin.py:188} INFO - [2026-06-28T19:10:09.690+0000] {dagbag.py:545} INFO - Filling up the DagBag from /home/airflow/.local/lib/python3.12/site-packages/airflow/example_dags/tutorial_objectstorage.py
[2026-06-28T19:10:09.699+0000] {processor.py:840} INFO - DAG(s) 'tutorial_objectstorage' retrieved from /home/airflow/.local/lib/python3.12/site-packages/airflow/example_dags/tutorial_objectstorage.py
[2026-06-28T19:10:09.718+0000] {logging_mixin.py:188} INFO - [2026-06-28T19:10:09.718+0000] {dag.py:3096} INFO - Sync 1 DAGs
[2026-06-28T19:10:09.731+0000] {logging_mixin.py:188} INFO - [2026-06-28T19:10:09.730+0000] {dag.py:3954} INFO - Setting next_dagrun for tutorial_objectstorage to None, run_after=None
[2026-06-28T19:10:09.747+0000] {processor.py:183} INFO - Processing /home/airflow/.local/lib/python3.12/site-packages/airflow/example_dags/tutorial_objectstorage.py took 0.064 seconds
[2026-06-28T19:10:39.862+0000] {processor.py:161} INFO - Started process (PID=6084) to work on /home/airflow/.local/lib/python3.12/site-packages/airflow/example_dags/tutorial_objectstorage.py
[2026-06-28T19:10:39.863+0000] {processor.py:830} INFO - Processing file /home/airflow/.local/lib/python3.12/site-packages/airflow/example_dags/tutorial_objectstorage.py for tasks to queue
[2026-06-28T19:10:39.865+0000] {logging_mixin.py:188} INFO - [2026-06-28T19:10:39.865+0000] {dagbag.py:545} INFO - Filling up the DagBag from /home/airflow/.local/lib/python3.12/site-packages/airflow/example_dags/tutorial_objectstorage.py
[2026-06-28T19:10:39.874+0000] {processor.py:840} INFO - DAG(s) 'tutorial_objectstorage' retrieved from /home/airflow/.local/lib/python3.12/site-packages/airflow/example_dags/tutorial_objectstorage.py
[2026-06-28T19:10:39.898+0000] {logging_mixin.py:188} INFO - [2026-06-28T19:10:39.898+0000] {dag.py:3096} INFO - Sync 1 DAGs
[2026-06-28T19:10:39.919+0000] {logging_mixin.py:188} INFO - [2026-06-28T19:10:39.919+0000] {dag.py:3954} INFO - Setting next_dagrun for tutorial_objectstorage to None, run_after=None
[2026-06-28T19:10:39.955+0000] {processor.py:183} INFO - Processing /home/airflow/.local/lib/python3.12/site-packages/airflow/example_dags/tutorial_objectstorage.py took 0.100 seconds
[2026-06-28T19:11:10.143+0000] {processor.py:161} INFO - Started process (PID=6142) to work on /home/airflow/.local/lib/python3.12/site-packages/airflow/example_dags/tutorial_objectstorage.py
[2026-06-28T19:11:10.144+0000] {processor.py:830} INFO - Processing file /home/airflow/.local/lib/python3.12/site-packages/airflow/example_dags/tutorial_objectstorage.py for tasks to queue
[2026-06-28T19:11:10.147+0000] {logging_mixin.py:188} INFO - [2026-06-28T19:11:10.147+0000] {dagbag.py:545} INFO - Filling up the DagBag from /home/airflow/.local/lib/python3.12/site-packages/airflow/example_dags/tutorial_objectstorage.py
[2026-06-28T19:11:10.162+0000] {processor.py:840} INFO - DAG(s) 'tutorial_objectstorage' retrieved from /home/airflow/.local/lib/python3.12/site-packages/airflow/example_dags/tutorial_objectstorage.py
[2026-06-28T19:11:10.198+0000] {logging_mixin.py:188} INFO - [2026-06-28T19:11:10.198+0000] {dag.py:3096} INFO - Sync 1 DAGs
[2026-06-28T19:11:10.232+0000] {logging_mixin.py:188} INFO - [2026-06-28T19:11:10.232+0000] {dag.py:3954} INFO - Setting next_dagrun for tutorial_objectstorage to None, run_after=None
[2026-06-28T19:11:10.282+0000] {processor.py:183} INFO - Processing /home/airflow/.local/lib/python3.12/site-packages/airflow/example_dags/tutorial_objectstorage.py took 0.150 seconds
[2026-06-28T19:11:40.391+0000] {processor.py:161} INFO - Started process (PID=6200) to work on /home/airflow/.local/lib/python3.12/site-packages/airflow/example_dags/tutorial_objectstorage.py
[2026-06-28T19:11:40.407+0000] {processor.py:830} INFO - Processing file /home/airflow/.local/lib/python3.12/site-packages/airflow/example_dags/tutorial_objectstorage.py for tasks to queue
[2026-06-28T19:11:40.411+0000] {logging_mixin.py:188} INFO - [2026-06-28T19:11:40.410+0000] {dagbag.py:545} INFO - Filling up the DagBag from /home/airflow/.local/lib/python3.12/site-packages/airflow/example_dags/tutorial_objectstorage.py
[2026-06-28T19:11:40.438+0000] {processor.py:840} INFO - DAG(s) 'tutorial_objectstorage' retrieved from /home/airflow/.local/lib/python3.12/site-packages/airflow/example_dags/tutorial_objectstorage.py
[2026-06-28T19:11:40.492+0000] {logging_mixin.py:188} INFO - [2026-06-28T19:11:40.492+0000] {dag.py:3096} INFO - Sync 1 DAGs
[2026-06-28T19:11:40.510+0000] {logging_mixin.py:188} INFO - [2026-06-28T19:11:40.509+0000] {dag.py:3954} INFO - Setting next_dagrun for tutorial_objectstorage to None, run_after=None
[2026-06-28T19:11:40.527+0000] {processor.py:183} INFO - Processing /home/airflow/.local/lib/python3.12/site-packages/airflow/example_dags/tutorial_objectstorage.py took 0.161 seconds
[2026-06-28T19:12:11.699+0000] {processor.py:161} INFO - Started process (PID=6259) to work on /home/airflow/.local/lib/python3.12/site-packages/airflow/example_dags/tutorial_objectstorage.py
[2026-06-28T19:12:11.716+0000] {processor.py:830} INFO - Processing file /home/airflow/.local/lib/python3.12/site-packages/airflow/example_dags/tutorial_objectstorage.py for tasks to queue
[2026-06-28T19:12:11.719+0000] {logging_mixin.py:188} INFO - [2026-06-28T19:12:11.719+0000] {dagbag.py:545} INFO - Filling up the DagBag from /home/airflow/.local/lib/python3.12/site-packages/airflow/example_dags/tutorial_objectstorage.py
[2026-06-28T19:12:11.730+0000] {processor.py:840} INFO - DAG(s) 'tutorial_objectstorage' retrieved from /home/airflow/.local/lib/python3.12/site-packages/airflow/example_dags/tutorial_objectstorage.py
[2026-06-28T19:12:11.755+0000] {logging_mixin.py:188} INFO - [2026-06-28T19:12:11.755+0000] {dag.py:3096} INFO - Sync 1 DAGs
[2026-06-28T19:12:11.774+0000] {logging_mixin.py:188} INFO - [2026-06-28T19:12:11.773+0000] {dag.py:3954} INFO - Setting next_dagrun for tutorial_objectstorage to None, run_after=None
[2026-06-28T19:12:11.802+0000] {processor.py:183} INFO - Processing /home/airflow/.local/lib/python3.12/site-packages/airflow/example_dags/tutorial_objectstorage.py took 0.111 seconds
[2026-06-28T19:12:43.022+0000] {processor.py:161} INFO - Started process (PID=6319) to work on /home/airflow/.local/lib/python3.12/site-packages/airflow/example_dags/tutorial_objectstorage.py
[2026-06-28T19:12:43.025+0000] {processor.py:830} INFO - Processing file /home/airflow/.local/lib/python3.12/site-packages/airflow/example_dags/tutorial_objectstorage.py for tasks to queue
[2026-06-28T19:12:43.028+0000] {logging_mixin.py:188} INFO - [2026-06-28T19:12:43.027+0000] {dagbag.py:545} INFO - Filling up the DagBag from /home/airflow/.local/lib/python3.12/site-packages/airflow/example_dags/tutorial_objectstorage.py
[2026-06-28T19:12:43.045+0000] {processor.py:840} INFO - DAG(s) 'tutorial_objectstorage' retrieved from /home/airflow/.local/lib/python3.12/site-packages/airflow/example_dags/tutorial_objectstorage.py
[2026-06-28T19:12:43.117+0000] {logging_mixin.py:188} INFO - [2026-06-28T19:12:43.117+0000] {dag.py:3096} INFO - Sync 1 DAGs
[2026-06-28T19:12:43.156+0000] {logging_mixin.py:188} INFO - [2026-06-28T19:12:43.156+0000] {dag.py:3954} INFO - Setting next_dagrun for tutorial_objectstorage to None, run_after=None
[2026-06-28T19:12:43.254+0000] {processor.py:183} INFO - Processing /home/airflow/.local/lib/python3.12/site-packages/airflow/example_dags/tutorial_objectstorage.py took 0.271 seconds
[2026-06-28T19:13:13.603+0000] {processor.py:161} INFO - Started process (PID=6378) to work on /home/airflow/.local/lib/python3.12/site-packages/airflow/example_dags/tutorial_objectstorage.py
[2026-06-28T19:13:13.605+0000] {processor.py:830} INFO - Processing file /home/airflow/.local/lib/python3.12/site-packages/airflow/example_dags/tutorial_objectstorage.py for tasks to queue
[2026-06-28T19:13:13.607+0000] {logging_mixin.py:188} INFO - [2026-06-28T19:13:13.607+0000] {dagbag.py:545} INFO - Filling up the DagBag from /home/airflow/.local/lib/python3.12/site-packages/airflow/example_dags/tutorial_objectstorage.py
[2026-06-28T19:13:13.620+0000] {processor.py:840} INFO - DAG(s) 'tutorial_objectstorage' retrieved from /home/airflow/.local/lib/python3.12/site-packages/airflow/example_dags/tutorial_objectstorage.py
[2026-06-28T19:13:13.680+0000] {logging_mixin.py:188} INFO - [2026-06-28T19:13:13.679+0000] {dag.py:3096} INFO - Sync 1 DAGs
[2026-06-28T19:13:13.707+0000] {logging_mixin.py:188} INFO - [2026-06-28T19:13:13.707+0000] {dag.py:3954} INFO - Setting next_dagrun for tutorial_objectstorage to None, run_after=None
[2026-06-28T19:13:13.753+0000] {processor.py:183} INFO - Processing /home/airflow/.local/lib/python3.12/site-packages/airflow/example_dags/tutorial_objectstorage.py took 0.162 seconds
[2026-06-28T19:13:44.036+0000] {processor.py:161} INFO - Started process (PID=6437) to work on /home/airflow/.local/lib/python3.12/site-packages/airflow/example_dags/tutorial_objectstorage.py
[2026-06-28T19:13:44.036+0000] {processor.py:830} INFO - Processing file /home/airflow/.local/lib/python3.12/site-packages/airflow/example_dags/tutorial_objectstorage.py for tasks to queue
[2026-06-28T19:13:44.038+0000] {logging_mixin.py:188} INFO - [2026-06-28T19:13:44.038+0000] {dagbag.py:545} INFO - Filling up the DagBag from /home/airflow/.local/lib/python3.12/site-packages/airflow/example_dags/tutorial_objectstorage.py
[2026-06-28T19:13:44.055+0000] {processor.py:840} INFO - DAG(s) 'tutorial_objectstorage' retrieved from /home/airflow/.local/lib/python3.12/site-packages/airflow/example_dags/tutorial_objectstorage.py
[2026-06-28T19:13:44.083+0000] {logging_mixin.py:188} INFO - [2026-06-28T19:13:44.083+0000] {dag.py:3096} INFO - Sync 1 DAGs
[2026-06-28T19:13:44.104+0000] {logging_mixin.py:188} INFO - [2026-06-28T19:13:44.103+0000] {dag.py:3954} INFO - Setting next_dagrun for tutorial_objectstorage to None, run_after=None
[2026-06-28T19:13:44.125+0000] {processor.py:183} INFO - Processing /home/airflow/.local/lib/python3.12/site-packages/airflow/example_dags/tutorial_objectstorage.py took 0.097 seconds
[2026-06-28T19:14:15.118+0000] {processor.py:161} INFO - Started process (PID=6496) to work on /home/airflow/.local/lib/python3.12/site-packages/airflow/example_dags/tutorial_objectstorage.py
[2026-06-28T19:14:15.134+0000] {processor.py:830} INFO - Processing file /home/airflow/.local/lib/python3.12/site-packages/airflow/example_dags/tutorial_objectstorage.py for tasks to queue
[2026-06-28T19:14:15.136+0000] {logging_mixin.py:188} INFO - [2026-06-28T19:14:15.135+0000] {dagbag.py:545} INFO - Filling up the DagBag from /home/airflow/.local/lib/python3.12/site-packages/airflow/example_dags/tutorial_objectstorage.py
[2026-06-28T19:14:15.158+0000] {processor.py:840} INFO - DAG(s) 'tutorial_objectstorage' retrieved from /home/airflow/.local/lib/python3.12/site-packages/airflow/example_dags/tutorial_objectstorage.py
[2026-06-28T19:14:15.209+0000] {logging_mixin.py:188} INFO - [2026-06-28T19:14:15.209+0000] {dag.py:3096} INFO - Sync 1 DAGs
[2026-06-28T19:14:15.578+0000] {logging_mixin.py:188} INFO - [2026-06-28T19:14:15.578+0000] {dag.py:3954} INFO - Setting next_dagrun for tutorial_objectstorage to None, run_after=None
[2026-06-28T19:14:15.604+0000] {processor.py:183} INFO - Processing /home/airflow/.local/lib/python3.12/site-packages/airflow/example_dags/tutorial_objectstorage.py took 0.493 seconds
[2026-06-28T19:14:45.824+0000] {processor.py:161} INFO - Started process (PID=6554) to work on /home/airflow/.local/lib/python3.12/site-packages/airflow/example_dags/tutorial_objectstorage.py
[2026-06-28T19:14:45.825+0000] {processor.py:830} INFO - Processing file /home/airflow/.local/lib/python3.12/site-packages/airflow/example_dags/tutorial_objectstorage.py for tasks to queue
[2026-06-28T19:14:45.827+0000] {logging_mixin.py:188} INFO - [2026-06-28T19:14:45.827+0000] {dagbag.py:545} INFO - Filling up the DagBag from /home/airflow/.local/lib/python3.12/site-packages/airflow/example_dags/tutorial_objectstorage.py
[2026-06-28T19:14:45.837+0000] {processor.py:840} INFO - DAG(s) 'tutorial_objectstorage' retrieved from /home/airflow/.local/lib/python3.12/site-packages/airflow/example_dags/tutorial_objectstorage.py
[2026-06-28T19:14:45.862+0000] {logging_mixin.py:188} INFO - [2026-06-28T19:14:45.861+0000] {dag.py:3096} INFO - Sync 1 DAGs
[2026-06-28T19:14:45.878+0000] {logging_mixin.py:188} INFO - [2026-06-28T19:14:45.878+0000] {dag.py:3954} INFO - Setting next_dagrun for tutorial_objectstorage to None, run_after=None
[2026-06-28T19:14:45.905+0000] {processor.py:183} INFO - Processing /home/airflow/.local/lib/python3.12/site-packages/airflow/example_dags/tutorial_objectstorage.py took 0.088 seconds
[2026-06-28T19:15:16.098+0000] {processor.py:161} INFO - Started process (PID=6612) to work on /home/airflow/.local/lib/python3.12/site-packages/airflow/example_dags/tutorial_objectstorage.py
[2026-06-28T19:15:16.106+0000] {processor.py:830} INFO - Processing file /home/airflow/.local/lib/python3.12/site-packages/airflow/example_dags/tutorial_objectstorage.py for tasks to queue
[2026-06-28T19:15:16.109+0000] {logging_mixin.py:188} INFO - [2026-06-28T19:15:16.108+0000] {dagbag.py:545} INFO - Filling up the DagBag from /home/airflow/.local/lib/python3.12/site-packages/airflow/example_dags/tutorial_objectstorage.py
[2026-06-28T19:15:16.122+0000] {processor.py:840} INFO - DAG(s) 'tutorial_objectstorage' retrieved from /home/airflow/.local/lib/python3.12/site-packages/airflow/example_dags/tutorial_objectstorage.py
[2026-06-28T19:15:16.168+0000] {logging_mixin.py:188} INFO - [2026-06-28T19:15:16.168+0000] {dag.py:3096} INFO - Sync 1 DAGs
[2026-06-28T19:15:16.190+0000] {logging_mixin.py:188} INFO - [2026-06-28T19:15:16.189+0000] {dag.py:3954} INFO - Setting next_dagrun for tutorial_objectstorage to None, run_after=None
[2026-06-28T19:15:16.231+0000] {processor.py:183} INFO - Processing /home/airflow/.local/lib/python3.12/site-packages/airflow/example_dags/tutorial_objectstorage.py took 0.143 seconds
[2026-06-28T19:15:46.342+0000] {processor.py:161} INFO - Started process (PID=6670) to work on /home/airflow/.local/lib/python3.12/site-packages/airflow/example_dags/tutorial_objectstorage.py
[2026-06-28T19:15:46.344+0000] {processor.py:830} INFO - Processing file /home/airflow/.local/lib/python3.12/site-packages/airflow/example_dags/tutorial_objectstorage.py for tasks to queue
[2026-06-28T19:15:46.346+0000] {logging_mixin.py:188} INFO - [2026-06-28T19:15:46.346+0000] {dagbag.py:545} INFO - Filling up the DagBag from /home/airflow/.local/lib/python3.12/site-packages/airflow/example_dags/tutorial_objectstorage.py
[2026-06-28T19:15:46.353+0000] {processor.py:840} INFO - DAG(s) 'tutorial_objectstorage' retrieved from /home/airflow/.local/lib/python3.12/site-packages/airflow/example_dags/tutorial_objectstorage.py
[2026-06-28T19:15:46.370+0000] {logging_mixin.py:188} INFO - [2026-06-28T19:15:46.370+0000] {dag.py:3096} INFO - Sync 1 DAGs
[2026-06-28T19:15:46.381+0000] {logging_mixin.py:188} INFO - [2026-06-28T19:15:46.381+0000] {dag.py:3954} INFO - Setting next_dagrun for tutorial_objectstorage to None, run_after=None
[2026-06-28T19:15:46.400+0000] {processor.py:183} INFO - Processing /home/airflow/.local/lib/python3.12/site-packages/airflow/example_dags/tutorial_objectstorage.py took 0.064 seconds
[2026-06-28T19:16:16.832+0000] {processor.py:161} INFO - Started process (PID=6729) to work on /home/airflow/.local/lib/python3.12/site-packages/airflow/example_dags/tutorial_objectstorage.py
[2026-06-28T19:16:16.833+0000] {processor.py:830} INFO - Processing file /home/airflow/.local/lib/python3.12/site-packages/airflow/example_dags/tutorial_objectstorage.py for tasks to queue
[2026-06-28T19:16:16.835+0000] {logging_mixin.py:188} INFO - [2026-06-28T19:16:16.835+0000] {dagbag.py:545} INFO - Filling up the DagBag from /home/airflow/.local/lib/python3.12/site-packages/airflow/example_dags/tutorial_objectstorage.py
[2026-06-28T19:16:16.853+0000] {processor.py:840} INFO - DAG(s) 'tutorial_objectstorage' retrieved from /home/airflow/.local/lib/python3.12/site-packages/airflow/example_dags/tutorial_objectstorage.py
[2026-06-28T19:16:16.889+0000] {logging_mixin.py:188} INFO - [2026-06-28T19:16:16.888+0000] {dag.py:3096} INFO - Sync 1 DAGs
[2026-06-28T19:16:16.906+0000] {logging_mixin.py:188} INFO - [2026-06-28T19:16:16.906+0000] {dag.py:3954} INFO - Setting next_dagrun for tutorial_objectstorage to None, run_after=None
[2026-06-28T19:16:16.933+0000] {processor.py:183} INFO - Processing /home/airflow/.local/lib/python3.12/site-packages/airflow/example_dags/tutorial_objectstorage.py took 0.108 seconds
[2026-06-28T19:16:47.924+0000] {processor.py:161} INFO - Started process (PID=6789) to work on /home/airflow/.local/lib/python3.12/site-packages/airflow/example_dags/tutorial_objectstorage.py
[2026-06-28T19:16:47.929+0000] {processor.py:830} INFO - Processing file /home/airflow/.local/lib/python3.12/site-packages/airflow/example_dags/tutorial_objectstorage.py for tasks to queue
[2026-06-28T19:16:47.931+0000] {logging_mixin.py:188} INFO - [2026-06-28T19:16:47.931+0000] {dagbag.py:545} INFO - Filling up the DagBag from /home/airflow/.local/lib/python3.12/site-packages/airflow/example_dags/tutorial_objectstorage.py
[2026-06-28T19:16:47.938+0000] {processor.py:840} INFO - DAG(s) 'tutorial_objectstorage' retrieved from /home/airflow/.local/lib/python3.12/site-packages/airflow/example_dags/tutorial_objectstorage.py
[2026-06-28T19:16:47.956+0000] {logging_mixin.py:188} INFO - [2026-06-28T19:16:47.956+0000] {dag.py:3096} INFO - Sync 1 DAGs
[2026-06-28T19:16:47.973+0000] {logging_mixin.py:188} INFO - [2026-06-28T19:16:47.972+0000] {dag.py:3954} INFO - Setting next_dagrun for tutorial_objectstorage to None, run_after=None
[2026-06-28T19:16:48.011+0000] {processor.py:183} INFO - Processing /home/airflow/.local/lib/python3.12/site-packages/airflow/example_dags/tutorial_objectstorage.py took 0.092 seconds
[2026-06-28T19:17:18.374+0000] {processor.py:161} INFO - Started process (PID=6848) to work on /home/airflow/.local/lib/python3.12/site-packages/airflow/example_dags/tutorial_objectstorage.py
[2026-06-28T19:17:18.379+0000] {processor.py:830} INFO - Processing file /home/airflow/.local/lib/python3.12/site-packages/airflow/example_dags/tutorial_objectstorage.py for tasks to queue
[2026-06-28T19:17:18.381+0000] {logging_mixin.py:188} INFO - [2026-06-28T19:17:18.380+0000] {dagbag.py:545} INFO - Filling up the DagBag from /home/airflow/.local/lib/python3.12/site-packages/airflow/example_dags/tutorial_objectstorage.py
[2026-06-28T19:17:18.407+0000] {processor.py:840} INFO - DAG(s) 'tutorial_objectstorage' retrieved from /home/airflow/.local/lib/python3.12/site-packages/airflow/example_dags/tutorial_objectstorage.py
[2026-06-28T19:17:18.476+0000] {logging_mixin.py:188} INFO - [2026-06-28T19:17:18.476+0000] {dag.py:3096} INFO - Sync 1 DAGs
[2026-06-28T19:17:18.522+0000] {logging_mixin.py:188} INFO - [2026-06-28T19:17:18.521+0000] {dag.py:3954} INFO - Setting next_dagrun for tutorial_objectstorage to None, run_after=None
[2026-06-28T19:17:18.551+0000] {processor.py:183} INFO - Processing /home/airflow/.local/lib/python3.12/site-packages/airflow/example_dags/tutorial_objectstorage.py took 0.198 seconds
[2026-06-28T19:17:49.119+0000] {processor.py:161} INFO - Started process (PID=6906) to work on /home/airflow/.local/lib/python3.12/site-packages/airflow/example_dags/tutorial_objectstorage.py
[2026-06-28T19:17:49.120+0000] {processor.py:830} INFO - Processing file /home/airflow/.local/lib/python3.12/site-packages/airflow/example_dags/tutorial_objectstorage.py for tasks to queue
[2026-06-28T19:17:49.122+0000] {logging_mixin.py:188} INFO - [2026-06-28T19:17:49.122+0000] {dagbag.py:545} INFO - Filling up the DagBag from /home/airflow/.local/lib/python3.12/site-packages/airflow/example_dags/tutorial_objectstorage.py
[2026-06-28T19:17:49.133+0000] {processor.py:840} INFO - DAG(s) 'tutorial_objectstorage' retrieved from /home/airflow/.local/lib/python3.12/site-packages/airflow/example_dags/tutorial_objectstorage.py
[2026-06-28T19:17:49.158+0000] {logging_mixin.py:188} INFO - [2026-06-28T19:17:49.158+0000] {dag.py:3096} INFO - Sync 1 DAGs
[2026-06-28T19:17:49.177+0000] {logging_mixin.py:188} INFO - [2026-06-28T19:17:49.177+0000] {dag.py:3954} INFO - Setting next_dagrun for tutorial_objectstorage to None, run_after=None
[2026-06-28T19:17:49.199+0000] {processor.py:183} INFO - Processing /home/airflow/.local/lib/python3.12/site-packages/airflow/example_dags/tutorial_objectstorage.py took 0.087 seconds
[2026-06-28T19:18:20.180+0000] {processor.py:161} INFO - Started process (PID=6965) to work on /home/airflow/.local/lib/python3.12/site-packages/airflow/example_dags/tutorial_objectstorage.py
[2026-06-28T19:18:20.200+0000] {processor.py:830} INFO - Processing file /home/airflow/.local/lib/python3.12/site-packages/airflow/example_dags/tutorial_objectstorage.py for tasks to queue
[2026-06-28T19:18:20.209+0000] {logging_mixin.py:188} INFO - [2026-06-28T19:18:20.207+0000] {dagbag.py:545} INFO - Filling up the DagBag from /home/airflow/.local/lib/python3.12/site-packages/airflow/example_dags/tutorial_objectstorage.py
[2026-06-28T19:18:20.234+0000] {processor.py:840} INFO - DAG(s) 'tutorial_objectstorage' retrieved from /home/airflow/.local/lib/python3.12/site-packages/airflow/example_dags/tutorial_objectstorage.py
[2026-06-28T19:18:20.273+0000] {logging_mixin.py:188} INFO - [2026-06-28T19:18:20.273+0000] {dag.py:3096} INFO - Sync 1 DAGs
[2026-06-28T19:18:20.301+0000] {logging_mixin.py:188} INFO - [2026-06-28T19:18:20.301+0000] {dag.py:3954} INFO - Setting next_dagrun for tutorial_objectstorage to None, run_after=None
[2026-06-28T19:18:20.338+0000] {processor.py:183} INFO - Processing /home/airflow/.local/lib/python3.12/site-packages/airflow/example_dags/tutorial_objectstorage.py took 0.185 seconds
[2026-06-28T19:18:51.354+0000] {processor.py:161} INFO - Started process (PID=7022) to work on /home/airflow/.local/lib/python3.12/site-packages/airflow/example_dags/tutorial_objectstorage.py
[2026-06-28T19:18:51.355+0000] {processor.py:830} INFO - Processing file /home/airflow/.local/lib/python3.12/site-packages/airflow/example_dags/tutorial_objectstorage.py for tasks to queue
[2026-06-28T19:18:51.360+0000] {logging_mixin.py:188} INFO - [2026-06-28T19:18:51.360+0000] {dagbag.py:545} INFO - Filling up the DagBag from /home/airflow/.local/lib/python3.12/site-packages/airflow/example_dags/tutorial_objectstorage.py
[2026-06-28T19:18:51.383+0000] {processor.py:840} INFO - DAG(s) 'tutorial_objectstorage' retrieved from /home/airflow/.local/lib/python3.12/site-packages/airflow/example_dags/tutorial_objectstorage.py
[2026-06-28T19:18:51.465+0000] {logging_mixin.py:188} INFO - [2026-06-28T19:18:51.464+0000] {dag.py:3096} INFO - Sync 1 DAGs
[2026-06-28T19:18:51.505+0000] {logging_mixin.py:188} INFO - [2026-06-28T19:18:51.505+0000] {dag.py:3954} INFO - Setting next_dagrun for tutorial_objectstorage to None, run_after=None
[2026-06-28T19:18:51.531+0000] {processor.py:183} INFO - Processing /home/airflow/.local/lib/python3.12/site-packages/airflow/example_dags/tutorial_objectstorage.py took 0.195 seconds
[2026-06-28T19:19:22.112+0000] {processor.py:161} INFO - Started process (PID=7081) to work on /home/airflow/.local/lib/python3.12/site-packages/airflow/example_dags/tutorial_objectstorage.py
[2026-06-28T19:19:22.113+0000] {processor.py:830} INFO - Processing file /home/airflow/.local/lib/python3.12/site-packages/airflow/example_dags/tutorial_objectstorage.py for tasks to queue
[2026-06-28T19:19:22.115+0000] {logging_mixin.py:188} INFO - [2026-06-28T19:19:22.115+0000] {dagbag.py:545} INFO - Filling up the DagBag from /home/airflow/.local/lib/python3.12/site-packages/airflow/example_dags/tutorial_objectstorage.py
[2026-06-28T19:19:22.123+0000] {processor.py:840} INFO - DAG(s) 'tutorial_objectstorage' retrieved from /home/airflow/.local/lib/python3.12/site-packages/airflow/example_dags/tutorial_objectstorage.py
[2026-06-28T19:19:22.150+0000] {logging_mixin.py:188} INFO - [2026-06-28T19:19:22.150+0000] {dag.py:3096} INFO - Sync 1 DAGs
[2026-06-28T19:19:22.186+0000] {logging_mixin.py:188} INFO - [2026-06-28T19:19:22.186+0000] {dag.py:3954} INFO - Setting next_dagrun for tutorial_objectstorage to None, run_after=None
[2026-06-28T19:19:22.212+0000] {processor.py:183} INFO - Processing /home/airflow/.local/lib/python3.12/site-packages/airflow/example_dags/tutorial_objectstorage.py took 0.108 seconds
[2026-06-28T19:19:53.147+0000] {processor.py:161} INFO - Started process (PID=7140) to work on /home/airflow/.local/lib/python3.12/site-packages/airflow/example_dags/tutorial_objectstorage.py
[2026-06-28T19:19:53.148+0000] {processor.py:830} INFO - Processing file /home/airflow/.local/lib/python3.12/site-packages/airflow/example_dags/tutorial_objectstorage.py for tasks to queue
[2026-06-28T19:19:53.150+0000] {logging_mixin.py:188} INFO - [2026-06-28T19:19:53.150+0000] {dagbag.py:545} INFO - Filling up the DagBag from /home/airflow/.local/lib/python3.12/site-packages/airflow/example_dags/tutorial_objectstorage.py
[2026-06-28T19:19:53.161+0000] {processor.py:840} INFO - DAG(s) 'tutorial_objectstorage' retrieved from /home/airflow/.local/lib/python3.12/site-packages/airflow/example_dags/tutorial_objectstorage.py
[2026-06-28T19:19:53.192+0000] {logging_mixin.py:188} INFO - [2026-06-28T19:19:53.192+0000] {dag.py:3096} INFO - Sync 1 DAGs
[2026-06-28T19:19:53.215+0000] {logging_mixin.py:188} INFO - [2026-06-28T19:19:53.215+0000] {dag.py:3954} INFO - Setting next_dagrun for tutorial_objectstorage to None, run_after=None
[2026-06-28T19:19:53.242+0000] {processor.py:183} INFO - Processing /home/airflow/.local/lib/python3.12/site-packages/airflow/example_dags/tutorial_objectstorage.py took 0.111 seconds
[2026-06-28T19:20:23.287+0000] {processor.py:161} INFO - Started process (PID=7199) to work on /home/airflow/.local/lib/python3.12/site-packages/airflow/example_dags/tutorial_objectstorage.py
[2026-06-28T19:20:23.288+0000] {processor.py:830} INFO - Processing file /home/airflow/.local/lib/python3.12/site-packages/airflow/example_dags/tutorial_objectstorage.py for tasks to queue
[2026-06-28T19:20:23.290+0000] {logging_mixin.py:188} INFO - [2026-06-28T19:20:23.290+0000] {dagbag.py:545} INFO - Filling up the DagBag from /home/airflow/.local/lib/python3.12/site-packages/airflow/example_dags/tutorial_objectstorage.py
[2026-06-28T19:20:23.299+0000] {processor.py:840} INFO - DAG(s) 'tutorial_objectstorage' retrieved from /home/airflow/.local/lib/python3.12/site-packages/airflow/example_dags/tutorial_objectstorage.py
[2026-06-28T19:20:23.320+0000] {logging_mixin.py:188} INFO - [2026-06-28T19:20:23.320+0000] {dag.py:3096} INFO - Sync 1 DAGs
[2026-06-28T19:20:23.334+0000] {logging_mixin.py:188} INFO - [2026-06-28T19:20:23.334+0000] {dag.py:3954} INFO - Setting next_dagrun for tutorial_objectstorage to None, run_after=None
[2026-06-28T19:20:23.350+0000] {processor.py:183} INFO - Processing /home/airflow/.local/lib/python3.12/site-packages/airflow/example_dags/tutorial_objectstorage.py took 0.069 seconds
[2026-06-28T19:20:53.704+0000] {processor.py:161} INFO - Started process (PID=7257) to work on /home/airflow/.local/lib/python3.12/site-packages/airflow/example_dags/tutorial_objectstorage.py
[2026-06-28T19:20:53.713+0000] {processor.py:830} INFO - Processing file /home/airflow/.local/lib/python3.12/site-packages/airflow/example_dags/tutorial_objectstorage.py for tasks to queue
[2026-06-28T19:20:53.717+0000] {logging_mixin.py:188} INFO - [2026-06-28T19:20:53.716+0000] {dagbag.py:545} INFO - Filling up the DagBag from /home/airflow/.local/lib/python3.12/site-packages/airflow/example_dags/tutorial_objectstorage.py
[2026-06-28T19:20:53.736+0000] {processor.py:840} INFO - DAG(s) 'tutorial_objectstorage' retrieved from /home/airflow/.local/lib/python3.12/site-packages/airflow/example_dags/tutorial_objectstorage.py
[2026-06-28T19:20:53.770+0000] {logging_mixin.py:188} INFO - [2026-06-28T19:20:53.770+0000] {dag.py:3096} INFO - Sync 1 DAGs
[2026-06-28T19:20:53.789+0000] {logging_mixin.py:188} INFO - [2026-06-28T19:20:53.788+0000] {dag.py:3954} INFO - Setting next_dagrun for tutorial_objectstorage to None, run_after=None
[2026-06-28T19:20:53.829+0000] {processor.py:183} INFO - Processing /home/airflow/.local/lib/python3.12/site-packages/airflow/example_dags/tutorial_objectstorage.py took 0.133 seconds
[2026-06-28T19:21:24.551+0000] {processor.py:161} INFO - Started process (PID=7316) to work on /home/airflow/.local/lib/python3.12/site-packages/airflow/example_dags/tutorial_objectstorage.py
[2026-06-28T19:21:24.554+0000] {processor.py:830} INFO - Processing file /home/airflow/.local/lib/python3.12/site-packages/airflow/example_dags/tutorial_objectstorage.py for tasks to queue
[2026-06-28T19:21:24.560+0000] {logging_mixin.py:188} INFO - [2026-06-28T19:21:24.560+0000] {dagbag.py:545} INFO - Filling up the DagBag from /home/airflow/.local/lib/python3.12/site-packages/airflow/example_dags/tutorial_objectstorage.py
[2026-06-28T19:21:24.582+0000] {processor.py:840} INFO - DAG(s) 'tutorial_objectstorage' retrieved from /home/airflow/.local/lib/python3.12/site-packages/airflow/example_dags/tutorial_objectstorage.py
[2026-06-28T19:21:24.650+0000] {logging_mixin.py:188} INFO - [2026-06-28T19:21:24.650+0000] {dag.py:3096} INFO - Sync 1 DAGs
[2026-06-28T19:21:24.689+0000] {logging_mixin.py:188} INFO - [2026-06-28T19:21:24.689+0000] {dag.py:3954} INFO - Setting next_dagrun for tutorial_objectstorage to None, run_after=None
[2026-06-28T19:21:24.759+0000] {processor.py:183} INFO - Processing /home/airflow/.local/lib/python3.12/site-packages/airflow/example_dags/tutorial_objectstorage.py took 0.229 seconds
[2026-06-28T19:21:54.810+0000] {processor.py:161} INFO - Started process (PID=7375) to work on /home/airflow/.local/lib/python3.12/site-packages/airflow/example_dags/tutorial_objectstorage.py
[2026-06-28T19:21:54.812+0000] {processor.py:830} INFO - Processing file /home/airflow/.local/lib/python3.12/site-packages/airflow/example_dags/tutorial_objectstorage.py for tasks to queue
[2026-06-28T19:21:54.814+0000] {logging_mixin.py:188} INFO - [2026-06-28T19:21:54.814+0000] {dagbag.py:545} INFO - Filling up the DagBag from /home/airflow/.local/lib/python3.12/site-packages/airflow/example_dags/tutorial_objectstorage.py
[2026-06-28T19:21:54.824+0000] {processor.py:840} INFO - DAG(s) 'tutorial_objectstorage' retrieved from /home/airflow/.local/lib/python3.12/site-packages/airflow/example_dags/tutorial_objectstorage.py
[2026-06-28T19:21:54.851+0000] {logging_mixin.py:188} INFO - [2026-06-28T19:21:54.850+0000] {dag.py:3096} INFO - Sync 1 DAGs
[2026-06-28T19:21:54.868+0000] {logging_mixin.py:188} INFO - [2026-06-28T19:21:54.868+0000] {dag.py:3954} INFO - Setting next_dagrun for tutorial_objectstorage to None, run_after=None
[2026-06-28T19:21:54.890+0000] {processor.py:183} INFO - Processing /home/airflow/.local/lib/python3.12/site-packages/airflow/example_dags/tutorial_objectstorage.py took 0.088 seconds
[2026-06-28T19:22:25.571+0000] {processor.py:161} INFO - Started process (PID=7434) to work on /home/airflow/.local/lib/python3.12/site-packages/airflow/example_dags/tutorial_objectstorage.py
[2026-06-28T19:22:25.576+0000] {processor.py:830} INFO - Processing file /home/airflow/.local/lib/python3.12/site-packages/airflow/example_dags/tutorial_objectstorage.py for tasks to queue
[2026-06-28T19:22:25.578+0000] {logging_mixin.py:188} INFO - [2026-06-28T19:22:25.577+0000] {dagbag.py:545} INFO - Filling up the DagBag from /home/airflow/.local/lib/python3.12/site-packages/airflow/example_dags/tutorial_objectstorage.py
[2026-06-28T19:22:25.593+0000] {processor.py:840} INFO - DAG(s) 'tutorial_objectstorage' retrieved from /home/airflow/.local/lib/python3.12/site-packages/airflow/example_dags/tutorial_objectstorage.py
[2026-06-28T19:22:25.617+0000] {logging_mixin.py:188} INFO - [2026-06-28T19:22:25.616+0000] {dag.py:3096} INFO - Sync 1 DAGs
[2026-06-28T19:22:25.635+0000] {logging_mixin.py:188} INFO - [2026-06-28T19:22:25.634+0000] {dag.py:3954} INFO - Setting next_dagrun for tutorial_objectstorage to None, run_after=None
[2026-06-28T19:22:25.665+0000] {processor.py:183} INFO - Processing /home/airflow/.local/lib/python3.12/site-packages/airflow/example_dags/tutorial_objectstorage.py took 0.101 seconds
[2026-06-28T19:22:56.014+0000] {processor.py:161} INFO - Started process (PID=7493) to work on /home/airflow/.local/lib/python3.12/site-packages/airflow/example_dags/tutorial_objectstorage.py
[2026-06-28T19:22:56.025+0000] {processor.py:830} INFO - Processing file /home/airflow/.local/lib/python3.12/site-packages/airflow/example_dags/tutorial_objectstorage.py for tasks to queue
[2026-06-28T19:22:56.031+0000] {logging_mixin.py:188} INFO - [2026-06-28T19:22:56.027+0000] {dagbag.py:545} INFO - Filling up the DagBag from /home/airflow/.local/lib/python3.12/site-packages/airflow/example_dags/tutorial_objectstorage.py
[2026-06-28T19:22:56.065+0000] {processor.py:840} INFO - DAG(s) 'tutorial_objectstorage' retrieved from /home/airflow/.local/lib/python3.12/site-packages/airflow/example_dags/tutorial_objectstorage.py
[2026-06-28T19:22:56.120+0000] {logging_mixin.py:188} INFO - [2026-06-28T19:22:56.119+0000] {dag.py:3096} INFO - Sync 1 DAGs
[2026-06-28T19:22:56.159+0000] {logging_mixin.py:188} INFO - [2026-06-28T19:22:56.158+0000] {dag.py:3954} INFO - Setting next_dagrun for tutorial_objectstorage to None, run_after=None
[2026-06-28T19:22:56.185+0000] {processor.py:183} INFO - Processing /home/airflow/.local/lib/python3.12/site-packages/airflow/example_dags/tutorial_objectstorage.py took 0.194 seconds
[2026-06-28T19:23:27.025+0000] {processor.py:161} INFO - Started process (PID=7552) to work on /home/airflow/.local/lib/python3.12/site-packages/airflow/example_dags/tutorial_objectstorage.py
[2026-06-28T19:23:27.033+0000] {processor.py:830} INFO - Processing file /home/airflow/.local/lib/python3.12/site-packages/airflow/example_dags/tutorial_objectstorage.py for tasks to queue
[2026-06-28T19:23:27.039+0000] {logging_mixin.py:188} INFO - [2026-06-28T19:23:27.038+0000] {dagbag.py:545} INFO - Filling up the DagBag from /home/airflow/.local/lib/python3.12/site-packages/airflow/example_dags/tutorial_objectstorage.py
[2026-06-28T19:23:27.054+0000] {processor.py:840} INFO - DAG(s) 'tutorial_objectstorage' retrieved from /home/airflow/.local/lib/python3.12/site-packages/airflow/example_dags/tutorial_objectstorage.py
[2026-06-28T19:23:27.097+0000] {logging_mixin.py:188} INFO - [2026-06-28T19:23:27.096+0000] {dag.py:3096} INFO - Sync 1 DAGs
[2026-06-28T19:23:27.118+0000] {logging_mixin.py:188} INFO - [2026-06-28T19:23:27.118+0000] {dag.py:3954} INFO - Setting next_dagrun for tutorial_objectstorage to None, run_after=None
[2026-06-28T19:23:27.170+0000] {processor.py:183} INFO - Processing /home/airflow/.local/lib/python3.12/site-packages/airflow/example_dags/tutorial_objectstorage.py took 0.161 seconds
[2026-06-28T19:23:57.456+0000] {processor.py:161} INFO - Started process (PID=7611) to work on /home/airflow/.local/lib/python3.12/site-packages/airflow/example_dags/tutorial_objectstorage.py
[2026-06-28T19:23:57.458+0000] {processor.py:830} INFO - Processing file /home/airflow/.local/lib/python3.12/site-packages/airflow/example_dags/tutorial_objectstorage.py for tasks to queue
[2026-06-28T19:23:57.460+0000] {logging_mixin.py:188} INFO - [2026-06-28T19:23:57.460+0000] {dagbag.py:545} INFO - Filling up the DagBag from /home/airflow/.local/lib/python3.12/site-packages/airflow/example_dags/tutorial_objectstorage.py
[2026-06-28T19:23:57.469+0000] {processor.py:840} INFO - DAG(s) 'tutorial_objectstorage' retrieved from /home/airflow/.local/lib/python3.12/site-packages/airflow/example_dags/tutorial_objectstorage.py
[2026-06-28T19:23:57.545+0000] {logging_mixin.py:188} INFO - [2026-06-28T19:23:57.544+0000] {dag.py:3096} INFO - Sync 1 DAGs
[2026-06-28T19:23:57.572+0000] {logging_mixin.py:188} INFO - [2026-06-28T19:23:57.572+0000] {dag.py:3954} INFO - Setting next_dagrun for tutorial_objectstorage to None, run_after=None
[2026-06-28T19:23:57.613+0000] {processor.py:183} INFO - Processing /home/airflow/.local/lib/python3.12/site-packages/airflow/example_dags/tutorial_objectstorage.py took 0.167 seconds
[2026-06-28T19:24:27.989+0000] {processor.py:161} INFO - Started process (PID=7669) to work on /home/airflow/.local/lib/python3.12/site-packages/airflow/example_dags/tutorial_objectstorage.py
[2026-06-28T19:24:27.992+0000] {processor.py:830} INFO - Processing file /home/airflow/.local/lib/python3.12/site-packages/airflow/example_dags/tutorial_objectstorage.py for tasks to queue
[2026-06-28T19:24:27.996+0000] {logging_mixin.py:188} INFO - [2026-06-28T19:24:27.994+0000] {dagbag.py:545} INFO - Filling up the DagBag from /home/airflow/.local/lib/python3.12/site-packages/airflow/example_dags/tutorial_objectstorage.py
[2026-06-28T19:24:28.008+0000] {processor.py:840} INFO - DAG(s) 'tutorial_objectstorage' retrieved from /home/airflow/.local/lib/python3.12/site-packages/airflow/example_dags/tutorial_objectstorage.py
[2026-06-28T19:24:28.039+0000] {logging_mixin.py:188} INFO - [2026-06-28T19:24:28.039+0000] {dag.py:3096} INFO - Sync 1 DAGs
[2026-06-28T19:24:28.056+0000] {logging_mixin.py:188} INFO - [2026-06-28T19:24:28.056+0000] {dag.py:3954} INFO - Setting next_dagrun for tutorial_objectstorage to None, run_after=None
[2026-06-28T19:24:28.082+0000] {processor.py:183} INFO - Processing /home/airflow/.local/lib/python3.12/site-packages/airflow/example_dags/tutorial_objectstorage.py took 0.099 seconds
[2026-06-28T19:24:58.573+0000] {processor.py:161} INFO - Started process (PID=7728) to work on /home/airflow/.local/lib/python3.12/site-packages/airflow/example_dags/tutorial_objectstorage.py
[2026-06-28T19:24:58.574+0000] {processor.py:830} INFO - Processing file /home/airflow/.local/lib/python3.12/site-packages/airflow/example_dags/tutorial_objectstorage.py for tasks to queue
[2026-06-28T19:24:58.580+0000] {logging_mixin.py:188} INFO - [2026-06-28T19:24:58.579+0000] {dagbag.py:545} INFO - Filling up the DagBag from /home/airflow/.local/lib/python3.12/site-packages/airflow/example_dags/tutorial_objectstorage.py
[2026-06-28T19:24:58.595+0000] {processor.py:840} INFO - DAG(s) 'tutorial_objectstorage' retrieved from /home/airflow/.local/lib/python3.12/site-packages/airflow/example_dags/tutorial_objectstorage.py
[2026-06-28T19:24:58.624+0000] {logging_mixin.py:188} INFO - [2026-06-28T19:24:58.624+0000] {dag.py:3096} INFO - Sync 1 DAGs
[2026-06-28T19:24:58.642+0000] {logging_mixin.py:188} INFO - [2026-06-28T19:24:58.641+0000] {dag.py:3954} INFO - Setting next_dagrun for tutorial_objectstorage to None, run_after=None
[2026-06-28T19:24:58.667+0000] {processor.py:183} INFO - Processing /home/airflow/.local/lib/python3.12/site-packages/airflow/example_dags/tutorial_objectstorage.py took 0.100 seconds
[2026-06-28T19:25:29.213+0000] {processor.py:161} INFO - Started process (PID=7787) to work on /home/airflow/.local/lib/python3.12/site-packages/airflow/example_dags/tutorial_objectstorage.py
[2026-06-28T19:25:29.218+0000] {processor.py:830} INFO - Processing file /home/airflow/.local/lib/python3.12/site-packages/airflow/example_dags/tutorial_objectstorage.py for tasks to queue
[2026-06-28T19:25:29.226+0000] {logging_mixin.py:188} INFO - [2026-06-28T19:25:29.225+0000] {dagbag.py:545} INFO - Filling up the DagBag from /home/airflow/.local/lib/python3.12/site-packages/airflow/example_dags/tutorial_objectstorage.py
[2026-06-28T19:25:29.280+0000] {processor.py:840} INFO - DAG(s) 'tutorial_objectstorage' retrieved from /home/airflow/.local/lib/python3.12/site-packages/airflow/example_dags/tutorial_objectstorage.py
[2026-06-28T19:25:29.351+0000] {logging_mixin.py:188} INFO - [2026-06-28T19:25:29.351+0000] {dag.py:3096} INFO - Sync 1 DAGs
[2026-06-28T19:25:29.377+0000] {logging_mixin.py:188} INFO - [2026-06-28T19:25:29.377+0000] {dag.py:3954} INFO - Setting next_dagrun for tutorial_objectstorage to None, run_after=None
[2026-06-28T19:25:29.434+0000] {processor.py:183} INFO - Processing /home/airflow/.local/lib/python3.12/site-packages/airflow/example_dags/tutorial_objectstorage.py took 0.271 seconds
[2026-06-28T19:25:59.732+0000] {processor.py:161} INFO - Started process (PID=7847) to work on /home/airflow/.local/lib/python3.12/site-packages/airflow/example_dags/tutorial_objectstorage.py
[2026-06-28T19:25:59.734+0000] {processor.py:830} INFO - Processing file /home/airflow/.local/lib/python3.12/site-packages/airflow/example_dags/tutorial_objectstorage.py for tasks to queue
[2026-06-28T19:25:59.736+0000] {logging_mixin.py:188} INFO - [2026-06-28T19:25:59.735+0000] {dagbag.py:545} INFO - Filling up the DagBag from /home/airflow/.local/lib/python3.12/site-packages/airflow/example_dags/tutorial_objectstorage.py
[2026-06-28T19:25:59.750+0000] {processor.py:840} INFO - DAG(s) 'tutorial_objectstorage' retrieved from /home/airflow/.local/lib/python3.12/site-packages/airflow/example_dags/tutorial_objectstorage.py
[2026-06-28T19:25:59.778+0000] {logging_mixin.py:188} INFO - [2026-06-28T19:25:59.778+0000] {dag.py:3096} INFO - Sync 1 DAGs
[2026-06-28T19:25:59.807+0000] {logging_mixin.py:188} INFO - [2026-06-28T19:25:59.807+0000] {dag.py:3954} INFO - Setting next_dagrun for tutorial_objectstorage to None, run_after=None
[2026-06-28T19:25:59.843+0000] {processor.py:183} INFO - Processing /home/airflow/.local/lib/python3.12/site-packages/airflow/example_dags/tutorial_objectstorage.py took 0.119 seconds
[2026-06-28T19:26:30.052+0000] {processor.py:161} INFO - Started process (PID=7903) to work on /home/airflow/.local/lib/python3.12/site-packages/airflow/example_dags/tutorial_objectstorage.py
[2026-06-28T19:26:30.058+0000] {processor.py:830} INFO - Processing file /home/airflow/.local/lib/python3.12/site-packages/airflow/example_dags/tutorial_objectstorage.py for tasks to queue
[2026-06-28T19:26:30.060+0000] {logging_mixin.py:188} INFO - [2026-06-28T19:26:30.059+0000] {dagbag.py:545} INFO - Filling up the DagBag from /home/airflow/.local/lib/python3.12/site-packages/airflow/example_dags/tutorial_objectstorage.py
[2026-06-28T19:26:30.069+0000] {processor.py:840} INFO - DAG(s) 'tutorial_objectstorage' retrieved from /home/airflow/.local/lib/python3.12/site-packages/airflow/example_dags/tutorial_objectstorage.py
[2026-06-28T19:26:30.095+0000] {logging_mixin.py:188} INFO - [2026-06-28T19:26:30.095+0000] {dag.py:3096} INFO - Sync 1 DAGs
[2026-06-28T19:26:30.113+0000] {logging_mixin.py:188} INFO - [2026-06-28T19:26:30.113+0000] {dag.py:3954} INFO - Setting next_dagrun for tutorial_objectstorage to None, run_after=None
[2026-06-28T19:26:30.136+0000] {processor.py:183} INFO - Processing /home/airflow/.local/lib/python3.12/site-packages/airflow/example_dags/tutorial_objectstorage.py took 0.091 seconds
[2026-06-28T19:27:00.861+0000] {processor.py:161} INFO - Started process (PID=7962) to work on /home/airflow/.local/lib/python3.12/site-packages/airflow/example_dags/tutorial_objectstorage.py
[2026-06-28T19:27:00.862+0000] {processor.py:830} INFO - Processing file /home/airflow/.local/lib/python3.12/site-packages/airflow/example_dags/tutorial_objectstorage.py for tasks to queue
[2026-06-28T19:27:00.864+0000] {logging_mixin.py:188} INFO - [2026-06-28T19:27:00.863+0000] {dagbag.py:545} INFO - Filling up the DagBag from /home/airflow/.local/lib/python3.12/site-packages/airflow/example_dags/tutorial_objectstorage.py
[2026-06-28T19:27:00.875+0000] {processor.py:840} INFO - DAG(s) 'tutorial_objectstorage' retrieved from /home/airflow/.local/lib/python3.12/site-packages/airflow/example_dags/tutorial_objectstorage.py
[2026-06-28T19:27:00.917+0000] {logging_mixin.py:188} INFO - [2026-06-28T19:27:00.916+0000] {dag.py:3096} INFO - Sync 1 DAGs
[2026-06-28T19:27:00.934+0000] {logging_mixin.py:188} INFO - [2026-06-28T19:27:00.934+0000] {dag.py:3954} INFO - Setting next_dagrun for tutorial_objectstorage to None, run_after=None
[2026-06-28T19:27:00.963+0000] {processor.py:183} INFO - Processing /home/airflow/.local/lib/python3.12/site-packages/airflow/example_dags/tutorial_objectstorage.py took 0.109 seconds
[2026-06-28T19:27:31.389+0000] {processor.py:161} INFO - Started process (PID=8021) to work on /home/airflow/.local/lib/python3.12/site-packages/airflow/example_dags/tutorial_objectstorage.py
[2026-06-28T19:27:31.395+0000] {processor.py:830} INFO - Processing file /home/airflow/.local/lib/python3.12/site-packages/airflow/example_dags/tutorial_objectstorage.py for tasks to queue
[2026-06-28T19:27:31.399+0000] {logging_mixin.py:188} INFO - [2026-06-28T19:27:31.399+0000] {dagbag.py:545} INFO - Filling up the DagBag from /home/airflow/.local/lib/python3.12/site-packages/airflow/example_dags/tutorial_objectstorage.py
[2026-06-28T19:27:31.417+0000] {processor.py:840} INFO - DAG(s) 'tutorial_objectstorage' retrieved from /home/airflow/.local/lib/python3.12/site-packages/airflow/example_dags/tutorial_objectstorage.py
[2026-06-28T19:27:31.477+0000] {logging_mixin.py:188} INFO - [2026-06-28T19:27:31.476+0000] {dag.py:3096} INFO - Sync 1 DAGs
[2026-06-28T19:27:31.498+0000] {logging_mixin.py:188} INFO - [2026-06-28T19:27:31.498+0000] {dag.py:3954} INFO - Setting next_dagrun for tutorial_objectstorage to None, run_after=None
[2026-06-28T19:27:31.540+0000] {processor.py:183} INFO - Processing /home/airflow/.local/lib/python3.12/site-packages/airflow/example_dags/tutorial_objectstorage.py took 0.176 seconds
[2026-06-28T19:28:01.784+0000] {processor.py:161} INFO - Started process (PID=8080) to work on /home/airflow/.local/lib/python3.12/site-packages/airflow/example_dags/tutorial_objectstorage.py
[2026-06-28T19:28:01.794+0000] {processor.py:830} INFO - Processing file /home/airflow/.local/lib/python3.12/site-packages/airflow/example_dags/tutorial_objectstorage.py for tasks to queue
[2026-06-28T19:28:01.797+0000] {logging_mixin.py:188} INFO - [2026-06-28T19:28:01.797+0000] {dagbag.py:545} INFO - Filling up the DagBag from /home/airflow/.local/lib/python3.12/site-packages/airflow/example_dags/tutorial_objectstorage.py
[2026-06-28T19:28:01.813+0000] {processor.py:840} INFO - DAG(s) 'tutorial_objectstorage' retrieved from /home/airflow/.local/lib/python3.12/site-packages/airflow/example_dags/tutorial_objectstorage.py
[2026-06-28T19:28:01.857+0000] {logging_mixin.py:188} INFO - [2026-06-28T19:28:01.857+0000] {dag.py:3096} INFO - Sync 1 DAGs
[2026-06-28T19:28:01.886+0000] {logging_mixin.py:188} INFO - [2026-06-28T19:28:01.886+0000] {dag.py:3954} INFO - Setting next_dagrun for tutorial_objectstorage to None, run_after=None
[2026-06-28T19:28:01.910+0000] {processor.py:183} INFO - Processing /home/airflow/.local/lib/python3.12/site-packages/airflow/example_dags/tutorial_objectstorage.py took 0.139 seconds
[2026-06-28T19:28:32.148+0000] {processor.py:161} INFO - Started process (PID=8139) to work on /home/airflow/.local/lib/python3.12/site-packages/airflow/example_dags/tutorial_objectstorage.py
[2026-06-28T19:28:32.149+0000] {processor.py:830} INFO - Processing file /home/airflow/.local/lib/python3.12/site-packages/airflow/example_dags/tutorial_objectstorage.py for tasks to queue
[2026-06-28T19:28:32.151+0000] {logging_mixin.py:188} INFO - [2026-06-28T19:28:32.150+0000] {dagbag.py:545} INFO - Filling up the DagBag from /home/airflow/.local/lib/python3.12/site-packages/airflow/example_dags/tutorial_objectstorage.py
[2026-06-28T19:28:32.161+0000] {processor.py:840} INFO - DAG(s) 'tutorial_objectstorage' retrieved from /home/airflow/.local/lib/python3.12/site-packages/airflow/example_dags/tutorial_objectstorage.py
[2026-06-28T19:28:32.200+0000] {logging_mixin.py:188} INFO - [2026-06-28T19:28:32.199+0000] {dag.py:3096} INFO - Sync 1 DAGs
[2026-06-28T19:28:32.230+0000] {logging_mixin.py:188} INFO - [2026-06-28T19:28:32.230+0000] {dag.py:3954} INFO - Setting next_dagrun for tutorial_objectstorage to None, run_after=None
[2026-06-28T19:28:32.271+0000] {processor.py:183} INFO - Processing /home/airflow/.local/lib/python3.12/site-packages/airflow/example_dags/tutorial_objectstorage.py took 0.132 seconds
[2026-06-28T19:29:02.378+0000] {processor.py:161} INFO - Started process (PID=8197) to work on /home/airflow/.local/lib/python3.12/site-packages/airflow/example_dags/tutorial_objectstorage.py
[2026-06-28T19:29:02.380+0000] {processor.py:830} INFO - Processing file /home/airflow/.local/lib/python3.12/site-packages/airflow/example_dags/tutorial_objectstorage.py for tasks to queue
[2026-06-28T19:29:02.382+0000] {logging_mixin.py:188} INFO - [2026-06-28T19:29:02.381+0000] {dagbag.py:545} INFO - Filling up the DagBag from /home/airflow/.local/lib/python3.12/site-packages/airflow/example_dags/tutorial_objectstorage.py
[2026-06-28T19:29:02.390+0000] {processor.py:840} INFO - DAG(s) 'tutorial_objectstorage' retrieved from /home/airflow/.local/lib/python3.12/site-packages/airflow/example_dags/tutorial_objectstorage.py
[2026-06-28T19:29:02.413+0000] {logging_mixin.py:188} INFO - [2026-06-28T19:29:02.413+0000] {dag.py:3096} INFO - Sync 1 DAGs
[2026-06-28T19:29:02.425+0000] {logging_mixin.py:188} INFO - [2026-06-28T19:29:02.425+0000] {dag.py:3954} INFO - Setting next_dagrun for tutorial_objectstorage to None, run_after=None
[2026-06-28T19:29:02.444+0000] {processor.py:183} INFO - Processing /home/airflow/.local/lib/python3.12/site-packages/airflow/example_dags/tutorial_objectstorage.py took 0.072 seconds
[2026-06-28T19:29:32.992+0000] {processor.py:161} INFO - Started process (PID=8257) to work on /home/airflow/.local/lib/python3.12/site-packages/airflow/example_dags/tutorial_objectstorage.py
[2026-06-28T19:29:32.994+0000] {processor.py:830} INFO - Processing file /home/airflow/.local/lib/python3.12/site-packages/airflow/example_dags/tutorial_objectstorage.py for tasks to queue
[2026-06-28T19:29:32.999+0000] {logging_mixin.py:188} INFO - [2026-06-28T19:29:32.999+0000] {dagbag.py:545} INFO - Filling up the DagBag from /home/airflow/.local/lib/python3.12/site-packages/airflow/example_dags/tutorial_objectstorage.py
[2026-06-28T19:29:33.030+0000] {processor.py:840} INFO - DAG(s) 'tutorial_objectstorage' retrieved from /home/airflow/.local/lib/python3.12/site-packages/airflow/example_dags/tutorial_objectstorage.py
[2026-06-28T19:29:33.148+0000] {logging_mixin.py:188} INFO - [2026-06-28T19:29:33.147+0000] {dag.py:3096} INFO - Sync 1 DAGs
[2026-06-28T19:29:33.168+0000] {logging_mixin.py:188} INFO - [2026-06-28T19:29:33.167+0000] {dag.py:3954} INFO - Setting next_dagrun for tutorial_objectstorage to None, run_after=None
[2026-06-28T19:29:33.239+0000] {processor.py:183} INFO - Processing /home/airflow/.local/lib/python3.12/site-packages/airflow/example_dags/tutorial_objectstorage.py took 0.267 seconds
[2026-06-28T19:30:04.030+0000] {processor.py:161} INFO - Started process (PID=8317) to work on /home/airflow/.local/lib/python3.12/site-packages/airflow/example_dags/tutorial_objectstorage.py
[2026-06-28T19:30:04.032+0000] {processor.py:830} INFO - Processing file /home/airflow/.local/lib/python3.12/site-packages/airflow/example_dags/tutorial_objectstorage.py for tasks to queue
[2026-06-28T19:30:04.042+0000] {logging_mixin.py:188} INFO - [2026-06-28T19:30:04.042+0000] {dagbag.py:545} INFO - Filling up the DagBag from /home/airflow/.local/lib/python3.12/site-packages/airflow/example_dags/tutorial_objectstorage.py
[2026-06-28T19:30:04.086+0000] {processor.py:840} INFO - DAG(s) 'tutorial_objectstorage' retrieved from /home/airflow/.local/lib/python3.12/site-packages/airflow/example_dags/tutorial_objectstorage.py
[2026-06-28T19:30:04.179+0000] {logging_mixin.py:188} INFO - [2026-06-28T19:30:04.179+0000] {dag.py:3096} INFO - Sync 1 DAGs
[2026-06-28T19:30:04.263+0000] {logging_mixin.py:188} INFO - [2026-06-28T19:30:04.263+0000] {dag.py:3954} INFO - Setting next_dagrun for tutorial_objectstorage to None, run_after=None
[2026-06-28T19:30:04.338+0000] {processor.py:183} INFO - Processing /home/airflow/.local/lib/python3.12/site-packages/airflow/example_dags/tutorial_objectstorage.py took 0.330 seconds
[2026-06-28T19:30:34.381+0000] {processor.py:161} INFO - Started process (PID=8376) to work on /home/airflow/.local/lib/python3.12/site-packages/airflow/example_dags/tutorial_objectstorage.py
[2026-06-28T19:30:34.382+0000] {processor.py:830} INFO - Processing file /home/airflow/.local/lib/python3.12/site-packages/airflow/example_dags/tutorial_objectstorage.py for tasks to queue
[2026-06-28T19:30:34.383+0000] {logging_mixin.py:188} INFO - [2026-06-28T19:30:34.383+0000] {dagbag.py:545} INFO - Filling up the DagBag from /home/airflow/.local/lib/python3.12/site-packages/airflow/example_dags/tutorial_objectstorage.py
[2026-06-28T19:30:34.392+0000] {processor.py:840} INFO - DAG(s) 'tutorial_objectstorage' retrieved from /home/airflow/.local/lib/python3.12/site-packages/airflow/example_dags/tutorial_objectstorage.py
[2026-06-28T19:30:34.412+0000] {logging_mixin.py:188} INFO - [2026-06-28T19:30:34.411+0000] {dag.py:3096} INFO - Sync 1 DAGs
[2026-06-28T19:30:34.425+0000] {logging_mixin.py:188} INFO - [2026-06-28T19:30:34.425+0000] {dag.py:3954} INFO - Setting next_dagrun for tutorial_objectstorage to None, run_after=None
[2026-06-28T19:30:34.442+0000] {processor.py:183} INFO - Processing /home/airflow/.local/lib/python3.12/site-packages/airflow/example_dags/tutorial_objectstorage.py took 0.066 seconds
