[2026-06-29T08:29:16.019+0000] {processor.py:161} INFO - Started process (PID=112) to work on /home/airflow/.local/lib/python3.12/site-packages/airflow/example_dags/example_dynamic_task_mapping.py
[2026-06-29T08:29:16.028+0000] {processor.py:830} INFO - Processing file /home/airflow/.local/lib/python3.12/site-packages/airflow/example_dags/example_dynamic_task_mapping.py for tasks to queue
[2026-06-29T08:29:16.036+0000] {logging_mixin.py:188} INFO - [2026-06-29T08:29:16.035+0000] {dagbag.py:545} INFO - Filling up the DagBag from /home/airflow/.local/lib/python3.12/site-packages/airflow/example_dags/example_dynamic_task_mapping.py
[2026-06-29T08:29:16.093+0000] {processor.py:840} INFO - DAG(s) 'example_dynamic_task_mapping' retrieved from /home/airflow/.local/lib/python3.12/site-packages/airflow/example_dags/example_dynamic_task_mapping.py
[2026-06-29T08:29:16.930+0000] {logging_mixin.py:188} INFO - [2026-06-29T08:29:16.929+0000] {override.py:1829} INFO - Created Permission View: can edit on DAG:example_dynamic_task_mapping
[2026-06-29T08:29:16.971+0000] {logging_mixin.py:188} INFO - [2026-06-29T08:29:16.971+0000] {override.py:1829} INFO - Created Permission View: can read on DAG:example_dynamic_task_mapping
[2026-06-29T08:29:17.000+0000] {logging_mixin.py:188} INFO - [2026-06-29T08:29:17.000+0000] {override.py:1829} INFO - Created Permission View: can delete on DAG:example_dynamic_task_mapping
[2026-06-29T08:29:17.003+0000] {logging_mixin.py:188} INFO - [2026-06-29T08:29:17.003+0000] {dag.py:3096} INFO - Sync 1 DAGs
[2026-06-29T08:29:17.041+0000] {logging_mixin.py:188} INFO - [2026-06-29T08:29:17.041+0000] {dag.py:3118} INFO - Creating ORM DAG for example_dynamic_task_mapping
[2026-06-29T08:29:17.079+0000] {logging_mixin.py:188} INFO - [2026-06-29T08:29:17.078+0000] {dag.py:3954} INFO - Setting next_dagrun for example_dynamic_task_mapping to 2022-03-04 00:00:00+00:00, run_after=2022-03-05 00:00:00+00:00
[2026-06-29T08:29:17.270+0000] {processor.py:183} INFO - Processing /home/airflow/.local/lib/python3.12/site-packages/airflow/example_dags/example_dynamic_task_mapping.py took 1.279 seconds
[2026-06-29T08:29:47.888+0000] {processor.py:161} INFO - Started process (PID=170) to work on /home/airflow/.local/lib/python3.12/site-packages/airflow/example_dags/example_dynamic_task_mapping.py
[2026-06-29T08:29:47.900+0000] {processor.py:830} INFO - Processing file /home/airflow/.local/lib/python3.12/site-packages/airflow/example_dags/example_dynamic_task_mapping.py for tasks to queue
[2026-06-29T08:29:47.904+0000] {logging_mixin.py:188} INFO - [2026-06-29T08:29:47.902+0000] {dagbag.py:545} INFO - Filling up the DagBag from /home/airflow/.local/lib/python3.12/site-packages/airflow/example_dags/example_dynamic_task_mapping.py
[2026-06-29T08:29:47.922+0000] {processor.py:840} INFO - DAG(s) 'example_dynamic_task_mapping' retrieved from /home/airflow/.local/lib/python3.12/site-packages/airflow/example_dags/example_dynamic_task_mapping.py
[2026-06-29T08:29:48.002+0000] {logging_mixin.py:188} INFO - [2026-06-29T08:29:48.001+0000] {dag.py:3096} INFO - Sync 1 DAGs
[2026-06-29T08:29:48.083+0000] {logging_mixin.py:188} INFO - [2026-06-29T08:29:48.083+0000] {dag.py:3954} INFO - Setting next_dagrun for example_dynamic_task_mapping to 2022-03-04 00:00:00+00:00, run_after=2022-03-05 00:00:00+00:00
[2026-06-29T08:29:48.132+0000] {processor.py:183} INFO - Processing /home/airflow/.local/lib/python3.12/site-packages/airflow/example_dags/example_dynamic_task_mapping.py took 0.298 seconds
[2026-06-29T08:30:18.359+0000] {processor.py:161} INFO - Started process (PID=229) to work on /home/airflow/.local/lib/python3.12/site-packages/airflow/example_dags/example_dynamic_task_mapping.py
[2026-06-29T08:30:18.359+0000] {processor.py:830} INFO - Processing file /home/airflow/.local/lib/python3.12/site-packages/airflow/example_dags/example_dynamic_task_mapping.py for tasks to queue
[2026-06-29T08:30:18.362+0000] {logging_mixin.py:188} INFO - [2026-06-29T08:30:18.361+0000] {dagbag.py:545} INFO - Filling up the DagBag from /home/airflow/.local/lib/python3.12/site-packages/airflow/example_dags/example_dynamic_task_mapping.py
[2026-06-29T08:30:18.369+0000] {processor.py:840} INFO - DAG(s) 'example_dynamic_task_mapping' retrieved from /home/airflow/.local/lib/python3.12/site-packages/airflow/example_dags/example_dynamic_task_mapping.py
[2026-06-29T08:30:18.393+0000] {logging_mixin.py:188} INFO - [2026-06-29T08:30:18.393+0000] {dag.py:3096} INFO - Sync 1 DAGs
[2026-06-29T08:30:18.442+0000] {logging_mixin.py:188} INFO - [2026-06-29T08:30:18.441+0000] {dag.py:3954} INFO - Setting next_dagrun for example_dynamic_task_mapping to 2022-03-04 00:00:00+00:00, run_after=2022-03-05 00:00:00+00:00
[2026-06-29T08:30:18.510+0000] {processor.py:183} INFO - Processing /home/airflow/.local/lib/python3.12/site-packages/airflow/example_dags/example_dynamic_task_mapping.py took 0.158 seconds
[2026-06-29T08:30:49.387+0000] {processor.py:161} INFO - Started process (PID=288) to work on /home/airflow/.local/lib/python3.12/site-packages/airflow/example_dags/example_dynamic_task_mapping.py
[2026-06-29T08:30:49.388+0000] {processor.py:830} INFO - Processing file /home/airflow/.local/lib/python3.12/site-packages/airflow/example_dags/example_dynamic_task_mapping.py for tasks to queue
[2026-06-29T08:30:49.390+0000] {logging_mixin.py:188} INFO - [2026-06-29T08:30:49.390+0000] {dagbag.py:545} INFO - Filling up the DagBag from /home/airflow/.local/lib/python3.12/site-packages/airflow/example_dags/example_dynamic_task_mapping.py
[2026-06-29T08:30:49.403+0000] {processor.py:840} INFO - DAG(s) 'example_dynamic_task_mapping' retrieved from /home/airflow/.local/lib/python3.12/site-packages/airflow/example_dags/example_dynamic_task_mapping.py
[2026-06-29T08:30:49.428+0000] {logging_mixin.py:188} INFO - [2026-06-29T08:30:49.427+0000] {dag.py:3096} INFO - Sync 1 DAGs
[2026-06-29T08:30:49.460+0000] {logging_mixin.py:188} INFO - [2026-06-29T08:30:49.460+0000] {dag.py:3954} INFO - Setting next_dagrun for example_dynamic_task_mapping to 2022-03-04 00:00:00+00:00, run_after=2022-03-05 00:00:00+00:00
[2026-06-29T08:30:49.488+0000] {processor.py:183} INFO - Processing /home/airflow/.local/lib/python3.12/site-packages/airflow/example_dags/example_dynamic_task_mapping.py took 0.130 seconds
[2026-06-29T08:31:19.815+0000] {processor.py:161} INFO - Started process (PID=347) to work on /home/airflow/.local/lib/python3.12/site-packages/airflow/example_dags/example_dynamic_task_mapping.py
[2026-06-29T08:31:19.816+0000] {processor.py:830} INFO - Processing file /home/airflow/.local/lib/python3.12/site-packages/airflow/example_dags/example_dynamic_task_mapping.py for tasks to queue
[2026-06-29T08:31:19.821+0000] {logging_mixin.py:188} INFO - [2026-06-29T08:31:19.820+0000] {dagbag.py:545} INFO - Filling up the DagBag from /home/airflow/.local/lib/python3.12/site-packages/airflow/example_dags/example_dynamic_task_mapping.py
[2026-06-29T08:31:19.842+0000] {processor.py:840} INFO - DAG(s) 'example_dynamic_task_mapping' retrieved from /home/airflow/.local/lib/python3.12/site-packages/airflow/example_dags/example_dynamic_task_mapping.py
[2026-06-29T08:31:19.877+0000] {logging_mixin.py:188} INFO - [2026-06-29T08:31:19.877+0000] {dag.py:3096} INFO - Sync 1 DAGs
[2026-06-29T08:31:19.912+0000] {logging_mixin.py:188} INFO - [2026-06-29T08:31:19.912+0000] {dag.py:3954} INFO - Setting next_dagrun for example_dynamic_task_mapping to 2022-03-04 00:00:00+00:00, run_after=2022-03-05 00:00:00+00:00
[2026-06-29T08:31:19.933+0000] {processor.py:183} INFO - Processing /home/airflow/.local/lib/python3.12/site-packages/airflow/example_dags/example_dynamic_task_mapping.py took 0.134 seconds
[2026-06-29T08:31:50.961+0000] {processor.py:161} INFO - Started process (PID=406) to work on /home/airflow/.local/lib/python3.12/site-packages/airflow/example_dags/example_dynamic_task_mapping.py
[2026-06-29T08:31:50.962+0000] {processor.py:830} INFO - Processing file /home/airflow/.local/lib/python3.12/site-packages/airflow/example_dags/example_dynamic_task_mapping.py for tasks to queue
[2026-06-29T08:31:50.964+0000] {logging_mixin.py:188} INFO - [2026-06-29T08:31:50.963+0000] {dagbag.py:545} INFO - Filling up the DagBag from /home/airflow/.local/lib/python3.12/site-packages/airflow/example_dags/example_dynamic_task_mapping.py
[2026-06-29T08:31:50.974+0000] {processor.py:840} INFO - DAG(s) 'example_dynamic_task_mapping' retrieved from /home/airflow/.local/lib/python3.12/site-packages/airflow/example_dags/example_dynamic_task_mapping.py
[2026-06-29T08:31:50.998+0000] {logging_mixin.py:188} INFO - [2026-06-29T08:31:50.997+0000] {dag.py:3096} INFO - Sync 1 DAGs
[2026-06-29T08:31:51.027+0000] {logging_mixin.py:188} INFO - [2026-06-29T08:31:51.026+0000] {dag.py:3954} INFO - Setting next_dagrun for example_dynamic_task_mapping to 2022-03-04 00:00:00+00:00, run_after=2022-03-05 00:00:00+00:00
[2026-06-29T08:31:51.053+0000] {processor.py:183} INFO - Processing /home/airflow/.local/lib/python3.12/site-packages/airflow/example_dags/example_dynamic_task_mapping.py took 0.099 seconds
[2026-06-29T08:32:21.626+0000] {processor.py:161} INFO - Started process (PID=465) to work on /home/airflow/.local/lib/python3.12/site-packages/airflow/example_dags/example_dynamic_task_mapping.py
[2026-06-29T08:32:21.627+0000] {processor.py:830} INFO - Processing file /home/airflow/.local/lib/python3.12/site-packages/airflow/example_dags/example_dynamic_task_mapping.py for tasks to queue
[2026-06-29T08:32:21.629+0000] {logging_mixin.py:188} INFO - [2026-06-29T08:32:21.629+0000] {dagbag.py:545} INFO - Filling up the DagBag from /home/airflow/.local/lib/python3.12/site-packages/airflow/example_dags/example_dynamic_task_mapping.py
[2026-06-29T08:32:21.637+0000] {processor.py:840} INFO - DAG(s) 'example_dynamic_task_mapping' retrieved from /home/airflow/.local/lib/python3.12/site-packages/airflow/example_dags/example_dynamic_task_mapping.py
[2026-06-29T08:32:21.660+0000] {logging_mixin.py:188} INFO - [2026-06-29T08:32:21.660+0000] {dag.py:3096} INFO - Sync 1 DAGs
[2026-06-29T08:32:21.688+0000] {logging_mixin.py:188} INFO - [2026-06-29T08:32:21.688+0000] {dag.py:3954} INFO - Setting next_dagrun for example_dynamic_task_mapping to 2022-03-04 00:00:00+00:00, run_after=2022-03-05 00:00:00+00:00
[2026-06-29T08:32:21.730+0000] {processor.py:183} INFO - Processing /home/airflow/.local/lib/python3.12/site-packages/airflow/example_dags/example_dynamic_task_mapping.py took 0.111 seconds
[2026-06-29T08:32:51.975+0000] {processor.py:161} INFO - Started process (PID=524) to work on /home/airflow/.local/lib/python3.12/site-packages/airflow/example_dags/example_dynamic_task_mapping.py
[2026-06-29T08:32:51.979+0000] {processor.py:830} INFO - Processing file /home/airflow/.local/lib/python3.12/site-packages/airflow/example_dags/example_dynamic_task_mapping.py for tasks to queue
[2026-06-29T08:32:51.985+0000] {logging_mixin.py:188} INFO - [2026-06-29T08:32:51.984+0000] {dagbag.py:545} INFO - Filling up the DagBag from /home/airflow/.local/lib/python3.12/site-packages/airflow/example_dags/example_dynamic_task_mapping.py
[2026-06-29T08:32:52.016+0000] {processor.py:840} INFO - DAG(s) 'example_dynamic_task_mapping' retrieved from /home/airflow/.local/lib/python3.12/site-packages/airflow/example_dags/example_dynamic_task_mapping.py
[2026-06-29T08:32:52.090+0000] {logging_mixin.py:188} INFO - [2026-06-29T08:32:52.090+0000] {dag.py:3096} INFO - Sync 1 DAGs
[2026-06-29T08:32:52.200+0000] {logging_mixin.py:188} INFO - [2026-06-29T08:32:52.199+0000] {dag.py:3954} INFO - Setting next_dagrun for example_dynamic_task_mapping to 2022-03-04 00:00:00+00:00, run_after=2022-03-05 00:00:00+00:00
[2026-06-29T08:32:52.304+0000] {processor.py:183} INFO - Processing /home/airflow/.local/lib/python3.12/site-packages/airflow/example_dags/example_dynamic_task_mapping.py took 0.347 seconds
[2026-06-29T08:33:23.252+0000] {processor.py:161} INFO - Started process (PID=583) to work on /home/airflow/.local/lib/python3.12/site-packages/airflow/example_dags/example_dynamic_task_mapping.py
[2026-06-29T08:33:23.252+0000] {processor.py:830} INFO - Processing file /home/airflow/.local/lib/python3.12/site-packages/airflow/example_dags/example_dynamic_task_mapping.py for tasks to queue
[2026-06-29T08:33:23.259+0000] {logging_mixin.py:188} INFO - [2026-06-29T08:33:23.256+0000] {dagbag.py:545} INFO - Filling up the DagBag from /home/airflow/.local/lib/python3.12/site-packages/airflow/example_dags/example_dynamic_task_mapping.py
[2026-06-29T08:33:23.271+0000] {processor.py:840} INFO - DAG(s) 'example_dynamic_task_mapping' retrieved from /home/airflow/.local/lib/python3.12/site-packages/airflow/example_dags/example_dynamic_task_mapping.py
[2026-06-29T08:33:23.319+0000] {logging_mixin.py:188} INFO - [2026-06-29T08:33:23.318+0000] {dag.py:3096} INFO - Sync 1 DAGs
[2026-06-29T08:33:23.362+0000] {logging_mixin.py:188} INFO - [2026-06-29T08:33:23.361+0000] {dag.py:3954} INFO - Setting next_dagrun for example_dynamic_task_mapping to 2022-03-04 00:00:00+00:00, run_after=2022-03-05 00:00:00+00:00
[2026-06-29T08:33:23.390+0000] {processor.py:183} INFO - Processing /home/airflow/.local/lib/python3.12/site-packages/airflow/example_dags/example_dynamic_task_mapping.py took 0.153 seconds
[2026-06-29T08:33:53.843+0000] {processor.py:161} INFO - Started process (PID=643) to work on /home/airflow/.local/lib/python3.12/site-packages/airflow/example_dags/example_dynamic_task_mapping.py
[2026-06-29T08:33:53.865+0000] {processor.py:830} INFO - Processing file /home/airflow/.local/lib/python3.12/site-packages/airflow/example_dags/example_dynamic_task_mapping.py for tasks to queue
[2026-06-29T08:33:53.876+0000] {logging_mixin.py:188} INFO - [2026-06-29T08:33:53.875+0000] {dagbag.py:545} INFO - Filling up the DagBag from /home/airflow/.local/lib/python3.12/site-packages/airflow/example_dags/example_dynamic_task_mapping.py
[2026-06-29T08:33:53.920+0000] {processor.py:840} INFO - DAG(s) 'example_dynamic_task_mapping' retrieved from /home/airflow/.local/lib/python3.12/site-packages/airflow/example_dags/example_dynamic_task_mapping.py
[2026-06-29T08:33:53.990+0000] {logging_mixin.py:188} INFO - [2026-06-29T08:33:53.989+0000] {dag.py:3096} INFO - Sync 1 DAGs
[2026-06-29T08:33:54.116+0000] {logging_mixin.py:188} INFO - [2026-06-29T08:33:54.115+0000] {dag.py:3954} INFO - Setting next_dagrun for example_dynamic_task_mapping to 2022-03-04 00:00:00+00:00, run_after=2022-03-05 00:00:00+00:00
[2026-06-29T08:33:54.216+0000] {processor.py:183} INFO - Processing /home/airflow/.local/lib/python3.12/site-packages/airflow/example_dags/example_dynamic_task_mapping.py took 0.425 seconds
[2026-06-29T08:34:24.463+0000] {processor.py:161} INFO - Started process (PID=702) to work on /home/airflow/.local/lib/python3.12/site-packages/airflow/example_dags/example_dynamic_task_mapping.py
[2026-06-29T08:34:24.464+0000] {processor.py:830} INFO - Processing file /home/airflow/.local/lib/python3.12/site-packages/airflow/example_dags/example_dynamic_task_mapping.py for tasks to queue
[2026-06-29T08:34:24.468+0000] {logging_mixin.py:188} INFO - [2026-06-29T08:34:24.467+0000] {dagbag.py:545} INFO - Filling up the DagBag from /home/airflow/.local/lib/python3.12/site-packages/airflow/example_dags/example_dynamic_task_mapping.py
[2026-06-29T08:34:24.486+0000] {processor.py:840} INFO - DAG(s) 'example_dynamic_task_mapping' retrieved from /home/airflow/.local/lib/python3.12/site-packages/airflow/example_dags/example_dynamic_task_mapping.py
[2026-06-29T08:34:24.517+0000] {logging_mixin.py:188} INFO - [2026-06-29T08:34:24.517+0000] {dag.py:3096} INFO - Sync 1 DAGs
[2026-06-29T08:34:24.556+0000] {logging_mixin.py:188} INFO - [2026-06-29T08:34:24.556+0000] {dag.py:3954} INFO - Setting next_dagrun for example_dynamic_task_mapping to 2022-03-04 00:00:00+00:00, run_after=2022-03-05 00:00:00+00:00
[2026-06-29T08:34:24.600+0000] {processor.py:183} INFO - Processing /home/airflow/.local/lib/python3.12/site-packages/airflow/example_dags/example_dynamic_task_mapping.py took 0.154 seconds
[2026-06-29T08:34:54.813+0000] {processor.py:161} INFO - Started process (PID=761) to work on /home/airflow/.local/lib/python3.12/site-packages/airflow/example_dags/example_dynamic_task_mapping.py
[2026-06-29T08:34:54.814+0000] {processor.py:830} INFO - Processing file /home/airflow/.local/lib/python3.12/site-packages/airflow/example_dags/example_dynamic_task_mapping.py for tasks to queue
[2026-06-29T08:34:54.816+0000] {logging_mixin.py:188} INFO - [2026-06-29T08:34:54.815+0000] {dagbag.py:545} INFO - Filling up the DagBag from /home/airflow/.local/lib/python3.12/site-packages/airflow/example_dags/example_dynamic_task_mapping.py
[2026-06-29T08:34:54.823+0000] {processor.py:840} INFO - DAG(s) 'example_dynamic_task_mapping' retrieved from /home/airflow/.local/lib/python3.12/site-packages/airflow/example_dags/example_dynamic_task_mapping.py
[2026-06-29T08:34:54.849+0000] {logging_mixin.py:188} INFO - [2026-06-29T08:34:54.849+0000] {dag.py:3096} INFO - Sync 1 DAGs
[2026-06-29T08:34:54.875+0000] {logging_mixin.py:188} INFO - [2026-06-29T08:34:54.874+0000] {dag.py:3954} INFO - Setting next_dagrun for example_dynamic_task_mapping to 2022-03-04 00:00:00+00:00, run_after=2022-03-05 00:00:00+00:00
[2026-06-29T08:34:54.894+0000] {processor.py:183} INFO - Processing /home/airflow/.local/lib/python3.12/site-packages/airflow/example_dags/example_dynamic_task_mapping.py took 0.088 seconds
[2026-06-29T08:35:25.367+0000] {processor.py:161} INFO - Started process (PID=820) to work on /home/airflow/.local/lib/python3.12/site-packages/airflow/example_dags/example_dynamic_task_mapping.py
[2026-06-29T08:35:25.368+0000] {processor.py:830} INFO - Processing file /home/airflow/.local/lib/python3.12/site-packages/airflow/example_dags/example_dynamic_task_mapping.py for tasks to queue
[2026-06-29T08:35:25.370+0000] {logging_mixin.py:188} INFO - [2026-06-29T08:35:25.370+0000] {dagbag.py:545} INFO - Filling up the DagBag from /home/airflow/.local/lib/python3.12/site-packages/airflow/example_dags/example_dynamic_task_mapping.py
[2026-06-29T08:35:25.378+0000] {processor.py:840} INFO - DAG(s) 'example_dynamic_task_mapping' retrieved from /home/airflow/.local/lib/python3.12/site-packages/airflow/example_dags/example_dynamic_task_mapping.py
[2026-06-29T08:35:25.402+0000] {logging_mixin.py:188} INFO - [2026-06-29T08:35:25.401+0000] {dag.py:3096} INFO - Sync 1 DAGs
[2026-06-29T08:35:25.427+0000] {logging_mixin.py:188} INFO - [2026-06-29T08:35:25.427+0000] {dag.py:3954} INFO - Setting next_dagrun for example_dynamic_task_mapping to 2022-03-04 00:00:00+00:00, run_after=2022-03-05 00:00:00+00:00
[2026-06-29T08:35:25.446+0000] {processor.py:183} INFO - Processing /home/airflow/.local/lib/python3.12/site-packages/airflow/example_dags/example_dynamic_task_mapping.py took 0.086 seconds
[2026-06-29T08:35:55.965+0000] {processor.py:161} INFO - Started process (PID=879) to work on /home/airflow/.local/lib/python3.12/site-packages/airflow/example_dags/example_dynamic_task_mapping.py
[2026-06-29T08:35:55.965+0000] {processor.py:830} INFO - Processing file /home/airflow/.local/lib/python3.12/site-packages/airflow/example_dags/example_dynamic_task_mapping.py for tasks to queue
[2026-06-29T08:35:55.967+0000] {logging_mixin.py:188} INFO - [2026-06-29T08:35:55.967+0000] {dagbag.py:545} INFO - Filling up the DagBag from /home/airflow/.local/lib/python3.12/site-packages/airflow/example_dags/example_dynamic_task_mapping.py
[2026-06-29T08:35:55.975+0000] {processor.py:840} INFO - DAG(s) 'example_dynamic_task_mapping' retrieved from /home/airflow/.local/lib/python3.12/site-packages/airflow/example_dags/example_dynamic_task_mapping.py
[2026-06-29T08:35:55.999+0000] {logging_mixin.py:188} INFO - [2026-06-29T08:35:55.999+0000] {dag.py:3096} INFO - Sync 1 DAGs
[2026-06-29T08:35:56.025+0000] {logging_mixin.py:188} INFO - [2026-06-29T08:35:56.025+0000] {dag.py:3954} INFO - Setting next_dagrun for example_dynamic_task_mapping to 2022-03-04 00:00:00+00:00, run_after=2022-03-05 00:00:00+00:00
[2026-06-29T08:35:56.044+0000] {processor.py:183} INFO - Processing /home/airflow/.local/lib/python3.12/site-packages/airflow/example_dags/example_dynamic_task_mapping.py took 0.086 seconds
[2026-06-29T08:36:26.168+0000] {processor.py:161} INFO - Started process (PID=936) to work on /home/airflow/.local/lib/python3.12/site-packages/airflow/example_dags/example_dynamic_task_mapping.py
[2026-06-29T08:36:26.173+0000] {processor.py:830} INFO - Processing file /home/airflow/.local/lib/python3.12/site-packages/airflow/example_dags/example_dynamic_task_mapping.py for tasks to queue
[2026-06-29T08:36:26.176+0000] {logging_mixin.py:188} INFO - [2026-06-29T08:36:26.175+0000] {dagbag.py:545} INFO - Filling up the DagBag from /home/airflow/.local/lib/python3.12/site-packages/airflow/example_dags/example_dynamic_task_mapping.py
[2026-06-29T08:36:26.212+0000] {processor.py:840} INFO - DAG(s) 'example_dynamic_task_mapping' retrieved from /home/airflow/.local/lib/python3.12/site-packages/airflow/example_dags/example_dynamic_task_mapping.py
[2026-06-29T08:36:26.257+0000] {logging_mixin.py:188} INFO - [2026-06-29T08:36:26.257+0000] {dag.py:3096} INFO - Sync 1 DAGs
[2026-06-29T08:36:26.351+0000] {logging_mixin.py:188} INFO - [2026-06-29T08:36:26.350+0000] {dag.py:3954} INFO - Setting next_dagrun for example_dynamic_task_mapping to 2022-03-04 00:00:00+00:00, run_after=2022-03-05 00:00:00+00:00
[2026-06-29T08:36:26.418+0000] {processor.py:183} INFO - Processing /home/airflow/.local/lib/python3.12/site-packages/airflow/example_dags/example_dynamic_task_mapping.py took 0.267 seconds
[2026-06-29T08:36:57.012+0000] {processor.py:161} INFO - Started process (PID=995) to work on /home/airflow/.local/lib/python3.12/site-packages/airflow/example_dags/example_dynamic_task_mapping.py
[2026-06-29T08:36:57.019+0000] {processor.py:830} INFO - Processing file /home/airflow/.local/lib/python3.12/site-packages/airflow/example_dags/example_dynamic_task_mapping.py for tasks to queue
[2026-06-29T08:36:57.024+0000] {logging_mixin.py:188} INFO - [2026-06-29T08:36:57.021+0000] {dagbag.py:545} INFO - Filling up the DagBag from /home/airflow/.local/lib/python3.12/site-packages/airflow/example_dags/example_dynamic_task_mapping.py
[2026-06-29T08:36:57.044+0000] {processor.py:840} INFO - DAG(s) 'example_dynamic_task_mapping' retrieved from /home/airflow/.local/lib/python3.12/site-packages/airflow/example_dags/example_dynamic_task_mapping.py
[2026-06-29T08:36:57.151+0000] {logging_mixin.py:188} INFO - [2026-06-29T08:36:57.151+0000] {dag.py:3096} INFO - Sync 1 DAGs
[2026-06-29T08:36:57.209+0000] {logging_mixin.py:188} INFO - [2026-06-29T08:36:57.208+0000] {dag.py:3954} INFO - Setting next_dagrun for example_dynamic_task_mapping to 2022-03-04 00:00:00+00:00, run_after=2022-03-05 00:00:00+00:00
[2026-06-29T08:36:57.229+0000] {processor.py:183} INFO - Processing /home/airflow/.local/lib/python3.12/site-packages/airflow/example_dags/example_dynamic_task_mapping.py took 0.243 seconds
[2026-06-29T08:37:28.214+0000] {processor.py:161} INFO - Started process (PID=1054) to work on /home/airflow/.local/lib/python3.12/site-packages/airflow/example_dags/example_dynamic_task_mapping.py
[2026-06-29T08:37:28.219+0000] {processor.py:830} INFO - Processing file /home/airflow/.local/lib/python3.12/site-packages/airflow/example_dags/example_dynamic_task_mapping.py for tasks to queue
[2026-06-29T08:37:28.224+0000] {logging_mixin.py:188} INFO - [2026-06-29T08:37:28.223+0000] {dagbag.py:545} INFO - Filling up the DagBag from /home/airflow/.local/lib/python3.12/site-packages/airflow/example_dags/example_dynamic_task_mapping.py
[2026-06-29T08:37:28.237+0000] {processor.py:840} INFO - DAG(s) 'example_dynamic_task_mapping' retrieved from /home/airflow/.local/lib/python3.12/site-packages/airflow/example_dags/example_dynamic_task_mapping.py
[2026-06-29T08:37:28.281+0000] {logging_mixin.py:188} INFO - [2026-06-29T08:37:28.281+0000] {dag.py:3096} INFO - Sync 1 DAGs
[2026-06-29T08:37:28.334+0000] {logging_mixin.py:188} INFO - [2026-06-29T08:37:28.334+0000] {dag.py:3954} INFO - Setting next_dagrun for example_dynamic_task_mapping to 2022-03-04 00:00:00+00:00, run_after=2022-03-05 00:00:00+00:00
[2026-06-29T08:37:28.365+0000] {processor.py:183} INFO - Processing /home/airflow/.local/lib/python3.12/site-packages/airflow/example_dags/example_dynamic_task_mapping.py took 0.164 seconds
[2026-06-29T08:37:58.885+0000] {processor.py:161} INFO - Started process (PID=1113) to work on /home/airflow/.local/lib/python3.12/site-packages/airflow/example_dags/example_dynamic_task_mapping.py
[2026-06-29T08:37:58.886+0000] {processor.py:830} INFO - Processing file /home/airflow/.local/lib/python3.12/site-packages/airflow/example_dags/example_dynamic_task_mapping.py for tasks to queue
[2026-06-29T08:37:58.888+0000] {logging_mixin.py:188} INFO - [2026-06-29T08:37:58.887+0000] {dagbag.py:545} INFO - Filling up the DagBag from /home/airflow/.local/lib/python3.12/site-packages/airflow/example_dags/example_dynamic_task_mapping.py
[2026-06-29T08:37:58.896+0000] {processor.py:840} INFO - DAG(s) 'example_dynamic_task_mapping' retrieved from /home/airflow/.local/lib/python3.12/site-packages/airflow/example_dags/example_dynamic_task_mapping.py
[2026-06-29T08:37:58.919+0000] {logging_mixin.py:188} INFO - [2026-06-29T08:37:58.919+0000] {dag.py:3096} INFO - Sync 1 DAGs
[2026-06-29T08:37:58.962+0000] {logging_mixin.py:188} INFO - [2026-06-29T08:37:58.961+0000] {dag.py:3954} INFO - Setting next_dagrun for example_dynamic_task_mapping to 2022-03-04 00:00:00+00:00, run_after=2022-03-05 00:00:00+00:00
[2026-06-29T08:37:59.009+0000] {processor.py:183} INFO - Processing /home/airflow/.local/lib/python3.12/site-packages/airflow/example_dags/example_dynamic_task_mapping.py took 0.134 seconds
[2026-06-29T08:38:29.807+0000] {processor.py:161} INFO - Started process (PID=1172) to work on /home/airflow/.local/lib/python3.12/site-packages/airflow/example_dags/example_dynamic_task_mapping.py
[2026-06-29T08:38:29.808+0000] {processor.py:830} INFO - Processing file /home/airflow/.local/lib/python3.12/site-packages/airflow/example_dags/example_dynamic_task_mapping.py for tasks to queue
[2026-06-29T08:38:29.810+0000] {logging_mixin.py:188} INFO - [2026-06-29T08:38:29.810+0000] {dagbag.py:545} INFO - Filling up the DagBag from /home/airflow/.local/lib/python3.12/site-packages/airflow/example_dags/example_dynamic_task_mapping.py
[2026-06-29T08:38:29.819+0000] {processor.py:840} INFO - DAG(s) 'example_dynamic_task_mapping' retrieved from /home/airflow/.local/lib/python3.12/site-packages/airflow/example_dags/example_dynamic_task_mapping.py
[2026-06-29T08:38:29.844+0000] {logging_mixin.py:188} INFO - [2026-06-29T08:38:29.843+0000] {dag.py:3096} INFO - Sync 1 DAGs
[2026-06-29T08:38:29.871+0000] {logging_mixin.py:188} INFO - [2026-06-29T08:38:29.871+0000] {dag.py:3954} INFO - Setting next_dagrun for example_dynamic_task_mapping to 2022-03-04 00:00:00+00:00, run_after=2022-03-05 00:00:00+00:00
[2026-06-29T08:38:29.907+0000] {processor.py:183} INFO - Processing /home/airflow/.local/lib/python3.12/site-packages/airflow/example_dags/example_dynamic_task_mapping.py took 0.108 seconds
[2026-06-29T08:39:00.753+0000] {processor.py:161} INFO - Started process (PID=1230) to work on /home/airflow/.local/lib/python3.12/site-packages/airflow/example_dags/example_dynamic_task_mapping.py
[2026-06-29T08:39:00.755+0000] {processor.py:830} INFO - Processing file /home/airflow/.local/lib/python3.12/site-packages/airflow/example_dags/example_dynamic_task_mapping.py for tasks to queue
[2026-06-29T08:39:00.757+0000] {logging_mixin.py:188} INFO - [2026-06-29T08:39:00.756+0000] {dagbag.py:545} INFO - Filling up the DagBag from /home/airflow/.local/lib/python3.12/site-packages/airflow/example_dags/example_dynamic_task_mapping.py
[2026-06-29T08:39:00.765+0000] {processor.py:840} INFO - DAG(s) 'example_dynamic_task_mapping' retrieved from /home/airflow/.local/lib/python3.12/site-packages/airflow/example_dags/example_dynamic_task_mapping.py
[2026-06-29T08:39:00.790+0000] {logging_mixin.py:188} INFO - [2026-06-29T08:39:00.790+0000] {dag.py:3096} INFO - Sync 1 DAGs
[2026-06-29T08:39:00.828+0000] {logging_mixin.py:188} INFO - [2026-06-29T08:39:00.827+0000] {dag.py:3954} INFO - Setting next_dagrun for example_dynamic_task_mapping to 2022-03-04 00:00:00+00:00, run_after=2022-03-05 00:00:00+00:00
[2026-06-29T08:39:00.847+0000] {processor.py:183} INFO - Processing /home/airflow/.local/lib/python3.12/site-packages/airflow/example_dags/example_dynamic_task_mapping.py took 0.101 seconds
[2026-06-29T08:39:31.293+0000] {processor.py:161} INFO - Started process (PID=1289) to work on /home/airflow/.local/lib/python3.12/site-packages/airflow/example_dags/example_dynamic_task_mapping.py
[2026-06-29T08:39:31.296+0000] {processor.py:830} INFO - Processing file /home/airflow/.local/lib/python3.12/site-packages/airflow/example_dags/example_dynamic_task_mapping.py for tasks to queue
[2026-06-29T08:39:31.300+0000] {logging_mixin.py:188} INFO - [2026-06-29T08:39:31.299+0000] {dagbag.py:545} INFO - Filling up the DagBag from /home/airflow/.local/lib/python3.12/site-packages/airflow/example_dags/example_dynamic_task_mapping.py
[2026-06-29T08:39:31.319+0000] {processor.py:840} INFO - DAG(s) 'example_dynamic_task_mapping' retrieved from /home/airflow/.local/lib/python3.12/site-packages/airflow/example_dags/example_dynamic_task_mapping.py
[2026-06-29T08:39:31.380+0000] {logging_mixin.py:188} INFO - [2026-06-29T08:39:31.379+0000] {dag.py:3096} INFO - Sync 1 DAGs
[2026-06-29T08:39:31.529+0000] {logging_mixin.py:188} INFO - [2026-06-29T08:39:31.528+0000] {dag.py:3954} INFO - Setting next_dagrun for example_dynamic_task_mapping to 2022-03-04 00:00:00+00:00, run_after=2022-03-05 00:00:00+00:00
[2026-06-29T08:39:31.594+0000] {processor.py:183} INFO - Processing /home/airflow/.local/lib/python3.12/site-packages/airflow/example_dags/example_dynamic_task_mapping.py took 0.337 seconds
[2026-06-29T08:40:02.261+0000] {processor.py:161} INFO - Started process (PID=1354) to work on /home/airflow/.local/lib/python3.12/site-packages/airflow/example_dags/example_dynamic_task_mapping.py
[2026-06-29T08:40:02.268+0000] {processor.py:830} INFO - Processing file /home/airflow/.local/lib/python3.12/site-packages/airflow/example_dags/example_dynamic_task_mapping.py for tasks to queue
[2026-06-29T08:40:02.278+0000] {logging_mixin.py:188} INFO - [2026-06-29T08:40:02.277+0000] {dagbag.py:545} INFO - Filling up the DagBag from /home/airflow/.local/lib/python3.12/site-packages/airflow/example_dags/example_dynamic_task_mapping.py
[2026-06-29T08:40:02.328+0000] {processor.py:840} INFO - DAG(s) 'example_dynamic_task_mapping' retrieved from /home/airflow/.local/lib/python3.12/site-packages/airflow/example_dags/example_dynamic_task_mapping.py
[2026-06-29T08:40:02.423+0000] {logging_mixin.py:188} INFO - [2026-06-29T08:40:02.422+0000] {dag.py:3096} INFO - Sync 1 DAGs
[2026-06-29T08:40:02.504+0000] {logging_mixin.py:188} INFO - [2026-06-29T08:40:02.504+0000] {dag.py:3954} INFO - Setting next_dagrun for example_dynamic_task_mapping to 2022-03-04 00:00:00+00:00, run_after=2022-03-05 00:00:00+00:00
[2026-06-29T08:40:02.576+0000] {processor.py:183} INFO - Processing /home/airflow/.local/lib/python3.12/site-packages/airflow/example_dags/example_dynamic_task_mapping.py took 0.346 seconds
[2026-06-29T08:40:33.374+0000] {processor.py:161} INFO - Started process (PID=1413) to work on /home/airflow/.local/lib/python3.12/site-packages/airflow/example_dags/example_dynamic_task_mapping.py
[2026-06-29T08:40:33.375+0000] {processor.py:830} INFO - Processing file /home/airflow/.local/lib/python3.12/site-packages/airflow/example_dags/example_dynamic_task_mapping.py for tasks to queue
[2026-06-29T08:40:33.377+0000] {logging_mixin.py:188} INFO - [2026-06-29T08:40:33.376+0000] {dagbag.py:545} INFO - Filling up the DagBag from /home/airflow/.local/lib/python3.12/site-packages/airflow/example_dags/example_dynamic_task_mapping.py
[2026-06-29T08:40:33.385+0000] {processor.py:840} INFO - DAG(s) 'example_dynamic_task_mapping' retrieved from /home/airflow/.local/lib/python3.12/site-packages/airflow/example_dags/example_dynamic_task_mapping.py
[2026-06-29T08:40:33.410+0000] {logging_mixin.py:188} INFO - [2026-06-29T08:40:33.410+0000] {dag.py:3096} INFO - Sync 1 DAGs
[2026-06-29T08:40:33.437+0000] {logging_mixin.py:188} INFO - [2026-06-29T08:40:33.437+0000] {dag.py:3954} INFO - Setting next_dagrun for example_dynamic_task_mapping to 2022-03-04 00:00:00+00:00, run_after=2022-03-05 00:00:00+00:00
[2026-06-29T08:40:33.468+0000] {processor.py:183} INFO - Processing /home/airflow/.local/lib/python3.12/site-packages/airflow/example_dags/example_dynamic_task_mapping.py took 0.101 seconds
[2026-06-29T08:41:04.182+0000] {processor.py:161} INFO - Started process (PID=1472) to work on /home/airflow/.local/lib/python3.12/site-packages/airflow/example_dags/example_dynamic_task_mapping.py
[2026-06-29T08:41:04.183+0000] {processor.py:830} INFO - Processing file /home/airflow/.local/lib/python3.12/site-packages/airflow/example_dags/example_dynamic_task_mapping.py for tasks to queue
[2026-06-29T08:41:04.185+0000] {logging_mixin.py:188} INFO - [2026-06-29T08:41:04.185+0000] {dagbag.py:545} INFO - Filling up the DagBag from /home/airflow/.local/lib/python3.12/site-packages/airflow/example_dags/example_dynamic_task_mapping.py
[2026-06-29T08:41:04.193+0000] {processor.py:840} INFO - DAG(s) 'example_dynamic_task_mapping' retrieved from /home/airflow/.local/lib/python3.12/site-packages/airflow/example_dags/example_dynamic_task_mapping.py
[2026-06-29T08:41:04.218+0000] {logging_mixin.py:188} INFO - [2026-06-29T08:41:04.218+0000] {dag.py:3096} INFO - Sync 1 DAGs
[2026-06-29T08:41:04.248+0000] {logging_mixin.py:188} INFO - [2026-06-29T08:41:04.247+0000] {dag.py:3954} INFO - Setting next_dagrun for example_dynamic_task_mapping to 2022-03-04 00:00:00+00:00, run_after=2022-03-05 00:00:00+00:00
[2026-06-29T08:41:04.267+0000] {processor.py:183} INFO - Processing /home/airflow/.local/lib/python3.12/site-packages/airflow/example_dags/example_dynamic_task_mapping.py took 0.092 seconds
[2026-06-29T08:41:34.561+0000] {processor.py:161} INFO - Started process (PID=1531) to work on /home/airflow/.local/lib/python3.12/site-packages/airflow/example_dags/example_dynamic_task_mapping.py
[2026-06-29T08:41:34.562+0000] {processor.py:830} INFO - Processing file /home/airflow/.local/lib/python3.12/site-packages/airflow/example_dags/example_dynamic_task_mapping.py for tasks to queue
[2026-06-29T08:41:34.564+0000] {logging_mixin.py:188} INFO - [2026-06-29T08:41:34.564+0000] {dagbag.py:545} INFO - Filling up the DagBag from /home/airflow/.local/lib/python3.12/site-packages/airflow/example_dags/example_dynamic_task_mapping.py
[2026-06-29T08:41:34.573+0000] {processor.py:840} INFO - DAG(s) 'example_dynamic_task_mapping' retrieved from /home/airflow/.local/lib/python3.12/site-packages/airflow/example_dags/example_dynamic_task_mapping.py
[2026-06-29T08:41:34.596+0000] {logging_mixin.py:188} INFO - [2026-06-29T08:41:34.596+0000] {dag.py:3096} INFO - Sync 1 DAGs
[2026-06-29T08:41:34.622+0000] {logging_mixin.py:188} INFO - [2026-06-29T08:41:34.621+0000] {dag.py:3954} INFO - Setting next_dagrun for example_dynamic_task_mapping to 2022-03-04 00:00:00+00:00, run_after=2022-03-05 00:00:00+00:00
[2026-06-29T08:41:34.640+0000] {processor.py:183} INFO - Processing /home/airflow/.local/lib/python3.12/site-packages/airflow/example_dags/example_dynamic_task_mapping.py took 0.086 seconds
[2026-06-29T08:42:05.324+0000] {processor.py:161} INFO - Started process (PID=1590) to work on /home/airflow/.local/lib/python3.12/site-packages/airflow/example_dags/example_dynamic_task_mapping.py
[2026-06-29T08:42:05.327+0000] {processor.py:830} INFO - Processing file /home/airflow/.local/lib/python3.12/site-packages/airflow/example_dags/example_dynamic_task_mapping.py for tasks to queue
[2026-06-29T08:42:05.333+0000] {logging_mixin.py:188} INFO - [2026-06-29T08:42:05.329+0000] {dagbag.py:545} INFO - Filling up the DagBag from /home/airflow/.local/lib/python3.12/site-packages/airflow/example_dags/example_dynamic_task_mapping.py
[2026-06-29T08:42:05.356+0000] {processor.py:840} INFO - DAG(s) 'example_dynamic_task_mapping' retrieved from /home/airflow/.local/lib/python3.12/site-packages/airflow/example_dags/example_dynamic_task_mapping.py
[2026-06-29T08:42:05.404+0000] {logging_mixin.py:188} INFO - [2026-06-29T08:42:05.403+0000] {dag.py:3096} INFO - Sync 1 DAGs
[2026-06-29T08:42:05.446+0000] {logging_mixin.py:188} INFO - [2026-06-29T08:42:05.446+0000] {dag.py:3954} INFO - Setting next_dagrun for example_dynamic_task_mapping to 2022-03-04 00:00:00+00:00, run_after=2022-03-05 00:00:00+00:00
[2026-06-29T08:42:05.464+0000] {processor.py:183} INFO - Processing /home/airflow/.local/lib/python3.12/site-packages/airflow/example_dags/example_dynamic_task_mapping.py took 0.150 seconds
[2026-06-29T08:42:36.142+0000] {processor.py:161} INFO - Started process (PID=1649) to work on /home/airflow/.local/lib/python3.12/site-packages/airflow/example_dags/example_dynamic_task_mapping.py
[2026-06-29T08:42:36.143+0000] {processor.py:830} INFO - Processing file /home/airflow/.local/lib/python3.12/site-packages/airflow/example_dags/example_dynamic_task_mapping.py for tasks to queue
[2026-06-29T08:42:36.145+0000] {logging_mixin.py:188} INFO - [2026-06-29T08:42:36.145+0000] {dagbag.py:545} INFO - Filling up the DagBag from /home/airflow/.local/lib/python3.12/site-packages/airflow/example_dags/example_dynamic_task_mapping.py
[2026-06-29T08:42:36.154+0000] {processor.py:840} INFO - DAG(s) 'example_dynamic_task_mapping' retrieved from /home/airflow/.local/lib/python3.12/site-packages/airflow/example_dags/example_dynamic_task_mapping.py
[2026-06-29T08:42:36.178+0000] {logging_mixin.py:188} INFO - [2026-06-29T08:42:36.177+0000] {dag.py:3096} INFO - Sync 1 DAGs
[2026-06-29T08:42:36.382+0000] {logging_mixin.py:188} INFO - [2026-06-29T08:42:36.382+0000] {dag.py:3954} INFO - Setting next_dagrun for example_dynamic_task_mapping to 2022-03-04 00:00:00+00:00, run_after=2022-03-05 00:00:00+00:00
[2026-06-29T08:42:36.400+0000] {processor.py:183} INFO - Processing /home/airflow/.local/lib/python3.12/site-packages/airflow/example_dags/example_dynamic_task_mapping.py took 0.264 seconds
[2026-06-29T08:43:06.890+0000] {processor.py:161} INFO - Started process (PID=1709) to work on /home/airflow/.local/lib/python3.12/site-packages/airflow/example_dags/example_dynamic_task_mapping.py
[2026-06-29T08:43:06.890+0000] {processor.py:830} INFO - Processing file /home/airflow/.local/lib/python3.12/site-packages/airflow/example_dags/example_dynamic_task_mapping.py for tasks to queue
[2026-06-29T08:43:06.892+0000] {logging_mixin.py:188} INFO - [2026-06-29T08:43:06.892+0000] {dagbag.py:545} INFO - Filling up the DagBag from /home/airflow/.local/lib/python3.12/site-packages/airflow/example_dags/example_dynamic_task_mapping.py
[2026-06-29T08:43:06.901+0000] {processor.py:840} INFO - DAG(s) 'example_dynamic_task_mapping' retrieved from /home/airflow/.local/lib/python3.12/site-packages/airflow/example_dags/example_dynamic_task_mapping.py
[2026-06-29T08:43:06.923+0000] {logging_mixin.py:188} INFO - [2026-06-29T08:43:06.923+0000] {dag.py:3096} INFO - Sync 1 DAGs
[2026-06-29T08:43:07.147+0000] {logging_mixin.py:188} INFO - [2026-06-29T08:43:07.146+0000] {dag.py:3954} INFO - Setting next_dagrun for example_dynamic_task_mapping to 2022-03-04 00:00:00+00:00, run_after=2022-03-05 00:00:00+00:00
[2026-06-29T08:43:07.167+0000] {processor.py:183} INFO - Processing /home/airflow/.local/lib/python3.12/site-packages/airflow/example_dags/example_dynamic_task_mapping.py took 0.284 seconds
[2026-06-29T08:43:37.308+0000] {processor.py:161} INFO - Started process (PID=1767) to work on /home/airflow/.local/lib/python3.12/site-packages/airflow/example_dags/example_dynamic_task_mapping.py
[2026-06-29T08:43:37.310+0000] {processor.py:830} INFO - Processing file /home/airflow/.local/lib/python3.12/site-packages/airflow/example_dags/example_dynamic_task_mapping.py for tasks to queue
[2026-06-29T08:43:37.312+0000] {logging_mixin.py:188} INFO - [2026-06-29T08:43:37.312+0000] {dagbag.py:545} INFO - Filling up the DagBag from /home/airflow/.local/lib/python3.12/site-packages/airflow/example_dags/example_dynamic_task_mapping.py
[2026-06-29T08:43:37.321+0000] {processor.py:840} INFO - DAG(s) 'example_dynamic_task_mapping' retrieved from /home/airflow/.local/lib/python3.12/site-packages/airflow/example_dags/example_dynamic_task_mapping.py
[2026-06-29T08:43:37.345+0000] {logging_mixin.py:188} INFO - [2026-06-29T08:43:37.345+0000] {dag.py:3096} INFO - Sync 1 DAGs
[2026-06-29T08:43:37.372+0000] {logging_mixin.py:188} INFO - [2026-06-29T08:43:37.371+0000] {dag.py:3954} INFO - Setting next_dagrun for example_dynamic_task_mapping to 2022-03-04 00:00:00+00:00, run_after=2022-03-05 00:00:00+00:00
[2026-06-29T08:43:37.569+0000] {processor.py:183} INFO - Processing /home/airflow/.local/lib/python3.12/site-packages/airflow/example_dags/example_dynamic_task_mapping.py took 0.267 seconds
[2026-06-29T08:44:08.077+0000] {processor.py:161} INFO - Started process (PID=1826) to work on /home/airflow/.local/lib/python3.12/site-packages/airflow/example_dags/example_dynamic_task_mapping.py
[2026-06-29T08:44:08.078+0000] {processor.py:830} INFO - Processing file /home/airflow/.local/lib/python3.12/site-packages/airflow/example_dags/example_dynamic_task_mapping.py for tasks to queue
[2026-06-29T08:44:08.081+0000] {logging_mixin.py:188} INFO - [2026-06-29T08:44:08.080+0000] {dagbag.py:545} INFO - Filling up the DagBag from /home/airflow/.local/lib/python3.12/site-packages/airflow/example_dags/example_dynamic_task_mapping.py
[2026-06-29T08:44:08.088+0000] {processor.py:840} INFO - DAG(s) 'example_dynamic_task_mapping' retrieved from /home/airflow/.local/lib/python3.12/site-packages/airflow/example_dags/example_dynamic_task_mapping.py
[2026-06-29T08:44:08.112+0000] {logging_mixin.py:188} INFO - [2026-06-29T08:44:08.112+0000] {dag.py:3096} INFO - Sync 1 DAGs
[2026-06-29T08:44:08.138+0000] {logging_mixin.py:188} INFO - [2026-06-29T08:44:08.138+0000] {dag.py:3954} INFO - Setting next_dagrun for example_dynamic_task_mapping to 2022-03-04 00:00:00+00:00, run_after=2022-03-05 00:00:00+00:00
[2026-06-29T08:44:08.161+0000] {processor.py:183} INFO - Processing /home/airflow/.local/lib/python3.12/site-packages/airflow/example_dags/example_dynamic_task_mapping.py took 0.093 seconds
[2026-06-29T08:44:38.807+0000] {processor.py:161} INFO - Started process (PID=1885) to work on /home/airflow/.local/lib/python3.12/site-packages/airflow/example_dags/example_dynamic_task_mapping.py
[2026-06-29T08:44:38.809+0000] {processor.py:830} INFO - Processing file /home/airflow/.local/lib/python3.12/site-packages/airflow/example_dags/example_dynamic_task_mapping.py for tasks to queue
[2026-06-29T08:44:38.813+0000] {logging_mixin.py:188} INFO - [2026-06-29T08:44:38.812+0000] {dagbag.py:545} INFO - Filling up the DagBag from /home/airflow/.local/lib/python3.12/site-packages/airflow/example_dags/example_dynamic_task_mapping.py
[2026-06-29T08:44:38.876+0000] {processor.py:840} INFO - DAG(s) 'example_dynamic_task_mapping' retrieved from /home/airflow/.local/lib/python3.12/site-packages/airflow/example_dags/example_dynamic_task_mapping.py
[2026-06-29T08:44:38.944+0000] {logging_mixin.py:188} INFO - [2026-06-29T08:44:38.944+0000] {dag.py:3096} INFO - Sync 1 DAGs
[2026-06-29T08:44:39.055+0000] {logging_mixin.py:188} INFO - [2026-06-29T08:44:39.055+0000] {dag.py:3954} INFO - Setting next_dagrun for example_dynamic_task_mapping to 2022-03-04 00:00:00+00:00, run_after=2022-03-05 00:00:00+00:00
[2026-06-29T08:44:39.119+0000] {processor.py:183} INFO - Processing /home/airflow/.local/lib/python3.12/site-packages/airflow/example_dags/example_dynamic_task_mapping.py took 0.377 seconds
[2026-06-29T08:45:09.217+0000] {processor.py:161} INFO - Started process (PID=1944) to work on /home/airflow/.local/lib/python3.12/site-packages/airflow/example_dags/example_dynamic_task_mapping.py
[2026-06-29T08:45:09.218+0000] {processor.py:830} INFO - Processing file /home/airflow/.local/lib/python3.12/site-packages/airflow/example_dags/example_dynamic_task_mapping.py for tasks to queue
[2026-06-29T08:45:09.221+0000] {logging_mixin.py:188} INFO - [2026-06-29T08:45:09.221+0000] {dagbag.py:545} INFO - Filling up the DagBag from /home/airflow/.local/lib/python3.12/site-packages/airflow/example_dags/example_dynamic_task_mapping.py
[2026-06-29T08:45:09.229+0000] {processor.py:840} INFO - DAG(s) 'example_dynamic_task_mapping' retrieved from /home/airflow/.local/lib/python3.12/site-packages/airflow/example_dags/example_dynamic_task_mapping.py
[2026-06-29T08:45:09.259+0000] {logging_mixin.py:188} INFO - [2026-06-29T08:45:09.259+0000] {dag.py:3096} INFO - Sync 1 DAGs
[2026-06-29T08:45:09.292+0000] {logging_mixin.py:188} INFO - [2026-06-29T08:45:09.292+0000] {dag.py:3954} INFO - Setting next_dagrun for example_dynamic_task_mapping to 2022-03-04 00:00:00+00:00, run_after=2022-03-05 00:00:00+00:00
[2026-06-29T08:45:09.307+0000] {processor.py:183} INFO - Processing /home/airflow/.local/lib/python3.12/site-packages/airflow/example_dags/example_dynamic_task_mapping.py took 0.096 seconds
[2026-06-29T08:45:39.335+0000] {processor.py:161} INFO - Started process (PID=2003) to work on /home/airflow/.local/lib/python3.12/site-packages/airflow/example_dags/example_dynamic_task_mapping.py
[2026-06-29T08:45:39.336+0000] {processor.py:830} INFO - Processing file /home/airflow/.local/lib/python3.12/site-packages/airflow/example_dags/example_dynamic_task_mapping.py for tasks to queue
[2026-06-29T08:45:39.337+0000] {logging_mixin.py:188} INFO - [2026-06-29T08:45:39.337+0000] {dagbag.py:545} INFO - Filling up the DagBag from /home/airflow/.local/lib/python3.12/site-packages/airflow/example_dags/example_dynamic_task_mapping.py
[2026-06-29T08:45:39.344+0000] {processor.py:840} INFO - DAG(s) 'example_dynamic_task_mapping' retrieved from /home/airflow/.local/lib/python3.12/site-packages/airflow/example_dags/example_dynamic_task_mapping.py
[2026-06-29T08:45:39.361+0000] {logging_mixin.py:188} INFO - [2026-06-29T08:45:39.361+0000] {dag.py:3096} INFO - Sync 1 DAGs
[2026-06-29T08:45:39.379+0000] {logging_mixin.py:188} INFO - [2026-06-29T08:45:39.379+0000] {dag.py:3954} INFO - Setting next_dagrun for example_dynamic_task_mapping to 2022-03-04 00:00:00+00:00, run_after=2022-03-05 00:00:00+00:00
[2026-06-29T08:45:39.394+0000] {processor.py:183} INFO - Processing /home/airflow/.local/lib/python3.12/site-packages/airflow/example_dags/example_dynamic_task_mapping.py took 0.064 seconds
[2026-06-29T08:46:09.863+0000] {processor.py:161} INFO - Started process (PID=2062) to work on /home/airflow/.local/lib/python3.12/site-packages/airflow/example_dags/example_dynamic_task_mapping.py
[2026-06-29T08:46:09.864+0000] {processor.py:830} INFO - Processing file /home/airflow/.local/lib/python3.12/site-packages/airflow/example_dags/example_dynamic_task_mapping.py for tasks to queue
[2026-06-29T08:46:09.865+0000] {logging_mixin.py:188} INFO - [2026-06-29T08:46:09.865+0000] {dagbag.py:545} INFO - Filling up the DagBag from /home/airflow/.local/lib/python3.12/site-packages/airflow/example_dags/example_dynamic_task_mapping.py
[2026-06-29T08:46:09.872+0000] {processor.py:840} INFO - DAG(s) 'example_dynamic_task_mapping' retrieved from /home/airflow/.local/lib/python3.12/site-packages/airflow/example_dags/example_dynamic_task_mapping.py
[2026-06-29T08:46:09.889+0000] {logging_mixin.py:188} INFO - [2026-06-29T08:46:09.888+0000] {dag.py:3096} INFO - Sync 1 DAGs
[2026-06-29T08:46:09.908+0000] {logging_mixin.py:188} INFO - [2026-06-29T08:46:09.908+0000] {dag.py:3954} INFO - Setting next_dagrun for example_dynamic_task_mapping to 2022-03-04 00:00:00+00:00, run_after=2022-03-05 00:00:00+00:00
[2026-06-29T08:46:09.923+0000] {processor.py:183} INFO - Processing /home/airflow/.local/lib/python3.12/site-packages/airflow/example_dags/example_dynamic_task_mapping.py took 0.066 seconds
[2026-06-29T08:46:40.102+0000] {processor.py:161} INFO - Started process (PID=2121) to work on /home/airflow/.local/lib/python3.12/site-packages/airflow/example_dags/example_dynamic_task_mapping.py
[2026-06-29T08:46:40.108+0000] {processor.py:830} INFO - Processing file /home/airflow/.local/lib/python3.12/site-packages/airflow/example_dags/example_dynamic_task_mapping.py for tasks to queue
[2026-06-29T08:46:40.111+0000] {logging_mixin.py:188} INFO - [2026-06-29T08:46:40.111+0000] {dagbag.py:545} INFO - Filling up the DagBag from /home/airflow/.local/lib/python3.12/site-packages/airflow/example_dags/example_dynamic_task_mapping.py
[2026-06-29T08:46:40.126+0000] {processor.py:840} INFO - DAG(s) 'example_dynamic_task_mapping' retrieved from /home/airflow/.local/lib/python3.12/site-packages/airflow/example_dags/example_dynamic_task_mapping.py
[2026-06-29T08:46:40.200+0000] {logging_mixin.py:188} INFO - [2026-06-29T08:46:40.198+0000] {dag.py:3096} INFO - Sync 1 DAGs
[2026-06-29T08:46:40.259+0000] {logging_mixin.py:188} INFO - [2026-06-29T08:46:40.259+0000] {dag.py:3954} INFO - Setting next_dagrun for example_dynamic_task_mapping to 2022-03-04 00:00:00+00:00, run_after=2022-03-05 00:00:00+00:00
[2026-06-29T08:46:40.286+0000] {processor.py:183} INFO - Processing /home/airflow/.local/lib/python3.12/site-packages/airflow/example_dags/example_dynamic_task_mapping.py took 0.195 seconds
[2026-06-29T08:47:11.206+0000] {processor.py:161} INFO - Started process (PID=2181) to work on /home/airflow/.local/lib/python3.12/site-packages/airflow/example_dags/example_dynamic_task_mapping.py
[2026-06-29T08:47:11.207+0000] {processor.py:830} INFO - Processing file /home/airflow/.local/lib/python3.12/site-packages/airflow/example_dags/example_dynamic_task_mapping.py for tasks to queue
[2026-06-29T08:47:11.209+0000] {logging_mixin.py:188} INFO - [2026-06-29T08:47:11.208+0000] {dagbag.py:545} INFO - Filling up the DagBag from /home/airflow/.local/lib/python3.12/site-packages/airflow/example_dags/example_dynamic_task_mapping.py
[2026-06-29T08:47:11.215+0000] {processor.py:840} INFO - DAG(s) 'example_dynamic_task_mapping' retrieved from /home/airflow/.local/lib/python3.12/site-packages/airflow/example_dags/example_dynamic_task_mapping.py
[2026-06-29T08:47:11.235+0000] {logging_mixin.py:188} INFO - [2026-06-29T08:47:11.235+0000] {dag.py:3096} INFO - Sync 1 DAGs
[2026-06-29T08:47:11.262+0000] {logging_mixin.py:188} INFO - [2026-06-29T08:47:11.262+0000] {dag.py:3954} INFO - Setting next_dagrun for example_dynamic_task_mapping to 2022-03-04 00:00:00+00:00, run_after=2022-03-05 00:00:00+00:00
[2026-06-29T08:47:11.282+0000] {processor.py:183} INFO - Processing /home/airflow/.local/lib/python3.12/site-packages/airflow/example_dags/example_dynamic_task_mapping.py took 0.081 seconds
[2026-06-29T08:47:41.365+0000] {processor.py:161} INFO - Started process (PID=2240) to work on /home/airflow/.local/lib/python3.12/site-packages/airflow/example_dags/example_dynamic_task_mapping.py
[2026-06-29T08:47:41.366+0000] {processor.py:830} INFO - Processing file /home/airflow/.local/lib/python3.12/site-packages/airflow/example_dags/example_dynamic_task_mapping.py for tasks to queue
[2026-06-29T08:47:41.368+0000] {logging_mixin.py:188} INFO - [2026-06-29T08:47:41.368+0000] {dagbag.py:545} INFO - Filling up the DagBag from /home/airflow/.local/lib/python3.12/site-packages/airflow/example_dags/example_dynamic_task_mapping.py
[2026-06-29T08:47:41.374+0000] {processor.py:840} INFO - DAG(s) 'example_dynamic_task_mapping' retrieved from /home/airflow/.local/lib/python3.12/site-packages/airflow/example_dags/example_dynamic_task_mapping.py
[2026-06-29T08:47:41.393+0000] {logging_mixin.py:188} INFO - [2026-06-29T08:47:41.393+0000] {dag.py:3096} INFO - Sync 1 DAGs
[2026-06-29T08:47:41.412+0000] {logging_mixin.py:188} INFO - [2026-06-29T08:47:41.412+0000] {dag.py:3954} INFO - Setting next_dagrun for example_dynamic_task_mapping to 2022-03-04 00:00:00+00:00, run_after=2022-03-05 00:00:00+00:00
[2026-06-29T08:47:41.427+0000] {processor.py:183} INFO - Processing /home/airflow/.local/lib/python3.12/site-packages/airflow/example_dags/example_dynamic_task_mapping.py took 0.067 seconds
[2026-06-29T08:48:11.823+0000] {processor.py:161} INFO - Started process (PID=2299) to work on /home/airflow/.local/lib/python3.12/site-packages/airflow/example_dags/example_dynamic_task_mapping.py
[2026-06-29T08:48:11.824+0000] {processor.py:830} INFO - Processing file /home/airflow/.local/lib/python3.12/site-packages/airflow/example_dags/example_dynamic_task_mapping.py for tasks to queue
[2026-06-29T08:48:11.830+0000] {logging_mixin.py:188} INFO - [2026-06-29T08:48:11.829+0000] {dagbag.py:545} INFO - Filling up the DagBag from /home/airflow/.local/lib/python3.12/site-packages/airflow/example_dags/example_dynamic_task_mapping.py
[2026-06-29T08:48:11.850+0000] {processor.py:840} INFO - DAG(s) 'example_dynamic_task_mapping' retrieved from /home/airflow/.local/lib/python3.12/site-packages/airflow/example_dags/example_dynamic_task_mapping.py
[2026-06-29T08:48:11.903+0000] {logging_mixin.py:188} INFO - [2026-06-29T08:48:11.903+0000] {dag.py:3096} INFO - Sync 1 DAGs
[2026-06-29T08:48:11.967+0000] {logging_mixin.py:188} INFO - [2026-06-29T08:48:11.963+0000] {dag.py:3954} INFO - Setting next_dagrun for example_dynamic_task_mapping to 2022-03-04 00:00:00+00:00, run_after=2022-03-05 00:00:00+00:00
[2026-06-29T08:48:12.011+0000] {processor.py:183} INFO - Processing /home/airflow/.local/lib/python3.12/site-packages/airflow/example_dags/example_dynamic_task_mapping.py took 0.208 seconds
[2026-06-29T08:48:42.620+0000] {processor.py:161} INFO - Started process (PID=2358) to work on /home/airflow/.local/lib/python3.12/site-packages/airflow/example_dags/example_dynamic_task_mapping.py
[2026-06-29T08:48:42.621+0000] {processor.py:830} INFO - Processing file /home/airflow/.local/lib/python3.12/site-packages/airflow/example_dags/example_dynamic_task_mapping.py for tasks to queue
[2026-06-29T08:48:42.623+0000] {logging_mixin.py:188} INFO - [2026-06-29T08:48:42.622+0000] {dagbag.py:545} INFO - Filling up the DagBag from /home/airflow/.local/lib/python3.12/site-packages/airflow/example_dags/example_dynamic_task_mapping.py
[2026-06-29T08:48:42.630+0000] {processor.py:840} INFO - DAG(s) 'example_dynamic_task_mapping' retrieved from /home/airflow/.local/lib/python3.12/site-packages/airflow/example_dags/example_dynamic_task_mapping.py
[2026-06-29T08:48:42.647+0000] {logging_mixin.py:188} INFO - [2026-06-29T08:48:42.647+0000] {dag.py:3096} INFO - Sync 1 DAGs
[2026-06-29T08:48:42.667+0000] {logging_mixin.py:188} INFO - [2026-06-29T08:48:42.666+0000] {dag.py:3954} INFO - Setting next_dagrun for example_dynamic_task_mapping to 2022-03-04 00:00:00+00:00, run_after=2022-03-05 00:00:00+00:00
[2026-06-29T08:48:42.682+0000] {processor.py:183} INFO - Processing /home/airflow/.local/lib/python3.12/site-packages/airflow/example_dags/example_dynamic_task_mapping.py took 0.067 seconds
[2026-06-29T08:49:13.225+0000] {processor.py:161} INFO - Started process (PID=2417) to work on /home/airflow/.local/lib/python3.12/site-packages/airflow/example_dags/example_dynamic_task_mapping.py
[2026-06-29T08:49:13.226+0000] {processor.py:830} INFO - Processing file /home/airflow/.local/lib/python3.12/site-packages/airflow/example_dags/example_dynamic_task_mapping.py for tasks to queue
[2026-06-29T08:49:13.228+0000] {logging_mixin.py:188} INFO - [2026-06-29T08:49:13.228+0000] {dagbag.py:545} INFO - Filling up the DagBag from /home/airflow/.local/lib/python3.12/site-packages/airflow/example_dags/example_dynamic_task_mapping.py
[2026-06-29T08:49:13.236+0000] {processor.py:840} INFO - DAG(s) 'example_dynamic_task_mapping' retrieved from /home/airflow/.local/lib/python3.12/site-packages/airflow/example_dags/example_dynamic_task_mapping.py
[2026-06-29T08:49:13.254+0000] {logging_mixin.py:188} INFO - [2026-06-29T08:49:13.254+0000] {dag.py:3096} INFO - Sync 1 DAGs
[2026-06-29T08:49:13.273+0000] {logging_mixin.py:188} INFO - [2026-06-29T08:49:13.272+0000] {dag.py:3954} INFO - Setting next_dagrun for example_dynamic_task_mapping to 2022-03-04 00:00:00+00:00, run_after=2022-03-05 00:00:00+00:00
[2026-06-29T08:49:13.290+0000] {processor.py:183} INFO - Processing /home/airflow/.local/lib/python3.12/site-packages/airflow/example_dags/example_dynamic_task_mapping.py took 0.070 seconds
[2026-06-29T08:49:43.969+0000] {processor.py:161} INFO - Started process (PID=2476) to work on /home/airflow/.local/lib/python3.12/site-packages/airflow/example_dags/example_dynamic_task_mapping.py
[2026-06-29T08:49:43.971+0000] {processor.py:830} INFO - Processing file /home/airflow/.local/lib/python3.12/site-packages/airflow/example_dags/example_dynamic_task_mapping.py for tasks to queue
[2026-06-29T08:49:43.975+0000] {logging_mixin.py:188} INFO - [2026-06-29T08:49:43.974+0000] {dagbag.py:545} INFO - Filling up the DagBag from /home/airflow/.local/lib/python3.12/site-packages/airflow/example_dags/example_dynamic_task_mapping.py
[2026-06-29T08:49:43.985+0000] {processor.py:840} INFO - DAG(s) 'example_dynamic_task_mapping' retrieved from /home/airflow/.local/lib/python3.12/site-packages/airflow/example_dags/example_dynamic_task_mapping.py
[2026-06-29T08:49:44.016+0000] {logging_mixin.py:188} INFO - [2026-06-29T08:49:44.016+0000] {dag.py:3096} INFO - Sync 1 DAGs
[2026-06-29T08:49:44.042+0000] {logging_mixin.py:188} INFO - [2026-06-29T08:49:44.042+0000] {dag.py:3954} INFO - Setting next_dagrun for example_dynamic_task_mapping to 2022-03-04 00:00:00+00:00, run_after=2022-03-05 00:00:00+00:00
[2026-06-29T08:49:44.058+0000] {processor.py:183} INFO - Processing /home/airflow/.local/lib/python3.12/site-packages/airflow/example_dags/example_dynamic_task_mapping.py took 0.108 seconds
[2026-06-29T08:50:14.936+0000] {processor.py:161} INFO - Started process (PID=2535) to work on /home/airflow/.local/lib/python3.12/site-packages/airflow/example_dags/example_dynamic_task_mapping.py
[2026-06-29T08:50:14.937+0000] {processor.py:830} INFO - Processing file /home/airflow/.local/lib/python3.12/site-packages/airflow/example_dags/example_dynamic_task_mapping.py for tasks to queue
[2026-06-29T08:50:14.939+0000] {logging_mixin.py:188} INFO - [2026-06-29T08:50:14.939+0000] {dagbag.py:545} INFO - Filling up the DagBag from /home/airflow/.local/lib/python3.12/site-packages/airflow/example_dags/example_dynamic_task_mapping.py
[2026-06-29T08:50:14.948+0000] {processor.py:840} INFO - DAG(s) 'example_dynamic_task_mapping' retrieved from /home/airflow/.local/lib/python3.12/site-packages/airflow/example_dags/example_dynamic_task_mapping.py
[2026-06-29T08:50:14.975+0000] {logging_mixin.py:188} INFO - [2026-06-29T08:50:14.974+0000] {dag.py:3096} INFO - Sync 1 DAGs
[2026-06-29T08:50:15.027+0000] {logging_mixin.py:188} INFO - [2026-06-29T08:50:15.026+0000] {dag.py:3954} INFO - Setting next_dagrun for example_dynamic_task_mapping to 2022-03-04 00:00:00+00:00, run_after=2022-03-05 00:00:00+00:00
[2026-06-29T08:50:15.082+0000] {processor.py:183} INFO - Processing /home/airflow/.local/lib/python3.12/site-packages/airflow/example_dags/example_dynamic_task_mapping.py took 0.154 seconds
[2026-06-29T08:50:45.497+0000] {processor.py:161} INFO - Started process (PID=2594) to work on /home/airflow/.local/lib/python3.12/site-packages/airflow/example_dags/example_dynamic_task_mapping.py
[2026-06-29T08:50:45.498+0000] {processor.py:830} INFO - Processing file /home/airflow/.local/lib/python3.12/site-packages/airflow/example_dags/example_dynamic_task_mapping.py for tasks to queue
[2026-06-29T08:50:45.500+0000] {logging_mixin.py:188} INFO - [2026-06-29T08:50:45.500+0000] {dagbag.py:545} INFO - Filling up the DagBag from /home/airflow/.local/lib/python3.12/site-packages/airflow/example_dags/example_dynamic_task_mapping.py
[2026-06-29T08:50:45.509+0000] {processor.py:840} INFO - DAG(s) 'example_dynamic_task_mapping' retrieved from /home/airflow/.local/lib/python3.12/site-packages/airflow/example_dags/example_dynamic_task_mapping.py
[2026-06-29T08:50:45.534+0000] {logging_mixin.py:188} INFO - [2026-06-29T08:50:45.534+0000] {dag.py:3096} INFO - Sync 1 DAGs
[2026-06-29T08:50:45.598+0000] {logging_mixin.py:188} INFO - [2026-06-29T08:50:45.597+0000] {dag.py:3954} INFO - Setting next_dagrun for example_dynamic_task_mapping to 2022-03-04 00:00:00+00:00, run_after=2022-03-05 00:00:00+00:00
[2026-06-29T08:50:45.645+0000] {processor.py:183} INFO - Processing /home/airflow/.local/lib/python3.12/site-packages/airflow/example_dags/example_dynamic_task_mapping.py took 0.155 seconds
[2026-06-29T08:51:15.986+0000] {processor.py:161} INFO - Started process (PID=2653) to work on /home/airflow/.local/lib/python3.12/site-packages/airflow/example_dags/example_dynamic_task_mapping.py
[2026-06-29T08:51:15.987+0000] {processor.py:830} INFO - Processing file /home/airflow/.local/lib/python3.12/site-packages/airflow/example_dags/example_dynamic_task_mapping.py for tasks to queue
[2026-06-29T08:51:15.990+0000] {logging_mixin.py:188} INFO - [2026-06-29T08:51:15.989+0000] {dagbag.py:545} INFO - Filling up the DagBag from /home/airflow/.local/lib/python3.12/site-packages/airflow/example_dags/example_dynamic_task_mapping.py
[2026-06-29T08:51:15.998+0000] {processor.py:840} INFO - DAG(s) 'example_dynamic_task_mapping' retrieved from /home/airflow/.local/lib/python3.12/site-packages/airflow/example_dags/example_dynamic_task_mapping.py
[2026-06-29T08:51:16.025+0000] {logging_mixin.py:188} INFO - [2026-06-29T08:51:16.024+0000] {dag.py:3096} INFO - Sync 1 DAGs
[2026-06-29T08:51:16.060+0000] {logging_mixin.py:188} INFO - [2026-06-29T08:51:16.060+0000] {dag.py:3954} INFO - Setting next_dagrun for example_dynamic_task_mapping to 2022-03-04 00:00:00+00:00, run_after=2022-03-05 00:00:00+00:00
[2026-06-29T08:51:16.082+0000] {processor.py:183} INFO - Processing /home/airflow/.local/lib/python3.12/site-packages/airflow/example_dags/example_dynamic_task_mapping.py took 0.107 seconds
[2026-06-29T08:51:46.987+0000] {processor.py:161} INFO - Started process (PID=2712) to work on /home/airflow/.local/lib/python3.12/site-packages/airflow/example_dags/example_dynamic_task_mapping.py
[2026-06-29T08:51:47.000+0000] {processor.py:830} INFO - Processing file /home/airflow/.local/lib/python3.12/site-packages/airflow/example_dags/example_dynamic_task_mapping.py for tasks to queue
[2026-06-29T08:51:47.024+0000] {logging_mixin.py:188} INFO - [2026-06-29T08:51:47.024+0000] {dagbag.py:545} INFO - Filling up the DagBag from /home/airflow/.local/lib/python3.12/site-packages/airflow/example_dags/example_dynamic_task_mapping.py
[2026-06-29T08:51:47.101+0000] {processor.py:840} INFO - DAG(s) 'example_dynamic_task_mapping' retrieved from /home/airflow/.local/lib/python3.12/site-packages/airflow/example_dags/example_dynamic_task_mapping.py
[2026-06-29T08:51:47.260+0000] {logging_mixin.py:188} INFO - [2026-06-29T08:51:47.260+0000] {dag.py:3096} INFO - Sync 1 DAGs
[2026-06-29T08:51:47.396+0000] {logging_mixin.py:188} INFO - [2026-06-29T08:51:47.396+0000] {dag.py:3954} INFO - Setting next_dagrun for example_dynamic_task_mapping to 2022-03-04 00:00:00+00:00, run_after=2022-03-05 00:00:00+00:00
[2026-06-29T08:51:47.505+0000] {processor.py:183} INFO - Processing /home/airflow/.local/lib/python3.12/site-packages/airflow/example_dags/example_dynamic_task_mapping.py took 0.573 seconds
[2026-06-29T08:52:17.898+0000] {processor.py:161} INFO - Started process (PID=2770) to work on /home/airflow/.local/lib/python3.12/site-packages/airflow/example_dags/example_dynamic_task_mapping.py
[2026-06-29T08:52:17.899+0000] {processor.py:830} INFO - Processing file /home/airflow/.local/lib/python3.12/site-packages/airflow/example_dags/example_dynamic_task_mapping.py for tasks to queue
[2026-06-29T08:52:17.905+0000] {logging_mixin.py:188} INFO - [2026-06-29T08:52:17.905+0000] {dagbag.py:545} INFO - Filling up the DagBag from /home/airflow/.local/lib/python3.12/site-packages/airflow/example_dags/example_dynamic_task_mapping.py
[2026-06-29T08:52:17.923+0000] {processor.py:840} INFO - DAG(s) 'example_dynamic_task_mapping' retrieved from /home/airflow/.local/lib/python3.12/site-packages/airflow/example_dags/example_dynamic_task_mapping.py
[2026-06-29T08:52:17.972+0000] {logging_mixin.py:188} INFO - [2026-06-29T08:52:17.972+0000] {dag.py:3096} INFO - Sync 1 DAGs
[2026-06-29T08:52:18.014+0000] {logging_mixin.py:188} INFO - [2026-06-29T08:52:18.014+0000] {dag.py:3954} INFO - Setting next_dagrun for example_dynamic_task_mapping to 2022-03-04 00:00:00+00:00, run_after=2022-03-05 00:00:00+00:00
[2026-06-29T08:52:18.034+0000] {processor.py:183} INFO - Processing /home/airflow/.local/lib/python3.12/site-packages/airflow/example_dags/example_dynamic_task_mapping.py took 0.154 seconds
[2026-06-29T08:52:48.454+0000] {processor.py:161} INFO - Started process (PID=2829) to work on /home/airflow/.local/lib/python3.12/site-packages/airflow/example_dags/example_dynamic_task_mapping.py
[2026-06-29T08:52:48.455+0000] {processor.py:830} INFO - Processing file /home/airflow/.local/lib/python3.12/site-packages/airflow/example_dags/example_dynamic_task_mapping.py for tasks to queue
[2026-06-29T08:52:48.457+0000] {logging_mixin.py:188} INFO - [2026-06-29T08:52:48.457+0000] {dagbag.py:545} INFO - Filling up the DagBag from /home/airflow/.local/lib/python3.12/site-packages/airflow/example_dags/example_dynamic_task_mapping.py
[2026-06-29T08:52:48.465+0000] {processor.py:840} INFO - DAG(s) 'example_dynamic_task_mapping' retrieved from /home/airflow/.local/lib/python3.12/site-packages/airflow/example_dags/example_dynamic_task_mapping.py
[2026-06-29T08:52:48.489+0000] {logging_mixin.py:188} INFO - [2026-06-29T08:52:48.489+0000] {dag.py:3096} INFO - Sync 1 DAGs
[2026-06-29T08:52:48.515+0000] {logging_mixin.py:188} INFO - [2026-06-29T08:52:48.515+0000] {dag.py:3954} INFO - Setting next_dagrun for example_dynamic_task_mapping to 2022-03-04 00:00:00+00:00, run_after=2022-03-05 00:00:00+00:00
[2026-06-29T08:52:48.534+0000] {processor.py:183} INFO - Processing /home/airflow/.local/lib/python3.12/site-packages/airflow/example_dags/example_dynamic_task_mapping.py took 0.087 seconds
[2026-06-29T08:53:18.804+0000] {processor.py:161} INFO - Started process (PID=2889) to work on /home/airflow/.local/lib/python3.12/site-packages/airflow/example_dags/example_dynamic_task_mapping.py
[2026-06-29T08:53:18.805+0000] {processor.py:830} INFO - Processing file /home/airflow/.local/lib/python3.12/site-packages/airflow/example_dags/example_dynamic_task_mapping.py for tasks to queue
[2026-06-29T08:53:18.807+0000] {logging_mixin.py:188} INFO - [2026-06-29T08:53:18.807+0000] {dagbag.py:545} INFO - Filling up the DagBag from /home/airflow/.local/lib/python3.12/site-packages/airflow/example_dags/example_dynamic_task_mapping.py
[2026-06-29T08:53:18.815+0000] {processor.py:840} INFO - DAG(s) 'example_dynamic_task_mapping' retrieved from /home/airflow/.local/lib/python3.12/site-packages/airflow/example_dags/example_dynamic_task_mapping.py
[2026-06-29T08:53:18.843+0000] {logging_mixin.py:188} INFO - [2026-06-29T08:53:18.843+0000] {dag.py:3096} INFO - Sync 1 DAGs
[2026-06-29T08:53:18.869+0000] {logging_mixin.py:188} INFO - [2026-06-29T08:53:18.869+0000] {dag.py:3954} INFO - Setting next_dagrun for example_dynamic_task_mapping to 2022-03-04 00:00:00+00:00, run_after=2022-03-05 00:00:00+00:00
[2026-06-29T08:53:18.894+0000] {processor.py:183} INFO - Processing /home/airflow/.local/lib/python3.12/site-packages/airflow/example_dags/example_dynamic_task_mapping.py took 0.097 seconds
[2026-06-29T08:53:49.136+0000] {processor.py:161} INFO - Started process (PID=2948) to work on /home/airflow/.local/lib/python3.12/site-packages/airflow/example_dags/example_dynamic_task_mapping.py
[2026-06-29T08:53:49.137+0000] {processor.py:830} INFO - Processing file /home/airflow/.local/lib/python3.12/site-packages/airflow/example_dags/example_dynamic_task_mapping.py for tasks to queue
[2026-06-29T08:53:49.140+0000] {logging_mixin.py:188} INFO - [2026-06-29T08:53:49.139+0000] {dagbag.py:545} INFO - Filling up the DagBag from /home/airflow/.local/lib/python3.12/site-packages/airflow/example_dags/example_dynamic_task_mapping.py
[2026-06-29T08:53:49.155+0000] {processor.py:840} INFO - DAG(s) 'example_dynamic_task_mapping' retrieved from /home/airflow/.local/lib/python3.12/site-packages/airflow/example_dags/example_dynamic_task_mapping.py
[2026-06-29T08:53:49.202+0000] {logging_mixin.py:188} INFO - [2026-06-29T08:53:49.202+0000] {dag.py:3096} INFO - Sync 1 DAGs
[2026-06-29T08:53:49.229+0000] {logging_mixin.py:188} INFO - [2026-06-29T08:53:49.229+0000] {dag.py:3954} INFO - Setting next_dagrun for example_dynamic_task_mapping to 2022-03-04 00:00:00+00:00, run_after=2022-03-05 00:00:00+00:00
[2026-06-29T08:53:49.250+0000] {processor.py:183} INFO - Processing /home/airflow/.local/lib/python3.12/site-packages/airflow/example_dags/example_dynamic_task_mapping.py took 0.121 seconds
[2026-06-29T08:54:19.328+0000] {processor.py:161} INFO - Started process (PID=3007) to work on /home/airflow/.local/lib/python3.12/site-packages/airflow/example_dags/example_dynamic_task_mapping.py
[2026-06-29T08:54:19.329+0000] {processor.py:830} INFO - Processing file /home/airflow/.local/lib/python3.12/site-packages/airflow/example_dags/example_dynamic_task_mapping.py for tasks to queue
[2026-06-29T08:54:19.331+0000] {logging_mixin.py:188} INFO - [2026-06-29T08:54:19.331+0000] {dagbag.py:545} INFO - Filling up the DagBag from /home/airflow/.local/lib/python3.12/site-packages/airflow/example_dags/example_dynamic_task_mapping.py
[2026-06-29T08:54:19.339+0000] {processor.py:840} INFO - DAG(s) 'example_dynamic_task_mapping' retrieved from /home/airflow/.local/lib/python3.12/site-packages/airflow/example_dags/example_dynamic_task_mapping.py
[2026-06-29T08:54:19.365+0000] {logging_mixin.py:188} INFO - [2026-06-29T08:54:19.364+0000] {dag.py:3096} INFO - Sync 1 DAGs
[2026-06-29T08:54:19.391+0000] {logging_mixin.py:188} INFO - [2026-06-29T08:54:19.391+0000] {dag.py:3954} INFO - Setting next_dagrun for example_dynamic_task_mapping to 2022-03-04 00:00:00+00:00, run_after=2022-03-05 00:00:00+00:00
[2026-06-29T08:54:19.413+0000] {processor.py:183} INFO - Processing /home/airflow/.local/lib/python3.12/site-packages/airflow/example_dags/example_dynamic_task_mapping.py took 0.092 seconds
[2026-06-29T08:54:49.770+0000] {processor.py:161} INFO - Started process (PID=3065) to work on /home/airflow/.local/lib/python3.12/site-packages/airflow/example_dags/example_dynamic_task_mapping.py
[2026-06-29T08:54:49.771+0000] {processor.py:830} INFO - Processing file /home/airflow/.local/lib/python3.12/site-packages/airflow/example_dags/example_dynamic_task_mapping.py for tasks to queue
[2026-06-29T08:54:49.773+0000] {logging_mixin.py:188} INFO - [2026-06-29T08:54:49.773+0000] {dagbag.py:545} INFO - Filling up the DagBag from /home/airflow/.local/lib/python3.12/site-packages/airflow/example_dags/example_dynamic_task_mapping.py
[2026-06-29T08:54:49.782+0000] {processor.py:840} INFO - DAG(s) 'example_dynamic_task_mapping' retrieved from /home/airflow/.local/lib/python3.12/site-packages/airflow/example_dags/example_dynamic_task_mapping.py
[2026-06-29T08:54:49.807+0000] {logging_mixin.py:188} INFO - [2026-06-29T08:54:49.806+0000] {dag.py:3096} INFO - Sync 1 DAGs
[2026-06-29T08:54:49.838+0000] {logging_mixin.py:188} INFO - [2026-06-29T08:54:49.838+0000] {dag.py:3954} INFO - Setting next_dagrun for example_dynamic_task_mapping to 2022-03-04 00:00:00+00:00, run_after=2022-03-05 00:00:00+00:00
[2026-06-29T08:54:49.860+0000] {processor.py:183} INFO - Processing /home/airflow/.local/lib/python3.12/site-packages/airflow/example_dags/example_dynamic_task_mapping.py took 0.096 seconds
[2026-06-29T08:55:19.988+0000] {processor.py:161} INFO - Started process (PID=3124) to work on /home/airflow/.local/lib/python3.12/site-packages/airflow/example_dags/example_dynamic_task_mapping.py
[2026-06-29T08:55:19.989+0000] {processor.py:830} INFO - Processing file /home/airflow/.local/lib/python3.12/site-packages/airflow/example_dags/example_dynamic_task_mapping.py for tasks to queue
[2026-06-29T08:55:19.991+0000] {logging_mixin.py:188} INFO - [2026-06-29T08:55:19.991+0000] {dagbag.py:545} INFO - Filling up the DagBag from /home/airflow/.local/lib/python3.12/site-packages/airflow/example_dags/example_dynamic_task_mapping.py
[2026-06-29T08:55:20.003+0000] {processor.py:840} INFO - DAG(s) 'example_dynamic_task_mapping' retrieved from /home/airflow/.local/lib/python3.12/site-packages/airflow/example_dags/example_dynamic_task_mapping.py
[2026-06-29T08:55:20.026+0000] {logging_mixin.py:188} INFO - [2026-06-29T08:55:20.026+0000] {dag.py:3096} INFO - Sync 1 DAGs
[2026-06-29T08:55:20.057+0000] {logging_mixin.py:188} INFO - [2026-06-29T08:55:20.057+0000] {dag.py:3954} INFO - Setting next_dagrun for example_dynamic_task_mapping to 2022-03-04 00:00:00+00:00, run_after=2022-03-05 00:00:00+00:00
[2026-06-29T08:55:20.090+0000] {processor.py:183} INFO - Processing /home/airflow/.local/lib/python3.12/site-packages/airflow/example_dags/example_dynamic_task_mapping.py took 0.109 seconds
[2026-06-29T08:55:50.357+0000] {processor.py:161} INFO - Started process (PID=3183) to work on /home/airflow/.local/lib/python3.12/site-packages/airflow/example_dags/example_dynamic_task_mapping.py
[2026-06-29T08:55:50.358+0000] {processor.py:830} INFO - Processing file /home/airflow/.local/lib/python3.12/site-packages/airflow/example_dags/example_dynamic_task_mapping.py for tasks to queue
[2026-06-29T08:55:50.361+0000] {logging_mixin.py:188} INFO - [2026-06-29T08:55:50.360+0000] {dagbag.py:545} INFO - Filling up the DagBag from /home/airflow/.local/lib/python3.12/site-packages/airflow/example_dags/example_dynamic_task_mapping.py
[2026-06-29T08:55:50.369+0000] {processor.py:840} INFO - DAG(s) 'example_dynamic_task_mapping' retrieved from /home/airflow/.local/lib/python3.12/site-packages/airflow/example_dags/example_dynamic_task_mapping.py
[2026-06-29T08:55:50.396+0000] {logging_mixin.py:188} INFO - [2026-06-29T08:55:50.395+0000] {dag.py:3096} INFO - Sync 1 DAGs
[2026-06-29T08:55:50.423+0000] {logging_mixin.py:188} INFO - [2026-06-29T08:55:50.422+0000] {dag.py:3954} INFO - Setting next_dagrun for example_dynamic_task_mapping to 2022-03-04 00:00:00+00:00, run_after=2022-03-05 00:00:00+00:00
[2026-06-29T08:55:50.445+0000] {processor.py:183} INFO - Processing /home/airflow/.local/lib/python3.12/site-packages/airflow/example_dags/example_dynamic_task_mapping.py took 0.094 seconds
[2026-06-29T08:56:20.606+0000] {processor.py:161} INFO - Started process (PID=3242) to work on /home/airflow/.local/lib/python3.12/site-packages/airflow/example_dags/example_dynamic_task_mapping.py
[2026-06-29T08:56:20.607+0000] {processor.py:830} INFO - Processing file /home/airflow/.local/lib/python3.12/site-packages/airflow/example_dags/example_dynamic_task_mapping.py for tasks to queue
[2026-06-29T08:56:20.615+0000] {logging_mixin.py:188} INFO - [2026-06-29T08:56:20.614+0000] {dagbag.py:545} INFO - Filling up the DagBag from /home/airflow/.local/lib/python3.12/site-packages/airflow/example_dags/example_dynamic_task_mapping.py
[2026-06-29T08:56:20.649+0000] {processor.py:840} INFO - DAG(s) 'example_dynamic_task_mapping' retrieved from /home/airflow/.local/lib/python3.12/site-packages/airflow/example_dags/example_dynamic_task_mapping.py
[2026-06-29T08:56:20.736+0000] {logging_mixin.py:188} INFO - [2026-06-29T08:56:20.736+0000] {dag.py:3096} INFO - Sync 1 DAGs
[2026-06-29T08:56:20.890+0000] {logging_mixin.py:188} INFO - [2026-06-29T08:56:20.890+0000] {dag.py:3954} INFO - Setting next_dagrun for example_dynamic_task_mapping to 2022-03-04 00:00:00+00:00, run_after=2022-03-05 00:00:00+00:00
[2026-06-29T08:56:21.035+0000] {processor.py:183} INFO - Processing /home/airflow/.local/lib/python3.12/site-packages/airflow/example_dags/example_dynamic_task_mapping.py took 0.483 seconds
[2026-06-29T08:56:51.415+0000] {processor.py:161} INFO - Started process (PID=3301) to work on /home/airflow/.local/lib/python3.12/site-packages/airflow/example_dags/example_dynamic_task_mapping.py
[2026-06-29T08:56:51.425+0000] {processor.py:830} INFO - Processing file /home/airflow/.local/lib/python3.12/site-packages/airflow/example_dags/example_dynamic_task_mapping.py for tasks to queue
[2026-06-29T08:56:51.442+0000] {logging_mixin.py:188} INFO - [2026-06-29T08:56:51.440+0000] {dagbag.py:545} INFO - Filling up the DagBag from /home/airflow/.local/lib/python3.12/site-packages/airflow/example_dags/example_dynamic_task_mapping.py
[2026-06-29T08:56:51.537+0000] {processor.py:840} INFO - DAG(s) 'example_dynamic_task_mapping' retrieved from /home/airflow/.local/lib/python3.12/site-packages/airflow/example_dags/example_dynamic_task_mapping.py
[2026-06-29T08:56:51.720+0000] {logging_mixin.py:188} INFO - [2026-06-29T08:56:51.720+0000] {dag.py:3096} INFO - Sync 1 DAGs
[2026-06-29T08:56:51.782+0000] {logging_mixin.py:188} INFO - [2026-06-29T08:56:51.782+0000] {dag.py:3954} INFO - Setting next_dagrun for example_dynamic_task_mapping to 2022-03-04 00:00:00+00:00, run_after=2022-03-05 00:00:00+00:00
[2026-06-29T08:56:51.813+0000] {processor.py:183} INFO - Processing /home/airflow/.local/lib/python3.12/site-packages/airflow/example_dags/example_dynamic_task_mapping.py took 0.408 seconds
[2026-06-29T08:57:21.969+0000] {processor.py:161} INFO - Started process (PID=3360) to work on /home/airflow/.local/lib/python3.12/site-packages/airflow/example_dags/example_dynamic_task_mapping.py
[2026-06-29T08:57:21.976+0000] {processor.py:830} INFO - Processing file /home/airflow/.local/lib/python3.12/site-packages/airflow/example_dags/example_dynamic_task_mapping.py for tasks to queue
[2026-06-29T08:57:21.983+0000] {logging_mixin.py:188} INFO - [2026-06-29T08:57:21.982+0000] {dagbag.py:545} INFO - Filling up the DagBag from /home/airflow/.local/lib/python3.12/site-packages/airflow/example_dags/example_dynamic_task_mapping.py
[2026-06-29T08:57:22.008+0000] {processor.py:840} INFO - DAG(s) 'example_dynamic_task_mapping' retrieved from /home/airflow/.local/lib/python3.12/site-packages/airflow/example_dags/example_dynamic_task_mapping.py
[2026-06-29T08:57:22.036+0000] {logging_mixin.py:188} INFO - [2026-06-29T08:57:22.036+0000] {dag.py:3096} INFO - Sync 1 DAGs
[2026-06-29T08:57:22.064+0000] {logging_mixin.py:188} INFO - [2026-06-29T08:57:22.063+0000] {dag.py:3954} INFO - Setting next_dagrun for example_dynamic_task_mapping to 2022-03-04 00:00:00+00:00, run_after=2022-03-05 00:00:00+00:00
[2026-06-29T08:57:22.083+0000] {processor.py:183} INFO - Processing /home/airflow/.local/lib/python3.12/site-packages/airflow/example_dags/example_dynamic_task_mapping.py took 0.134 seconds
[2026-06-29T08:57:52.291+0000] {processor.py:161} INFO - Started process (PID=3419) to work on /home/airflow/.local/lib/python3.12/site-packages/airflow/example_dags/example_dynamic_task_mapping.py
[2026-06-29T08:57:52.293+0000] {processor.py:830} INFO - Processing file /home/airflow/.local/lib/python3.12/site-packages/airflow/example_dags/example_dynamic_task_mapping.py for tasks to queue
[2026-06-29T08:57:52.298+0000] {logging_mixin.py:188} INFO - [2026-06-29T08:57:52.297+0000] {dagbag.py:545} INFO - Filling up the DagBag from /home/airflow/.local/lib/python3.12/site-packages/airflow/example_dags/example_dynamic_task_mapping.py
[2026-06-29T08:57:52.308+0000] {processor.py:840} INFO - DAG(s) 'example_dynamic_task_mapping' retrieved from /home/airflow/.local/lib/python3.12/site-packages/airflow/example_dags/example_dynamic_task_mapping.py
[2026-06-29T08:57:52.347+0000] {logging_mixin.py:188} INFO - [2026-06-29T08:57:52.347+0000] {dag.py:3096} INFO - Sync 1 DAGs
[2026-06-29T08:57:52.379+0000] {logging_mixin.py:188} INFO - [2026-06-29T08:57:52.378+0000] {dag.py:3954} INFO - Setting next_dagrun for example_dynamic_task_mapping to 2022-03-04 00:00:00+00:00, run_after=2022-03-05 00:00:00+00:00
[2026-06-29T08:57:52.398+0000] {processor.py:183} INFO - Processing /home/airflow/.local/lib/python3.12/site-packages/airflow/example_dags/example_dynamic_task_mapping.py took 0.117 seconds
[2026-06-29T08:58:23.139+0000] {processor.py:161} INFO - Started process (PID=3477) to work on /home/airflow/.local/lib/python3.12/site-packages/airflow/example_dags/example_dynamic_task_mapping.py
[2026-06-29T08:58:23.140+0000] {processor.py:830} INFO - Processing file /home/airflow/.local/lib/python3.12/site-packages/airflow/example_dags/example_dynamic_task_mapping.py for tasks to queue
[2026-06-29T08:58:23.143+0000] {logging_mixin.py:188} INFO - [2026-06-29T08:58:23.142+0000] {dagbag.py:545} INFO - Filling up the DagBag from /home/airflow/.local/lib/python3.12/site-packages/airflow/example_dags/example_dynamic_task_mapping.py
[2026-06-29T08:58:23.151+0000] {processor.py:840} INFO - DAG(s) 'example_dynamic_task_mapping' retrieved from /home/airflow/.local/lib/python3.12/site-packages/airflow/example_dags/example_dynamic_task_mapping.py
[2026-06-29T08:58:23.178+0000] {logging_mixin.py:188} INFO - [2026-06-29T08:58:23.177+0000] {dag.py:3096} INFO - Sync 1 DAGs
[2026-06-29T08:58:23.212+0000] {logging_mixin.py:188} INFO - [2026-06-29T08:58:23.212+0000] {dag.py:3954} INFO - Setting next_dagrun for example_dynamic_task_mapping to 2022-03-04 00:00:00+00:00, run_after=2022-03-05 00:00:00+00:00
[2026-06-29T08:58:23.235+0000] {processor.py:183} INFO - Processing /home/airflow/.local/lib/python3.12/site-packages/airflow/example_dags/example_dynamic_task_mapping.py took 0.102 seconds
[2026-06-29T08:58:53.484+0000] {processor.py:161} INFO - Started process (PID=3536) to work on /home/airflow/.local/lib/python3.12/site-packages/airflow/example_dags/example_dynamic_task_mapping.py
[2026-06-29T08:58:53.485+0000] {processor.py:830} INFO - Processing file /home/airflow/.local/lib/python3.12/site-packages/airflow/example_dags/example_dynamic_task_mapping.py for tasks to queue
[2026-06-29T08:58:53.489+0000] {logging_mixin.py:188} INFO - [2026-06-29T08:58:53.488+0000] {dagbag.py:545} INFO - Filling up the DagBag from /home/airflow/.local/lib/python3.12/site-packages/airflow/example_dags/example_dynamic_task_mapping.py
[2026-06-29T08:58:53.501+0000] {processor.py:840} INFO - DAG(s) 'example_dynamic_task_mapping' retrieved from /home/airflow/.local/lib/python3.12/site-packages/airflow/example_dags/example_dynamic_task_mapping.py
[2026-06-29T08:58:53.572+0000] {logging_mixin.py:188} INFO - [2026-06-29T08:58:53.572+0000] {dag.py:3096} INFO - Sync 1 DAGs
[2026-06-29T08:58:53.645+0000] {logging_mixin.py:188} INFO - [2026-06-29T08:58:53.645+0000] {dag.py:3954} INFO - Setting next_dagrun for example_dynamic_task_mapping to 2022-03-04 00:00:00+00:00, run_after=2022-03-05 00:00:00+00:00
[2026-06-29T08:58:53.663+0000] {processor.py:183} INFO - Processing /home/airflow/.local/lib/python3.12/site-packages/airflow/example_dags/example_dynamic_task_mapping.py took 0.188 seconds
[2026-06-29T08:59:24.285+0000] {processor.py:161} INFO - Started process (PID=3595) to work on /home/airflow/.local/lib/python3.12/site-packages/airflow/example_dags/example_dynamic_task_mapping.py
[2026-06-29T08:59:24.286+0000] {processor.py:830} INFO - Processing file /home/airflow/.local/lib/python3.12/site-packages/airflow/example_dags/example_dynamic_task_mapping.py for tasks to queue
[2026-06-29T08:59:24.288+0000] {logging_mixin.py:188} INFO - [2026-06-29T08:59:24.288+0000] {dagbag.py:545} INFO - Filling up the DagBag from /home/airflow/.local/lib/python3.12/site-packages/airflow/example_dags/example_dynamic_task_mapping.py
[2026-06-29T08:59:24.298+0000] {processor.py:840} INFO - DAG(s) 'example_dynamic_task_mapping' retrieved from /home/airflow/.local/lib/python3.12/site-packages/airflow/example_dags/example_dynamic_task_mapping.py
[2026-06-29T08:59:24.323+0000] {logging_mixin.py:188} INFO - [2026-06-29T08:59:24.322+0000] {dag.py:3096} INFO - Sync 1 DAGs
[2026-06-29T08:59:24.351+0000] {logging_mixin.py:188} INFO - [2026-06-29T08:59:24.350+0000] {dag.py:3954} INFO - Setting next_dagrun for example_dynamic_task_mapping to 2022-03-04 00:00:00+00:00, run_after=2022-03-05 00:00:00+00:00
[2026-06-29T08:59:24.374+0000] {processor.py:183} INFO - Processing /home/airflow/.local/lib/python3.12/site-packages/airflow/example_dags/example_dynamic_task_mapping.py took 0.101 seconds
[2026-06-29T08:59:54.518+0000] {processor.py:161} INFO - Started process (PID=3654) to work on /home/airflow/.local/lib/python3.12/site-packages/airflow/example_dags/example_dynamic_task_mapping.py
[2026-06-29T08:59:54.523+0000] {processor.py:830} INFO - Processing file /home/airflow/.local/lib/python3.12/site-packages/airflow/example_dags/example_dynamic_task_mapping.py for tasks to queue
[2026-06-29T08:59:54.530+0000] {logging_mixin.py:188} INFO - [2026-06-29T08:59:54.529+0000] {dagbag.py:545} INFO - Filling up the DagBag from /home/airflow/.local/lib/python3.12/site-packages/airflow/example_dags/example_dynamic_task_mapping.py
[2026-06-29T08:59:54.555+0000] {processor.py:840} INFO - DAG(s) 'example_dynamic_task_mapping' retrieved from /home/airflow/.local/lib/python3.12/site-packages/airflow/example_dags/example_dynamic_task_mapping.py
[2026-06-29T08:59:54.582+0000] {logging_mixin.py:188} INFO - [2026-06-29T08:59:54.582+0000] {dag.py:3096} INFO - Sync 1 DAGs
[2026-06-29T08:59:54.617+0000] {logging_mixin.py:188} INFO - [2026-06-29T08:59:54.617+0000] {dag.py:3954} INFO - Setting next_dagrun for example_dynamic_task_mapping to 2022-03-04 00:00:00+00:00, run_after=2022-03-05 00:00:00+00:00
[2026-06-29T08:59:54.636+0000] {processor.py:183} INFO - Processing /home/airflow/.local/lib/python3.12/site-packages/airflow/example_dags/example_dynamic_task_mapping.py took 0.142 seconds
[2026-06-29T09:00:25.415+0000] {processor.py:161} INFO - Started process (PID=3713) to work on /home/airflow/.local/lib/python3.12/site-packages/airflow/example_dags/example_dynamic_task_mapping.py
[2026-06-29T09:00:25.416+0000] {processor.py:830} INFO - Processing file /home/airflow/.local/lib/python3.12/site-packages/airflow/example_dags/example_dynamic_task_mapping.py for tasks to queue
[2026-06-29T09:00:25.419+0000] {logging_mixin.py:188} INFO - [2026-06-29T09:00:25.418+0000] {dagbag.py:545} INFO - Filling up the DagBag from /home/airflow/.local/lib/python3.12/site-packages/airflow/example_dags/example_dynamic_task_mapping.py
[2026-06-29T09:00:25.434+0000] {processor.py:840} INFO - DAG(s) 'example_dynamic_task_mapping' retrieved from /home/airflow/.local/lib/python3.12/site-packages/airflow/example_dags/example_dynamic_task_mapping.py
[2026-06-29T09:00:25.472+0000] {logging_mixin.py:188} INFO - [2026-06-29T09:00:25.472+0000] {dag.py:3096} INFO - Sync 1 DAGs
[2026-06-29T09:00:25.504+0000] {logging_mixin.py:188} INFO - [2026-06-29T09:00:25.503+0000] {dag.py:3954} INFO - Setting next_dagrun for example_dynamic_task_mapping to 2022-03-04 00:00:00+00:00, run_after=2022-03-05 00:00:00+00:00
[2026-06-29T09:00:25.524+0000] {processor.py:183} INFO - Processing /home/airflow/.local/lib/python3.12/site-packages/airflow/example_dags/example_dynamic_task_mapping.py took 0.115 seconds
[2026-06-29T09:00:56.153+0000] {processor.py:161} INFO - Started process (PID=3772) to work on /home/airflow/.local/lib/python3.12/site-packages/airflow/example_dags/example_dynamic_task_mapping.py
[2026-06-29T09:00:56.154+0000] {processor.py:830} INFO - Processing file /home/airflow/.local/lib/python3.12/site-packages/airflow/example_dags/example_dynamic_task_mapping.py for tasks to queue
[2026-06-29T09:00:56.156+0000] {logging_mixin.py:188} INFO - [2026-06-29T09:00:56.155+0000] {dagbag.py:545} INFO - Filling up the DagBag from /home/airflow/.local/lib/python3.12/site-packages/airflow/example_dags/example_dynamic_task_mapping.py
[2026-06-29T09:00:56.164+0000] {processor.py:840} INFO - DAG(s) 'example_dynamic_task_mapping' retrieved from /home/airflow/.local/lib/python3.12/site-packages/airflow/example_dags/example_dynamic_task_mapping.py
[2026-06-29T09:00:56.189+0000] {logging_mixin.py:188} INFO - [2026-06-29T09:00:56.188+0000] {dag.py:3096} INFO - Sync 1 DAGs
[2026-06-29T09:00:56.216+0000] {logging_mixin.py:188} INFO - [2026-06-29T09:00:56.216+0000] {dag.py:3954} INFO - Setting next_dagrun for example_dynamic_task_mapping to 2022-03-04 00:00:00+00:00, run_after=2022-03-05 00:00:00+00:00
[2026-06-29T09:00:56.241+0000] {processor.py:183} INFO - Processing /home/airflow/.local/lib/python3.12/site-packages/airflow/example_dags/example_dynamic_task_mapping.py took 0.095 seconds
[2026-06-29T09:01:26.932+0000] {processor.py:161} INFO - Started process (PID=3831) to work on /home/airflow/.local/lib/python3.12/site-packages/airflow/example_dags/example_dynamic_task_mapping.py
[2026-06-29T09:01:26.934+0000] {processor.py:830} INFO - Processing file /home/airflow/.local/lib/python3.12/site-packages/airflow/example_dags/example_dynamic_task_mapping.py for tasks to queue
[2026-06-29T09:01:26.939+0000] {logging_mixin.py:188} INFO - [2026-06-29T09:01:26.938+0000] {dagbag.py:545} INFO - Filling up the DagBag from /home/airflow/.local/lib/python3.12/site-packages/airflow/example_dags/example_dynamic_task_mapping.py
[2026-06-29T09:01:26.960+0000] {processor.py:840} INFO - DAG(s) 'example_dynamic_task_mapping' retrieved from /home/airflow/.local/lib/python3.12/site-packages/airflow/example_dags/example_dynamic_task_mapping.py
[2026-06-29T09:01:26.988+0000] {logging_mixin.py:188} INFO - [2026-06-29T09:01:26.988+0000] {dag.py:3096} INFO - Sync 1 DAGs
[2026-06-29T09:01:27.019+0000] {logging_mixin.py:188} INFO - [2026-06-29T09:01:27.019+0000] {dag.py:3954} INFO - Setting next_dagrun for example_dynamic_task_mapping to 2022-03-04 00:00:00+00:00, run_after=2022-03-05 00:00:00+00:00
[2026-06-29T09:01:27.039+0000] {processor.py:183} INFO - Processing /home/airflow/.local/lib/python3.12/site-packages/airflow/example_dags/example_dynamic_task_mapping.py took 0.120 seconds
[2026-06-29T09:01:57.374+0000] {processor.py:161} INFO - Started process (PID=3890) to work on /home/airflow/.local/lib/python3.12/site-packages/airflow/example_dags/example_dynamic_task_mapping.py
[2026-06-29T09:01:57.375+0000] {processor.py:830} INFO - Processing file /home/airflow/.local/lib/python3.12/site-packages/airflow/example_dags/example_dynamic_task_mapping.py for tasks to queue
[2026-06-29T09:01:57.378+0000] {logging_mixin.py:188} INFO - [2026-06-29T09:01:57.377+0000] {dagbag.py:545} INFO - Filling up the DagBag from /home/airflow/.local/lib/python3.12/site-packages/airflow/example_dags/example_dynamic_task_mapping.py
[2026-06-29T09:01:57.391+0000] {processor.py:840} INFO - DAG(s) 'example_dynamic_task_mapping' retrieved from /home/airflow/.local/lib/python3.12/site-packages/airflow/example_dags/example_dynamic_task_mapping.py
[2026-06-29T09:01:57.536+0000] {logging_mixin.py:188} INFO - [2026-06-29T09:01:57.536+0000] {dag.py:3096} INFO - Sync 1 DAGs
[2026-06-29T09:01:57.669+0000] {logging_mixin.py:188} INFO - [2026-06-29T09:01:57.668+0000] {dag.py:3954} INFO - Setting next_dagrun for example_dynamic_task_mapping to 2022-03-04 00:00:00+00:00, run_after=2022-03-05 00:00:00+00:00
[2026-06-29T09:01:57.716+0000] {processor.py:183} INFO - Processing /home/airflow/.local/lib/python3.12/site-packages/airflow/example_dags/example_dynamic_task_mapping.py took 0.348 seconds
[2026-06-29T09:05:16.423+0000] {processor.py:161} INFO - Started process (PID=113) to work on /home/airflow/.local/lib/python3.12/site-packages/airflow/example_dags/example_dynamic_task_mapping.py
[2026-06-29T09:05:16.425+0000] {processor.py:830} INFO - Processing file /home/airflow/.local/lib/python3.12/site-packages/airflow/example_dags/example_dynamic_task_mapping.py for tasks to queue
[2026-06-29T09:05:16.429+0000] {logging_mixin.py:188} INFO - [2026-06-29T09:05:16.429+0000] {dagbag.py:545} INFO - Filling up the DagBag from /home/airflow/.local/lib/python3.12/site-packages/airflow/example_dags/example_dynamic_task_mapping.py
[2026-06-29T09:05:16.459+0000] {processor.py:840} INFO - DAG(s) 'example_dynamic_task_mapping' retrieved from /home/airflow/.local/lib/python3.12/site-packages/airflow/example_dags/example_dynamic_task_mapping.py
[2026-06-29T09:05:16.743+0000] {logging_mixin.py:188} INFO - [2026-06-29T09:05:16.742+0000] {override.py:1829} INFO - Created Permission View: can edit on DAG:example_dynamic_task_mapping
[2026-06-29T09:05:16.762+0000] {logging_mixin.py:188} INFO - [2026-06-29T09:05:16.761+0000] {override.py:1829} INFO - Created Permission View: can read on DAG:example_dynamic_task_mapping
[2026-06-29T09:05:16.770+0000] {logging_mixin.py:188} INFO - [2026-06-29T09:05:16.770+0000] {override.py:1829} INFO - Created Permission View: can delete on DAG:example_dynamic_task_mapping
[2026-06-29T09:05:16.771+0000] {logging_mixin.py:188} INFO - [2026-06-29T09:05:16.770+0000] {dag.py:3096} INFO - Sync 1 DAGs
[2026-06-29T09:05:16.796+0000] {logging_mixin.py:188} INFO - [2026-06-29T09:05:16.795+0000] {dag.py:3118} INFO - Creating ORM DAG for example_dynamic_task_mapping
[2026-06-29T09:05:16.813+0000] {logging_mixin.py:188} INFO - [2026-06-29T09:05:16.813+0000] {dag.py:3954} INFO - Setting next_dagrun for example_dynamic_task_mapping to 2022-03-04 00:00:00+00:00, run_after=2022-03-05 00:00:00+00:00
[2026-06-29T09:05:16.847+0000] {processor.py:183} INFO - Processing /home/airflow/.local/lib/python3.12/site-packages/airflow/example_dags/example_dynamic_task_mapping.py took 0.446 seconds
[2026-06-29T09:05:48.690+0000] {processor.py:161} INFO - Started process (PID=172) to work on /home/airflow/.local/lib/python3.12/site-packages/airflow/example_dags/example_dynamic_task_mapping.py
[2026-06-29T09:05:48.695+0000] {processor.py:830} INFO - Processing file /home/airflow/.local/lib/python3.12/site-packages/airflow/example_dags/example_dynamic_task_mapping.py for tasks to queue
[2026-06-29T09:05:48.702+0000] {logging_mixin.py:188} INFO - [2026-06-29T09:05:48.701+0000] {dagbag.py:545} INFO - Filling up the DagBag from /home/airflow/.local/lib/python3.12/site-packages/airflow/example_dags/example_dynamic_task_mapping.py
[2026-06-29T09:05:48.748+0000] {processor.py:840} INFO - DAG(s) 'example_dynamic_task_mapping' retrieved from /home/airflow/.local/lib/python3.12/site-packages/airflow/example_dags/example_dynamic_task_mapping.py
[2026-06-29T09:05:48.813+0000] {logging_mixin.py:188} INFO - [2026-06-29T09:05:48.812+0000] {dag.py:3096} INFO - Sync 1 DAGs
[2026-06-29T09:05:48.907+0000] {logging_mixin.py:188} INFO - [2026-06-29T09:05:48.906+0000] {dag.py:3954} INFO - Setting next_dagrun for example_dynamic_task_mapping to 2022-03-04 00:00:00+00:00, run_after=2022-03-05 00:00:00+00:00
[2026-06-29T09:05:48.953+0000] {processor.py:183} INFO - Processing /home/airflow/.local/lib/python3.12/site-packages/airflow/example_dags/example_dynamic_task_mapping.py took 0.282 seconds
[2026-06-29T09:06:19.629+0000] {processor.py:161} INFO - Started process (PID=231) to work on /home/airflow/.local/lib/python3.12/site-packages/airflow/example_dags/example_dynamic_task_mapping.py
[2026-06-29T09:06:19.636+0000] {processor.py:830} INFO - Processing file /home/airflow/.local/lib/python3.12/site-packages/airflow/example_dags/example_dynamic_task_mapping.py for tasks to queue
[2026-06-29T09:06:19.645+0000] {logging_mixin.py:188} INFO - [2026-06-29T09:06:19.644+0000] {dagbag.py:545} INFO - Filling up the DagBag from /home/airflow/.local/lib/python3.12/site-packages/airflow/example_dags/example_dynamic_task_mapping.py
[2026-06-29T09:06:19.715+0000] {processor.py:840} INFO - DAG(s) 'example_dynamic_task_mapping' retrieved from /home/airflow/.local/lib/python3.12/site-packages/airflow/example_dags/example_dynamic_task_mapping.py
[2026-06-29T09:06:19.930+0000] {logging_mixin.py:188} INFO - [2026-06-29T09:06:19.929+0000] {dag.py:3096} INFO - Sync 1 DAGs
[2026-06-29T09:06:20.190+0000] {logging_mixin.py:188} INFO - [2026-06-29T09:06:20.190+0000] {dag.py:3954} INFO - Setting next_dagrun for example_dynamic_task_mapping to 2022-03-04 00:00:00+00:00, run_after=2022-03-05 00:00:00+00:00
[2026-06-29T09:06:20.486+0000] {processor.py:183} INFO - Processing /home/airflow/.local/lib/python3.12/site-packages/airflow/example_dags/example_dynamic_task_mapping.py took 0.885 seconds
[2026-06-29T09:06:51.769+0000] {processor.py:161} INFO - Started process (PID=290) to work on /home/airflow/.local/lib/python3.12/site-packages/airflow/example_dags/example_dynamic_task_mapping.py
[2026-06-29T09:06:51.770+0000] {processor.py:830} INFO - Processing file /home/airflow/.local/lib/python3.12/site-packages/airflow/example_dags/example_dynamic_task_mapping.py for tasks to queue
[2026-06-29T09:06:51.772+0000] {logging_mixin.py:188} INFO - [2026-06-29T09:06:51.772+0000] {dagbag.py:545} INFO - Filling up the DagBag from /home/airflow/.local/lib/python3.12/site-packages/airflow/example_dags/example_dynamic_task_mapping.py
[2026-06-29T09:06:51.781+0000] {processor.py:840} INFO - DAG(s) 'example_dynamic_task_mapping' retrieved from /home/airflow/.local/lib/python3.12/site-packages/airflow/example_dags/example_dynamic_task_mapping.py
[2026-06-29T09:06:51.806+0000] {logging_mixin.py:188} INFO - [2026-06-29T09:06:51.806+0000] {dag.py:3096} INFO - Sync 1 DAGs
[2026-06-29T09:06:51.833+0000] {logging_mixin.py:188} INFO - [2026-06-29T09:06:51.832+0000] {dag.py:3954} INFO - Setting next_dagrun for example_dynamic_task_mapping to 2022-03-04 00:00:00+00:00, run_after=2022-03-05 00:00:00+00:00
[2026-06-29T09:06:51.860+0000] {processor.py:183} INFO - Processing /home/airflow/.local/lib/python3.12/site-packages/airflow/example_dags/example_dynamic_task_mapping.py took 0.098 seconds
[2026-06-29T09:07:22.750+0000] {processor.py:161} INFO - Started process (PID=349) to work on /home/airflow/.local/lib/python3.12/site-packages/airflow/example_dags/example_dynamic_task_mapping.py
[2026-06-29T09:07:22.754+0000] {processor.py:830} INFO - Processing file /home/airflow/.local/lib/python3.12/site-packages/airflow/example_dags/example_dynamic_task_mapping.py for tasks to queue
[2026-06-29T09:07:22.760+0000] {logging_mixin.py:188} INFO - [2026-06-29T09:07:22.760+0000] {dagbag.py:545} INFO - Filling up the DagBag from /home/airflow/.local/lib/python3.12/site-packages/airflow/example_dags/example_dynamic_task_mapping.py
[2026-06-29T09:07:22.777+0000] {processor.py:840} INFO - DAG(s) 'example_dynamic_task_mapping' retrieved from /home/airflow/.local/lib/python3.12/site-packages/airflow/example_dags/example_dynamic_task_mapping.py
[2026-06-29T09:07:22.819+0000] {logging_mixin.py:188} INFO - [2026-06-29T09:07:22.819+0000] {dag.py:3096} INFO - Sync 1 DAGs
[2026-06-29T09:07:22.849+0000] {logging_mixin.py:188} INFO - [2026-06-29T09:07:22.849+0000] {dag.py:3954} INFO - Setting next_dagrun for example_dynamic_task_mapping to 2022-03-04 00:00:00+00:00, run_after=2022-03-05 00:00:00+00:00
[2026-06-29T09:07:22.872+0000] {processor.py:183} INFO - Processing /home/airflow/.local/lib/python3.12/site-packages/airflow/example_dags/example_dynamic_task_mapping.py took 0.138 seconds
[2026-06-29T09:07:53.184+0000] {processor.py:161} INFO - Started process (PID=408) to work on /home/airflow/.local/lib/python3.12/site-packages/airflow/example_dags/example_dynamic_task_mapping.py
[2026-06-29T09:07:53.186+0000] {processor.py:830} INFO - Processing file /home/airflow/.local/lib/python3.12/site-packages/airflow/example_dags/example_dynamic_task_mapping.py for tasks to queue
[2026-06-29T09:07:53.188+0000] {logging_mixin.py:188} INFO - [2026-06-29T09:07:53.187+0000] {dagbag.py:545} INFO - Filling up the DagBag from /home/airflow/.local/lib/python3.12/site-packages/airflow/example_dags/example_dynamic_task_mapping.py
[2026-06-29T09:07:53.196+0000] {processor.py:840} INFO - DAG(s) 'example_dynamic_task_mapping' retrieved from /home/airflow/.local/lib/python3.12/site-packages/airflow/example_dags/example_dynamic_task_mapping.py
[2026-06-29T09:07:53.222+0000] {logging_mixin.py:188} INFO - [2026-06-29T09:07:53.221+0000] {dag.py:3096} INFO - Sync 1 DAGs
[2026-06-29T09:07:53.349+0000] {logging_mixin.py:188} INFO - [2026-06-29T09:07:53.349+0000] {dag.py:3954} INFO - Setting next_dagrun for example_dynamic_task_mapping to 2022-03-04 00:00:00+00:00, run_after=2022-03-05 00:00:00+00:00
[2026-06-29T09:07:53.389+0000] {processor.py:183} INFO - Processing /home/airflow/.local/lib/python3.12/site-packages/airflow/example_dags/example_dynamic_task_mapping.py took 0.212 seconds
[2026-06-29T09:08:23.733+0000] {processor.py:161} INFO - Started process (PID=467) to work on /home/airflow/.local/lib/python3.12/site-packages/airflow/example_dags/example_dynamic_task_mapping.py
[2026-06-29T09:08:23.734+0000] {processor.py:830} INFO - Processing file /home/airflow/.local/lib/python3.12/site-packages/airflow/example_dags/example_dynamic_task_mapping.py for tasks to queue
[2026-06-29T09:08:23.736+0000] {logging_mixin.py:188} INFO - [2026-06-29T09:08:23.736+0000] {dagbag.py:545} INFO - Filling up the DagBag from /home/airflow/.local/lib/python3.12/site-packages/airflow/example_dags/example_dynamic_task_mapping.py
[2026-06-29T09:08:23.754+0000] {processor.py:840} INFO - DAG(s) 'example_dynamic_task_mapping' retrieved from /home/airflow/.local/lib/python3.12/site-packages/airflow/example_dags/example_dynamic_task_mapping.py
[2026-06-29T09:08:23.805+0000] {logging_mixin.py:188} INFO - [2026-06-29T09:08:23.803+0000] {dag.py:3096} INFO - Sync 1 DAGs
[2026-06-29T09:08:23.913+0000] {logging_mixin.py:188} INFO - [2026-06-29T09:08:23.913+0000] {dag.py:3954} INFO - Setting next_dagrun for example_dynamic_task_mapping to 2022-03-04 00:00:00+00:00, run_after=2022-03-05 00:00:00+00:00
[2026-06-29T09:08:23.993+0000] {processor.py:183} INFO - Processing /home/airflow/.local/lib/python3.12/site-packages/airflow/example_dags/example_dynamic_task_mapping.py took 0.269 seconds
[2026-06-29T09:08:54.305+0000] {processor.py:161} INFO - Started process (PID=526) to work on /home/airflow/.local/lib/python3.12/site-packages/airflow/example_dags/example_dynamic_task_mapping.py
[2026-06-29T09:08:54.308+0000] {processor.py:830} INFO - Processing file /home/airflow/.local/lib/python3.12/site-packages/airflow/example_dags/example_dynamic_task_mapping.py for tasks to queue
[2026-06-29T09:08:54.311+0000] {logging_mixin.py:188} INFO - [2026-06-29T09:08:54.311+0000] {dagbag.py:545} INFO - Filling up the DagBag from /home/airflow/.local/lib/python3.12/site-packages/airflow/example_dags/example_dynamic_task_mapping.py
[2026-06-29T09:08:54.331+0000] {processor.py:840} INFO - DAG(s) 'example_dynamic_task_mapping' retrieved from /home/airflow/.local/lib/python3.12/site-packages/airflow/example_dags/example_dynamic_task_mapping.py
[2026-06-29T09:08:54.385+0000] {logging_mixin.py:188} INFO - [2026-06-29T09:08:54.385+0000] {dag.py:3096} INFO - Sync 1 DAGs
[2026-06-29T09:08:54.511+0000] {logging_mixin.py:188} INFO - [2026-06-29T09:08:54.511+0000] {dag.py:3954} INFO - Setting next_dagrun for example_dynamic_task_mapping to 2022-03-04 00:00:00+00:00, run_after=2022-03-05 00:00:00+00:00
[2026-06-29T09:08:54.620+0000] {processor.py:183} INFO - Processing /home/airflow/.local/lib/python3.12/site-packages/airflow/example_dags/example_dynamic_task_mapping.py took 0.334 seconds
[2026-06-29T09:09:25.095+0000] {processor.py:161} INFO - Started process (PID=585) to work on /home/airflow/.local/lib/python3.12/site-packages/airflow/example_dags/example_dynamic_task_mapping.py
[2026-06-29T09:09:25.098+0000] {processor.py:830} INFO - Processing file /home/airflow/.local/lib/python3.12/site-packages/airflow/example_dags/example_dynamic_task_mapping.py for tasks to queue
[2026-06-29T09:09:25.113+0000] {logging_mixin.py:188} INFO - [2026-06-29T09:09:25.113+0000] {dagbag.py:545} INFO - Filling up the DagBag from /home/airflow/.local/lib/python3.12/site-packages/airflow/example_dags/example_dynamic_task_mapping.py
[2026-06-29T09:09:25.181+0000] {processor.py:840} INFO - DAG(s) 'example_dynamic_task_mapping' retrieved from /home/airflow/.local/lib/python3.12/site-packages/airflow/example_dags/example_dynamic_task_mapping.py
[2026-06-29T09:09:25.357+0000] {logging_mixin.py:188} INFO - [2026-06-29T09:09:25.357+0000] {dag.py:3096} INFO - Sync 1 DAGs
[2026-06-29T09:09:25.621+0000] {logging_mixin.py:188} INFO - [2026-06-29T09:09:25.620+0000] {dag.py:3954} INFO - Setting next_dagrun for example_dynamic_task_mapping to 2022-03-04 00:00:00+00:00, run_after=2022-03-05 00:00:00+00:00
[2026-06-29T09:09:25.685+0000] {processor.py:183} INFO - Processing /home/airflow/.local/lib/python3.12/site-packages/airflow/example_dags/example_dynamic_task_mapping.py took 0.665 seconds
[2026-06-29T09:09:56.542+0000] {processor.py:161} INFO - Started process (PID=650) to work on /home/airflow/.local/lib/python3.12/site-packages/airflow/example_dags/example_dynamic_task_mapping.py
[2026-06-29T09:09:56.588+0000] {processor.py:830} INFO - Processing file /home/airflow/.local/lib/python3.12/site-packages/airflow/example_dags/example_dynamic_task_mapping.py for tasks to queue
[2026-06-29T09:09:56.656+0000] {logging_mixin.py:188} INFO - [2026-06-29T09:09:56.626+0000] {dagbag.py:545} INFO - Filling up the DagBag from /home/airflow/.local/lib/python3.12/site-packages/airflow/example_dags/example_dynamic_task_mapping.py
[2026-06-29T09:09:56.842+0000] {processor.py:840} INFO - DAG(s) 'example_dynamic_task_mapping' retrieved from /home/airflow/.local/lib/python3.12/site-packages/airflow/example_dags/example_dynamic_task_mapping.py
[2026-06-29T09:09:56.932+0000] {logging_mixin.py:188} INFO - [2026-06-29T09:09:56.932+0000] {dag.py:3096} INFO - Sync 1 DAGs
[2026-06-29T09:09:56.996+0000] {logging_mixin.py:188} INFO - [2026-06-29T09:09:56.996+0000] {dag.py:3954} INFO - Setting next_dagrun for example_dynamic_task_mapping to 2022-03-04 00:00:00+00:00, run_after=2022-03-05 00:00:00+00:00
[2026-06-29T09:09:57.040+0000] {processor.py:183} INFO - Processing /home/airflow/.local/lib/python3.12/site-packages/airflow/example_dags/example_dynamic_task_mapping.py took 0.689 seconds
[2026-06-29T09:10:27.129+0000] {processor.py:161} INFO - Started process (PID=707) to work on /home/airflow/.local/lib/python3.12/site-packages/airflow/example_dags/example_dynamic_task_mapping.py
[2026-06-29T09:10:27.130+0000] {processor.py:830} INFO - Processing file /home/airflow/.local/lib/python3.12/site-packages/airflow/example_dags/example_dynamic_task_mapping.py for tasks to queue
[2026-06-29T09:10:27.132+0000] {logging_mixin.py:188} INFO - [2026-06-29T09:10:27.131+0000] {dagbag.py:545} INFO - Filling up the DagBag from /home/airflow/.local/lib/python3.12/site-packages/airflow/example_dags/example_dynamic_task_mapping.py
[2026-06-29T09:10:27.138+0000] {processor.py:840} INFO - DAG(s) 'example_dynamic_task_mapping' retrieved from /home/airflow/.local/lib/python3.12/site-packages/airflow/example_dags/example_dynamic_task_mapping.py
[2026-06-29T09:10:27.155+0000] {logging_mixin.py:188} INFO - [2026-06-29T09:10:27.154+0000] {dag.py:3096} INFO - Sync 1 DAGs
[2026-06-29T09:10:27.174+0000] {logging_mixin.py:188} INFO - [2026-06-29T09:10:27.174+0000] {dag.py:3954} INFO - Setting next_dagrun for example_dynamic_task_mapping to 2022-03-04 00:00:00+00:00, run_after=2022-03-05 00:00:00+00:00
[2026-06-29T09:10:27.189+0000] {processor.py:183} INFO - Processing /home/airflow/.local/lib/python3.12/site-packages/airflow/example_dags/example_dynamic_task_mapping.py took 0.066 seconds
[2026-06-29T09:10:57.643+0000] {processor.py:161} INFO - Started process (PID=766) to work on /home/airflow/.local/lib/python3.12/site-packages/airflow/example_dags/example_dynamic_task_mapping.py
[2026-06-29T09:10:57.645+0000] {processor.py:830} INFO - Processing file /home/airflow/.local/lib/python3.12/site-packages/airflow/example_dags/example_dynamic_task_mapping.py for tasks to queue
[2026-06-29T09:10:57.647+0000] {logging_mixin.py:188} INFO - [2026-06-29T09:10:57.647+0000] {dagbag.py:545} INFO - Filling up the DagBag from /home/airflow/.local/lib/python3.12/site-packages/airflow/example_dags/example_dynamic_task_mapping.py
[2026-06-29T09:10:57.657+0000] {processor.py:840} INFO - DAG(s) 'example_dynamic_task_mapping' retrieved from /home/airflow/.local/lib/python3.12/site-packages/airflow/example_dags/example_dynamic_task_mapping.py
[2026-06-29T09:10:57.687+0000] {logging_mixin.py:188} INFO - [2026-06-29T09:10:57.686+0000] {dag.py:3096} INFO - Sync 1 DAGs
[2026-06-29T09:10:57.717+0000] {logging_mixin.py:188} INFO - [2026-06-29T09:10:57.717+0000] {dag.py:3954} INFO - Setting next_dagrun for example_dynamic_task_mapping to 2022-03-04 00:00:00+00:00, run_after=2022-03-05 00:00:00+00:00
[2026-06-29T09:10:57.736+0000] {processor.py:183} INFO - Processing /home/airflow/.local/lib/python3.12/site-packages/airflow/example_dags/example_dynamic_task_mapping.py took 0.102 seconds
[2026-06-29T09:11:28.290+0000] {processor.py:161} INFO - Started process (PID=825) to work on /home/airflow/.local/lib/python3.12/site-packages/airflow/example_dags/example_dynamic_task_mapping.py
[2026-06-29T09:11:28.291+0000] {processor.py:830} INFO - Processing file /home/airflow/.local/lib/python3.12/site-packages/airflow/example_dags/example_dynamic_task_mapping.py for tasks to queue
[2026-06-29T09:11:28.292+0000] {logging_mixin.py:188} INFO - [2026-06-29T09:11:28.292+0000] {dagbag.py:545} INFO - Filling up the DagBag from /home/airflow/.local/lib/python3.12/site-packages/airflow/example_dags/example_dynamic_task_mapping.py
[2026-06-29T09:11:28.299+0000] {processor.py:840} INFO - DAG(s) 'example_dynamic_task_mapping' retrieved from /home/airflow/.local/lib/python3.12/site-packages/airflow/example_dags/example_dynamic_task_mapping.py
[2026-06-29T09:11:28.317+0000] {logging_mixin.py:188} INFO - [2026-06-29T09:11:28.317+0000] {dag.py:3096} INFO - Sync 1 DAGs
[2026-06-29T09:11:28.336+0000] {logging_mixin.py:188} INFO - [2026-06-29T09:11:28.336+0000] {dag.py:3954} INFO - Setting next_dagrun for example_dynamic_task_mapping to 2022-03-04 00:00:00+00:00, run_after=2022-03-05 00:00:00+00:00
[2026-06-29T09:11:28.352+0000] {processor.py:183} INFO - Processing /home/airflow/.local/lib/python3.12/site-packages/airflow/example_dags/example_dynamic_task_mapping.py took 0.068 seconds
[2026-06-29T09:11:58.938+0000] {processor.py:161} INFO - Started process (PID=884) to work on /home/airflow/.local/lib/python3.12/site-packages/airflow/example_dags/example_dynamic_task_mapping.py
[2026-06-29T09:11:58.940+0000] {processor.py:830} INFO - Processing file /home/airflow/.local/lib/python3.12/site-packages/airflow/example_dags/example_dynamic_task_mapping.py for tasks to queue
[2026-06-29T09:11:58.942+0000] {logging_mixin.py:188} INFO - [2026-06-29T09:11:58.942+0000] {dagbag.py:545} INFO - Filling up the DagBag from /home/airflow/.local/lib/python3.12/site-packages/airflow/example_dags/example_dynamic_task_mapping.py
[2026-06-29T09:11:58.953+0000] {processor.py:840} INFO - DAG(s) 'example_dynamic_task_mapping' retrieved from /home/airflow/.local/lib/python3.12/site-packages/airflow/example_dags/example_dynamic_task_mapping.py
[2026-06-29T09:11:58.987+0000] {logging_mixin.py:188} INFO - [2026-06-29T09:11:58.987+0000] {dag.py:3096} INFO - Sync 1 DAGs
[2026-06-29T09:11:59.010+0000] {logging_mixin.py:188} INFO - [2026-06-29T09:11:59.010+0000] {dag.py:3954} INFO - Setting next_dagrun for example_dynamic_task_mapping to 2022-03-04 00:00:00+00:00, run_after=2022-03-05 00:00:00+00:00
[2026-06-29T09:11:59.027+0000] {processor.py:183} INFO - Processing /home/airflow/.local/lib/python3.12/site-packages/airflow/example_dags/example_dynamic_task_mapping.py took 0.100 seconds
[2026-06-29T09:12:29.841+0000] {processor.py:161} INFO - Started process (PID=943) to work on /home/airflow/.local/lib/python3.12/site-packages/airflow/example_dags/example_dynamic_task_mapping.py
[2026-06-29T09:12:29.842+0000] {processor.py:830} INFO - Processing file /home/airflow/.local/lib/python3.12/site-packages/airflow/example_dags/example_dynamic_task_mapping.py for tasks to queue
[2026-06-29T09:12:29.843+0000] {logging_mixin.py:188} INFO - [2026-06-29T09:12:29.843+0000] {dagbag.py:545} INFO - Filling up the DagBag from /home/airflow/.local/lib/python3.12/site-packages/airflow/example_dags/example_dynamic_task_mapping.py
[2026-06-29T09:12:29.849+0000] {processor.py:840} INFO - DAG(s) 'example_dynamic_task_mapping' retrieved from /home/airflow/.local/lib/python3.12/site-packages/airflow/example_dags/example_dynamic_task_mapping.py
[2026-06-29T09:12:29.868+0000] {logging_mixin.py:188} INFO - [2026-06-29T09:12:29.868+0000] {dag.py:3096} INFO - Sync 1 DAGs
[2026-06-29T09:12:29.892+0000] {logging_mixin.py:188} INFO - [2026-06-29T09:12:29.892+0000] {dag.py:3954} INFO - Setting next_dagrun for example_dynamic_task_mapping to 2022-03-04 00:00:00+00:00, run_after=2022-03-05 00:00:00+00:00
[2026-06-29T09:12:29.908+0000] {processor.py:183} INFO - Processing /home/airflow/.local/lib/python3.12/site-packages/airflow/example_dags/example_dynamic_task_mapping.py took 0.072 seconds
[2026-06-29T09:13:00.915+0000] {processor.py:161} INFO - Started process (PID=1002) to work on /home/airflow/.local/lib/python3.12/site-packages/airflow/example_dags/example_dynamic_task_mapping.py
[2026-06-29T09:13:00.916+0000] {processor.py:830} INFO - Processing file /home/airflow/.local/lib/python3.12/site-packages/airflow/example_dags/example_dynamic_task_mapping.py for tasks to queue
[2026-06-29T09:13:00.918+0000] {logging_mixin.py:188} INFO - [2026-06-29T09:13:00.917+0000] {dagbag.py:545} INFO - Filling up the DagBag from /home/airflow/.local/lib/python3.12/site-packages/airflow/example_dags/example_dynamic_task_mapping.py
[2026-06-29T09:13:00.924+0000] {processor.py:840} INFO - DAG(s) 'example_dynamic_task_mapping' retrieved from /home/airflow/.local/lib/python3.12/site-packages/airflow/example_dags/example_dynamic_task_mapping.py
[2026-06-29T09:13:00.944+0000] {logging_mixin.py:188} INFO - [2026-06-29T09:13:00.944+0000] {dag.py:3096} INFO - Sync 1 DAGs
[2026-06-29T09:13:00.968+0000] {logging_mixin.py:188} INFO - [2026-06-29T09:13:00.968+0000] {dag.py:3954} INFO - Setting next_dagrun for example_dynamic_task_mapping to 2022-03-04 00:00:00+00:00, run_after=2022-03-05 00:00:00+00:00
[2026-06-29T09:13:00.983+0000] {processor.py:183} INFO - Processing /home/airflow/.local/lib/python3.12/site-packages/airflow/example_dags/example_dynamic_task_mapping.py took 0.074 seconds
[2026-06-29T09:13:31.108+0000] {processor.py:161} INFO - Started process (PID=1060) to work on /home/airflow/.local/lib/python3.12/site-packages/airflow/example_dags/example_dynamic_task_mapping.py
[2026-06-29T09:13:31.111+0000] {processor.py:830} INFO - Processing file /home/airflow/.local/lib/python3.12/site-packages/airflow/example_dags/example_dynamic_task_mapping.py for tasks to queue
[2026-06-29T09:13:31.116+0000] {logging_mixin.py:188} INFO - [2026-06-29T09:13:31.116+0000] {dagbag.py:545} INFO - Filling up the DagBag from /home/airflow/.local/lib/python3.12/site-packages/airflow/example_dags/example_dynamic_task_mapping.py
[2026-06-29T09:13:31.140+0000] {processor.py:840} INFO - DAG(s) 'example_dynamic_task_mapping' retrieved from /home/airflow/.local/lib/python3.12/site-packages/airflow/example_dags/example_dynamic_task_mapping.py
[2026-06-29T09:13:31.200+0000] {logging_mixin.py:188} INFO - [2026-06-29T09:13:31.199+0000] {dag.py:3096} INFO - Sync 1 DAGs
[2026-06-29T09:13:31.351+0000] {logging_mixin.py:188} INFO - [2026-06-29T09:13:31.349+0000] {dag.py:3954} INFO - Setting next_dagrun for example_dynamic_task_mapping to 2022-03-04 00:00:00+00:00, run_after=2022-03-05 00:00:00+00:00
[2026-06-29T09:13:31.416+0000] {processor.py:183} INFO - Processing /home/airflow/.local/lib/python3.12/site-packages/airflow/example_dags/example_dynamic_task_mapping.py took 0.329 seconds
[2026-06-29T09:16:51.088+0000] {processor.py:161} INFO - Started process (PID=112) to work on /home/airflow/.local/lib/python3.12/site-packages/airflow/example_dags/example_dynamic_task_mapping.py
[2026-06-29T09:16:51.096+0000] {processor.py:830} INFO - Processing file /home/airflow/.local/lib/python3.12/site-packages/airflow/example_dags/example_dynamic_task_mapping.py for tasks to queue
[2026-06-29T09:16:51.108+0000] {logging_mixin.py:188} INFO - [2026-06-29T09:16:51.108+0000] {dagbag.py:545} INFO - Filling up the DagBag from /home/airflow/.local/lib/python3.12/site-packages/airflow/example_dags/example_dynamic_task_mapping.py
[2026-06-29T09:16:51.167+0000] {processor.py:840} INFO - DAG(s) 'example_dynamic_task_mapping' retrieved from /home/airflow/.local/lib/python3.12/site-packages/airflow/example_dags/example_dynamic_task_mapping.py
[2026-06-29T09:16:52.422+0000] {logging_mixin.py:188} INFO - [2026-06-29T09:16:52.415+0000] {override.py:1829} INFO - Created Permission View: can edit on DAG:example_dynamic_task_mapping
[2026-06-29T09:16:52.507+0000] {logging_mixin.py:188} INFO - [2026-06-29T09:16:52.506+0000] {override.py:1829} INFO - Created Permission View: can read on DAG:example_dynamic_task_mapping
[2026-06-29T09:16:52.548+0000] {logging_mixin.py:188} INFO - [2026-06-29T09:16:52.546+0000] {override.py:1829} INFO - Created Permission View: can delete on DAG:example_dynamic_task_mapping
[2026-06-29T09:16:52.560+0000] {logging_mixin.py:188} INFO - [2026-06-29T09:16:52.560+0000] {dag.py:3096} INFO - Sync 1 DAGs
[2026-06-29T09:16:52.580+0000] {logging_mixin.py:188} INFO - [2026-06-29T09:16:52.580+0000] {dag.py:3118} INFO - Creating ORM DAG for example_dynamic_task_mapping
[2026-06-29T09:16:52.592+0000] {logging_mixin.py:188} INFO - [2026-06-29T09:16:52.592+0000] {dag.py:3954} INFO - Setting next_dagrun for example_dynamic_task_mapping to 2022-03-04 00:00:00+00:00, run_after=2022-03-05 00:00:00+00:00
[2026-06-29T09:16:53.513+0000] {processor.py:183} INFO - Processing /home/airflow/.local/lib/python3.12/site-packages/airflow/example_dags/example_dynamic_task_mapping.py took 2.467 seconds
[2026-06-29T09:17:27.307+0000] {processor.py:161} INFO - Started process (PID=176) to work on /home/airflow/.local/lib/python3.12/site-packages/airflow/example_dags/example_dynamic_task_mapping.py
[2026-06-29T09:17:27.309+0000] {processor.py:830} INFO - Processing file /home/airflow/.local/lib/python3.12/site-packages/airflow/example_dags/example_dynamic_task_mapping.py for tasks to queue
[2026-06-29T09:17:27.312+0000] {logging_mixin.py:188} INFO - [2026-06-29T09:17:27.312+0000] {dagbag.py:545} INFO - Filling up the DagBag from /home/airflow/.local/lib/python3.12/site-packages/airflow/example_dags/example_dynamic_task_mapping.py
[2026-06-29T09:17:27.321+0000] {processor.py:840} INFO - DAG(s) 'example_dynamic_task_mapping' retrieved from /home/airflow/.local/lib/python3.12/site-packages/airflow/example_dags/example_dynamic_task_mapping.py
[2026-06-29T09:17:27.463+0000] {logging_mixin.py:188} INFO - [2026-06-29T09:17:27.462+0000] {dag.py:3096} INFO - Sync 1 DAGs
[2026-06-29T09:17:27.574+0000] {logging_mixin.py:188} INFO - [2026-06-29T09:17:27.573+0000] {dag.py:3954} INFO - Setting next_dagrun for example_dynamic_task_mapping to 2022-03-04 00:00:00+00:00, run_after=2022-03-05 00:00:00+00:00
[2026-06-29T09:17:27.686+0000] {processor.py:183} INFO - Processing /home/airflow/.local/lib/python3.12/site-packages/airflow/example_dags/example_dynamic_task_mapping.py took 0.402 seconds
[2026-06-29T09:17:58.025+0000] {processor.py:161} INFO - Started process (PID=234) to work on /home/airflow/.local/lib/python3.12/site-packages/airflow/example_dags/example_dynamic_task_mapping.py
[2026-06-29T09:17:58.026+0000] {processor.py:830} INFO - Processing file /home/airflow/.local/lib/python3.12/site-packages/airflow/example_dags/example_dynamic_task_mapping.py for tasks to queue
[2026-06-29T09:17:58.028+0000] {logging_mixin.py:188} INFO - [2026-06-29T09:17:58.028+0000] {dagbag.py:545} INFO - Filling up the DagBag from /home/airflow/.local/lib/python3.12/site-packages/airflow/example_dags/example_dynamic_task_mapping.py
[2026-06-29T09:17:58.039+0000] {processor.py:840} INFO - DAG(s) 'example_dynamic_task_mapping' retrieved from /home/airflow/.local/lib/python3.12/site-packages/airflow/example_dags/example_dynamic_task_mapping.py
[2026-06-29T09:17:58.078+0000] {logging_mixin.py:188} INFO - [2026-06-29T09:17:58.077+0000] {dag.py:3096} INFO - Sync 1 DAGs
[2026-06-29T09:17:58.107+0000] {logging_mixin.py:188} INFO - [2026-06-29T09:17:58.107+0000] {dag.py:3954} INFO - Setting next_dagrun for example_dynamic_task_mapping to 2022-03-04 00:00:00+00:00, run_after=2022-03-05 00:00:00+00:00
[2026-06-29T09:17:58.145+0000] {processor.py:183} INFO - Processing /home/airflow/.local/lib/python3.12/site-packages/airflow/example_dags/example_dynamic_task_mapping.py took 0.129 seconds
[2026-06-29T09:18:28.969+0000] {processor.py:161} INFO - Started process (PID=293) to work on /home/airflow/.local/lib/python3.12/site-packages/airflow/example_dags/example_dynamic_task_mapping.py
[2026-06-29T09:18:28.972+0000] {processor.py:830} INFO - Processing file /home/airflow/.local/lib/python3.12/site-packages/airflow/example_dags/example_dynamic_task_mapping.py for tasks to queue
[2026-06-29T09:18:28.979+0000] {logging_mixin.py:188} INFO - [2026-06-29T09:18:28.978+0000] {dagbag.py:545} INFO - Filling up the DagBag from /home/airflow/.local/lib/python3.12/site-packages/airflow/example_dags/example_dynamic_task_mapping.py
[2026-06-29T09:18:29.003+0000] {processor.py:840} INFO - DAG(s) 'example_dynamic_task_mapping' retrieved from /home/airflow/.local/lib/python3.12/site-packages/airflow/example_dags/example_dynamic_task_mapping.py
[2026-06-29T09:18:29.047+0000] {logging_mixin.py:188} INFO - [2026-06-29T09:18:29.046+0000] {dag.py:3096} INFO - Sync 1 DAGs
[2026-06-29T09:18:29.082+0000] {logging_mixin.py:188} INFO - [2026-06-29T09:18:29.082+0000] {dag.py:3954} INFO - Setting next_dagrun for example_dynamic_task_mapping to 2022-03-04 00:00:00+00:00, run_after=2022-03-05 00:00:00+00:00
[2026-06-29T09:18:29.109+0000] {processor.py:183} INFO - Processing /home/airflow/.local/lib/python3.12/site-packages/airflow/example_dags/example_dynamic_task_mapping.py took 0.165 seconds
[2026-06-29T09:19:00.092+0000] {processor.py:161} INFO - Started process (PID=352) to work on /home/airflow/.local/lib/python3.12/site-packages/airflow/example_dags/example_dynamic_task_mapping.py
[2026-06-29T09:19:00.093+0000] {processor.py:830} INFO - Processing file /home/airflow/.local/lib/python3.12/site-packages/airflow/example_dags/example_dynamic_task_mapping.py for tasks to queue
[2026-06-29T09:19:00.095+0000] {logging_mixin.py:188} INFO - [2026-06-29T09:19:00.095+0000] {dagbag.py:545} INFO - Filling up the DagBag from /home/airflow/.local/lib/python3.12/site-packages/airflow/example_dags/example_dynamic_task_mapping.py
[2026-06-29T09:19:00.106+0000] {processor.py:840} INFO - DAG(s) 'example_dynamic_task_mapping' retrieved from /home/airflow/.local/lib/python3.12/site-packages/airflow/example_dags/example_dynamic_task_mapping.py
[2026-06-29T09:19:00.134+0000] {logging_mixin.py:188} INFO - [2026-06-29T09:19:00.134+0000] {dag.py:3096} INFO - Sync 1 DAGs
[2026-06-29T09:19:00.163+0000] {logging_mixin.py:188} INFO - [2026-06-29T09:19:00.163+0000] {dag.py:3954} INFO - Setting next_dagrun for example_dynamic_task_mapping to 2022-03-04 00:00:00+00:00, run_after=2022-03-05 00:00:00+00:00
[2026-06-29T09:19:00.191+0000] {processor.py:183} INFO - Processing /home/airflow/.local/lib/python3.12/site-packages/airflow/example_dags/example_dynamic_task_mapping.py took 0.106 seconds
[2026-06-29T09:19:30.419+0000] {processor.py:161} INFO - Started process (PID=411) to work on /home/airflow/.local/lib/python3.12/site-packages/airflow/example_dags/example_dynamic_task_mapping.py
[2026-06-29T09:19:30.420+0000] {processor.py:830} INFO - Processing file /home/airflow/.local/lib/python3.12/site-packages/airflow/example_dags/example_dynamic_task_mapping.py for tasks to queue
[2026-06-29T09:19:30.422+0000] {logging_mixin.py:188} INFO - [2026-06-29T09:19:30.422+0000] {dagbag.py:545} INFO - Filling up the DagBag from /home/airflow/.local/lib/python3.12/site-packages/airflow/example_dags/example_dynamic_task_mapping.py
[2026-06-29T09:19:30.431+0000] {processor.py:840} INFO - DAG(s) 'example_dynamic_task_mapping' retrieved from /home/airflow/.local/lib/python3.12/site-packages/airflow/example_dags/example_dynamic_task_mapping.py
[2026-06-29T09:19:30.464+0000] {logging_mixin.py:188} INFO - [2026-06-29T09:19:30.464+0000] {dag.py:3096} INFO - Sync 1 DAGs
[2026-06-29T09:19:30.492+0000] {logging_mixin.py:188} INFO - [2026-06-29T09:19:30.492+0000] {dag.py:3954} INFO - Setting next_dagrun for example_dynamic_task_mapping to 2022-03-04 00:00:00+00:00, run_after=2022-03-05 00:00:00+00:00
[2026-06-29T09:19:30.512+0000] {processor.py:183} INFO - Processing /home/airflow/.local/lib/python3.12/site-packages/airflow/example_dags/example_dynamic_task_mapping.py took 0.100 seconds
[2026-06-29T09:20:01.365+0000] {processor.py:161} INFO - Started process (PID=467) to work on /home/airflow/.local/lib/python3.12/site-packages/airflow/example_dags/example_dynamic_task_mapping.py
[2026-06-29T09:20:01.365+0000] {processor.py:830} INFO - Processing file /home/airflow/.local/lib/python3.12/site-packages/airflow/example_dags/example_dynamic_task_mapping.py for tasks to queue
[2026-06-29T09:20:01.367+0000] {logging_mixin.py:188} INFO - [2026-06-29T09:20:01.367+0000] {dagbag.py:545} INFO - Filling up the DagBag from /home/airflow/.local/lib/python3.12/site-packages/airflow/example_dags/example_dynamic_task_mapping.py
[2026-06-29T09:20:01.375+0000] {processor.py:840} INFO - DAG(s) 'example_dynamic_task_mapping' retrieved from /home/airflow/.local/lib/python3.12/site-packages/airflow/example_dags/example_dynamic_task_mapping.py
[2026-06-29T09:20:01.410+0000] {logging_mixin.py:188} INFO - [2026-06-29T09:20:01.409+0000] {dag.py:3096} INFO - Sync 1 DAGs
[2026-06-29T09:20:01.442+0000] {logging_mixin.py:188} INFO - [2026-06-29T09:20:01.440+0000] {dag.py:3954} INFO - Setting next_dagrun for example_dynamic_task_mapping to 2022-03-04 00:00:00+00:00, run_after=2022-03-05 00:00:00+00:00
[2026-06-29T09:20:01.493+0000] {processor.py:183} INFO - Processing /home/airflow/.local/lib/python3.12/site-packages/airflow/example_dags/example_dynamic_task_mapping.py took 0.136 seconds
[2026-06-29T09:20:32.036+0000] {processor.py:161} INFO - Started process (PID=526) to work on /home/airflow/.local/lib/python3.12/site-packages/airflow/example_dags/example_dynamic_task_mapping.py
[2026-06-29T09:20:32.038+0000] {processor.py:830} INFO - Processing file /home/airflow/.local/lib/python3.12/site-packages/airflow/example_dags/example_dynamic_task_mapping.py for tasks to queue
[2026-06-29T09:20:32.042+0000] {logging_mixin.py:188} INFO - [2026-06-29T09:20:32.040+0000] {dagbag.py:545} INFO - Filling up the DagBag from /home/airflow/.local/lib/python3.12/site-packages/airflow/example_dags/example_dynamic_task_mapping.py
[2026-06-29T09:20:32.067+0000] {processor.py:840} INFO - DAG(s) 'example_dynamic_task_mapping' retrieved from /home/airflow/.local/lib/python3.12/site-packages/airflow/example_dags/example_dynamic_task_mapping.py
[2026-06-29T09:20:32.116+0000] {logging_mixin.py:188} INFO - [2026-06-29T09:20:32.115+0000] {dag.py:3096} INFO - Sync 1 DAGs
[2026-06-29T09:20:32.143+0000] {logging_mixin.py:188} INFO - [2026-06-29T09:20:32.143+0000] {dag.py:3954} INFO - Setting next_dagrun for example_dynamic_task_mapping to 2022-03-04 00:00:00+00:00, run_after=2022-03-05 00:00:00+00:00
[2026-06-29T09:20:32.167+0000] {processor.py:183} INFO - Processing /home/airflow/.local/lib/python3.12/site-packages/airflow/example_dags/example_dynamic_task_mapping.py took 0.163 seconds
[2026-06-29T09:21:02.636+0000] {processor.py:161} INFO - Started process (PID=585) to work on /home/airflow/.local/lib/python3.12/site-packages/airflow/example_dags/example_dynamic_task_mapping.py
[2026-06-29T09:21:02.646+0000] {processor.py:830} INFO - Processing file /home/airflow/.local/lib/python3.12/site-packages/airflow/example_dags/example_dynamic_task_mapping.py for tasks to queue
[2026-06-29T09:21:02.650+0000] {logging_mixin.py:188} INFO - [2026-06-29T09:21:02.649+0000] {dagbag.py:545} INFO - Filling up the DagBag from /home/airflow/.local/lib/python3.12/site-packages/airflow/example_dags/example_dynamic_task_mapping.py
[2026-06-29T09:21:02.677+0000] {processor.py:840} INFO - DAG(s) 'example_dynamic_task_mapping' retrieved from /home/airflow/.local/lib/python3.12/site-packages/airflow/example_dags/example_dynamic_task_mapping.py
[2026-06-29T09:21:02.747+0000] {logging_mixin.py:188} INFO - [2026-06-29T09:21:02.746+0000] {dag.py:3096} INFO - Sync 1 DAGs
[2026-06-29T09:21:02.843+0000] {logging_mixin.py:188} INFO - [2026-06-29T09:21:02.841+0000] {dag.py:3954} INFO - Setting next_dagrun for example_dynamic_task_mapping to 2022-03-04 00:00:00+00:00, run_after=2022-03-05 00:00:00+00:00
[2026-06-29T09:21:02.915+0000] {processor.py:183} INFO - Processing /home/airflow/.local/lib/python3.12/site-packages/airflow/example_dags/example_dynamic_task_mapping.py took 0.313 seconds
[2026-06-29T09:21:33.461+0000] {processor.py:161} INFO - Started process (PID=643) to work on /home/airflow/.local/lib/python3.12/site-packages/airflow/example_dags/example_dynamic_task_mapping.py
[2026-06-29T09:21:33.462+0000] {processor.py:830} INFO - Processing file /home/airflow/.local/lib/python3.12/site-packages/airflow/example_dags/example_dynamic_task_mapping.py for tasks to queue
[2026-06-29T09:21:33.464+0000] {logging_mixin.py:188} INFO - [2026-06-29T09:21:33.464+0000] {dagbag.py:545} INFO - Filling up the DagBag from /home/airflow/.local/lib/python3.12/site-packages/airflow/example_dags/example_dynamic_task_mapping.py
[2026-06-29T09:21:33.473+0000] {processor.py:840} INFO - DAG(s) 'example_dynamic_task_mapping' retrieved from /home/airflow/.local/lib/python3.12/site-packages/airflow/example_dags/example_dynamic_task_mapping.py
[2026-06-29T09:21:33.495+0000] {logging_mixin.py:188} INFO - [2026-06-29T09:21:33.495+0000] {dag.py:3096} INFO - Sync 1 DAGs
[2026-06-29T09:21:33.523+0000] {logging_mixin.py:188} INFO - [2026-06-29T09:21:33.522+0000] {dag.py:3954} INFO - Setting next_dagrun for example_dynamic_task_mapping to 2022-03-04 00:00:00+00:00, run_after=2022-03-05 00:00:00+00:00
[2026-06-29T09:21:33.543+0000] {processor.py:183} INFO - Processing /home/airflow/.local/lib/python3.12/site-packages/airflow/example_dags/example_dynamic_task_mapping.py took 0.091 seconds
[2026-06-29T09:22:04.392+0000] {processor.py:161} INFO - Started process (PID=702) to work on /home/airflow/.local/lib/python3.12/site-packages/airflow/example_dags/example_dynamic_task_mapping.py
[2026-06-29T09:22:04.399+0000] {processor.py:830} INFO - Processing file /home/airflow/.local/lib/python3.12/site-packages/airflow/example_dags/example_dynamic_task_mapping.py for tasks to queue
[2026-06-29T09:22:04.421+0000] {logging_mixin.py:188} INFO - [2026-06-29T09:22:04.417+0000] {dagbag.py:545} INFO - Filling up the DagBag from /home/airflow/.local/lib/python3.12/site-packages/airflow/example_dags/example_dynamic_task_mapping.py
[2026-06-29T09:22:04.436+0000] {processor.py:840} INFO - DAG(s) 'example_dynamic_task_mapping' retrieved from /home/airflow/.local/lib/python3.12/site-packages/airflow/example_dags/example_dynamic_task_mapping.py
[2026-06-29T09:22:04.533+0000] {logging_mixin.py:188} INFO - [2026-06-29T09:22:04.532+0000] {dag.py:3096} INFO - Sync 1 DAGs
[2026-06-29T09:22:04.603+0000] {logging_mixin.py:188} INFO - [2026-06-29T09:22:04.603+0000] {dag.py:3954} INFO - Setting next_dagrun for example_dynamic_task_mapping to 2022-03-04 00:00:00+00:00, run_after=2022-03-05 00:00:00+00:00
[2026-06-29T09:22:04.663+0000] {processor.py:183} INFO - Processing /home/airflow/.local/lib/python3.12/site-packages/airflow/example_dags/example_dynamic_task_mapping.py took 0.309 seconds
[2026-06-29T09:22:34.933+0000] {processor.py:161} INFO - Started process (PID=760) to work on /home/airflow/.local/lib/python3.12/site-packages/airflow/example_dags/example_dynamic_task_mapping.py
[2026-06-29T09:22:34.936+0000] {processor.py:830} INFO - Processing file /home/airflow/.local/lib/python3.12/site-packages/airflow/example_dags/example_dynamic_task_mapping.py for tasks to queue
[2026-06-29T09:22:34.941+0000] {logging_mixin.py:188} INFO - [2026-06-29T09:22:34.941+0000] {dagbag.py:545} INFO - Filling up the DagBag from /home/airflow/.local/lib/python3.12/site-packages/airflow/example_dags/example_dynamic_task_mapping.py
[2026-06-29T09:22:34.964+0000] {processor.py:840} INFO - DAG(s) 'example_dynamic_task_mapping' retrieved from /home/airflow/.local/lib/python3.12/site-packages/airflow/example_dags/example_dynamic_task_mapping.py
[2026-06-29T09:22:35.033+0000] {logging_mixin.py:188} INFO - [2026-06-29T09:22:35.033+0000] {dag.py:3096} INFO - Sync 1 DAGs
[2026-06-29T09:22:35.137+0000] {logging_mixin.py:188} INFO - [2026-06-29T09:22:35.137+0000] {dag.py:3954} INFO - Setting next_dagrun for example_dynamic_task_mapping to 2022-03-04 00:00:00+00:00, run_after=2022-03-05 00:00:00+00:00
[2026-06-29T09:22:35.179+0000] {processor.py:183} INFO - Processing /home/airflow/.local/lib/python3.12/site-packages/airflow/example_dags/example_dynamic_task_mapping.py took 0.264 seconds
[2026-06-29T09:23:06.282+0000] {processor.py:161} INFO - Started process (PID=819) to work on /home/airflow/.local/lib/python3.12/site-packages/airflow/example_dags/example_dynamic_task_mapping.py
[2026-06-29T09:23:06.288+0000] {processor.py:830} INFO - Processing file /home/airflow/.local/lib/python3.12/site-packages/airflow/example_dags/example_dynamic_task_mapping.py for tasks to queue
[2026-06-29T09:23:06.294+0000] {logging_mixin.py:188} INFO - [2026-06-29T09:23:06.293+0000] {dagbag.py:545} INFO - Filling up the DagBag from /home/airflow/.local/lib/python3.12/site-packages/airflow/example_dags/example_dynamic_task_mapping.py
[2026-06-29T09:23:06.325+0000] {processor.py:840} INFO - DAG(s) 'example_dynamic_task_mapping' retrieved from /home/airflow/.local/lib/python3.12/site-packages/airflow/example_dags/example_dynamic_task_mapping.py
[2026-06-29T09:23:06.434+0000] {logging_mixin.py:188} INFO - [2026-06-29T09:23:06.433+0000] {dag.py:3096} INFO - Sync 1 DAGs
[2026-06-29T09:23:06.474+0000] {logging_mixin.py:188} INFO - [2026-06-29T09:23:06.473+0000] {dag.py:3954} INFO - Setting next_dagrun for example_dynamic_task_mapping to 2022-03-04 00:00:00+00:00, run_after=2022-03-05 00:00:00+00:00
[2026-06-29T09:23:06.574+0000] {processor.py:183} INFO - Processing /home/airflow/.local/lib/python3.12/site-packages/airflow/example_dags/example_dynamic_task_mapping.py took 0.318 seconds
[2026-06-29T09:23:36.768+0000] {processor.py:161} INFO - Started process (PID=878) to work on /home/airflow/.local/lib/python3.12/site-packages/airflow/example_dags/example_dynamic_task_mapping.py
[2026-06-29T09:23:36.769+0000] {processor.py:830} INFO - Processing file /home/airflow/.local/lib/python3.12/site-packages/airflow/example_dags/example_dynamic_task_mapping.py for tasks to queue
[2026-06-29T09:23:36.771+0000] {logging_mixin.py:188} INFO - [2026-06-29T09:23:36.771+0000] {dagbag.py:545} INFO - Filling up the DagBag from /home/airflow/.local/lib/python3.12/site-packages/airflow/example_dags/example_dynamic_task_mapping.py
[2026-06-29T09:23:36.777+0000] {processor.py:840} INFO - DAG(s) 'example_dynamic_task_mapping' retrieved from /home/airflow/.local/lib/python3.12/site-packages/airflow/example_dags/example_dynamic_task_mapping.py
[2026-06-29T09:23:36.802+0000] {logging_mixin.py:188} INFO - [2026-06-29T09:23:36.802+0000] {dag.py:3096} INFO - Sync 1 DAGs
[2026-06-29T09:23:36.821+0000] {logging_mixin.py:188} INFO - [2026-06-29T09:23:36.821+0000] {dag.py:3954} INFO - Setting next_dagrun for example_dynamic_task_mapping to 2022-03-04 00:00:00+00:00, run_after=2022-03-05 00:00:00+00:00
[2026-06-29T09:23:36.837+0000] {processor.py:183} INFO - Processing /home/airflow/.local/lib/python3.12/site-packages/airflow/example_dags/example_dynamic_task_mapping.py took 0.078 seconds
[2026-06-29T09:24:07.085+0000] {processor.py:161} INFO - Started process (PID=937) to work on /home/airflow/.local/lib/python3.12/site-packages/airflow/example_dags/example_dynamic_task_mapping.py
[2026-06-29T09:24:07.088+0000] {processor.py:830} INFO - Processing file /home/airflow/.local/lib/python3.12/site-packages/airflow/example_dags/example_dynamic_task_mapping.py for tasks to queue
[2026-06-29T09:24:07.094+0000] {logging_mixin.py:188} INFO - [2026-06-29T09:24:07.091+0000] {dagbag.py:545} INFO - Filling up the DagBag from /home/airflow/.local/lib/python3.12/site-packages/airflow/example_dags/example_dynamic_task_mapping.py
[2026-06-29T09:24:07.110+0000] {processor.py:840} INFO - DAG(s) 'example_dynamic_task_mapping' retrieved from /home/airflow/.local/lib/python3.12/site-packages/airflow/example_dags/example_dynamic_task_mapping.py
[2026-06-29T09:24:07.181+0000] {logging_mixin.py:188} INFO - [2026-06-29T09:24:07.181+0000] {dag.py:3096} INFO - Sync 1 DAGs
[2026-06-29T09:24:07.230+0000] {logging_mixin.py:188} INFO - [2026-06-29T09:24:07.230+0000] {dag.py:3954} INFO - Setting next_dagrun for example_dynamic_task_mapping to 2022-03-04 00:00:00+00:00, run_after=2022-03-05 00:00:00+00:00
[2026-06-29T09:24:07.253+0000] {processor.py:183} INFO - Processing /home/airflow/.local/lib/python3.12/site-packages/airflow/example_dags/example_dynamic_task_mapping.py took 0.175 seconds
[2026-06-29T09:24:38.288+0000] {processor.py:161} INFO - Started process (PID=996) to work on /home/airflow/.local/lib/python3.12/site-packages/airflow/example_dags/example_dynamic_task_mapping.py
[2026-06-29T09:24:38.291+0000] {processor.py:830} INFO - Processing file /home/airflow/.local/lib/python3.12/site-packages/airflow/example_dags/example_dynamic_task_mapping.py for tasks to queue
[2026-06-29T09:24:38.307+0000] {logging_mixin.py:188} INFO - [2026-06-29T09:24:38.298+0000] {dagbag.py:545} INFO - Filling up the DagBag from /home/airflow/.local/lib/python3.12/site-packages/airflow/example_dags/example_dynamic_task_mapping.py
[2026-06-29T09:24:38.397+0000] {processor.py:840} INFO - DAG(s) 'example_dynamic_task_mapping' retrieved from /home/airflow/.local/lib/python3.12/site-packages/airflow/example_dags/example_dynamic_task_mapping.py
[2026-06-29T09:24:38.524+0000] {logging_mixin.py:188} INFO - [2026-06-29T09:24:38.523+0000] {dag.py:3096} INFO - Sync 1 DAGs
[2026-06-29T09:24:38.605+0000] {logging_mixin.py:188} INFO - [2026-06-29T09:24:38.605+0000] {dag.py:3954} INFO - Setting next_dagrun for example_dynamic_task_mapping to 2022-03-04 00:00:00+00:00, run_after=2022-03-05 00:00:00+00:00
[2026-06-29T09:24:38.637+0000] {processor.py:183} INFO - Processing /home/airflow/.local/lib/python3.12/site-packages/airflow/example_dags/example_dynamic_task_mapping.py took 0.416 seconds
[2026-06-29T09:25:09.311+0000] {processor.py:161} INFO - Started process (PID=1055) to work on /home/airflow/.local/lib/python3.12/site-packages/airflow/example_dags/example_dynamic_task_mapping.py
[2026-06-29T09:25:09.323+0000] {processor.py:830} INFO - Processing file /home/airflow/.local/lib/python3.12/site-packages/airflow/example_dags/example_dynamic_task_mapping.py for tasks to queue
[2026-06-29T09:25:09.335+0000] {logging_mixin.py:188} INFO - [2026-06-29T09:25:09.334+0000] {dagbag.py:545} INFO - Filling up the DagBag from /home/airflow/.local/lib/python3.12/site-packages/airflow/example_dags/example_dynamic_task_mapping.py
[2026-06-29T09:25:09.404+0000] {processor.py:840} INFO - DAG(s) 'example_dynamic_task_mapping' retrieved from /home/airflow/.local/lib/python3.12/site-packages/airflow/example_dags/example_dynamic_task_mapping.py
[2026-06-29T09:25:09.449+0000] {logging_mixin.py:188} INFO - [2026-06-29T09:25:09.448+0000] {dag.py:3096} INFO - Sync 1 DAGs
[2026-06-29T09:25:09.492+0000] {logging_mixin.py:188} INFO - [2026-06-29T09:25:09.491+0000] {dag.py:3954} INFO - Setting next_dagrun for example_dynamic_task_mapping to 2022-03-04 00:00:00+00:00, run_after=2022-03-05 00:00:00+00:00
[2026-06-29T09:25:09.627+0000] {processor.py:183} INFO - Processing /home/airflow/.local/lib/python3.12/site-packages/airflow/example_dags/example_dynamic_task_mapping.py took 0.350 seconds
[2026-06-29T09:25:40.168+0000] {processor.py:161} INFO - Started process (PID=1113) to work on /home/airflow/.local/lib/python3.12/site-packages/airflow/example_dags/example_dynamic_task_mapping.py
[2026-06-29T09:25:40.169+0000] {processor.py:830} INFO - Processing file /home/airflow/.local/lib/python3.12/site-packages/airflow/example_dags/example_dynamic_task_mapping.py for tasks to queue
[2026-06-29T09:25:40.172+0000] {logging_mixin.py:188} INFO - [2026-06-29T09:25:40.171+0000] {dagbag.py:545} INFO - Filling up the DagBag from /home/airflow/.local/lib/python3.12/site-packages/airflow/example_dags/example_dynamic_task_mapping.py
[2026-06-29T09:25:40.187+0000] {processor.py:840} INFO - DAG(s) 'example_dynamic_task_mapping' retrieved from /home/airflow/.local/lib/python3.12/site-packages/airflow/example_dags/example_dynamic_task_mapping.py
[2026-06-29T09:25:40.218+0000] {logging_mixin.py:188} INFO - [2026-06-29T09:25:40.218+0000] {dag.py:3096} INFO - Sync 1 DAGs
[2026-06-29T09:25:40.251+0000] {logging_mixin.py:188} INFO - [2026-06-29T09:25:40.251+0000] {dag.py:3954} INFO - Setting next_dagrun for example_dynamic_task_mapping to 2022-03-04 00:00:00+00:00, run_after=2022-03-05 00:00:00+00:00
[2026-06-29T09:25:40.290+0000] {processor.py:183} INFO - Processing /home/airflow/.local/lib/python3.12/site-packages/airflow/example_dags/example_dynamic_task_mapping.py took 0.129 seconds
[2026-06-29T09:26:11.083+0000] {processor.py:161} INFO - Started process (PID=1172) to work on /home/airflow/.local/lib/python3.12/site-packages/airflow/example_dags/example_dynamic_task_mapping.py
[2026-06-29T09:26:11.084+0000] {processor.py:830} INFO - Processing file /home/airflow/.local/lib/python3.12/site-packages/airflow/example_dags/example_dynamic_task_mapping.py for tasks to queue
[2026-06-29T09:26:11.087+0000] {logging_mixin.py:188} INFO - [2026-06-29T09:26:11.086+0000] {dagbag.py:545} INFO - Filling up the DagBag from /home/airflow/.local/lib/python3.12/site-packages/airflow/example_dags/example_dynamic_task_mapping.py
[2026-06-29T09:26:11.095+0000] {processor.py:840} INFO - DAG(s) 'example_dynamic_task_mapping' retrieved from /home/airflow/.local/lib/python3.12/site-packages/airflow/example_dags/example_dynamic_task_mapping.py
[2026-06-29T09:26:11.115+0000] {logging_mixin.py:188} INFO - [2026-06-29T09:26:11.115+0000] {dag.py:3096} INFO - Sync 1 DAGs
[2026-06-29T09:26:11.135+0000] {logging_mixin.py:188} INFO - [2026-06-29T09:26:11.135+0000] {dag.py:3954} INFO - Setting next_dagrun for example_dynamic_task_mapping to 2022-03-04 00:00:00+00:00, run_after=2022-03-05 00:00:00+00:00
[2026-06-29T09:26:11.150+0000] {processor.py:183} INFO - Processing /home/airflow/.local/lib/python3.12/site-packages/airflow/example_dags/example_dynamic_task_mapping.py took 0.074 seconds
[2026-06-29T09:26:41.671+0000] {processor.py:161} INFO - Started process (PID=1231) to work on /home/airflow/.local/lib/python3.12/site-packages/airflow/example_dags/example_dynamic_task_mapping.py
[2026-06-29T09:26:41.676+0000] {processor.py:830} INFO - Processing file /home/airflow/.local/lib/python3.12/site-packages/airflow/example_dags/example_dynamic_task_mapping.py for tasks to queue
[2026-06-29T09:26:41.680+0000] {logging_mixin.py:188} INFO - [2026-06-29T09:26:41.679+0000] {dagbag.py:545} INFO - Filling up the DagBag from /home/airflow/.local/lib/python3.12/site-packages/airflow/example_dags/example_dynamic_task_mapping.py
[2026-06-29T09:26:41.696+0000] {processor.py:840} INFO - DAG(s) 'example_dynamic_task_mapping' retrieved from /home/airflow/.local/lib/python3.12/site-packages/airflow/example_dags/example_dynamic_task_mapping.py
[2026-06-29T09:26:41.727+0000] {logging_mixin.py:188} INFO - [2026-06-29T09:26:41.726+0000] {dag.py:3096} INFO - Sync 1 DAGs
[2026-06-29T09:26:41.760+0000] {logging_mixin.py:188} INFO - [2026-06-29T09:26:41.760+0000] {dag.py:3954} INFO - Setting next_dagrun for example_dynamic_task_mapping to 2022-03-04 00:00:00+00:00, run_after=2022-03-05 00:00:00+00:00
[2026-06-29T09:26:41.782+0000] {processor.py:183} INFO - Processing /home/airflow/.local/lib/python3.12/site-packages/airflow/example_dags/example_dynamic_task_mapping.py took 0.119 seconds
[2026-06-29T09:27:12.342+0000] {processor.py:161} INFO - Started process (PID=1290) to work on /home/airflow/.local/lib/python3.12/site-packages/airflow/example_dags/example_dynamic_task_mapping.py
[2026-06-29T09:27:12.345+0000] {processor.py:830} INFO - Processing file /home/airflow/.local/lib/python3.12/site-packages/airflow/example_dags/example_dynamic_task_mapping.py for tasks to queue
[2026-06-29T09:27:12.347+0000] {logging_mixin.py:188} INFO - [2026-06-29T09:27:12.346+0000] {dagbag.py:545} INFO - Filling up the DagBag from /home/airflow/.local/lib/python3.12/site-packages/airflow/example_dags/example_dynamic_task_mapping.py
[2026-06-29T09:27:12.356+0000] {processor.py:840} INFO - DAG(s) 'example_dynamic_task_mapping' retrieved from /home/airflow/.local/lib/python3.12/site-packages/airflow/example_dags/example_dynamic_task_mapping.py
[2026-06-29T09:27:12.444+0000] {logging_mixin.py:188} INFO - [2026-06-29T09:27:12.444+0000] {dag.py:3096} INFO - Sync 1 DAGs
[2026-06-29T09:27:12.565+0000] {logging_mixin.py:188} INFO - [2026-06-29T09:27:12.562+0000] {dag.py:3954} INFO - Setting next_dagrun for example_dynamic_task_mapping to 2022-03-04 00:00:00+00:00, run_after=2022-03-05 00:00:00+00:00
[2026-06-29T09:27:12.643+0000] {processor.py:183} INFO - Processing /home/airflow/.local/lib/python3.12/site-packages/airflow/example_dags/example_dynamic_task_mapping.py took 0.308 seconds
[2026-06-29T09:27:43.251+0000] {processor.py:161} INFO - Started process (PID=1348) to work on /home/airflow/.local/lib/python3.12/site-packages/airflow/example_dags/example_dynamic_task_mapping.py
[2026-06-29T09:27:43.254+0000] {processor.py:830} INFO - Processing file /home/airflow/.local/lib/python3.12/site-packages/airflow/example_dags/example_dynamic_task_mapping.py for tasks to queue
[2026-06-29T09:27:43.257+0000] {logging_mixin.py:188} INFO - [2026-06-29T09:27:43.257+0000] {dagbag.py:545} INFO - Filling up the DagBag from /home/airflow/.local/lib/python3.12/site-packages/airflow/example_dags/example_dynamic_task_mapping.py
[2026-06-29T09:27:43.267+0000] {processor.py:840} INFO - DAG(s) 'example_dynamic_task_mapping' retrieved from /home/airflow/.local/lib/python3.12/site-packages/airflow/example_dags/example_dynamic_task_mapping.py
[2026-06-29T09:27:43.296+0000] {logging_mixin.py:188} INFO - [2026-06-29T09:27:43.296+0000] {dag.py:3096} INFO - Sync 1 DAGs
[2026-06-29T09:27:43.329+0000] {logging_mixin.py:188} INFO - [2026-06-29T09:27:43.328+0000] {dag.py:3954} INFO - Setting next_dagrun for example_dynamic_task_mapping to 2022-03-04 00:00:00+00:00, run_after=2022-03-05 00:00:00+00:00
[2026-06-29T09:27:43.349+0000] {processor.py:183} INFO - Processing /home/airflow/.local/lib/python3.12/site-packages/airflow/example_dags/example_dynamic_task_mapping.py took 0.106 seconds
[2026-06-29T09:28:13.897+0000] {processor.py:161} INFO - Started process (PID=1407) to work on /home/airflow/.local/lib/python3.12/site-packages/airflow/example_dags/example_dynamic_task_mapping.py
[2026-06-29T09:28:13.898+0000] {processor.py:830} INFO - Processing file /home/airflow/.local/lib/python3.12/site-packages/airflow/example_dags/example_dynamic_task_mapping.py for tasks to queue
[2026-06-29T09:28:13.902+0000] {logging_mixin.py:188} INFO - [2026-06-29T09:28:13.902+0000] {dagbag.py:545} INFO - Filling up the DagBag from /home/airflow/.local/lib/python3.12/site-packages/airflow/example_dags/example_dynamic_task_mapping.py
[2026-06-29T09:28:13.915+0000] {processor.py:840} INFO - DAG(s) 'example_dynamic_task_mapping' retrieved from /home/airflow/.local/lib/python3.12/site-packages/airflow/example_dags/example_dynamic_task_mapping.py
[2026-06-29T09:28:13.954+0000] {logging_mixin.py:188} INFO - [2026-06-29T09:28:13.954+0000] {dag.py:3096} INFO - Sync 1 DAGs
[2026-06-29T09:28:13.988+0000] {logging_mixin.py:188} INFO - [2026-06-29T09:28:13.988+0000] {dag.py:3954} INFO - Setting next_dagrun for example_dynamic_task_mapping to 2022-03-04 00:00:00+00:00, run_after=2022-03-05 00:00:00+00:00
[2026-06-29T09:28:14.010+0000] {processor.py:183} INFO - Processing /home/airflow/.local/lib/python3.12/site-packages/airflow/example_dags/example_dynamic_task_mapping.py took 0.130 seconds
[2026-06-29T09:28:44.784+0000] {processor.py:161} INFO - Started process (PID=1466) to work on /home/airflow/.local/lib/python3.12/site-packages/airflow/example_dags/example_dynamic_task_mapping.py
[2026-06-29T09:28:44.785+0000] {processor.py:830} INFO - Processing file /home/airflow/.local/lib/python3.12/site-packages/airflow/example_dags/example_dynamic_task_mapping.py for tasks to queue
[2026-06-29T09:28:44.793+0000] {logging_mixin.py:188} INFO - [2026-06-29T09:28:44.792+0000] {dagbag.py:545} INFO - Filling up the DagBag from /home/airflow/.local/lib/python3.12/site-packages/airflow/example_dags/example_dynamic_task_mapping.py
[2026-06-29T09:28:44.818+0000] {processor.py:840} INFO - DAG(s) 'example_dynamic_task_mapping' retrieved from /home/airflow/.local/lib/python3.12/site-packages/airflow/example_dags/example_dynamic_task_mapping.py
[2026-06-29T09:28:44.847+0000] {logging_mixin.py:188} INFO - [2026-06-29T09:28:44.847+0000] {dag.py:3096} INFO - Sync 1 DAGs
[2026-06-29T09:28:44.901+0000] {logging_mixin.py:188} INFO - [2026-06-29T09:28:44.900+0000] {dag.py:3954} INFO - Setting next_dagrun for example_dynamic_task_mapping to 2022-03-04 00:00:00+00:00, run_after=2022-03-05 00:00:00+00:00
[2026-06-29T09:28:44.929+0000] {processor.py:183} INFO - Processing /home/airflow/.local/lib/python3.12/site-packages/airflow/example_dags/example_dynamic_task_mapping.py took 0.158 seconds
[2026-06-29T09:29:16.395+0000] {processor.py:161} INFO - Started process (PID=1526) to work on /home/airflow/.local/lib/python3.12/site-packages/airflow/example_dags/example_dynamic_task_mapping.py
[2026-06-29T09:29:16.401+0000] {processor.py:830} INFO - Processing file /home/airflow/.local/lib/python3.12/site-packages/airflow/example_dags/example_dynamic_task_mapping.py for tasks to queue
[2026-06-29T09:29:16.407+0000] {logging_mixin.py:188} INFO - [2026-06-29T09:29:16.407+0000] {dagbag.py:545} INFO - Filling up the DagBag from /home/airflow/.local/lib/python3.12/site-packages/airflow/example_dags/example_dynamic_task_mapping.py
[2026-06-29T09:29:16.439+0000] {processor.py:840} INFO - DAG(s) 'example_dynamic_task_mapping' retrieved from /home/airflow/.local/lib/python3.12/site-packages/airflow/example_dags/example_dynamic_task_mapping.py
[2026-06-29T09:29:16.520+0000] {logging_mixin.py:188} INFO - [2026-06-29T09:29:16.520+0000] {dag.py:3096} INFO - Sync 1 DAGs
[2026-06-29T09:29:16.601+0000] {logging_mixin.py:188} INFO - [2026-06-29T09:29:16.601+0000] {dag.py:3954} INFO - Setting next_dagrun for example_dynamic_task_mapping to 2022-03-04 00:00:00+00:00, run_after=2022-03-05 00:00:00+00:00
[2026-06-29T09:29:16.623+0000] {processor.py:183} INFO - Processing /home/airflow/.local/lib/python3.12/site-packages/airflow/example_dags/example_dynamic_task_mapping.py took 0.264 seconds
[2026-06-29T09:29:49.260+0000] {processor.py:161} INFO - Started process (PID=1585) to work on /home/airflow/.local/lib/python3.12/site-packages/airflow/example_dags/example_dynamic_task_mapping.py
[2026-06-29T09:29:49.264+0000] {processor.py:830} INFO - Processing file /home/airflow/.local/lib/python3.12/site-packages/airflow/example_dags/example_dynamic_task_mapping.py for tasks to queue
[2026-06-29T09:29:49.267+0000] {logging_mixin.py:188} INFO - [2026-06-29T09:29:49.266+0000] {dagbag.py:545} INFO - Filling up the DagBag from /home/airflow/.local/lib/python3.12/site-packages/airflow/example_dags/example_dynamic_task_mapping.py
[2026-06-29T09:29:49.284+0000] {processor.py:840} INFO - DAG(s) 'example_dynamic_task_mapping' retrieved from /home/airflow/.local/lib/python3.12/site-packages/airflow/example_dags/example_dynamic_task_mapping.py
[2026-06-29T09:29:49.338+0000] {logging_mixin.py:188} INFO - [2026-06-29T09:29:49.338+0000] {dag.py:3096} INFO - Sync 1 DAGs
[2026-06-29T09:29:49.568+0000] {logging_mixin.py:188} INFO - [2026-06-29T09:29:49.567+0000] {dag.py:3954} INFO - Setting next_dagrun for example_dynamic_task_mapping to 2022-03-04 00:00:00+00:00, run_after=2022-03-05 00:00:00+00:00
[2026-06-29T09:29:49.585+0000] {processor.py:183} INFO - Processing /home/airflow/.local/lib/python3.12/site-packages/airflow/example_dags/example_dynamic_task_mapping.py took 0.352 seconds
[2026-06-29T09:30:21.123+0000] {processor.py:161} INFO - Started process (PID=1644) to work on /home/airflow/.local/lib/python3.12/site-packages/airflow/example_dags/example_dynamic_task_mapping.py
[2026-06-29T09:30:21.126+0000] {processor.py:830} INFO - Processing file /home/airflow/.local/lib/python3.12/site-packages/airflow/example_dags/example_dynamic_task_mapping.py for tasks to queue
[2026-06-29T09:30:21.131+0000] {logging_mixin.py:188} INFO - [2026-06-29T09:30:21.131+0000] {dagbag.py:545} INFO - Filling up the DagBag from /home/airflow/.local/lib/python3.12/site-packages/airflow/example_dags/example_dynamic_task_mapping.py
[2026-06-29T09:30:21.167+0000] {processor.py:840} INFO - DAG(s) 'example_dynamic_task_mapping' retrieved from /home/airflow/.local/lib/python3.12/site-packages/airflow/example_dags/example_dynamic_task_mapping.py
[2026-06-29T09:30:21.299+0000] {logging_mixin.py:188} INFO - [2026-06-29T09:30:21.299+0000] {dag.py:3096} INFO - Sync 1 DAGs
[2026-06-29T09:30:22.232+0000] {logging_mixin.py:188} INFO - [2026-06-29T09:30:22.232+0000] {dag.py:3954} INFO - Setting next_dagrun for example_dynamic_task_mapping to 2022-03-04 00:00:00+00:00, run_after=2022-03-05 00:00:00+00:00
[2026-06-29T09:30:22.252+0000] {processor.py:183} INFO - Processing /home/airflow/.local/lib/python3.12/site-packages/airflow/example_dags/example_dynamic_task_mapping.py took 1.155 seconds
[2026-06-29T09:30:52.524+0000] {processor.py:161} INFO - Started process (PID=1702) to work on /home/airflow/.local/lib/python3.12/site-packages/airflow/example_dags/example_dynamic_task_mapping.py
[2026-06-29T09:30:52.525+0000] {processor.py:830} INFO - Processing file /home/airflow/.local/lib/python3.12/site-packages/airflow/example_dags/example_dynamic_task_mapping.py for tasks to queue
[2026-06-29T09:30:52.527+0000] {logging_mixin.py:188} INFO - [2026-06-29T09:30:52.527+0000] {dagbag.py:545} INFO - Filling up the DagBag from /home/airflow/.local/lib/python3.12/site-packages/airflow/example_dags/example_dynamic_task_mapping.py
[2026-06-29T09:30:52.536+0000] {processor.py:840} INFO - DAG(s) 'example_dynamic_task_mapping' retrieved from /home/airflow/.local/lib/python3.12/site-packages/airflow/example_dags/example_dynamic_task_mapping.py
[2026-06-29T09:30:52.619+0000] {logging_mixin.py:188} INFO - [2026-06-29T09:30:52.619+0000] {dag.py:3096} INFO - Sync 1 DAGs
[2026-06-29T09:30:53.211+0000] {logging_mixin.py:188} INFO - [2026-06-29T09:30:53.210+0000] {dag.py:3954} INFO - Setting next_dagrun for example_dynamic_task_mapping to 2022-03-04 00:00:00+00:00, run_after=2022-03-05 00:00:00+00:00
[2026-06-29T09:30:53.286+0000] {processor.py:183} INFO - Processing /home/airflow/.local/lib/python3.12/site-packages/airflow/example_dags/example_dynamic_task_mapping.py took 0.770 seconds
[2026-06-29T09:31:23.651+0000] {processor.py:161} INFO - Started process (PID=1761) to work on /home/airflow/.local/lib/python3.12/site-packages/airflow/example_dags/example_dynamic_task_mapping.py
[2026-06-29T09:31:23.651+0000] {processor.py:830} INFO - Processing file /home/airflow/.local/lib/python3.12/site-packages/airflow/example_dags/example_dynamic_task_mapping.py for tasks to queue
[2026-06-29T09:31:23.654+0000] {logging_mixin.py:188} INFO - [2026-06-29T09:31:23.653+0000] {dagbag.py:545} INFO - Filling up the DagBag from /home/airflow/.local/lib/python3.12/site-packages/airflow/example_dags/example_dynamic_task_mapping.py
[2026-06-29T09:31:23.662+0000] {processor.py:840} INFO - DAG(s) 'example_dynamic_task_mapping' retrieved from /home/airflow/.local/lib/python3.12/site-packages/airflow/example_dags/example_dynamic_task_mapping.py
[2026-06-29T09:31:23.690+0000] {logging_mixin.py:188} INFO - [2026-06-29T09:31:23.690+0000] {dag.py:3096} INFO - Sync 1 DAGs
[2026-06-29T09:31:23.720+0000] {logging_mixin.py:188} INFO - [2026-06-29T09:31:23.720+0000] {dag.py:3954} INFO - Setting next_dagrun for example_dynamic_task_mapping to 2022-03-04 00:00:00+00:00, run_after=2022-03-05 00:00:00+00:00
[2026-06-29T09:31:23.747+0000] {processor.py:183} INFO - Processing /home/airflow/.local/lib/python3.12/site-packages/airflow/example_dags/example_dynamic_task_mapping.py took 0.103 seconds
[2026-06-29T09:31:54.258+0000] {processor.py:161} INFO - Started process (PID=1821) to work on /home/airflow/.local/lib/python3.12/site-packages/airflow/example_dags/example_dynamic_task_mapping.py
[2026-06-29T09:31:54.260+0000] {processor.py:830} INFO - Processing file /home/airflow/.local/lib/python3.12/site-packages/airflow/example_dags/example_dynamic_task_mapping.py for tasks to queue
[2026-06-29T09:31:54.262+0000] {logging_mixin.py:188} INFO - [2026-06-29T09:31:54.262+0000] {dagbag.py:545} INFO - Filling up the DagBag from /home/airflow/.local/lib/python3.12/site-packages/airflow/example_dags/example_dynamic_task_mapping.py
[2026-06-29T09:31:54.271+0000] {processor.py:840} INFO - DAG(s) 'example_dynamic_task_mapping' retrieved from /home/airflow/.local/lib/python3.12/site-packages/airflow/example_dags/example_dynamic_task_mapping.py
[2026-06-29T09:31:54.309+0000] {logging_mixin.py:188} INFO - [2026-06-29T09:31:54.308+0000] {dag.py:3096} INFO - Sync 1 DAGs
[2026-06-29T09:31:54.340+0000] {logging_mixin.py:188} INFO - [2026-06-29T09:31:54.339+0000] {dag.py:3954} INFO - Setting next_dagrun for example_dynamic_task_mapping to 2022-03-04 00:00:00+00:00, run_after=2022-03-05 00:00:00+00:00
[2026-06-29T09:31:54.444+0000] {processor.py:183} INFO - Processing /home/airflow/.local/lib/python3.12/site-packages/airflow/example_dags/example_dynamic_task_mapping.py took 0.194 seconds
[2026-06-29T09:32:25.101+0000] {processor.py:161} INFO - Started process (PID=1880) to work on /home/airflow/.local/lib/python3.12/site-packages/airflow/example_dags/example_dynamic_task_mapping.py
[2026-06-29T09:32:25.102+0000] {processor.py:830} INFO - Processing file /home/airflow/.local/lib/python3.12/site-packages/airflow/example_dags/example_dynamic_task_mapping.py for tasks to queue
[2026-06-29T09:32:25.106+0000] {logging_mixin.py:188} INFO - [2026-06-29T09:32:25.105+0000] {dagbag.py:545} INFO - Filling up the DagBag from /home/airflow/.local/lib/python3.12/site-packages/airflow/example_dags/example_dynamic_task_mapping.py
[2026-06-29T09:32:25.114+0000] {processor.py:840} INFO - DAG(s) 'example_dynamic_task_mapping' retrieved from /home/airflow/.local/lib/python3.12/site-packages/airflow/example_dags/example_dynamic_task_mapping.py
[2026-06-29T09:32:25.139+0000] {logging_mixin.py:188} INFO - [2026-06-29T09:32:25.139+0000] {dag.py:3096} INFO - Sync 1 DAGs
[2026-06-29T09:32:25.171+0000] {logging_mixin.py:188} INFO - [2026-06-29T09:32:25.171+0000] {dag.py:3954} INFO - Setting next_dagrun for example_dynamic_task_mapping to 2022-03-04 00:00:00+00:00, run_after=2022-03-05 00:00:00+00:00
[2026-06-29T09:32:25.197+0000] {processor.py:183} INFO - Processing /home/airflow/.local/lib/python3.12/site-packages/airflow/example_dags/example_dynamic_task_mapping.py took 0.107 seconds
[2026-06-29T09:32:55.307+0000] {processor.py:161} INFO - Started process (PID=1939) to work on /home/airflow/.local/lib/python3.12/site-packages/airflow/example_dags/example_dynamic_task_mapping.py
[2026-06-29T09:32:55.308+0000] {processor.py:830} INFO - Processing file /home/airflow/.local/lib/python3.12/site-packages/airflow/example_dags/example_dynamic_task_mapping.py for tasks to queue
[2026-06-29T09:32:55.313+0000] {logging_mixin.py:188} INFO - [2026-06-29T09:32:55.313+0000] {dagbag.py:545} INFO - Filling up the DagBag from /home/airflow/.local/lib/python3.12/site-packages/airflow/example_dags/example_dynamic_task_mapping.py
[2026-06-29T09:32:55.335+0000] {processor.py:840} INFO - DAG(s) 'example_dynamic_task_mapping' retrieved from /home/airflow/.local/lib/python3.12/site-packages/airflow/example_dags/example_dynamic_task_mapping.py
[2026-06-29T09:32:55.372+0000] {logging_mixin.py:188} INFO - [2026-06-29T09:32:55.372+0000] {dag.py:3096} INFO - Sync 1 DAGs
[2026-06-29T09:32:55.401+0000] {logging_mixin.py:188} INFO - [2026-06-29T09:32:55.401+0000] {dag.py:3954} INFO - Setting next_dagrun for example_dynamic_task_mapping to 2022-03-04 00:00:00+00:00, run_after=2022-03-05 00:00:00+00:00
[2026-06-29T09:32:55.431+0000] {processor.py:183} INFO - Processing /home/airflow/.local/lib/python3.12/site-packages/airflow/example_dags/example_dynamic_task_mapping.py took 0.139 seconds
[2026-06-29T09:33:25.722+0000] {processor.py:161} INFO - Started process (PID=1998) to work on /home/airflow/.local/lib/python3.12/site-packages/airflow/example_dags/example_dynamic_task_mapping.py
[2026-06-29T09:33:25.725+0000] {processor.py:830} INFO - Processing file /home/airflow/.local/lib/python3.12/site-packages/airflow/example_dags/example_dynamic_task_mapping.py for tasks to queue
[2026-06-29T09:33:25.729+0000] {logging_mixin.py:188} INFO - [2026-06-29T09:33:25.727+0000] {dagbag.py:545} INFO - Filling up the DagBag from /home/airflow/.local/lib/python3.12/site-packages/airflow/example_dags/example_dynamic_task_mapping.py
[2026-06-29T09:33:25.744+0000] {processor.py:840} INFO - DAG(s) 'example_dynamic_task_mapping' retrieved from /home/airflow/.local/lib/python3.12/site-packages/airflow/example_dags/example_dynamic_task_mapping.py
[2026-06-29T09:33:25.864+0000] {logging_mixin.py:188} INFO - [2026-06-29T09:33:25.864+0000] {dag.py:3096} INFO - Sync 1 DAGs
[2026-06-29T09:33:26.010+0000] {logging_mixin.py:188} INFO - [2026-06-29T09:33:26.010+0000] {dag.py:3954} INFO - Setting next_dagrun for example_dynamic_task_mapping to 2022-03-04 00:00:00+00:00, run_after=2022-03-05 00:00:00+00:00
[2026-06-29T09:33:26.182+0000] {processor.py:183} INFO - Processing /home/airflow/.local/lib/python3.12/site-packages/airflow/example_dags/example_dynamic_task_mapping.py took 0.471 seconds
[2026-06-29T09:33:56.304+0000] {processor.py:161} INFO - Started process (PID=2057) to work on /home/airflow/.local/lib/python3.12/site-packages/airflow/example_dags/example_dynamic_task_mapping.py
[2026-06-29T09:33:56.305+0000] {processor.py:830} INFO - Processing file /home/airflow/.local/lib/python3.12/site-packages/airflow/example_dags/example_dynamic_task_mapping.py for tasks to queue
[2026-06-29T09:33:56.308+0000] {logging_mixin.py:188} INFO - [2026-06-29T09:33:56.307+0000] {dagbag.py:545} INFO - Filling up the DagBag from /home/airflow/.local/lib/python3.12/site-packages/airflow/example_dags/example_dynamic_task_mapping.py
[2026-06-29T09:33:56.316+0000] {processor.py:840} INFO - DAG(s) 'example_dynamic_task_mapping' retrieved from /home/airflow/.local/lib/python3.12/site-packages/airflow/example_dags/example_dynamic_task_mapping.py
[2026-06-29T09:33:56.352+0000] {logging_mixin.py:188} INFO - [2026-06-29T09:33:56.352+0000] {dag.py:3096} INFO - Sync 1 DAGs
[2026-06-29T09:33:56.383+0000] {logging_mixin.py:188} INFO - [2026-06-29T09:33:56.382+0000] {dag.py:3954} INFO - Setting next_dagrun for example_dynamic_task_mapping to 2022-03-04 00:00:00+00:00, run_after=2022-03-05 00:00:00+00:00
[2026-06-29T09:33:56.403+0000] {processor.py:183} INFO - Processing /home/airflow/.local/lib/python3.12/site-packages/airflow/example_dags/example_dynamic_task_mapping.py took 0.107 seconds
[2026-06-29T09:34:26.597+0000] {processor.py:161} INFO - Started process (PID=2114) to work on /home/airflow/.local/lib/python3.12/site-packages/airflow/example_dags/example_dynamic_task_mapping.py
[2026-06-29T09:34:26.599+0000] {processor.py:830} INFO - Processing file /home/airflow/.local/lib/python3.12/site-packages/airflow/example_dags/example_dynamic_task_mapping.py for tasks to queue
[2026-06-29T09:34:26.601+0000] {logging_mixin.py:188} INFO - [2026-06-29T09:34:26.601+0000] {dagbag.py:545} INFO - Filling up the DagBag from /home/airflow/.local/lib/python3.12/site-packages/airflow/example_dags/example_dynamic_task_mapping.py
[2026-06-29T09:34:26.610+0000] {processor.py:840} INFO - DAG(s) 'example_dynamic_task_mapping' retrieved from /home/airflow/.local/lib/python3.12/site-packages/airflow/example_dags/example_dynamic_task_mapping.py
[2026-06-29T09:34:26.713+0000] {logging_mixin.py:188} INFO - [2026-06-29T09:34:26.713+0000] {dag.py:3096} INFO - Sync 1 DAGs
[2026-06-29T09:34:26.836+0000] {logging_mixin.py:188} INFO - [2026-06-29T09:34:26.835+0000] {dag.py:3954} INFO - Setting next_dagrun for example_dynamic_task_mapping to 2022-03-04 00:00:00+00:00, run_after=2022-03-05 00:00:00+00:00
[2026-06-29T09:34:26.924+0000] {processor.py:183} INFO - Processing /home/airflow/.local/lib/python3.12/site-packages/airflow/example_dags/example_dynamic_task_mapping.py took 0.344 seconds
[2026-06-29T09:34:57.330+0000] {processor.py:161} INFO - Started process (PID=2173) to work on /home/airflow/.local/lib/python3.12/site-packages/airflow/example_dags/example_dynamic_task_mapping.py
[2026-06-29T09:34:57.331+0000] {processor.py:830} INFO - Processing file /home/airflow/.local/lib/python3.12/site-packages/airflow/example_dags/example_dynamic_task_mapping.py for tasks to queue
[2026-06-29T09:34:57.333+0000] {logging_mixin.py:188} INFO - [2026-06-29T09:34:57.333+0000] {dagbag.py:545} INFO - Filling up the DagBag from /home/airflow/.local/lib/python3.12/site-packages/airflow/example_dags/example_dynamic_task_mapping.py
[2026-06-29T09:34:57.363+0000] {processor.py:840} INFO - DAG(s) 'example_dynamic_task_mapping' retrieved from /home/airflow/.local/lib/python3.12/site-packages/airflow/example_dags/example_dynamic_task_mapping.py
[2026-06-29T09:34:57.430+0000] {logging_mixin.py:188} INFO - [2026-06-29T09:34:57.430+0000] {dag.py:3096} INFO - Sync 1 DAGs
[2026-06-29T09:34:57.461+0000] {logging_mixin.py:188} INFO - [2026-06-29T09:34:57.461+0000] {dag.py:3954} INFO - Setting next_dagrun for example_dynamic_task_mapping to 2022-03-04 00:00:00+00:00, run_after=2022-03-05 00:00:00+00:00
[2026-06-29T09:34:57.481+0000] {processor.py:183} INFO - Processing /home/airflow/.local/lib/python3.12/site-packages/airflow/example_dags/example_dynamic_task_mapping.py took 0.164 seconds
[2026-06-29T09:35:27.936+0000] {processor.py:161} INFO - Started process (PID=2232) to work on /home/airflow/.local/lib/python3.12/site-packages/airflow/example_dags/example_dynamic_task_mapping.py
[2026-06-29T09:35:27.937+0000] {processor.py:830} INFO - Processing file /home/airflow/.local/lib/python3.12/site-packages/airflow/example_dags/example_dynamic_task_mapping.py for tasks to queue
[2026-06-29T09:35:27.939+0000] {logging_mixin.py:188} INFO - [2026-06-29T09:35:27.939+0000] {dagbag.py:545} INFO - Filling up the DagBag from /home/airflow/.local/lib/python3.12/site-packages/airflow/example_dags/example_dynamic_task_mapping.py
[2026-06-29T09:35:27.948+0000] {processor.py:840} INFO - DAG(s) 'example_dynamic_task_mapping' retrieved from /home/airflow/.local/lib/python3.12/site-packages/airflow/example_dags/example_dynamic_task_mapping.py
[2026-06-29T09:35:27.976+0000] {logging_mixin.py:188} INFO - [2026-06-29T09:35:27.975+0000] {dag.py:3096} INFO - Sync 1 DAGs
[2026-06-29T09:35:28.007+0000] {logging_mixin.py:188} INFO - [2026-06-29T09:35:28.007+0000] {dag.py:3954} INFO - Setting next_dagrun for example_dynamic_task_mapping to 2022-03-04 00:00:00+00:00, run_after=2022-03-05 00:00:00+00:00
[2026-06-29T09:35:28.037+0000] {processor.py:183} INFO - Processing /home/airflow/.local/lib/python3.12/site-packages/airflow/example_dags/example_dynamic_task_mapping.py took 0.109 seconds
[2026-06-29T09:35:58.373+0000] {processor.py:161} INFO - Started process (PID=2292) to work on /home/airflow/.local/lib/python3.12/site-packages/airflow/example_dags/example_dynamic_task_mapping.py
[2026-06-29T09:35:58.374+0000] {processor.py:830} INFO - Processing file /home/airflow/.local/lib/python3.12/site-packages/airflow/example_dags/example_dynamic_task_mapping.py for tasks to queue
[2026-06-29T09:35:58.377+0000] {logging_mixin.py:188} INFO - [2026-06-29T09:35:58.376+0000] {dagbag.py:545} INFO - Filling up the DagBag from /home/airflow/.local/lib/python3.12/site-packages/airflow/example_dags/example_dynamic_task_mapping.py
[2026-06-29T09:35:58.388+0000] {processor.py:840} INFO - DAG(s) 'example_dynamic_task_mapping' retrieved from /home/airflow/.local/lib/python3.12/site-packages/airflow/example_dags/example_dynamic_task_mapping.py
[2026-06-29T09:35:58.421+0000] {logging_mixin.py:188} INFO - [2026-06-29T09:35:58.421+0000] {dag.py:3096} INFO - Sync 1 DAGs
[2026-06-29T09:35:58.448+0000] {logging_mixin.py:188} INFO - [2026-06-29T09:35:58.448+0000] {dag.py:3954} INFO - Setting next_dagrun for example_dynamic_task_mapping to 2022-03-04 00:00:00+00:00, run_after=2022-03-05 00:00:00+00:00
[2026-06-29T09:35:58.470+0000] {processor.py:183} INFO - Processing /home/airflow/.local/lib/python3.12/site-packages/airflow/example_dags/example_dynamic_task_mapping.py took 0.104 seconds
[2026-06-29T09:36:28.712+0000] {processor.py:161} INFO - Started process (PID=2351) to work on /home/airflow/.local/lib/python3.12/site-packages/airflow/example_dags/example_dynamic_task_mapping.py
[2026-06-29T09:36:28.713+0000] {processor.py:830} INFO - Processing file /home/airflow/.local/lib/python3.12/site-packages/airflow/example_dags/example_dynamic_task_mapping.py for tasks to queue
[2026-06-29T09:36:28.715+0000] {logging_mixin.py:188} INFO - [2026-06-29T09:36:28.715+0000] {dagbag.py:545} INFO - Filling up the DagBag from /home/airflow/.local/lib/python3.12/site-packages/airflow/example_dags/example_dynamic_task_mapping.py
[2026-06-29T09:36:28.724+0000] {processor.py:840} INFO - DAG(s) 'example_dynamic_task_mapping' retrieved from /home/airflow/.local/lib/python3.12/site-packages/airflow/example_dags/example_dynamic_task_mapping.py
[2026-06-29T09:36:28.748+0000] {logging_mixin.py:188} INFO - [2026-06-29T09:36:28.748+0000] {dag.py:3096} INFO - Sync 1 DAGs
[2026-06-29T09:36:28.777+0000] {logging_mixin.py:188} INFO - [2026-06-29T09:36:28.777+0000] {dag.py:3954} INFO - Setting next_dagrun for example_dynamic_task_mapping to 2022-03-04 00:00:00+00:00, run_after=2022-03-05 00:00:00+00:00
[2026-06-29T09:36:28.803+0000] {processor.py:183} INFO - Processing /home/airflow/.local/lib/python3.12/site-packages/airflow/example_dags/example_dynamic_task_mapping.py took 0.097 seconds
[2026-06-29T09:36:58.910+0000] {processor.py:161} INFO - Started process (PID=2410) to work on /home/airflow/.local/lib/python3.12/site-packages/airflow/example_dags/example_dynamic_task_mapping.py
[2026-06-29T09:36:58.912+0000] {processor.py:830} INFO - Processing file /home/airflow/.local/lib/python3.12/site-packages/airflow/example_dags/example_dynamic_task_mapping.py for tasks to queue
[2026-06-29T09:36:58.915+0000] {logging_mixin.py:188} INFO - [2026-06-29T09:36:58.914+0000] {dagbag.py:545} INFO - Filling up the DagBag from /home/airflow/.local/lib/python3.12/site-packages/airflow/example_dags/example_dynamic_task_mapping.py
[2026-06-29T09:36:58.925+0000] {processor.py:840} INFO - DAG(s) 'example_dynamic_task_mapping' retrieved from /home/airflow/.local/lib/python3.12/site-packages/airflow/example_dags/example_dynamic_task_mapping.py
[2026-06-29T09:36:58.958+0000] {logging_mixin.py:188} INFO - [2026-06-29T09:36:58.958+0000] {dag.py:3096} INFO - Sync 1 DAGs
[2026-06-29T09:36:59.015+0000] {logging_mixin.py:188} INFO - [2026-06-29T09:36:59.015+0000] {dag.py:3954} INFO - Setting next_dagrun for example_dynamic_task_mapping to 2022-03-04 00:00:00+00:00, run_after=2022-03-05 00:00:00+00:00
[2026-06-29T09:36:59.041+0000] {processor.py:183} INFO - Processing /home/airflow/.local/lib/python3.12/site-packages/airflow/example_dags/example_dynamic_task_mapping.py took 0.137 seconds
[2026-06-29T09:37:29.572+0000] {processor.py:161} INFO - Started process (PID=2470) to work on /home/airflow/.local/lib/python3.12/site-packages/airflow/example_dags/example_dynamic_task_mapping.py
[2026-06-29T09:37:29.573+0000] {processor.py:830} INFO - Processing file /home/airflow/.local/lib/python3.12/site-packages/airflow/example_dags/example_dynamic_task_mapping.py for tasks to queue
[2026-06-29T09:37:29.575+0000] {logging_mixin.py:188} INFO - [2026-06-29T09:37:29.574+0000] {dagbag.py:545} INFO - Filling up the DagBag from /home/airflow/.local/lib/python3.12/site-packages/airflow/example_dags/example_dynamic_task_mapping.py
[2026-06-29T09:37:29.585+0000] {processor.py:840} INFO - DAG(s) 'example_dynamic_task_mapping' retrieved from /home/airflow/.local/lib/python3.12/site-packages/airflow/example_dags/example_dynamic_task_mapping.py
[2026-06-29T09:37:29.614+0000] {logging_mixin.py:188} INFO - [2026-06-29T09:37:29.613+0000] {dag.py:3096} INFO - Sync 1 DAGs
[2026-06-29T09:37:29.641+0000] {logging_mixin.py:188} INFO - [2026-06-29T09:37:29.641+0000] {dag.py:3954} INFO - Setting next_dagrun for example_dynamic_task_mapping to 2022-03-04 00:00:00+00:00, run_after=2022-03-05 00:00:00+00:00
[2026-06-29T09:37:29.664+0000] {processor.py:183} INFO - Processing /home/airflow/.local/lib/python3.12/site-packages/airflow/example_dags/example_dynamic_task_mapping.py took 0.099 seconds
[2026-06-29T09:37:59.767+0000] {processor.py:161} INFO - Started process (PID=2529) to work on /home/airflow/.local/lib/python3.12/site-packages/airflow/example_dags/example_dynamic_task_mapping.py
[2026-06-29T09:37:59.768+0000] {processor.py:830} INFO - Processing file /home/airflow/.local/lib/python3.12/site-packages/airflow/example_dags/example_dynamic_task_mapping.py for tasks to queue
[2026-06-29T09:37:59.771+0000] {logging_mixin.py:188} INFO - [2026-06-29T09:37:59.770+0000] {dagbag.py:545} INFO - Filling up the DagBag from /home/airflow/.local/lib/python3.12/site-packages/airflow/example_dags/example_dynamic_task_mapping.py
[2026-06-29T09:37:59.784+0000] {processor.py:840} INFO - DAG(s) 'example_dynamic_task_mapping' retrieved from /home/airflow/.local/lib/python3.12/site-packages/airflow/example_dags/example_dynamic_task_mapping.py
[2026-06-29T09:37:59.821+0000] {logging_mixin.py:188} INFO - [2026-06-29T09:37:59.821+0000] {dag.py:3096} INFO - Sync 1 DAGs
[2026-06-29T09:37:59.855+0000] {logging_mixin.py:188} INFO - [2026-06-29T09:37:59.855+0000] {dag.py:3954} INFO - Setting next_dagrun for example_dynamic_task_mapping to 2022-03-04 00:00:00+00:00, run_after=2022-03-05 00:00:00+00:00
[2026-06-29T09:37:59.877+0000] {processor.py:183} INFO - Processing /home/airflow/.local/lib/python3.12/site-packages/airflow/example_dags/example_dynamic_task_mapping.py took 0.117 seconds
[2026-06-29T09:38:30.044+0000] {processor.py:161} INFO - Started process (PID=2587) to work on /home/airflow/.local/lib/python3.12/site-packages/airflow/example_dags/example_dynamic_task_mapping.py
[2026-06-29T09:38:30.045+0000] {processor.py:830} INFO - Processing file /home/airflow/.local/lib/python3.12/site-packages/airflow/example_dags/example_dynamic_task_mapping.py for tasks to queue
[2026-06-29T09:38:30.048+0000] {logging_mixin.py:188} INFO - [2026-06-29T09:38:30.047+0000] {dagbag.py:545} INFO - Filling up the DagBag from /home/airflow/.local/lib/python3.12/site-packages/airflow/example_dags/example_dynamic_task_mapping.py
[2026-06-29T09:38:30.056+0000] {processor.py:840} INFO - DAG(s) 'example_dynamic_task_mapping' retrieved from /home/airflow/.local/lib/python3.12/site-packages/airflow/example_dags/example_dynamic_task_mapping.py
[2026-06-29T09:38:30.080+0000] {logging_mixin.py:188} INFO - [2026-06-29T09:38:30.080+0000] {dag.py:3096} INFO - Sync 1 DAGs
[2026-06-29T09:38:30.107+0000] {logging_mixin.py:188} INFO - [2026-06-29T09:38:30.107+0000] {dag.py:3954} INFO - Setting next_dagrun for example_dynamic_task_mapping to 2022-03-04 00:00:00+00:00, run_after=2022-03-05 00:00:00+00:00
[2026-06-29T09:38:30.134+0000] {processor.py:183} INFO - Processing /home/airflow/.local/lib/python3.12/site-packages/airflow/example_dags/example_dynamic_task_mapping.py took 0.102 seconds
[2026-06-29T09:39:00.919+0000] {processor.py:161} INFO - Started process (PID=2646) to work on /home/airflow/.local/lib/python3.12/site-packages/airflow/example_dags/example_dynamic_task_mapping.py
[2026-06-29T09:39:00.920+0000] {processor.py:830} INFO - Processing file /home/airflow/.local/lib/python3.12/site-packages/airflow/example_dags/example_dynamic_task_mapping.py for tasks to queue
[2026-06-29T09:39:00.922+0000] {logging_mixin.py:188} INFO - [2026-06-29T09:39:00.922+0000] {dagbag.py:545} INFO - Filling up the DagBag from /home/airflow/.local/lib/python3.12/site-packages/airflow/example_dags/example_dynamic_task_mapping.py
[2026-06-29T09:39:00.931+0000] {processor.py:840} INFO - DAG(s) 'example_dynamic_task_mapping' retrieved from /home/airflow/.local/lib/python3.12/site-packages/airflow/example_dags/example_dynamic_task_mapping.py
[2026-06-29T09:39:01.058+0000] {logging_mixin.py:188} INFO - [2026-06-29T09:39:01.058+0000] {dag.py:3096} INFO - Sync 1 DAGs
[2026-06-29T09:39:01.199+0000] {logging_mixin.py:188} INFO - [2026-06-29T09:39:01.199+0000] {dag.py:3954} INFO - Setting next_dagrun for example_dynamic_task_mapping to 2022-03-04 00:00:00+00:00, run_after=2022-03-05 00:00:00+00:00
[2026-06-29T09:39:01.313+0000] {processor.py:183} INFO - Processing /home/airflow/.local/lib/python3.12/site-packages/airflow/example_dags/example_dynamic_task_mapping.py took 0.405 seconds
[2026-06-29T09:39:31.405+0000] {processor.py:161} INFO - Started process (PID=2705) to work on /home/airflow/.local/lib/python3.12/site-packages/airflow/example_dags/example_dynamic_task_mapping.py
[2026-06-29T09:39:31.406+0000] {processor.py:830} INFO - Processing file /home/airflow/.local/lib/python3.12/site-packages/airflow/example_dags/example_dynamic_task_mapping.py for tasks to queue
[2026-06-29T09:39:31.409+0000] {logging_mixin.py:188} INFO - [2026-06-29T09:39:31.408+0000] {dagbag.py:545} INFO - Filling up the DagBag from /home/airflow/.local/lib/python3.12/site-packages/airflow/example_dags/example_dynamic_task_mapping.py
[2026-06-29T09:39:31.425+0000] {processor.py:840} INFO - DAG(s) 'example_dynamic_task_mapping' retrieved from /home/airflow/.local/lib/python3.12/site-packages/airflow/example_dags/example_dynamic_task_mapping.py
[2026-06-29T09:39:31.450+0000] {logging_mixin.py:188} INFO - [2026-06-29T09:39:31.450+0000] {dag.py:3096} INFO - Sync 1 DAGs
[2026-06-29T09:39:31.479+0000] {logging_mixin.py:188} INFO - [2026-06-29T09:39:31.479+0000] {dag.py:3954} INFO - Setting next_dagrun for example_dynamic_task_mapping to 2022-03-04 00:00:00+00:00, run_after=2022-03-05 00:00:00+00:00
[2026-06-29T09:39:31.500+0000] {processor.py:183} INFO - Processing /home/airflow/.local/lib/python3.12/site-packages/airflow/example_dags/example_dynamic_task_mapping.py took 0.101 seconds
[2026-06-29T09:40:01.993+0000] {processor.py:161} INFO - Started process (PID=2765) to work on /home/airflow/.local/lib/python3.12/site-packages/airflow/example_dags/example_dynamic_task_mapping.py
[2026-06-29T09:40:01.994+0000] {processor.py:830} INFO - Processing file /home/airflow/.local/lib/python3.12/site-packages/airflow/example_dags/example_dynamic_task_mapping.py for tasks to queue
[2026-06-29T09:40:01.996+0000] {logging_mixin.py:188} INFO - [2026-06-29T09:40:01.996+0000] {dagbag.py:545} INFO - Filling up the DagBag from /home/airflow/.local/lib/python3.12/site-packages/airflow/example_dags/example_dynamic_task_mapping.py
[2026-06-29T09:40:02.004+0000] {processor.py:840} INFO - DAG(s) 'example_dynamic_task_mapping' retrieved from /home/airflow/.local/lib/python3.12/site-packages/airflow/example_dags/example_dynamic_task_mapping.py
[2026-06-29T09:40:02.040+0000] {logging_mixin.py:188} INFO - [2026-06-29T09:40:02.039+0000] {dag.py:3096} INFO - Sync 1 DAGs
[2026-06-29T09:40:02.069+0000] {logging_mixin.py:188} INFO - [2026-06-29T09:40:02.068+0000] {dag.py:3954} INFO - Setting next_dagrun for example_dynamic_task_mapping to 2022-03-04 00:00:00+00:00, run_after=2022-03-05 00:00:00+00:00
[2026-06-29T09:40:02.090+0000] {processor.py:183} INFO - Processing /home/airflow/.local/lib/python3.12/site-packages/airflow/example_dags/example_dynamic_task_mapping.py took 0.104 seconds
[2026-06-29T09:40:32.570+0000] {processor.py:161} INFO - Started process (PID=2824) to work on /home/airflow/.local/lib/python3.12/site-packages/airflow/example_dags/example_dynamic_task_mapping.py
[2026-06-29T09:40:32.571+0000] {processor.py:830} INFO - Processing file /home/airflow/.local/lib/python3.12/site-packages/airflow/example_dags/example_dynamic_task_mapping.py for tasks to queue
[2026-06-29T09:40:32.574+0000] {logging_mixin.py:188} INFO - [2026-06-29T09:40:32.573+0000] {dagbag.py:545} INFO - Filling up the DagBag from /home/airflow/.local/lib/python3.12/site-packages/airflow/example_dags/example_dynamic_task_mapping.py
[2026-06-29T09:40:32.583+0000] {processor.py:840} INFO - DAG(s) 'example_dynamic_task_mapping' retrieved from /home/airflow/.local/lib/python3.12/site-packages/airflow/example_dags/example_dynamic_task_mapping.py
[2026-06-29T09:40:32.609+0000] {logging_mixin.py:188} INFO - [2026-06-29T09:40:32.609+0000] {dag.py:3096} INFO - Sync 1 DAGs
[2026-06-29T09:40:32.640+0000] {logging_mixin.py:188} INFO - [2026-06-29T09:40:32.640+0000] {dag.py:3954} INFO - Setting next_dagrun for example_dynamic_task_mapping to 2022-03-04 00:00:00+00:00, run_after=2022-03-05 00:00:00+00:00
[2026-06-29T09:40:32.662+0000] {processor.py:183} INFO - Processing /home/airflow/.local/lib/python3.12/site-packages/airflow/example_dags/example_dynamic_task_mapping.py took 0.099 seconds
[2026-06-29T09:41:02.802+0000] {processor.py:161} INFO - Started process (PID=2883) to work on /home/airflow/.local/lib/python3.12/site-packages/airflow/example_dags/example_dynamic_task_mapping.py
[2026-06-29T09:41:02.804+0000] {processor.py:830} INFO - Processing file /home/airflow/.local/lib/python3.12/site-packages/airflow/example_dags/example_dynamic_task_mapping.py for tasks to queue
[2026-06-29T09:41:02.807+0000] {logging_mixin.py:188} INFO - [2026-06-29T09:41:02.806+0000] {dagbag.py:545} INFO - Filling up the DagBag from /home/airflow/.local/lib/python3.12/site-packages/airflow/example_dags/example_dynamic_task_mapping.py
[2026-06-29T09:41:02.815+0000] {processor.py:840} INFO - DAG(s) 'example_dynamic_task_mapping' retrieved from /home/airflow/.local/lib/python3.12/site-packages/airflow/example_dags/example_dynamic_task_mapping.py
[2026-06-29T09:41:02.841+0000] {logging_mixin.py:188} INFO - [2026-06-29T09:41:02.840+0000] {dag.py:3096} INFO - Sync 1 DAGs
[2026-06-29T09:41:02.871+0000] {logging_mixin.py:188} INFO - [2026-06-29T09:41:02.870+0000] {dag.py:3954} INFO - Setting next_dagrun for example_dynamic_task_mapping to 2022-03-04 00:00:00+00:00, run_after=2022-03-05 00:00:00+00:00
[2026-06-29T09:41:02.898+0000] {processor.py:183} INFO - Processing /home/airflow/.local/lib/python3.12/site-packages/airflow/example_dags/example_dynamic_task_mapping.py took 0.107 seconds
[2026-06-29T09:41:33.321+0000] {processor.py:161} INFO - Started process (PID=2942) to work on /home/airflow/.local/lib/python3.12/site-packages/airflow/example_dags/example_dynamic_task_mapping.py
[2026-06-29T09:41:33.322+0000] {processor.py:830} INFO - Processing file /home/airflow/.local/lib/python3.12/site-packages/airflow/example_dags/example_dynamic_task_mapping.py for tasks to queue
[2026-06-29T09:41:33.324+0000] {logging_mixin.py:188} INFO - [2026-06-29T09:41:33.323+0000] {dagbag.py:545} INFO - Filling up the DagBag from /home/airflow/.local/lib/python3.12/site-packages/airflow/example_dags/example_dynamic_task_mapping.py
[2026-06-29T09:41:33.332+0000] {processor.py:840} INFO - DAG(s) 'example_dynamic_task_mapping' retrieved from /home/airflow/.local/lib/python3.12/site-packages/airflow/example_dags/example_dynamic_task_mapping.py
[2026-06-29T09:41:33.357+0000] {logging_mixin.py:188} INFO - [2026-06-29T09:41:33.356+0000] {dag.py:3096} INFO - Sync 1 DAGs
[2026-06-29T09:41:33.384+0000] {logging_mixin.py:188} INFO - [2026-06-29T09:41:33.384+0000] {dag.py:3954} INFO - Setting next_dagrun for example_dynamic_task_mapping to 2022-03-04 00:00:00+00:00, run_after=2022-03-05 00:00:00+00:00
[2026-06-29T09:41:33.404+0000] {processor.py:183} INFO - Processing /home/airflow/.local/lib/python3.12/site-packages/airflow/example_dags/example_dynamic_task_mapping.py took 0.091 seconds
[2026-06-29T09:42:03.894+0000] {processor.py:161} INFO - Started process (PID=3001) to work on /home/airflow/.local/lib/python3.12/site-packages/airflow/example_dags/example_dynamic_task_mapping.py
[2026-06-29T09:42:03.895+0000] {processor.py:830} INFO - Processing file /home/airflow/.local/lib/python3.12/site-packages/airflow/example_dags/example_dynamic_task_mapping.py for tasks to queue
[2026-06-29T09:42:03.897+0000] {logging_mixin.py:188} INFO - [2026-06-29T09:42:03.897+0000] {dagbag.py:545} INFO - Filling up the DagBag from /home/airflow/.local/lib/python3.12/site-packages/airflow/example_dags/example_dynamic_task_mapping.py
[2026-06-29T09:42:03.906+0000] {processor.py:840} INFO - DAG(s) 'example_dynamic_task_mapping' retrieved from /home/airflow/.local/lib/python3.12/site-packages/airflow/example_dags/example_dynamic_task_mapping.py
[2026-06-29T09:42:03.937+0000] {logging_mixin.py:188} INFO - [2026-06-29T09:42:03.937+0000] {dag.py:3096} INFO - Sync 1 DAGs
[2026-06-29T09:42:03.965+0000] {logging_mixin.py:188} INFO - [2026-06-29T09:42:03.965+0000] {dag.py:3954} INFO - Setting next_dagrun for example_dynamic_task_mapping to 2022-03-04 00:00:00+00:00, run_after=2022-03-05 00:00:00+00:00
[2026-06-29T09:42:03.990+0000] {processor.py:183} INFO - Processing /home/airflow/.local/lib/python3.12/site-packages/airflow/example_dags/example_dynamic_task_mapping.py took 0.103 seconds
[2026-06-29T09:42:34.163+0000] {processor.py:161} INFO - Started process (PID=3060) to work on /home/airflow/.local/lib/python3.12/site-packages/airflow/example_dags/example_dynamic_task_mapping.py
[2026-06-29T09:42:34.164+0000] {processor.py:830} INFO - Processing file /home/airflow/.local/lib/python3.12/site-packages/airflow/example_dags/example_dynamic_task_mapping.py for tasks to queue
[2026-06-29T09:42:34.166+0000] {logging_mixin.py:188} INFO - [2026-06-29T09:42:34.166+0000] {dagbag.py:545} INFO - Filling up the DagBag from /home/airflow/.local/lib/python3.12/site-packages/airflow/example_dags/example_dynamic_task_mapping.py
[2026-06-29T09:42:34.175+0000] {processor.py:840} INFO - DAG(s) 'example_dynamic_task_mapping' retrieved from /home/airflow/.local/lib/python3.12/site-packages/airflow/example_dags/example_dynamic_task_mapping.py
[2026-06-29T09:42:34.202+0000] {logging_mixin.py:188} INFO - [2026-06-29T09:42:34.201+0000] {dag.py:3096} INFO - Sync 1 DAGs
[2026-06-29T09:42:34.263+0000] {logging_mixin.py:188} INFO - [2026-06-29T09:42:34.263+0000] {dag.py:3954} INFO - Setting next_dagrun for example_dynamic_task_mapping to 2022-03-04 00:00:00+00:00, run_after=2022-03-05 00:00:00+00:00
[2026-06-29T09:42:34.372+0000] {processor.py:183} INFO - Processing /home/airflow/.local/lib/python3.12/site-packages/airflow/example_dags/example_dynamic_task_mapping.py took 0.216 seconds
[2026-06-29T09:43:04.686+0000] {processor.py:161} INFO - Started process (PID=3119) to work on /home/airflow/.local/lib/python3.12/site-packages/airflow/example_dags/example_dynamic_task_mapping.py
[2026-06-29T09:43:04.687+0000] {processor.py:830} INFO - Processing file /home/airflow/.local/lib/python3.12/site-packages/airflow/example_dags/example_dynamic_task_mapping.py for tasks to queue
[2026-06-29T09:43:04.691+0000] {logging_mixin.py:188} INFO - [2026-06-29T09:43:04.690+0000] {dagbag.py:545} INFO - Filling up the DagBag from /home/airflow/.local/lib/python3.12/site-packages/airflow/example_dags/example_dynamic_task_mapping.py
[2026-06-29T09:43:04.700+0000] {processor.py:840} INFO - DAG(s) 'example_dynamic_task_mapping' retrieved from /home/airflow/.local/lib/python3.12/site-packages/airflow/example_dags/example_dynamic_task_mapping.py
[2026-06-29T09:43:04.732+0000] {logging_mixin.py:188} INFO - [2026-06-29T09:43:04.731+0000] {dag.py:3096} INFO - Sync 1 DAGs
[2026-06-29T09:43:04.772+0000] {logging_mixin.py:188} INFO - [2026-06-29T09:43:04.772+0000] {dag.py:3954} INFO - Setting next_dagrun for example_dynamic_task_mapping to 2022-03-04 00:00:00+00:00, run_after=2022-03-05 00:00:00+00:00
[2026-06-29T09:43:04.810+0000] {processor.py:183} INFO - Processing /home/airflow/.local/lib/python3.12/site-packages/airflow/example_dags/example_dynamic_task_mapping.py took 0.134 seconds
[2026-06-29T09:43:35.271+0000] {processor.py:161} INFO - Started process (PID=3177) to work on /home/airflow/.local/lib/python3.12/site-packages/airflow/example_dags/example_dynamic_task_mapping.py
[2026-06-29T09:43:35.275+0000] {processor.py:830} INFO - Processing file /home/airflow/.local/lib/python3.12/site-packages/airflow/example_dags/example_dynamic_task_mapping.py for tasks to queue
[2026-06-29T09:43:35.293+0000] {logging_mixin.py:188} INFO - [2026-06-29T09:43:35.287+0000] {dagbag.py:545} INFO - Filling up the DagBag from /home/airflow/.local/lib/python3.12/site-packages/airflow/example_dags/example_dynamic_task_mapping.py
[2026-06-29T09:43:35.362+0000] {processor.py:840} INFO - DAG(s) 'example_dynamic_task_mapping' retrieved from /home/airflow/.local/lib/python3.12/site-packages/airflow/example_dags/example_dynamic_task_mapping.py
[2026-06-29T09:43:35.505+0000] {logging_mixin.py:188} INFO - [2026-06-29T09:43:35.504+0000] {dag.py:3096} INFO - Sync 1 DAGs
[2026-06-29T09:43:35.533+0000] {logging_mixin.py:188} INFO - [2026-06-29T09:43:35.533+0000] {dag.py:3954} INFO - Setting next_dagrun for example_dynamic_task_mapping to 2022-03-04 00:00:00+00:00, run_after=2022-03-05 00:00:00+00:00
[2026-06-29T09:43:35.571+0000] {processor.py:183} INFO - Processing /home/airflow/.local/lib/python3.12/site-packages/airflow/example_dags/example_dynamic_task_mapping.py took 0.332 seconds
[2026-06-29T09:44:05.840+0000] {processor.py:161} INFO - Started process (PID=3242) to work on /home/airflow/.local/lib/python3.12/site-packages/airflow/example_dags/example_dynamic_task_mapping.py
[2026-06-29T09:44:05.847+0000] {processor.py:830} INFO - Processing file /home/airflow/.local/lib/python3.12/site-packages/airflow/example_dags/example_dynamic_task_mapping.py for tasks to queue
[2026-06-29T09:44:05.850+0000] {logging_mixin.py:188} INFO - [2026-06-29T09:44:05.849+0000] {dagbag.py:545} INFO - Filling up the DagBag from /home/airflow/.local/lib/python3.12/site-packages/airflow/example_dags/example_dynamic_task_mapping.py
[2026-06-29T09:44:05.861+0000] {processor.py:840} INFO - DAG(s) 'example_dynamic_task_mapping' retrieved from /home/airflow/.local/lib/python3.12/site-packages/airflow/example_dags/example_dynamic_task_mapping.py
[2026-06-29T09:44:05.984+0000] {logging_mixin.py:188} INFO - [2026-06-29T09:44:05.981+0000] {dag.py:3096} INFO - Sync 1 DAGs
[2026-06-29T09:44:06.174+0000] {logging_mixin.py:188} INFO - [2026-06-29T09:44:06.174+0000] {dag.py:3954} INFO - Setting next_dagrun for example_dynamic_task_mapping to 2022-03-04 00:00:00+00:00, run_after=2022-03-05 00:00:00+00:00
[2026-06-29T09:44:06.359+0000] {processor.py:183} INFO - Processing /home/airflow/.local/lib/python3.12/site-packages/airflow/example_dags/example_dynamic_task_mapping.py took 0.554 seconds
[2026-06-29T09:44:37.058+0000] {processor.py:161} INFO - Started process (PID=3299) to work on /home/airflow/.local/lib/python3.12/site-packages/airflow/example_dags/example_dynamic_task_mapping.py
[2026-06-29T09:44:37.060+0000] {processor.py:830} INFO - Processing file /home/airflow/.local/lib/python3.12/site-packages/airflow/example_dags/example_dynamic_task_mapping.py for tasks to queue
[2026-06-29T09:44:37.062+0000] {logging_mixin.py:188} INFO - [2026-06-29T09:44:37.062+0000] {dagbag.py:545} INFO - Filling up the DagBag from /home/airflow/.local/lib/python3.12/site-packages/airflow/example_dags/example_dynamic_task_mapping.py
[2026-06-29T09:44:37.071+0000] {processor.py:840} INFO - DAG(s) 'example_dynamic_task_mapping' retrieved from /home/airflow/.local/lib/python3.12/site-packages/airflow/example_dags/example_dynamic_task_mapping.py
[2026-06-29T09:44:37.097+0000] {logging_mixin.py:188} INFO - [2026-06-29T09:44:37.097+0000] {dag.py:3096} INFO - Sync 1 DAGs
[2026-06-29T09:44:37.125+0000] {logging_mixin.py:188} INFO - [2026-06-29T09:44:37.125+0000] {dag.py:3954} INFO - Setting next_dagrun for example_dynamic_task_mapping to 2022-03-04 00:00:00+00:00, run_after=2022-03-05 00:00:00+00:00
[2026-06-29T09:44:37.150+0000] {processor.py:183} INFO - Processing /home/airflow/.local/lib/python3.12/site-packages/airflow/example_dags/example_dynamic_task_mapping.py took 0.099 seconds
[2026-06-29T09:45:07.362+0000] {processor.py:161} INFO - Started process (PID=3358) to work on /home/airflow/.local/lib/python3.12/site-packages/airflow/example_dags/example_dynamic_task_mapping.py
[2026-06-29T09:45:07.363+0000] {processor.py:830} INFO - Processing file /home/airflow/.local/lib/python3.12/site-packages/airflow/example_dags/example_dynamic_task_mapping.py for tasks to queue
[2026-06-29T09:45:07.366+0000] {logging_mixin.py:188} INFO - [2026-06-29T09:45:07.365+0000] {dagbag.py:545} INFO - Filling up the DagBag from /home/airflow/.local/lib/python3.12/site-packages/airflow/example_dags/example_dynamic_task_mapping.py
[2026-06-29T09:45:07.376+0000] {processor.py:840} INFO - DAG(s) 'example_dynamic_task_mapping' retrieved from /home/airflow/.local/lib/python3.12/site-packages/airflow/example_dags/example_dynamic_task_mapping.py
[2026-06-29T09:45:07.430+0000] {logging_mixin.py:188} INFO - [2026-06-29T09:45:07.430+0000] {dag.py:3096} INFO - Sync 1 DAGs
[2026-06-29T09:45:07.490+0000] {logging_mixin.py:188} INFO - [2026-06-29T09:45:07.490+0000] {dag.py:3954} INFO - Setting next_dagrun for example_dynamic_task_mapping to 2022-03-04 00:00:00+00:00, run_after=2022-03-05 00:00:00+00:00
[2026-06-29T09:45:07.532+0000] {processor.py:183} INFO - Processing /home/airflow/.local/lib/python3.12/site-packages/airflow/example_dags/example_dynamic_task_mapping.py took 0.177 seconds
[2026-06-29T09:45:38.460+0000] {processor.py:161} INFO - Started process (PID=3417) to work on /home/airflow/.local/lib/python3.12/site-packages/airflow/example_dags/example_dynamic_task_mapping.py
[2026-06-29T09:45:38.463+0000] {processor.py:830} INFO - Processing file /home/airflow/.local/lib/python3.12/site-packages/airflow/example_dags/example_dynamic_task_mapping.py for tasks to queue
[2026-06-29T09:45:38.474+0000] {logging_mixin.py:188} INFO - [2026-06-29T09:45:38.473+0000] {dagbag.py:545} INFO - Filling up the DagBag from /home/airflow/.local/lib/python3.12/site-packages/airflow/example_dags/example_dynamic_task_mapping.py
[2026-06-29T09:45:38.495+0000] {processor.py:840} INFO - DAG(s) 'example_dynamic_task_mapping' retrieved from /home/airflow/.local/lib/python3.12/site-packages/airflow/example_dags/example_dynamic_task_mapping.py
[2026-06-29T09:45:38.535+0000] {logging_mixin.py:188} INFO - [2026-06-29T09:45:38.535+0000] {dag.py:3096} INFO - Sync 1 DAGs
[2026-06-29T09:45:38.568+0000] {logging_mixin.py:188} INFO - [2026-06-29T09:45:38.568+0000] {dag.py:3954} INFO - Setting next_dagrun for example_dynamic_task_mapping to 2022-03-04 00:00:00+00:00, run_after=2022-03-05 00:00:00+00:00
[2026-06-29T09:45:38.597+0000] {processor.py:183} INFO - Processing /home/airflow/.local/lib/python3.12/site-packages/airflow/example_dags/example_dynamic_task_mapping.py took 0.165 seconds
[2026-06-29T09:46:08.862+0000] {processor.py:161} INFO - Started process (PID=3476) to work on /home/airflow/.local/lib/python3.12/site-packages/airflow/example_dags/example_dynamic_task_mapping.py
[2026-06-29T09:46:08.863+0000] {processor.py:830} INFO - Processing file /home/airflow/.local/lib/python3.12/site-packages/airflow/example_dags/example_dynamic_task_mapping.py for tasks to queue
[2026-06-29T09:46:08.865+0000] {logging_mixin.py:188} INFO - [2026-06-29T09:46:08.865+0000] {dagbag.py:545} INFO - Filling up the DagBag from /home/airflow/.local/lib/python3.12/site-packages/airflow/example_dags/example_dynamic_task_mapping.py
[2026-06-29T09:46:08.877+0000] {processor.py:840} INFO - DAG(s) 'example_dynamic_task_mapping' retrieved from /home/airflow/.local/lib/python3.12/site-packages/airflow/example_dags/example_dynamic_task_mapping.py
[2026-06-29T09:46:08.931+0000] {logging_mixin.py:188} INFO - [2026-06-29T09:46:08.930+0000] {dag.py:3096} INFO - Sync 1 DAGs
[2026-06-29T09:46:09.009+0000] {logging_mixin.py:188} INFO - [2026-06-29T09:46:09.008+0000] {dag.py:3954} INFO - Setting next_dagrun for example_dynamic_task_mapping to 2022-03-04 00:00:00+00:00, run_after=2022-03-05 00:00:00+00:00
[2026-06-29T09:46:09.029+0000] {processor.py:183} INFO - Processing /home/airflow/.local/lib/python3.12/site-packages/airflow/example_dags/example_dynamic_task_mapping.py took 0.174 seconds
[2026-06-29T09:46:39.200+0000] {processor.py:161} INFO - Started process (PID=3536) to work on /home/airflow/.local/lib/python3.12/site-packages/airflow/example_dags/example_dynamic_task_mapping.py
[2026-06-29T09:46:39.202+0000] {processor.py:830} INFO - Processing file /home/airflow/.local/lib/python3.12/site-packages/airflow/example_dags/example_dynamic_task_mapping.py for tasks to queue
[2026-06-29T09:46:39.204+0000] {logging_mixin.py:188} INFO - [2026-06-29T09:46:39.204+0000] {dagbag.py:545} INFO - Filling up the DagBag from /home/airflow/.local/lib/python3.12/site-packages/airflow/example_dags/example_dynamic_task_mapping.py
[2026-06-29T09:46:39.219+0000] {processor.py:840} INFO - DAG(s) 'example_dynamic_task_mapping' retrieved from /home/airflow/.local/lib/python3.12/site-packages/airflow/example_dags/example_dynamic_task_mapping.py
[2026-06-29T09:46:39.244+0000] {logging_mixin.py:188} INFO - [2026-06-29T09:46:39.244+0000] {dag.py:3096} INFO - Sync 1 DAGs
[2026-06-29T09:46:39.267+0000] {logging_mixin.py:188} INFO - [2026-06-29T09:46:39.267+0000] {dag.py:3954} INFO - Setting next_dagrun for example_dynamic_task_mapping to 2022-03-04 00:00:00+00:00, run_after=2022-03-05 00:00:00+00:00
[2026-06-29T09:46:39.283+0000] {processor.py:183} INFO - Processing /home/airflow/.local/lib/python3.12/site-packages/airflow/example_dags/example_dynamic_task_mapping.py took 0.112 seconds
[2026-06-29T09:47:09.875+0000] {processor.py:161} INFO - Started process (PID=3594) to work on /home/airflow/.local/lib/python3.12/site-packages/airflow/example_dags/example_dynamic_task_mapping.py
[2026-06-29T09:47:09.876+0000] {processor.py:830} INFO - Processing file /home/airflow/.local/lib/python3.12/site-packages/airflow/example_dags/example_dynamic_task_mapping.py for tasks to queue
[2026-06-29T09:47:09.878+0000] {logging_mixin.py:188} INFO - [2026-06-29T09:47:09.878+0000] {dagbag.py:545} INFO - Filling up the DagBag from /home/airflow/.local/lib/python3.12/site-packages/airflow/example_dags/example_dynamic_task_mapping.py
[2026-06-29T09:47:09.888+0000] {processor.py:840} INFO - DAG(s) 'example_dynamic_task_mapping' retrieved from /home/airflow/.local/lib/python3.12/site-packages/airflow/example_dags/example_dynamic_task_mapping.py
[2026-06-29T09:47:09.914+0000] {logging_mixin.py:188} INFO - [2026-06-29T09:47:09.913+0000] {dag.py:3096} INFO - Sync 1 DAGs
[2026-06-29T09:47:09.941+0000] {logging_mixin.py:188} INFO - [2026-06-29T09:47:09.941+0000] {dag.py:3954} INFO - Setting next_dagrun for example_dynamic_task_mapping to 2022-03-04 00:00:00+00:00, run_after=2022-03-05 00:00:00+00:00
[2026-06-29T09:47:09.967+0000] {processor.py:183} INFO - Processing /home/airflow/.local/lib/python3.12/site-packages/airflow/example_dags/example_dynamic_task_mapping.py took 0.098 seconds
[2026-06-29T09:47:40.753+0000] {processor.py:161} INFO - Started process (PID=3653) to work on /home/airflow/.local/lib/python3.12/site-packages/airflow/example_dags/example_dynamic_task_mapping.py
[2026-06-29T09:47:40.754+0000] {processor.py:830} INFO - Processing file /home/airflow/.local/lib/python3.12/site-packages/airflow/example_dags/example_dynamic_task_mapping.py for tasks to queue
[2026-06-29T09:47:40.756+0000] {logging_mixin.py:188} INFO - [2026-06-29T09:47:40.756+0000] {dagbag.py:545} INFO - Filling up the DagBag from /home/airflow/.local/lib/python3.12/site-packages/airflow/example_dags/example_dynamic_task_mapping.py
[2026-06-29T09:47:40.765+0000] {processor.py:840} INFO - DAG(s) 'example_dynamic_task_mapping' retrieved from /home/airflow/.local/lib/python3.12/site-packages/airflow/example_dags/example_dynamic_task_mapping.py
[2026-06-29T09:47:40.789+0000] {logging_mixin.py:188} INFO - [2026-06-29T09:47:40.789+0000] {dag.py:3096} INFO - Sync 1 DAGs
[2026-06-29T09:47:40.816+0000] {logging_mixin.py:188} INFO - [2026-06-29T09:47:40.816+0000] {dag.py:3954} INFO - Setting next_dagrun for example_dynamic_task_mapping to 2022-03-04 00:00:00+00:00, run_after=2022-03-05 00:00:00+00:00
[2026-06-29T09:47:40.838+0000] {processor.py:183} INFO - Processing /home/airflow/.local/lib/python3.12/site-packages/airflow/example_dags/example_dynamic_task_mapping.py took 0.091 seconds
[2026-06-29T09:48:11.589+0000] {processor.py:161} INFO - Started process (PID=3712) to work on /home/airflow/.local/lib/python3.12/site-packages/airflow/example_dags/example_dynamic_task_mapping.py
[2026-06-29T09:48:11.590+0000] {processor.py:830} INFO - Processing file /home/airflow/.local/lib/python3.12/site-packages/airflow/example_dags/example_dynamic_task_mapping.py for tasks to queue
[2026-06-29T09:48:11.592+0000] {logging_mixin.py:188} INFO - [2026-06-29T09:48:11.592+0000] {dagbag.py:545} INFO - Filling up the DagBag from /home/airflow/.local/lib/python3.12/site-packages/airflow/example_dags/example_dynamic_task_mapping.py
[2026-06-29T09:48:11.600+0000] {processor.py:840} INFO - DAG(s) 'example_dynamic_task_mapping' retrieved from /home/airflow/.local/lib/python3.12/site-packages/airflow/example_dags/example_dynamic_task_mapping.py
[2026-06-29T09:48:11.625+0000] {logging_mixin.py:188} INFO - [2026-06-29T09:48:11.624+0000] {dag.py:3096} INFO - Sync 1 DAGs
[2026-06-29T09:48:11.651+0000] {logging_mixin.py:188} INFO - [2026-06-29T09:48:11.651+0000] {dag.py:3954} INFO - Setting next_dagrun for example_dynamic_task_mapping to 2022-03-04 00:00:00+00:00, run_after=2022-03-05 00:00:00+00:00
[2026-06-29T09:48:11.694+0000] {processor.py:183} INFO - Processing /home/airflow/.local/lib/python3.12/site-packages/airflow/example_dags/example_dynamic_task_mapping.py took 0.112 seconds
[2026-06-29T09:48:41.893+0000] {processor.py:161} INFO - Started process (PID=3771) to work on /home/airflow/.local/lib/python3.12/site-packages/airflow/example_dags/example_dynamic_task_mapping.py
[2026-06-29T09:48:41.894+0000] {processor.py:830} INFO - Processing file /home/airflow/.local/lib/python3.12/site-packages/airflow/example_dags/example_dynamic_task_mapping.py for tasks to queue
[2026-06-29T09:48:41.896+0000] {logging_mixin.py:188} INFO - [2026-06-29T09:48:41.895+0000] {dagbag.py:545} INFO - Filling up the DagBag from /home/airflow/.local/lib/python3.12/site-packages/airflow/example_dags/example_dynamic_task_mapping.py
[2026-06-29T09:48:41.904+0000] {processor.py:840} INFO - DAG(s) 'example_dynamic_task_mapping' retrieved from /home/airflow/.local/lib/python3.12/site-packages/airflow/example_dags/example_dynamic_task_mapping.py
[2026-06-29T09:48:41.929+0000] {logging_mixin.py:188} INFO - [2026-06-29T09:48:41.928+0000] {dag.py:3096} INFO - Sync 1 DAGs
[2026-06-29T09:48:41.956+0000] {logging_mixin.py:188} INFO - [2026-06-29T09:48:41.956+0000] {dag.py:3954} INFO - Setting next_dagrun for example_dynamic_task_mapping to 2022-03-04 00:00:00+00:00, run_after=2022-03-05 00:00:00+00:00
[2026-06-29T09:48:41.980+0000] {processor.py:183} INFO - Processing /home/airflow/.local/lib/python3.12/site-packages/airflow/example_dags/example_dynamic_task_mapping.py took 0.094 seconds
[2026-06-29T09:49:12.123+0000] {processor.py:161} INFO - Started process (PID=3829) to work on /home/airflow/.local/lib/python3.12/site-packages/airflow/example_dags/example_dynamic_task_mapping.py
[2026-06-29T09:49:12.124+0000] {processor.py:830} INFO - Processing file /home/airflow/.local/lib/python3.12/site-packages/airflow/example_dags/example_dynamic_task_mapping.py for tasks to queue
[2026-06-29T09:49:12.127+0000] {logging_mixin.py:188} INFO - [2026-06-29T09:49:12.126+0000] {dagbag.py:545} INFO - Filling up the DagBag from /home/airflow/.local/lib/python3.12/site-packages/airflow/example_dags/example_dynamic_task_mapping.py
[2026-06-29T09:49:12.135+0000] {processor.py:840} INFO - DAG(s) 'example_dynamic_task_mapping' retrieved from /home/airflow/.local/lib/python3.12/site-packages/airflow/example_dags/example_dynamic_task_mapping.py
[2026-06-29T09:49:12.178+0000] {logging_mixin.py:188} INFO - [2026-06-29T09:49:12.178+0000] {dag.py:3096} INFO - Sync 1 DAGs
[2026-06-29T09:49:12.224+0000] {logging_mixin.py:188} INFO - [2026-06-29T09:49:12.223+0000] {dag.py:3954} INFO - Setting next_dagrun for example_dynamic_task_mapping to 2022-03-04 00:00:00+00:00, run_after=2022-03-05 00:00:00+00:00
[2026-06-29T09:49:12.247+0000] {processor.py:183} INFO - Processing /home/airflow/.local/lib/python3.12/site-packages/airflow/example_dags/example_dynamic_task_mapping.py took 0.138 seconds
[2026-06-29T09:49:42.906+0000] {processor.py:161} INFO - Started process (PID=3888) to work on /home/airflow/.local/lib/python3.12/site-packages/airflow/example_dags/example_dynamic_task_mapping.py
[2026-06-29T09:49:42.911+0000] {processor.py:830} INFO - Processing file /home/airflow/.local/lib/python3.12/site-packages/airflow/example_dags/example_dynamic_task_mapping.py for tasks to queue
[2026-06-29T09:49:42.917+0000] {logging_mixin.py:188} INFO - [2026-06-29T09:49:42.917+0000] {dagbag.py:545} INFO - Filling up the DagBag from /home/airflow/.local/lib/python3.12/site-packages/airflow/example_dags/example_dynamic_task_mapping.py
[2026-06-29T09:49:42.938+0000] {processor.py:840} INFO - DAG(s) 'example_dynamic_task_mapping' retrieved from /home/airflow/.local/lib/python3.12/site-packages/airflow/example_dags/example_dynamic_task_mapping.py
[2026-06-29T09:49:42.982+0000] {logging_mixin.py:188} INFO - [2026-06-29T09:49:42.982+0000] {dag.py:3096} INFO - Sync 1 DAGs
[2026-06-29T09:49:43.048+0000] {logging_mixin.py:188} INFO - [2026-06-29T09:49:43.048+0000] {dag.py:3954} INFO - Setting next_dagrun for example_dynamic_task_mapping to 2022-03-04 00:00:00+00:00, run_after=2022-03-05 00:00:00+00:00
[2026-06-29T09:49:43.085+0000] {processor.py:183} INFO - Processing /home/airflow/.local/lib/python3.12/site-packages/airflow/example_dags/example_dynamic_task_mapping.py took 0.197 seconds
[2026-06-29T09:50:13.734+0000] {processor.py:161} INFO - Started process (PID=3948) to work on /home/airflow/.local/lib/python3.12/site-packages/airflow/example_dags/example_dynamic_task_mapping.py
[2026-06-29T09:50:13.735+0000] {processor.py:830} INFO - Processing file /home/airflow/.local/lib/python3.12/site-packages/airflow/example_dags/example_dynamic_task_mapping.py for tasks to queue
[2026-06-29T09:50:13.737+0000] {logging_mixin.py:188} INFO - [2026-06-29T09:50:13.737+0000] {dagbag.py:545} INFO - Filling up the DagBag from /home/airflow/.local/lib/python3.12/site-packages/airflow/example_dags/example_dynamic_task_mapping.py
[2026-06-29T09:50:13.746+0000] {processor.py:840} INFO - DAG(s) 'example_dynamic_task_mapping' retrieved from /home/airflow/.local/lib/python3.12/site-packages/airflow/example_dags/example_dynamic_task_mapping.py
[2026-06-29T09:50:13.773+0000] {logging_mixin.py:188} INFO - [2026-06-29T09:50:13.772+0000] {dag.py:3096} INFO - Sync 1 DAGs
[2026-06-29T09:50:13.819+0000] {logging_mixin.py:188} INFO - [2026-06-29T09:50:13.818+0000] {dag.py:3954} INFO - Setting next_dagrun for example_dynamic_task_mapping to 2022-03-04 00:00:00+00:00, run_after=2022-03-05 00:00:00+00:00
[2026-06-29T09:50:13.844+0000] {processor.py:183} INFO - Processing /home/airflow/.local/lib/python3.12/site-packages/airflow/example_dags/example_dynamic_task_mapping.py took 0.117 seconds
[2026-06-29T09:50:44.460+0000] {processor.py:161} INFO - Started process (PID=4007) to work on /home/airflow/.local/lib/python3.12/site-packages/airflow/example_dags/example_dynamic_task_mapping.py
[2026-06-29T09:50:44.462+0000] {processor.py:830} INFO - Processing file /home/airflow/.local/lib/python3.12/site-packages/airflow/example_dags/example_dynamic_task_mapping.py for tasks to queue
[2026-06-29T09:50:44.467+0000] {logging_mixin.py:188} INFO - [2026-06-29T09:50:44.466+0000] {dagbag.py:545} INFO - Filling up the DagBag from /home/airflow/.local/lib/python3.12/site-packages/airflow/example_dags/example_dynamic_task_mapping.py
[2026-06-29T09:50:44.483+0000] {processor.py:840} INFO - DAG(s) 'example_dynamic_task_mapping' retrieved from /home/airflow/.local/lib/python3.12/site-packages/airflow/example_dags/example_dynamic_task_mapping.py
[2026-06-29T09:50:44.543+0000] {logging_mixin.py:188} INFO - [2026-06-29T09:50:44.543+0000] {dag.py:3096} INFO - Sync 1 DAGs
[2026-06-29T09:50:44.605+0000] {logging_mixin.py:188} INFO - [2026-06-29T09:50:44.604+0000] {dag.py:3954} INFO - Setting next_dagrun for example_dynamic_task_mapping to 2022-03-04 00:00:00+00:00, run_after=2022-03-05 00:00:00+00:00
[2026-06-29T09:50:44.668+0000] {processor.py:183} INFO - Processing /home/airflow/.local/lib/python3.12/site-packages/airflow/example_dags/example_dynamic_task_mapping.py took 0.225 seconds
[2026-06-29T09:51:14.847+0000] {processor.py:161} INFO - Started process (PID=4066) to work on /home/airflow/.local/lib/python3.12/site-packages/airflow/example_dags/example_dynamic_task_mapping.py
[2026-06-29T09:51:14.848+0000] {processor.py:830} INFO - Processing file /home/airflow/.local/lib/python3.12/site-packages/airflow/example_dags/example_dynamic_task_mapping.py for tasks to queue
[2026-06-29T09:51:14.851+0000] {logging_mixin.py:188} INFO - [2026-06-29T09:51:14.850+0000] {dagbag.py:545} INFO - Filling up the DagBag from /home/airflow/.local/lib/python3.12/site-packages/airflow/example_dags/example_dynamic_task_mapping.py
[2026-06-29T09:51:14.859+0000] {processor.py:840} INFO - DAG(s) 'example_dynamic_task_mapping' retrieved from /home/airflow/.local/lib/python3.12/site-packages/airflow/example_dags/example_dynamic_task_mapping.py
[2026-06-29T09:51:14.882+0000] {logging_mixin.py:188} INFO - [2026-06-29T09:51:14.882+0000] {dag.py:3096} INFO - Sync 1 DAGs
[2026-06-29T09:51:14.910+0000] {logging_mixin.py:188} INFO - [2026-06-29T09:51:14.909+0000] {dag.py:3954} INFO - Setting next_dagrun for example_dynamic_task_mapping to 2022-03-04 00:00:00+00:00, run_after=2022-03-05 00:00:00+00:00
[2026-06-29T09:51:14.933+0000] {processor.py:183} INFO - Processing /home/airflow/.local/lib/python3.12/site-packages/airflow/example_dags/example_dynamic_task_mapping.py took 0.092 seconds
[2026-06-29T09:51:45.291+0000] {processor.py:161} INFO - Started process (PID=4125) to work on /home/airflow/.local/lib/python3.12/site-packages/airflow/example_dags/example_dynamic_task_mapping.py
[2026-06-29T09:51:45.292+0000] {processor.py:830} INFO - Processing file /home/airflow/.local/lib/python3.12/site-packages/airflow/example_dags/example_dynamic_task_mapping.py for tasks to queue
[2026-06-29T09:51:45.294+0000] {logging_mixin.py:188} INFO - [2026-06-29T09:51:45.293+0000] {dagbag.py:545} INFO - Filling up the DagBag from /home/airflow/.local/lib/python3.12/site-packages/airflow/example_dags/example_dynamic_task_mapping.py
[2026-06-29T09:51:45.302+0000] {processor.py:840} INFO - DAG(s) 'example_dynamic_task_mapping' retrieved from /home/airflow/.local/lib/python3.12/site-packages/airflow/example_dags/example_dynamic_task_mapping.py
[2026-06-29T09:51:45.326+0000] {logging_mixin.py:188} INFO - [2026-06-29T09:51:45.326+0000] {dag.py:3096} INFO - Sync 1 DAGs
[2026-06-29T09:51:45.356+0000] {logging_mixin.py:188} INFO - [2026-06-29T09:51:45.356+0000] {dag.py:3954} INFO - Setting next_dagrun for example_dynamic_task_mapping to 2022-03-04 00:00:00+00:00, run_after=2022-03-05 00:00:00+00:00
[2026-06-29T09:51:45.376+0000] {processor.py:183} INFO - Processing /home/airflow/.local/lib/python3.12/site-packages/airflow/example_dags/example_dynamic_task_mapping.py took 0.092 seconds
[2026-06-29T09:52:15.883+0000] {processor.py:161} INFO - Started process (PID=4184) to work on /home/airflow/.local/lib/python3.12/site-packages/airflow/example_dags/example_dynamic_task_mapping.py
[2026-06-29T09:52:15.884+0000] {processor.py:830} INFO - Processing file /home/airflow/.local/lib/python3.12/site-packages/airflow/example_dags/example_dynamic_task_mapping.py for tasks to queue
[2026-06-29T09:52:15.886+0000] {logging_mixin.py:188} INFO - [2026-06-29T09:52:15.886+0000] {dagbag.py:545} INFO - Filling up the DagBag from /home/airflow/.local/lib/python3.12/site-packages/airflow/example_dags/example_dynamic_task_mapping.py
[2026-06-29T09:52:15.895+0000] {processor.py:840} INFO - DAG(s) 'example_dynamic_task_mapping' retrieved from /home/airflow/.local/lib/python3.12/site-packages/airflow/example_dags/example_dynamic_task_mapping.py
[2026-06-29T09:52:15.919+0000] {logging_mixin.py:188} INFO - [2026-06-29T09:52:15.919+0000] {dag.py:3096} INFO - Sync 1 DAGs
[2026-06-29T09:52:15.946+0000] {logging_mixin.py:188} INFO - [2026-06-29T09:52:15.945+0000] {dag.py:3954} INFO - Setting next_dagrun for example_dynamic_task_mapping to 2022-03-04 00:00:00+00:00, run_after=2022-03-05 00:00:00+00:00
[2026-06-29T09:52:15.965+0000] {processor.py:183} INFO - Processing /home/airflow/.local/lib/python3.12/site-packages/airflow/example_dags/example_dynamic_task_mapping.py took 0.089 seconds
[2026-06-29T09:52:46.261+0000] {processor.py:161} INFO - Started process (PID=4243) to work on /home/airflow/.local/lib/python3.12/site-packages/airflow/example_dags/example_dynamic_task_mapping.py
[2026-06-29T09:52:46.262+0000] {processor.py:830} INFO - Processing file /home/airflow/.local/lib/python3.12/site-packages/airflow/example_dags/example_dynamic_task_mapping.py for tasks to queue
[2026-06-29T09:52:46.265+0000] {logging_mixin.py:188} INFO - [2026-06-29T09:52:46.264+0000] {dagbag.py:545} INFO - Filling up the DagBag from /home/airflow/.local/lib/python3.12/site-packages/airflow/example_dags/example_dynamic_task_mapping.py
[2026-06-29T09:52:46.273+0000] {processor.py:840} INFO - DAG(s) 'example_dynamic_task_mapping' retrieved from /home/airflow/.local/lib/python3.12/site-packages/airflow/example_dags/example_dynamic_task_mapping.py
[2026-06-29T09:52:46.298+0000] {logging_mixin.py:188} INFO - [2026-06-29T09:52:46.298+0000] {dag.py:3096} INFO - Sync 1 DAGs
[2026-06-29T09:52:46.331+0000] {logging_mixin.py:188} INFO - [2026-06-29T09:52:46.330+0000] {dag.py:3954} INFO - Setting next_dagrun for example_dynamic_task_mapping to 2022-03-04 00:00:00+00:00, run_after=2022-03-05 00:00:00+00:00
[2026-06-29T09:52:46.351+0000] {processor.py:183} INFO - Processing /home/airflow/.local/lib/python3.12/site-packages/airflow/example_dags/example_dynamic_task_mapping.py took 0.096 seconds
[2026-06-29T09:53:16.579+0000] {processor.py:161} INFO - Started process (PID=4302) to work on /home/airflow/.local/lib/python3.12/site-packages/airflow/example_dags/example_dynamic_task_mapping.py
[2026-06-29T09:53:16.580+0000] {processor.py:830} INFO - Processing file /home/airflow/.local/lib/python3.12/site-packages/airflow/example_dags/example_dynamic_task_mapping.py for tasks to queue
[2026-06-29T09:53:16.583+0000] {logging_mixin.py:188} INFO - [2026-06-29T09:53:16.582+0000] {dagbag.py:545} INFO - Filling up the DagBag from /home/airflow/.local/lib/python3.12/site-packages/airflow/example_dags/example_dynamic_task_mapping.py
[2026-06-29T09:53:16.591+0000] {processor.py:840} INFO - DAG(s) 'example_dynamic_task_mapping' retrieved from /home/airflow/.local/lib/python3.12/site-packages/airflow/example_dags/example_dynamic_task_mapping.py
[2026-06-29T09:53:16.615+0000] {logging_mixin.py:188} INFO - [2026-06-29T09:53:16.615+0000] {dag.py:3096} INFO - Sync 1 DAGs
[2026-06-29T09:53:16.644+0000] {logging_mixin.py:188} INFO - [2026-06-29T09:53:16.644+0000] {dag.py:3954} INFO - Setting next_dagrun for example_dynamic_task_mapping to 2022-03-04 00:00:00+00:00, run_after=2022-03-05 00:00:00+00:00
[2026-06-29T09:53:16.669+0000] {processor.py:183} INFO - Processing /home/airflow/.local/lib/python3.12/site-packages/airflow/example_dags/example_dynamic_task_mapping.py took 0.097 seconds
[2026-06-29T09:53:46.836+0000] {processor.py:161} INFO - Started process (PID=4362) to work on /home/airflow/.local/lib/python3.12/site-packages/airflow/example_dags/example_dynamic_task_mapping.py
[2026-06-29T09:53:46.837+0000] {processor.py:830} INFO - Processing file /home/airflow/.local/lib/python3.12/site-packages/airflow/example_dags/example_dynamic_task_mapping.py for tasks to queue
[2026-06-29T09:53:46.839+0000] {logging_mixin.py:188} INFO - [2026-06-29T09:53:46.839+0000] {dagbag.py:545} INFO - Filling up the DagBag from /home/airflow/.local/lib/python3.12/site-packages/airflow/example_dags/example_dynamic_task_mapping.py
[2026-06-29T09:53:46.849+0000] {processor.py:840} INFO - DAG(s) 'example_dynamic_task_mapping' retrieved from /home/airflow/.local/lib/python3.12/site-packages/airflow/example_dags/example_dynamic_task_mapping.py
[2026-06-29T09:53:46.876+0000] {logging_mixin.py:188} INFO - [2026-06-29T09:53:46.876+0000] {dag.py:3096} INFO - Sync 1 DAGs
[2026-06-29T09:53:46.904+0000] {logging_mixin.py:188} INFO - [2026-06-29T09:53:46.903+0000] {dag.py:3954} INFO - Setting next_dagrun for example_dynamic_task_mapping to 2022-03-04 00:00:00+00:00, run_after=2022-03-05 00:00:00+00:00
[2026-06-29T09:53:46.925+0000] {processor.py:183} INFO - Processing /home/airflow/.local/lib/python3.12/site-packages/airflow/example_dags/example_dynamic_task_mapping.py took 0.095 seconds
[2026-06-29T09:54:17.571+0000] {processor.py:161} INFO - Started process (PID=4421) to work on /home/airflow/.local/lib/python3.12/site-packages/airflow/example_dags/example_dynamic_task_mapping.py
[2026-06-29T09:54:17.572+0000] {processor.py:830} INFO - Processing file /home/airflow/.local/lib/python3.12/site-packages/airflow/example_dags/example_dynamic_task_mapping.py for tasks to queue
[2026-06-29T09:54:17.574+0000] {logging_mixin.py:188} INFO - [2026-06-29T09:54:17.574+0000] {dagbag.py:545} INFO - Filling up the DagBag from /home/airflow/.local/lib/python3.12/site-packages/airflow/example_dags/example_dynamic_task_mapping.py
[2026-06-29T09:54:17.583+0000] {processor.py:840} INFO - DAG(s) 'example_dynamic_task_mapping' retrieved from /home/airflow/.local/lib/python3.12/site-packages/airflow/example_dags/example_dynamic_task_mapping.py
[2026-06-29T09:54:17.607+0000] {logging_mixin.py:188} INFO - [2026-06-29T09:54:17.606+0000] {dag.py:3096} INFO - Sync 1 DAGs
[2026-06-29T09:54:17.638+0000] {logging_mixin.py:188} INFO - [2026-06-29T09:54:17.637+0000] {dag.py:3954} INFO - Setting next_dagrun for example_dynamic_task_mapping to 2022-03-04 00:00:00+00:00, run_after=2022-03-05 00:00:00+00:00
[2026-06-29T09:54:17.659+0000] {processor.py:183} INFO - Processing /home/airflow/.local/lib/python3.12/site-packages/airflow/example_dags/example_dynamic_task_mapping.py took 0.095 seconds
[2026-06-29T09:54:48.053+0000] {processor.py:161} INFO - Started process (PID=4480) to work on /home/airflow/.local/lib/python3.12/site-packages/airflow/example_dags/example_dynamic_task_mapping.py
[2026-06-29T09:54:48.054+0000] {processor.py:830} INFO - Processing file /home/airflow/.local/lib/python3.12/site-packages/airflow/example_dags/example_dynamic_task_mapping.py for tasks to queue
[2026-06-29T09:54:48.056+0000] {logging_mixin.py:188} INFO - [2026-06-29T09:54:48.056+0000] {dagbag.py:545} INFO - Filling up the DagBag from /home/airflow/.local/lib/python3.12/site-packages/airflow/example_dags/example_dynamic_task_mapping.py
[2026-06-29T09:54:48.065+0000] {processor.py:840} INFO - DAG(s) 'example_dynamic_task_mapping' retrieved from /home/airflow/.local/lib/python3.12/site-packages/airflow/example_dags/example_dynamic_task_mapping.py
[2026-06-29T09:54:48.089+0000] {logging_mixin.py:188} INFO - [2026-06-29T09:54:48.088+0000] {dag.py:3096} INFO - Sync 1 DAGs
[2026-06-29T09:54:48.118+0000] {logging_mixin.py:188} INFO - [2026-06-29T09:54:48.118+0000] {dag.py:3954} INFO - Setting next_dagrun for example_dynamic_task_mapping to 2022-03-04 00:00:00+00:00, run_after=2022-03-05 00:00:00+00:00
[2026-06-29T09:54:48.138+0000] {processor.py:183} INFO - Processing /home/airflow/.local/lib/python3.12/site-packages/airflow/example_dags/example_dynamic_task_mapping.py took 0.091 seconds
[2026-06-29T09:55:18.268+0000] {processor.py:161} INFO - Started process (PID=4538) to work on /home/airflow/.local/lib/python3.12/site-packages/airflow/example_dags/example_dynamic_task_mapping.py
[2026-06-29T09:55:18.271+0000] {processor.py:830} INFO - Processing file /home/airflow/.local/lib/python3.12/site-packages/airflow/example_dags/example_dynamic_task_mapping.py for tasks to queue
[2026-06-29T09:55:18.274+0000] {logging_mixin.py:188} INFO - [2026-06-29T09:55:18.273+0000] {dagbag.py:545} INFO - Filling up the DagBag from /home/airflow/.local/lib/python3.12/site-packages/airflow/example_dags/example_dynamic_task_mapping.py
[2026-06-29T09:55:18.293+0000] {processor.py:840} INFO - DAG(s) 'example_dynamic_task_mapping' retrieved from /home/airflow/.local/lib/python3.12/site-packages/airflow/example_dags/example_dynamic_task_mapping.py
[2026-06-29T09:55:18.342+0000] {logging_mixin.py:188} INFO - [2026-06-29T09:55:18.342+0000] {dag.py:3096} INFO - Sync 1 DAGs
[2026-06-29T09:55:18.405+0000] {logging_mixin.py:188} INFO - [2026-06-29T09:55:18.404+0000] {dag.py:3954} INFO - Setting next_dagrun for example_dynamic_task_mapping to 2022-03-04 00:00:00+00:00, run_after=2022-03-05 00:00:00+00:00
[2026-06-29T09:55:18.469+0000] {processor.py:183} INFO - Processing /home/airflow/.local/lib/python3.12/site-packages/airflow/example_dags/example_dynamic_task_mapping.py took 0.219 seconds
[2026-06-29T09:55:48.754+0000] {processor.py:161} INFO - Started process (PID=4597) to work on /home/airflow/.local/lib/python3.12/site-packages/airflow/example_dags/example_dynamic_task_mapping.py
[2026-06-29T09:55:48.755+0000] {processor.py:830} INFO - Processing file /home/airflow/.local/lib/python3.12/site-packages/airflow/example_dags/example_dynamic_task_mapping.py for tasks to queue
[2026-06-29T09:55:48.757+0000] {logging_mixin.py:188} INFO - [2026-06-29T09:55:48.757+0000] {dagbag.py:545} INFO - Filling up the DagBag from /home/airflow/.local/lib/python3.12/site-packages/airflow/example_dags/example_dynamic_task_mapping.py
[2026-06-29T09:55:48.765+0000] {processor.py:840} INFO - DAG(s) 'example_dynamic_task_mapping' retrieved from /home/airflow/.local/lib/python3.12/site-packages/airflow/example_dags/example_dynamic_task_mapping.py
[2026-06-29T09:55:48.790+0000] {logging_mixin.py:188} INFO - [2026-06-29T09:55:48.790+0000] {dag.py:3096} INFO - Sync 1 DAGs
[2026-06-29T09:55:48.817+0000] {logging_mixin.py:188} INFO - [2026-06-29T09:55:48.817+0000] {dag.py:3954} INFO - Setting next_dagrun for example_dynamic_task_mapping to 2022-03-04 00:00:00+00:00, run_after=2022-03-05 00:00:00+00:00
[2026-06-29T09:55:48.837+0000] {processor.py:183} INFO - Processing /home/airflow/.local/lib/python3.12/site-packages/airflow/example_dags/example_dynamic_task_mapping.py took 0.090 seconds
[2026-06-29T09:56:19.750+0000] {processor.py:161} INFO - Started process (PID=4656) to work on /home/airflow/.local/lib/python3.12/site-packages/airflow/example_dags/example_dynamic_task_mapping.py
[2026-06-29T09:56:19.752+0000] {processor.py:830} INFO - Processing file /home/airflow/.local/lib/python3.12/site-packages/airflow/example_dags/example_dynamic_task_mapping.py for tasks to queue
[2026-06-29T09:56:19.754+0000] {logging_mixin.py:188} INFO - [2026-06-29T09:56:19.753+0000] {dagbag.py:545} INFO - Filling up the DagBag from /home/airflow/.local/lib/python3.12/site-packages/airflow/example_dags/example_dynamic_task_mapping.py
[2026-06-29T09:56:19.762+0000] {processor.py:840} INFO - DAG(s) 'example_dynamic_task_mapping' retrieved from /home/airflow/.local/lib/python3.12/site-packages/airflow/example_dags/example_dynamic_task_mapping.py
[2026-06-29T09:56:19.786+0000] {logging_mixin.py:188} INFO - [2026-06-29T09:56:19.786+0000] {dag.py:3096} INFO - Sync 1 DAGs
[2026-06-29T09:56:19.813+0000] {logging_mixin.py:188} INFO - [2026-06-29T09:56:19.813+0000] {dag.py:3954} INFO - Setting next_dagrun for example_dynamic_task_mapping to 2022-03-04 00:00:00+00:00, run_after=2022-03-05 00:00:00+00:00
[2026-06-29T09:56:19.833+0000] {processor.py:183} INFO - Processing /home/airflow/.local/lib/python3.12/site-packages/airflow/example_dags/example_dynamic_task_mapping.py took 0.094 seconds
[2026-06-29T09:56:50.806+0000] {processor.py:161} INFO - Started process (PID=4715) to work on /home/airflow/.local/lib/python3.12/site-packages/airflow/example_dags/example_dynamic_task_mapping.py
[2026-06-29T09:56:50.808+0000] {processor.py:830} INFO - Processing file /home/airflow/.local/lib/python3.12/site-packages/airflow/example_dags/example_dynamic_task_mapping.py for tasks to queue
[2026-06-29T09:56:50.820+0000] {logging_mixin.py:188} INFO - [2026-06-29T09:56:50.815+0000] {dagbag.py:545} INFO - Filling up the DagBag from /home/airflow/.local/lib/python3.12/site-packages/airflow/example_dags/example_dynamic_task_mapping.py
[2026-06-29T09:56:50.849+0000] {processor.py:840} INFO - DAG(s) 'example_dynamic_task_mapping' retrieved from /home/airflow/.local/lib/python3.12/site-packages/airflow/example_dags/example_dynamic_task_mapping.py
[2026-06-29T09:56:50.911+0000] {logging_mixin.py:188} INFO - [2026-06-29T09:56:50.911+0000] {dag.py:3096} INFO - Sync 1 DAGs
[2026-06-29T09:56:51.001+0000] {logging_mixin.py:188} INFO - [2026-06-29T09:56:51.000+0000] {dag.py:3954} INFO - Setting next_dagrun for example_dynamic_task_mapping to 2022-03-04 00:00:00+00:00, run_after=2022-03-05 00:00:00+00:00
[2026-06-29T09:56:51.044+0000] {processor.py:183} INFO - Processing /home/airflow/.local/lib/python3.12/site-packages/airflow/example_dags/example_dynamic_task_mapping.py took 0.255 seconds
[2026-06-29T09:57:21.280+0000] {processor.py:161} INFO - Started process (PID=4773) to work on /home/airflow/.local/lib/python3.12/site-packages/airflow/example_dags/example_dynamic_task_mapping.py
[2026-06-29T09:57:21.281+0000] {processor.py:830} INFO - Processing file /home/airflow/.local/lib/python3.12/site-packages/airflow/example_dags/example_dynamic_task_mapping.py for tasks to queue
[2026-06-29T09:57:21.284+0000] {logging_mixin.py:188} INFO - [2026-06-29T09:57:21.283+0000] {dagbag.py:545} INFO - Filling up the DagBag from /home/airflow/.local/lib/python3.12/site-packages/airflow/example_dags/example_dynamic_task_mapping.py
[2026-06-29T09:57:21.293+0000] {processor.py:840} INFO - DAG(s) 'example_dynamic_task_mapping' retrieved from /home/airflow/.local/lib/python3.12/site-packages/airflow/example_dags/example_dynamic_task_mapping.py
[2026-06-29T09:57:21.342+0000] {logging_mixin.py:188} INFO - [2026-06-29T09:57:21.342+0000] {dag.py:3096} INFO - Sync 1 DAGs
[2026-06-29T09:57:21.393+0000] {logging_mixin.py:188} INFO - [2026-06-29T09:57:21.392+0000] {dag.py:3954} INFO - Setting next_dagrun for example_dynamic_task_mapping to 2022-03-04 00:00:00+00:00, run_after=2022-03-05 00:00:00+00:00
[2026-06-29T09:57:21.413+0000] {processor.py:183} INFO - Processing /home/airflow/.local/lib/python3.12/site-packages/airflow/example_dags/example_dynamic_task_mapping.py took 0.140 seconds
[2026-06-29T09:57:51.901+0000] {processor.py:161} INFO - Started process (PID=4831) to work on /home/airflow/.local/lib/python3.12/site-packages/airflow/example_dags/example_dynamic_task_mapping.py
[2026-06-29T09:57:51.902+0000] {processor.py:830} INFO - Processing file /home/airflow/.local/lib/python3.12/site-packages/airflow/example_dags/example_dynamic_task_mapping.py for tasks to queue
[2026-06-29T09:57:51.905+0000] {logging_mixin.py:188} INFO - [2026-06-29T09:57:51.904+0000] {dagbag.py:545} INFO - Filling up the DagBag from /home/airflow/.local/lib/python3.12/site-packages/airflow/example_dags/example_dynamic_task_mapping.py
[2026-06-29T09:57:51.913+0000] {processor.py:840} INFO - DAG(s) 'example_dynamic_task_mapping' retrieved from /home/airflow/.local/lib/python3.12/site-packages/airflow/example_dags/example_dynamic_task_mapping.py
[2026-06-29T09:57:51.961+0000] {logging_mixin.py:188} INFO - [2026-06-29T09:57:51.960+0000] {dag.py:3096} INFO - Sync 1 DAGs
[2026-06-29T09:57:52.037+0000] {logging_mixin.py:188} INFO - [2026-06-29T09:57:52.037+0000] {dag.py:3954} INFO - Setting next_dagrun for example_dynamic_task_mapping to 2022-03-04 00:00:00+00:00, run_after=2022-03-05 00:00:00+00:00
[2026-06-29T09:57:52.055+0000] {processor.py:183} INFO - Processing /home/airflow/.local/lib/python3.12/site-packages/airflow/example_dags/example_dynamic_task_mapping.py took 0.161 seconds
[2026-06-29T09:58:22.489+0000] {processor.py:161} INFO - Started process (PID=4890) to work on /home/airflow/.local/lib/python3.12/site-packages/airflow/example_dags/example_dynamic_task_mapping.py
[2026-06-29T09:58:22.490+0000] {processor.py:830} INFO - Processing file /home/airflow/.local/lib/python3.12/site-packages/airflow/example_dags/example_dynamic_task_mapping.py for tasks to queue
[2026-06-29T09:58:22.492+0000] {logging_mixin.py:188} INFO - [2026-06-29T09:58:22.491+0000] {dagbag.py:545} INFO - Filling up the DagBag from /home/airflow/.local/lib/python3.12/site-packages/airflow/example_dags/example_dynamic_task_mapping.py
[2026-06-29T09:58:22.500+0000] {processor.py:840} INFO - DAG(s) 'example_dynamic_task_mapping' retrieved from /home/airflow/.local/lib/python3.12/site-packages/airflow/example_dags/example_dynamic_task_mapping.py
[2026-06-29T09:58:22.525+0000] {logging_mixin.py:188} INFO - [2026-06-29T09:58:22.525+0000] {dag.py:3096} INFO - Sync 1 DAGs
[2026-06-29T09:58:22.553+0000] {logging_mixin.py:188} INFO - [2026-06-29T09:58:22.553+0000] {dag.py:3954} INFO - Setting next_dagrun for example_dynamic_task_mapping to 2022-03-04 00:00:00+00:00, run_after=2022-03-05 00:00:00+00:00
[2026-06-29T09:58:22.574+0000] {processor.py:183} INFO - Processing /home/airflow/.local/lib/python3.12/site-packages/airflow/example_dags/example_dynamic_task_mapping.py took 0.093 seconds
[2026-06-29T09:58:53.313+0000] {processor.py:161} INFO - Started process (PID=4949) to work on /home/airflow/.local/lib/python3.12/site-packages/airflow/example_dags/example_dynamic_task_mapping.py
[2026-06-29T09:58:53.314+0000] {processor.py:830} INFO - Processing file /home/airflow/.local/lib/python3.12/site-packages/airflow/example_dags/example_dynamic_task_mapping.py for tasks to queue
[2026-06-29T09:58:53.316+0000] {logging_mixin.py:188} INFO - [2026-06-29T09:58:53.316+0000] {dagbag.py:545} INFO - Filling up the DagBag from /home/airflow/.local/lib/python3.12/site-packages/airflow/example_dags/example_dynamic_task_mapping.py
[2026-06-29T09:58:53.324+0000] {processor.py:840} INFO - DAG(s) 'example_dynamic_task_mapping' retrieved from /home/airflow/.local/lib/python3.12/site-packages/airflow/example_dags/example_dynamic_task_mapping.py
[2026-06-29T09:58:53.349+0000] {logging_mixin.py:188} INFO - [2026-06-29T09:58:53.349+0000] {dag.py:3096} INFO - Sync 1 DAGs
[2026-06-29T09:58:53.376+0000] {logging_mixin.py:188} INFO - [2026-06-29T09:58:53.375+0000] {dag.py:3954} INFO - Setting next_dagrun for example_dynamic_task_mapping to 2022-03-04 00:00:00+00:00, run_after=2022-03-05 00:00:00+00:00
[2026-06-29T09:58:53.397+0000] {processor.py:183} INFO - Processing /home/airflow/.local/lib/python3.12/site-packages/airflow/example_dags/example_dynamic_task_mapping.py took 0.091 seconds
[2026-06-29T09:59:23.536+0000] {processor.py:161} INFO - Started process (PID=5008) to work on /home/airflow/.local/lib/python3.12/site-packages/airflow/example_dags/example_dynamic_task_mapping.py
[2026-06-29T09:59:23.537+0000] {processor.py:830} INFO - Processing file /home/airflow/.local/lib/python3.12/site-packages/airflow/example_dags/example_dynamic_task_mapping.py for tasks to queue
[2026-06-29T09:59:23.540+0000] {logging_mixin.py:188} INFO - [2026-06-29T09:59:23.539+0000] {dagbag.py:545} INFO - Filling up the DagBag from /home/airflow/.local/lib/python3.12/site-packages/airflow/example_dags/example_dynamic_task_mapping.py
[2026-06-29T09:59:23.548+0000] {processor.py:840} INFO - DAG(s) 'example_dynamic_task_mapping' retrieved from /home/airflow/.local/lib/python3.12/site-packages/airflow/example_dags/example_dynamic_task_mapping.py
[2026-06-29T09:59:23.573+0000] {logging_mixin.py:188} INFO - [2026-06-29T09:59:23.573+0000] {dag.py:3096} INFO - Sync 1 DAGs
[2026-06-29T09:59:23.601+0000] {logging_mixin.py:188} INFO - [2026-06-29T09:59:23.601+0000] {dag.py:3954} INFO - Setting next_dagrun for example_dynamic_task_mapping to 2022-03-04 00:00:00+00:00, run_after=2022-03-05 00:00:00+00:00
[2026-06-29T09:59:23.626+0000] {processor.py:183} INFO - Processing /home/airflow/.local/lib/python3.12/site-packages/airflow/example_dags/example_dynamic_task_mapping.py took 0.097 seconds
[2026-06-29T09:59:53.952+0000] {processor.py:161} INFO - Started process (PID=5067) to work on /home/airflow/.local/lib/python3.12/site-packages/airflow/example_dags/example_dynamic_task_mapping.py
[2026-06-29T09:59:53.953+0000] {processor.py:830} INFO - Processing file /home/airflow/.local/lib/python3.12/site-packages/airflow/example_dags/example_dynamic_task_mapping.py for tasks to queue
[2026-06-29T09:59:53.955+0000] {logging_mixin.py:188} INFO - [2026-06-29T09:59:53.955+0000] {dagbag.py:545} INFO - Filling up the DagBag from /home/airflow/.local/lib/python3.12/site-packages/airflow/example_dags/example_dynamic_task_mapping.py
[2026-06-29T09:59:53.963+0000] {processor.py:840} INFO - DAG(s) 'example_dynamic_task_mapping' retrieved from /home/airflow/.local/lib/python3.12/site-packages/airflow/example_dags/example_dynamic_task_mapping.py
[2026-06-29T09:59:53.991+0000] {logging_mixin.py:188} INFO - [2026-06-29T09:59:53.991+0000] {dag.py:3096} INFO - Sync 1 DAGs
[2026-06-29T09:59:54.018+0000] {logging_mixin.py:188} INFO - [2026-06-29T09:59:54.017+0000] {dag.py:3954} INFO - Setting next_dagrun for example_dynamic_task_mapping to 2022-03-04 00:00:00+00:00, run_after=2022-03-05 00:00:00+00:00
[2026-06-29T09:59:54.038+0000] {processor.py:183} INFO - Processing /home/airflow/.local/lib/python3.12/site-packages/airflow/example_dags/example_dynamic_task_mapping.py took 0.092 seconds
[2026-06-29T10:00:24.292+0000] {processor.py:161} INFO - Started process (PID=5126) to work on /home/airflow/.local/lib/python3.12/site-packages/airflow/example_dags/example_dynamic_task_mapping.py
[2026-06-29T10:00:24.293+0000] {processor.py:830} INFO - Processing file /home/airflow/.local/lib/python3.12/site-packages/airflow/example_dags/example_dynamic_task_mapping.py for tasks to queue
[2026-06-29T10:00:24.296+0000] {logging_mixin.py:188} INFO - [2026-06-29T10:00:24.295+0000] {dagbag.py:545} INFO - Filling up the DagBag from /home/airflow/.local/lib/python3.12/site-packages/airflow/example_dags/example_dynamic_task_mapping.py
[2026-06-29T10:00:24.305+0000] {processor.py:840} INFO - DAG(s) 'example_dynamic_task_mapping' retrieved from /home/airflow/.local/lib/python3.12/site-packages/airflow/example_dags/example_dynamic_task_mapping.py
[2026-06-29T10:00:24.331+0000] {logging_mixin.py:188} INFO - [2026-06-29T10:00:24.330+0000] {dag.py:3096} INFO - Sync 1 DAGs
[2026-06-29T10:00:24.358+0000] {logging_mixin.py:188} INFO - [2026-06-29T10:00:24.358+0000] {dag.py:3954} INFO - Setting next_dagrun for example_dynamic_task_mapping to 2022-03-04 00:00:00+00:00, run_after=2022-03-05 00:00:00+00:00
[2026-06-29T10:00:24.383+0000] {processor.py:183} INFO - Processing /home/airflow/.local/lib/python3.12/site-packages/airflow/example_dags/example_dynamic_task_mapping.py took 0.098 seconds
[2026-06-29T10:00:54.821+0000] {processor.py:161} INFO - Started process (PID=5185) to work on /home/airflow/.local/lib/python3.12/site-packages/airflow/example_dags/example_dynamic_task_mapping.py
[2026-06-29T10:00:54.822+0000] {processor.py:830} INFO - Processing file /home/airflow/.local/lib/python3.12/site-packages/airflow/example_dags/example_dynamic_task_mapping.py for tasks to queue
[2026-06-29T10:00:54.824+0000] {logging_mixin.py:188} INFO - [2026-06-29T10:00:54.823+0000] {dagbag.py:545} INFO - Filling up the DagBag from /home/airflow/.local/lib/python3.12/site-packages/airflow/example_dags/example_dynamic_task_mapping.py
[2026-06-29T10:00:54.832+0000] {processor.py:840} INFO - DAG(s) 'example_dynamic_task_mapping' retrieved from /home/airflow/.local/lib/python3.12/site-packages/airflow/example_dags/example_dynamic_task_mapping.py
[2026-06-29T10:00:54.857+0000] {logging_mixin.py:188} INFO - [2026-06-29T10:00:54.856+0000] {dag.py:3096} INFO - Sync 1 DAGs
[2026-06-29T10:00:54.883+0000] {logging_mixin.py:188} INFO - [2026-06-29T10:00:54.883+0000] {dag.py:3954} INFO - Setting next_dagrun for example_dynamic_task_mapping to 2022-03-04 00:00:00+00:00, run_after=2022-03-05 00:00:00+00:00
[2026-06-29T10:00:54.903+0000] {processor.py:183} INFO - Processing /home/airflow/.local/lib/python3.12/site-packages/airflow/example_dags/example_dynamic_task_mapping.py took 0.089 seconds
[2026-06-29T10:01:25.245+0000] {processor.py:161} INFO - Started process (PID=5244) to work on /home/airflow/.local/lib/python3.12/site-packages/airflow/example_dags/example_dynamic_task_mapping.py
[2026-06-29T10:01:25.257+0000] {processor.py:830} INFO - Processing file /home/airflow/.local/lib/python3.12/site-packages/airflow/example_dags/example_dynamic_task_mapping.py for tasks to queue
[2026-06-29T10:01:25.266+0000] {logging_mixin.py:188} INFO - [2026-06-29T10:01:25.265+0000] {dagbag.py:545} INFO - Filling up the DagBag from /home/airflow/.local/lib/python3.12/site-packages/airflow/example_dags/example_dynamic_task_mapping.py
[2026-06-29T10:01:25.309+0000] {processor.py:840} INFO - DAG(s) 'example_dynamic_task_mapping' retrieved from /home/airflow/.local/lib/python3.12/site-packages/airflow/example_dags/example_dynamic_task_mapping.py
[2026-06-29T10:01:25.378+0000] {logging_mixin.py:188} INFO - [2026-06-29T10:01:25.378+0000] {dag.py:3096} INFO - Sync 1 DAGs
[2026-06-29T10:01:25.435+0000] {logging_mixin.py:188} INFO - [2026-06-29T10:01:25.434+0000] {dag.py:3954} INFO - Setting next_dagrun for example_dynamic_task_mapping to 2022-03-04 00:00:00+00:00, run_after=2022-03-05 00:00:00+00:00
[2026-06-29T10:01:25.478+0000] {processor.py:183} INFO - Processing /home/airflow/.local/lib/python3.12/site-packages/airflow/example_dags/example_dynamic_task_mapping.py took 0.255 seconds
[2026-06-29T10:01:55.917+0000] {processor.py:161} INFO - Started process (PID=5303) to work on /home/airflow/.local/lib/python3.12/site-packages/airflow/example_dags/example_dynamic_task_mapping.py
[2026-06-29T10:01:55.918+0000] {processor.py:830} INFO - Processing file /home/airflow/.local/lib/python3.12/site-packages/airflow/example_dags/example_dynamic_task_mapping.py for tasks to queue
[2026-06-29T10:01:55.920+0000] {logging_mixin.py:188} INFO - [2026-06-29T10:01:55.920+0000] {dagbag.py:545} INFO - Filling up the DagBag from /home/airflow/.local/lib/python3.12/site-packages/airflow/example_dags/example_dynamic_task_mapping.py
[2026-06-29T10:01:55.928+0000] {processor.py:840} INFO - DAG(s) 'example_dynamic_task_mapping' retrieved from /home/airflow/.local/lib/python3.12/site-packages/airflow/example_dags/example_dynamic_task_mapping.py
[2026-06-29T10:01:55.953+0000] {logging_mixin.py:188} INFO - [2026-06-29T10:01:55.953+0000] {dag.py:3096} INFO - Sync 1 DAGs
[2026-06-29T10:01:55.983+0000] {logging_mixin.py:188} INFO - [2026-06-29T10:01:55.983+0000] {dag.py:3954} INFO - Setting next_dagrun for example_dynamic_task_mapping to 2022-03-04 00:00:00+00:00, run_after=2022-03-05 00:00:00+00:00
[2026-06-29T10:01:56.004+0000] {processor.py:183} INFO - Processing /home/airflow/.local/lib/python3.12/site-packages/airflow/example_dags/example_dynamic_task_mapping.py took 0.095 seconds
[2026-06-29T10:02:26.154+0000] {processor.py:161} INFO - Started process (PID=5362) to work on /home/airflow/.local/lib/python3.12/site-packages/airflow/example_dags/example_dynamic_task_mapping.py
[2026-06-29T10:02:26.155+0000] {processor.py:830} INFO - Processing file /home/airflow/.local/lib/python3.12/site-packages/airflow/example_dags/example_dynamic_task_mapping.py for tasks to queue
[2026-06-29T10:02:26.157+0000] {logging_mixin.py:188} INFO - [2026-06-29T10:02:26.157+0000] {dagbag.py:545} INFO - Filling up the DagBag from /home/airflow/.local/lib/python3.12/site-packages/airflow/example_dags/example_dynamic_task_mapping.py
[2026-06-29T10:02:26.166+0000] {processor.py:840} INFO - DAG(s) 'example_dynamic_task_mapping' retrieved from /home/airflow/.local/lib/python3.12/site-packages/airflow/example_dags/example_dynamic_task_mapping.py
[2026-06-29T10:02:26.191+0000] {logging_mixin.py:188} INFO - [2026-06-29T10:02:26.190+0000] {dag.py:3096} INFO - Sync 1 DAGs
[2026-06-29T10:02:26.222+0000] {logging_mixin.py:188} INFO - [2026-06-29T10:02:26.221+0000] {dag.py:3954} INFO - Setting next_dagrun for example_dynamic_task_mapping to 2022-03-04 00:00:00+00:00, run_after=2022-03-05 00:00:00+00:00
[2026-06-29T10:02:26.246+0000] {processor.py:183} INFO - Processing /home/airflow/.local/lib/python3.12/site-packages/airflow/example_dags/example_dynamic_task_mapping.py took 0.098 seconds
[2026-06-29T10:02:56.632+0000] {processor.py:161} INFO - Started process (PID=5421) to work on /home/airflow/.local/lib/python3.12/site-packages/airflow/example_dags/example_dynamic_task_mapping.py
[2026-06-29T10:02:56.636+0000] {processor.py:830} INFO - Processing file /home/airflow/.local/lib/python3.12/site-packages/airflow/example_dags/example_dynamic_task_mapping.py for tasks to queue
[2026-06-29T10:02:56.638+0000] {logging_mixin.py:188} INFO - [2026-06-29T10:02:56.637+0000] {dagbag.py:545} INFO - Filling up the DagBag from /home/airflow/.local/lib/python3.12/site-packages/airflow/example_dags/example_dynamic_task_mapping.py
[2026-06-29T10:02:56.656+0000] {processor.py:840} INFO - DAG(s) 'example_dynamic_task_mapping' retrieved from /home/airflow/.local/lib/python3.12/site-packages/airflow/example_dags/example_dynamic_task_mapping.py
[2026-06-29T10:02:56.718+0000] {logging_mixin.py:188} INFO - [2026-06-29T10:02:56.718+0000] {dag.py:3096} INFO - Sync 1 DAGs
[2026-06-29T10:02:56.779+0000] {logging_mixin.py:188} INFO - [2026-06-29T10:02:56.778+0000] {dag.py:3954} INFO - Setting next_dagrun for example_dynamic_task_mapping to 2022-03-04 00:00:00+00:00, run_after=2022-03-05 00:00:00+00:00
[2026-06-29T10:02:56.877+0000] {processor.py:183} INFO - Processing /home/airflow/.local/lib/python3.12/site-packages/airflow/example_dags/example_dynamic_task_mapping.py took 0.264 seconds
[2026-06-29T10:03:27.240+0000] {processor.py:161} INFO - Started process (PID=5478) to work on /home/airflow/.local/lib/python3.12/site-packages/airflow/example_dags/example_dynamic_task_mapping.py
[2026-06-29T10:03:27.241+0000] {processor.py:830} INFO - Processing file /home/airflow/.local/lib/python3.12/site-packages/airflow/example_dags/example_dynamic_task_mapping.py for tasks to queue
[2026-06-29T10:03:27.243+0000] {logging_mixin.py:188} INFO - [2026-06-29T10:03:27.243+0000] {dagbag.py:545} INFO - Filling up the DagBag from /home/airflow/.local/lib/python3.12/site-packages/airflow/example_dags/example_dynamic_task_mapping.py
[2026-06-29T10:03:27.252+0000] {processor.py:840} INFO - DAG(s) 'example_dynamic_task_mapping' retrieved from /home/airflow/.local/lib/python3.12/site-packages/airflow/example_dags/example_dynamic_task_mapping.py
[2026-06-29T10:03:27.300+0000] {logging_mixin.py:188} INFO - [2026-06-29T10:03:27.300+0000] {dag.py:3096} INFO - Sync 1 DAGs
[2026-06-29T10:03:27.429+0000] {logging_mixin.py:188} INFO - [2026-06-29T10:03:27.427+0000] {dag.py:3954} INFO - Setting next_dagrun for example_dynamic_task_mapping to 2022-03-04 00:00:00+00:00, run_after=2022-03-05 00:00:00+00:00
[2026-06-29T10:03:27.500+0000] {processor.py:183} INFO - Processing /home/airflow/.local/lib/python3.12/site-packages/airflow/example_dags/example_dynamic_task_mapping.py took 0.274 seconds
[2026-06-29T10:35:19.026+0000] {processor.py:161} INFO - Started process (PID=106) to work on /home/airflow/.local/lib/python3.12/site-packages/airflow/example_dags/example_dynamic_task_mapping.py
[2026-06-29T10:35:19.071+0000] {processor.py:830} INFO - Processing file /home/airflow/.local/lib/python3.12/site-packages/airflow/example_dags/example_dynamic_task_mapping.py for tasks to queue
[2026-06-29T10:35:19.089+0000] {logging_mixin.py:188} INFO - [2026-06-29T10:35:19.089+0000] {dagbag.py:545} INFO - Filling up the DagBag from /home/airflow/.local/lib/python3.12/site-packages/airflow/example_dags/example_dynamic_task_mapping.py
[2026-06-29T10:35:19.143+0000] {processor.py:840} INFO - DAG(s) 'example_dynamic_task_mapping' retrieved from /home/airflow/.local/lib/python3.12/site-packages/airflow/example_dags/example_dynamic_task_mapping.py
[2026-06-29T10:35:19.281+0000] {logging_mixin.py:188} INFO - [2026-06-29T10:35:19.281+0000] {dag.py:3096} INFO - Sync 1 DAGs
[2026-06-29T10:35:19.421+0000] {logging_mixin.py:188} INFO - [2026-06-29T10:35:19.416+0000] {dag.py:3954} INFO - Setting next_dagrun for example_dynamic_task_mapping to 2022-03-04 00:00:00+00:00, run_after=2022-03-05 00:00:00+00:00
[2026-06-29T10:35:19.534+0000] {processor.py:183} INFO - Processing /home/airflow/.local/lib/python3.12/site-packages/airflow/example_dags/example_dynamic_task_mapping.py took 0.519 seconds
[2026-06-29T10:35:50.344+0000] {processor.py:161} INFO - Started process (PID=165) to work on /home/airflow/.local/lib/python3.12/site-packages/airflow/example_dags/example_dynamic_task_mapping.py
[2026-06-29T10:35:50.345+0000] {processor.py:830} INFO - Processing file /home/airflow/.local/lib/python3.12/site-packages/airflow/example_dags/example_dynamic_task_mapping.py for tasks to queue
[2026-06-29T10:35:50.347+0000] {logging_mixin.py:188} INFO - [2026-06-29T10:35:50.346+0000] {dagbag.py:545} INFO - Filling up the DagBag from /home/airflow/.local/lib/python3.12/site-packages/airflow/example_dags/example_dynamic_task_mapping.py
[2026-06-29T10:35:50.355+0000] {processor.py:840} INFO - DAG(s) 'example_dynamic_task_mapping' retrieved from /home/airflow/.local/lib/python3.12/site-packages/airflow/example_dags/example_dynamic_task_mapping.py
[2026-06-29T10:35:50.379+0000] {logging_mixin.py:188} INFO - [2026-06-29T10:35:50.378+0000] {dag.py:3096} INFO - Sync 1 DAGs
[2026-06-29T10:35:50.419+0000] {logging_mixin.py:188} INFO - [2026-06-29T10:35:50.418+0000] {dag.py:3954} INFO - Setting next_dagrun for example_dynamic_task_mapping to 2022-03-04 00:00:00+00:00, run_after=2022-03-05 00:00:00+00:00
[2026-06-29T10:35:50.441+0000] {processor.py:183} INFO - Processing /home/airflow/.local/lib/python3.12/site-packages/airflow/example_dags/example_dynamic_task_mapping.py took 0.104 seconds
[2026-06-29T10:36:20.744+0000] {processor.py:161} INFO - Started process (PID=224) to work on /home/airflow/.local/lib/python3.12/site-packages/airflow/example_dags/example_dynamic_task_mapping.py
[2026-06-29T10:36:20.745+0000] {processor.py:830} INFO - Processing file /home/airflow/.local/lib/python3.12/site-packages/airflow/example_dags/example_dynamic_task_mapping.py for tasks to queue
[2026-06-29T10:36:20.747+0000] {logging_mixin.py:188} INFO - [2026-06-29T10:36:20.747+0000] {dagbag.py:545} INFO - Filling up the DagBag from /home/airflow/.local/lib/python3.12/site-packages/airflow/example_dags/example_dynamic_task_mapping.py
[2026-06-29T10:36:20.755+0000] {processor.py:840} INFO - DAG(s) 'example_dynamic_task_mapping' retrieved from /home/airflow/.local/lib/python3.12/site-packages/airflow/example_dags/example_dynamic_task_mapping.py
[2026-06-29T10:36:20.777+0000] {logging_mixin.py:188} INFO - [2026-06-29T10:36:20.777+0000] {dag.py:3096} INFO - Sync 1 DAGs
[2026-06-29T10:36:20.806+0000] {logging_mixin.py:188} INFO - [2026-06-29T10:36:20.806+0000] {dag.py:3954} INFO - Setting next_dagrun for example_dynamic_task_mapping to 2022-03-04 00:00:00+00:00, run_after=2022-03-05 00:00:00+00:00
[2026-06-29T10:36:20.843+0000] {processor.py:183} INFO - Processing /home/airflow/.local/lib/python3.12/site-packages/airflow/example_dags/example_dynamic_task_mapping.py took 0.106 seconds
[2026-06-29T10:36:51.545+0000] {processor.py:161} INFO - Started process (PID=283) to work on /home/airflow/.local/lib/python3.12/site-packages/airflow/example_dags/example_dynamic_task_mapping.py
[2026-06-29T10:36:51.546+0000] {processor.py:830} INFO - Processing file /home/airflow/.local/lib/python3.12/site-packages/airflow/example_dags/example_dynamic_task_mapping.py for tasks to queue
[2026-06-29T10:36:51.549+0000] {logging_mixin.py:188} INFO - [2026-06-29T10:36:51.548+0000] {dagbag.py:545} INFO - Filling up the DagBag from /home/airflow/.local/lib/python3.12/site-packages/airflow/example_dags/example_dynamic_task_mapping.py
[2026-06-29T10:36:51.558+0000] {processor.py:840} INFO - DAG(s) 'example_dynamic_task_mapping' retrieved from /home/airflow/.local/lib/python3.12/site-packages/airflow/example_dags/example_dynamic_task_mapping.py
[2026-06-29T10:36:51.599+0000] {logging_mixin.py:188} INFO - [2026-06-29T10:36:51.599+0000] {dag.py:3096} INFO - Sync 1 DAGs
[2026-06-29T10:36:51.678+0000] {logging_mixin.py:188} INFO - [2026-06-29T10:36:51.676+0000] {dag.py:3954} INFO - Setting next_dagrun for example_dynamic_task_mapping to 2022-03-04 00:00:00+00:00, run_after=2022-03-05 00:00:00+00:00
[2026-06-29T10:36:51.773+0000] {processor.py:183} INFO - Processing /home/airflow/.local/lib/python3.12/site-packages/airflow/example_dags/example_dynamic_task_mapping.py took 0.235 seconds
[2026-06-29T10:37:21.850+0000] {processor.py:161} INFO - Started process (PID=342) to work on /home/airflow/.local/lib/python3.12/site-packages/airflow/example_dags/example_dynamic_task_mapping.py
[2026-06-29T10:37:21.851+0000] {processor.py:830} INFO - Processing file /home/airflow/.local/lib/python3.12/site-packages/airflow/example_dags/example_dynamic_task_mapping.py for tasks to queue
[2026-06-29T10:37:21.854+0000] {logging_mixin.py:188} INFO - [2026-06-29T10:37:21.853+0000] {dagbag.py:545} INFO - Filling up the DagBag from /home/airflow/.local/lib/python3.12/site-packages/airflow/example_dags/example_dynamic_task_mapping.py
[2026-06-29T10:37:21.865+0000] {processor.py:840} INFO - DAG(s) 'example_dynamic_task_mapping' retrieved from /home/airflow/.local/lib/python3.12/site-packages/airflow/example_dags/example_dynamic_task_mapping.py
[2026-06-29T10:37:21.890+0000] {logging_mixin.py:188} INFO - [2026-06-29T10:37:21.890+0000] {dag.py:3096} INFO - Sync 1 DAGs
[2026-06-29T10:37:21.922+0000] {logging_mixin.py:188} INFO - [2026-06-29T10:37:21.921+0000] {dag.py:3954} INFO - Setting next_dagrun for example_dynamic_task_mapping to 2022-03-04 00:00:00+00:00, run_after=2022-03-05 00:00:00+00:00
[2026-06-29T10:37:21.945+0000] {processor.py:183} INFO - Processing /home/airflow/.local/lib/python3.12/site-packages/airflow/example_dags/example_dynamic_task_mapping.py took 0.107 seconds
[2026-06-29T10:37:52.803+0000] {processor.py:161} INFO - Started process (PID=401) to work on /home/airflow/.local/lib/python3.12/site-packages/airflow/example_dags/example_dynamic_task_mapping.py
[2026-06-29T10:37:52.811+0000] {processor.py:830} INFO - Processing file /home/airflow/.local/lib/python3.12/site-packages/airflow/example_dags/example_dynamic_task_mapping.py for tasks to queue
[2026-06-29T10:37:52.819+0000] {logging_mixin.py:188} INFO - [2026-06-29T10:37:52.819+0000] {dagbag.py:545} INFO - Filling up the DagBag from /home/airflow/.local/lib/python3.12/site-packages/airflow/example_dags/example_dynamic_task_mapping.py
[2026-06-29T10:37:52.849+0000] {processor.py:840} INFO - DAG(s) 'example_dynamic_task_mapping' retrieved from /home/airflow/.local/lib/python3.12/site-packages/airflow/example_dags/example_dynamic_task_mapping.py
[2026-06-29T10:37:52.910+0000] {logging_mixin.py:188} INFO - [2026-06-29T10:37:52.910+0000] {dag.py:3096} INFO - Sync 1 DAGs
[2026-06-29T10:37:52.954+0000] {logging_mixin.py:188} INFO - [2026-06-29T10:37:52.954+0000] {dag.py:3954} INFO - Setting next_dagrun for example_dynamic_task_mapping to 2022-03-04 00:00:00+00:00, run_after=2022-03-05 00:00:00+00:00
[2026-06-29T10:37:52.972+0000] {processor.py:183} INFO - Processing /home/airflow/.local/lib/python3.12/site-packages/airflow/example_dags/example_dynamic_task_mapping.py took 0.197 seconds
[2026-06-29T10:38:23.136+0000] {processor.py:161} INFO - Started process (PID=460) to work on /home/airflow/.local/lib/python3.12/site-packages/airflow/example_dags/example_dynamic_task_mapping.py
[2026-06-29T10:38:23.137+0000] {processor.py:830} INFO - Processing file /home/airflow/.local/lib/python3.12/site-packages/airflow/example_dags/example_dynamic_task_mapping.py for tasks to queue
[2026-06-29T10:38:23.138+0000] {logging_mixin.py:188} INFO - [2026-06-29T10:38:23.138+0000] {dagbag.py:545} INFO - Filling up the DagBag from /home/airflow/.local/lib/python3.12/site-packages/airflow/example_dags/example_dynamic_task_mapping.py
[2026-06-29T10:38:23.144+0000] {processor.py:840} INFO - DAG(s) 'example_dynamic_task_mapping' retrieved from /home/airflow/.local/lib/python3.12/site-packages/airflow/example_dags/example_dynamic_task_mapping.py
[2026-06-29T10:38:23.161+0000] {logging_mixin.py:188} INFO - [2026-06-29T10:38:23.161+0000] {dag.py:3096} INFO - Sync 1 DAGs
[2026-06-29T10:38:23.181+0000] {logging_mixin.py:188} INFO - [2026-06-29T10:38:23.181+0000] {dag.py:3954} INFO - Setting next_dagrun for example_dynamic_task_mapping to 2022-03-04 00:00:00+00:00, run_after=2022-03-05 00:00:00+00:00
[2026-06-29T10:38:23.197+0000] {processor.py:183} INFO - Processing /home/airflow/.local/lib/python3.12/site-packages/airflow/example_dags/example_dynamic_task_mapping.py took 0.066 seconds
[2026-06-29T10:38:53.448+0000] {processor.py:161} INFO - Started process (PID=519) to work on /home/airflow/.local/lib/python3.12/site-packages/airflow/example_dags/example_dynamic_task_mapping.py
[2026-06-29T10:38:53.452+0000] {processor.py:830} INFO - Processing file /home/airflow/.local/lib/python3.12/site-packages/airflow/example_dags/example_dynamic_task_mapping.py for tasks to queue
[2026-06-29T10:38:53.458+0000] {logging_mixin.py:188} INFO - [2026-06-29T10:38:53.457+0000] {dagbag.py:545} INFO - Filling up the DagBag from /home/airflow/.local/lib/python3.12/site-packages/airflow/example_dags/example_dynamic_task_mapping.py
[2026-06-29T10:38:53.477+0000] {processor.py:840} INFO - DAG(s) 'example_dynamic_task_mapping' retrieved from /home/airflow/.local/lib/python3.12/site-packages/airflow/example_dags/example_dynamic_task_mapping.py
[2026-06-29T10:38:53.532+0000] {logging_mixin.py:188} INFO - [2026-06-29T10:38:53.532+0000] {dag.py:3096} INFO - Sync 1 DAGs
[2026-06-29T10:38:53.614+0000] {logging_mixin.py:188} INFO - [2026-06-29T10:38:53.614+0000] {dag.py:3954} INFO - Setting next_dagrun for example_dynamic_task_mapping to 2022-03-04 00:00:00+00:00, run_after=2022-03-05 00:00:00+00:00
[2026-06-29T10:38:53.667+0000] {processor.py:183} INFO - Processing /home/airflow/.local/lib/python3.12/site-packages/airflow/example_dags/example_dynamic_task_mapping.py took 0.236 seconds
[2026-06-29T10:39:24.477+0000] {processor.py:161} INFO - Started process (PID=578) to work on /home/airflow/.local/lib/python3.12/site-packages/airflow/example_dags/example_dynamic_task_mapping.py
[2026-06-29T10:39:24.488+0000] {processor.py:830} INFO - Processing file /home/airflow/.local/lib/python3.12/site-packages/airflow/example_dags/example_dynamic_task_mapping.py for tasks to queue
[2026-06-29T10:39:24.499+0000] {logging_mixin.py:188} INFO - [2026-06-29T10:39:24.499+0000] {dagbag.py:545} INFO - Filling up the DagBag from /home/airflow/.local/lib/python3.12/site-packages/airflow/example_dags/example_dynamic_task_mapping.py
[2026-06-29T10:39:24.564+0000] {processor.py:840} INFO - DAG(s) 'example_dynamic_task_mapping' retrieved from /home/airflow/.local/lib/python3.12/site-packages/airflow/example_dags/example_dynamic_task_mapping.py
[2026-06-29T10:39:24.646+0000] {logging_mixin.py:188} INFO - [2026-06-29T10:39:24.645+0000] {dag.py:3096} INFO - Sync 1 DAGs
[2026-06-29T10:39:24.705+0000] {logging_mixin.py:188} INFO - [2026-06-29T10:39:24.705+0000] {dag.py:3954} INFO - Setting next_dagrun for example_dynamic_task_mapping to 2022-03-04 00:00:00+00:00, run_after=2022-03-05 00:00:00+00:00
[2026-06-29T10:39:24.784+0000] {processor.py:183} INFO - Processing /home/airflow/.local/lib/python3.12/site-packages/airflow/example_dags/example_dynamic_task_mapping.py took 0.365 seconds
[2026-06-29T10:39:55.504+0000] {processor.py:161} INFO - Started process (PID=637) to work on /home/airflow/.local/lib/python3.12/site-packages/airflow/example_dags/example_dynamic_task_mapping.py
[2026-06-29T10:39:55.510+0000] {processor.py:830} INFO - Processing file /home/airflow/.local/lib/python3.12/site-packages/airflow/example_dags/example_dynamic_task_mapping.py for tasks to queue
[2026-06-29T10:39:55.521+0000] {logging_mixin.py:188} INFO - [2026-06-29T10:39:55.521+0000] {dagbag.py:545} INFO - Filling up the DagBag from /home/airflow/.local/lib/python3.12/site-packages/airflow/example_dags/example_dynamic_task_mapping.py
[2026-06-29T10:39:55.559+0000] {processor.py:840} INFO - DAG(s) 'example_dynamic_task_mapping' retrieved from /home/airflow/.local/lib/python3.12/site-packages/airflow/example_dags/example_dynamic_task_mapping.py
[2026-06-29T10:39:55.718+0000] {logging_mixin.py:188} INFO - [2026-06-29T10:39:55.718+0000] {dag.py:3096} INFO - Sync 1 DAGs
[2026-06-29T10:39:55.835+0000] {logging_mixin.py:188} INFO - [2026-06-29T10:39:55.835+0000] {dag.py:3954} INFO - Setting next_dagrun for example_dynamic_task_mapping to 2022-03-04 00:00:00+00:00, run_after=2022-03-05 00:00:00+00:00
[2026-06-29T10:39:55.961+0000] {processor.py:183} INFO - Processing /home/airflow/.local/lib/python3.12/site-packages/airflow/example_dags/example_dynamic_task_mapping.py took 0.490 seconds
[2026-06-29T10:40:26.407+0000] {processor.py:161} INFO - Started process (PID=696) to work on /home/airflow/.local/lib/python3.12/site-packages/airflow/example_dags/example_dynamic_task_mapping.py
[2026-06-29T10:40:26.408+0000] {processor.py:830} INFO - Processing file /home/airflow/.local/lib/python3.12/site-packages/airflow/example_dags/example_dynamic_task_mapping.py for tasks to queue
[2026-06-29T10:40:26.410+0000] {logging_mixin.py:188} INFO - [2026-06-29T10:40:26.410+0000] {dagbag.py:545} INFO - Filling up the DagBag from /home/airflow/.local/lib/python3.12/site-packages/airflow/example_dags/example_dynamic_task_mapping.py
[2026-06-29T10:40:26.418+0000] {processor.py:840} INFO - DAG(s) 'example_dynamic_task_mapping' retrieved from /home/airflow/.local/lib/python3.12/site-packages/airflow/example_dags/example_dynamic_task_mapping.py
[2026-06-29T10:40:26.475+0000] {logging_mixin.py:188} INFO - [2026-06-29T10:40:26.475+0000] {dag.py:3096} INFO - Sync 1 DAGs
[2026-06-29T10:40:26.547+0000] {logging_mixin.py:188} INFO - [2026-06-29T10:40:26.547+0000] {dag.py:3954} INFO - Setting next_dagrun for example_dynamic_task_mapping to 2022-03-04 00:00:00+00:00, run_after=2022-03-05 00:00:00+00:00
[2026-06-29T10:40:26.593+0000] {processor.py:183} INFO - Processing /home/airflow/.local/lib/python3.12/site-packages/airflow/example_dags/example_dynamic_task_mapping.py took 0.193 seconds
[2026-06-29T10:40:57.340+0000] {processor.py:161} INFO - Started process (PID=755) to work on /home/airflow/.local/lib/python3.12/site-packages/airflow/example_dags/example_dynamic_task_mapping.py
[2026-06-29T10:40:57.343+0000] {processor.py:830} INFO - Processing file /home/airflow/.local/lib/python3.12/site-packages/airflow/example_dags/example_dynamic_task_mapping.py for tasks to queue
[2026-06-29T10:40:57.345+0000] {logging_mixin.py:188} INFO - [2026-06-29T10:40:57.344+0000] {dagbag.py:545} INFO - Filling up the DagBag from /home/airflow/.local/lib/python3.12/site-packages/airflow/example_dags/example_dynamic_task_mapping.py
[2026-06-29T10:40:57.353+0000] {processor.py:840} INFO - DAG(s) 'example_dynamic_task_mapping' retrieved from /home/airflow/.local/lib/python3.12/site-packages/airflow/example_dags/example_dynamic_task_mapping.py
[2026-06-29T10:40:57.378+0000] {logging_mixin.py:188} INFO - [2026-06-29T10:40:57.377+0000] {dag.py:3096} INFO - Sync 1 DAGs
[2026-06-29T10:40:57.406+0000] {logging_mixin.py:188} INFO - [2026-06-29T10:40:57.405+0000] {dag.py:3954} INFO - Setting next_dagrun for example_dynamic_task_mapping to 2022-03-04 00:00:00+00:00, run_after=2022-03-05 00:00:00+00:00
[2026-06-29T10:40:57.426+0000] {processor.py:183} INFO - Processing /home/airflow/.local/lib/python3.12/site-packages/airflow/example_dags/example_dynamic_task_mapping.py took 0.092 seconds
[2026-06-29T10:41:28.221+0000] {processor.py:161} INFO - Started process (PID=814) to work on /home/airflow/.local/lib/python3.12/site-packages/airflow/example_dags/example_dynamic_task_mapping.py
[2026-06-29T10:41:28.224+0000] {processor.py:830} INFO - Processing file /home/airflow/.local/lib/python3.12/site-packages/airflow/example_dags/example_dynamic_task_mapping.py for tasks to queue
[2026-06-29T10:41:28.229+0000] {logging_mixin.py:188} INFO - [2026-06-29T10:41:28.228+0000] {dagbag.py:545} INFO - Filling up the DagBag from /home/airflow/.local/lib/python3.12/site-packages/airflow/example_dags/example_dynamic_task_mapping.py
[2026-06-29T10:41:28.251+0000] {processor.py:840} INFO - DAG(s) 'example_dynamic_task_mapping' retrieved from /home/airflow/.local/lib/python3.12/site-packages/airflow/example_dags/example_dynamic_task_mapping.py
[2026-06-29T10:41:28.429+0000] {logging_mixin.py:188} INFO - [2026-06-29T10:41:28.429+0000] {dag.py:3096} INFO - Sync 1 DAGs
[2026-06-29T10:41:28.502+0000] {logging_mixin.py:188} INFO - [2026-06-29T10:41:28.499+0000] {dag.py:3954} INFO - Setting next_dagrun for example_dynamic_task_mapping to 2022-03-04 00:00:00+00:00, run_after=2022-03-05 00:00:00+00:00
[2026-06-29T10:41:28.538+0000] {processor.py:183} INFO - Processing /home/airflow/.local/lib/python3.12/site-packages/airflow/example_dags/example_dynamic_task_mapping.py took 0.324 seconds
[2026-06-29T10:41:59.854+0000] {processor.py:161} INFO - Started process (PID=873) to work on /home/airflow/.local/lib/python3.12/site-packages/airflow/example_dags/example_dynamic_task_mapping.py
[2026-06-29T10:41:59.855+0000] {processor.py:830} INFO - Processing file /home/airflow/.local/lib/python3.12/site-packages/airflow/example_dags/example_dynamic_task_mapping.py for tasks to queue
[2026-06-29T10:41:59.859+0000] {logging_mixin.py:188} INFO - [2026-06-29T10:41:59.859+0000] {dagbag.py:545} INFO - Filling up the DagBag from /home/airflow/.local/lib/python3.12/site-packages/airflow/example_dags/example_dynamic_task_mapping.py
[2026-06-29T10:41:59.885+0000] {processor.py:840} INFO - DAG(s) 'example_dynamic_task_mapping' retrieved from /home/airflow/.local/lib/python3.12/site-packages/airflow/example_dags/example_dynamic_task_mapping.py
[2026-06-29T10:41:59.920+0000] {logging_mixin.py:188} INFO - [2026-06-29T10:41:59.920+0000] {dag.py:3096} INFO - Sync 1 DAGs
[2026-06-29T10:41:59.990+0000] {logging_mixin.py:188} INFO - [2026-06-29T10:41:59.990+0000] {dag.py:3954} INFO - Setting next_dagrun for example_dynamic_task_mapping to 2022-03-04 00:00:00+00:00, run_after=2022-03-05 00:00:00+00:00
[2026-06-29T10:42:00.045+0000] {processor.py:183} INFO - Processing /home/airflow/.local/lib/python3.12/site-packages/airflow/example_dags/example_dynamic_task_mapping.py took 0.199 seconds
[2026-06-29T10:42:30.534+0000] {processor.py:161} INFO - Started process (PID=932) to work on /home/airflow/.local/lib/python3.12/site-packages/airflow/example_dags/example_dynamic_task_mapping.py
[2026-06-29T10:42:30.537+0000] {processor.py:830} INFO - Processing file /home/airflow/.local/lib/python3.12/site-packages/airflow/example_dags/example_dynamic_task_mapping.py for tasks to queue
[2026-06-29T10:42:30.542+0000] {logging_mixin.py:188} INFO - [2026-06-29T10:42:30.541+0000] {dagbag.py:545} INFO - Filling up the DagBag from /home/airflow/.local/lib/python3.12/site-packages/airflow/example_dags/example_dynamic_task_mapping.py
[2026-06-29T10:42:30.600+0000] {processor.py:840} INFO - DAG(s) 'example_dynamic_task_mapping' retrieved from /home/airflow/.local/lib/python3.12/site-packages/airflow/example_dags/example_dynamic_task_mapping.py
[2026-06-29T10:42:30.650+0000] {logging_mixin.py:188} INFO - [2026-06-29T10:42:30.650+0000] {dag.py:3096} INFO - Sync 1 DAGs
[2026-06-29T10:42:30.765+0000] {logging_mixin.py:188} INFO - [2026-06-29T10:42:30.765+0000] {dag.py:3954} INFO - Setting next_dagrun for example_dynamic_task_mapping to 2022-03-04 00:00:00+00:00, run_after=2022-03-05 00:00:00+00:00
[2026-06-29T10:42:30.823+0000] {processor.py:183} INFO - Processing /home/airflow/.local/lib/python3.12/site-packages/airflow/example_dags/example_dynamic_task_mapping.py took 0.315 seconds
[2026-06-29T10:43:01.073+0000] {processor.py:161} INFO - Started process (PID=990) to work on /home/airflow/.local/lib/python3.12/site-packages/airflow/example_dags/example_dynamic_task_mapping.py
[2026-06-29T10:43:01.074+0000] {processor.py:830} INFO - Processing file /home/airflow/.local/lib/python3.12/site-packages/airflow/example_dags/example_dynamic_task_mapping.py for tasks to queue
[2026-06-29T10:43:01.077+0000] {logging_mixin.py:188} INFO - [2026-06-29T10:43:01.076+0000] {dagbag.py:545} INFO - Filling up the DagBag from /home/airflow/.local/lib/python3.12/site-packages/airflow/example_dags/example_dynamic_task_mapping.py
[2026-06-29T10:43:01.085+0000] {processor.py:840} INFO - DAG(s) 'example_dynamic_task_mapping' retrieved from /home/airflow/.local/lib/python3.12/site-packages/airflow/example_dags/example_dynamic_task_mapping.py
[2026-06-29T10:43:01.110+0000] {logging_mixin.py:188} INFO - [2026-06-29T10:43:01.110+0000] {dag.py:3096} INFO - Sync 1 DAGs
[2026-06-29T10:43:01.140+0000] {logging_mixin.py:188} INFO - [2026-06-29T10:43:01.140+0000] {dag.py:3954} INFO - Setting next_dagrun for example_dynamic_task_mapping to 2022-03-04 00:00:00+00:00, run_after=2022-03-05 00:00:00+00:00
[2026-06-29T10:43:01.160+0000] {processor.py:183} INFO - Processing /home/airflow/.local/lib/python3.12/site-packages/airflow/example_dags/example_dynamic_task_mapping.py took 0.095 seconds
[2026-06-29T10:43:31.587+0000] {processor.py:161} INFO - Started process (PID=1049) to work on /home/airflow/.local/lib/python3.12/site-packages/airflow/example_dags/example_dynamic_task_mapping.py
[2026-06-29T10:43:31.588+0000] {processor.py:830} INFO - Processing file /home/airflow/.local/lib/python3.12/site-packages/airflow/example_dags/example_dynamic_task_mapping.py for tasks to queue
[2026-06-29T10:43:31.590+0000] {logging_mixin.py:188} INFO - [2026-06-29T10:43:31.589+0000] {dagbag.py:545} INFO - Filling up the DagBag from /home/airflow/.local/lib/python3.12/site-packages/airflow/example_dags/example_dynamic_task_mapping.py
[2026-06-29T10:43:31.597+0000] {processor.py:840} INFO - DAG(s) 'example_dynamic_task_mapping' retrieved from /home/airflow/.local/lib/python3.12/site-packages/airflow/example_dags/example_dynamic_task_mapping.py
[2026-06-29T10:43:31.622+0000] {logging_mixin.py:188} INFO - [2026-06-29T10:43:31.622+0000] {dag.py:3096} INFO - Sync 1 DAGs
[2026-06-29T10:43:31.652+0000] {logging_mixin.py:188} INFO - [2026-06-29T10:43:31.651+0000] {dag.py:3954} INFO - Setting next_dagrun for example_dynamic_task_mapping to 2022-03-04 00:00:00+00:00, run_after=2022-03-05 00:00:00+00:00
[2026-06-29T10:43:31.675+0000] {processor.py:183} INFO - Processing /home/airflow/.local/lib/python3.12/site-packages/airflow/example_dags/example_dynamic_task_mapping.py took 0.095 seconds
[2026-06-29T10:44:03.226+0000] {processor.py:161} INFO - Started process (PID=1108) to work on /home/airflow/.local/lib/python3.12/site-packages/airflow/example_dags/example_dynamic_task_mapping.py
[2026-06-29T10:44:03.227+0000] {processor.py:830} INFO - Processing file /home/airflow/.local/lib/python3.12/site-packages/airflow/example_dags/example_dynamic_task_mapping.py for tasks to queue
[2026-06-29T10:44:03.230+0000] {logging_mixin.py:188} INFO - [2026-06-29T10:44:03.229+0000] {dagbag.py:545} INFO - Filling up the DagBag from /home/airflow/.local/lib/python3.12/site-packages/airflow/example_dags/example_dynamic_task_mapping.py
[2026-06-29T10:44:03.240+0000] {processor.py:840} INFO - DAG(s) 'example_dynamic_task_mapping' retrieved from /home/airflow/.local/lib/python3.12/site-packages/airflow/example_dags/example_dynamic_task_mapping.py
[2026-06-29T10:44:03.284+0000] {logging_mixin.py:188} INFO - [2026-06-29T10:44:03.284+0000] {dag.py:3096} INFO - Sync 1 DAGs
[2026-06-29T10:44:03.327+0000] {logging_mixin.py:188} INFO - [2026-06-29T10:44:03.326+0000] {dag.py:3954} INFO - Setting next_dagrun for example_dynamic_task_mapping to 2022-03-04 00:00:00+00:00, run_after=2022-03-05 00:00:00+00:00
[2026-06-29T10:44:03.360+0000] {processor.py:183} INFO - Processing /home/airflow/.local/lib/python3.12/site-packages/airflow/example_dags/example_dynamic_task_mapping.py took 0.161 seconds
[2026-06-29T10:44:34.537+0000] {processor.py:161} INFO - Started process (PID=1167) to work on /home/airflow/.local/lib/python3.12/site-packages/airflow/example_dags/example_dynamic_task_mapping.py
[2026-06-29T10:44:34.538+0000] {processor.py:830} INFO - Processing file /home/airflow/.local/lib/python3.12/site-packages/airflow/example_dags/example_dynamic_task_mapping.py for tasks to queue
[2026-06-29T10:44:34.540+0000] {logging_mixin.py:188} INFO - [2026-06-29T10:44:34.540+0000] {dagbag.py:545} INFO - Filling up the DagBag from /home/airflow/.local/lib/python3.12/site-packages/airflow/example_dags/example_dynamic_task_mapping.py
[2026-06-29T10:44:34.548+0000] {processor.py:840} INFO - DAG(s) 'example_dynamic_task_mapping' retrieved from /home/airflow/.local/lib/python3.12/site-packages/airflow/example_dags/example_dynamic_task_mapping.py
[2026-06-29T10:44:34.596+0000] {logging_mixin.py:188} INFO - [2026-06-29T10:44:34.595+0000] {dag.py:3096} INFO - Sync 1 DAGs
[2026-06-29T10:44:34.638+0000] {logging_mixin.py:188} INFO - [2026-06-29T10:44:34.638+0000] {dag.py:3954} INFO - Setting next_dagrun for example_dynamic_task_mapping to 2022-03-04 00:00:00+00:00, run_after=2022-03-05 00:00:00+00:00
[2026-06-29T10:44:34.662+0000] {processor.py:183} INFO - Processing /home/airflow/.local/lib/python3.12/site-packages/airflow/example_dags/example_dynamic_task_mapping.py took 0.133 seconds
[2026-06-29T10:45:06.001+0000] {processor.py:161} INFO - Started process (PID=1226) to work on /home/airflow/.local/lib/python3.12/site-packages/airflow/example_dags/example_dynamic_task_mapping.py
[2026-06-29T10:45:06.002+0000] {processor.py:830} INFO - Processing file /home/airflow/.local/lib/python3.12/site-packages/airflow/example_dags/example_dynamic_task_mapping.py for tasks to queue
[2026-06-29T10:45:06.005+0000] {logging_mixin.py:188} INFO - [2026-06-29T10:45:06.004+0000] {dagbag.py:545} INFO - Filling up the DagBag from /home/airflow/.local/lib/python3.12/site-packages/airflow/example_dags/example_dynamic_task_mapping.py
[2026-06-29T10:45:06.013+0000] {processor.py:840} INFO - DAG(s) 'example_dynamic_task_mapping' retrieved from /home/airflow/.local/lib/python3.12/site-packages/airflow/example_dags/example_dynamic_task_mapping.py
[2026-06-29T10:45:06.038+0000] {logging_mixin.py:188} INFO - [2026-06-29T10:45:06.038+0000] {dag.py:3096} INFO - Sync 1 DAGs
[2026-06-29T10:45:06.069+0000] {logging_mixin.py:188} INFO - [2026-06-29T10:45:06.069+0000] {dag.py:3954} INFO - Setting next_dagrun for example_dynamic_task_mapping to 2022-03-04 00:00:00+00:00, run_after=2022-03-05 00:00:00+00:00
[2026-06-29T10:45:06.090+0000] {processor.py:183} INFO - Processing /home/airflow/.local/lib/python3.12/site-packages/airflow/example_dags/example_dynamic_task_mapping.py took 0.097 seconds
[2026-06-29T10:45:37.764+0000] {processor.py:161} INFO - Started process (PID=1285) to work on /home/airflow/.local/lib/python3.12/site-packages/airflow/example_dags/example_dynamic_task_mapping.py
[2026-06-29T10:45:37.768+0000] {processor.py:830} INFO - Processing file /home/airflow/.local/lib/python3.12/site-packages/airflow/example_dags/example_dynamic_task_mapping.py for tasks to queue
[2026-06-29T10:45:37.771+0000] {logging_mixin.py:188} INFO - [2026-06-29T10:45:37.771+0000] {dagbag.py:545} INFO - Filling up the DagBag from /home/airflow/.local/lib/python3.12/site-packages/airflow/example_dags/example_dynamic_task_mapping.py
[2026-06-29T10:45:37.800+0000] {processor.py:840} INFO - DAG(s) 'example_dynamic_task_mapping' retrieved from /home/airflow/.local/lib/python3.12/site-packages/airflow/example_dags/example_dynamic_task_mapping.py
[2026-06-29T10:45:37.879+0000] {logging_mixin.py:188} INFO - [2026-06-29T10:45:37.879+0000] {dag.py:3096} INFO - Sync 1 DAGs
[2026-06-29T10:45:37.971+0000] {logging_mixin.py:188} INFO - [2026-06-29T10:45:37.971+0000] {dag.py:3954} INFO - Setting next_dagrun for example_dynamic_task_mapping to 2022-03-04 00:00:00+00:00, run_after=2022-03-05 00:00:00+00:00
[2026-06-29T10:45:38.116+0000] {processor.py:183} INFO - Processing /home/airflow/.local/lib/python3.12/site-packages/airflow/example_dags/example_dynamic_task_mapping.py took 0.371 seconds
[2026-06-29T10:46:08.636+0000] {processor.py:161} INFO - Started process (PID=1344) to work on /home/airflow/.local/lib/python3.12/site-packages/airflow/example_dags/example_dynamic_task_mapping.py
[2026-06-29T10:46:08.637+0000] {processor.py:830} INFO - Processing file /home/airflow/.local/lib/python3.12/site-packages/airflow/example_dags/example_dynamic_task_mapping.py for tasks to queue
[2026-06-29T10:46:08.639+0000] {logging_mixin.py:188} INFO - [2026-06-29T10:46:08.639+0000] {dagbag.py:545} INFO - Filling up the DagBag from /home/airflow/.local/lib/python3.12/site-packages/airflow/example_dags/example_dynamic_task_mapping.py
[2026-06-29T10:46:08.647+0000] {processor.py:840} INFO - DAG(s) 'example_dynamic_task_mapping' retrieved from /home/airflow/.local/lib/python3.12/site-packages/airflow/example_dags/example_dynamic_task_mapping.py
[2026-06-29T10:46:08.675+0000] {logging_mixin.py:188} INFO - [2026-06-29T10:46:08.674+0000] {dag.py:3096} INFO - Sync 1 DAGs
[2026-06-29T10:46:08.703+0000] {logging_mixin.py:188} INFO - [2026-06-29T10:46:08.702+0000] {dag.py:3954} INFO - Setting next_dagrun for example_dynamic_task_mapping to 2022-03-04 00:00:00+00:00, run_after=2022-03-05 00:00:00+00:00
[2026-06-29T10:46:08.729+0000] {processor.py:183} INFO - Processing /home/airflow/.local/lib/python3.12/site-packages/airflow/example_dags/example_dynamic_task_mapping.py took 0.101 seconds
[2026-06-29T10:46:39.581+0000] {processor.py:161} INFO - Started process (PID=1403) to work on /home/airflow/.local/lib/python3.12/site-packages/airflow/example_dags/example_dynamic_task_mapping.py
[2026-06-29T10:46:39.584+0000] {processor.py:830} INFO - Processing file /home/airflow/.local/lib/python3.12/site-packages/airflow/example_dags/example_dynamic_task_mapping.py for tasks to queue
[2026-06-29T10:46:39.588+0000] {logging_mixin.py:188} INFO - [2026-06-29T10:46:39.588+0000] {dagbag.py:545} INFO - Filling up the DagBag from /home/airflow/.local/lib/python3.12/site-packages/airflow/example_dags/example_dynamic_task_mapping.py
[2026-06-29T10:46:39.609+0000] {processor.py:840} INFO - DAG(s) 'example_dynamic_task_mapping' retrieved from /home/airflow/.local/lib/python3.12/site-packages/airflow/example_dags/example_dynamic_task_mapping.py
[2026-06-29T10:46:39.758+0000] {logging_mixin.py:188} INFO - [2026-06-29T10:46:39.758+0000] {dag.py:3096} INFO - Sync 1 DAGs
[2026-06-29T10:46:40.308+0000] {logging_mixin.py:188} INFO - [2026-06-29T10:46:40.308+0000] {dag.py:3954} INFO - Setting next_dagrun for example_dynamic_task_mapping to 2022-03-04 00:00:00+00:00, run_after=2022-03-05 00:00:00+00:00
[2026-06-29T10:46:40.343+0000] {processor.py:183} INFO - Processing /home/airflow/.local/lib/python3.12/site-packages/airflow/example_dags/example_dynamic_task_mapping.py took 0.799 seconds
[2026-06-29T10:47:10.561+0000] {processor.py:161} INFO - Started process (PID=1462) to work on /home/airflow/.local/lib/python3.12/site-packages/airflow/example_dags/example_dynamic_task_mapping.py
[2026-06-29T10:47:10.562+0000] {processor.py:830} INFO - Processing file /home/airflow/.local/lib/python3.12/site-packages/airflow/example_dags/example_dynamic_task_mapping.py for tasks to queue
[2026-06-29T10:47:10.564+0000] {logging_mixin.py:188} INFO - [2026-06-29T10:47:10.564+0000] {dagbag.py:545} INFO - Filling up the DagBag from /home/airflow/.local/lib/python3.12/site-packages/airflow/example_dags/example_dynamic_task_mapping.py
[2026-06-29T10:47:10.573+0000] {processor.py:840} INFO - DAG(s) 'example_dynamic_task_mapping' retrieved from /home/airflow/.local/lib/python3.12/site-packages/airflow/example_dags/example_dynamic_task_mapping.py
[2026-06-29T10:47:10.605+0000] {logging_mixin.py:188} INFO - [2026-06-29T10:47:10.605+0000] {dag.py:3096} INFO - Sync 1 DAGs
[2026-06-29T10:47:10.851+0000] {logging_mixin.py:188} INFO - [2026-06-29T10:47:10.850+0000] {dag.py:3954} INFO - Setting next_dagrun for example_dynamic_task_mapping to 2022-03-04 00:00:00+00:00, run_after=2022-03-05 00:00:00+00:00
[2026-06-29T10:47:10.870+0000] {processor.py:183} INFO - Processing /home/airflow/.local/lib/python3.12/site-packages/airflow/example_dags/example_dynamic_task_mapping.py took 0.316 seconds
[2026-06-29T10:47:41.406+0000] {processor.py:161} INFO - Started process (PID=1521) to work on /home/airflow/.local/lib/python3.12/site-packages/airflow/example_dags/example_dynamic_task_mapping.py
[2026-06-29T10:47:41.407+0000] {processor.py:830} INFO - Processing file /home/airflow/.local/lib/python3.12/site-packages/airflow/example_dags/example_dynamic_task_mapping.py for tasks to queue
[2026-06-29T10:47:41.409+0000] {logging_mixin.py:188} INFO - [2026-06-29T10:47:41.409+0000] {dagbag.py:545} INFO - Filling up the DagBag from /home/airflow/.local/lib/python3.12/site-packages/airflow/example_dags/example_dynamic_task_mapping.py
[2026-06-29T10:47:41.418+0000] {processor.py:840} INFO - DAG(s) 'example_dynamic_task_mapping' retrieved from /home/airflow/.local/lib/python3.12/site-packages/airflow/example_dags/example_dynamic_task_mapping.py
[2026-06-29T10:47:41.443+0000] {logging_mixin.py:188} INFO - [2026-06-29T10:47:41.443+0000] {dag.py:3096} INFO - Sync 1 DAGs
[2026-06-29T10:47:41.482+0000] {logging_mixin.py:188} INFO - [2026-06-29T10:47:41.481+0000] {dag.py:3954} INFO - Setting next_dagrun for example_dynamic_task_mapping to 2022-03-04 00:00:00+00:00, run_after=2022-03-05 00:00:00+00:00
[2026-06-29T10:47:41.502+0000] {processor.py:183} INFO - Processing /home/airflow/.local/lib/python3.12/site-packages/airflow/example_dags/example_dynamic_task_mapping.py took 0.103 seconds
[2026-06-29T10:48:11.820+0000] {processor.py:161} INFO - Started process (PID=1580) to work on /home/airflow/.local/lib/python3.12/site-packages/airflow/example_dags/example_dynamic_task_mapping.py
[2026-06-29T10:48:11.828+0000] {processor.py:830} INFO - Processing file /home/airflow/.local/lib/python3.12/site-packages/airflow/example_dags/example_dynamic_task_mapping.py for tasks to queue
[2026-06-29T10:48:11.834+0000] {logging_mixin.py:188} INFO - [2026-06-29T10:48:11.834+0000] {dagbag.py:545} INFO - Filling up the DagBag from /home/airflow/.local/lib/python3.12/site-packages/airflow/example_dags/example_dynamic_task_mapping.py
[2026-06-29T10:48:11.876+0000] {processor.py:840} INFO - DAG(s) 'example_dynamic_task_mapping' retrieved from /home/airflow/.local/lib/python3.12/site-packages/airflow/example_dags/example_dynamic_task_mapping.py
[2026-06-29T10:48:11.976+0000] {logging_mixin.py:188} INFO - [2026-06-29T10:48:11.975+0000] {dag.py:3096} INFO - Sync 1 DAGs
[2026-06-29T10:48:12.050+0000] {logging_mixin.py:188} INFO - [2026-06-29T10:48:12.050+0000] {dag.py:3954} INFO - Setting next_dagrun for example_dynamic_task_mapping to 2022-03-04 00:00:00+00:00, run_after=2022-03-05 00:00:00+00:00
[2026-06-29T10:48:12.099+0000] {processor.py:183} INFO - Processing /home/airflow/.local/lib/python3.12/site-packages/airflow/example_dags/example_dynamic_task_mapping.py took 0.307 seconds
[2026-06-29T10:48:42.858+0000] {processor.py:161} INFO - Started process (PID=1645) to work on /home/airflow/.local/lib/python3.12/site-packages/airflow/example_dags/example_dynamic_task_mapping.py
[2026-06-29T10:48:42.859+0000] {processor.py:830} INFO - Processing file /home/airflow/.local/lib/python3.12/site-packages/airflow/example_dags/example_dynamic_task_mapping.py for tasks to queue
[2026-06-29T10:48:42.863+0000] {logging_mixin.py:188} INFO - [2026-06-29T10:48:42.863+0000] {dagbag.py:545} INFO - Filling up the DagBag from /home/airflow/.local/lib/python3.12/site-packages/airflow/example_dags/example_dynamic_task_mapping.py
[2026-06-29T10:48:42.880+0000] {processor.py:840} INFO - DAG(s) 'example_dynamic_task_mapping' retrieved from /home/airflow/.local/lib/python3.12/site-packages/airflow/example_dags/example_dynamic_task_mapping.py
[2026-06-29T10:48:42.929+0000] {logging_mixin.py:188} INFO - [2026-06-29T10:48:42.928+0000] {dag.py:3096} INFO - Sync 1 DAGs
[2026-06-29T10:48:42.959+0000] {logging_mixin.py:188} INFO - [2026-06-29T10:48:42.959+0000] {dag.py:3954} INFO - Setting next_dagrun for example_dynamic_task_mapping to 2022-03-04 00:00:00+00:00, run_after=2022-03-05 00:00:00+00:00
[2026-06-29T10:48:43.006+0000] {processor.py:183} INFO - Processing /home/airflow/.local/lib/python3.12/site-packages/airflow/example_dags/example_dynamic_task_mapping.py took 0.162 seconds
[2026-06-29T10:49:13.424+0000] {processor.py:161} INFO - Started process (PID=1704) to work on /home/airflow/.local/lib/python3.12/site-packages/airflow/example_dags/example_dynamic_task_mapping.py
[2026-06-29T10:49:13.425+0000] {processor.py:830} INFO - Processing file /home/airflow/.local/lib/python3.12/site-packages/airflow/example_dags/example_dynamic_task_mapping.py for tasks to queue
[2026-06-29T10:49:13.427+0000] {logging_mixin.py:188} INFO - [2026-06-29T10:49:13.426+0000] {dagbag.py:545} INFO - Filling up the DagBag from /home/airflow/.local/lib/python3.12/site-packages/airflow/example_dags/example_dynamic_task_mapping.py
[2026-06-29T10:49:13.435+0000] {processor.py:840} INFO - DAG(s) 'example_dynamic_task_mapping' retrieved from /home/airflow/.local/lib/python3.12/site-packages/airflow/example_dags/example_dynamic_task_mapping.py
[2026-06-29T10:49:13.459+0000] {logging_mixin.py:188} INFO - [2026-06-29T10:49:13.459+0000] {dag.py:3096} INFO - Sync 1 DAGs
[2026-06-29T10:49:13.489+0000] {logging_mixin.py:188} INFO - [2026-06-29T10:49:13.488+0000] {dag.py:3954} INFO - Setting next_dagrun for example_dynamic_task_mapping to 2022-03-04 00:00:00+00:00, run_after=2022-03-05 00:00:00+00:00
[2026-06-29T10:49:13.509+0000] {processor.py:183} INFO - Processing /home/airflow/.local/lib/python3.12/site-packages/airflow/example_dags/example_dynamic_task_mapping.py took 0.093 seconds
[2026-06-29T10:49:43.619+0000] {processor.py:161} INFO - Started process (PID=1763) to work on /home/airflow/.local/lib/python3.12/site-packages/airflow/example_dags/example_dynamic_task_mapping.py
[2026-06-29T10:49:43.622+0000] {processor.py:830} INFO - Processing file /home/airflow/.local/lib/python3.12/site-packages/airflow/example_dags/example_dynamic_task_mapping.py for tasks to queue
[2026-06-29T10:49:43.625+0000] {logging_mixin.py:188} INFO - [2026-06-29T10:49:43.624+0000] {dagbag.py:545} INFO - Filling up the DagBag from /home/airflow/.local/lib/python3.12/site-packages/airflow/example_dags/example_dynamic_task_mapping.py
[2026-06-29T10:49:43.642+0000] {processor.py:840} INFO - DAG(s) 'example_dynamic_task_mapping' retrieved from /home/airflow/.local/lib/python3.12/site-packages/airflow/example_dags/example_dynamic_task_mapping.py
[2026-06-29T10:49:43.694+0000] {logging_mixin.py:188} INFO - [2026-06-29T10:49:43.693+0000] {dag.py:3096} INFO - Sync 1 DAGs
[2026-06-29T10:49:43.721+0000] {logging_mixin.py:188} INFO - [2026-06-29T10:49:43.721+0000] {dag.py:3954} INFO - Setting next_dagrun for example_dynamic_task_mapping to 2022-03-04 00:00:00+00:00, run_after=2022-03-05 00:00:00+00:00
[2026-06-29T10:49:43.765+0000] {processor.py:183} INFO - Processing /home/airflow/.local/lib/python3.12/site-packages/airflow/example_dags/example_dynamic_task_mapping.py took 0.191 seconds
[2026-06-29T10:50:14.308+0000] {processor.py:161} INFO - Started process (PID=1822) to work on /home/airflow/.local/lib/python3.12/site-packages/airflow/example_dags/example_dynamic_task_mapping.py
[2026-06-29T10:50:14.317+0000] {processor.py:830} INFO - Processing file /home/airflow/.local/lib/python3.12/site-packages/airflow/example_dags/example_dynamic_task_mapping.py for tasks to queue
[2026-06-29T10:50:14.329+0000] {logging_mixin.py:188} INFO - [2026-06-29T10:50:14.329+0000] {dagbag.py:545} INFO - Filling up the DagBag from /home/airflow/.local/lib/python3.12/site-packages/airflow/example_dags/example_dynamic_task_mapping.py
[2026-06-29T10:50:14.353+0000] {processor.py:840} INFO - DAG(s) 'example_dynamic_task_mapping' retrieved from /home/airflow/.local/lib/python3.12/site-packages/airflow/example_dags/example_dynamic_task_mapping.py
[2026-06-29T10:50:14.379+0000] {logging_mixin.py:188} INFO - [2026-06-29T10:50:14.378+0000] {dag.py:3096} INFO - Sync 1 DAGs
[2026-06-29T10:50:14.408+0000] {logging_mixin.py:188} INFO - [2026-06-29T10:50:14.408+0000] {dag.py:3954} INFO - Setting next_dagrun for example_dynamic_task_mapping to 2022-03-04 00:00:00+00:00, run_after=2022-03-05 00:00:00+00:00
[2026-06-29T10:50:14.444+0000] {processor.py:183} INFO - Processing /home/airflow/.local/lib/python3.12/site-packages/airflow/example_dags/example_dynamic_task_mapping.py took 0.183 seconds
[2026-06-29T10:50:46.268+0000] {processor.py:161} INFO - Started process (PID=1881) to work on /home/airflow/.local/lib/python3.12/site-packages/airflow/example_dags/example_dynamic_task_mapping.py
[2026-06-29T10:50:46.269+0000] {processor.py:830} INFO - Processing file /home/airflow/.local/lib/python3.12/site-packages/airflow/example_dags/example_dynamic_task_mapping.py for tasks to queue
[2026-06-29T10:50:46.271+0000] {logging_mixin.py:188} INFO - [2026-06-29T10:50:46.271+0000] {dagbag.py:545} INFO - Filling up the DagBag from /home/airflow/.local/lib/python3.12/site-packages/airflow/example_dags/example_dynamic_task_mapping.py
[2026-06-29T10:50:46.280+0000] {processor.py:840} INFO - DAG(s) 'example_dynamic_task_mapping' retrieved from /home/airflow/.local/lib/python3.12/site-packages/airflow/example_dags/example_dynamic_task_mapping.py
[2026-06-29T10:50:46.675+0000] {logging_mixin.py:188} INFO - [2026-06-29T10:50:46.674+0000] {dag.py:3096} INFO - Sync 1 DAGs
[2026-06-29T10:50:46.801+0000] {logging_mixin.py:188} INFO - [2026-06-29T10:50:46.799+0000] {dag.py:3954} INFO - Setting next_dagrun for example_dynamic_task_mapping to 2022-03-04 00:00:00+00:00, run_after=2022-03-05 00:00:00+00:00
[2026-06-29T10:50:46.874+0000] {processor.py:183} INFO - Processing /home/airflow/.local/lib/python3.12/site-packages/airflow/example_dags/example_dynamic_task_mapping.py took 0.614 seconds
[2026-06-29T10:51:17.480+0000] {processor.py:161} INFO - Started process (PID=1940) to work on /home/airflow/.local/lib/python3.12/site-packages/airflow/example_dags/example_dynamic_task_mapping.py
[2026-06-29T10:51:17.485+0000] {processor.py:830} INFO - Processing file /home/airflow/.local/lib/python3.12/site-packages/airflow/example_dags/example_dynamic_task_mapping.py for tasks to queue
[2026-06-29T10:51:17.488+0000] {logging_mixin.py:188} INFO - [2026-06-29T10:51:17.488+0000] {dagbag.py:545} INFO - Filling up the DagBag from /home/airflow/.local/lib/python3.12/site-packages/airflow/example_dags/example_dynamic_task_mapping.py
[2026-06-29T10:51:17.528+0000] {processor.py:840} INFO - DAG(s) 'example_dynamic_task_mapping' retrieved from /home/airflow/.local/lib/python3.12/site-packages/airflow/example_dags/example_dynamic_task_mapping.py
[2026-06-29T10:51:17.587+0000] {logging_mixin.py:188} INFO - [2026-06-29T10:51:17.587+0000] {dag.py:3096} INFO - Sync 1 DAGs
[2026-06-29T10:51:17.772+0000] {logging_mixin.py:188} INFO - [2026-06-29T10:51:17.772+0000] {dag.py:3954} INFO - Setting next_dagrun for example_dynamic_task_mapping to 2022-03-04 00:00:00+00:00, run_after=2022-03-05 00:00:00+00:00
[2026-06-29T10:51:17.865+0000] {processor.py:183} INFO - Processing /home/airflow/.local/lib/python3.12/site-packages/airflow/example_dags/example_dynamic_task_mapping.py took 0.401 seconds
[2026-06-29T10:51:48.601+0000] {processor.py:161} INFO - Started process (PID=1999) to work on /home/airflow/.local/lib/python3.12/site-packages/airflow/example_dags/example_dynamic_task_mapping.py
[2026-06-29T10:51:48.608+0000] {processor.py:830} INFO - Processing file /home/airflow/.local/lib/python3.12/site-packages/airflow/example_dags/example_dynamic_task_mapping.py for tasks to queue
[2026-06-29T10:51:48.614+0000] {logging_mixin.py:188} INFO - [2026-06-29T10:51:48.614+0000] {dagbag.py:545} INFO - Filling up the DagBag from /home/airflow/.local/lib/python3.12/site-packages/airflow/example_dags/example_dynamic_task_mapping.py
[2026-06-29T10:51:48.641+0000] {processor.py:840} INFO - DAG(s) 'example_dynamic_task_mapping' retrieved from /home/airflow/.local/lib/python3.12/site-packages/airflow/example_dags/example_dynamic_task_mapping.py
[2026-06-29T10:51:48.732+0000] {logging_mixin.py:188} INFO - [2026-06-29T10:51:48.732+0000] {dag.py:3096} INFO - Sync 1 DAGs
[2026-06-29T10:51:48.847+0000] {logging_mixin.py:188} INFO - [2026-06-29T10:51:48.847+0000] {dag.py:3954} INFO - Setting next_dagrun for example_dynamic_task_mapping to 2022-03-04 00:00:00+00:00, run_after=2022-03-05 00:00:00+00:00
[2026-06-29T10:51:48.925+0000] {processor.py:183} INFO - Processing /home/airflow/.local/lib/python3.12/site-packages/airflow/example_dags/example_dynamic_task_mapping.py took 0.350 seconds
[2026-06-29T10:52:19.057+0000] {processor.py:161} INFO - Started process (PID=2057) to work on /home/airflow/.local/lib/python3.12/site-packages/airflow/example_dags/example_dynamic_task_mapping.py
[2026-06-29T10:52:19.058+0000] {processor.py:830} INFO - Processing file /home/airflow/.local/lib/python3.12/site-packages/airflow/example_dags/example_dynamic_task_mapping.py for tasks to queue
[2026-06-29T10:52:19.060+0000] {logging_mixin.py:188} INFO - [2026-06-29T10:52:19.060+0000] {dagbag.py:545} INFO - Filling up the DagBag from /home/airflow/.local/lib/python3.12/site-packages/airflow/example_dags/example_dynamic_task_mapping.py
[2026-06-29T10:52:19.068+0000] {processor.py:840} INFO - DAG(s) 'example_dynamic_task_mapping' retrieved from /home/airflow/.local/lib/python3.12/site-packages/airflow/example_dags/example_dynamic_task_mapping.py
[2026-06-29T10:52:19.096+0000] {logging_mixin.py:188} INFO - [2026-06-29T10:52:19.096+0000] {dag.py:3096} INFO - Sync 1 DAGs
[2026-06-29T10:52:19.127+0000] {logging_mixin.py:188} INFO - [2026-06-29T10:52:19.126+0000] {dag.py:3954} INFO - Setting next_dagrun for example_dynamic_task_mapping to 2022-03-04 00:00:00+00:00, run_after=2022-03-05 00:00:00+00:00
[2026-06-29T10:52:19.149+0000] {processor.py:183} INFO - Processing /home/airflow/.local/lib/python3.12/site-packages/airflow/example_dags/example_dynamic_task_mapping.py took 0.098 seconds
[2026-06-29T10:52:49.673+0000] {processor.py:161} INFO - Started process (PID=2116) to work on /home/airflow/.local/lib/python3.12/site-packages/airflow/example_dags/example_dynamic_task_mapping.py
[2026-06-29T10:52:49.674+0000] {processor.py:830} INFO - Processing file /home/airflow/.local/lib/python3.12/site-packages/airflow/example_dags/example_dynamic_task_mapping.py for tasks to queue
[2026-06-29T10:52:49.676+0000] {logging_mixin.py:188} INFO - [2026-06-29T10:52:49.676+0000] {dagbag.py:545} INFO - Filling up the DagBag from /home/airflow/.local/lib/python3.12/site-packages/airflow/example_dags/example_dynamic_task_mapping.py
[2026-06-29T10:52:49.684+0000] {processor.py:840} INFO - DAG(s) 'example_dynamic_task_mapping' retrieved from /home/airflow/.local/lib/python3.12/site-packages/airflow/example_dags/example_dynamic_task_mapping.py
[2026-06-29T10:52:49.712+0000] {logging_mixin.py:188} INFO - [2026-06-29T10:52:49.712+0000] {dag.py:3096} INFO - Sync 1 DAGs
[2026-06-29T10:52:49.743+0000] {logging_mixin.py:188} INFO - [2026-06-29T10:52:49.743+0000] {dag.py:3954} INFO - Setting next_dagrun for example_dynamic_task_mapping to 2022-03-04 00:00:00+00:00, run_after=2022-03-05 00:00:00+00:00
[2026-06-29T10:52:49.768+0000] {processor.py:183} INFO - Processing /home/airflow/.local/lib/python3.12/site-packages/airflow/example_dags/example_dynamic_task_mapping.py took 0.102 seconds
[2026-06-29T10:53:20.055+0000] {processor.py:161} INFO - Started process (PID=2175) to work on /home/airflow/.local/lib/python3.12/site-packages/airflow/example_dags/example_dynamic_task_mapping.py
[2026-06-29T10:53:20.057+0000] {processor.py:830} INFO - Processing file /home/airflow/.local/lib/python3.12/site-packages/airflow/example_dags/example_dynamic_task_mapping.py for tasks to queue
[2026-06-29T10:53:20.059+0000] {logging_mixin.py:188} INFO - [2026-06-29T10:53:20.059+0000] {dagbag.py:545} INFO - Filling up the DagBag from /home/airflow/.local/lib/python3.12/site-packages/airflow/example_dags/example_dynamic_task_mapping.py
[2026-06-29T10:53:20.069+0000] {processor.py:840} INFO - DAG(s) 'example_dynamic_task_mapping' retrieved from /home/airflow/.local/lib/python3.12/site-packages/airflow/example_dags/example_dynamic_task_mapping.py
[2026-06-29T10:53:20.098+0000] {logging_mixin.py:188} INFO - [2026-06-29T10:53:20.097+0000] {dag.py:3096} INFO - Sync 1 DAGs
[2026-06-29T10:53:20.135+0000] {logging_mixin.py:188} INFO - [2026-06-29T10:53:20.135+0000] {dag.py:3954} INFO - Setting next_dagrun for example_dynamic_task_mapping to 2022-03-04 00:00:00+00:00, run_after=2022-03-05 00:00:00+00:00
[2026-06-29T10:53:20.158+0000] {processor.py:183} INFO - Processing /home/airflow/.local/lib/python3.12/site-packages/airflow/example_dags/example_dynamic_task_mapping.py took 0.111 seconds
[2026-06-29T10:53:50.682+0000] {processor.py:161} INFO - Started process (PID=2234) to work on /home/airflow/.local/lib/python3.12/site-packages/airflow/example_dags/example_dynamic_task_mapping.py
[2026-06-29T10:53:50.685+0000] {processor.py:830} INFO - Processing file /home/airflow/.local/lib/python3.12/site-packages/airflow/example_dags/example_dynamic_task_mapping.py for tasks to queue
[2026-06-29T10:53:50.687+0000] {logging_mixin.py:188} INFO - [2026-06-29T10:53:50.686+0000] {dagbag.py:545} INFO - Filling up the DagBag from /home/airflow/.local/lib/python3.12/site-packages/airflow/example_dags/example_dynamic_task_mapping.py
[2026-06-29T10:53:50.705+0000] {processor.py:840} INFO - DAG(s) 'example_dynamic_task_mapping' retrieved from /home/airflow/.local/lib/python3.12/site-packages/airflow/example_dags/example_dynamic_task_mapping.py
[2026-06-29T10:53:50.763+0000] {logging_mixin.py:188} INFO - [2026-06-29T10:53:50.762+0000] {dag.py:3096} INFO - Sync 1 DAGs
[2026-06-29T10:53:50.789+0000] {logging_mixin.py:188} INFO - [2026-06-29T10:53:50.789+0000] {dag.py:3954} INFO - Setting next_dagrun for example_dynamic_task_mapping to 2022-03-04 00:00:00+00:00, run_after=2022-03-05 00:00:00+00:00
[2026-06-29T10:53:50.829+0000] {processor.py:183} INFO - Processing /home/airflow/.local/lib/python3.12/site-packages/airflow/example_dags/example_dynamic_task_mapping.py took 0.163 seconds
[2026-06-29T10:54:21.746+0000] {processor.py:161} INFO - Started process (PID=2293) to work on /home/airflow/.local/lib/python3.12/site-packages/airflow/example_dags/example_dynamic_task_mapping.py
[2026-06-29T10:54:21.750+0000] {processor.py:830} INFO - Processing file /home/airflow/.local/lib/python3.12/site-packages/airflow/example_dags/example_dynamic_task_mapping.py for tasks to queue
[2026-06-29T10:54:21.754+0000] {logging_mixin.py:188} INFO - [2026-06-29T10:54:21.754+0000] {dagbag.py:545} INFO - Filling up the DagBag from /home/airflow/.local/lib/python3.12/site-packages/airflow/example_dags/example_dynamic_task_mapping.py
[2026-06-29T10:54:21.774+0000] {processor.py:840} INFO - DAG(s) 'example_dynamic_task_mapping' retrieved from /home/airflow/.local/lib/python3.12/site-packages/airflow/example_dags/example_dynamic_task_mapping.py
[2026-06-29T10:54:21.828+0000] {logging_mixin.py:188} INFO - [2026-06-29T10:54:21.827+0000] {dag.py:3096} INFO - Sync 1 DAGs
[2026-06-29T10:54:21.877+0000] {logging_mixin.py:188} INFO - [2026-06-29T10:54:21.877+0000] {dag.py:3954} INFO - Setting next_dagrun for example_dynamic_task_mapping to 2022-03-04 00:00:00+00:00, run_after=2022-03-05 00:00:00+00:00
[2026-06-29T10:54:21.897+0000] {processor.py:183} INFO - Processing /home/airflow/.local/lib/python3.12/site-packages/airflow/example_dags/example_dynamic_task_mapping.py took 0.168 seconds
[2026-06-29T10:54:52.969+0000] {processor.py:161} INFO - Started process (PID=2352) to work on /home/airflow/.local/lib/python3.12/site-packages/airflow/example_dags/example_dynamic_task_mapping.py
[2026-06-29T10:54:52.970+0000] {processor.py:830} INFO - Processing file /home/airflow/.local/lib/python3.12/site-packages/airflow/example_dags/example_dynamic_task_mapping.py for tasks to queue
[2026-06-29T10:54:52.972+0000] {logging_mixin.py:188} INFO - [2026-06-29T10:54:52.971+0000] {dagbag.py:545} INFO - Filling up the DagBag from /home/airflow/.local/lib/python3.12/site-packages/airflow/example_dags/example_dynamic_task_mapping.py
[2026-06-29T10:54:52.979+0000] {processor.py:840} INFO - DAG(s) 'example_dynamic_task_mapping' retrieved from /home/airflow/.local/lib/python3.12/site-packages/airflow/example_dags/example_dynamic_task_mapping.py
[2026-06-29T10:54:53.004+0000] {logging_mixin.py:188} INFO - [2026-06-29T10:54:53.003+0000] {dag.py:3096} INFO - Sync 1 DAGs
[2026-06-29T10:54:53.032+0000] {logging_mixin.py:188} INFO - [2026-06-29T10:54:53.032+0000] {dag.py:3954} INFO - Setting next_dagrun for example_dynamic_task_mapping to 2022-03-04 00:00:00+00:00, run_after=2022-03-05 00:00:00+00:00
[2026-06-29T10:54:53.083+0000] {processor.py:183} INFO - Processing /home/airflow/.local/lib/python3.12/site-packages/airflow/example_dags/example_dynamic_task_mapping.py took 0.122 seconds
[2026-06-29T10:55:24.242+0000] {processor.py:161} INFO - Started process (PID=2411) to work on /home/airflow/.local/lib/python3.12/site-packages/airflow/example_dags/example_dynamic_task_mapping.py
[2026-06-29T10:55:24.244+0000] {processor.py:830} INFO - Processing file /home/airflow/.local/lib/python3.12/site-packages/airflow/example_dags/example_dynamic_task_mapping.py for tasks to queue
[2026-06-29T10:55:24.248+0000] {logging_mixin.py:188} INFO - [2026-06-29T10:55:24.248+0000] {dagbag.py:545} INFO - Filling up the DagBag from /home/airflow/.local/lib/python3.12/site-packages/airflow/example_dags/example_dynamic_task_mapping.py
[2026-06-29T10:55:24.268+0000] {processor.py:840} INFO - DAG(s) 'example_dynamic_task_mapping' retrieved from /home/airflow/.local/lib/python3.12/site-packages/airflow/example_dags/example_dynamic_task_mapping.py
[2026-06-29T10:55:24.316+0000] {logging_mixin.py:188} INFO - [2026-06-29T10:55:24.316+0000] {dag.py:3096} INFO - Sync 1 DAGs
[2026-06-29T10:55:24.395+0000] {logging_mixin.py:188} INFO - [2026-06-29T10:55:24.394+0000] {dag.py:3954} INFO - Setting next_dagrun for example_dynamic_task_mapping to 2022-03-04 00:00:00+00:00, run_after=2022-03-05 00:00:00+00:00
[2026-06-29T10:55:24.447+0000] {processor.py:183} INFO - Processing /home/airflow/.local/lib/python3.12/site-packages/airflow/example_dags/example_dynamic_task_mapping.py took 0.223 seconds
[2026-06-29T10:55:55.301+0000] {processor.py:161} INFO - Started process (PID=2470) to work on /home/airflow/.local/lib/python3.12/site-packages/airflow/example_dags/example_dynamic_task_mapping.py
[2026-06-29T10:55:55.306+0000] {processor.py:830} INFO - Processing file /home/airflow/.local/lib/python3.12/site-packages/airflow/example_dags/example_dynamic_task_mapping.py for tasks to queue
[2026-06-29T10:55:55.310+0000] {logging_mixin.py:188} INFO - [2026-06-29T10:55:55.309+0000] {dagbag.py:545} INFO - Filling up the DagBag from /home/airflow/.local/lib/python3.12/site-packages/airflow/example_dags/example_dynamic_task_mapping.py
[2026-06-29T10:55:55.329+0000] {processor.py:840} INFO - DAG(s) 'example_dynamic_task_mapping' retrieved from /home/airflow/.local/lib/python3.12/site-packages/airflow/example_dags/example_dynamic_task_mapping.py
[2026-06-29T10:55:55.383+0000] {logging_mixin.py:188} INFO - [2026-06-29T10:55:55.383+0000] {dag.py:3096} INFO - Sync 1 DAGs
[2026-06-29T10:55:55.451+0000] {logging_mixin.py:188} INFO - [2026-06-29T10:55:55.451+0000] {dag.py:3954} INFO - Setting next_dagrun for example_dynamic_task_mapping to 2022-03-04 00:00:00+00:00, run_after=2022-03-05 00:00:00+00:00
[2026-06-29T10:55:55.491+0000] {processor.py:183} INFO - Processing /home/airflow/.local/lib/python3.12/site-packages/airflow/example_dags/example_dynamic_task_mapping.py took 0.216 seconds
[2026-06-29T10:56:25.606+0000] {processor.py:161} INFO - Started process (PID=2530) to work on /home/airflow/.local/lib/python3.12/site-packages/airflow/example_dags/example_dynamic_task_mapping.py
[2026-06-29T10:56:25.607+0000] {processor.py:830} INFO - Processing file /home/airflow/.local/lib/python3.12/site-packages/airflow/example_dags/example_dynamic_task_mapping.py for tasks to queue
[2026-06-29T10:56:25.608+0000] {logging_mixin.py:188} INFO - [2026-06-29T10:56:25.608+0000] {dagbag.py:545} INFO - Filling up the DagBag from /home/airflow/.local/lib/python3.12/site-packages/airflow/example_dags/example_dynamic_task_mapping.py
[2026-06-29T10:56:25.614+0000] {processor.py:840} INFO - DAG(s) 'example_dynamic_task_mapping' retrieved from /home/airflow/.local/lib/python3.12/site-packages/airflow/example_dags/example_dynamic_task_mapping.py
[2026-06-29T10:56:25.632+0000] {logging_mixin.py:188} INFO - [2026-06-29T10:56:25.632+0000] {dag.py:3096} INFO - Sync 1 DAGs
[2026-06-29T10:56:25.652+0000] {logging_mixin.py:188} INFO - [2026-06-29T10:56:25.652+0000] {dag.py:3954} INFO - Setting next_dagrun for example_dynamic_task_mapping to 2022-03-04 00:00:00+00:00, run_after=2022-03-05 00:00:00+00:00
[2026-06-29T10:56:25.668+0000] {processor.py:183} INFO - Processing /home/airflow/.local/lib/python3.12/site-packages/airflow/example_dags/example_dynamic_task_mapping.py took 0.067 seconds
[2026-06-29T10:56:55.857+0000] {processor.py:161} INFO - Started process (PID=2589) to work on /home/airflow/.local/lib/python3.12/site-packages/airflow/example_dags/example_dynamic_task_mapping.py
[2026-06-29T10:56:55.858+0000] {processor.py:830} INFO - Processing file /home/airflow/.local/lib/python3.12/site-packages/airflow/example_dags/example_dynamic_task_mapping.py for tasks to queue
[2026-06-29T10:56:55.861+0000] {logging_mixin.py:188} INFO - [2026-06-29T10:56:55.860+0000] {dagbag.py:545} INFO - Filling up the DagBag from /home/airflow/.local/lib/python3.12/site-packages/airflow/example_dags/example_dynamic_task_mapping.py
[2026-06-29T10:56:55.868+0000] {processor.py:840} INFO - DAG(s) 'example_dynamic_task_mapping' retrieved from /home/airflow/.local/lib/python3.12/site-packages/airflow/example_dags/example_dynamic_task_mapping.py
[2026-06-29T10:56:55.891+0000] {logging_mixin.py:188} INFO - [2026-06-29T10:56:55.891+0000] {dag.py:3096} INFO - Sync 1 DAGs
[2026-06-29T10:56:55.920+0000] {logging_mixin.py:188} INFO - [2026-06-29T10:56:55.920+0000] {dag.py:3954} INFO - Setting next_dagrun for example_dynamic_task_mapping to 2022-03-04 00:00:00+00:00, run_after=2022-03-05 00:00:00+00:00
[2026-06-29T10:56:55.946+0000] {processor.py:183} INFO - Processing /home/airflow/.local/lib/python3.12/site-packages/airflow/example_dags/example_dynamic_task_mapping.py took 0.095 seconds
[2026-06-29T10:57:26.875+0000] {processor.py:161} INFO - Started process (PID=2648) to work on /home/airflow/.local/lib/python3.12/site-packages/airflow/example_dags/example_dynamic_task_mapping.py
[2026-06-29T10:57:26.876+0000] {processor.py:830} INFO - Processing file /home/airflow/.local/lib/python3.12/site-packages/airflow/example_dags/example_dynamic_task_mapping.py for tasks to queue
[2026-06-29T10:57:26.878+0000] {logging_mixin.py:188} INFO - [2026-06-29T10:57:26.877+0000] {dagbag.py:545} INFO - Filling up the DagBag from /home/airflow/.local/lib/python3.12/site-packages/airflow/example_dags/example_dynamic_task_mapping.py
[2026-06-29T10:57:26.893+0000] {processor.py:840} INFO - DAG(s) 'example_dynamic_task_mapping' retrieved from /home/airflow/.local/lib/python3.12/site-packages/airflow/example_dags/example_dynamic_task_mapping.py
[2026-06-29T10:57:26.949+0000] {logging_mixin.py:188} INFO - [2026-06-29T10:57:26.948+0000] {dag.py:3096} INFO - Sync 1 DAGs
[2026-06-29T10:57:27.016+0000] {logging_mixin.py:188} INFO - [2026-06-29T10:57:27.016+0000] {dag.py:3954} INFO - Setting next_dagrun for example_dynamic_task_mapping to 2022-03-04 00:00:00+00:00, run_after=2022-03-05 00:00:00+00:00
[2026-06-29T10:57:27.061+0000] {processor.py:183} INFO - Processing /home/airflow/.local/lib/python3.12/site-packages/airflow/example_dags/example_dynamic_task_mapping.py took 0.195 seconds
