[2026-06-19T06:27:21.878+0000] {processor.py:161} INFO - Started process (PID=88) to work on /home/airflow/.local/lib/python3.12/site-packages/airflow/example_dags/example_params_ui_tutorial.py
[2026-06-19T06:27:21.879+0000] {processor.py:830} INFO - Processing file /home/airflow/.local/lib/python3.12/site-packages/airflow/example_dags/example_params_ui_tutorial.py for tasks to queue
[2026-06-19T06:27:21.883+0000] {logging_mixin.py:188} INFO - [2026-06-19T06:27:21.882+0000] {dagbag.py:545} INFO - Filling up the DagBag from /home/airflow/.local/lib/python3.12/site-packages/airflow/example_dags/example_params_ui_tutorial.py
[2026-06-19T06:27:21.917+0000] {processor.py:840} INFO - DAG(s) 'example_params_ui_tutorial' retrieved from /home/airflow/.local/lib/python3.12/site-packages/airflow/example_dags/example_params_ui_tutorial.py
[2026-06-19T06:27:22.516+0000] {logging_mixin.py:188} INFO - [2026-06-19T06:27:22.513+0000] {override.py:1829} INFO - Created Permission View: can edit on DAG:example_params_ui_tutorial
[2026-06-19T06:27:22.564+0000] {logging_mixin.py:188} INFO - [2026-06-19T06:27:22.564+0000] {override.py:1829} INFO - Created Permission View: can delete on DAG:example_params_ui_tutorial
[2026-06-19T06:27:22.591+0000] {logging_mixin.py:188} INFO - [2026-06-19T06:27:22.589+0000] {override.py:1829} INFO - Created Permission View: can read on DAG:example_params_ui_tutorial
[2026-06-19T06:27:22.592+0000] {logging_mixin.py:188} INFO - [2026-06-19T06:27:22.592+0000] {dag.py:3096} INFO - Sync 1 DAGs
[2026-06-19T06:27:22.612+0000] {logging_mixin.py:188} INFO - [2026-06-19T06:27:22.612+0000] {dag.py:3118} INFO - Creating ORM DAG for example_params_ui_tutorial
[2026-06-19T06:27:22.614+0000] {logging_mixin.py:188} INFO - [2026-06-19T06:27:22.613+0000] {dag.py:3954} INFO - Setting next_dagrun for example_params_ui_tutorial to None, run_after=None
[2026-06-19T06:27:22.648+0000] {processor.py:183} INFO - Processing /home/airflow/.local/lib/python3.12/site-packages/airflow/example_dags/example_params_ui_tutorial.py took 0.789 seconds
[2026-06-19T06:27:52.782+0000] {processor.py:161} INFO - Started process (PID=147) to work on /home/airflow/.local/lib/python3.12/site-packages/airflow/example_dags/example_params_ui_tutorial.py
[2026-06-19T06:27:52.783+0000] {processor.py:830} INFO - Processing file /home/airflow/.local/lib/python3.12/site-packages/airflow/example_dags/example_params_ui_tutorial.py for tasks to queue
[2026-06-19T06:27:52.785+0000] {logging_mixin.py:188} INFO - [2026-06-19T06:27:52.785+0000] {dagbag.py:545} INFO - Filling up the DagBag from /home/airflow/.local/lib/python3.12/site-packages/airflow/example_dags/example_params_ui_tutorial.py
[2026-06-19T06:27:52.800+0000] {processor.py:840} INFO - DAG(s) 'example_params_ui_tutorial' retrieved from /home/airflow/.local/lib/python3.12/site-packages/airflow/example_dags/example_params_ui_tutorial.py
[2026-06-19T06:27:52.882+0000] {logging_mixin.py:188} INFO - [2026-06-19T06:27:52.882+0000] {dag.py:3096} INFO - Sync 1 DAGs
[2026-06-19T06:27:52.904+0000] {logging_mixin.py:188} INFO - [2026-06-19T06:27:52.903+0000] {dag.py:3954} INFO - Setting next_dagrun for example_params_ui_tutorial to None, run_after=None
[2026-06-19T06:27:52.923+0000] {processor.py:183} INFO - Processing /home/airflow/.local/lib/python3.12/site-packages/airflow/example_dags/example_params_ui_tutorial.py took 0.148 seconds
[2026-06-19T06:28:23.746+0000] {processor.py:161} INFO - Started process (PID=205) to work on /home/airflow/.local/lib/python3.12/site-packages/airflow/example_dags/example_params_ui_tutorial.py
[2026-06-19T06:28:23.747+0000] {processor.py:830} INFO - Processing file /home/airflow/.local/lib/python3.12/site-packages/airflow/example_dags/example_params_ui_tutorial.py for tasks to queue
[2026-06-19T06:28:23.748+0000] {logging_mixin.py:188} INFO - [2026-06-19T06:28:23.748+0000] {dagbag.py:545} INFO - Filling up the DagBag from /home/airflow/.local/lib/python3.12/site-packages/airflow/example_dags/example_params_ui_tutorial.py
[2026-06-19T06:28:23.762+0000] {processor.py:840} INFO - DAG(s) 'example_params_ui_tutorial' retrieved from /home/airflow/.local/lib/python3.12/site-packages/airflow/example_dags/example_params_ui_tutorial.py
[2026-06-19T06:28:23.811+0000] {logging_mixin.py:188} INFO - [2026-06-19T06:28:23.811+0000] {dag.py:3096} INFO - Sync 1 DAGs
[2026-06-19T06:28:23.823+0000] {logging_mixin.py:188} INFO - [2026-06-19T06:28:23.822+0000] {dag.py:3954} INFO - Setting next_dagrun for example_params_ui_tutorial to None, run_after=None
[2026-06-19T06:28:23.838+0000] {processor.py:183} INFO - Processing /home/airflow/.local/lib/python3.12/site-packages/airflow/example_dags/example_params_ui_tutorial.py took 0.102 seconds
[2026-06-19T06:28:54.505+0000] {processor.py:161} INFO - Started process (PID=262) to work on /home/airflow/.local/lib/python3.12/site-packages/airflow/example_dags/example_params_ui_tutorial.py
[2026-06-19T06:28:54.506+0000] {processor.py:830} INFO - Processing file /home/airflow/.local/lib/python3.12/site-packages/airflow/example_dags/example_params_ui_tutorial.py for tasks to queue
[2026-06-19T06:28:54.508+0000] {logging_mixin.py:188} INFO - [2026-06-19T06:28:54.508+0000] {dagbag.py:545} INFO - Filling up the DagBag from /home/airflow/.local/lib/python3.12/site-packages/airflow/example_dags/example_params_ui_tutorial.py
[2026-06-19T06:28:54.523+0000] {processor.py:840} INFO - DAG(s) 'example_params_ui_tutorial' retrieved from /home/airflow/.local/lib/python3.12/site-packages/airflow/example_dags/example_params_ui_tutorial.py
[2026-06-19T06:28:54.576+0000] {logging_mixin.py:188} INFO - [2026-06-19T06:28:54.576+0000] {dag.py:3096} INFO - Sync 1 DAGs
[2026-06-19T06:28:54.587+0000] {logging_mixin.py:188} INFO - [2026-06-19T06:28:54.587+0000] {dag.py:3954} INFO - Setting next_dagrun for example_params_ui_tutorial to None, run_after=None
[2026-06-19T06:28:54.602+0000] {processor.py:183} INFO - Processing /home/airflow/.local/lib/python3.12/site-packages/airflow/example_dags/example_params_ui_tutorial.py took 0.104 seconds
[2026-06-19T06:29:24.953+0000] {processor.py:161} INFO - Started process (PID=320) to work on /home/airflow/.local/lib/python3.12/site-packages/airflow/example_dags/example_params_ui_tutorial.py
[2026-06-19T06:29:24.954+0000] {processor.py:830} INFO - Processing file /home/airflow/.local/lib/python3.12/site-packages/airflow/example_dags/example_params_ui_tutorial.py for tasks to queue
[2026-06-19T06:29:24.958+0000] {logging_mixin.py:188} INFO - [2026-06-19T06:29:24.957+0000] {dagbag.py:545} INFO - Filling up the DagBag from /home/airflow/.local/lib/python3.12/site-packages/airflow/example_dags/example_params_ui_tutorial.py
[2026-06-19T06:29:24.995+0000] {processor.py:840} INFO - DAG(s) 'example_params_ui_tutorial' retrieved from /home/airflow/.local/lib/python3.12/site-packages/airflow/example_dags/example_params_ui_tutorial.py
[2026-06-19T06:29:25.099+0000] {logging_mixin.py:188} INFO - [2026-06-19T06:29:25.099+0000] {dag.py:3096} INFO - Sync 1 DAGs
[2026-06-19T06:29:25.110+0000] {logging_mixin.py:188} INFO - [2026-06-19T06:29:25.110+0000] {dag.py:3954} INFO - Setting next_dagrun for example_params_ui_tutorial to None, run_after=None
[2026-06-19T06:29:25.125+0000] {processor.py:183} INFO - Processing /home/airflow/.local/lib/python3.12/site-packages/airflow/example_dags/example_params_ui_tutorial.py took 0.190 seconds
[2026-06-19T06:29:55.808+0000] {processor.py:161} INFO - Started process (PID=383) to work on /home/airflow/.local/lib/python3.12/site-packages/airflow/example_dags/example_params_ui_tutorial.py
[2026-06-19T06:29:55.809+0000] {processor.py:830} INFO - Processing file /home/airflow/.local/lib/python3.12/site-packages/airflow/example_dags/example_params_ui_tutorial.py for tasks to queue
[2026-06-19T06:29:55.811+0000] {logging_mixin.py:188} INFO - [2026-06-19T06:29:55.811+0000] {dagbag.py:545} INFO - Filling up the DagBag from /home/airflow/.local/lib/python3.12/site-packages/airflow/example_dags/example_params_ui_tutorial.py
[2026-06-19T06:29:55.837+0000] {processor.py:840} INFO - DAG(s) 'example_params_ui_tutorial' retrieved from /home/airflow/.local/lib/python3.12/site-packages/airflow/example_dags/example_params_ui_tutorial.py
[2026-06-19T06:29:56.017+0000] {logging_mixin.py:188} INFO - [2026-06-19T06:29:56.017+0000] {dag.py:3096} INFO - Sync 1 DAGs
[2026-06-19T06:29:56.040+0000] {logging_mixin.py:188} INFO - [2026-06-19T06:29:56.040+0000] {dag.py:3954} INFO - Setting next_dagrun for example_params_ui_tutorial to None, run_after=None
[2026-06-19T06:29:56.059+0000] {processor.py:183} INFO - Processing /home/airflow/.local/lib/python3.12/site-packages/airflow/example_dags/example_params_ui_tutorial.py took 0.259 seconds
[2026-06-19T06:30:26.625+0000] {processor.py:161} INFO - Started process (PID=441) to work on /home/airflow/.local/lib/python3.12/site-packages/airflow/example_dags/example_params_ui_tutorial.py
[2026-06-19T06:30:26.626+0000] {processor.py:830} INFO - Processing file /home/airflow/.local/lib/python3.12/site-packages/airflow/example_dags/example_params_ui_tutorial.py for tasks to queue
[2026-06-19T06:30:26.628+0000] {logging_mixin.py:188} INFO - [2026-06-19T06:30:26.628+0000] {dagbag.py:545} INFO - Filling up the DagBag from /home/airflow/.local/lib/python3.12/site-packages/airflow/example_dags/example_params_ui_tutorial.py
[2026-06-19T06:30:26.643+0000] {processor.py:840} INFO - DAG(s) 'example_params_ui_tutorial' retrieved from /home/airflow/.local/lib/python3.12/site-packages/airflow/example_dags/example_params_ui_tutorial.py
[2026-06-19T06:30:26.874+0000] {logging_mixin.py:188} INFO - [2026-06-19T06:30:26.874+0000] {dag.py:3096} INFO - Sync 1 DAGs
[2026-06-19T06:30:26.913+0000] {logging_mixin.py:188} INFO - [2026-06-19T06:30:26.913+0000] {dag.py:3954} INFO - Setting next_dagrun for example_params_ui_tutorial to None, run_after=None
[2026-06-19T06:30:26.957+0000] {processor.py:183} INFO - Processing /home/airflow/.local/lib/python3.12/site-packages/airflow/example_dags/example_params_ui_tutorial.py took 0.340 seconds
[2026-06-19T06:30:57.789+0000] {processor.py:161} INFO - Started process (PID=499) to work on /home/airflow/.local/lib/python3.12/site-packages/airflow/example_dags/example_params_ui_tutorial.py
[2026-06-19T06:30:57.789+0000] {processor.py:830} INFO - Processing file /home/airflow/.local/lib/python3.12/site-packages/airflow/example_dags/example_params_ui_tutorial.py for tasks to queue
[2026-06-19T06:30:57.791+0000] {logging_mixin.py:188} INFO - [2026-06-19T06:30:57.791+0000] {dagbag.py:545} INFO - Filling up the DagBag from /home/airflow/.local/lib/python3.12/site-packages/airflow/example_dags/example_params_ui_tutorial.py
[2026-06-19T06:30:57.806+0000] {processor.py:840} INFO - DAG(s) 'example_params_ui_tutorial' retrieved from /home/airflow/.local/lib/python3.12/site-packages/airflow/example_dags/example_params_ui_tutorial.py
[2026-06-19T06:30:57.885+0000] {logging_mixin.py:188} INFO - [2026-06-19T06:30:57.885+0000] {dag.py:3096} INFO - Sync 1 DAGs
[2026-06-19T06:30:57.902+0000] {logging_mixin.py:188} INFO - [2026-06-19T06:30:57.901+0000] {dag.py:3954} INFO - Setting next_dagrun for example_params_ui_tutorial to None, run_after=None
[2026-06-19T06:30:57.920+0000] {processor.py:183} INFO - Processing /home/airflow/.local/lib/python3.12/site-packages/airflow/example_dags/example_params_ui_tutorial.py took 0.138 seconds
[2026-06-19T06:31:28.379+0000] {processor.py:161} INFO - Started process (PID=557) to work on /home/airflow/.local/lib/python3.12/site-packages/airflow/example_dags/example_params_ui_tutorial.py
[2026-06-19T06:31:28.379+0000] {processor.py:830} INFO - Processing file /home/airflow/.local/lib/python3.12/site-packages/airflow/example_dags/example_params_ui_tutorial.py for tasks to queue
[2026-06-19T06:31:28.381+0000] {logging_mixin.py:188} INFO - [2026-06-19T06:31:28.381+0000] {dagbag.py:545} INFO - Filling up the DagBag from /home/airflow/.local/lib/python3.12/site-packages/airflow/example_dags/example_params_ui_tutorial.py
[2026-06-19T06:31:28.397+0000] {processor.py:840} INFO - DAG(s) 'example_params_ui_tutorial' retrieved from /home/airflow/.local/lib/python3.12/site-packages/airflow/example_dags/example_params_ui_tutorial.py
[2026-06-19T06:31:28.473+0000] {logging_mixin.py:188} INFO - [2026-06-19T06:31:28.473+0000] {dag.py:3096} INFO - Sync 1 DAGs
[2026-06-19T06:31:28.489+0000] {logging_mixin.py:188} INFO - [2026-06-19T06:31:28.489+0000] {dag.py:3954} INFO - Setting next_dagrun for example_params_ui_tutorial to None, run_after=None
[2026-06-19T06:31:28.510+0000] {processor.py:183} INFO - Processing /home/airflow/.local/lib/python3.12/site-packages/airflow/example_dags/example_params_ui_tutorial.py took 0.139 seconds
[2026-06-19T06:31:59.084+0000] {processor.py:161} INFO - Started process (PID=615) to work on /home/airflow/.local/lib/python3.12/site-packages/airflow/example_dags/example_params_ui_tutorial.py
[2026-06-19T06:31:59.085+0000] {processor.py:830} INFO - Processing file /home/airflow/.local/lib/python3.12/site-packages/airflow/example_dags/example_params_ui_tutorial.py for tasks to queue
[2026-06-19T06:31:59.087+0000] {logging_mixin.py:188} INFO - [2026-06-19T06:31:59.087+0000] {dagbag.py:545} INFO - Filling up the DagBag from /home/airflow/.local/lib/python3.12/site-packages/airflow/example_dags/example_params_ui_tutorial.py
[2026-06-19T06:31:59.101+0000] {processor.py:840} INFO - DAG(s) 'example_params_ui_tutorial' retrieved from /home/airflow/.local/lib/python3.12/site-packages/airflow/example_dags/example_params_ui_tutorial.py
[2026-06-19T06:31:59.181+0000] {logging_mixin.py:188} INFO - [2026-06-19T06:31:59.181+0000] {dag.py:3096} INFO - Sync 1 DAGs
[2026-06-19T06:31:59.197+0000] {logging_mixin.py:188} INFO - [2026-06-19T06:31:59.197+0000] {dag.py:3954} INFO - Setting next_dagrun for example_params_ui_tutorial to None, run_after=None
[2026-06-19T06:31:59.217+0000] {processor.py:183} INFO - Processing /home/airflow/.local/lib/python3.12/site-packages/airflow/example_dags/example_params_ui_tutorial.py took 0.139 seconds
[2026-06-19T06:32:29.677+0000] {processor.py:161} INFO - Started process (PID=673) to work on /home/airflow/.local/lib/python3.12/site-packages/airflow/example_dags/example_params_ui_tutorial.py
[2026-06-19T06:32:29.678+0000] {processor.py:830} INFO - Processing file /home/airflow/.local/lib/python3.12/site-packages/airflow/example_dags/example_params_ui_tutorial.py for tasks to queue
[2026-06-19T06:32:29.680+0000] {logging_mixin.py:188} INFO - [2026-06-19T06:32:29.680+0000] {dagbag.py:545} INFO - Filling up the DagBag from /home/airflow/.local/lib/python3.12/site-packages/airflow/example_dags/example_params_ui_tutorial.py
[2026-06-19T06:32:29.694+0000] {processor.py:840} INFO - DAG(s) 'example_params_ui_tutorial' retrieved from /home/airflow/.local/lib/python3.12/site-packages/airflow/example_dags/example_params_ui_tutorial.py
[2026-06-19T06:32:29.791+0000] {logging_mixin.py:188} INFO - [2026-06-19T06:32:29.791+0000] {dag.py:3096} INFO - Sync 1 DAGs
[2026-06-19T06:32:29.808+0000] {logging_mixin.py:188} INFO - [2026-06-19T06:32:29.807+0000] {dag.py:3954} INFO - Setting next_dagrun for example_params_ui_tutorial to None, run_after=None
[2026-06-19T06:32:29.826+0000] {processor.py:183} INFO - Processing /home/airflow/.local/lib/python3.12/site-packages/airflow/example_dags/example_params_ui_tutorial.py took 0.155 seconds
[2026-06-19T06:32:59.984+0000] {processor.py:161} INFO - Started process (PID=731) to work on /home/airflow/.local/lib/python3.12/site-packages/airflow/example_dags/example_params_ui_tutorial.py
[2026-06-19T06:32:59.985+0000] {processor.py:830} INFO - Processing file /home/airflow/.local/lib/python3.12/site-packages/airflow/example_dags/example_params_ui_tutorial.py for tasks to queue
[2026-06-19T06:32:59.987+0000] {logging_mixin.py:188} INFO - [2026-06-19T06:32:59.987+0000] {dagbag.py:545} INFO - Filling up the DagBag from /home/airflow/.local/lib/python3.12/site-packages/airflow/example_dags/example_params_ui_tutorial.py
[2026-06-19T06:33:00.002+0000] {processor.py:840} INFO - DAG(s) 'example_params_ui_tutorial' retrieved from /home/airflow/.local/lib/python3.12/site-packages/airflow/example_dags/example_params_ui_tutorial.py
[2026-06-19T06:33:00.090+0000] {logging_mixin.py:188} INFO - [2026-06-19T06:33:00.090+0000] {dag.py:3096} INFO - Sync 1 DAGs
[2026-06-19T06:33:00.108+0000] {logging_mixin.py:188} INFO - [2026-06-19T06:33:00.108+0000] {dag.py:3954} INFO - Setting next_dagrun for example_params_ui_tutorial to None, run_after=None
[2026-06-19T06:33:00.126+0000] {processor.py:183} INFO - Processing /home/airflow/.local/lib/python3.12/site-packages/airflow/example_dags/example_params_ui_tutorial.py took 0.149 seconds
[2026-06-19T06:33:30.249+0000] {processor.py:161} INFO - Started process (PID=789) to work on /home/airflow/.local/lib/python3.12/site-packages/airflow/example_dags/example_params_ui_tutorial.py
[2026-06-19T06:33:30.250+0000] {processor.py:830} INFO - Processing file /home/airflow/.local/lib/python3.12/site-packages/airflow/example_dags/example_params_ui_tutorial.py for tasks to queue
[2026-06-19T06:33:30.252+0000] {logging_mixin.py:188} INFO - [2026-06-19T06:33:30.251+0000] {dagbag.py:545} INFO - Filling up the DagBag from /home/airflow/.local/lib/python3.12/site-packages/airflow/example_dags/example_params_ui_tutorial.py
[2026-06-19T06:33:30.266+0000] {processor.py:840} INFO - DAG(s) 'example_params_ui_tutorial' retrieved from /home/airflow/.local/lib/python3.12/site-packages/airflow/example_dags/example_params_ui_tutorial.py
[2026-06-19T06:33:30.348+0000] {logging_mixin.py:188} INFO - [2026-06-19T06:33:30.348+0000] {dag.py:3096} INFO - Sync 1 DAGs
[2026-06-19T06:33:30.371+0000] {logging_mixin.py:188} INFO - [2026-06-19T06:33:30.370+0000] {dag.py:3954} INFO - Setting next_dagrun for example_params_ui_tutorial to None, run_after=None
[2026-06-19T06:33:30.411+0000] {processor.py:183} INFO - Processing /home/airflow/.local/lib/python3.12/site-packages/airflow/example_dags/example_params_ui_tutorial.py took 0.169 seconds
[2026-06-19T06:34:00.724+0000] {processor.py:161} INFO - Started process (PID=847) to work on /home/airflow/.local/lib/python3.12/site-packages/airflow/example_dags/example_params_ui_tutorial.py
[2026-06-19T06:34:00.725+0000] {processor.py:830} INFO - Processing file /home/airflow/.local/lib/python3.12/site-packages/airflow/example_dags/example_params_ui_tutorial.py for tasks to queue
[2026-06-19T06:34:00.727+0000] {logging_mixin.py:188} INFO - [2026-06-19T06:34:00.726+0000] {dagbag.py:545} INFO - Filling up the DagBag from /home/airflow/.local/lib/python3.12/site-packages/airflow/example_dags/example_params_ui_tutorial.py
[2026-06-19T06:34:00.741+0000] {processor.py:840} INFO - DAG(s) 'example_params_ui_tutorial' retrieved from /home/airflow/.local/lib/python3.12/site-packages/airflow/example_dags/example_params_ui_tutorial.py
[2026-06-19T06:34:00.816+0000] {logging_mixin.py:188} INFO - [2026-06-19T06:34:00.816+0000] {dag.py:3096} INFO - Sync 1 DAGs
[2026-06-19T06:34:00.833+0000] {logging_mixin.py:188} INFO - [2026-06-19T06:34:00.832+0000] {dag.py:3954} INFO - Setting next_dagrun for example_params_ui_tutorial to None, run_after=None
[2026-06-19T06:34:00.851+0000] {processor.py:183} INFO - Processing /home/airflow/.local/lib/python3.12/site-packages/airflow/example_dags/example_params_ui_tutorial.py took 0.135 seconds
[2026-06-19T06:34:30.950+0000] {processor.py:161} INFO - Started process (PID=904) to work on /home/airflow/.local/lib/python3.12/site-packages/airflow/example_dags/example_params_ui_tutorial.py
[2026-06-19T06:34:30.951+0000] {processor.py:830} INFO - Processing file /home/airflow/.local/lib/python3.12/site-packages/airflow/example_dags/example_params_ui_tutorial.py for tasks to queue
[2026-06-19T06:34:30.953+0000] {logging_mixin.py:188} INFO - [2026-06-19T06:34:30.952+0000] {dagbag.py:545} INFO - Filling up the DagBag from /home/airflow/.local/lib/python3.12/site-packages/airflow/example_dags/example_params_ui_tutorial.py
[2026-06-19T06:34:30.967+0000] {processor.py:840} INFO - DAG(s) 'example_params_ui_tutorial' retrieved from /home/airflow/.local/lib/python3.12/site-packages/airflow/example_dags/example_params_ui_tutorial.py
[2026-06-19T06:34:31.042+0000] {logging_mixin.py:188} INFO - [2026-06-19T06:34:31.042+0000] {dag.py:3096} INFO - Sync 1 DAGs
[2026-06-19T06:34:31.059+0000] {logging_mixin.py:188} INFO - [2026-06-19T06:34:31.058+0000] {dag.py:3954} INFO - Setting next_dagrun for example_params_ui_tutorial to None, run_after=None
[2026-06-19T06:34:31.078+0000] {processor.py:183} INFO - Processing /home/airflow/.local/lib/python3.12/site-packages/airflow/example_dags/example_params_ui_tutorial.py took 0.135 seconds
[2026-06-19T06:35:01.329+0000] {processor.py:161} INFO - Started process (PID=962) to work on /home/airflow/.local/lib/python3.12/site-packages/airflow/example_dags/example_params_ui_tutorial.py
[2026-06-19T06:35:01.330+0000] {processor.py:830} INFO - Processing file /home/airflow/.local/lib/python3.12/site-packages/airflow/example_dags/example_params_ui_tutorial.py for tasks to queue
[2026-06-19T06:35:01.332+0000] {logging_mixin.py:188} INFO - [2026-06-19T06:35:01.331+0000] {dagbag.py:545} INFO - Filling up the DagBag from /home/airflow/.local/lib/python3.12/site-packages/airflow/example_dags/example_params_ui_tutorial.py
[2026-06-19T06:35:01.347+0000] {processor.py:840} INFO - DAG(s) 'example_params_ui_tutorial' retrieved from /home/airflow/.local/lib/python3.12/site-packages/airflow/example_dags/example_params_ui_tutorial.py
[2026-06-19T06:35:01.467+0000] {logging_mixin.py:188} INFO - [2026-06-19T06:35:01.467+0000] {dag.py:3096} INFO - Sync 1 DAGs
[2026-06-19T06:35:01.484+0000] {logging_mixin.py:188} INFO - [2026-06-19T06:35:01.484+0000] {dag.py:3954} INFO - Setting next_dagrun for example_params_ui_tutorial to None, run_after=None
[2026-06-19T06:35:01.522+0000] {processor.py:183} INFO - Processing /home/airflow/.local/lib/python3.12/site-packages/airflow/example_dags/example_params_ui_tutorial.py took 0.200 seconds
[2026-06-19T06:35:31.877+0000] {processor.py:161} INFO - Started process (PID=1020) to work on /home/airflow/.local/lib/python3.12/site-packages/airflow/example_dags/example_params_ui_tutorial.py
[2026-06-19T06:35:31.878+0000] {processor.py:830} INFO - Processing file /home/airflow/.local/lib/python3.12/site-packages/airflow/example_dags/example_params_ui_tutorial.py for tasks to queue
[2026-06-19T06:35:31.882+0000] {logging_mixin.py:188} INFO - [2026-06-19T06:35:31.882+0000] {dagbag.py:545} INFO - Filling up the DagBag from /home/airflow/.local/lib/python3.12/site-packages/airflow/example_dags/example_params_ui_tutorial.py
[2026-06-19T06:35:31.899+0000] {processor.py:840} INFO - DAG(s) 'example_params_ui_tutorial' retrieved from /home/airflow/.local/lib/python3.12/site-packages/airflow/example_dags/example_params_ui_tutorial.py
[2026-06-19T06:35:31.975+0000] {logging_mixin.py:188} INFO - [2026-06-19T06:35:31.975+0000] {dag.py:3096} INFO - Sync 1 DAGs
[2026-06-19T06:35:31.991+0000] {logging_mixin.py:188} INFO - [2026-06-19T06:35:31.991+0000] {dag.py:3954} INFO - Setting next_dagrun for example_params_ui_tutorial to None, run_after=None
[2026-06-19T06:35:32.011+0000] {processor.py:183} INFO - Processing /home/airflow/.local/lib/python3.12/site-packages/airflow/example_dags/example_params_ui_tutorial.py took 0.141 seconds
[2026-06-19T06:36:02.549+0000] {processor.py:161} INFO - Started process (PID=1078) to work on /home/airflow/.local/lib/python3.12/site-packages/airflow/example_dags/example_params_ui_tutorial.py
[2026-06-19T06:36:02.550+0000] {processor.py:830} INFO - Processing file /home/airflow/.local/lib/python3.12/site-packages/airflow/example_dags/example_params_ui_tutorial.py for tasks to queue
[2026-06-19T06:36:02.552+0000] {logging_mixin.py:188} INFO - [2026-06-19T06:36:02.552+0000] {dagbag.py:545} INFO - Filling up the DagBag from /home/airflow/.local/lib/python3.12/site-packages/airflow/example_dags/example_params_ui_tutorial.py
[2026-06-19T06:36:02.568+0000] {processor.py:840} INFO - DAG(s) 'example_params_ui_tutorial' retrieved from /home/airflow/.local/lib/python3.12/site-packages/airflow/example_dags/example_params_ui_tutorial.py
[2026-06-19T06:36:02.672+0000] {logging_mixin.py:188} INFO - [2026-06-19T06:36:02.672+0000] {dag.py:3096} INFO - Sync 1 DAGs
[2026-06-19T06:36:02.687+0000] {logging_mixin.py:188} INFO - [2026-06-19T06:36:02.686+0000] {dag.py:3954} INFO - Setting next_dagrun for example_params_ui_tutorial to None, run_after=None
[2026-06-19T06:36:02.702+0000] {processor.py:183} INFO - Processing /home/airflow/.local/lib/python3.12/site-packages/airflow/example_dags/example_params_ui_tutorial.py took 0.160 seconds
[2026-06-19T06:36:32.842+0000] {processor.py:161} INFO - Started process (PID=1136) to work on /home/airflow/.local/lib/python3.12/site-packages/airflow/example_dags/example_params_ui_tutorial.py
[2026-06-19T06:36:32.845+0000] {processor.py:830} INFO - Processing file /home/airflow/.local/lib/python3.12/site-packages/airflow/example_dags/example_params_ui_tutorial.py for tasks to queue
[2026-06-19T06:36:32.849+0000] {logging_mixin.py:188} INFO - [2026-06-19T06:36:32.849+0000] {dagbag.py:545} INFO - Filling up the DagBag from /home/airflow/.local/lib/python3.12/site-packages/airflow/example_dags/example_params_ui_tutorial.py
[2026-06-19T06:36:32.879+0000] {processor.py:840} INFO - DAG(s) 'example_params_ui_tutorial' retrieved from /home/airflow/.local/lib/python3.12/site-packages/airflow/example_dags/example_params_ui_tutorial.py
[2026-06-19T06:36:33.044+0000] {logging_mixin.py:188} INFO - [2026-06-19T06:36:33.044+0000] {dag.py:3096} INFO - Sync 1 DAGs
[2026-06-19T06:36:33.074+0000] {logging_mixin.py:188} INFO - [2026-06-19T06:36:33.071+0000] {dag.py:3954} INFO - Setting next_dagrun for example_params_ui_tutorial to None, run_after=None
[2026-06-19T06:36:33.111+0000] {processor.py:183} INFO - Processing /home/airflow/.local/lib/python3.12/site-packages/airflow/example_dags/example_params_ui_tutorial.py took 0.291 seconds
[2026-06-19T06:37:03.954+0000] {processor.py:161} INFO - Started process (PID=1195) to work on /home/airflow/.local/lib/python3.12/site-packages/airflow/example_dags/example_params_ui_tutorial.py
[2026-06-19T06:37:03.960+0000] {processor.py:830} INFO - Processing file /home/airflow/.local/lib/python3.12/site-packages/airflow/example_dags/example_params_ui_tutorial.py for tasks to queue
[2026-06-19T06:37:03.964+0000] {logging_mixin.py:188} INFO - [2026-06-19T06:37:03.964+0000] {dagbag.py:545} INFO - Filling up the DagBag from /home/airflow/.local/lib/python3.12/site-packages/airflow/example_dags/example_params_ui_tutorial.py
[2026-06-19T06:37:04.010+0000] {processor.py:840} INFO - DAG(s) 'example_params_ui_tutorial' retrieved from /home/airflow/.local/lib/python3.12/site-packages/airflow/example_dags/example_params_ui_tutorial.py
[2026-06-19T06:37:04.193+0000] {logging_mixin.py:188} INFO - [2026-06-19T06:37:04.193+0000] {dag.py:3096} INFO - Sync 1 DAGs
[2026-06-19T06:37:04.210+0000] {logging_mixin.py:188} INFO - [2026-06-19T06:37:04.210+0000] {dag.py:3954} INFO - Setting next_dagrun for example_params_ui_tutorial to None, run_after=None
[2026-06-19T06:37:04.232+0000] {processor.py:183} INFO - Processing /home/airflow/.local/lib/python3.12/site-packages/airflow/example_dags/example_params_ui_tutorial.py took 0.305 seconds
[2026-06-19T06:37:34.409+0000] {processor.py:161} INFO - Started process (PID=1253) to work on /home/airflow/.local/lib/python3.12/site-packages/airflow/example_dags/example_params_ui_tutorial.py
[2026-06-19T06:37:34.410+0000] {processor.py:830} INFO - Processing file /home/airflow/.local/lib/python3.12/site-packages/airflow/example_dags/example_params_ui_tutorial.py for tasks to queue
[2026-06-19T06:37:34.412+0000] {logging_mixin.py:188} INFO - [2026-06-19T06:37:34.412+0000] {dagbag.py:545} INFO - Filling up the DagBag from /home/airflow/.local/lib/python3.12/site-packages/airflow/example_dags/example_params_ui_tutorial.py
[2026-06-19T06:37:34.429+0000] {processor.py:840} INFO - DAG(s) 'example_params_ui_tutorial' retrieved from /home/airflow/.local/lib/python3.12/site-packages/airflow/example_dags/example_params_ui_tutorial.py
[2026-06-19T06:37:34.538+0000] {logging_mixin.py:188} INFO - [2026-06-19T06:37:34.538+0000] {dag.py:3096} INFO - Sync 1 DAGs
[2026-06-19T06:37:34.554+0000] {logging_mixin.py:188} INFO - [2026-06-19T06:37:34.553+0000] {dag.py:3954} INFO - Setting next_dagrun for example_params_ui_tutorial to None, run_after=None
[2026-06-19T06:37:34.579+0000] {processor.py:183} INFO - Processing /home/airflow/.local/lib/python3.12/site-packages/airflow/example_dags/example_params_ui_tutorial.py took 0.177 seconds
[2026-06-19T06:38:04.670+0000] {processor.py:161} INFO - Started process (PID=1311) to work on /home/airflow/.local/lib/python3.12/site-packages/airflow/example_dags/example_params_ui_tutorial.py
[2026-06-19T06:38:04.671+0000] {processor.py:830} INFO - Processing file /home/airflow/.local/lib/python3.12/site-packages/airflow/example_dags/example_params_ui_tutorial.py for tasks to queue
[2026-06-19T06:38:04.673+0000] {logging_mixin.py:188} INFO - [2026-06-19T06:38:04.672+0000] {dagbag.py:545} INFO - Filling up the DagBag from /home/airflow/.local/lib/python3.12/site-packages/airflow/example_dags/example_params_ui_tutorial.py
[2026-06-19T06:38:04.687+0000] {processor.py:840} INFO - DAG(s) 'example_params_ui_tutorial' retrieved from /home/airflow/.local/lib/python3.12/site-packages/airflow/example_dags/example_params_ui_tutorial.py
[2026-06-19T06:38:04.739+0000] {logging_mixin.py:188} INFO - [2026-06-19T06:38:04.739+0000] {dag.py:3096} INFO - Sync 1 DAGs
[2026-06-19T06:38:04.750+0000] {logging_mixin.py:188} INFO - [2026-06-19T06:38:04.750+0000] {dag.py:3954} INFO - Setting next_dagrun for example_params_ui_tutorial to None, run_after=None
[2026-06-19T06:38:04.765+0000] {processor.py:183} INFO - Processing /home/airflow/.local/lib/python3.12/site-packages/airflow/example_dags/example_params_ui_tutorial.py took 0.103 seconds
[2026-06-19T06:38:34.911+0000] {processor.py:161} INFO - Started process (PID=1369) to work on /home/airflow/.local/lib/python3.12/site-packages/airflow/example_dags/example_params_ui_tutorial.py
[2026-06-19T06:38:34.912+0000] {processor.py:830} INFO - Processing file /home/airflow/.local/lib/python3.12/site-packages/airflow/example_dags/example_params_ui_tutorial.py for tasks to queue
[2026-06-19T06:38:34.914+0000] {logging_mixin.py:188} INFO - [2026-06-19T06:38:34.914+0000] {dagbag.py:545} INFO - Filling up the DagBag from /home/airflow/.local/lib/python3.12/site-packages/airflow/example_dags/example_params_ui_tutorial.py
[2026-06-19T06:38:34.929+0000] {processor.py:840} INFO - DAG(s) 'example_params_ui_tutorial' retrieved from /home/airflow/.local/lib/python3.12/site-packages/airflow/example_dags/example_params_ui_tutorial.py
[2026-06-19T06:38:35.018+0000] {logging_mixin.py:188} INFO - [2026-06-19T06:38:35.018+0000] {dag.py:3096} INFO - Sync 1 DAGs
[2026-06-19T06:38:35.036+0000] {logging_mixin.py:188} INFO - [2026-06-19T06:38:35.036+0000] {dag.py:3954} INFO - Setting next_dagrun for example_params_ui_tutorial to None, run_after=None
[2026-06-19T06:38:35.051+0000] {processor.py:183} INFO - Processing /home/airflow/.local/lib/python3.12/site-packages/airflow/example_dags/example_params_ui_tutorial.py took 0.155 seconds
[2026-06-19T06:39:05.153+0000] {processor.py:161} INFO - Started process (PID=1427) to work on /home/airflow/.local/lib/python3.12/site-packages/airflow/example_dags/example_params_ui_tutorial.py
[2026-06-19T06:39:05.154+0000] {processor.py:830} INFO - Processing file /home/airflow/.local/lib/python3.12/site-packages/airflow/example_dags/example_params_ui_tutorial.py for tasks to queue
[2026-06-19T06:39:05.156+0000] {logging_mixin.py:188} INFO - [2026-06-19T06:39:05.156+0000] {dagbag.py:545} INFO - Filling up the DagBag from /home/airflow/.local/lib/python3.12/site-packages/airflow/example_dags/example_params_ui_tutorial.py
[2026-06-19T06:39:05.171+0000] {processor.py:840} INFO - DAG(s) 'example_params_ui_tutorial' retrieved from /home/airflow/.local/lib/python3.12/site-packages/airflow/example_dags/example_params_ui_tutorial.py
[2026-06-19T06:39:05.251+0000] {logging_mixin.py:188} INFO - [2026-06-19T06:39:05.250+0000] {dag.py:3096} INFO - Sync 1 DAGs
[2026-06-19T06:39:05.267+0000] {logging_mixin.py:188} INFO - [2026-06-19T06:39:05.267+0000] {dag.py:3954} INFO - Setting next_dagrun for example_params_ui_tutorial to None, run_after=None
[2026-06-19T06:39:05.284+0000] {processor.py:183} INFO - Processing /home/airflow/.local/lib/python3.12/site-packages/airflow/example_dags/example_params_ui_tutorial.py took 0.144 seconds
[2026-06-19T06:39:35.378+0000] {processor.py:161} INFO - Started process (PID=1485) to work on /home/airflow/.local/lib/python3.12/site-packages/airflow/example_dags/example_params_ui_tutorial.py
[2026-06-19T06:39:35.379+0000] {processor.py:830} INFO - Processing file /home/airflow/.local/lib/python3.12/site-packages/airflow/example_dags/example_params_ui_tutorial.py for tasks to queue
[2026-06-19T06:39:35.381+0000] {logging_mixin.py:188} INFO - [2026-06-19T06:39:35.380+0000] {dagbag.py:545} INFO - Filling up the DagBag from /home/airflow/.local/lib/python3.12/site-packages/airflow/example_dags/example_params_ui_tutorial.py
[2026-06-19T06:39:35.395+0000] {processor.py:840} INFO - DAG(s) 'example_params_ui_tutorial' retrieved from /home/airflow/.local/lib/python3.12/site-packages/airflow/example_dags/example_params_ui_tutorial.py
[2026-06-19T06:39:35.471+0000] {logging_mixin.py:188} INFO - [2026-06-19T06:39:35.471+0000] {dag.py:3096} INFO - Sync 1 DAGs
[2026-06-19T06:39:35.489+0000] {logging_mixin.py:188} INFO - [2026-06-19T06:39:35.488+0000] {dag.py:3954} INFO - Setting next_dagrun for example_params_ui_tutorial to None, run_after=None
[2026-06-19T06:39:35.508+0000] {processor.py:183} INFO - Processing /home/airflow/.local/lib/python3.12/site-packages/airflow/example_dags/example_params_ui_tutorial.py took 0.137 seconds
[2026-06-19T06:40:05.706+0000] {processor.py:161} INFO - Started process (PID=1543) to work on /home/airflow/.local/lib/python3.12/site-packages/airflow/example_dags/example_params_ui_tutorial.py
[2026-06-19T06:40:05.707+0000] {processor.py:830} INFO - Processing file /home/airflow/.local/lib/python3.12/site-packages/airflow/example_dags/example_params_ui_tutorial.py for tasks to queue
[2026-06-19T06:40:05.709+0000] {logging_mixin.py:188} INFO - [2026-06-19T06:40:05.708+0000] {dagbag.py:545} INFO - Filling up the DagBag from /home/airflow/.local/lib/python3.12/site-packages/airflow/example_dags/example_params_ui_tutorial.py
[2026-06-19T06:40:05.723+0000] {processor.py:840} INFO - DAG(s) 'example_params_ui_tutorial' retrieved from /home/airflow/.local/lib/python3.12/site-packages/airflow/example_dags/example_params_ui_tutorial.py
[2026-06-19T06:40:05.801+0000] {logging_mixin.py:188} INFO - [2026-06-19T06:40:05.801+0000] {dag.py:3096} INFO - Sync 1 DAGs
[2026-06-19T06:40:05.817+0000] {logging_mixin.py:188} INFO - [2026-06-19T06:40:05.817+0000] {dag.py:3954} INFO - Setting next_dagrun for example_params_ui_tutorial to None, run_after=None
[2026-06-19T06:40:05.835+0000] {processor.py:183} INFO - Processing /home/airflow/.local/lib/python3.12/site-packages/airflow/example_dags/example_params_ui_tutorial.py took 0.136 seconds
[2026-06-19T06:40:36.137+0000] {processor.py:161} INFO - Started process (PID=1600) to work on /home/airflow/.local/lib/python3.12/site-packages/airflow/example_dags/example_params_ui_tutorial.py
[2026-06-19T06:40:36.138+0000] {processor.py:830} INFO - Processing file /home/airflow/.local/lib/python3.12/site-packages/airflow/example_dags/example_params_ui_tutorial.py for tasks to queue
[2026-06-19T06:40:36.140+0000] {logging_mixin.py:188} INFO - [2026-06-19T06:40:36.140+0000] {dagbag.py:545} INFO - Filling up the DagBag from /home/airflow/.local/lib/python3.12/site-packages/airflow/example_dags/example_params_ui_tutorial.py
[2026-06-19T06:40:36.155+0000] {processor.py:840} INFO - DAG(s) 'example_params_ui_tutorial' retrieved from /home/airflow/.local/lib/python3.12/site-packages/airflow/example_dags/example_params_ui_tutorial.py
[2026-06-19T06:40:36.237+0000] {logging_mixin.py:188} INFO - [2026-06-19T06:40:36.237+0000] {dag.py:3096} INFO - Sync 1 DAGs
[2026-06-19T06:40:36.254+0000] {logging_mixin.py:188} INFO - [2026-06-19T06:40:36.253+0000] {dag.py:3954} INFO - Setting next_dagrun for example_params_ui_tutorial to None, run_after=None
[2026-06-19T06:40:36.271+0000] {processor.py:183} INFO - Processing /home/airflow/.local/lib/python3.12/site-packages/airflow/example_dags/example_params_ui_tutorial.py took 0.141 seconds
[2026-06-19T06:41:06.658+0000] {processor.py:161} INFO - Started process (PID=1658) to work on /home/airflow/.local/lib/python3.12/site-packages/airflow/example_dags/example_params_ui_tutorial.py
[2026-06-19T06:41:06.659+0000] {processor.py:830} INFO - Processing file /home/airflow/.local/lib/python3.12/site-packages/airflow/example_dags/example_params_ui_tutorial.py for tasks to queue
[2026-06-19T06:41:06.661+0000] {logging_mixin.py:188} INFO - [2026-06-19T06:41:06.660+0000] {dagbag.py:545} INFO - Filling up the DagBag from /home/airflow/.local/lib/python3.12/site-packages/airflow/example_dags/example_params_ui_tutorial.py
[2026-06-19T06:41:06.836+0000] {processor.py:840} INFO - DAG(s) 'example_params_ui_tutorial' retrieved from /home/airflow/.local/lib/python3.12/site-packages/airflow/example_dags/example_params_ui_tutorial.py
[2026-06-19T06:41:06.905+0000] {logging_mixin.py:188} INFO - [2026-06-19T06:41:06.905+0000] {dag.py:3096} INFO - Sync 1 DAGs
[2026-06-19T06:41:06.918+0000] {logging_mixin.py:188} INFO - [2026-06-19T06:41:06.918+0000] {dag.py:3954} INFO - Setting next_dagrun for example_params_ui_tutorial to None, run_after=None
[2026-06-19T06:41:06.938+0000] {processor.py:183} INFO - Processing /home/airflow/.local/lib/python3.12/site-packages/airflow/example_dags/example_params_ui_tutorial.py took 0.288 seconds
[2026-06-19T06:41:37.434+0000] {processor.py:161} INFO - Started process (PID=1716) to work on /home/airflow/.local/lib/python3.12/site-packages/airflow/example_dags/example_params_ui_tutorial.py
[2026-06-19T06:41:37.434+0000] {processor.py:830} INFO - Processing file /home/airflow/.local/lib/python3.12/site-packages/airflow/example_dags/example_params_ui_tutorial.py for tasks to queue
[2026-06-19T06:41:37.436+0000] {logging_mixin.py:188} INFO - [2026-06-19T06:41:37.436+0000] {dagbag.py:545} INFO - Filling up the DagBag from /home/airflow/.local/lib/python3.12/site-packages/airflow/example_dags/example_params_ui_tutorial.py
[2026-06-19T06:41:37.454+0000] {processor.py:840} INFO - DAG(s) 'example_params_ui_tutorial' retrieved from /home/airflow/.local/lib/python3.12/site-packages/airflow/example_dags/example_params_ui_tutorial.py
[2026-06-19T06:41:37.541+0000] {logging_mixin.py:188} INFO - [2026-06-19T06:41:37.541+0000] {dag.py:3096} INFO - Sync 1 DAGs
[2026-06-19T06:41:37.557+0000] {logging_mixin.py:188} INFO - [2026-06-19T06:41:37.557+0000] {dag.py:3954} INFO - Setting next_dagrun for example_params_ui_tutorial to None, run_after=None
[2026-06-19T06:41:37.579+0000] {processor.py:183} INFO - Processing /home/airflow/.local/lib/python3.12/site-packages/airflow/example_dags/example_params_ui_tutorial.py took 0.155 seconds
[2026-06-19T06:42:07.892+0000] {processor.py:161} INFO - Started process (PID=1774) to work on /home/airflow/.local/lib/python3.12/site-packages/airflow/example_dags/example_params_ui_tutorial.py
[2026-06-19T06:42:07.894+0000] {processor.py:830} INFO - Processing file /home/airflow/.local/lib/python3.12/site-packages/airflow/example_dags/example_params_ui_tutorial.py for tasks to queue
[2026-06-19T06:42:07.899+0000] {logging_mixin.py:188} INFO - [2026-06-19T06:42:07.896+0000] {dagbag.py:545} INFO - Filling up the DagBag from /home/airflow/.local/lib/python3.12/site-packages/airflow/example_dags/example_params_ui_tutorial.py
[2026-06-19T06:42:07.922+0000] {processor.py:840} INFO - DAG(s) 'example_params_ui_tutorial' retrieved from /home/airflow/.local/lib/python3.12/site-packages/airflow/example_dags/example_params_ui_tutorial.py
[2026-06-19T06:42:08.029+0000] {logging_mixin.py:188} INFO - [2026-06-19T06:42:08.029+0000] {dag.py:3096} INFO - Sync 1 DAGs
[2026-06-19T06:42:08.050+0000] {logging_mixin.py:188} INFO - [2026-06-19T06:42:08.050+0000] {dag.py:3954} INFO - Setting next_dagrun for example_params_ui_tutorial to None, run_after=None
[2026-06-19T06:42:08.110+0000] {processor.py:183} INFO - Processing /home/airflow/.local/lib/python3.12/site-packages/airflow/example_dags/example_params_ui_tutorial.py took 0.225 seconds
[2026-06-19T06:42:38.578+0000] {processor.py:161} INFO - Started process (PID=1832) to work on /home/airflow/.local/lib/python3.12/site-packages/airflow/example_dags/example_params_ui_tutorial.py
[2026-06-19T06:42:38.579+0000] {processor.py:830} INFO - Processing file /home/airflow/.local/lib/python3.12/site-packages/airflow/example_dags/example_params_ui_tutorial.py for tasks to queue
[2026-06-19T06:42:38.585+0000] {logging_mixin.py:188} INFO - [2026-06-19T06:42:38.584+0000] {dagbag.py:545} INFO - Filling up the DagBag from /home/airflow/.local/lib/python3.12/site-packages/airflow/example_dags/example_params_ui_tutorial.py
[2026-06-19T06:42:38.636+0000] {processor.py:840} INFO - DAG(s) 'example_params_ui_tutorial' retrieved from /home/airflow/.local/lib/python3.12/site-packages/airflow/example_dags/example_params_ui_tutorial.py
[2026-06-19T06:42:38.812+0000] {logging_mixin.py:188} INFO - [2026-06-19T06:42:38.812+0000] {dag.py:3096} INFO - Sync 1 DAGs
[2026-06-19T06:42:38.830+0000] {logging_mixin.py:188} INFO - [2026-06-19T06:42:38.829+0000] {dag.py:3954} INFO - Setting next_dagrun for example_params_ui_tutorial to None, run_after=None
[2026-06-19T06:42:38.855+0000] {processor.py:183} INFO - Processing /home/airflow/.local/lib/python3.12/site-packages/airflow/example_dags/example_params_ui_tutorial.py took 0.294 seconds
[2026-06-19T06:43:09.733+0000] {processor.py:161} INFO - Started process (PID=1890) to work on /home/airflow/.local/lib/python3.12/site-packages/airflow/example_dags/example_params_ui_tutorial.py
[2026-06-19T06:43:09.734+0000] {processor.py:830} INFO - Processing file /home/airflow/.local/lib/python3.12/site-packages/airflow/example_dags/example_params_ui_tutorial.py for tasks to queue
[2026-06-19T06:43:09.736+0000] {logging_mixin.py:188} INFO - [2026-06-19T06:43:09.736+0000] {dagbag.py:545} INFO - Filling up the DagBag from /home/airflow/.local/lib/python3.12/site-packages/airflow/example_dags/example_params_ui_tutorial.py
[2026-06-19T06:43:09.751+0000] {processor.py:840} INFO - DAG(s) 'example_params_ui_tutorial' retrieved from /home/airflow/.local/lib/python3.12/site-packages/airflow/example_dags/example_params_ui_tutorial.py
[2026-06-19T06:43:09.921+0000] {logging_mixin.py:188} INFO - [2026-06-19T06:43:09.920+0000] {dag.py:3096} INFO - Sync 1 DAGs
[2026-06-19T06:43:09.951+0000] {logging_mixin.py:188} INFO - [2026-06-19T06:43:09.950+0000] {dag.py:3954} INFO - Setting next_dagrun for example_params_ui_tutorial to None, run_after=None
[2026-06-19T06:43:10.000+0000] {processor.py:183} INFO - Processing /home/airflow/.local/lib/python3.12/site-packages/airflow/example_dags/example_params_ui_tutorial.py took 0.285 seconds
[2026-06-19T06:53:43.963+0000] {processor.py:161} INFO - Started process (PID=92) to work on /home/airflow/.local/lib/python3.12/site-packages/airflow/example_dags/example_params_ui_tutorial.py
[2026-06-19T06:53:43.965+0000] {processor.py:830} INFO - Processing file /home/airflow/.local/lib/python3.12/site-packages/airflow/example_dags/example_params_ui_tutorial.py for tasks to queue
[2026-06-19T06:53:43.980+0000] {logging_mixin.py:188} INFO - [2026-06-19T06:53:43.978+0000] {dagbag.py:545} INFO - Filling up the DagBag from /home/airflow/.local/lib/python3.12/site-packages/airflow/example_dags/example_params_ui_tutorial.py
[2026-06-19T06:53:44.021+0000] {processor.py:840} INFO - DAG(s) 'example_params_ui_tutorial' retrieved from /home/airflow/.local/lib/python3.12/site-packages/airflow/example_dags/example_params_ui_tutorial.py
[2026-06-19T06:53:44.413+0000] {logging_mixin.py:188} INFO - [2026-06-19T06:53:44.413+0000] {override.py:1829} INFO - Created Permission View: can read on DAG:example_params_ui_tutorial
[2026-06-19T06:53:44.434+0000] {logging_mixin.py:188} INFO - [2026-06-19T06:53:44.434+0000] {override.py:1829} INFO - Created Permission View: can delete on DAG:example_params_ui_tutorial
[2026-06-19T06:53:44.449+0000] {logging_mixin.py:188} INFO - [2026-06-19T06:53:44.449+0000] {override.py:1829} INFO - Created Permission View: can edit on DAG:example_params_ui_tutorial
[2026-06-19T06:53:44.450+0000] {logging_mixin.py:188} INFO - [2026-06-19T06:53:44.450+0000] {dag.py:3096} INFO - Sync 1 DAGs
[2026-06-19T06:53:44.488+0000] {logging_mixin.py:188} INFO - [2026-06-19T06:53:44.482+0000] {dag.py:3118} INFO - Creating ORM DAG for example_params_ui_tutorial
[2026-06-19T06:53:44.489+0000] {logging_mixin.py:188} INFO - [2026-06-19T06:53:44.488+0000] {dag.py:3954} INFO - Setting next_dagrun for example_params_ui_tutorial to None, run_after=None
[2026-06-19T06:53:44.596+0000] {processor.py:183} INFO - Processing /home/airflow/.local/lib/python3.12/site-packages/airflow/example_dags/example_params_ui_tutorial.py took 0.649 seconds
[2026-06-19T06:54:15.087+0000] {processor.py:161} INFO - Started process (PID=150) to work on /home/airflow/.local/lib/python3.12/site-packages/airflow/example_dags/example_params_ui_tutorial.py
[2026-06-19T06:54:15.088+0000] {processor.py:830} INFO - Processing file /home/airflow/.local/lib/python3.12/site-packages/airflow/example_dags/example_params_ui_tutorial.py for tasks to queue
[2026-06-19T06:54:15.091+0000] {logging_mixin.py:188} INFO - [2026-06-19T06:54:15.090+0000] {dagbag.py:545} INFO - Filling up the DagBag from /home/airflow/.local/lib/python3.12/site-packages/airflow/example_dags/example_params_ui_tutorial.py
[2026-06-19T06:54:15.105+0000] {processor.py:840} INFO - DAG(s) 'example_params_ui_tutorial' retrieved from /home/airflow/.local/lib/python3.12/site-packages/airflow/example_dags/example_params_ui_tutorial.py
[2026-06-19T06:54:15.332+0000] {logging_mixin.py:188} INFO - [2026-06-19T06:54:15.332+0000] {dag.py:3096} INFO - Sync 1 DAGs
[2026-06-19T06:54:15.378+0000] {logging_mixin.py:188} INFO - [2026-06-19T06:54:15.372+0000] {dag.py:3954} INFO - Setting next_dagrun for example_params_ui_tutorial to None, run_after=None
[2026-06-19T06:54:15.418+0000] {processor.py:183} INFO - Processing /home/airflow/.local/lib/python3.12/site-packages/airflow/example_dags/example_params_ui_tutorial.py took 0.350 seconds
[2026-06-19T06:54:45.723+0000] {processor.py:161} INFO - Started process (PID=207) to work on /home/airflow/.local/lib/python3.12/site-packages/airflow/example_dags/example_params_ui_tutorial.py
[2026-06-19T06:54:45.724+0000] {processor.py:830} INFO - Processing file /home/airflow/.local/lib/python3.12/site-packages/airflow/example_dags/example_params_ui_tutorial.py for tasks to queue
[2026-06-19T06:54:45.726+0000] {logging_mixin.py:188} INFO - [2026-06-19T06:54:45.726+0000] {dagbag.py:545} INFO - Filling up the DagBag from /home/airflow/.local/lib/python3.12/site-packages/airflow/example_dags/example_params_ui_tutorial.py
[2026-06-19T06:54:45.742+0000] {processor.py:840} INFO - DAG(s) 'example_params_ui_tutorial' retrieved from /home/airflow/.local/lib/python3.12/site-packages/airflow/example_dags/example_params_ui_tutorial.py
[2026-06-19T06:54:45.976+0000] {logging_mixin.py:188} INFO - [2026-06-19T06:54:45.975+0000] {dag.py:3096} INFO - Sync 1 DAGs
[2026-06-19T06:54:46.047+0000] {logging_mixin.py:188} INFO - [2026-06-19T06:54:46.046+0000] {dag.py:3954} INFO - Setting next_dagrun for example_params_ui_tutorial to None, run_after=None
[2026-06-19T06:54:46.166+0000] {processor.py:183} INFO - Processing /home/airflow/.local/lib/python3.12/site-packages/airflow/example_dags/example_params_ui_tutorial.py took 0.467 seconds
[2026-06-19T06:55:16.987+0000] {processor.py:161} INFO - Started process (PID=265) to work on /home/airflow/.local/lib/python3.12/site-packages/airflow/example_dags/example_params_ui_tutorial.py
[2026-06-19T06:55:16.988+0000] {processor.py:830} INFO - Processing file /home/airflow/.local/lib/python3.12/site-packages/airflow/example_dags/example_params_ui_tutorial.py for tasks to queue
[2026-06-19T06:55:16.990+0000] {logging_mixin.py:188} INFO - [2026-06-19T06:55:16.989+0000] {dagbag.py:545} INFO - Filling up the DagBag from /home/airflow/.local/lib/python3.12/site-packages/airflow/example_dags/example_params_ui_tutorial.py
[2026-06-19T06:55:17.003+0000] {processor.py:840} INFO - DAG(s) 'example_params_ui_tutorial' retrieved from /home/airflow/.local/lib/python3.12/site-packages/airflow/example_dags/example_params_ui_tutorial.py
[2026-06-19T06:55:17.080+0000] {logging_mixin.py:188} INFO - [2026-06-19T06:55:17.080+0000] {dag.py:3096} INFO - Sync 1 DAGs
[2026-06-19T06:55:17.102+0000] {logging_mixin.py:188} INFO - [2026-06-19T06:55:17.101+0000] {dag.py:3954} INFO - Setting next_dagrun for example_params_ui_tutorial to None, run_after=None
[2026-06-19T06:55:17.147+0000] {processor.py:183} INFO - Processing /home/airflow/.local/lib/python3.12/site-packages/airflow/example_dags/example_params_ui_tutorial.py took 0.167 seconds
[2026-06-19T06:55:48.017+0000] {processor.py:161} INFO - Started process (PID=323) to work on /home/airflow/.local/lib/python3.12/site-packages/airflow/example_dags/example_params_ui_tutorial.py
[2026-06-19T06:55:48.018+0000] {processor.py:830} INFO - Processing file /home/airflow/.local/lib/python3.12/site-packages/airflow/example_dags/example_params_ui_tutorial.py for tasks to queue
[2026-06-19T06:55:48.020+0000] {logging_mixin.py:188} INFO - [2026-06-19T06:55:48.020+0000] {dagbag.py:545} INFO - Filling up the DagBag from /home/airflow/.local/lib/python3.12/site-packages/airflow/example_dags/example_params_ui_tutorial.py
[2026-06-19T06:55:48.034+0000] {processor.py:840} INFO - DAG(s) 'example_params_ui_tutorial' retrieved from /home/airflow/.local/lib/python3.12/site-packages/airflow/example_dags/example_params_ui_tutorial.py
[2026-06-19T06:55:48.141+0000] {logging_mixin.py:188} INFO - [2026-06-19T06:55:48.141+0000] {dag.py:3096} INFO - Sync 1 DAGs
[2026-06-19T06:55:48.204+0000] {logging_mixin.py:188} INFO - [2026-06-19T06:55:48.193+0000] {dag.py:3954} INFO - Setting next_dagrun for example_params_ui_tutorial to None, run_after=None
[2026-06-19T06:55:48.254+0000] {processor.py:183} INFO - Processing /home/airflow/.local/lib/python3.12/site-packages/airflow/example_dags/example_params_ui_tutorial.py took 0.244 seconds
[2026-06-19T06:56:19.082+0000] {processor.py:161} INFO - Started process (PID=381) to work on /home/airflow/.local/lib/python3.12/site-packages/airflow/example_dags/example_params_ui_tutorial.py
[2026-06-19T06:56:19.084+0000] {processor.py:830} INFO - Processing file /home/airflow/.local/lib/python3.12/site-packages/airflow/example_dags/example_params_ui_tutorial.py for tasks to queue
[2026-06-19T06:56:19.086+0000] {logging_mixin.py:188} INFO - [2026-06-19T06:56:19.086+0000] {dagbag.py:545} INFO - Filling up the DagBag from /home/airflow/.local/lib/python3.12/site-packages/airflow/example_dags/example_params_ui_tutorial.py
[2026-06-19T06:56:19.099+0000] {processor.py:840} INFO - DAG(s) 'example_params_ui_tutorial' retrieved from /home/airflow/.local/lib/python3.12/site-packages/airflow/example_dags/example_params_ui_tutorial.py
[2026-06-19T06:56:19.171+0000] {logging_mixin.py:188} INFO - [2026-06-19T06:56:19.170+0000] {dag.py:3096} INFO - Sync 1 DAGs
[2026-06-19T06:56:19.191+0000] {logging_mixin.py:188} INFO - [2026-06-19T06:56:19.190+0000] {dag.py:3954} INFO - Setting next_dagrun for example_params_ui_tutorial to None, run_after=None
[2026-06-19T06:56:19.209+0000] {processor.py:183} INFO - Processing /home/airflow/.local/lib/python3.12/site-packages/airflow/example_dags/example_params_ui_tutorial.py took 0.134 seconds
[2026-06-19T06:56:50.139+0000] {processor.py:161} INFO - Started process (PID=439) to work on /home/airflow/.local/lib/python3.12/site-packages/airflow/example_dags/example_params_ui_tutorial.py
[2026-06-19T06:56:50.140+0000] {processor.py:830} INFO - Processing file /home/airflow/.local/lib/python3.12/site-packages/airflow/example_dags/example_params_ui_tutorial.py for tasks to queue
[2026-06-19T06:56:50.142+0000] {logging_mixin.py:188} INFO - [2026-06-19T06:56:50.142+0000] {dagbag.py:545} INFO - Filling up the DagBag from /home/airflow/.local/lib/python3.12/site-packages/airflow/example_dags/example_params_ui_tutorial.py
[2026-06-19T06:56:50.155+0000] {processor.py:840} INFO - DAG(s) 'example_params_ui_tutorial' retrieved from /home/airflow/.local/lib/python3.12/site-packages/airflow/example_dags/example_params_ui_tutorial.py
[2026-06-19T06:56:50.228+0000] {logging_mixin.py:188} INFO - [2026-06-19T06:56:50.228+0000] {dag.py:3096} INFO - Sync 1 DAGs
[2026-06-19T06:56:50.244+0000] {logging_mixin.py:188} INFO - [2026-06-19T06:56:50.244+0000] {dag.py:3954} INFO - Setting next_dagrun for example_params_ui_tutorial to None, run_after=None
[2026-06-19T06:56:50.263+0000] {processor.py:183} INFO - Processing /home/airflow/.local/lib/python3.12/site-packages/airflow/example_dags/example_params_ui_tutorial.py took 0.131 seconds
[2026-06-19T06:57:20.624+0000] {processor.py:161} INFO - Started process (PID=497) to work on /home/airflow/.local/lib/python3.12/site-packages/airflow/example_dags/example_params_ui_tutorial.py
[2026-06-19T06:57:20.624+0000] {processor.py:830} INFO - Processing file /home/airflow/.local/lib/python3.12/site-packages/airflow/example_dags/example_params_ui_tutorial.py for tasks to queue
[2026-06-19T06:57:20.626+0000] {logging_mixin.py:188} INFO - [2026-06-19T06:57:20.626+0000] {dagbag.py:545} INFO - Filling up the DagBag from /home/airflow/.local/lib/python3.12/site-packages/airflow/example_dags/example_params_ui_tutorial.py
[2026-06-19T06:57:20.639+0000] {processor.py:840} INFO - DAG(s) 'example_params_ui_tutorial' retrieved from /home/airflow/.local/lib/python3.12/site-packages/airflow/example_dags/example_params_ui_tutorial.py
[2026-06-19T06:57:20.712+0000] {logging_mixin.py:188} INFO - [2026-06-19T06:57:20.712+0000] {dag.py:3096} INFO - Sync 1 DAGs
[2026-06-19T06:57:20.729+0000] {logging_mixin.py:188} INFO - [2026-06-19T06:57:20.728+0000] {dag.py:3954} INFO - Setting next_dagrun for example_params_ui_tutorial to None, run_after=None
[2026-06-19T06:57:20.747+0000] {processor.py:183} INFO - Processing /home/airflow/.local/lib/python3.12/site-packages/airflow/example_dags/example_params_ui_tutorial.py took 0.131 seconds
[2026-06-19T06:57:51.373+0000] {processor.py:161} INFO - Started process (PID=555) to work on /home/airflow/.local/lib/python3.12/site-packages/airflow/example_dags/example_params_ui_tutorial.py
[2026-06-19T06:57:51.374+0000] {processor.py:830} INFO - Processing file /home/airflow/.local/lib/python3.12/site-packages/airflow/example_dags/example_params_ui_tutorial.py for tasks to queue
[2026-06-19T06:57:51.376+0000] {logging_mixin.py:188} INFO - [2026-06-19T06:57:51.376+0000] {dagbag.py:545} INFO - Filling up the DagBag from /home/airflow/.local/lib/python3.12/site-packages/airflow/example_dags/example_params_ui_tutorial.py
[2026-06-19T06:57:51.391+0000] {processor.py:840} INFO - DAG(s) 'example_params_ui_tutorial' retrieved from /home/airflow/.local/lib/python3.12/site-packages/airflow/example_dags/example_params_ui_tutorial.py
[2026-06-19T06:57:51.481+0000] {logging_mixin.py:188} INFO - [2026-06-19T06:57:51.481+0000] {dag.py:3096} INFO - Sync 1 DAGs
[2026-06-19T06:57:51.496+0000] {logging_mixin.py:188} INFO - [2026-06-19T06:57:51.496+0000] {dag.py:3954} INFO - Setting next_dagrun for example_params_ui_tutorial to None, run_after=None
[2026-06-19T06:57:51.517+0000] {processor.py:183} INFO - Processing /home/airflow/.local/lib/python3.12/site-packages/airflow/example_dags/example_params_ui_tutorial.py took 0.151 seconds
[2026-06-19T06:58:21.622+0000] {processor.py:161} INFO - Started process (PID=613) to work on /home/airflow/.local/lib/python3.12/site-packages/airflow/example_dags/example_params_ui_tutorial.py
[2026-06-19T06:58:21.623+0000] {processor.py:830} INFO - Processing file /home/airflow/.local/lib/python3.12/site-packages/airflow/example_dags/example_params_ui_tutorial.py for tasks to queue
[2026-06-19T06:58:21.625+0000] {logging_mixin.py:188} INFO - [2026-06-19T06:58:21.625+0000] {dagbag.py:545} INFO - Filling up the DagBag from /home/airflow/.local/lib/python3.12/site-packages/airflow/example_dags/example_params_ui_tutorial.py
[2026-06-19T06:58:21.639+0000] {processor.py:840} INFO - DAG(s) 'example_params_ui_tutorial' retrieved from /home/airflow/.local/lib/python3.12/site-packages/airflow/example_dags/example_params_ui_tutorial.py
[2026-06-19T06:58:21.710+0000] {logging_mixin.py:188} INFO - [2026-06-19T06:58:21.710+0000] {dag.py:3096} INFO - Sync 1 DAGs
[2026-06-19T06:58:21.730+0000] {logging_mixin.py:188} INFO - [2026-06-19T06:58:21.730+0000] {dag.py:3954} INFO - Setting next_dagrun for example_params_ui_tutorial to None, run_after=None
[2026-06-19T06:58:21.747+0000] {processor.py:183} INFO - Processing /home/airflow/.local/lib/python3.12/site-packages/airflow/example_dags/example_params_ui_tutorial.py took 0.132 seconds
[2026-06-19T06:58:51.996+0000] {processor.py:161} INFO - Started process (PID=671) to work on /home/airflow/.local/lib/python3.12/site-packages/airflow/example_dags/example_params_ui_tutorial.py
[2026-06-19T06:58:52.002+0000] {processor.py:830} INFO - Processing file /home/airflow/.local/lib/python3.12/site-packages/airflow/example_dags/example_params_ui_tutorial.py for tasks to queue
[2026-06-19T06:58:52.012+0000] {logging_mixin.py:188} INFO - [2026-06-19T06:58:52.008+0000] {dagbag.py:545} INFO - Filling up the DagBag from /home/airflow/.local/lib/python3.12/site-packages/airflow/example_dags/example_params_ui_tutorial.py
[2026-06-19T06:58:52.052+0000] {processor.py:840} INFO - DAG(s) 'example_params_ui_tutorial' retrieved from /home/airflow/.local/lib/python3.12/site-packages/airflow/example_dags/example_params_ui_tutorial.py
[2026-06-19T06:58:52.253+0000] {logging_mixin.py:188} INFO - [2026-06-19T06:58:52.253+0000] {dag.py:3096} INFO - Sync 1 DAGs
[2026-06-19T06:58:52.288+0000] {logging_mixin.py:188} INFO - [2026-06-19T06:58:52.287+0000] {dag.py:3954} INFO - Setting next_dagrun for example_params_ui_tutorial to None, run_after=None
[2026-06-19T06:58:52.311+0000] {processor.py:183} INFO - Processing /home/airflow/.local/lib/python3.12/site-packages/airflow/example_dags/example_params_ui_tutorial.py took 0.350 seconds
[2026-06-19T06:59:23.015+0000] {processor.py:161} INFO - Started process (PID=728) to work on /home/airflow/.local/lib/python3.12/site-packages/airflow/example_dags/example_params_ui_tutorial.py
[2026-06-19T06:59:23.019+0000] {processor.py:830} INFO - Processing file /home/airflow/.local/lib/python3.12/site-packages/airflow/example_dags/example_params_ui_tutorial.py for tasks to queue
[2026-06-19T06:59:23.022+0000] {logging_mixin.py:188} INFO - [2026-06-19T06:59:23.022+0000] {dagbag.py:545} INFO - Filling up the DagBag from /home/airflow/.local/lib/python3.12/site-packages/airflow/example_dags/example_params_ui_tutorial.py
[2026-06-19T06:59:23.036+0000] {processor.py:840} INFO - DAG(s) 'example_params_ui_tutorial' retrieved from /home/airflow/.local/lib/python3.12/site-packages/airflow/example_dags/example_params_ui_tutorial.py
[2026-06-19T06:59:23.123+0000] {logging_mixin.py:188} INFO - [2026-06-19T06:59:23.123+0000] {dag.py:3096} INFO - Sync 1 DAGs
[2026-06-19T06:59:23.177+0000] {logging_mixin.py:188} INFO - [2026-06-19T06:59:23.176+0000] {dag.py:3954} INFO - Setting next_dagrun for example_params_ui_tutorial to None, run_after=None
[2026-06-19T06:59:23.202+0000] {processor.py:183} INFO - Processing /home/airflow/.local/lib/python3.12/site-packages/airflow/example_dags/example_params_ui_tutorial.py took 0.196 seconds
[2026-06-19T06:59:53.587+0000] {processor.py:161} INFO - Started process (PID=786) to work on /home/airflow/.local/lib/python3.12/site-packages/airflow/example_dags/example_params_ui_tutorial.py
[2026-06-19T06:59:53.588+0000] {processor.py:830} INFO - Processing file /home/airflow/.local/lib/python3.12/site-packages/airflow/example_dags/example_params_ui_tutorial.py for tasks to queue
[2026-06-19T06:59:53.590+0000] {logging_mixin.py:188} INFO - [2026-06-19T06:59:53.590+0000] {dagbag.py:545} INFO - Filling up the DagBag from /home/airflow/.local/lib/python3.12/site-packages/airflow/example_dags/example_params_ui_tutorial.py
[2026-06-19T06:59:53.604+0000] {processor.py:840} INFO - DAG(s) 'example_params_ui_tutorial' retrieved from /home/airflow/.local/lib/python3.12/site-packages/airflow/example_dags/example_params_ui_tutorial.py
[2026-06-19T06:59:53.736+0000] {logging_mixin.py:188} INFO - [2026-06-19T06:59:53.736+0000] {dag.py:3096} INFO - Sync 1 DAGs
[2026-06-19T06:59:53.769+0000] {logging_mixin.py:188} INFO - [2026-06-19T06:59:53.769+0000] {dag.py:3954} INFO - Setting next_dagrun for example_params_ui_tutorial to None, run_after=None
[2026-06-19T06:59:53.816+0000] {processor.py:183} INFO - Processing /home/airflow/.local/lib/python3.12/site-packages/airflow/example_dags/example_params_ui_tutorial.py took 0.241 seconds
[2026-06-19T07:00:24.253+0000] {processor.py:161} INFO - Started process (PID=844) to work on /home/airflow/.local/lib/python3.12/site-packages/airflow/example_dags/example_params_ui_tutorial.py
[2026-06-19T07:00:24.254+0000] {processor.py:830} INFO - Processing file /home/airflow/.local/lib/python3.12/site-packages/airflow/example_dags/example_params_ui_tutorial.py for tasks to queue
[2026-06-19T07:00:24.257+0000] {logging_mixin.py:188} INFO - [2026-06-19T07:00:24.256+0000] {dagbag.py:545} INFO - Filling up the DagBag from /home/airflow/.local/lib/python3.12/site-packages/airflow/example_dags/example_params_ui_tutorial.py
[2026-06-19T07:00:24.270+0000] {processor.py:840} INFO - DAG(s) 'example_params_ui_tutorial' retrieved from /home/airflow/.local/lib/python3.12/site-packages/airflow/example_dags/example_params_ui_tutorial.py
[2026-06-19T07:00:24.347+0000] {logging_mixin.py:188} INFO - [2026-06-19T07:00:24.346+0000] {dag.py:3096} INFO - Sync 1 DAGs
[2026-06-19T07:00:24.358+0000] {logging_mixin.py:188} INFO - [2026-06-19T07:00:24.358+0000] {dag.py:3954} INFO - Setting next_dagrun for example_params_ui_tutorial to None, run_after=None
[2026-06-19T07:00:24.373+0000] {processor.py:183} INFO - Processing /home/airflow/.local/lib/python3.12/site-packages/airflow/example_dags/example_params_ui_tutorial.py took 0.127 seconds
[2026-06-19T07:00:54.934+0000] {processor.py:161} INFO - Started process (PID=902) to work on /home/airflow/.local/lib/python3.12/site-packages/airflow/example_dags/example_params_ui_tutorial.py
[2026-06-19T07:00:54.935+0000] {processor.py:830} INFO - Processing file /home/airflow/.local/lib/python3.12/site-packages/airflow/example_dags/example_params_ui_tutorial.py for tasks to queue
[2026-06-19T07:00:54.938+0000] {logging_mixin.py:188} INFO - [2026-06-19T07:00:54.937+0000] {dagbag.py:545} INFO - Filling up the DagBag from /home/airflow/.local/lib/python3.12/site-packages/airflow/example_dags/example_params_ui_tutorial.py
[2026-06-19T07:00:54.952+0000] {processor.py:840} INFO - DAG(s) 'example_params_ui_tutorial' retrieved from /home/airflow/.local/lib/python3.12/site-packages/airflow/example_dags/example_params_ui_tutorial.py
[2026-06-19T07:00:55.023+0000] {logging_mixin.py:188} INFO - [2026-06-19T07:00:55.022+0000] {dag.py:3096} INFO - Sync 1 DAGs
[2026-06-19T07:00:55.038+0000] {logging_mixin.py:188} INFO - [2026-06-19T07:00:55.038+0000] {dag.py:3954} INFO - Setting next_dagrun for example_params_ui_tutorial to None, run_after=None
[2026-06-19T07:00:55.055+0000] {processor.py:183} INFO - Processing /home/airflow/.local/lib/python3.12/site-packages/airflow/example_dags/example_params_ui_tutorial.py took 0.128 seconds
[2026-06-19T07:01:25.133+0000] {processor.py:161} INFO - Started process (PID=959) to work on /home/airflow/.local/lib/python3.12/site-packages/airflow/example_dags/example_params_ui_tutorial.py
[2026-06-19T07:01:25.134+0000] {processor.py:830} INFO - Processing file /home/airflow/.local/lib/python3.12/site-packages/airflow/example_dags/example_params_ui_tutorial.py for tasks to queue
[2026-06-19T07:01:25.137+0000] {logging_mixin.py:188} INFO - [2026-06-19T07:01:25.137+0000] {dagbag.py:545} INFO - Filling up the DagBag from /home/airflow/.local/lib/python3.12/site-packages/airflow/example_dags/example_params_ui_tutorial.py
[2026-06-19T07:01:25.151+0000] {processor.py:840} INFO - DAG(s) 'example_params_ui_tutorial' retrieved from /home/airflow/.local/lib/python3.12/site-packages/airflow/example_dags/example_params_ui_tutorial.py
[2026-06-19T07:01:25.288+0000] {logging_mixin.py:188} INFO - [2026-06-19T07:01:25.288+0000] {dag.py:3096} INFO - Sync 1 DAGs
[2026-06-19T07:01:25.333+0000] {logging_mixin.py:188} INFO - [2026-06-19T07:01:25.333+0000] {dag.py:3954} INFO - Setting next_dagrun for example_params_ui_tutorial to None, run_after=None
[2026-06-19T07:01:25.397+0000] {processor.py:183} INFO - Processing /home/airflow/.local/lib/python3.12/site-packages/airflow/example_dags/example_params_ui_tutorial.py took 0.275 seconds
[2026-06-19T07:04:10.003+0000] {processor.py:161} INFO - Started process (PID=89) to work on /home/airflow/.local/lib/python3.12/site-packages/airflow/example_dags/example_params_ui_tutorial.py
[2026-06-19T07:04:10.006+0000] {processor.py:830} INFO - Processing file /home/airflow/.local/lib/python3.12/site-packages/airflow/example_dags/example_params_ui_tutorial.py for tasks to queue
[2026-06-19T07:04:10.012+0000] {logging_mixin.py:188} INFO - [2026-06-19T07:04:10.011+0000] {dagbag.py:545} INFO - Filling up the DagBag from /home/airflow/.local/lib/python3.12/site-packages/airflow/example_dags/example_params_ui_tutorial.py
[2026-06-19T07:04:10.044+0000] {processor.py:840} INFO - DAG(s) 'example_params_ui_tutorial' retrieved from /home/airflow/.local/lib/python3.12/site-packages/airflow/example_dags/example_params_ui_tutorial.py
[2026-06-19T07:04:10.749+0000] {logging_mixin.py:188} INFO - [2026-06-19T07:04:10.745+0000] {override.py:1829} INFO - Created Permission View: can delete on DAG:example_params_ui_tutorial
[2026-06-19T07:04:10.849+0000] {logging_mixin.py:188} INFO - [2026-06-19T07:04:10.849+0000] {override.py:1829} INFO - Created Permission View: can edit on DAG:example_params_ui_tutorial
[2026-06-19T07:04:10.878+0000] {logging_mixin.py:188} INFO - [2026-06-19T07:04:10.875+0000] {override.py:1829} INFO - Created Permission View: can read on DAG:example_params_ui_tutorial
[2026-06-19T07:04:10.881+0000] {logging_mixin.py:188} INFO - [2026-06-19T07:04:10.881+0000] {dag.py:3096} INFO - Sync 1 DAGs
[2026-06-19T07:04:10.975+0000] {logging_mixin.py:188} INFO - [2026-06-19T07:04:10.968+0000] {dag.py:3118} INFO - Creating ORM DAG for example_params_ui_tutorial
[2026-06-19T07:04:10.978+0000] {logging_mixin.py:188} INFO - [2026-06-19T07:04:10.978+0000] {dag.py:3954} INFO - Setting next_dagrun for example_params_ui_tutorial to None, run_after=None
[2026-06-19T07:04:11.097+0000] {processor.py:183} INFO - Processing /home/airflow/.local/lib/python3.12/site-packages/airflow/example_dags/example_params_ui_tutorial.py took 1.113 seconds
[2026-06-19T07:04:42.024+0000] {processor.py:161} INFO - Started process (PID=147) to work on /home/airflow/.local/lib/python3.12/site-packages/airflow/example_dags/example_params_ui_tutorial.py
[2026-06-19T07:04:42.032+0000] {processor.py:830} INFO - Processing file /home/airflow/.local/lib/python3.12/site-packages/airflow/example_dags/example_params_ui_tutorial.py for tasks to queue
[2026-06-19T07:04:42.044+0000] {logging_mixin.py:188} INFO - [2026-06-19T07:04:42.040+0000] {dagbag.py:545} INFO - Filling up the DagBag from /home/airflow/.local/lib/python3.12/site-packages/airflow/example_dags/example_params_ui_tutorial.py
[2026-06-19T07:04:42.120+0000] {processor.py:840} INFO - DAG(s) 'example_params_ui_tutorial' retrieved from /home/airflow/.local/lib/python3.12/site-packages/airflow/example_dags/example_params_ui_tutorial.py
[2026-06-19T07:04:42.522+0000] {logging_mixin.py:188} INFO - [2026-06-19T07:04:42.522+0000] {dag.py:3096} INFO - Sync 1 DAGs
[2026-06-19T07:04:42.546+0000] {logging_mixin.py:188} INFO - [2026-06-19T07:04:42.546+0000] {dag.py:3954} INFO - Setting next_dagrun for example_params_ui_tutorial to None, run_after=None
[2026-06-19T07:04:42.654+0000] {processor.py:183} INFO - Processing /home/airflow/.local/lib/python3.12/site-packages/airflow/example_dags/example_params_ui_tutorial.py took 0.654 seconds
[2026-06-19T07:05:14.122+0000] {processor.py:161} INFO - Started process (PID=205) to work on /home/airflow/.local/lib/python3.12/site-packages/airflow/example_dags/example_params_ui_tutorial.py
[2026-06-19T07:05:14.126+0000] {processor.py:830} INFO - Processing file /home/airflow/.local/lib/python3.12/site-packages/airflow/example_dags/example_params_ui_tutorial.py for tasks to queue
[2026-06-19T07:05:14.134+0000] {logging_mixin.py:188} INFO - [2026-06-19T07:05:14.133+0000] {dagbag.py:545} INFO - Filling up the DagBag from /home/airflow/.local/lib/python3.12/site-packages/airflow/example_dags/example_params_ui_tutorial.py
[2026-06-19T07:05:14.212+0000] {processor.py:840} INFO - DAG(s) 'example_params_ui_tutorial' retrieved from /home/airflow/.local/lib/python3.12/site-packages/airflow/example_dags/example_params_ui_tutorial.py
[2026-06-19T07:05:14.420+0000] {logging_mixin.py:188} INFO - [2026-06-19T07:05:14.420+0000] {dag.py:3096} INFO - Sync 1 DAGs
[2026-06-19T07:05:14.476+0000] {logging_mixin.py:188} INFO - [2026-06-19T07:05:14.472+0000] {dag.py:3954} INFO - Setting next_dagrun for example_params_ui_tutorial to None, run_after=None
[2026-06-19T07:05:14.552+0000] {processor.py:183} INFO - Processing /home/airflow/.local/lib/python3.12/site-packages/airflow/example_dags/example_params_ui_tutorial.py took 0.488 seconds
[2026-06-19T07:05:45.335+0000] {processor.py:161} INFO - Started process (PID=261) to work on /home/airflow/.local/lib/python3.12/site-packages/airflow/example_dags/example_params_ui_tutorial.py
[2026-06-19T07:05:45.338+0000] {processor.py:830} INFO - Processing file /home/airflow/.local/lib/python3.12/site-packages/airflow/example_dags/example_params_ui_tutorial.py for tasks to queue
[2026-06-19T07:05:45.345+0000] {logging_mixin.py:188} INFO - [2026-06-19T07:05:45.345+0000] {dagbag.py:545} INFO - Filling up the DagBag from /home/airflow/.local/lib/python3.12/site-packages/airflow/example_dags/example_params_ui_tutorial.py
[2026-06-19T07:05:45.408+0000] {processor.py:840} INFO - DAG(s) 'example_params_ui_tutorial' retrieved from /home/airflow/.local/lib/python3.12/site-packages/airflow/example_dags/example_params_ui_tutorial.py
[2026-06-19T07:05:45.676+0000] {logging_mixin.py:188} INFO - [2026-06-19T07:05:45.676+0000] {dag.py:3096} INFO - Sync 1 DAGs
[2026-06-19T07:05:45.710+0000] {logging_mixin.py:188} INFO - [2026-06-19T07:05:45.709+0000] {dag.py:3954} INFO - Setting next_dagrun for example_params_ui_tutorial to None, run_after=None
[2026-06-19T07:05:45.756+0000] {processor.py:183} INFO - Processing /home/airflow/.local/lib/python3.12/site-packages/airflow/example_dags/example_params_ui_tutorial.py took 0.450 seconds
[2026-06-19T07:06:16.119+0000] {processor.py:161} INFO - Started process (PID=319) to work on /home/airflow/.local/lib/python3.12/site-packages/airflow/example_dags/example_params_ui_tutorial.py
[2026-06-19T07:06:16.120+0000] {processor.py:830} INFO - Processing file /home/airflow/.local/lib/python3.12/site-packages/airflow/example_dags/example_params_ui_tutorial.py for tasks to queue
[2026-06-19T07:06:16.122+0000] {logging_mixin.py:188} INFO - [2026-06-19T07:06:16.122+0000] {dagbag.py:545} INFO - Filling up the DagBag from /home/airflow/.local/lib/python3.12/site-packages/airflow/example_dags/example_params_ui_tutorial.py
[2026-06-19T07:06:16.135+0000] {processor.py:840} INFO - DAG(s) 'example_params_ui_tutorial' retrieved from /home/airflow/.local/lib/python3.12/site-packages/airflow/example_dags/example_params_ui_tutorial.py
[2026-06-19T07:06:16.203+0000] {logging_mixin.py:188} INFO - [2026-06-19T07:06:16.202+0000] {dag.py:3096} INFO - Sync 1 DAGs
[2026-06-19T07:06:16.218+0000] {logging_mixin.py:188} INFO - [2026-06-19T07:06:16.218+0000] {dag.py:3954} INFO - Setting next_dagrun for example_params_ui_tutorial to None, run_after=None
[2026-06-19T07:06:16.238+0000] {processor.py:183} INFO - Processing /home/airflow/.local/lib/python3.12/site-packages/airflow/example_dags/example_params_ui_tutorial.py took 0.126 seconds
[2026-06-19T07:06:46.638+0000] {processor.py:161} INFO - Started process (PID=375) to work on /home/airflow/.local/lib/python3.12/site-packages/airflow/example_dags/example_params_ui_tutorial.py
[2026-06-19T07:06:46.639+0000] {processor.py:830} INFO - Processing file /home/airflow/.local/lib/python3.12/site-packages/airflow/example_dags/example_params_ui_tutorial.py for tasks to queue
[2026-06-19T07:06:46.641+0000] {logging_mixin.py:188} INFO - [2026-06-19T07:06:46.641+0000] {dagbag.py:545} INFO - Filling up the DagBag from /home/airflow/.local/lib/python3.12/site-packages/airflow/example_dags/example_params_ui_tutorial.py
[2026-06-19T07:06:46.655+0000] {processor.py:840} INFO - DAG(s) 'example_params_ui_tutorial' retrieved from /home/airflow/.local/lib/python3.12/site-packages/airflow/example_dags/example_params_ui_tutorial.py
[2026-06-19T07:06:46.728+0000] {logging_mixin.py:188} INFO - [2026-06-19T07:06:46.728+0000] {dag.py:3096} INFO - Sync 1 DAGs
[2026-06-19T07:06:46.743+0000] {logging_mixin.py:188} INFO - [2026-06-19T07:06:46.743+0000] {dag.py:3954} INFO - Setting next_dagrun for example_params_ui_tutorial to None, run_after=None
[2026-06-19T07:06:46.761+0000] {processor.py:183} INFO - Processing /home/airflow/.local/lib/python3.12/site-packages/airflow/example_dags/example_params_ui_tutorial.py took 0.141 seconds
[2026-06-19T07:07:16.961+0000] {processor.py:161} INFO - Started process (PID=433) to work on /home/airflow/.local/lib/python3.12/site-packages/airflow/example_dags/example_params_ui_tutorial.py
[2026-06-19T07:07:16.962+0000] {processor.py:830} INFO - Processing file /home/airflow/.local/lib/python3.12/site-packages/airflow/example_dags/example_params_ui_tutorial.py for tasks to queue
[2026-06-19T07:07:16.964+0000] {logging_mixin.py:188} INFO - [2026-06-19T07:07:16.964+0000] {dagbag.py:545} INFO - Filling up the DagBag from /home/airflow/.local/lib/python3.12/site-packages/airflow/example_dags/example_params_ui_tutorial.py
[2026-06-19T07:07:16.986+0000] {processor.py:840} INFO - DAG(s) 'example_params_ui_tutorial' retrieved from /home/airflow/.local/lib/python3.12/site-packages/airflow/example_dags/example_params_ui_tutorial.py
[2026-06-19T07:07:17.057+0000] {logging_mixin.py:188} INFO - [2026-06-19T07:07:17.056+0000] {dag.py:3096} INFO - Sync 1 DAGs
[2026-06-19T07:07:17.073+0000] {logging_mixin.py:188} INFO - [2026-06-19T07:07:17.073+0000] {dag.py:3954} INFO - Setting next_dagrun for example_params_ui_tutorial to None, run_after=None
[2026-06-19T07:07:17.096+0000] {processor.py:183} INFO - Processing /home/airflow/.local/lib/python3.12/site-packages/airflow/example_dags/example_params_ui_tutorial.py took 0.142 seconds
[2026-06-19T07:07:47.152+0000] {processor.py:161} INFO - Started process (PID=491) to work on /home/airflow/.local/lib/python3.12/site-packages/airflow/example_dags/example_params_ui_tutorial.py
[2026-06-19T07:07:47.153+0000] {processor.py:830} INFO - Processing file /home/airflow/.local/lib/python3.12/site-packages/airflow/example_dags/example_params_ui_tutorial.py for tasks to queue
[2026-06-19T07:07:47.155+0000] {logging_mixin.py:188} INFO - [2026-06-19T07:07:47.155+0000] {dagbag.py:545} INFO - Filling up the DagBag from /home/airflow/.local/lib/python3.12/site-packages/airflow/example_dags/example_params_ui_tutorial.py
[2026-06-19T07:07:47.170+0000] {processor.py:840} INFO - DAG(s) 'example_params_ui_tutorial' retrieved from /home/airflow/.local/lib/python3.12/site-packages/airflow/example_dags/example_params_ui_tutorial.py
[2026-06-19T07:07:47.258+0000] {logging_mixin.py:188} INFO - [2026-06-19T07:07:47.258+0000] {dag.py:3096} INFO - Sync 1 DAGs
[2026-06-19T07:07:47.274+0000] {logging_mixin.py:188} INFO - [2026-06-19T07:07:47.273+0000] {dag.py:3954} INFO - Setting next_dagrun for example_params_ui_tutorial to None, run_after=None
[2026-06-19T07:07:47.302+0000] {processor.py:183} INFO - Processing /home/airflow/.local/lib/python3.12/site-packages/airflow/example_dags/example_params_ui_tutorial.py took 0.157 seconds
[2026-06-19T07:08:17.865+0000] {processor.py:161} INFO - Started process (PID=555) to work on /home/airflow/.local/lib/python3.12/site-packages/airflow/example_dags/example_params_ui_tutorial.py
[2026-06-19T07:08:17.867+0000] {processor.py:830} INFO - Processing file /home/airflow/.local/lib/python3.12/site-packages/airflow/example_dags/example_params_ui_tutorial.py for tasks to queue
[2026-06-19T07:08:17.870+0000] {logging_mixin.py:188} INFO - [2026-06-19T07:08:17.870+0000] {dagbag.py:545} INFO - Filling up the DagBag from /home/airflow/.local/lib/python3.12/site-packages/airflow/example_dags/example_params_ui_tutorial.py
[2026-06-19T07:08:17.906+0000] {processor.py:840} INFO - DAG(s) 'example_params_ui_tutorial' retrieved from /home/airflow/.local/lib/python3.12/site-packages/airflow/example_dags/example_params_ui_tutorial.py
[2026-06-19T07:08:18.129+0000] {logging_mixin.py:188} INFO - [2026-06-19T07:08:18.129+0000] {dag.py:3096} INFO - Sync 1 DAGs
[2026-06-19T07:08:18.161+0000] {logging_mixin.py:188} INFO - [2026-06-19T07:08:18.161+0000] {dag.py:3954} INFO - Setting next_dagrun for example_params_ui_tutorial to None, run_after=None
[2026-06-19T07:08:18.242+0000] {processor.py:183} INFO - Processing /home/airflow/.local/lib/python3.12/site-packages/airflow/example_dags/example_params_ui_tutorial.py took 0.442 seconds
[2026-06-19T07:08:48.897+0000] {processor.py:161} INFO - Started process (PID=613) to work on /home/airflow/.local/lib/python3.12/site-packages/airflow/example_dags/example_params_ui_tutorial.py
[2026-06-19T07:08:48.898+0000] {processor.py:830} INFO - Processing file /home/airflow/.local/lib/python3.12/site-packages/airflow/example_dags/example_params_ui_tutorial.py for tasks to queue
[2026-06-19T07:08:48.900+0000] {logging_mixin.py:188} INFO - [2026-06-19T07:08:48.899+0000] {dagbag.py:545} INFO - Filling up the DagBag from /home/airflow/.local/lib/python3.12/site-packages/airflow/example_dags/example_params_ui_tutorial.py
[2026-06-19T07:08:48.913+0000] {processor.py:840} INFO - DAG(s) 'example_params_ui_tutorial' retrieved from /home/airflow/.local/lib/python3.12/site-packages/airflow/example_dags/example_params_ui_tutorial.py
[2026-06-19T07:08:48.993+0000] {logging_mixin.py:188} INFO - [2026-06-19T07:08:48.992+0000] {dag.py:3096} INFO - Sync 1 DAGs
[2026-06-19T07:08:49.026+0000] {logging_mixin.py:188} INFO - [2026-06-19T07:08:49.026+0000] {dag.py:3954} INFO - Setting next_dagrun for example_params_ui_tutorial to None, run_after=None
[2026-06-19T07:08:49.076+0000] {processor.py:183} INFO - Processing /home/airflow/.local/lib/python3.12/site-packages/airflow/example_dags/example_params_ui_tutorial.py took 0.186 seconds
[2026-06-19T07:09:19.633+0000] {processor.py:161} INFO - Started process (PID=671) to work on /home/airflow/.local/lib/python3.12/site-packages/airflow/example_dags/example_params_ui_tutorial.py
[2026-06-19T07:09:19.634+0000] {processor.py:830} INFO - Processing file /home/airflow/.local/lib/python3.12/site-packages/airflow/example_dags/example_params_ui_tutorial.py for tasks to queue
[2026-06-19T07:09:19.636+0000] {logging_mixin.py:188} INFO - [2026-06-19T07:09:19.635+0000] {dagbag.py:545} INFO - Filling up the DagBag from /home/airflow/.local/lib/python3.12/site-packages/airflow/example_dags/example_params_ui_tutorial.py
[2026-06-19T07:09:19.649+0000] {processor.py:840} INFO - DAG(s) 'example_params_ui_tutorial' retrieved from /home/airflow/.local/lib/python3.12/site-packages/airflow/example_dags/example_params_ui_tutorial.py
[2026-06-19T07:09:19.726+0000] {logging_mixin.py:188} INFO - [2026-06-19T07:09:19.725+0000] {dag.py:3096} INFO - Sync 1 DAGs
[2026-06-19T07:09:19.741+0000] {logging_mixin.py:188} INFO - [2026-06-19T07:09:19.741+0000] {dag.py:3954} INFO - Setting next_dagrun for example_params_ui_tutorial to None, run_after=None
[2026-06-19T07:09:19.760+0000] {processor.py:183} INFO - Processing /home/airflow/.local/lib/python3.12/site-packages/airflow/example_dags/example_params_ui_tutorial.py took 0.134 seconds
[2026-06-19T07:09:50.187+0000] {processor.py:161} INFO - Started process (PID=729) to work on /home/airflow/.local/lib/python3.12/site-packages/airflow/example_dags/example_params_ui_tutorial.py
[2026-06-19T07:09:50.188+0000] {processor.py:830} INFO - Processing file /home/airflow/.local/lib/python3.12/site-packages/airflow/example_dags/example_params_ui_tutorial.py for tasks to queue
[2026-06-19T07:09:50.202+0000] {logging_mixin.py:188} INFO - [2026-06-19T07:09:50.202+0000] {dagbag.py:545} INFO - Filling up the DagBag from /home/airflow/.local/lib/python3.12/site-packages/airflow/example_dags/example_params_ui_tutorial.py
[2026-06-19T07:09:50.224+0000] {processor.py:840} INFO - DAG(s) 'example_params_ui_tutorial' retrieved from /home/airflow/.local/lib/python3.12/site-packages/airflow/example_dags/example_params_ui_tutorial.py
[2026-06-19T07:09:50.299+0000] {logging_mixin.py:188} INFO - [2026-06-19T07:09:50.299+0000] {dag.py:3096} INFO - Sync 1 DAGs
[2026-06-19T07:09:50.314+0000] {logging_mixin.py:188} INFO - [2026-06-19T07:09:50.314+0000] {dag.py:3954} INFO - Setting next_dagrun for example_params_ui_tutorial to None, run_after=None
[2026-06-19T07:09:50.333+0000] {processor.py:183} INFO - Processing /home/airflow/.local/lib/python3.12/site-packages/airflow/example_dags/example_params_ui_tutorial.py took 0.152 seconds
[2026-06-19T07:10:20.747+0000] {processor.py:161} INFO - Started process (PID=787) to work on /home/airflow/.local/lib/python3.12/site-packages/airflow/example_dags/example_params_ui_tutorial.py
[2026-06-19T07:10:20.748+0000] {processor.py:830} INFO - Processing file /home/airflow/.local/lib/python3.12/site-packages/airflow/example_dags/example_params_ui_tutorial.py for tasks to queue
[2026-06-19T07:10:20.750+0000] {logging_mixin.py:188} INFO - [2026-06-19T07:10:20.749+0000] {dagbag.py:545} INFO - Filling up the DagBag from /home/airflow/.local/lib/python3.12/site-packages/airflow/example_dags/example_params_ui_tutorial.py
[2026-06-19T07:10:20.764+0000] {processor.py:840} INFO - DAG(s) 'example_params_ui_tutorial' retrieved from /home/airflow/.local/lib/python3.12/site-packages/airflow/example_dags/example_params_ui_tutorial.py
[2026-06-19T07:10:20.836+0000] {logging_mixin.py:188} INFO - [2026-06-19T07:10:20.836+0000] {dag.py:3096} INFO - Sync 1 DAGs
[2026-06-19T07:10:20.852+0000] {logging_mixin.py:188} INFO - [2026-06-19T07:10:20.851+0000] {dag.py:3954} INFO - Setting next_dagrun for example_params_ui_tutorial to None, run_after=None
[2026-06-19T07:10:20.870+0000] {processor.py:183} INFO - Processing /home/airflow/.local/lib/python3.12/site-packages/airflow/example_dags/example_params_ui_tutorial.py took 0.130 seconds
[2026-06-19T07:10:51.742+0000] {processor.py:161} INFO - Started process (PID=845) to work on /home/airflow/.local/lib/python3.12/site-packages/airflow/example_dags/example_params_ui_tutorial.py
[2026-06-19T07:10:51.744+0000] {processor.py:830} INFO - Processing file /home/airflow/.local/lib/python3.12/site-packages/airflow/example_dags/example_params_ui_tutorial.py for tasks to queue
[2026-06-19T07:10:51.746+0000] {logging_mixin.py:188} INFO - [2026-06-19T07:10:51.746+0000] {dagbag.py:545} INFO - Filling up the DagBag from /home/airflow/.local/lib/python3.12/site-packages/airflow/example_dags/example_params_ui_tutorial.py
[2026-06-19T07:10:51.776+0000] {processor.py:840} INFO - DAG(s) 'example_params_ui_tutorial' retrieved from /home/airflow/.local/lib/python3.12/site-packages/airflow/example_dags/example_params_ui_tutorial.py
[2026-06-19T07:10:51.877+0000] {logging_mixin.py:188} INFO - [2026-06-19T07:10:51.876+0000] {dag.py:3096} INFO - Sync 1 DAGs
[2026-06-19T07:10:51.892+0000] {logging_mixin.py:188} INFO - [2026-06-19T07:10:51.892+0000] {dag.py:3954} INFO - Setting next_dagrun for example_params_ui_tutorial to None, run_after=None
[2026-06-19T07:10:51.941+0000] {processor.py:183} INFO - Processing /home/airflow/.local/lib/python3.12/site-packages/airflow/example_dags/example_params_ui_tutorial.py took 0.220 seconds
[2026-06-19T07:11:22.006+0000] {processor.py:161} INFO - Started process (PID=903) to work on /home/airflow/.local/lib/python3.12/site-packages/airflow/example_dags/example_params_ui_tutorial.py
[2026-06-19T07:11:22.006+0000] {processor.py:830} INFO - Processing file /home/airflow/.local/lib/python3.12/site-packages/airflow/example_dags/example_params_ui_tutorial.py for tasks to queue
[2026-06-19T07:11:22.008+0000] {logging_mixin.py:188} INFO - [2026-06-19T07:11:22.008+0000] {dagbag.py:545} INFO - Filling up the DagBag from /home/airflow/.local/lib/python3.12/site-packages/airflow/example_dags/example_params_ui_tutorial.py
[2026-06-19T07:11:22.022+0000] {processor.py:840} INFO - DAG(s) 'example_params_ui_tutorial' retrieved from /home/airflow/.local/lib/python3.12/site-packages/airflow/example_dags/example_params_ui_tutorial.py
[2026-06-19T07:11:22.097+0000] {logging_mixin.py:188} INFO - [2026-06-19T07:11:22.097+0000] {dag.py:3096} INFO - Sync 1 DAGs
[2026-06-19T07:11:22.113+0000] {logging_mixin.py:188} INFO - [2026-06-19T07:11:22.113+0000] {dag.py:3954} INFO - Setting next_dagrun for example_params_ui_tutorial to None, run_after=None
[2026-06-19T07:11:22.132+0000] {processor.py:183} INFO - Processing /home/airflow/.local/lib/python3.12/site-packages/airflow/example_dags/example_params_ui_tutorial.py took 0.136 seconds
[2026-06-19T07:11:52.497+0000] {processor.py:161} INFO - Started process (PID=961) to work on /home/airflow/.local/lib/python3.12/site-packages/airflow/example_dags/example_params_ui_tutorial.py
[2026-06-19T07:11:52.504+0000] {processor.py:830} INFO - Processing file /home/airflow/.local/lib/python3.12/site-packages/airflow/example_dags/example_params_ui_tutorial.py for tasks to queue
[2026-06-19T07:11:52.513+0000] {logging_mixin.py:188} INFO - [2026-06-19T07:11:52.513+0000] {dagbag.py:545} INFO - Filling up the DagBag from /home/airflow/.local/lib/python3.12/site-packages/airflow/example_dags/example_params_ui_tutorial.py
[2026-06-19T07:11:52.567+0000] {processor.py:840} INFO - DAG(s) 'example_params_ui_tutorial' retrieved from /home/airflow/.local/lib/python3.12/site-packages/airflow/example_dags/example_params_ui_tutorial.py
[2026-06-19T07:11:52.751+0000] {logging_mixin.py:188} INFO - [2026-06-19T07:11:52.751+0000] {dag.py:3096} INFO - Sync 1 DAGs
[2026-06-19T07:11:52.806+0000] {logging_mixin.py:188} INFO - [2026-06-19T07:11:52.805+0000] {dag.py:3954} INFO - Setting next_dagrun for example_params_ui_tutorial to None, run_after=None
[2026-06-19T07:11:52.878+0000] {processor.py:183} INFO - Processing /home/airflow/.local/lib/python3.12/site-packages/airflow/example_dags/example_params_ui_tutorial.py took 0.415 seconds
[2026-06-19T07:12:24.078+0000] {processor.py:161} INFO - Started process (PID=1019) to work on /home/airflow/.local/lib/python3.12/site-packages/airflow/example_dags/example_params_ui_tutorial.py
[2026-06-19T07:12:24.080+0000] {processor.py:830} INFO - Processing file /home/airflow/.local/lib/python3.12/site-packages/airflow/example_dags/example_params_ui_tutorial.py for tasks to queue
[2026-06-19T07:12:24.088+0000] {logging_mixin.py:188} INFO - [2026-06-19T07:12:24.088+0000] {dagbag.py:545} INFO - Filling up the DagBag from /home/airflow/.local/lib/python3.12/site-packages/airflow/example_dags/example_params_ui_tutorial.py
[2026-06-19T07:12:24.170+0000] {processor.py:840} INFO - DAG(s) 'example_params_ui_tutorial' retrieved from /home/airflow/.local/lib/python3.12/site-packages/airflow/example_dags/example_params_ui_tutorial.py
[2026-06-19T07:12:24.650+0000] {logging_mixin.py:188} INFO - [2026-06-19T07:12:24.650+0000] {dag.py:3096} INFO - Sync 1 DAGs
[2026-06-19T07:12:24.713+0000] {logging_mixin.py:188} INFO - [2026-06-19T07:12:24.713+0000] {dag.py:3954} INFO - Setting next_dagrun for example_params_ui_tutorial to None, run_after=None
[2026-06-19T07:12:24.769+0000] {processor.py:183} INFO - Processing /home/airflow/.local/lib/python3.12/site-packages/airflow/example_dags/example_params_ui_tutorial.py took 0.759 seconds
[2026-06-19T07:12:55.168+0000] {processor.py:161} INFO - Started process (PID=1077) to work on /home/airflow/.local/lib/python3.12/site-packages/airflow/example_dags/example_params_ui_tutorial.py
[2026-06-19T07:12:55.169+0000] {processor.py:830} INFO - Processing file /home/airflow/.local/lib/python3.12/site-packages/airflow/example_dags/example_params_ui_tutorial.py for tasks to queue
[2026-06-19T07:12:55.172+0000] {logging_mixin.py:188} INFO - [2026-06-19T07:12:55.172+0000] {dagbag.py:545} INFO - Filling up the DagBag from /home/airflow/.local/lib/python3.12/site-packages/airflow/example_dags/example_params_ui_tutorial.py
[2026-06-19T07:12:55.194+0000] {processor.py:840} INFO - DAG(s) 'example_params_ui_tutorial' retrieved from /home/airflow/.local/lib/python3.12/site-packages/airflow/example_dags/example_params_ui_tutorial.py
[2026-06-19T07:12:55.263+0000] {logging_mixin.py:188} INFO - [2026-06-19T07:12:55.263+0000] {dag.py:3096} INFO - Sync 1 DAGs
[2026-06-19T07:12:55.279+0000] {logging_mixin.py:188} INFO - [2026-06-19T07:12:55.279+0000] {dag.py:3954} INFO - Setting next_dagrun for example_params_ui_tutorial to None, run_after=None
[2026-06-19T07:12:55.297+0000] {processor.py:183} INFO - Processing /home/airflow/.local/lib/python3.12/site-packages/airflow/example_dags/example_params_ui_tutorial.py took 0.136 seconds
[2026-06-19T07:13:25.615+0000] {processor.py:161} INFO - Started process (PID=1135) to work on /home/airflow/.local/lib/python3.12/site-packages/airflow/example_dags/example_params_ui_tutorial.py
[2026-06-19T07:13:25.616+0000] {processor.py:830} INFO - Processing file /home/airflow/.local/lib/python3.12/site-packages/airflow/example_dags/example_params_ui_tutorial.py for tasks to queue
[2026-06-19T07:13:25.618+0000] {logging_mixin.py:188} INFO - [2026-06-19T07:13:25.618+0000] {dagbag.py:545} INFO - Filling up the DagBag from /home/airflow/.local/lib/python3.12/site-packages/airflow/example_dags/example_params_ui_tutorial.py
[2026-06-19T07:13:25.632+0000] {processor.py:840} INFO - DAG(s) 'example_params_ui_tutorial' retrieved from /home/airflow/.local/lib/python3.12/site-packages/airflow/example_dags/example_params_ui_tutorial.py
[2026-06-19T07:13:25.702+0000] {logging_mixin.py:188} INFO - [2026-06-19T07:13:25.701+0000] {dag.py:3096} INFO - Sync 1 DAGs
[2026-06-19T07:13:25.718+0000] {logging_mixin.py:188} INFO - [2026-06-19T07:13:25.717+0000] {dag.py:3954} INFO - Setting next_dagrun for example_params_ui_tutorial to None, run_after=None
[2026-06-19T07:13:25.736+0000] {processor.py:183} INFO - Processing /home/airflow/.local/lib/python3.12/site-packages/airflow/example_dags/example_params_ui_tutorial.py took 0.130 seconds
[2026-06-19T07:13:56.429+0000] {processor.py:161} INFO - Started process (PID=1193) to work on /home/airflow/.local/lib/python3.12/site-packages/airflow/example_dags/example_params_ui_tutorial.py
[2026-06-19T07:13:56.430+0000] {processor.py:830} INFO - Processing file /home/airflow/.local/lib/python3.12/site-packages/airflow/example_dags/example_params_ui_tutorial.py for tasks to queue
[2026-06-19T07:13:56.432+0000] {logging_mixin.py:188} INFO - [2026-06-19T07:13:56.431+0000] {dagbag.py:545} INFO - Filling up the DagBag from /home/airflow/.local/lib/python3.12/site-packages/airflow/example_dags/example_params_ui_tutorial.py
[2026-06-19T07:13:56.446+0000] {processor.py:840} INFO - DAG(s) 'example_params_ui_tutorial' retrieved from /home/airflow/.local/lib/python3.12/site-packages/airflow/example_dags/example_params_ui_tutorial.py
[2026-06-19T07:13:56.525+0000] {logging_mixin.py:188} INFO - [2026-06-19T07:13:56.524+0000] {dag.py:3096} INFO - Sync 1 DAGs
[2026-06-19T07:13:56.540+0000] {logging_mixin.py:188} INFO - [2026-06-19T07:13:56.540+0000] {dag.py:3954} INFO - Setting next_dagrun for example_params_ui_tutorial to None, run_after=None
[2026-06-19T07:13:56.560+0000] {processor.py:183} INFO - Processing /home/airflow/.local/lib/python3.12/site-packages/airflow/example_dags/example_params_ui_tutorial.py took 0.139 seconds
[2026-06-19T07:14:27.535+0000] {processor.py:161} INFO - Started process (PID=1251) to work on /home/airflow/.local/lib/python3.12/site-packages/airflow/example_dags/example_params_ui_tutorial.py
[2026-06-19T07:14:27.536+0000] {processor.py:830} INFO - Processing file /home/airflow/.local/lib/python3.12/site-packages/airflow/example_dags/example_params_ui_tutorial.py for tasks to queue
[2026-06-19T07:14:27.538+0000] {logging_mixin.py:188} INFO - [2026-06-19T07:14:27.538+0000] {dagbag.py:545} INFO - Filling up the DagBag from /home/airflow/.local/lib/python3.12/site-packages/airflow/example_dags/example_params_ui_tutorial.py
[2026-06-19T07:14:27.552+0000] {processor.py:840} INFO - DAG(s) 'example_params_ui_tutorial' retrieved from /home/airflow/.local/lib/python3.12/site-packages/airflow/example_dags/example_params_ui_tutorial.py
[2026-06-19T07:14:27.621+0000] {logging_mixin.py:188} INFO - [2026-06-19T07:14:27.621+0000] {dag.py:3096} INFO - Sync 1 DAGs
[2026-06-19T07:14:27.652+0000] {logging_mixin.py:188} INFO - [2026-06-19T07:14:27.652+0000] {dag.py:3954} INFO - Setting next_dagrun for example_params_ui_tutorial to None, run_after=None
[2026-06-19T07:14:27.678+0000] {processor.py:183} INFO - Processing /home/airflow/.local/lib/python3.12/site-packages/airflow/example_dags/example_params_ui_tutorial.py took 0.150 seconds
[2026-06-19T07:14:57.993+0000] {processor.py:161} INFO - Started process (PID=1309) to work on /home/airflow/.local/lib/python3.12/site-packages/airflow/example_dags/example_params_ui_tutorial.py
[2026-06-19T07:14:57.994+0000] {processor.py:830} INFO - Processing file /home/airflow/.local/lib/python3.12/site-packages/airflow/example_dags/example_params_ui_tutorial.py for tasks to queue
[2026-06-19T07:14:57.996+0000] {logging_mixin.py:188} INFO - [2026-06-19T07:14:57.995+0000] {dagbag.py:545} INFO - Filling up the DagBag from /home/airflow/.local/lib/python3.12/site-packages/airflow/example_dags/example_params_ui_tutorial.py
[2026-06-19T07:14:58.009+0000] {processor.py:840} INFO - DAG(s) 'example_params_ui_tutorial' retrieved from /home/airflow/.local/lib/python3.12/site-packages/airflow/example_dags/example_params_ui_tutorial.py
[2026-06-19T07:14:58.076+0000] {logging_mixin.py:188} INFO - [2026-06-19T07:14:58.076+0000] {dag.py:3096} INFO - Sync 1 DAGs
[2026-06-19T07:14:58.092+0000] {logging_mixin.py:188} INFO - [2026-06-19T07:14:58.091+0000] {dag.py:3954} INFO - Setting next_dagrun for example_params_ui_tutorial to None, run_after=None
[2026-06-19T07:14:58.110+0000] {processor.py:183} INFO - Processing /home/airflow/.local/lib/python3.12/site-packages/airflow/example_dags/example_params_ui_tutorial.py took 0.125 seconds
[2026-06-19T07:15:28.849+0000] {processor.py:161} INFO - Started process (PID=1367) to work on /home/airflow/.local/lib/python3.12/site-packages/airflow/example_dags/example_params_ui_tutorial.py
[2026-06-19T07:15:28.850+0000] {processor.py:830} INFO - Processing file /home/airflow/.local/lib/python3.12/site-packages/airflow/example_dags/example_params_ui_tutorial.py for tasks to queue
[2026-06-19T07:15:28.852+0000] {logging_mixin.py:188} INFO - [2026-06-19T07:15:28.851+0000] {dagbag.py:545} INFO - Filling up the DagBag from /home/airflow/.local/lib/python3.12/site-packages/airflow/example_dags/example_params_ui_tutorial.py
[2026-06-19T07:15:28.865+0000] {processor.py:840} INFO - DAG(s) 'example_params_ui_tutorial' retrieved from /home/airflow/.local/lib/python3.12/site-packages/airflow/example_dags/example_params_ui_tutorial.py
[2026-06-19T07:15:28.982+0000] {logging_mixin.py:188} INFO - [2026-06-19T07:15:28.982+0000] {dag.py:3096} INFO - Sync 1 DAGs
[2026-06-19T07:15:29.030+0000] {logging_mixin.py:188} INFO - [2026-06-19T07:15:29.029+0000] {dag.py:3954} INFO - Setting next_dagrun for example_params_ui_tutorial to None, run_after=None
[2026-06-19T07:15:29.050+0000] {processor.py:183} INFO - Processing /home/airflow/.local/lib/python3.12/site-packages/airflow/example_dags/example_params_ui_tutorial.py took 0.208 seconds
[2026-06-19T07:15:59.352+0000] {processor.py:161} INFO - Started process (PID=1425) to work on /home/airflow/.local/lib/python3.12/site-packages/airflow/example_dags/example_params_ui_tutorial.py
[2026-06-19T07:15:59.353+0000] {processor.py:830} INFO - Processing file /home/airflow/.local/lib/python3.12/site-packages/airflow/example_dags/example_params_ui_tutorial.py for tasks to queue
[2026-06-19T07:15:59.355+0000] {logging_mixin.py:188} INFO - [2026-06-19T07:15:59.355+0000] {dagbag.py:545} INFO - Filling up the DagBag from /home/airflow/.local/lib/python3.12/site-packages/airflow/example_dags/example_params_ui_tutorial.py
[2026-06-19T07:15:59.374+0000] {processor.py:840} INFO - DAG(s) 'example_params_ui_tutorial' retrieved from /home/airflow/.local/lib/python3.12/site-packages/airflow/example_dags/example_params_ui_tutorial.py
[2026-06-19T07:15:59.440+0000] {logging_mixin.py:188} INFO - [2026-06-19T07:15:59.440+0000] {dag.py:3096} INFO - Sync 1 DAGs
[2026-06-19T07:15:59.457+0000] {logging_mixin.py:188} INFO - [2026-06-19T07:15:59.457+0000] {dag.py:3954} INFO - Setting next_dagrun for example_params_ui_tutorial to None, run_after=None
[2026-06-19T07:15:59.476+0000] {processor.py:183} INFO - Processing /home/airflow/.local/lib/python3.12/site-packages/airflow/example_dags/example_params_ui_tutorial.py took 0.131 seconds
[2026-06-19T07:16:30.154+0000] {processor.py:161} INFO - Started process (PID=1483) to work on /home/airflow/.local/lib/python3.12/site-packages/airflow/example_dags/example_params_ui_tutorial.py
[2026-06-19T07:16:30.160+0000] {processor.py:830} INFO - Processing file /home/airflow/.local/lib/python3.12/site-packages/airflow/example_dags/example_params_ui_tutorial.py for tasks to queue
[2026-06-19T07:16:30.172+0000] {logging_mixin.py:188} INFO - [2026-06-19T07:16:30.170+0000] {dagbag.py:545} INFO - Filling up the DagBag from /home/airflow/.local/lib/python3.12/site-packages/airflow/example_dags/example_params_ui_tutorial.py
[2026-06-19T07:16:30.243+0000] {processor.py:840} INFO - DAG(s) 'example_params_ui_tutorial' retrieved from /home/airflow/.local/lib/python3.12/site-packages/airflow/example_dags/example_params_ui_tutorial.py
[2026-06-19T07:16:30.642+0000] {logging_mixin.py:188} INFO - [2026-06-19T07:16:30.642+0000] {dag.py:3096} INFO - Sync 1 DAGs
[2026-06-19T07:16:30.710+0000] {logging_mixin.py:188} INFO - [2026-06-19T07:16:30.710+0000] {dag.py:3954} INFO - Setting next_dagrun for example_params_ui_tutorial to None, run_after=None
[2026-06-19T07:16:30.809+0000] {processor.py:183} INFO - Processing /home/airflow/.local/lib/python3.12/site-packages/airflow/example_dags/example_params_ui_tutorial.py took 0.694 seconds
[2026-06-19T07:17:01.316+0000] {processor.py:161} INFO - Started process (PID=1542) to work on /home/airflow/.local/lib/python3.12/site-packages/airflow/example_dags/example_params_ui_tutorial.py
[2026-06-19T07:17:01.317+0000] {processor.py:830} INFO - Processing file /home/airflow/.local/lib/python3.12/site-packages/airflow/example_dags/example_params_ui_tutorial.py for tasks to queue
[2026-06-19T07:17:01.319+0000] {logging_mixin.py:188} INFO - [2026-06-19T07:17:01.319+0000] {dagbag.py:545} INFO - Filling up the DagBag from /home/airflow/.local/lib/python3.12/site-packages/airflow/example_dags/example_params_ui_tutorial.py
[2026-06-19T07:17:01.335+0000] {processor.py:840} INFO - DAG(s) 'example_params_ui_tutorial' retrieved from /home/airflow/.local/lib/python3.12/site-packages/airflow/example_dags/example_params_ui_tutorial.py
[2026-06-19T07:17:01.405+0000] {logging_mixin.py:188} INFO - [2026-06-19T07:17:01.405+0000] {dag.py:3096} INFO - Sync 1 DAGs
[2026-06-19T07:17:01.423+0000] {logging_mixin.py:188} INFO - [2026-06-19T07:17:01.423+0000] {dag.py:3954} INFO - Setting next_dagrun for example_params_ui_tutorial to None, run_after=None
[2026-06-19T07:17:01.462+0000] {processor.py:183} INFO - Processing /home/airflow/.local/lib/python3.12/site-packages/airflow/example_dags/example_params_ui_tutorial.py took 0.157 seconds
[2026-06-19T07:17:32.000+0000] {processor.py:161} INFO - Started process (PID=1600) to work on /home/airflow/.local/lib/python3.12/site-packages/airflow/example_dags/example_params_ui_tutorial.py
[2026-06-19T07:17:32.001+0000] {processor.py:830} INFO - Processing file /home/airflow/.local/lib/python3.12/site-packages/airflow/example_dags/example_params_ui_tutorial.py for tasks to queue
[2026-06-19T07:17:32.003+0000] {logging_mixin.py:188} INFO - [2026-06-19T07:17:32.003+0000] {dagbag.py:545} INFO - Filling up the DagBag from /home/airflow/.local/lib/python3.12/site-packages/airflow/example_dags/example_params_ui_tutorial.py
[2026-06-19T07:17:32.017+0000] {processor.py:840} INFO - DAG(s) 'example_params_ui_tutorial' retrieved from /home/airflow/.local/lib/python3.12/site-packages/airflow/example_dags/example_params_ui_tutorial.py
[2026-06-19T07:17:32.161+0000] {logging_mixin.py:188} INFO - [2026-06-19T07:17:32.161+0000] {dag.py:3096} INFO - Sync 1 DAGs
[2026-06-19T07:17:32.379+0000] {logging_mixin.py:188} INFO - [2026-06-19T07:17:32.379+0000] {dag.py:3954} INFO - Setting next_dagrun for example_params_ui_tutorial to None, run_after=None
[2026-06-19T07:17:32.396+0000] {processor.py:183} INFO - Processing /home/airflow/.local/lib/python3.12/site-packages/airflow/example_dags/example_params_ui_tutorial.py took 0.402 seconds
[2026-06-19T07:18:02.953+0000] {processor.py:161} INFO - Started process (PID=1657) to work on /home/airflow/.local/lib/python3.12/site-packages/airflow/example_dags/example_params_ui_tutorial.py
[2026-06-19T07:18:02.954+0000] {processor.py:830} INFO - Processing file /home/airflow/.local/lib/python3.12/site-packages/airflow/example_dags/example_params_ui_tutorial.py for tasks to queue
[2026-06-19T07:18:02.958+0000] {logging_mixin.py:188} INFO - [2026-06-19T07:18:02.957+0000] {dagbag.py:545} INFO - Filling up the DagBag from /home/airflow/.local/lib/python3.12/site-packages/airflow/example_dags/example_params_ui_tutorial.py
[2026-06-19T07:18:02.981+0000] {processor.py:840} INFO - DAG(s) 'example_params_ui_tutorial' retrieved from /home/airflow/.local/lib/python3.12/site-packages/airflow/example_dags/example_params_ui_tutorial.py
[2026-06-19T07:18:03.147+0000] {logging_mixin.py:188} INFO - [2026-06-19T07:18:03.147+0000] {dag.py:3096} INFO - Sync 1 DAGs
[2026-06-19T07:18:03.174+0000] {logging_mixin.py:188} INFO - [2026-06-19T07:18:03.173+0000] {dag.py:3954} INFO - Setting next_dagrun for example_params_ui_tutorial to None, run_after=None
[2026-06-19T07:18:03.529+0000] {processor.py:183} INFO - Processing /home/airflow/.local/lib/python3.12/site-packages/airflow/example_dags/example_params_ui_tutorial.py took 0.597 seconds
[2026-06-19T07:18:34.031+0000] {processor.py:161} INFO - Started process (PID=1716) to work on /home/airflow/.local/lib/python3.12/site-packages/airflow/example_dags/example_params_ui_tutorial.py
[2026-06-19T07:18:34.032+0000] {processor.py:830} INFO - Processing file /home/airflow/.local/lib/python3.12/site-packages/airflow/example_dags/example_params_ui_tutorial.py for tasks to queue
[2026-06-19T07:18:34.040+0000] {logging_mixin.py:188} INFO - [2026-06-19T07:18:34.039+0000] {dagbag.py:545} INFO - Filling up the DagBag from /home/airflow/.local/lib/python3.12/site-packages/airflow/example_dags/example_params_ui_tutorial.py
[2026-06-19T07:18:34.094+0000] {processor.py:840} INFO - DAG(s) 'example_params_ui_tutorial' retrieved from /home/airflow/.local/lib/python3.12/site-packages/airflow/example_dags/example_params_ui_tutorial.py
[2026-06-19T07:18:34.279+0000] {logging_mixin.py:188} INFO - [2026-06-19T07:18:34.278+0000] {dag.py:3096} INFO - Sync 1 DAGs
[2026-06-19T07:18:34.322+0000] {logging_mixin.py:188} INFO - [2026-06-19T07:18:34.322+0000] {dag.py:3954} INFO - Setting next_dagrun for example_params_ui_tutorial to None, run_after=None
[2026-06-19T07:18:34.424+0000] {processor.py:183} INFO - Processing /home/airflow/.local/lib/python3.12/site-packages/airflow/example_dags/example_params_ui_tutorial.py took 0.407 seconds
[2026-06-19T07:19:11.497+0000] {processor.py:161} INFO - Started process (PID=1773) to work on /home/airflow/.local/lib/python3.12/site-packages/airflow/example_dags/example_params_ui_tutorial.py
[2026-06-19T07:19:11.499+0000] {processor.py:830} INFO - Processing file /home/airflow/.local/lib/python3.12/site-packages/airflow/example_dags/example_params_ui_tutorial.py for tasks to queue
[2026-06-19T07:19:11.503+0000] {logging_mixin.py:188} INFO - [2026-06-19T07:19:11.503+0000] {dagbag.py:545} INFO - Filling up the DagBag from /home/airflow/.local/lib/python3.12/site-packages/airflow/example_dags/example_params_ui_tutorial.py
[2026-06-19T07:19:11.533+0000] {processor.py:840} INFO - DAG(s) 'example_params_ui_tutorial' retrieved from /home/airflow/.local/lib/python3.12/site-packages/airflow/example_dags/example_params_ui_tutorial.py
[2026-06-19T07:19:11.691+0000] {logging_mixin.py:188} INFO - [2026-06-19T07:19:11.691+0000] {dag.py:3096} INFO - Sync 1 DAGs
[2026-06-19T07:19:11.713+0000] {logging_mixin.py:188} INFO - [2026-06-19T07:19:11.713+0000] {dag.py:3954} INFO - Setting next_dagrun for example_params_ui_tutorial to None, run_after=None
[2026-06-19T07:19:11.749+0000] {processor.py:183} INFO - Processing /home/airflow/.local/lib/python3.12/site-packages/airflow/example_dags/example_params_ui_tutorial.py took 0.275 seconds
[2026-06-19T07:19:42.382+0000] {processor.py:161} INFO - Started process (PID=1831) to work on /home/airflow/.local/lib/python3.12/site-packages/airflow/example_dags/example_params_ui_tutorial.py
[2026-06-19T07:19:42.382+0000] {processor.py:830} INFO - Processing file /home/airflow/.local/lib/python3.12/site-packages/airflow/example_dags/example_params_ui_tutorial.py for tasks to queue
[2026-06-19T07:19:42.391+0000] {logging_mixin.py:188} INFO - [2026-06-19T07:19:42.390+0000] {dagbag.py:545} INFO - Filling up the DagBag from /home/airflow/.local/lib/python3.12/site-packages/airflow/example_dags/example_params_ui_tutorial.py
[2026-06-19T07:19:42.421+0000] {processor.py:840} INFO - DAG(s) 'example_params_ui_tutorial' retrieved from /home/airflow/.local/lib/python3.12/site-packages/airflow/example_dags/example_params_ui_tutorial.py
[2026-06-19T07:19:42.503+0000] {logging_mixin.py:188} INFO - [2026-06-19T07:19:42.502+0000] {dag.py:3096} INFO - Sync 1 DAGs
[2026-06-19T07:19:42.518+0000] {logging_mixin.py:188} INFO - [2026-06-19T07:19:42.518+0000] {dag.py:3954} INFO - Setting next_dagrun for example_params_ui_tutorial to None, run_after=None
[2026-06-19T07:19:42.538+0000] {processor.py:183} INFO - Processing /home/airflow/.local/lib/python3.12/site-packages/airflow/example_dags/example_params_ui_tutorial.py took 0.172 seconds
[2026-06-19T07:20:13.112+0000] {processor.py:161} INFO - Started process (PID=1888) to work on /home/airflow/.local/lib/python3.12/site-packages/airflow/example_dags/example_params_ui_tutorial.py
[2026-06-19T07:20:13.115+0000] {processor.py:830} INFO - Processing file /home/airflow/.local/lib/python3.12/site-packages/airflow/example_dags/example_params_ui_tutorial.py for tasks to queue
[2026-06-19T07:20:13.122+0000] {logging_mixin.py:188} INFO - [2026-06-19T07:20:13.119+0000] {dagbag.py:545} INFO - Filling up the DagBag from /home/airflow/.local/lib/python3.12/site-packages/airflow/example_dags/example_params_ui_tutorial.py
[2026-06-19T07:20:13.167+0000] {processor.py:840} INFO - DAG(s) 'example_params_ui_tutorial' retrieved from /home/airflow/.local/lib/python3.12/site-packages/airflow/example_dags/example_params_ui_tutorial.py
[2026-06-19T07:20:13.437+0000] {logging_mixin.py:188} INFO - [2026-06-19T07:20:13.436+0000] {dag.py:3096} INFO - Sync 1 DAGs
[2026-06-19T07:20:13.502+0000] {logging_mixin.py:188} INFO - [2026-06-19T07:20:13.501+0000] {dag.py:3954} INFO - Setting next_dagrun for example_params_ui_tutorial to None, run_after=None
[2026-06-19T07:20:13.571+0000] {processor.py:183} INFO - Processing /home/airflow/.local/lib/python3.12/site-packages/airflow/example_dags/example_params_ui_tutorial.py took 0.484 seconds
[2026-06-19T07:20:44.185+0000] {processor.py:161} INFO - Started process (PID=1947) to work on /home/airflow/.local/lib/python3.12/site-packages/airflow/example_dags/example_params_ui_tutorial.py
[2026-06-19T07:20:44.186+0000] {processor.py:830} INFO - Processing file /home/airflow/.local/lib/python3.12/site-packages/airflow/example_dags/example_params_ui_tutorial.py for tasks to queue
[2026-06-19T07:20:44.189+0000] {logging_mixin.py:188} INFO - [2026-06-19T07:20:44.188+0000] {dagbag.py:545} INFO - Filling up the DagBag from /home/airflow/.local/lib/python3.12/site-packages/airflow/example_dags/example_params_ui_tutorial.py
[2026-06-19T07:20:44.203+0000] {processor.py:840} INFO - DAG(s) 'example_params_ui_tutorial' retrieved from /home/airflow/.local/lib/python3.12/site-packages/airflow/example_dags/example_params_ui_tutorial.py
[2026-06-19T07:20:44.277+0000] {logging_mixin.py:188} INFO - [2026-06-19T07:20:44.277+0000] {dag.py:3096} INFO - Sync 1 DAGs
[2026-06-19T07:20:44.292+0000] {logging_mixin.py:188} INFO - [2026-06-19T07:20:44.292+0000] {dag.py:3954} INFO - Setting next_dagrun for example_params_ui_tutorial to None, run_after=None
[2026-06-19T07:20:44.338+0000] {processor.py:183} INFO - Processing /home/airflow/.local/lib/python3.12/site-packages/airflow/example_dags/example_params_ui_tutorial.py took 0.160 seconds
[2026-06-19T07:21:14.753+0000] {processor.py:161} INFO - Started process (PID=2005) to work on /home/airflow/.local/lib/python3.12/site-packages/airflow/example_dags/example_params_ui_tutorial.py
[2026-06-19T07:21:14.754+0000] {processor.py:830} INFO - Processing file /home/airflow/.local/lib/python3.12/site-packages/airflow/example_dags/example_params_ui_tutorial.py for tasks to queue
[2026-06-19T07:21:14.756+0000] {logging_mixin.py:188} INFO - [2026-06-19T07:21:14.756+0000] {dagbag.py:545} INFO - Filling up the DagBag from /home/airflow/.local/lib/python3.12/site-packages/airflow/example_dags/example_params_ui_tutorial.py
[2026-06-19T07:21:14.771+0000] {processor.py:840} INFO - DAG(s) 'example_params_ui_tutorial' retrieved from /home/airflow/.local/lib/python3.12/site-packages/airflow/example_dags/example_params_ui_tutorial.py
[2026-06-19T07:21:14.844+0000] {logging_mixin.py:188} INFO - [2026-06-19T07:21:14.844+0000] {dag.py:3096} INFO - Sync 1 DAGs
[2026-06-19T07:21:14.858+0000] {logging_mixin.py:188} INFO - [2026-06-19T07:21:14.858+0000] {dag.py:3954} INFO - Setting next_dagrun for example_params_ui_tutorial to None, run_after=None
[2026-06-19T07:21:14.877+0000] {processor.py:183} INFO - Processing /home/airflow/.local/lib/python3.12/site-packages/airflow/example_dags/example_params_ui_tutorial.py took 0.131 seconds
[2026-06-19T07:21:45.493+0000] {processor.py:161} INFO - Started process (PID=2063) to work on /home/airflow/.local/lib/python3.12/site-packages/airflow/example_dags/example_params_ui_tutorial.py
[2026-06-19T07:21:45.494+0000] {processor.py:830} INFO - Processing file /home/airflow/.local/lib/python3.12/site-packages/airflow/example_dags/example_params_ui_tutorial.py for tasks to queue
[2026-06-19T07:21:45.497+0000] {logging_mixin.py:188} INFO - [2026-06-19T07:21:45.496+0000] {dagbag.py:545} INFO - Filling up the DagBag from /home/airflow/.local/lib/python3.12/site-packages/airflow/example_dags/example_params_ui_tutorial.py
[2026-06-19T07:21:45.523+0000] {processor.py:840} INFO - DAG(s) 'example_params_ui_tutorial' retrieved from /home/airflow/.local/lib/python3.12/site-packages/airflow/example_dags/example_params_ui_tutorial.py
[2026-06-19T07:21:45.599+0000] {logging_mixin.py:188} INFO - [2026-06-19T07:21:45.599+0000] {dag.py:3096} INFO - Sync 1 DAGs
[2026-06-19T07:21:45.615+0000] {logging_mixin.py:188} INFO - [2026-06-19T07:21:45.615+0000] {dag.py:3954} INFO - Setting next_dagrun for example_params_ui_tutorial to None, run_after=None
[2026-06-19T07:21:45.635+0000] {processor.py:183} INFO - Processing /home/airflow/.local/lib/python3.12/site-packages/airflow/example_dags/example_params_ui_tutorial.py took 0.149 seconds
[2026-06-19T07:22:16.325+0000] {processor.py:161} INFO - Started process (PID=2121) to work on /home/airflow/.local/lib/python3.12/site-packages/airflow/example_dags/example_params_ui_tutorial.py
[2026-06-19T07:22:16.326+0000] {processor.py:830} INFO - Processing file /home/airflow/.local/lib/python3.12/site-packages/airflow/example_dags/example_params_ui_tutorial.py for tasks to queue
[2026-06-19T07:22:16.330+0000] {logging_mixin.py:188} INFO - [2026-06-19T07:22:16.329+0000] {dagbag.py:545} INFO - Filling up the DagBag from /home/airflow/.local/lib/python3.12/site-packages/airflow/example_dags/example_params_ui_tutorial.py
[2026-06-19T07:22:16.371+0000] {processor.py:840} INFO - DAG(s) 'example_params_ui_tutorial' retrieved from /home/airflow/.local/lib/python3.12/site-packages/airflow/example_dags/example_params_ui_tutorial.py
[2026-06-19T07:22:16.447+0000] {logging_mixin.py:188} INFO - [2026-06-19T07:22:16.446+0000] {dag.py:3096} INFO - Sync 1 DAGs
[2026-06-19T07:22:16.462+0000] {logging_mixin.py:188} INFO - [2026-06-19T07:22:16.462+0000] {dag.py:3954} INFO - Setting next_dagrun for example_params_ui_tutorial to None, run_after=None
[2026-06-19T07:22:16.481+0000] {processor.py:183} INFO - Processing /home/airflow/.local/lib/python3.12/site-packages/airflow/example_dags/example_params_ui_tutorial.py took 0.165 seconds
[2026-06-19T07:22:46.833+0000] {processor.py:161} INFO - Started process (PID=2179) to work on /home/airflow/.local/lib/python3.12/site-packages/airflow/example_dags/example_params_ui_tutorial.py
[2026-06-19T07:22:46.834+0000] {processor.py:830} INFO - Processing file /home/airflow/.local/lib/python3.12/site-packages/airflow/example_dags/example_params_ui_tutorial.py for tasks to queue
[2026-06-19T07:22:46.837+0000] {logging_mixin.py:188} INFO - [2026-06-19T07:22:46.836+0000] {dagbag.py:545} INFO - Filling up the DagBag from /home/airflow/.local/lib/python3.12/site-packages/airflow/example_dags/example_params_ui_tutorial.py
[2026-06-19T07:22:46.851+0000] {processor.py:840} INFO - DAG(s) 'example_params_ui_tutorial' retrieved from /home/airflow/.local/lib/python3.12/site-packages/airflow/example_dags/example_params_ui_tutorial.py
[2026-06-19T07:22:46.950+0000] {logging_mixin.py:188} INFO - [2026-06-19T07:22:46.949+0000] {dag.py:3096} INFO - Sync 1 DAGs
[2026-06-19T07:22:46.966+0000] {logging_mixin.py:188} INFO - [2026-06-19T07:22:46.966+0000] {dag.py:3954} INFO - Setting next_dagrun for example_params_ui_tutorial to None, run_after=None
[2026-06-19T07:22:46.986+0000] {processor.py:183} INFO - Processing /home/airflow/.local/lib/python3.12/site-packages/airflow/example_dags/example_params_ui_tutorial.py took 0.160 seconds
[2026-06-19T07:23:17.616+0000] {processor.py:161} INFO - Started process (PID=2237) to work on /home/airflow/.local/lib/python3.12/site-packages/airflow/example_dags/example_params_ui_tutorial.py
[2026-06-19T07:23:17.617+0000] {processor.py:830} INFO - Processing file /home/airflow/.local/lib/python3.12/site-packages/airflow/example_dags/example_params_ui_tutorial.py for tasks to queue
[2026-06-19T07:23:17.619+0000] {logging_mixin.py:188} INFO - [2026-06-19T07:23:17.619+0000] {dagbag.py:545} INFO - Filling up the DagBag from /home/airflow/.local/lib/python3.12/site-packages/airflow/example_dags/example_params_ui_tutorial.py
[2026-06-19T07:23:17.634+0000] {processor.py:840} INFO - DAG(s) 'example_params_ui_tutorial' retrieved from /home/airflow/.local/lib/python3.12/site-packages/airflow/example_dags/example_params_ui_tutorial.py
[2026-06-19T07:23:17.706+0000] {logging_mixin.py:188} INFO - [2026-06-19T07:23:17.706+0000] {dag.py:3096} INFO - Sync 1 DAGs
[2026-06-19T07:23:17.721+0000] {logging_mixin.py:188} INFO - [2026-06-19T07:23:17.721+0000] {dag.py:3954} INFO - Setting next_dagrun for example_params_ui_tutorial to None, run_after=None
[2026-06-19T07:23:17.741+0000] {processor.py:183} INFO - Processing /home/airflow/.local/lib/python3.12/site-packages/airflow/example_dags/example_params_ui_tutorial.py took 0.132 seconds
[2026-06-19T07:23:48.744+0000] {processor.py:161} INFO - Started process (PID=2295) to work on /home/airflow/.local/lib/python3.12/site-packages/airflow/example_dags/example_params_ui_tutorial.py
[2026-06-19T07:23:48.749+0000] {processor.py:830} INFO - Processing file /home/airflow/.local/lib/python3.12/site-packages/airflow/example_dags/example_params_ui_tutorial.py for tasks to queue
[2026-06-19T07:23:48.770+0000] {logging_mixin.py:188} INFO - [2026-06-19T07:23:48.757+0000] {dagbag.py:545} INFO - Filling up the DagBag from /home/airflow/.local/lib/python3.12/site-packages/airflow/example_dags/example_params_ui_tutorial.py
[2026-06-19T07:23:48.819+0000] {processor.py:840} INFO - DAG(s) 'example_params_ui_tutorial' retrieved from /home/airflow/.local/lib/python3.12/site-packages/airflow/example_dags/example_params_ui_tutorial.py
[2026-06-19T07:23:49.094+0000] {logging_mixin.py:188} INFO - [2026-06-19T07:23:49.090+0000] {dag.py:3096} INFO - Sync 1 DAGs
[2026-06-19T07:23:49.117+0000] {logging_mixin.py:188} INFO - [2026-06-19T07:23:49.117+0000] {dag.py:3954} INFO - Setting next_dagrun for example_params_ui_tutorial to None, run_after=None
[2026-06-19T07:23:49.162+0000] {processor.py:183} INFO - Processing /home/airflow/.local/lib/python3.12/site-packages/airflow/example_dags/example_params_ui_tutorial.py took 0.458 seconds
[2026-06-19T07:24:19.626+0000] {processor.py:161} INFO - Started process (PID=2353) to work on /home/airflow/.local/lib/python3.12/site-packages/airflow/example_dags/example_params_ui_tutorial.py
[2026-06-19T07:24:19.630+0000] {processor.py:830} INFO - Processing file /home/airflow/.local/lib/python3.12/site-packages/airflow/example_dags/example_params_ui_tutorial.py for tasks to queue
[2026-06-19T07:24:19.640+0000] {logging_mixin.py:188} INFO - [2026-06-19T07:24:19.639+0000] {dagbag.py:545} INFO - Filling up the DagBag from /home/airflow/.local/lib/python3.12/site-packages/airflow/example_dags/example_params_ui_tutorial.py
[2026-06-19T07:24:19.709+0000] {processor.py:840} INFO - DAG(s) 'example_params_ui_tutorial' retrieved from /home/airflow/.local/lib/python3.12/site-packages/airflow/example_dags/example_params_ui_tutorial.py
[2026-06-19T07:24:19.836+0000] {logging_mixin.py:188} INFO - [2026-06-19T07:24:19.836+0000] {dag.py:3096} INFO - Sync 1 DAGs
[2026-06-19T07:24:19.852+0000] {logging_mixin.py:188} INFO - [2026-06-19T07:24:19.852+0000] {dag.py:3954} INFO - Setting next_dagrun for example_params_ui_tutorial to None, run_after=None
[2026-06-19T07:24:19.887+0000] {processor.py:183} INFO - Processing /home/airflow/.local/lib/python3.12/site-packages/airflow/example_dags/example_params_ui_tutorial.py took 0.301 seconds
[2026-06-19T07:24:50.693+0000] {processor.py:161} INFO - Started process (PID=2412) to work on /home/airflow/.local/lib/python3.12/site-packages/airflow/example_dags/example_params_ui_tutorial.py
[2026-06-19T07:24:50.696+0000] {processor.py:830} INFO - Processing file /home/airflow/.local/lib/python3.12/site-packages/airflow/example_dags/example_params_ui_tutorial.py for tasks to queue
[2026-06-19T07:24:50.698+0000] {logging_mixin.py:188} INFO - [2026-06-19T07:24:50.698+0000] {dagbag.py:545} INFO - Filling up the DagBag from /home/airflow/.local/lib/python3.12/site-packages/airflow/example_dags/example_params_ui_tutorial.py
[2026-06-19T07:24:50.725+0000] {processor.py:840} INFO - DAG(s) 'example_params_ui_tutorial' retrieved from /home/airflow/.local/lib/python3.12/site-packages/airflow/example_dags/example_params_ui_tutorial.py
[2026-06-19T07:24:50.798+0000] {logging_mixin.py:188} INFO - [2026-06-19T07:24:50.797+0000] {dag.py:3096} INFO - Sync 1 DAGs
[2026-06-19T07:24:50.815+0000] {logging_mixin.py:188} INFO - [2026-06-19T07:24:50.814+0000] {dag.py:3954} INFO - Setting next_dagrun for example_params_ui_tutorial to None, run_after=None
[2026-06-19T07:24:50.835+0000] {processor.py:183} INFO - Processing /home/airflow/.local/lib/python3.12/site-packages/airflow/example_dags/example_params_ui_tutorial.py took 0.151 seconds
[2026-06-19T07:25:21.716+0000] {processor.py:161} INFO - Started process (PID=2470) to work on /home/airflow/.local/lib/python3.12/site-packages/airflow/example_dags/example_params_ui_tutorial.py
[2026-06-19T07:25:21.717+0000] {processor.py:830} INFO - Processing file /home/airflow/.local/lib/python3.12/site-packages/airflow/example_dags/example_params_ui_tutorial.py for tasks to queue
[2026-06-19T07:25:21.719+0000] {logging_mixin.py:188} INFO - [2026-06-19T07:25:21.719+0000] {dagbag.py:545} INFO - Filling up the DagBag from /home/airflow/.local/lib/python3.12/site-packages/airflow/example_dags/example_params_ui_tutorial.py
[2026-06-19T07:25:21.734+0000] {processor.py:840} INFO - DAG(s) 'example_params_ui_tutorial' retrieved from /home/airflow/.local/lib/python3.12/site-packages/airflow/example_dags/example_params_ui_tutorial.py
[2026-06-19T07:25:21.808+0000] {logging_mixin.py:188} INFO - [2026-06-19T07:25:21.808+0000] {dag.py:3096} INFO - Sync 1 DAGs
[2026-06-19T07:25:21.823+0000] {logging_mixin.py:188} INFO - [2026-06-19T07:25:21.823+0000] {dag.py:3954} INFO - Setting next_dagrun for example_params_ui_tutorial to None, run_after=None
[2026-06-19T07:25:21.843+0000] {processor.py:183} INFO - Processing /home/airflow/.local/lib/python3.12/site-packages/airflow/example_dags/example_params_ui_tutorial.py took 0.134 seconds
[2026-06-19T07:25:52.028+0000] {processor.py:161} INFO - Started process (PID=2528) to work on /home/airflow/.local/lib/python3.12/site-packages/airflow/example_dags/example_params_ui_tutorial.py
[2026-06-19T07:25:52.028+0000] {processor.py:830} INFO - Processing file /home/airflow/.local/lib/python3.12/site-packages/airflow/example_dags/example_params_ui_tutorial.py for tasks to queue
[2026-06-19T07:25:52.031+0000] {logging_mixin.py:188} INFO - [2026-06-19T07:25:52.030+0000] {dagbag.py:545} INFO - Filling up the DagBag from /home/airflow/.local/lib/python3.12/site-packages/airflow/example_dags/example_params_ui_tutorial.py
[2026-06-19T07:25:52.045+0000] {processor.py:840} INFO - DAG(s) 'example_params_ui_tutorial' retrieved from /home/airflow/.local/lib/python3.12/site-packages/airflow/example_dags/example_params_ui_tutorial.py
[2026-06-19T07:25:52.119+0000] {logging_mixin.py:188} INFO - [2026-06-19T07:25:52.119+0000] {dag.py:3096} INFO - Sync 1 DAGs
[2026-06-19T07:25:52.134+0000] {logging_mixin.py:188} INFO - [2026-06-19T07:25:52.134+0000] {dag.py:3954} INFO - Setting next_dagrun for example_params_ui_tutorial to None, run_after=None
[2026-06-19T07:25:52.153+0000] {processor.py:183} INFO - Processing /home/airflow/.local/lib/python3.12/site-packages/airflow/example_dags/example_params_ui_tutorial.py took 0.132 seconds
[2026-06-19T07:26:22.441+0000] {processor.py:161} INFO - Started process (PID=2586) to work on /home/airflow/.local/lib/python3.12/site-packages/airflow/example_dags/example_params_ui_tutorial.py
[2026-06-19T07:26:22.442+0000] {processor.py:830} INFO - Processing file /home/airflow/.local/lib/python3.12/site-packages/airflow/example_dags/example_params_ui_tutorial.py for tasks to queue
[2026-06-19T07:26:22.446+0000] {logging_mixin.py:188} INFO - [2026-06-19T07:26:22.445+0000] {dagbag.py:545} INFO - Filling up the DagBag from /home/airflow/.local/lib/python3.12/site-packages/airflow/example_dags/example_params_ui_tutorial.py
[2026-06-19T07:26:22.493+0000] {processor.py:840} INFO - DAG(s) 'example_params_ui_tutorial' retrieved from /home/airflow/.local/lib/python3.12/site-packages/airflow/example_dags/example_params_ui_tutorial.py
[2026-06-19T07:26:22.618+0000] {logging_mixin.py:188} INFO - [2026-06-19T07:26:22.618+0000] {dag.py:3096} INFO - Sync 1 DAGs
[2026-06-19T07:26:22.638+0000] {logging_mixin.py:188} INFO - [2026-06-19T07:26:22.638+0000] {dag.py:3954} INFO - Setting next_dagrun for example_params_ui_tutorial to None, run_after=None
[2026-06-19T07:26:22.730+0000] {processor.py:183} INFO - Processing /home/airflow/.local/lib/python3.12/site-packages/airflow/example_dags/example_params_ui_tutorial.py took 0.300 seconds
